file_path,configs,environments,policies,robot_devices,utilities,best_module,best_likelihood
lerobot\src\lerobot\cameras\opencv\__init__.py,0.0,0.0,0.0,6.328607082366943,0.0,robot_devices,6.328607082366943
lerobot\examples\lekiwi\replay.py,19.465953826904297,3.5612986087799072,1.7881443500518799,47.024105072021484,6.591983795166016,robot_devices,47.024105072021484
lerobot\src\lerobot\robots\openarm_follower\config_openarm_follower.py,16.606470108032227,4.2558817863464355,1.4647057056427002,55.40785217285156,3.801220655441284,robot_devices,55.40785217285156
lerobot\src\lerobot\robots\hope_jr\hope_jr_hand.py,68.86302947998047,4.762456893920898,6.792899131774902,68.76880645751953,12.263940811157227,configs,68.86302947998047
lerobot\src\lerobot\envs\robomme.py,3.8524975776672363,5.782740116119385,4.687378406524658,3.3278586864471436,9.386702537536621,utilities,9.386702537536621
lerobot\src\lerobot\async_inference\robot_client.py,29.428396224975586,84.07918548583984,20.44353485107422,117.12863159179688,18.1643123626709,robot_devices,117.12863159179688
lerobot\tests\policies\pi0_pi05\test_pi05.py,28.168378829956055,8.252217292785645,96.1381607055664,34.8829345703125,11.299468040466309,policies,96.1381607055664
lerobot\src\lerobot\utils\robot_utils.py,1.5974217653274536,2.244473457336426,1.2133539915084839,50.463314056396484,2.843553066253662,robot_devices,50.463314056396484
lerobot\src\lerobot\motors\dynamixel\__init__.py,0.0,0.0,0.0,6.7647624015808105,0.0,robot_devices,6.7647624015808105
lerobot\tests\policies\test_gaussian_actor_config.py,29.224956512451172,6.683562278747559,86.94929504394531,32.03150939941406,13.772926330566406,policies,86.94929504394531
lerobot\tests\policies\lingbot_va\test_modules.py,13.331231117248535,9.75468635559082,86.8505630493164,33.57915496826172,17.69868278503418,policies,86.8505630493164
lerobot\src\lerobot\policies\molmoact2\configuration_molmoact2.py,29.74942970275879,10.085139274597168,91.29581451416016,17.2822208404541,16.880382537841797,policies,91.29581451416016
lerobot\src\lerobot\utils\io_utils.py,2.59244441986084,0.0,4.197936058044434,3.514460802078247,7.611016750335693,utilities,7.611016750335693
lerobot\tests\policies\groot\test_groot_train_random_crop.py,15.685437202453613,4.590809345245361,67.68891143798828,36.02928924560547,12.181361198425293,policies,67.68891143798828
lerobot\tests\policies\vla_jepa\test_vla_jepa.py,34.067203521728516,11.80253791809082,86.41580963134766,69.9345703125,19.566364288330078,policies,86.41580963134766
lerobot\src\lerobot\motors\robstride\robstride.py,8.977155685424805,9.095102310180664,11.398260116577148,32.66628646850586,20.745023727416992,robot_devices,32.66628646850586
lerobot\examples\omx\record_grab.py,14.872820854187012,6.383330821990967,6.408876419067383,57.11311340332031,14.712846755981445,robot_devices,57.11311340332031
lerobot\src\lerobot\configs\policies.py,86.12486267089844,11.735660552978516,95.58574676513672,87.57445526123047,23.43683433532715,policies,95.58574676513672
lerobot\tests\processor\test_migration_detection.py,99.42981719970703,8.140180587768555,34.2050666809082,6.165505886077881,14.769488334655762,configs,99.42981719970703
lerobot\tests\policies\test_gaussian_actor_policy.py,32.94093704223633,10.302682876586914,71.47362518310547,8.872132301330566,18.120410919189453,policies,71.47362518310547
lerobot\tests\fixtures\files.py,8.780177116394043,8.516545295715332,4.3326873779296875,3.6336922645568848,15.87020206451416,utilities,15.87020206451416
lerobot\tests\policies\pi0_pi05\test_pi0.py,27.689950942993164,8.076918601989746,90.17638397216797,35.422874450683594,10.301556587219238,policies,90.17638397216797
lerobot\src\lerobot\async_inference\__init__.py,0.0,0.0,0.0,3.86053204536438,2.6868274211883545,robot_devices,3.86053204536438
lerobot\tests\conftest.py,11.96607780456543,7.358404636383057,18.109745025634766,38.53102493286133,15.420727729797363,robot_devices,38.53102493286133
lerobot\tests\policies\vla_jepa\conftest.py,24.017812728881836,3.864633798599243,82.78184509277344,35.816402435302734,9.404706001281738,policies,82.78184509277344
lerobot\src\lerobot\robots\so_follower\so_follower.py,71.14411926269531,9.300712585449219,8.96766185760498,71.31280517578125,21.10391616821289,robot_devices,71.31280517578125
lerobot\src\lerobot\robots\openarm_follower\__init__.py,0.0,0.7387007474899292,0.0,47.84299850463867,0.0,robot_devices,47.84299850463867
lerobot\tests\cameras\test_realsense.py,24.044462203979492,4.78911828994751,4.590003490447998,39.02065658569336,9.842974662780762,robot_devices,39.02065658569336
lerobot\tests\datasets\test_quantiles_dataset_integration.py,4.091014385223389,3.355648994445801,3.3601033687591553,11.235339164733887,15.055582046508789,utilities,15.055582046508789
lerobot\tests\policies\test_relative_actions.py,5.125809192657471,6.1746625900268555,73.6103286743164,3.971996307373047,13.760584831237793,policies,73.6103286743164
lerobot\src\lerobot\teleoperators\homunculus\joints_translation.py,0.9638670086860657,0.57512366771698,2.725116491317749,3.515533447265625,1.15024733543396,robot_devices,3.515533447265625
lerobot\src\lerobot\teleoperators\keyboard\teleop_keyboard.py,23.520030975341797,60.303924560546875,5.66322135925293,58.375370025634766,14.966474533081055,environments,60.303924560546875
lerobot\src\lerobot\policies\xvla\action_hub.py,6.203598976135254,0.6900137066841125,68.0305404663086,5.364732265472412,9.898017883300781,policies,68.0305404663086
lerobot\tests\utils\test_hub.py,25.32647132873535,6.617056369781494,8.502861976623535,5.8113112449646,15.593731880187988,configs,25.32647132873535
lerobot\tests\policies\pi0_pi05\test_pi0_original_vs_lerobot.py,26.358884811401367,5.482299327850342,91.27860260009766,40.581703186035156,10.251485824584961,policies,91.27860260009766
lerobot\src\lerobot\robots\koch_follower\config_koch_follower.py,15.69853687286377,3.9731898307800293,0.762403130531311,51.44280242919922,3.179331064224243,robot_devices,51.44280242919922
lerobot\src\lerobot\annotations\steerable_pipeline\config.py,18.844505310058594,6.459280490875244,9.265122413635254,16.432647705078125,11.98096752166748,configs,18.844505310058594
lerobot\src\lerobot\teleoperators\rebot_102_leader\rebot_102_leader.py,29.626510620117188,9.808259963989258,14.016793251037598,71.61377716064453,26.963930130004883,robot_devices,71.61377716064453
lerobot\src\lerobot\processor\hil_processor.py,20.660730361938477,2.4151978492736816,14.860575675964355,40.80382537841797,9.783267974853516,robot_devices,40.80382537841797
lerobot\src\lerobot\rl\queue.py,0.0,0.0,0.2988242506980896,5.69755744934082,0.2988242506980896,robot_devices,5.69755744934082
lerobot\src\lerobot\processor\newline_task_processor.py,2.0,1.9518845081329346,7.0,3.26926326751709,0.38440847396850586,policies,7.0
lerobot\src\lerobot\policies\molmoact2\__init__.py,0.8362218141555786,0.8362218141555786,78.60086059570312,4.366930961608887,3.5093281269073486,policies,78.60086059570312
lerobot\src\lerobot\annotations\steerable_pipeline\validator.py,7.41353702545166,3.891651153564453,5.89393424987793,9.838105201721191,13.877022743225098,utilities,13.877022743225098
lerobot\src\lerobot\teleoperators\homunculus\config_homunculus.py,13.930670738220215,0.0,0.8326539993286133,3.3512511253356934,1.6315621137619019,configs,13.930670738220215
lerobot\src\lerobot\cameras\zmq\camera_zmq.py,28.603038787841797,7.1876044273376465,11.181694984436035,9.77242374420166,16.46078872680664,configs,28.603038787841797
lerobot\tests\mocks\mock_dynamixel.py,2.175889015197754,4.0260467529296875,14.598068237304688,1.5963361263275146,6.255217552185059,policies,14.598068237304688
lerobot\src\lerobot\motors\damiao\__init__.py,0.0,0.0,0.0,6.7767157554626465,0.0,robot_devices,6.7767157554626465
lerobot\src\lerobot\policies\multi_task_dit\__init__.py,1.6086794137954712,1.7392404079437256,78.48388671875,4.354940891265869,4.277191638946533,policies,78.48388671875
lerobot\tests\cameras\test_opencv.py,34.10871124267578,8.288336753845215,8.556397438049316,9.51031494140625,14.074297904968262,configs,34.10871124267578
lerobot\src\lerobot\policies\evo1\evo1_model.py,22.944686889648438,4.44899320602417,79.01705932617188,39.006324768066406,14.836881637573242,policies,79.01705932617188
lerobot\tests\datasets\test_dataset_metadata.py,26.135847091674805,12.9194917678833,6.739363193511963,59.62038040161133,24.46908187866211,robot_devices,59.62038040161133
lerobot\tests\processor\test_policy_robot_bridge.py,24.37557601928711,9.027853965759277,28.122684478759766,50.83948516845703,2.620596170425415,robot_devices,50.83948516845703
lerobot\src\lerobot\__version__.py,0.0,0.0,0.0,3.8832361698150635,1.0,robot_devices,3.8832361698150635
lerobot\examples\lekiwi\evaluate.py,26.62727165222168,96.25358581542969,25.81891441345215,86.72357177734375,16.250930786132812,environments,96.25358581542969
lerobot\src\lerobot\annotations\steerable_pipeline\modules\general_vqa.py,27.704320907592773,9.176521301269531,8.187958717346191,13.74413013458252,25.745315551757812,configs,27.704320907592773
lerobot\tests\configs\test_plugin_loading.py,70.8955307006836,3.9031009674072266,10.637855529785156,1.115379810333252,8.613531112670898,configs,70.8955307006836
lerobot\tests\datasets\test_delta_timestamps.py,0.7190462946891785,3.8610332012176514,3.615363597869873,5.326677322387695,5.593664646148682,utilities,5.593664646148682
lerobot\tests\processor\test_gaussian_actor_processor.py,26.6969051361084,6.497088432312012,22.887601852416992,35.7277946472168,7.408740520477295,robot_devices,35.7277946472168
lerobot\src\lerobot\scripts\lerobot_find_port.py,1.681203842163086,2.0012435913085938,0.0,33.294776916503906,6.097109317779541,robot_devices,33.294776916503906
lerobot\tests\policies\rtc\test_modeling_rtc.py,21.282352447509766,3.166738271713257,58.21295928955078,22.894126892089844,8.73409366607666,policies,58.21295928955078
lerobot\src\lerobot\robots\hope_jr\config_hope_jr.py,16.434335708618164,5.027338027954102,1.958827018737793,51.9347038269043,5.583665370941162,robot_devices,51.9347038269043
lerobot\tests\datasets\test_streaming_video_encoder.py,19.879131317138672,2.8416876792907715,3.702104091644287,7.844745635986328,11.238869667053223,configs,19.879131317138672
lerobot\examples\rtc\eval_dataset.py,46.35547637939453,19.57343864440918,36.4239387512207,36.78654479980469,26.705652236938477,configs,46.35547637939453
lerobot\src\lerobot\rollout\inference\factory.py,24.141422271728516,7.1412034034729,19.60616111755371,82.89889526367188,5.017736434936523,robot_devices,82.89889526367188
lerobot\src\lerobot\policies\act\processor_act.py,25.009855270385742,3.398960590362549,100.87345123291016,38.22564697265625,6.111815452575684,policies,100.87345123291016
lerobot\src\lerobot\robots\robot.py,19.751846313476562,2.4377245903015137,2.268998622894287,65.93307495117188,4.475780963897705,robot_devices,65.93307495117188
lerobot\src\lerobot\rollout\strategies\core.py,29.704885482788086,8.690153121948242,22.43647003173828,61.101139068603516,26.828123092651367,robot_devices,61.101139068603516
lerobot\src\lerobot\policies\groot\modeling_groot.py,37.7435188293457,14.221601486206055,103.62092590332031,48.10307693481445,36.4699821472168,policies,103.62092590332031
lerobot\src\lerobot\robots\lekiwi\__init__.py,0.0,0.7387007474899292,0.0,47.84299850463867,0.0,robot_devices,47.84299850463867
lerobot\src\lerobot\scripts\lerobot_find_cameras.py,27.980609893798828,8.081053733825684,7.942005634307861,10.430540084838867,20.21637725830078,configs,27.980609893798828
lerobot\src\lerobot\rl\learner.py,32.382694244384766,12.211905479431152,33.43742370605469,64.95081329345703,28.92496681213379,robot_devices,64.95081329345703
lerobot\src\lerobot\processor\__init__.py,4.960668563842773,3.494786500930786,17.084348678588867,50.57301712036133,0.3651403784751892,robot_devices,50.57301712036133
lerobot\src\lerobot\policies\__init__.py,19.373348236083984,3.7460525035858154,92.18152618408203,47.929813385009766,3.6506142616271973,policies,92.18152618408203
lerobot\src\lerobot\processor\device_processor.py,19.891515731811523,1.0,9.516517639160156,38.15237808227539,4.711066722869873,robot_devices,38.15237808227539
lerobot\src\lerobot\robots\lekiwi\lekiwi_host.py,27.880996704101562,8.975299835205078,5.4505157470703125,59.832271575927734,13.492866516113281,robot_devices,59.832271575927734
lerobot\src\lerobot\rewards\robometer\modeling_robometer.py,23.734962463378906,4.3315863609313965,13.231741905212402,35.378509521484375,16.101661682128906,robot_devices,35.378509521484375
lerobot\examples\isaac_teleop_to_so101\isaac_teleop\teleop_xr_controller.py,21.049530029296875,4.9268999099731445,1.3365390300750732,39.3659553527832,8.312198638916016,robot_devices,39.3659553527832
lerobot\src\lerobot\datasets\dataset_writer.py,14.322481155395508,8.698326110839844,10.506209373474121,15.292108535766602,21.591888427734375,utilities,21.591888427734375
lerobot\src\lerobot\policies\groot\__init__.py,0.8362218141555786,0.8362218141555786,78.60086059570312,8.515583992004395,3.5093281269073486,policies,78.60086059570312
lerobot\src\lerobot\common\wandb_utils.py,34.39705276489258,12.41633129119873,28.64419174194336,8.245177268981934,21.54279899597168,configs,34.39705276489258
lerobot\src\lerobot\robots\reachy2\configuration_reachy2.py,11.688497543334961,6.1752753257751465,4.26076078414917,61.11402893066406,3.5446672439575195,robot_devices,61.11402893066406
lerobot\tests\annotations\test_modules.py,23.184099197387695,8.620224952697754,7.417891979217529,62.66038131713867,28.020769119262695,robot_devices,62.66038131713867
lerobot\src\lerobot\scripts\lerobot_eval.py,25.653953552246094,44.91274642944336,25.323747634887695,35.733367919921875,26.96471405029297,environments,44.91274642944336
lerobot\examples\isaac_teleop_to_so101\isaac_teleop\xr_controller_processor.py,3.555352210998535,1.8924800157546997,8.0,47.91377258300781,2.5827174186706543,robot_devices,47.91377258300781
lerobot\src\lerobot\teleoperators\utils.py,19.554000854492188,1.248345136642456,0.2798619270324707,87.0618667602539,1.16377854347229,robot_devices,87.0618667602539
lerobot\src\lerobot\optim\optimizers.py,22.471599578857422,5.655638217926025,2.231968641281128,4.728166103363037,9.195558547973633,configs,22.471599578857422
lerobot\tests\envs\test_envs.py,21.35821533203125,67.1602783203125,12.195987701416016,11.105932235717773,21.629125595092773,environments,67.1602783203125
lerobot\tests\utils\test_io_utils.py,2.7950878143310547,1.7580089569091797,10.391785621643066,1.6576838493347168,6.810340881347656,policies,10.391785621643066
lerobot\setup.py,1.2057609558105469,2.037522315979004,0.0,3.680773973464966,1.1795883178710938,robot_devices,3.680773973464966
lerobot\src\lerobot\async_inference\policy_server.py,31.487483978271484,68.95213317871094,95.42708587646484,67.56189727783203,20.956912994384766,policies,95.42708587646484
lerobot\tests\robots\test_unitree_g1.py,64.78536224365234,3.438494920730591,4.590830326080322,67.90798950195312,7.718902111053467,robot_devices,67.90798950195312
lerobot\tests\teleoperators\test_rebot_102_leader.py,17.72528648376465,1.1384801864624023,8.799345016479492,12.840011596679688,8.570216178894043,configs,17.72528648376465
lerobot\src\lerobot\policies\pi05\__init__.py,0.7404403686523438,0.7404403686523438,75.80406188964844,3.8667397499084473,3.2219078540802,policies,75.80406188964844
lerobot\examples\dataset\use_dataset_tools.py,4.5932297706604,2.7635958194732666,5.6987528800964355,8.469837188720703,8.38815689086914,robot_devices,8.469837188720703
lerobot\src\lerobot\configs\dataset.py,56.61296081542969,5.224516868591309,1.3757097721099854,12.299391746520996,10.555328369140625,configs,56.61296081542969
lerobot\src\lerobot\datasets\depth_utils.py,6.624209403991699,2.3821136951446533,4.5491132736206055,4.638675689697266,8.566431045532227,utilities,8.566431045532227
lerobot\examples\so100_to_so100_EE\teleoperate.py,21.373491287231445,4.308196544647217,3.2110469341278076,51.75625228881836,7.4658989906311035,robot_devices,51.75625228881836
lerobot\src\lerobot\policies\groot\action_head\cross_attention_dit.py,24.420377731323242,6.959017753601074,65.64208984375,7.481246471405029,18.325471878051758,policies,65.64208984375
lerobot\tests\policies\lingbot_va\test_configuration_lingbot_va.py,33.950870513916016,4.251406669616699,80.5043716430664,25.257585525512695,5.580340385437012,policies,80.5043716430664
lerobot\src\lerobot\policies\smolvla\processor_smolvla.py,25.123281478881836,3.473386764526367,99.22496032714844,35.170631408691406,5.576524257659912,policies,99.22496032714844
lerobot\src\lerobot\policies\pi05\configuration_pi05.py,30.475040435791016,6.628593921661377,92.77029418945312,32.97292709350586,9.397543907165527,policies,92.77029418945312
lerobot\src\lerobot\utils\bimanual.py,0.0,0.0,0.7258719205856323,3.694655179977417,0.3379158675670624,robot_devices,3.694655179977417
lerobot\src\lerobot\processor\relative_action_processor.py,20.03757095336914,5.926822662353516,12.448404312133789,38.077693939208984,6.2801079750061035,robot_devices,38.077693939208984
lerobot\src\lerobot\teleoperators\bi_so_leader\bi_so_leader.py,19.591083526611328,2.0010123252868652,2.6966607570648193,53.48379135131836,5.145214080810547,robot_devices,53.48379135131836
lerobot\src\lerobot\data_processing\sarm_annotations\subtask_annotation.py,21.089529037475586,8.72673511505127,18.696308135986328,45.86685562133789,29.861629486083984,robot_devices,45.86685562133789
lerobot\src\lerobot\robots\bi_openarm_follower\bi_openarm_follower.py,29.427658081054688,4.908478260040283,2.825775146484375,72.20066833496094,6.189562797546387,robot_devices,72.20066833496094
lerobot\src\lerobot\rewards\sarm\configuration_sarm.py,15.849781036376953,6.69862174987793,21.23765754699707,25.382083892822266,6.489330291748047,robot_devices,25.382083892822266
lerobot\tests\policies\multi_task_dit\test_multi_task_dit.py,28.622737884521484,6.923418045043945,81.7166519165039,39.0969123840332,13.880813598632812,policies,81.7166519165039
lerobot\src\lerobot\cameras\zmq\__init__.py,0.0,0.0,0.0,6.328607082366943,0.0,robot_devices,6.328607082366943
lerobot\examples\isaac_teleop_to_so101\record.py,8.98359203338623,73.06999206542969,6.881745338439941,101.11345672607422,22.76294708251953,robot_devices,101.11345672607422
lerobot\tests\datasets\test_language.py,11.748065948486328,5.8424577713012695,3.1118664741516113,16.499799728393555,16.0432071685791,robot_devices,16.499799728393555
lerobot\tests\test_robomme_env.py,17.992259979248047,3.6515586376190186,2.7027578353881836,0.5877165794372559,7.351924896240234,configs,17.992259979248047
lerobot\src\lerobot\policies\smolvla\modeling_smolvla.py,33.772979736328125,11.872269630432129,74.53025817871094,42.641998291015625,26.373674392700195,policies,74.53025817871094
lerobot\src\lerobot\datasets\image_writer.py,8.74565315246582,8.884669303894043,3.7427687644958496,7.653558731079102,22.898366928100586,utilities,22.898366928100586
lerobot\src\lerobot\rewards\sarm\rabc.py,7.106806755065918,3.777597665786743,9.982568740844727,37.651954650878906,14.802661895751953,robot_devices,37.651954650878906
lerobot\tests\policies\groot\test_groot_vs_original.py,25.117345809936523,5.291687488555908,95.82649230957031,48.91807174682617,19.616945266723633,policies,95.82649230957031
lerobot\examples\isaac_teleop_to_so101\common.py,34.86163330078125,19.85955238342285,10.685344696044922,118.97015380859375,43.82978439331055,robot_devices,118.97015380859375
lerobot\src\lerobot\utils\feature_utils.py,7.396236419677734,2.6415364742279053,18.174991607666016,3.8818604946136475,2.7364773750305176,policies,18.174991607666016
lerobot\src\lerobot\data_processing\__init__.py,0.0,0.0,0.0,3.876530885696411,0.0,robot_devices,3.876530885696411
lerobot\src\lerobot\datasets\__init__.py,1.4212722778320312,4.0313029289245605,1.1265345811843872,5.078861236572266,9.980012893676758,utilities,9.980012893676758
lerobot\src\lerobot\annotations\steerable_pipeline\reader.py,7.792240142822266,6.913092136383057,3.6284663677215576,12.206842422485352,12.704837799072266,utilities,12.704837799072266
lerobot\tests\processor\test_vqbet_processor.py,26.66525650024414,5.08727502822876,23.09695053100586,35.854984283447266,6.842777729034424,robot_devices,35.854984283447266
lerobot\src\lerobot\robots\koch_follower\koch_follower.py,72.37753295898438,9.869872093200684,8.774569511413574,71.75837707519531,21.498767852783203,configs,72.37753295898438
lerobot\src\lerobot\datasets\multi_dataset.py,4.732087135314941,2.7186803817749023,2.1738405227661133,16.646623611450195,18.137840270996094,utilities,18.137840270996094
lerobot\tests\processor\test_tdmpc_processor.py,26.66525650024414,5.453858852386475,24.15599822998047,35.85587692260742,6.842777729034424,robot_devices,35.85587692260742
lerobot\tests\rl\test_actor.py,5.476808071136475,5.717724323272705,17.571243286132812,35.739723205566406,11.384567260742188,robot_devices,35.739723205566406
lerobot\tests\processor\test_diffusion_processor.py,26.600563049316406,5.063187599182129,25.039785385131836,35.77892303466797,6.82820987701416,robot_devices,35.77892303466797
lerobot\src\lerobot\policies\fastwam\wan\modular.py,29.55318260192871,11.214425086975098,60.47115707397461,42.5920295715332,33.46868896484375,policies,60.47115707397461
lerobot\src\lerobot\utils\utils.py,12.090115547180176,5.267549991607666,7.188648223876953,7.769228458404541,21.329010009765625,utilities,21.329010009765625
lerobot\src\lerobot\teleoperators\so_leader\config_so_leader.py,14.039651870727539,0.0,0.0,3.703584671020508,1.5184972286224365,configs,14.039651870727539
lerobot\tests\policies\pi0_fast\test_pi0_fast_original_vs_lerobot.py,25.60570526123047,11.467402458190918,86.46772766113281,39.793636322021484,11.388619422912598,policies,86.46772766113281
lerobot\src\lerobot\robots\so_follower\robot_kinematic_processor.py,11.0095796585083,6.6503190994262695,11.501266479492188,54.99812698364258,11.004837036132812,robot_devices,54.99812698364258
lerobot\tests\annotations\test_frames.py,12.25314998626709,9.627157211303711,5.2445597648620605,59.221771240234375,22.566884994506836,robot_devices,59.221771240234375
lerobot\src\lerobot\policies\vla_jepa\action_head.py,23.966712951660156,4.932386875152588,70.05397033691406,38.7162971496582,19.089075088500977,policies,70.05397033691406
lerobot\src\lerobot\robots\unitree_g1\run_g1_server.py,25.755117416381836,8.902222633361816,6.9423723220825195,85.86630249023438,12.804415702819824,robot_devices,85.86630249023438
lerobot\examples\dataset\load_lerobot_dataset.py,4.174897193908691,8.059231758117676,1.8218647241592407,58.32674026489258,11.31843090057373,robot_devices,58.32674026489258
lerobot\src\lerobot\teleoperators\phone\phone_processor.py,6.3195013999938965,2.480131149291992,8.701839447021484,52.83536148071289,5.707416534423828,robot_devices,52.83536148071289
lerobot\src\lerobot\rollout\strategies\__init__.py,0.19472205638885498,0.19472205638885498,1.0,3.3938069343566895,2.088815450668335,robot_devices,3.3938069343566895
lerobot\src\lerobot\policies\tdmpc\modeling_tdmpc.py,25.199779510498047,7.701887607574463,67.35548400878906,79.37464904785156,17.240800857543945,robot_devices,79.37464904785156
lerobot\src\lerobot\robots\unitree_g1\holosoma_locomotion.py,15.197096824645996,5.915706634521484,31.98706817626953,55.22106170654297,19.888181686401367,robot_devices,55.22106170654297
lerobot\src\lerobot\scripts\lerobot_replay.py,19.465421676635742,4.629209995269775,3.969562530517578,63.212528228759766,9.730828285217285,robot_devices,63.212528228759766
lerobot\src\lerobot\policies\xvla\processor_xvla.py,31.36910057067871,5.832697868347168,83.44047546386719,83.77386474609375,11.560452461242676,robot_devices,83.77386474609375
lerobot\src\lerobot\teleoperators\config.py,14.484884262084961,0.0,0.34303292632102966,9.966394424438477,2.702880382537842,configs,14.484884262084961
lerobot\src\lerobot\data_processing\sarm_annotations\__init__.py,0.0,0.0,0.0,3.871183156967163,0.0,robot_devices,3.871183156967163
lerobot\src\lerobot\transport\services_pb2.py,2.2371582984924316,1.2371582984924316,9.1536865234375,29.82927131652832,7.714874267578125,robot_devices,29.82927131652832
lerobot\src\lerobot\teleoperators\phone\config_phone.py,14.031208038330078,0.0,0.0,4.429083824157715,1.870670199394226,configs,14.031208038330078
lerobot\src\lerobot\robots\rebot_b601_follower\__init__.py,0.0,0.7382499575614929,0.0,53.06791305541992,0.0,robot_devices,53.06791305541992
lerobot\src\lerobot\teleoperators\koch_leader\koch_leader.py,24.151691436767578,8.428242683410645,10.899919509887695,24.357580184936523,21.584840774536133,robot_devices,24.357580184936523
lerobot\tests\rl\test_trainer.py,15.78539752960205,4.535167694091797,1.0,35.49325942993164,8.982559204101562,robot_devices,35.49325942993164
lerobot\src\lerobot\cameras\zmq\image_server.py,25.4166202545166,8.12439250946045,6.579224109649658,38.61638259887695,12.326932907104492,robot_devices,38.61638259887695
lerobot\src\lerobot\robots\rebot_b601_follower\config_rebot_b601_follower.py,16.099578857421875,5.110548496246338,5.7779741287231445,63.64767074584961,8.374205589294434,robot_devices,63.64767074584961
lerobot\src\lerobot\teleoperators\openarm_leader\openarm_leader.py,40.89298629760742,9.555084228515625,11.508312225341797,73.40467834472656,22.24463653564453,robot_devices,73.40467834472656
lerobot\src\lerobot\policies\pi0\processor_pi0.py,25.420305252075195,5.0069122314453125,98.77098083496094,35.768585205078125,6.095827579498291,policies,98.77098083496094
lerobot\src\lerobot\datasets\compute_stats.py,11.059038162231445,8.031464576721191,11.503661155700684,2.6598122119903564,10.746625900268555,policies,11.503661155700684
lerobot\src\lerobot\datasets\feature_utils.py,12.45102310180664,9.675556182861328,11.12472915649414,53.10255813598633,27.56468963623047,robot_devices,53.10255813598633
lerobot\src\lerobot\robots\earthrover_mini_plus\robot_earthrover_mini_plus.py,20.571887969970703,7.082443714141846,7.230952739715576,67.39631652832031,8.561142921447754,robot_devices,67.39631652832031
lerobot\examples\phone_to_so100\teleoperate.py,22.38239288330078,6.234744071960449,3.8031349182128906,88.06239318847656,9.457887649536133,robot_devices,88.06239318847656
lerobot\src\lerobot\teleoperators\gamepad\teleop_gamepad.py,19.43524742126465,1.1698530912399292,1.2655463218688965,52.07604217529297,1.9481621980667114,robot_devices,52.07604217529297
lerobot\src\lerobot\policies\wall_x\constant.py,0.9571378827095032,1.6575067043304443,80.30702209472656,4.34033203125,6.969770431518555,policies,80.30702209472656
lerobot\src\lerobot\utils\errors.py,0.0,0.0,0.0,34.31550598144531,0.0,robot_devices,34.31550598144531
lerobot\src\lerobot\policies\molmoact2\molmoact2_hf_model\__init__.py,0.0,0.0,83.4468002319336,3.8738551139831543,2.1725926399230957,policies,83.4468002319336
lerobot\src\lerobot\rewards\classifier\__init__.py,0.2947566509246826,0.2947566509246826,0.0,3.4248716831207275,0.2947566509246826,robot_devices,3.4248716831207275
lerobot\src\lerobot\policies\vqbet\configuration_vqbet.py,17.471595764160156,9.379240989685059,77.78842163085938,10.21190357208252,19.11018943786621,policies,77.78842163085938
lerobot\src\lerobot\annotations\steerable_pipeline\frames.py,17.488664627075195,11.501639366149902,8.454161643981934,17.388090133666992,29.00179100036621,utilities,29.00179100036621
lerobot\src\lerobot\policies\groot\configuration_groot.py,90.31285095214844,11.912217140197754,89.00125885009766,9.82507038116455,18.453943252563477,configs,90.31285095214844
lerobot\src\lerobot\rewards\topreward\processor_topreward.py,31.948640823364258,7.301360607147217,24.52489471435547,28.532913208007812,12.319193840026855,configs,31.948640823364258
lerobot\src\lerobot\configs\types.py,58.56350326538086,2.0524721145629883,10.0,3.7396342754364014,4.145969390869141,configs,58.56350326538086
lerobot\src\lerobot\utils\visualization_utils.py,0.0,0.0,6.507946014404297,46.37849426269531,5.369776248931885,robot_devices,46.37849426269531
lerobot\tests\datasets\test_visualize_dataset.py,0.2853536903858185,3.329859972000122,0.29441097378730774,10.395928382873535,4.589390754699707,robot_devices,10.395928382873535
lerobot\src\lerobot\utils\collate.py,2.8257875442504883,0.0,0.36354365944862366,4.396087169647217,3.189331293106079,robot_devices,4.396087169647217
lerobot\tests\rewards\test_topreward.py,5.319077491760254,3.7653708457946777,11.44901180267334,30.9205265045166,8.185665130615234,robot_devices,30.9205265045166
lerobot\src\lerobot\datasets\language.py,11.232412338256836,3.590444803237915,2.8161728382110596,9.787065505981445,12.448288917541504,utilities,12.448288917541504
lerobot\src\lerobot\utils\pedal.py,1.9307477474212646,0.49024420976638794,3.0995681285858154,36.872352600097656,5.315463542938232,robot_devices,36.872352600097656
lerobot\src\lerobot\teleoperators\openarm_mini\config_openarm_mini.py,14.438740730285645,0.3482135534286499,0.0,3.717005491256714,1.8212417364120483,configs,14.438740730285645
lerobot\src\lerobot\robots\reachy2\robot_reachy2.py,70.67243957519531,3.3414499759674072,3.099260091781616,64.83258056640625,12.278145790100098,configs,70.67243957519531
lerobot\tests\test_rollout.py,31.224458694458008,7.176967144012451,19.26908302307129,87.09858703613281,23.27409553527832,robot_devices,87.09858703613281
lerobot\src\lerobot\rl\__init__.py,18.184585571289062,1.365925669670105,0.0,3.389707565307617,1.8464587926864624,configs,18.184585571289062
lerobot\src\lerobot\processor\policy_robot_bridge.py,21.46811294555664,3.0385258197784424,17.2365779876709,50.251678466796875,1.78902268409729,robot_devices,50.251678466796875
lerobot\src\lerobot\datasets\dataset_tools.py,25.06976890563965,12.12741756439209,9.841700553894043,69.43778991699219,32.446231842041016,robot_devices,69.43778991699219
lerobot\src\lerobot\configs\eval.py,66.48182678222656,8.745068550109863,19.9783878326416,7.887051582336426,12.296605110168457,configs,66.48182678222656
lerobot\tests\datasets\test_compute_stats.py,10.11196231842041,7.279554843902588,4.67730188369751,5.392893314361572,13.644878387451172,utilities,13.644878387451172
lerobot\src\lerobot\rollout\strategies\episodic.py,24.860885620117188,68.86736297607422,22.34223175048828,56.59812927246094,26.468488693237305,environments,68.86736297607422
lerobot\src\lerobot\policies\pretrained.py,46.111995697021484,24.568124771118164,97.96224212646484,144.03257751464844,39.36964797973633,robot_devices,144.03257751464844
lerobot\src\lerobot\cameras\camera.py,18.55906867980957,0.5252119898796082,7.369263648986816,7.817834377288818,1.8363703489303589,configs,18.55906867980957
lerobot\src\lerobot\robots\lekiwi\config_lekiwi.py,20.18675422668457,4.275918006896973,2.7863097190856934,51.11382293701172,4.473071575164795,robot_devices,51.11382293701172
lerobot\src\lerobot\datasets\factory.py,22.416648864746094,12.567673683166504,2.4743597507476807,11.906518936157227,20.68650245666504,configs,22.416648864746094
lerobot\src\lerobot\cameras\__init__.py,54.60295104980469,0.3324798345565796,0.0,7.623095989227295,1.8830647468566895,configs,54.60295104980469
lerobot\tests\policies\pi0_pi05\openpi_pytorch\gemma.py,18.32229995727539,1.3697175979614258,75.53130340576172,0.8007928133010864,4.462896823883057,policies,75.53130340576172
lerobot\src\lerobot\motors\damiao\damiao.py,6.718338489532471,4.92169713973999,4.551769256591797,32.18423080444336,17.33953857421875,robot_devices,32.18423080444336
lerobot\tests\motors\test_damiao.py,10.05596923828125,3.449747085571289,10.595783233642578,22.048355102539062,8.98214340209961,robot_devices,22.048355102539062
lerobot\src\lerobot\configs\recipe.py,58.32833480834961,5.687798976898193,2.470433473587036,7.799662113189697,9.976247787475586,configs,58.32833480834961
lerobot\tests\annotations\test_writer.py,13.798928260803223,4.855266571044922,2.6186347007751465,14.167901039123535,20.2769775390625,utilities,20.2769775390625
lerobot\tests\rl\test_learner_service.py,2.023714542388916,2.6771023273468018,0.44858628511428833,36.486183166503906,7.376906394958496,robot_devices,36.486183166503906
lerobot\src\lerobot\policies\molmoact2\molmoact2_hf_model\configuration_molmoact2.py,74.09001922607422,7.108097076416016,71.23207092285156,10.238948822021484,19.9953670501709,configs,74.09001922607422
lerobot\tests\policies\groot\test_groot_n1_7.py,84.37342834472656,14.739307403564453,96.4473876953125,37.41547775268555,39.02172088623047,policies,96.4473876953125
lerobot\examples\tutorial\pi0\using_pi0_example.py,21.029497146606445,4.970365524291992,11.359885215759277,88.95683288574219,6.876603603363037,robot_devices,88.95683288574219
lerobot\src\lerobot\rollout\strategies\dagger.py,33.81183624267578,14.025141716003418,20.969533920288086,88.71031188964844,34.795658111572266,robot_devices,88.71031188964844
lerobot\examples\tutorial\act\act_using_example.py,21.51702117919922,4.098122596740723,9.709172248840332,88.1788330078125,11.36655044555664,robot_devices,88.1788330078125
lerobot\tests\__init__.py,0.0,0.6017189621925354,0.0,0.0,0.0,environments,0.6017189621925354
lerobot\src\lerobot\utils\process.py,0.0,2.9279026985168457,2.79254150390625,3.634239673614502,4.766381740570068,utilities,4.766381740570068
lerobot\src\lerobot\jobs\dataset.py,3.952061176300049,2.6431703567504883,2.5085930824279785,6.348371982574463,14.194129943847656,utilities,14.194129943847656
lerobot\src\lerobot\robots\utils.py,21.676620483398438,3.324958562850952,2.4777817726135254,90.30496215820312,4.691019535064697,robot_devices,90.30496215820312
lerobot\src\lerobot\policies\tdmpc\processor_tdmpc.py,23.60495948791504,3.275245189666748,98.20709228515625,35.39231872558594,5.019915580749512,policies,98.20709228515625
lerobot\src\lerobot\annotations\steerable_pipeline\staging.py,0.0,0.0,3.637380838394165,11.09633731842041,5.918081283569336,robot_devices,11.09633731842041
lerobot\src\lerobot\policies\molmoact2\molmoact2_hf_model\processing_molmoact2.py,8.373819351196289,5.137205123901367,67.54159545898438,4.825526237487793,19.481998443603516,policies,67.54159545898438
lerobot\src\lerobot\policies\vla_jepa\__init__.py,0.7395389080047607,0.7395389080047607,73.67539978027344,3.862032175064087,3.219202756881714,policies,73.67539978027344
lerobot\src\lerobot\policies\lingbot_va\processor_lingbot_va.py,24.028881072998047,3.393132209777832,99.12744903564453,37.12517547607422,5.317944526672363,policies,99.12744903564453
lerobot\tests\rewards\test_reward_model_base.py,38.565330505371094,16.941444396972656,28.785032272338867,84.36844635009766,24.1085147857666,robot_devices,84.36844635009766
lerobot\src\lerobot\robots\rebot_b601_follower\rebot_b601_follower.py,74.41070556640625,8.317268371582031,14.53443717956543,83.0378646850586,26.510271072387695,robot_devices,83.0378646850586
lerobot\src\lerobot\teleoperators\reachy2_teleoperator\config_reachy2_teleoperator.py,13.782537460327148,0.9269813299179077,0.37578484416007996,54.94214630126953,1.0738189220428467,robot_devices,54.94214630126953
lerobot\src\lerobot\policies\lingbot_va\modeling_lingbot_va.py,37.586585998535156,12.639370918273926,75.33091735839844,78.1689224243164,26.332271575927734,robot_devices,78.1689224243164
lerobot\src\lerobot\utils\transition.py,3.4366061687469482,0.0,2.2172842025756836,38.596900939941406,1.6231149435043335,robot_devices,38.596900939941406
lerobot\tests\async_inference\test_helpers.py,9.3526611328125,6.020321846008301,20.126920700073242,76.26402282714844,13.081602096557617,robot_devices,76.26402282714844
lerobot\src\lerobot\scripts\lerobot_annotate.py,22.883543014526367,5.734816551208496,6.242393493652344,18.780290603637695,22.124969482421875,configs,22.883543014526367
lerobot\tests\policies\pi0_pi05\test_pi05_compile.py,19.53654670715332,4.681114196777344,79.10619354248047,37.13584899902344,16.381196975708008,policies,79.10619354248047
lerobot\src\lerobot\rewards\robometer\compute_rabc_weights.py,36.00774383544922,8.187714576721191,17.35387420654297,41.94768142700195,29.549833297729492,robot_devices,41.94768142700195
lerobot\src\lerobot\rollout\ring_buffer.py,0.516782283782959,0.516782283782959,0.0,3.151766300201416,0.8873751163482666,robot_devices,3.151766300201416
lerobot\src\lerobot\policies\evo1\internvl3_embedder.py,30.633319854736328,8.551342964172363,75.33370208740234,49.1771354675293,31.60242462158203,policies,75.33370208740234
lerobot\src\lerobot\processor\migrate_policy_normalization.py,53.90624237060547,17.177331924438477,50.73283767700195,48.642539978027344,33.016326904296875,configs,53.90624237060547
lerobot\src\lerobot\policies\molmoact2\molmoact2_hf_model\video_processing_molmoact2.py,10.308929443359375,42.53274917602539,66.36348724365234,6.623294830322266,29.631078720092773,policies,66.36348724365234
lerobot\tests\policies\pi0_pi05\openpi_pytorch\__init__.py,0.0,0.5998796820640564,76.78340911865234,0.0,2.0385894775390625,policies,76.78340911865234
lerobot\tests\utils\test_logging_utils.py,3.0161783695220947,2.0463523864746094,1.3720459938049316,29.94021224975586,9.217483520507812,robot_devices,29.94021224975586
lerobot\src\lerobot\robots\so_follower\__init__.py,0.0,0.7351099252700806,0.0,47.79515075683594,0.39663392305374146,robot_devices,47.79515075683594
lerobot\src\lerobot\envs\metaworld.py,38.3817024230957,90.5212631225586,101.78862762451172,45.39670944213867,24.495634078979492,policies,101.78862762451172
lerobot\examples\phone_to_so100\evaluate.py,27.862760543823242,93.67105102539062,26.608606338500977,93.66789245605469,17.614843368530273,environments,93.67105102539062
lerobot\tests\datasets\test_dataset_writer.py,6.114355564117432,3.8242626190185547,3.5454397201538086,11.915421485900879,12.530218124389648,utilities,12.530218124389648
lerobot\src\lerobot\policies\groot\groot_n1_7.py,34.77392578125,11.301702499389648,78.25186157226562,44.3133544921875,37.06842803955078,policies,78.25186157226562
lerobot\examples\phone_to_so100\rollout.py,25.523038864135742,7.654376029968262,25.468219757080078,54.47891616821289,6.055343151092529,robot_devices,54.47891616821289
lerobot\tests\transport\test_transport_utils.py,2.191617488861084,1.2109766006469727,2.999072551727295,29.81553840637207,9.050564765930176,robot_devices,29.81553840637207
lerobot\src\lerobot\teleoperators\unitree_g1\exo_calib.py,8.671313285827637,8.214142799377441,6.9987335205078125,14.538432121276855,16.78847312927246,utilities,16.78847312927246
lerobot\src\lerobot\datasets\language_render.py,9.056343078613281,2.4583566188812256,2.828887939453125,4.389359474182129,9.169703483581543,utilities,9.169703483581543
lerobot\src\lerobot\policies\evo1\processor_evo1.py,28.090648651123047,5.332098960876465,84.48731231689453,36.28895568847656,7.240194797515869,policies,84.48731231689453
lerobot\tests\datasets\test_video_encoding.py,30.866239547729492,12.54443645477295,11.390766143798828,13.315937995910645,20.356277465820312,configs,30.866239547729492
lerobot\src\lerobot\policies\wall_x\processor_wall_x.py,23.37738037109375,4.770552635192871,93.37406921386719,78.17012786865234,4.899483680725098,policies,93.37406921386719
lerobot\src\lerobot\processor\tokenizer_processor.py,26.920637130737305,6.482825756072998,17.59670639038086,78.09922790527344,14.370078086853027,robot_devices,78.09922790527344
lerobot\tests\policies\pi0_pi05\test_pi05_rtc.py,27.912582397460938,5.768266677856445,86.68046569824219,35.693302154541016,8.067832946777344,policies,86.68046569824219
lerobot\src\lerobot\motors\damiao\tables.py,2.872288227081299,1.4978669881820679,10.546587944030762,10.02502155303955,5.455667495727539,policies,10.546587944030762
lerobot\src\lerobot\scripts\lerobot_setup_can.py,7.5991530418396,11.389039993286133,7.855071544647217,28.68425941467285,11.225043296813965,robot_devices,28.68425941467285
lerobot\examples\isaac_teleop_to_so101\override_reset_pose.py,8.97769832611084,3.7633206844329834,1.8772516250610352,52.08417510986328,8.837902069091797,robot_devices,52.08417510986328
lerobot\src\lerobot\common\train_utils.py,22.588268280029297,6.255009651184082,21.073301315307617,3.743027925491333,14.713357925415039,configs,22.588268280029297
lerobot\tests\envs\test_robotwin.py,25.273359298706055,12.460556983947754,3.783977508544922,53.049888610839844,16.10154151916504,robot_devices,53.049888610839844
lerobot\tests\datasets\test_sampler.py,2.1074345111846924,4.46750545501709,7.207610607147217,3.3504366874694824,11.889115333557129,utilities,11.889115333557129
lerobot\src\lerobot\optim\schedulers.py,6.178199291229248,5.793344497680664,8.691773414611816,3.5884616374969482,13.766799926757812,utilities,13.766799926757812
lerobot\tests\datasets\test_aggregate.py,16.778671264648438,12.118369102478027,7.568346977233887,65.41461944580078,30.142148971557617,robot_devices,65.41461944580078
lerobot\src\lerobot\teleoperators\teleoperator.py,19.74308204650879,0.885111927986145,2.546368360519409,53.84500503540039,4.753150939941406,robot_devices,53.84500503540039
lerobot\src\lerobot\policies\vla_jepa\qwen_interface.py,20.837966918945312,0.20370574295520782,81.00617218017578,39.46010208129883,6.10394287109375,policies,81.00617218017578
lerobot\src\lerobot\rl\algorithms\base.py,33.22953414916992,12.36962604522705,27.680810928344727,43.612003326416016,20.96303939819336,robot_devices,43.612003326416016
lerobot\src\lerobot\teleoperators\unitree_g1\unitree_g1.py,20.581663131713867,3.792285919189453,5.854673862457275,20.849323272705078,18.166244506835938,robot_devices,20.849323272705078
lerobot\tests\datasets\test_streaming.py,11.735262870788574,7.400196075439453,5.8994526863098145,14.957398414611816,19.689998626708984,utilities,19.689998626708984
lerobot\src\lerobot\policies\fastwam\wan\adapters.py,21.75537872314453,5.996887683868408,77.3431396484375,41.59008026123047,13.240694046020508,policies,77.3431396484375
lerobot\src\lerobot\cameras\reachy2_camera\__init__.py,0.0,0.0,0.0,7.5341572761535645,0.0,robot_devices,7.5341572761535645
lerobot\src\lerobot\teleoperators\openarm_mini\openarm_mini.py,38.813209533691406,7.082551956176758,11.32925033569336,61.64211654663086,13.962065696716309,robot_devices,61.64211654663086
lerobot\src\lerobot\transport\services_pb2_grpc.py,5.467355728149414,4.205052852630615,17.047269821166992,34.391841888427734,21.129236221313477,robot_devices,34.391841888427734
lerobot\examples\so100_to_so100_EE\record.py,19.96624755859375,74.2898178100586,2.1233577728271484,59.867919921875,12.56295108795166,environments,74.2898178100586
lerobot\tests\policies\pi0_pi05\utils\__init__.py,0.0,0.6002466678619385,76.80774688720703,0.0,2.039224863052368,policies,76.80774688720703
lerobot\src\lerobot\policies\rtc\debug_visualizer.py,1.5504554510116577,1.074442982673645,70.03890991210938,3.12369966506958,3.94162654876709,policies,70.03890991210938
lerobot\src\lerobot\rl\algorithms\sac\__init__.py,0.0,0.0,0.0,3.4290566444396973,0.0,robot_devices,3.4290566444396973
lerobot\scripts\ci\parse_eval_metrics.py,20.111921310424805,83.47846984863281,19.871458053588867,3.62949275970459,17.108673095703125,environments,83.47846984863281
lerobot\src\lerobot\utils\action_interpolator.py,0.0,0.0,1.290295124053955,9.079557418823242,2.722658634185791,robot_devices,9.079557418823242
lerobot\src\lerobot\processor\rename_processor.py,16.9066162109375,4.187973499298096,8.081840515136719,3.901270866394043,3.8415467739105225,configs,16.9066162109375
lerobot\src\lerobot\policies\vla_jepa\processor_vla_jepa.py,26.821298599243164,3.2285356521606445,90.89732360839844,33.82167053222656,5.951952934265137,policies,90.89732360839844
lerobot\src\lerobot\policies\molmoact2\molmoact2_hf_model\image_processing_molmoact2.py,6.846693515777588,1.55105721950531,63.82181930541992,2.7702341079711914,12.655059814453125,policies,63.82181930541992
lerobot\src\lerobot\__init__.py,8.520185470581055,10.377519607543945,0.6531414985656738,9.910378456115723,7.352707386016846,environments,10.377519607543945
lerobot\tests\utils\test_replay_buffer.py,4.18670654296875,1.510688066482544,3.562842845916748,39.76801300048828,11.278266906738281,robot_devices,39.76801300048828
lerobot\src\lerobot\rewards\classifier\processor_classifier.py,23.01134490966797,2.814944267272949,23.49057960510254,35.19301223754883,2.179121494293213,robot_devices,35.19301223754883
lerobot\src\lerobot\policies\lingbot_va\configuration_lingbot_va.py,20.08846664428711,8.325606346130371,87.90796661376953,32.099815368652344,12.388640403747559,policies,87.90796661376953
lerobot\src\lerobot\rewards\sarm\compute_rabc_weights.py,41.888916015625,10.074294090270996,17.30385971069336,42.22764205932617,34.943824768066406,robot_devices,42.22764205932617
lerobot\src\lerobot\processor\render_messages_processor.py,3.7799293994903564,2.812932252883911,7.2823991775512695,3.1803414821624756,2.121877670288086,policies,7.2823991775512695
lerobot\examples\tutorial\async-inf\policy_server.py,24.151409149169922,4.719511032104492,16.413162231445312,0.7514749765396118,4.566239833831787,configs,24.151409149169922
lerobot\tests\artifacts\datasets\save_dataset_to_safetensors.py,4.259695053100586,3.375466823577881,1.1860467195510864,5.6761155128479,9.600203514099121,utilities,9.600203514099121
lerobot\tests\jobs\test_hf.py,33.61880874633789,11.54467487335205,25.7369441986084,26.760957717895508,24.165847778320312,configs,33.61880874633789
lerobot\src\lerobot\policies\eo1\configuration_eo1.py,39.38096237182617,7.2064528465271,91.80122375488281,4.382939338684082,11.445659637451172,policies,91.80122375488281
lerobot\src\lerobot\configs\parser.py,91.02442932128906,4.73935079574585,9.951661109924316,10.779461860656738,26.39220428466797,configs,91.02442932128906
lerobot\src\lerobot\policies\eo1\__init__.py,1.6121208667755127,0.8362218141555786,78.60086059570312,4.366930961608887,4.285227298736572,policies,78.60086059570312
lerobot\examples\port_datasets\slurm_port_shards.py,11.011887550354004,7.904714107513428,3.3441109657287598,3.3483963012695312,22.3185977935791,utilities,22.3185977935791
lerobot\examples\tutorial\diffusion\diffusion_training_example.py,12.292994499206543,10.01588249206543,23.694093704223633,83.70475769042969,15.94991397857666,robot_devices,83.70475769042969
lerobot\src\lerobot\teleoperators\bi_openarm_leader\config_bi_openarm_leader.py,16.818660736083984,0.0,0.34267911314964294,3.389707565307617,0.4805331230163574,configs,16.818660736083984
lerobot\tests\policies\pi0_pi05\utils\torch_compile.py,16.003061294555664,2.1259262561798096,72.51219940185547,19.146198272705078,13.552118301391602,policies,72.51219940185547
lerobot\tests\processor\test_device_processor.py,24.665298461914062,10.544656753540039,22.06035804748535,127.16527557373047,11.88159465789795,robot_devices,127.16527557373047
lerobot\tests\rl\test_data_mixer.py,1.9080309867858887,0.8840359449386597,1.6887660026550293,32.75017547607422,8.122236251831055,robot_devices,32.75017547607422
lerobot\src\lerobot\policies\rtc\modeling_rtc.py,23.33529281616211,3.4948482513427734,69.93573760986328,29.371253967285156,16.342527389526367,policies,69.93573760986328
lerobot\examples\tutorial\rl\reward_classifier_example.py,24.051944732666016,7.077679634094238,7.863997936248779,42.34244918823242,15.023818016052246,robot_devices,42.34244918823242
lerobot\tests\policies\groot\test_groot_n1_7_oss_parity.py,69.99104309082031,4.4650044441223145,80.49357604980469,29.961965560913086,15.663851737976074,policies,80.49357604980469
lerobot\tests\annotations\test_validator.py,0.32195526361465454,0.5140814185142517,0.3600746989250183,12.536076545715332,6.3674163818359375,robot_devices,12.536076545715332
lerobot\src\lerobot\policies\pi05\processor_pi05.py,25.622648239135742,7.224122047424316,93.47757720947266,33.70500183105469,6.069968223571777,policies,93.47757720947266
lerobot\src\lerobot\envs\robocasa.py,4.946949005126953,62.600345611572266,7.881836414337158,54.557186126708984,13.987733840942383,environments,62.600345611572266
lerobot\src\lerobot\robots\omx_follower\config_omx_follower.py,15.69853687286377,3.9731898307800293,0.762403130531311,51.05335235595703,3.179331064224243,robot_devices,51.05335235595703
lerobot\tests\policies\smolvla\test_smolvla_rtc.py,27.930734634399414,5.912809371948242,83.97943115234375,36.09937286376953,10.829957008361816,policies,83.97943115234375
lerobot\tests\test_yaml_policy_path.py,32.615665435791016,8.540809631347656,23.248167037963867,6.874439716339111,12.434805870056152,configs,32.615665435791016
lerobot\src\lerobot\teleoperators\rebot_102_leader\__init__.py,0.0,0.0,0.0,8.655792236328125,0.0,robot_devices,8.655792236328125
lerobot\examples\tutorial\diffusion\diffusion_using_example.py,20.749448776245117,4.098122596740723,12.607660293579102,88.1788330078125,10.60135555267334,robot_devices,88.1788330078125
lerobot\src\lerobot\rewards\robometer\__init__.py,0.7404403686523438,0.7404403686523438,0.4460430145263672,3.8667397499084473,1.186483383178711,robot_devices,3.8667397499084473
lerobot\tests\rewards\test_modeling_robometer.py,34.457603454589844,7.644391059875488,12.4190092086792,34.731834411621094,14.2769193649292,robot_devices,34.731834411621094
lerobot\src\lerobot\policies\evo1\configuration_evo1.py,35.05397033691406,10.638629913330078,87.5308609008789,7.836446762084961,17.123435974121094,policies,87.5308609008789
lerobot\src\lerobot\policies\gaussian_actor\modeling_gaussian_actor.py,36.37957763671875,54.63240432739258,83.93891906738281,36.24625015258789,22.897235870361328,policies,83.93891906738281
lerobot\src\lerobot\rollout\context.py,41.236732482910156,18.028291702270508,95.70938873291016,100.68997192382812,39.43403244018555,robot_devices,100.68997192382812
lerobot\tests\rewards\test_classifier_processor.py,23.48097038269043,2.7751502990722656,13.181943893432617,35.34030532836914,4.850192546844482,robot_devices,35.34030532836914
lerobot\src\lerobot\scripts\lerobot_edit_dataset.py,25.233793258666992,10.285162925720215,10.388320922851562,19.169084548950195,23.255905151367188,configs,25.233793258666992
lerobot\scripts\ci\extract_task_descriptions.py,14.589493751525879,78.68437957763672,9.439239501953125,47.02485656738281,16.731346130371094,environments,78.68437957763672
lerobot\src\lerobot\annotations\steerable_pipeline\writer.py,11.510150909423828,1.2589353322982788,4.37843656539917,11.58986759185791,14.970183372497559,utilities,14.970183372497559
lerobot\src\lerobot\policies\vla_jepa\modeling_vla_jepa.py,28.570068359375,9.05488395690918,76.88018035888672,79.80067443847656,25.076181411743164,robot_devices,79.80067443847656
lerobot\src\lerobot\cameras\reachy2_camera\reachy2_camera.py,26.881664276123047,1.0091843605041504,11.071521759033203,11.036820411682129,12.504874229431152,configs,26.881664276123047
lerobot\tests\processor\test_normalize_processor.py,23.50185203552246,5.494965553283691,26.027587890625,74.20629119873047,14.213663101196289,robot_devices,74.20629119873047
lerobot\src\lerobot\policies\eo1\processor_eo1.py,29.492523193359375,10.591853141784668,92.53144836425781,37.04903030395508,13.687681198120117,policies,92.53144836425781
lerobot\src\lerobot\robots\bi_so_follower\bi_so_follower.py,19.738697052001953,3.945913791656494,2.891253709793091,65.45835876464844,5.219844341278076,robot_devices,65.45835876464844
lerobot\src\lerobot\annotations\__init__.py,0.0,0.0,0.0,3.884580135345459,0.0,robot_devices,3.884580135345459
lerobot\tests\processor\test_observation_processor.py,20.82611846923828,101.43582916259766,16.349693298339844,3.8688364028930664,6.926429748535156,environments,101.43582916259766
lerobot\src\lerobot\teleoperators\omx_leader\config_omx_leader.py,14.116104125976562,0.0,0.0,3.395860433578491,1.0764079093933105,configs,14.116104125976562
lerobot\tests\motors\test_feetech.py,3.828372001647949,3.5771303176879883,15.928699493408203,24.380746841430664,13.92760181427002,robot_devices,24.380746841430664
lerobot\src\lerobot\motors\calibration_gui.py,6.729114532470703,5.505967617034912,10.962383270263672,20.694448471069336,12.872206687927246,robot_devices,20.694448471069336
lerobot\src\lerobot\processor\observation_processor.py,3.6343088150024414,89.78892517089844,7.0,2.8450164794921875,3.5511841773986816,environments,89.78892517089844
lerobot\src\lerobot\async_inference\configs.py,85.9692153930664,105.23880004882812,28.595617294311523,90.1482925415039,20.096899032592773,environments,105.23880004882812
lerobot\src\lerobot\robots\bi_rebot_b601_follower\__init__.py,0.0,0.7382499575614929,0.0,53.06791305541992,0.0,robot_devices,53.06791305541992
lerobot\src\lerobot\envs\factory.py,23.88545799255371,88.84992218017578,21.76722526550293,7.602502822875977,13.543519973754883,environments,88.84992218017578
lerobot\tests\utils\test_collate.py,0.0,0.5365703105926514,1.0,4.645317554473877,4.77296257019043,utilities,4.77296257019043
lerobot\tests\datasets\test_datasets.py,42.68307113647461,18.204431533813477,27.635347366333008,59.600433349609375,34.7295036315918,robot_devices,59.600433349609375
lerobot\src\lerobot\envs\libero.py,14.457573890686035,64.1054458618164,12.891839981079102,79.06620788574219,30.292978286743164,robot_devices,79.06620788574219
lerobot\src\lerobot\motors\robstride\__init__.py,0.0,0.0,0.0,6.7767157554626465,0.0,robot_devices,6.7767157554626465
lerobot\tests\policies\rtc\test_action_interpolator.py,9.459328651428223,5.796231746673584,74.47794342041016,52.336509704589844,9.32858943939209,policies,74.47794342041016
lerobot\src\lerobot\rl\data_sources\data_mixer.py,1.2100847959518433,0.21008478105068207,0.34620487689971924,3.8717384338378906,1.7240562438964844,robot_devices,3.8717384338378906
lerobot\src\lerobot\cameras\utils.py,72.18348693847656,0.3458009958267212,1.0690698623657227,39.86663818359375,2.3714349269866943,configs,72.18348693847656
lerobot\src\lerobot\datasets\lerobot_dataset.py,16.16339683532715,8.722115516662598,9.034941673278809,61.533626556396484,38.0444221496582,robot_devices,61.533626556396484
lerobot\tests\rewards\test_modeling_topreward.py,27.14112091064453,8.06162166595459,14.990378379821777,38.54855728149414,19.977758407592773,robot_devices,38.54855728149414
lerobot\tests\fixtures\optimizers.py,18.669628143310547,3.815122127532959,5.903756141662598,0.0,4.978124618530273,configs,18.669628143310547
lerobot\src\lerobot\rl\algorithms\sac\configuration_sac.py,34.94204330444336,8.02116870880127,18.69145393371582,4.41823673248291,2.9335684776306152,configs,34.94204330444336
lerobot\tests\utils\test_rerun_visualization.py,2.7109155654907227,1.041223406791687,2.9354803562164307,8.625747680664062,11.899606704711914,utilities,11.899606704711914
lerobot\src\lerobot\teleoperators\keyboard\__init__.py,0.0,0.0,0.0,3.416532278060913,0.0,robot_devices,3.416532278060913
lerobot\src\lerobot\scripts\lerobot_info.py,6.653203964233398,6.018035888671875,8.733904838562012,33.943885803222656,17.69826316833496,robot_devices,33.943885803222656
lerobot\tests\motors\test_motors_bus.py,5.282528877258301,3.7648866176605225,13.416864395141602,14.40158462524414,15.011630058288574,utilities,15.011630058288574
lerobot\src\lerobot\motors\robstride\tables.py,1.1296736001968384,4.013035774230957,6.819829940795898,10.015758514404297,2.714995861053467,robot_devices,10.015758514404297
lerobot\src\lerobot\datasets\video_utils.py,22.20026206970215,11.642051696777344,14.589737892150879,11.455307006835938,39.98337936401367,utilities,39.98337936401367
lerobot\src\lerobot\policies\utils.py,23.367727279663086,71.91280364990234,98.42306518554688,89.20101165771484,16.23897361755371,policies,98.42306518554688
lerobot\tests\processor\test_render_messages_processor.py,1.0,2.9167556762695312,0.0,4.154256343841553,5.40783166885376,utilities,5.40783166885376
lerobot\src\lerobot\processor\batch_processor.py,3.9989285469055176,5.216917514801025,8.846195220947266,4.055963516235352,2.131319999694824,policies,8.846195220947266
lerobot\src\lerobot\policies\wall_x\__init__.py,0.7395389080047607,0.7395389080047607,73.67539978027344,3.862032175064087,3.219202756881714,policies,73.67539978027344
lerobot\src\lerobot\datasets\aggregate.py,15.227463722229004,8.994242668151855,6.301877021789551,61.74972152709961,23.44924545288086,robot_devices,61.74972152709961
lerobot\src\lerobot\policies\wall_x\utils.py,13.570910453796387,8.430150985717773,71.92516326904297,45.39177703857422,11.781933784484863,policies,71.92516326904297
lerobot\src\lerobot\processor\converters.py,8.121421813964844,3.3922154903411865,23.097564697265625,82.44227600097656,4.00770378112793,robot_devices,82.44227600097656
lerobot\src\lerobot\rollout\configs.py,79.51400756835938,9.535813331604004,23.277359008789062,85.13993835449219,18.537574768066406,robot_devices,85.13993835449219
lerobot\src\lerobot\policies\pi0_fast\__init__.py,0.7395389080047607,0.7395389080047607,76.29837799072266,3.862032175064087,3.219202756881714,policies,76.29837799072266
lerobot\src\lerobot\policies\multi_task_dit\processor_multi_task_dit.py,26.584156036376953,4.498837947845459,98.89066314697266,37.98377227783203,6.742354393005371,policies,98.89066314697266
lerobot\tests\datasets\test_dataset_utils.py,67.75614929199219,6.8075361251831055,4.953818321228027,46.04765319824219,15.260520935058594,configs,67.75614929199219
lerobot\src\lerobot\policies\evo1\__init__.py,0.8362218141555786,0.8362218141555786,78.60086059570312,4.366930961608887,3.5093281269073486,policies,78.60086059570312
lerobot\src\lerobot\scripts\lerobot_find_joint_limits.py,25.878610610961914,7.094786643981934,3.214301347732544,135.49966430664062,12.4208402633667,robot_devices,135.49966430664062
lerobot\src\lerobot\rollout\robot_wrapper.py,0.4127122759819031,0.8511579632759094,1.3651418685913086,52.340606689453125,0.3651418387889862,robot_devices,52.340606689453125
lerobot\src\lerobot\policies\act\__init__.py,1.6121208667755127,0.8362218141555786,80.70600128173828,4.366930961608887,4.285227298736572,policies,80.70600128173828
lerobot\src\lerobot\scripts\lerobot_train_tokenizer.py,13.212639808654785,8.04845142364502,20.403026580810547,9.58072566986084,27.04498863220215,utilities,27.04498863220215
lerobot\examples\backward_compatibility\replay.py,21.162939071655273,4.4964141845703125,4.168933868408203,54.45909118652344,10.338273048400879,robot_devices,54.45909118652344
lerobot\src\lerobot\policies\diffusion\processor_diffusion.py,24.15871810913086,3.398960590362549,103.75559997558594,37.208866119384766,5.335995197296143,policies,103.75559997558594
lerobot\examples\omx\reset_environment.py,7.707399368286133,64.09181213378906,8.487156867980957,53.550655364990234,13.328083038330078,environments,64.09181213378906
lerobot\src\lerobot\policies\diffusion\configuration_diffusion.py,20.075908660888672,81.42243957519531,85.62948608398438,7.436270713806152,19.764047622680664,policies,85.62948608398438
lerobot\src\lerobot\policies\molmoact2\molmoact2_hf_model\inference.py,26.568355560302734,6.525540351867676,62.62027359008789,38.05785369873047,19.27780532836914,policies,62.62027359008789
lerobot\examples\lekiwi\rollout.py,25.196325302124023,7.760140419006348,23.653745651245117,46.18939208984375,5.234728813171387,robot_devices,46.18939208984375
lerobot\src\lerobot\policies\smolvla\__init__.py,0.7404403686523438,0.7404403686523438,73.72132873535156,3.8667397499084473,3.2219078540802,policies,73.72132873535156
lerobot\src\lerobot\annotations\steerable_pipeline\modules\plan_subtasks_memory.py,28.46094512939453,13.950935363769531,9.312438011169434,53.311614990234375,28.85706901550293,robot_devices,53.311614990234375
lerobot\src\lerobot\configs\rewards.py,84.09675598144531,10.261106491088867,20.466447830200195,44.64226531982422,22.88523292541504,configs,84.09675598144531
lerobot\tests\annotations\run_e2e_smoke.py,23.107900619506836,4.432518005371094,0.9666422605514526,52.5010986328125,10.076091766357422,robot_devices,52.5010986328125
lerobot\tests\processor\test_pi05_processor.py,24.251554489135742,3.7125260829925537,17.273168563842773,39.77007293701172,7.3933939933776855,robot_devices,39.77007293701172
lerobot\src\lerobot\teleoperators\omx_leader\__init__.py,0.0,0.0,0.0,3.4290566444396973,0.0,robot_devices,3.4290566444396973
lerobot\tests\scripts\test_edit_dataset_parsing.py,23.40897560119629,4.2551751136779785,0.8246010541915894,3.5802197456359863,8.145901679992676,configs,23.40897560119629
lerobot\tests\policies\eo1\test_eo1.py,27.57342529296875,5.77951717376709,99.46613311767578,37.58793640136719,12.644952774047852,policies,99.46613311767578
lerobot\src\lerobot\teleoperators\homunculus\__init__.py,0.6682499647140503,0.6682499647140503,0.6682499647140503,4.084782123565674,1.3364999294281006,robot_devices,4.084782123565674
lerobot\tests\policies\pi0_pi05\openpi_pytorch\preprocessing_pytorch.py,7.1950788497924805,6.564741134643555,73.09278106689453,39.104896545410156,12.613380432128906,policies,73.09278106689453
lerobot\src\lerobot\rewards\topreward\__init__.py,0.7404403686523438,0.7404403686523438,0.4460430145263672,3.8667397499084473,1.186483383178711,robot_devices,3.8667397499084473
lerobot\examples\isaac_teleop_to_so101\teleoperate.py,5.290224552154541,5.680902004241943,3.921309232711792,85.30848693847656,8.6699857711792,robot_devices,85.30848693847656
lerobot\src\lerobot\utils\keyboard_input.py,5.721177577972412,8.151421546936035,3.0671885013580322,19.302644729614258,16.853116989135742,robot_devices,19.302644729614258
lerobot\src\lerobot\teleoperators\homunculus\homunculus_arm.py,24.590740203857422,4.498715877532959,9.3455228805542,14.742692947387695,17.262222290039062,configs,24.590740203857422
lerobot\src\lerobot\teleoperators\phone\__init__.py,0.0,0.0,0.0,3.431152820587158,0.0,robot_devices,3.431152820587158
lerobot\src\lerobot\policies\wall_x\qwen_model\qwen2_5_vl_moe.py,45.49628829956055,13.316010475158691,63.79762649536133,40.94694519042969,35.411720275878906,policies,63.79762649536133
lerobot\src\lerobot\teleoperators\bi_openarm_mini\config_bi_openarm_mini.py,17.166873931884766,0.3482135534286499,0.34267911314964294,3.389707565307617,0.8287466764450073,configs,17.166873931884766
lerobot\tests\fixtures\constants.py,6.940743446350098,3.8594110012054443,5.44619083404541,52.47064208984375,11.249040603637695,robot_devices,52.47064208984375
lerobot\tests\policies\groot\test_groot_training_optim_contract.py,25.70582389831543,7.093265056610107,77.95706176757812,7.384471416473389,14.585457801818848,policies,77.95706176757812
lerobot\tests\policies\vla_jepa\test_world_model.py,2.1387524604797363,2.1498045921325684,75.25047302246094,0.9529801607131958,7.788036823272705,policies,75.25047302246094
lerobot\src\lerobot\cameras\zmq\configuration_zmq.py,10.987777709960938,3.856171131134033,2.4955668449401855,9.327984809875488,5.76506233215332,configs,10.987777709960938
lerobot\tests\policies\rtc\test_rtc_relative_actions.py,33.143798828125,8.21837329864502,101.8765869140625,68.5907211303711,17.93105697631836,policies,101.8765869140625
lerobot\src\lerobot\policies\molmoact2\molmoact2_hf_model\modeling_molmoact2.py,37.551082611083984,15.1362886428833,65.12378692626953,90.67460632324219,45.28968048095703,robot_devices,90.67460632324219
lerobot\examples\so100_to_so100_EE\rollout.py,25.523038864135742,7.654376029968262,25.468219757080078,54.47891616821289,6.055343151092529,robot_devices,54.47891616821289
lerobot\src\lerobot\policies\rtc\debug_tracker.py,6.009440898895264,5.720864295959473,68.93767547607422,5.30728006362915,12.60110092163086,policies,68.93767547607422
lerobot\src\lerobot\scripts\lerobot_setup_motors.py,23.52383041381836,7.669619560241699,0.0,167.41578674316406,3.8536365032196045,robot_devices,167.41578674316406
lerobot\tests\mocks\mock_serial_patch.py,3.4711267948150635,3.6549019813537598,1.496945858001709,1.496945858001709,4.270776748657227,utilities,4.270776748657227
lerobot\src\lerobot\rl\buffer.py,6.072452545166016,2.713850498199463,3.4741666316986084,85.75732421875,10.313668251037598,robot_devices,85.75732421875
lerobot\src\lerobot\teleoperators\so_leader\so_leader.py,22.968708038330078,8.336750984191895,8.450662612915039,24.270389556884766,19.881996154785156,robot_devices,24.270389556884766
lerobot\src\lerobot\processor\normalize_processor.py,24.909387588500977,8.051790237426758,23.84024429321289,77.68318176269531,10.180787086486816,robot_devices,77.68318176269531
lerobot\tests\annotations\conftest.py,0.36476171016693115,0.5824325084686279,0.0,5.808802604675293,1.4438610076904297,robot_devices,5.808802604675293
lerobot\src\lerobot\teleoperators\unitree_g1\exo_serial.py,5.281149387359619,2.2377138137817383,3.512482166290283,13.349530220031738,14.458575248718262,utilities,14.458575248718262
lerobot\tests\policies\vla_jepa\test_action_head.py,22.411741256713867,2.805924415588379,66.80835723876953,28.1241455078125,11.842591285705566,policies,66.80835723876953
lerobot\src\lerobot\policies\wall_x\modeling_wall_x.py,38.27845001220703,14.991543769836426,72.81598663330078,42.49834442138672,38.54879379272461,policies,72.81598663330078
lerobot\tests\fixtures\dataset_factories.py,13.136496543884277,11.362448692321777,8.156807899475098,61.30908203125,21.623905181884766,robot_devices,61.30908203125
lerobot\src\lerobot\teleoperators\unitree_g1\__init__.py,0.0,0.0,0.0,3.4186134338378906,0.0,robot_devices,3.4186134338378906
lerobot\src\lerobot\teleoperators\homunculus\homunculus_glove.py,23.96041488647461,4.2011260986328125,9.462135314941406,14.16887092590332,16.369714736938477,configs,23.96041488647461
lerobot\src\lerobot\envs\utils.py,17.57938003540039,94.93104553222656,88.40081024169922,52.08616638183594,31.171066284179688,environments,94.93104553222656
lerobot\src\lerobot\policies\xvla\configuration_florence2.py,32.7838249206543,3.4542837142944336,73.81017303466797,4.306064605712891,11.210625648498535,policies,73.81017303466797
lerobot\src\lerobot\policies\tdmpc\__init__.py,0.7404403686523438,0.7404403686523438,76.74510192871094,3.8667397499084473,3.2219078540802,policies,76.74510192871094
lerobot\src\lerobot\teleoperators\openarm_leader\config_openarm_leader.py,17.250202178955078,3.4093196392059326,1.4609789848327637,16.116334915161133,5.999066352844238,configs,17.250202178955078
lerobot\src\lerobot\teleoperators\omx_leader\omx_leader.py,33.803592681884766,8.324005126953125,9.950183868408203,22.60652732849121,18.094989776611328,configs,33.803592681884766
lerobot\examples\port_datasets\display_error_files.py,11.861237525939941,7.12806510925293,3.739675998687744,5.5106892585754395,19.90582847595215,utilities,19.90582847595215
lerobot\src\lerobot\teleoperators\rebot_102_leader\config_rebot_102_leader.py,16.723115921020508,4.212235927581787,3.7045249938964844,10.944923400878906,5.358728408813477,configs,16.723115921020508
lerobot\src\lerobot\policies\xvla\configuration_xvla.py,36.88425064086914,7.462693214416504,87.10091400146484,49.640357971191406,7.604249954223633,policies,87.10091400146484
lerobot\src\lerobot\rollout\__init__.py,2.0,1.0,7.0,3.292276382446289,6.957332134246826,policies,7.0
lerobot\src\lerobot\policies\pi0_fast\configuration_pi0_fast.py,28.356054306030273,6.0633039474487305,89.64411163330078,30.8319149017334,6.4912495613098145,policies,89.64411163330078
lerobot\tests\policies\pi0_pi05\test_pi0_compile.py,19.605419158935547,4.689855098724365,79.29182434082031,37.236167907714844,16.39165496826172,policies,79.29182434082031
lerobot\src\lerobot\utils\random_utils.py,2.2083969116210938,1.2902387380599976,1.2223007678985596,3.8404722213745117,3.925344705581665,utilities,3.925344705581665
lerobot\src\lerobot\policies\diffusion\__init__.py,0.8362218141555786,0.8362218141555786,82.59373474121094,4.366930961608887,3.5093281269073486,policies,82.59373474121094
lerobot\tests\mocks\mock_feetech.py,1.359538197517395,3.8175482749938965,5.690643310546875,1.3120193481445312,4.22471284866333,policies,5.690643310546875
lerobot\src\lerobot\teleoperators\unitree_g1\exo_ik.py,3.818450450897217,2.901125192642212,14.331186294555664,55.86076354980469,8.797740936279297,robot_devices,55.86076354980469
lerobot\src\lerobot\policies\groot\utils.py,77.75643920898438,2.208122491836548,65.24413299560547,37.84153747558594,11.66772174835205,configs,77.75643920898438
lerobot\src\lerobot\teleoperators\bi_openarm_leader\__init__.py,0.0,0.0,0.0,3.4269628524780273,0.0,robot_devices,3.4269628524780273
lerobot\tests\processor\test_batch_processor.py,24.588409423828125,7.725663661956787,11.910726547241211,78.61470031738281,11.700276374816895,robot_devices,78.61470031738281
lerobot\examples\dataset\create_progress_videos.py,22.85873031616211,10.650323867797852,10.81981086730957,13.487519264221191,31.07512855529785,utilities,31.07512855529785
lerobot\src\lerobot\rewards\topreward\modeling_topreward.py,27.11475372314453,8.202974319458008,12.92418384552002,40.25635528564453,23.648983001708984,robot_devices,40.25635528564453
lerobot\src\lerobot\rewards\topreward\configuration_topreward.py,15.641592979431152,8.652425765991211,25.809123992919922,48.81216812133789,4.642269134521484,robot_devices,48.81216812133789
lerobot\src\lerobot\teleoperators\phone\teleop_phone.py,33.31051254272461,2.69106125831604,5.873195648193359,67.12178039550781,17.38663673400879,robot_devices,67.12178039550781
lerobot\src\lerobot\robots\bi_openarm_follower\__init__.py,0.0,0.7387007474899292,0.0,47.84299850463867,0.0,robot_devices,47.84299850463867
lerobot\src\lerobot\envs\vlabench.py,12.777704238891602,58.90858840942383,12.918065071105957,52.7886962890625,23.708696365356445,environments,58.90858840942383
lerobot\tests\processor\test_rename_processor.py,27.788976669311523,11.138036727905273,19.015148162841797,49.075584411621094,10.040042877197266,robot_devices,49.075584411621094
lerobot\examples\lekiwi\record.py,19.79641342163086,80.96985626220703,1.381274938583374,52.299747467041016,12.400012969970703,environments,80.96985626220703
lerobot\tests\policies\pi0_pi05\test_pi0_rtc.py,27.878185272216797,5.762431621551514,84.74549102783203,35.90468215942383,8.006041526794434,policies,84.74549102783203
lerobot\src\lerobot\policies\vqbet\modeling_vqbet.py,32.433250427246094,44.27366638183594,84.2693099975586,82.19242095947266,20.509798049926758,policies,84.2693099975586
lerobot\examples\phone_to_so100\record.py,21.419649124145508,75.97858428955078,3.5921967029571533,62.692474365234375,15.08388900756836,environments,75.97858428955078
lerobot\src\lerobot\annotations\steerable_pipeline\vlm_client.py,30.126136779785156,11.3331937789917,14.347079277038574,61.18867874145508,29.256567001342773,robot_devices,61.18867874145508
lerobot\src\lerobot\rewards\robometer\configuration_robometer.py,33.844818115234375,8.554466247558594,20.832130432128906,5.922347545623779,9.82681655883789,configs,33.844818115234375
lerobot\src\lerobot\motors\motors_bus.py,10.998404502868652,9.590494155883789,21.160167694091797,23.124032974243164,24.281787872314453,utilities,24.281787872314453
lerobot\src\lerobot\rollout\inference\__init__.py,0.0,0.0,0.0,3.4040989875793457,0.0,robot_devices,3.4040989875793457
lerobot\tests\processor\test_converters.py,3.089128255844116,2.494694709777832,11.093746185302734,31.333515167236328,2.241511821746826,robot_devices,31.333515167236328
lerobot\src\lerobot\rl\joint_observations_processor.py,16.844297409057617,2.0774667263031006,7.891609191894531,53.39013671875,3.1366093158721924,robot_devices,53.39013671875
lerobot\src\lerobot\rollout\inference\rtc.py,29.903823852539062,8.012052536010742,21.27979278564453,84.0359878540039,11.511540412902832,robot_devices,84.0359878540039
lerobot\src\lerobot\robots\koch_follower\__init__.py,0.0,0.7391520738601685,0.0,48.180110931396484,0.0,robot_devices,48.180110931396484
lerobot\tests\configs\test_resume_from_hub.py,72.73898315429688,2.7588067054748535,6.925454139709473,6.640642166137695,12.253534317016602,configs,72.73898315429688
lerobot\src\lerobot\processor\factory.py,0.36427560448646545,3.4365522861480713,1.0,49.46355056762695,0.36427560448646545,robot_devices,49.46355056762695
lerobot\src\lerobot\robots\unitree_g1\unitree_sdk2_socket.py,18.438039779663086,3.6528525352478027,2.850804090499878,56.97209167480469,5.756804943084717,robot_devices,56.97209167480469
lerobot\src\lerobot\policies\factory.py,41.70156478881836,66.71137237548828,122.52578735351562,33.980377197265625,36.57963562011719,policies,122.52578735351562
lerobot\src\lerobot\scripts\convert_dataset_v21_to_v30.py,25.475189208984375,10.375493049621582,19.063968658447266,21.360939025878906,31.16823387145996,utilities,31.16823387145996
lerobot\src\lerobot\robots\bi_so_follower\config_bi_so_follower.py,18.320724487304688,3.790250301361084,1.1070106029510498,50.72453689575195,2.8546926975250244,robot_devices,50.72453689575195
lerobot\src\lerobot\utils\sample_weighting.py,32.38147735595703,9.509994506835938,95.41370391845703,46.69277572631836,16.370676040649414,policies,95.41370391845703
lerobot\src\lerobot\scripts\lerobot_calibrate.py,20.355968475341797,3.8035755157470703,2.2011735439300537,96.2047119140625,6.18783712387085,robot_devices,96.2047119140625
lerobot\tests\configs\test_default.py,69.970947265625,0.5742520093917847,0.0,0.0,4.567420959472656,configs,69.970947265625
lerobot\src\lerobot\rl\learner_service.py,0.7473540306091309,1.5953037738800049,3.1323771476745605,38.489131927490234,6.200442790985107,robot_devices,38.489131927490234
lerobot\src\lerobot\teleoperators\bi_openarm_mini\bi_openarm_mini.py,18.9468936920166,2.3170480728149414,2.6520111560821533,53.175662994384766,4.4285759925842285,robot_devices,53.175662994384766
lerobot\src\lerobot\teleoperators\koch_leader\config_koch_leader.py,14.116104125976562,0.0,0.0,3.7868096828460693,1.0764079093933105,configs,14.116104125976562
lerobot\src\lerobot\datasets\dataset_reader.py,64.01363372802734,7.708552837371826,5.620924949645996,13.861579895019531,19.970556259155273,configs,64.01363372802734
lerobot\src\lerobot\utils\constants.py,10.859530448913574,93.17528533935547,23.414621353149414,71.34005737304688,15.854063034057617,environments,93.17528533935547
lerobot\tests\datasets\test_language_render.py,7.985873699188232,4.48496150970459,2.82804274559021,11.091642379760742,11.72994613647461,utilities,11.72994613647461
lerobot\tests\annotations\_helpers.py,0.6393755674362183,0.8569337129592896,0.3707907795906067,0.0,5.640741348266602,utilities,5.640741348266602
lerobot\examples\lekiwi\teleoperate.py,20.53066062927246,3.5321922302246094,2.1647167205810547,47.00040054321289,6.033905506134033,robot_devices,47.00040054321289
lerobot\src\lerobot\utils\__init__.py,0.0,0.0,1.2951083183288574,35.52791976928711,2.667330741882324,robot_devices,35.52791976928711
lerobot\src\lerobot\model\__init__.py,0.0,0.0,5.240170955657959,40.881893157958984,0.0,robot_devices,40.881893157958984
lerobot\src\lerobot\teleoperators\bi_rebot_102_leader\config_bi_rebot_102_leader.py,16.806543350219727,0.0,0.3423260450363159,9.558721542358398,0.48018696904182434,configs,16.806543350219727
lerobot\src\lerobot\policies\groot\action_head\__init__.py,0.7571765184402466,0.7571765184402466,79.94140625,8.499543190002441,3.6861371994018555,policies,79.94140625
lerobot\tests\policies\xvla\test_xvla_original_vs_lerobot.py,24.61556053161621,10.301530838012695,85.43089294433594,39.88956069946289,13.8530912399292,policies,85.43089294433594
lerobot\src\lerobot\policies\molmoact2\modeling_molmoact2.py,45.35414123535156,17.2259521484375,75.43109893798828,48.5613899230957,50.27268600463867,policies,75.43109893798828
lerobot\src\lerobot\robots\bi_rebot_b601_follower\config_bi_rebot_b601_follower.py,18.30095672607422,3.7835540771484375,1.104706048965454,56.859703063964844,2.4018423557281494,robot_devices,56.859703063964844
lerobot\tests\datasets\test_lerobot_dataset.py,8.783890724182129,11.83169937133789,7.743995666503906,20.892730712890625,26.313894271850586,utilities,26.313894271850586
lerobot\tests\policies\pi0_pi05\openpi_pytorch\image_tools.py,3.56765079498291,2.2361671924591064,76.24609375,1.879584550857544,9.823494911193848,policies,76.24609375
lerobot\src\lerobot\policies\xvla\soft_transformer.py,8.800479888916016,3.4431376457214355,67.68589782714844,28.36112403869629,18.814870834350586,policies,67.68589782714844
lerobot\src\lerobot\rollout\strategies\factory.py,18.57505989074707,2.2851357460021973,0.0,3.343266010284424,0.5173830986022949,configs,18.57505989074707
lerobot\tests\annotations\test_pipeline_recipe_render.py,25.533916473388672,5.518083095550537,2.5182595252990723,56.62511444091797,14.617192268371582,robot_devices,56.62511444091797
lerobot\tests\test_control_robot.py,0.48246708512306213,4.228989124298096,0.0,61.05707931518555,12.805845260620117,robot_devices,61.05707931518555
lerobot\tests\utils\test_random_utils.py,1.8832240104675293,1.8059687614440918,0.9416120052337646,0.9416120052337646,2.3716471195220947,utilities,2.3716471195220947
lerobot\src\lerobot\rl\eval_policy.py,20.45001792907715,5.543443202972412,19.523818969726562,48.3343505859375,5.924724578857422,robot_devices,48.3343505859375
lerobot\tests\training\test_multi_gpu.py,40.19610595703125,85.21540832519531,27.698989868164062,93.28858184814453,28.57298469543457,robot_devices,93.28858184814453
lerobot\src\lerobot\robots\config.py,17.106155395507812,1.372523307800293,0.6980884075164795,64.793212890625,2.760840892791748,robot_devices,64.793212890625
lerobot\src\lerobot\policies\diffusion\modeling_diffusion.py,29.510433197021484,8.500856399536133,72.94623565673828,85.05889892578125,24.047012329101562,robot_devices,85.05889892578125
lerobot\tests\test_available.py,0.0,0.5662981271743774,1.0493682622909546,4.210869312286377,6.688354969024658,utilities,6.688354969024658
lerobot\src\lerobot\motors\feetech\feetech.py,9.120923042297363,5.912619113922119,20.03750991821289,23.54076385498047,25.864110946655273,utilities,25.864110946655273
lerobot\src\lerobot\policies\xvla\utils.py,6.5839715003967285,3.1723880767822266,68.12220001220703,4.317589282989502,12.253949165344238,policies,68.12220001220703
lerobot\src\lerobot\rollout\strategies\base.py,8.854498863220215,8.477822303771973,17.00197410583496,56.71334457397461,19.162052154541016,robot_devices,56.71334457397461
lerobot\src\lerobot\rl\algorithms\factory.py,23.488039016723633,5.436036109924316,18.71504020690918,4.700825214385986,2.989264726638794,configs,23.488039016723633
lerobot\src\lerobot\policies\fastwam\modeling_fastwam.py,33.858116149902344,9.012746810913086,71.9140853881836,40.76796340942383,29.90024757385254,policies,71.9140853881836
lerobot\tests\rl\test_actor_learner.py,29.548404693603516,8.746450424194336,19.434276580810547,36.65055847167969,18.57719612121582,robot_devices,36.65055847167969
lerobot\src\lerobot\teleoperators\bi_so_leader\__init__.py,0.0,0.0,0.0,3.4269628524780273,0.3985713720321655,robot_devices,3.4269628524780273
lerobot\tests\processor\test_libero_processor.py,3.5502219200134277,2.3313486576080322,7.0,43.62015914916992,1.2788426876068115,robot_devices,43.62015914916992
lerobot\src\lerobot\datasets\pyav_utils.py,5.483631134033203,4.016879558563232,5.077893257141113,3.9611222743988037,15.136185646057129,utilities,15.136185646057129
lerobot\tests\policies\lingbot_va\test_processor.py,24.531238555908203,3.750537872314453,88.22465515136719,24.38786506652832,7.9084014892578125,policies,88.22465515136719
lerobot\src\lerobot\teleoperators\openarm_leader\__init__.py,0.0,0.0,0.0,3.4269628524780273,0.0,robot_devices,3.4269628524780273
lerobot\examples\dataset\use_dataset_image_transforms.py,32.95108413696289,4.73898983001709,2.053304433822632,5.183711528778076,10.093338012695312,configs,32.95108413696289
lerobot\src\lerobot\robots\hope_jr\__init__.py,0.6698811054229736,1.4081311225891113,0.6698811054229736,48.506874084472656,1.3397622108459473,robot_devices,48.506874084472656
lerobot\src\lerobot\policies\evo1\modeling_evo1.py,39.11857986450195,16.835784912109375,78.90631866455078,47.45812225341797,31.254077911376953,policies,78.90631866455078
lerobot\src\lerobot\configs\default.py,61.11659622192383,7.604625701904297,4.471665382385254,10.762574195861816,16.50558853149414,configs,61.11659622192383
lerobot\tests\rl\test_sac_algorithm.py,33.21244430541992,8.638890266418457,22.98332977294922,30.737695693969727,15.938831329345703,configs,33.21244430541992
lerobot\tests\training\test_visual_validation.py,28.55742073059082,7.480823040008545,18.231298446655273,47.865882873535156,13.667342185974121,robot_devices,47.865882873535156
lerobot\tests\mocks\mock_teleop.py,18.16423988342285,0.5461266040802002,1.7910428047180176,45.655242919921875,0.7849273681640625,robot_devices,45.655242919921875
lerobot\src\lerobot\utils\rerun_visualization.py,1.2480082511901855,0.36437472701072693,2.8976571559906006,46.56410598754883,10.059652328491211,robot_devices,46.56410598754883
lerobot\src\lerobot\utils\hub.py,26.8730525970459,5.937529563903809,22.9942626953125,7.348273754119873,15.481246948242188,configs,26.8730525970459
lerobot\src\lerobot\cameras\realsense\__init__.py,0.0,0.0,0.0,6.328607082366943,0.0,robot_devices,6.328607082366943
lerobot\src\lerobot\policies\smolvla\smolvlm_with_expert.py,27.15310287475586,3.6241559982299805,71.28898620605469,37.773643493652344,21.212459564208984,policies,71.28898620605469
lerobot\tests\optim\test_schedulers.py,21.922740936279297,5.027616500854492,3.4729299545288086,1.2310068607330322,11.040274620056152,configs,21.922740936279297
lerobot\examples\tutorial\act\act_training_example.py,13.109914779663086,10.038947105407715,20.808116912841797,83.86885833740234,16.760868072509766,robot_devices,83.86885833740234
lerobot\src\lerobot\policies\eo1\modeling_eo1.py,28.757741928100586,6.463514804840088,66.0997314453125,39.199771881103516,19.137527465820312,policies,66.0997314453125
lerobot\src\lerobot\cameras\realsense\camera_realsense.py,36.02401351928711,9.627630233764648,8.27567195892334,117.29225158691406,16.462444305419922,robot_devices,117.29225158691406
lerobot\src\lerobot\configs\video.py,72.66691589355469,5.494712829589844,8.792350769042969,5.042925834655762,13.661641120910645,configs,72.66691589355469
lerobot\tests\utils\test_process.py,0.9385814666748047,4.423346519470215,0.0,3.0162606239318848,5.427814483642578,utilities,5.427814483642578
lerobot\tests\scripts\test_train_remote_dispatch.py,6.522956848144531,3.542428493499756,19.73544692993164,4.646996974945068,6.69184684753418,policies,19.73544692993164
lerobot\src\lerobot\teleoperators\bi_openarm_mini\__init__.py,0.2949366271495819,0.2949366271495819,0.0,3.4269628524780273,0.2949366271495819,robot_devices,3.4269628524780273
lerobot\src\lerobot\policies\wall_x\configuration_wall_x.py,32.433990478515625,7.402945041656494,97.988037109375,47.59418487548828,7.237791538238525,policies,97.988037109375
lerobot\src\lerobot\rollout\strategies\sentry.py,30.270057678222656,11.130413055419922,17.23797607421875,56.864253997802734,30.005090713500977,robot_devices,56.864253997802734
lerobot\tests\rewards\__init__.py,0.0,0.6013501882553101,0.0,0.0,0.0,environments,0.6013501882553101
lerobot\src\lerobot\rewards\sarm\__init__.py,0.7404403686523438,0.7404403686523438,0.4460430145263672,3.8667397499084473,1.186483383178711,robot_devices,3.8667397499084473
lerobot\tests\jobs\test_dataset.py,1.8542194366455078,2.1191091537475586,1.1078031063079834,5.6779375076293945,12.411995887756348,utilities,12.411995887756348
lerobot\src\lerobot\cameras\reachy2_camera\configuration_reachy2_camera.py,11.454587936401367,3.856171131134033,2.4955668449401855,9.404703140258789,6.076807498931885,configs,11.454587936401367
lerobot\src\lerobot\scripts\lerobot_record.py,29.700477600097656,83.193115234375,22.6857852935791,93.7492446899414,26.449155807495117,robot_devices,93.7492446899414
lerobot\src\lerobot\policies\wall_x\qwen_model\configuration_qwen2_5_vl.py,87.42667388916016,3.558053493499756,74.81066131591797,3.8632044792175293,10.372029304504395,configs,87.42667388916016
lerobot\src\lerobot\robots\unitree_g1\g1_utils.py,0.5216352939605713,1.0907833576202393,2.306262493133545,55.11314392089844,4.011948108673096,robot_devices,55.11314392089844
lerobot\src\lerobot\scripts\lerobot_rollout.py,3.904496431350708,5.318733215332031,5.283215045928955,60.39581298828125,6.5215654373168945,robot_devices,60.39581298828125
lerobot\tests\datasets\test_dataset_tools.py,8.525458335876465,10.984217643737793,6.298227310180664,16.19051170349121,26.614736557006836,utilities,26.614736557006836
lerobot\tests\policies\lingbot_va\test_factory.py,22.540306091308594,5.540740966796875,88.92790222167969,27.11355209350586,3.8260724544525146,policies,88.92790222167969
lerobot\tests\processor\test_act_processor.py,27.146352767944336,4.6904401779174805,22.111207962036133,35.8309440612793,6.5038251876831055,robot_devices,35.8309440612793
lerobot\src\lerobot\configs\__init__.py,73.15888214111328,2.0,9.803112030029297,3.680773973464966,3.0045394897460938,configs,73.15888214111328
lerobot\src\lerobot\policies\pi0\__init__.py,0.8362218141555786,0.8362218141555786,81.3377685546875,4.366930961608887,3.5093281269073486,policies,81.3377685546875
lerobot\src\lerobot\policies\rtc\latency_tracker.py,0.9049359560012817,0.6202472448348999,72.45659637451172,3.2768983840942383,2.612144947052002,policies,72.45659637451172
lerobot\src\lerobot\rl\trainer.py,2.7720694541931152,3.449436664581299,0.3494415581226349,3.8925833702087402,4.732574462890625,utilities,4.732574462890625
lerobot\src\lerobot\rl\crop_dataset_roi.py,27.472219467163086,6.249998092651367,2.766357898712158,56.66908645629883,14.604177474975586,robot_devices,56.66908645629883
lerobot\tests\utils\test_sample_weighting.py,29.79990005493164,6.754266262054443,25.81304168701172,44.04655456542969,7.1428141593933105,robot_devices,44.04655456542969
lerobot\tests\annotations\test_vlm_client.py,2.5228216648101807,1.6398519277572632,6.011725425720215,4.132707118988037,6.416349411010742,utilities,6.416349411010742
lerobot\src\lerobot\rollout\inference\base.py,2.527552366256714,1.196303129196167,2.140840530395508,4.504488468170166,2.9237303733825684,robot_devices,4.504488468170166
lerobot\tests\async_inference\test_policy_server.py,27.12582015991211,90.62733459472656,23.963085174560547,69.55514526367188,11.059030532836914,environments,90.62733459472656
lerobot\tests\policies\rtc\test_action_queue.py,27.689208984375,5.3434319496154785,55.99568176269531,22.931413650512695,10.301342010498047,policies,55.99568176269531
lerobot\tests\processor\test_pipeline.py,85.5243148803711,14.30020809173584,29.219619750976562,37.869293212890625,26.337059020996094,configs,85.5243148803711
lerobot\tests\processor\test_batch_conversion.py,0.0,0.6519286632537842,7.524247169494629,0.42877641320228577,0.35817110538482666,policies,7.524247169494629
lerobot\tests\policies\pi0_pi05\utils\openpi_parity.py,12.871232032775879,11.388928413391113,87.31388854980469,41.86573791503906,14.026314735412598,policies,87.31388854980469
lerobot\src\lerobot\cameras\configs.py,53.66234588623047,2.033454179763794,5.472286224365234,8.066571235656738,8.847776412963867,configs,53.66234588623047
lerobot\src\lerobot\teleoperators\gamepad\configuration_gamepad.py,10.36646842956543,1.733286738395691,0.0,3.7418646812438965,0.0,configs,10.36646842956543
lerobot\tests\policies\groot\test_groot_state_dropout.py,16.488637924194336,5.778682708740234,72.79553985595703,4.136387825012207,7.825706481933594,policies,72.79553985595703
lerobot\src\lerobot\scripts\lerobot_teleoperate.py,20.176050186157227,4.627017974853516,7.142049789428711,68.74765014648438,9.206792831420898,robot_devices,68.74765014648438
lerobot\tests\policies\vla_jepa\test_configuration.py,31.863187789916992,3.8505539894104004,78.03890991210938,0.0,4.932433605194092,policies,78.03890991210938
lerobot\tests\policies\evo1\test_evo1.py,33.90047073364258,14.234684944152832,78.3813247680664,30.84477424621582,25.306201934814453,policies,78.3813247680664
lerobot\tests\rewards\test_sarm_utils.py,2.0662124156951904,2.2309226989746094,15.568696975708008,0.6438512802124023,6.2744140625,policies,15.568696975708008
lerobot\tests\utils\test_encoding_utils.py,4.703372478485107,3.6125574111938477,5.293939113616943,2.8592586517333984,7.157010555267334,utilities,7.157010555267334
lerobot\src\lerobot\robots\unitree_g1\config_unitree_g1.py,14.932250022888184,5.065316677093506,2.8839974403381348,61.96571731567383,5.9857354164123535,robot_devices,61.96571731567383
lerobot\tests\teleoperators\test_unitree_g1_teleoperator.py,19.959327697753906,2.0001938343048096,7.1755595207214355,16.375829696655273,14.050753593444824,configs,19.959327697753906
lerobot\tests\policies\test_sarm_subtask_annotations.py,0.36802226305007935,0.882103681564331,70.3031234741211,0.0,3.5191612243652344,policies,70.3031234741211
lerobot\tests\datasets\test_depth.py,4.586312294006348,5.534809589385986,6.955248832702637,10.977914810180664,10.563481330871582,robot_devices,10.977914810180664
lerobot\src\lerobot\scripts\lerobot_train.py,76.19879150390625,52.85032653808594,85.62187194824219,40.354217529296875,32.296783447265625,policies,85.62187194824219
lerobot\src\lerobot\motors\feetech\__init__.py,0.0,0.0,0.0,6.7647624015808105,0.0,robot_devices,6.7647624015808105
lerobot\src\lerobot\utils\logging_utils.py,2.122175931930542,2.1399457454681396,2.3759233951568604,35.25123596191406,8.640068054199219,robot_devices,35.25123596191406
lerobot\src\lerobot\robots\unitree_g1\gr00t_locomotion.py,8.969826698303223,3.2208919525146484,97.14329528808594,57.31257629394531,12.784969329833984,policies,97.14329528808594
lerobot\tests\policies\groot\utils\dump_original_n1_7.py,84.66439056396484,10.220037460327148,94.30952453613281,40.05206298828125,17.45802879333496,policies,94.30952453613281
lerobot\src\lerobot\annotations\steerable_pipeline\prompts\__init__.py,2.168402671813965,1.0842013359069824,1.0842013359069824,5.319766044616699,4.068219184875488,robot_devices,5.319766044616699
lerobot\src\lerobot\optim\factory.py,24.013837814331055,9.775640487670898,16.645137786865234,5.608435153961182,9.536726951599121,configs,24.013837814331055
lerobot\tests\policies\pi0_pi05\test_pi05_original_vs_lerobot.py,26.358884811401367,5.482299327850342,90.92926025390625,40.581703186035156,10.251485824584961,policies,90.92926025390625
lerobot\src\lerobot\teleoperators\openarm_mini\__init__.py,0.2949366271495819,0.2949366271495819,0.0,3.4269628524780273,0.2949366271495819,robot_devices,3.4269628524780273
lerobot\src\lerobot\policies\act\modeling_act.py,29.012475967407227,7.8559393882751465,70.65693664550781,83.44135284423828,21.804996490478516,robot_devices,83.44135284423828
lerobot\tests\rewards\test_topreward_processor.py,22.23601722717285,7.711869239807129,9.000346183776855,1.3985521793365479,12.013307571411133,configs,22.23601722717285
lerobot\examples\isaac_teleop_to_so101\isaac_teleop\config_isaac_teleop.py,18.195919036865234,4.143757343292236,2.9073898792266846,4.132058620452881,11.343076705932617,configs,18.195919036865234
lerobot\examples\isaac_teleop_to_so101\isaac_teleop\teleop_so101_leader_arm.py,22.18340492248535,6.982640266418457,2.0142388343811035,47.41339874267578,8.304802894592285,robot_devices,47.41339874267578
lerobot\tests\mocks\mock_robot.py,71.31852722167969,4.380528926849365,8.99082088470459,53.91849136352539,6.106637477874756,configs,71.31852722167969
lerobot\src\lerobot\rollout\inference\sync.py,20.17914390563965,4.711112976074219,21.301542282104492,83.23348236083984,4.36880350112915,robot_devices,83.23348236083984
lerobot\src\lerobot\envs\robotwin.py,81.57549285888672,13.957180976867676,22.388710021972656,60.77829360961914,31.115467071533203,configs,81.57549285888672
lerobot\tests\artifacts\image_transforms\save_image_transforms_to_safetensors.py,22.586952209472656,4.732510566711426,1.4148296117782593,5.758370876312256,10.008615493774414,configs,22.586952209472656
lerobot\src\lerobot\teleoperators\so_leader\__init__.py,0.0,0.0,0.0,3.410304307937622,0.39663392305374146,robot_devices,3.410304307937622
lerobot\src\lerobot\cameras\opencv\configuration_opencv.py,14.063852310180664,3.684194564819336,2.8241257667541504,8.520432472229004,7.977238655090332,configs,14.063852310180664
lerobot\src\lerobot\rewards\sarm\processor_sarm.py,32.60667037963867,7.832888126373291,31.937946319580078,34.29682540893555,15.980615615844727,robot_devices,34.29682540893555
lerobot\src\lerobot\motors\encoding_utils.py,3.713010549545288,3.697295904159546,4.778639793395996,9.084734916687012,5.85290002822876,robot_devices,9.084734916687012
lerobot\examples\annotations\run_hf_job.py,7.672636032104492,2.598275661468506,7.858023166656494,5.223810195922852,16.89337730407715,utilities,16.89337730407715
lerobot\src\lerobot\robots\omx_follower\omx_follower.py,81.64674377441406,9.911809921264648,7.7810821533203125,70.34906768798828,18.05043601989746,configs,81.64674377441406
lerobot\tests\policies\test_policies.py,36.98148727416992,17.845170974731445,118.98445129394531,91.8111343383789,35.03560256958008,policies,118.98445129394531
lerobot\src\lerobot\scripts\lerobot_imgtransform_viz.py,21.83395004272461,3.1865224838256836,3.252838134765625,4.601880073547363,8.159541130065918,configs,21.83395004272461
lerobot\src\lerobot\transport\utils.py,17.546907424926758,1.28989839553833,2.1198043823242188,20.28412628173828,7.939723968505859,robot_devices,20.28412628173828
lerobot\src\lerobot\policies\xvla\modeling_florence2.py,38.37651062011719,11.514018058776855,61.46936798095703,35.234764099121094,35.94517517089844,policies,61.46936798095703
lerobot\src\lerobot\async_inference\helpers.py,13.662874221801758,77.55135345458984,27.70865249633789,78.85054016113281,22.799165725708008,robot_devices,78.85054016113281
lerobot\tests\utils\test_foxglove_visualization.py,1.960120677947998,70.02838134765625,1.0,2.693812370300293,5.9826555252075195,environments,70.02838134765625
lerobot\tests\policies\rtc\test_debug_tracker.py,10.10448169708252,5.336709499359131,58.843666076660156,29.2147274017334,17.116748809814453,policies,58.843666076660156
lerobot\tests\policies\pi0_pi05\openpi_pytorch\gemma_pytorch.py,30.837013244628906,5.410147190093994,77.90858459472656,24.751951217651367,15.89209270477295,policies,77.90858459472656
lerobot\tests\scripts\test_lerobot_annotate.py,0.8317161798477173,1.0102282762527466,0.0,9.77864933013916,6.3731279373168945,robot_devices,9.77864933013916
lerobot\src\lerobot\policies\fastwam\wan\components.py,26.496007919311523,4.77210807800293,85.45602416992188,42.925811767578125,21.947240829467773,policies,85.45602416992188
lerobot\examples\training\train_policy.py,12.30545425415039,9.23073959350586,23.07259178161621,38.628543853759766,13.666081428527832,robot_devices,38.628543853759766
lerobot\src\lerobot\robots\earthrover_mini_plus\__init__.py,0.2949366271495819,1.0336374044418335,0.0,47.84299850463867,0.2949366271495819,robot_devices,47.84299850463867
lerobot\src\lerobot\policies\rtc\relative.py,6.124218940734863,3.914724349975586,88.14679718017578,35.26679229736328,3.222360849380493,policies,88.14679718017578
lerobot\src\lerobot\utils\foxglove_visualization.py,12.3355131149292,4.987658977508545,5.181690216064453,47.40106964111328,18.377216339111328,robot_devices,47.40106964111328
lerobot\src\lerobot\teleoperators\keyboard\configuration_keyboard.py,12.425312042236328,3.964768886566162,1.8479084968566895,5.475096702575684,4.132510662078857,configs,12.425312042236328
lerobot\tests\async_inference\test_robot_client.py,25.115964889526367,4.399837970733643,16.405717849731445,51.35436248779297,10.420454978942871,robot_devices,51.35436248779297
lerobot\src\lerobot\robots\lekiwi\lekiwi_client.py,33.279937744140625,5.158733367919922,5.446073532104492,56.191497802734375,13.040716171264648,robot_devices,56.191497802734375
lerobot\src\lerobot\robots\earthrover_mini_plus\config_earthrover_mini_plus.py,14.455949783325195,1.07993483543396,0.0,47.74776840209961,0.7514543533325195,robot_devices,47.74776840209961
lerobot\examples\so100_to_so100_EE\replay.py,19.22993278503418,3.516099214553833,2.0678551197052,51.69466018676758,7.464514255523682,robot_devices,51.69466018676758
lerobot\src\lerobot\envs\configs.py,52.69562530517578,87.59546661376953,17.52952766418457,83.18994140625,24.429733276367188,environments,87.59546661376953
lerobot\src\lerobot\policies\gaussian_actor\configuration_gaussian_actor.py,33.787208557128906,11.531026840209961,93.45377349853516,35.77597427368164,15.821507453918457,policies,93.45377349853516
lerobot\src\lerobot\policies\groot\processor_groot.py,96.73036193847656,32.33176040649414,74.46517944335938,49.036373138427734,38.69022750854492,configs,96.73036193847656
lerobot\tests\datasets\test_image_writer.py,5.955133438110352,6.256731033325195,5.336925983428955,4.409973621368408,17.260360717773438,utilities,17.260360717773438
lerobot\src\lerobot\async_inference\constants.py,0.7098075151443481,3.609760284423828,92.43269348144531,52.69612121582031,9.783553123474121,policies,92.43269348144531
lerobot\src\lerobot\policies\vqbet\__init__.py,0.7404403686523438,0.7404403686523438,76.50166320800781,3.8667397499084473,3.2219078540802,policies,76.50166320800781
lerobot\src\lerobot\transport\__init__.py,0.0,0.0,0.0,3.416532278060913,2.492825508117676,robot_devices,3.416532278060913
lerobot\src\lerobot\robots\unitree_g1\__init__.py,0.0,0.7391520738601685,0.0,47.8490104675293,0.0,robot_devices,47.8490104675293
lerobot\src\lerobot\rewards\sarm\modeling_sarm.py,28.8498592376709,5.3141326904296875,13.468555450439453,43.17892074584961,17.782968521118164,robot_devices,43.17892074584961
lerobot\src\lerobot\motors\feetech\tables.py,1.0317201614379883,4.427331447601318,12.036650657653809,11.278304100036621,4.961784362792969,policies,12.036650657653809
lerobot\tests\envs\test_dispatch.py,25.01658058166504,8.63349723815918,17.91105079650879,49.40012741088867,14.14443588256836,robot_devices,49.40012741088867
lerobot\tests\robots\test_reachy2.py,22.0102596282959,3.848343849182129,3.659397840499878,62.8881721496582,6.613485813140869,robot_devices,62.8881721496582
lerobot\src\lerobot\policies\smolvla\configuration_smolvla.py,30.515104293823242,6.71060037612915,93.8355484008789,8.379507064819336,12.528800010681152,policies,93.8355484008789
lerobot\tests\utils.py,7.899468421936035,1.2373385429382324,6.9025373458862305,43.902976989746094,11.547802925109863,robot_devices,43.902976989746094
lerobot\src\lerobot\rewards\classifier\configuration_classifier.py,14.441323280334473,6.327935695648193,12.392411231994629,33.73725891113281,6.96443510055542,robot_devices,33.73725891113281
lerobot\tests\policies\rtc\test_configuration_rtc.py,28.509998321533203,2.439847469329834,72.107177734375,0.0,2.737577438354492,policies,72.107177734375
lerobot\tests\annotations\__init__.py,0.0,0.6013501882553101,0.0,0.0,0.0,environments,0.6013501882553101
lerobot\src\lerobot\datasets\pipeline_features.py,0.34973612427711487,0.0,1.3667495250701904,40.735816955566406,3.1080102920532227,robot_devices,40.735816955566406
lerobot\src\lerobot\types.py,3.379584789276123,1.0,8.370570182800293,40.64236831665039,0.37057018280029297,robot_devices,40.64236831665039
lerobot\src\lerobot\motors\__init__.py,0.0,0.0,0.0,8.385432243347168,0.0,robot_devices,8.385432243347168
lerobot\src\lerobot\robots\hope_jr\hope_jr_arm.py,70.8243637084961,5.691600799560547,5.095429420471191,69.96959686279297,14.011615753173828,configs,70.8243637084961
lerobot\src\lerobot\processor\gym_action_processor.py,8.512309074401855,1.0,8.0,3.947927236557007,5.167680740356445,configs,8.512309074401855
lerobot\src\lerobot\policies\gaussian_actor\processor_gaussian_actor.py,24.15871810913086,4.352965354919434,100.13886260986328,37.208866119384766,5.335995197296143,policies,100.13886260986328
lerobot\tests\processor\test_smolvla_processor.py,26.539857864379883,9.932652473449707,101.23068237304688,39.56791305541992,7.370075225830078,policies,101.23068237304688
lerobot\examples\isaac_teleop_to_so101\isaac_teleop\base.py,28.3347110748291,10.139010429382324,6.076333522796631,77.03799438476562,25.194177627563477,robot_devices,77.03799438476562
lerobot\src\lerobot\annotations\steerable_pipeline\modules\interjections_and_speech.py,20.264123916625977,7.367173194885254,2.5692968368530273,9.237730979919434,13.502785682678223,configs,20.264123916625977
lerobot\src\lerobot\teleoperators\bi_so_leader\config_bi_so_leader.py,16.822702407836914,0.0,0.3427969813346863,3.391756057739258,0.9296461343765259,configs,16.822702407836914
lerobot\src\lerobot\policies\fastwam\processor_fastwam.py,26.41157341003418,4.718991279602051,98.34933471679688,38.674922943115234,9.04788875579834,policies,98.34933471679688
lerobot\src\lerobot\teleoperators\__init__.py,14.53145694732666,0.2947566509246826,0.0,7.745709419250488,0.7015194892883301,configs,14.53145694732666
lerobot\src\lerobot\robots\reachy2\__init__.py,0.0,0.7249780297279358,0.3672947287559509,47.66014862060547,0.0,robot_devices,47.66014862060547
lerobot\src\lerobot\policies\evo1\flow_matching.py,7.184880256652832,5.035955905914307,60.49692916870117,40.11251449584961,18.95526885986328,policies,60.49692916870117
lerobot\tests\processor\test_tokenizer_processor.py,33.421043395996094,14.177294731140137,17.25609016418457,129.3427276611328,21.24591064453125,robot_devices,129.3427276611328
lerobot\examples\tutorial\smolvla\using_smolvla_example.py,21.11195945739746,4.9873046875,8.626091003417969,91.30565643310547,6.904693126678467,robot_devices,91.30565643310547
lerobot\src\lerobot\datasets\utils.py,81.39021301269531,17.59039306640625,9.589007377624512,59.240970611572266,40.73841857910156,configs,81.39021301269531
lerobot\src\lerobot\utils\rotation.py,4.761017799377441,0.0,0.23021778464317322,2.843020439147949,2.965977668762207,configs,4.761017799377441
lerobot\src\lerobot\policies\vla_jepa\world_model.py,9.962325096130371,5.34083366394043,65.14093017578125,37.0475959777832,16.281635284423828,policies,65.14093017578125
lerobot\src\lerobot\rewards\topreward\compute_rabc_weights.py,37.28483963012695,8.179187774658203,23.107704162597656,42.26927185058594,29.596715927124023,robot_devices,42.26927185058594
lerobot\src\lerobot\policies\fastwam\wan\__init__.py,1.423465371131897,0.0,78.46914672851562,4.0505290031433105,3.5753860473632812,policies,78.46914672851562
lerobot\src\lerobot\policies\rtc\action_interpolator.py,0.0,0.0,74.38922119140625,3.431152820587158,2.0385894775390625,policies,74.38922119140625
lerobot\src\lerobot\policies\fastwam\wan\video_dit.py,13.451922416687012,12.181681632995605,63.99925994873047,44.199710845947266,33.19429016113281,policies,63.99925994873047
lerobot\src\lerobot\utils\device_utils.py,5.635878086090088,7.121692180633545,2.9913136959075928,102.1744384765625,8.448402404785156,robot_devices,102.1744384765625
lerobot\src\lerobot\jobs\hf.py,34.76417541503906,15.277085304260254,26.89409828186035,28.492895126342773,28.490650177001953,configs,34.76417541503906
lerobot\src\lerobot\rl\algorithms\__init__.py,0.0,0.0,0.0,3.431152820587158,0.0,robot_devices,3.431152820587158
lerobot\src\lerobot\policies\pi_gemma.py,28.11113929748535,3.4625091552734375,69.69380950927734,27.81416130065918,10.448797225952148,policies,69.69380950927734
lerobot\src\lerobot\rewards\robometer\processor_robometer.py,33.5770149230957,8.207958221435547,31.356603622436523,72.75397491455078,15.837437629699707,robot_devices,72.75397491455078
lerobot\src\lerobot\robots\bi_rebot_b601_follower\bi_rebot_b601_follower.py,19.80634307861328,1.8792058229446411,5.218504428863525,77.29054260253906,7.828701019287109,robot_devices,77.29054260253906
lerobot\src\lerobot\policies\pi05\modeling_pi05.py,39.802276611328125,14.265765190124512,72.71556091308594,45.740509033203125,40.41730880737305,policies,72.71556091308594
lerobot\src\lerobot\annotations\steerable_pipeline\executor.py,26.773103713989258,4.772898197174072,5.393139839172363,15.009380340576172,18.9368953704834,configs,26.773103713989258
lerobot\tests\configs\test_recipe.py,54.56689453125,5.64990234375,1.0,2.628807306289673,10.14147663116455,configs,54.56689453125
lerobot\tests\jobs\conftest.py,0.0,0.6013501882553101,0.0,0.0,0.0,environments,0.6013501882553101
lerobot\src\lerobot\policies\fastwam\configuration_fastwam.py,38.88679885864258,10.819510459899902,92.34818267822266,67.2044448852539,16.478837966918945,policies,92.34818267822266
lerobot\src\lerobot\model\kinematics.py,3.05088472366333,4.501479625701904,6.700133800506592,51.442352294921875,16.141386032104492,robot_devices,51.442352294921875
lerobot\tests\optim\test_optimizers.py,28.54611587524414,5.014647960662842,8.49247932434082,1.947221279144287,6.704314708709717,configs,28.54611587524414
lerobot\src\lerobot\motors\dynamixel\dynamixel.py,5.566245079040527,3.989893674850464,19.223440170288086,23.219900131225586,21.328577041625977,robot_devices,23.219900131225586
lerobot\src\lerobot\policies\vqbet\processor_vqbet.py,23.60495948791504,3.275245189666748,97.95873260498047,35.39231872558594,5.019915580749512,policies,97.95873260498047
lerobot\tests\robots\test_so100_follower.py,0.7086468935012817,2.6625375747680664,1.0,60.96772384643555,2.1950459480285645,robot_devices,60.96772384643555
lerobot\src\lerobot\rewards\pretrained.py,34.8377799987793,17.465587615966797,18.05172348022461,141.44580078125,30.035823822021484,robot_devices,141.44580078125
lerobot\src\lerobot\policies\gaussian_actor\__init__.py,0.8350722789764404,1.7911990880966187,79.910400390625,4.360928058624268,3.505878448486328,policies,79.910400390625
lerobot\tests\artifacts\policies\save_policy_to_safetensors.py,22.591968536376953,10.458438873291016,101.6906967163086,51.846736907958984,20.944772720336914,policies,101.6906967163086
lerobot\tests\rewards\test_sarm_processor.py,22.07611656188965,2.4138031005859375,12.756141662597656,25.04709815979004,8.339070320129395,robot_devices,25.04709815979004
lerobot\src\lerobot\optim\__init__.py,0.0,0.0,0.0,3.72969388961792,0.0,robot_devices,3.72969388961792
lerobot\src\lerobot\rewards\__init__.py,17.62240219116211,0.8961858153343201,6.127729892730713,3.8679463863372803,1.898758053779602,configs,17.62240219116211
lerobot\tests\datasets\test_video_decoder_cache.py,5.790595531463623,2.166672945022583,1.0653018951416016,22.511207580566406,9.394587516784668,robot_devices,22.511207580566406
lerobot\src\lerobot\teleoperators\bi_rebot_102_leader\bi_rebot_102_leader.py,19.75824546813965,0.0,7.5924530029296875,56.46671676635742,4.690993785858154,robot_devices,56.46671676635742
lerobot\src\lerobot\datasets\streaming_dataset.py,63.32078552246094,9.749213218688965,5.587959289550781,15.740222930908203,26.31003761291504,configs,63.32078552246094
lerobot\examples\tutorial\rl\hilserl_example.py,30.849552154541016,11.775619506835938,21.514081954956055,90.72994232177734,17.370840072631836,robot_devices,90.72994232177734
lerobot\src\lerobot\policies\pi0_fast\processor_pi0_fast.py,25.76297378540039,7.195984840393066,96.18997955322266,33.441646575927734,6.0282206535339355,policies,96.18997955322266
lerobot\src\lerobot\jobs\__init__.py,0.0,0.0,0.0,3.8658502101898193,5.47255277633667,utilities,5.47255277633667
lerobot\examples\isaac_teleop_to_so101\isaac_teleop\__init__.py,0.0,0.7453542947769165,1.0,45.142547607421875,0.4468459486961365,robot_devices,45.142547607421875
lerobot\src\lerobot\teleoperators\gamepad\__init__.py,0.0,0.0,0.0,3.431152820587158,0.0,robot_devices,3.431152820587158
lerobot\tests\teleoperators\test_reachy2_teleoperator.py,17.588903427124023,2.099468946456909,3.4398996829986572,57.553932189941406,5.499485969543457,robot_devices,57.553932189941406
lerobot\src\lerobot\teleoperators\koch_leader\__init__.py,0.0,0.0,0.0,3.7601537704467773,0.0,robot_devices,3.7601537704467773
lerobot\tests\processor\test_pi0_processor.py,24.189010620117188,3.67883563041687,18.2867431640625,39.6713981628418,7.341061115264893,robot_devices,39.6713981628418
lerobot\src\lerobot\teleoperators\reachy2_teleoperator\reachy2_teleoperator.py,20.985614776611328,1.4951510429382324,4.028087139129639,12.425569534301758,10.86168384552002,configs,20.985614776611328
lerobot\src\lerobot\rl\algorithms\configs.py,83.78558349609375,14.873710632324219,32.911712646484375,9.61744213104248,24.245847702026367,configs,83.78558349609375
lerobot\src\lerobot\teleoperators\unitree_g1\config_unitree_g1.py,18.498910903930664,3.346176862716675,1.2112486362457275,4.229602336883545,3.3367488384246826,configs,18.498910903930664
lerobot\src\lerobot\policies\multi_task_dit\modeling_multi_task_dit.py,32.065460205078125,8.819328308105469,64.02021789550781,87.94898986816406,25.593215942382812,robot_devices,87.94898986816406
lerobot\src\lerobot\processor\delta_action_processor.py,4.90146541595459,4.056215763092041,8.0,46.456031799316406,6.552618026733398,robot_devices,46.456031799316406
lerobot\tests\utils\test_visualization_utils.py,0.28945764899253845,0.8774745464324951,5.039414882659912,0.0,1.2822755575180054,policies,5.039414882659912
lerobot\src\lerobot\policies\vqbet\vqbet_utils.py,32.973045349121094,36.06458282470703,60.358760833740234,40.21605682373047,31.610069274902344,policies,60.358760833740234
lerobot\src\lerobot\policies\molmoact2\molmoact2_hf_model\action_tokenizer.py,23.585586547851562,3.6790099143981934,74.98391723632812,3.776646375656128,13.813214302062988,policies,74.98391723632812
lerobot\src\lerobot\teleoperators\bi_rebot_102_leader\__init__.py,0.0,0.0,0.0,8.655792236328125,0.0,robot_devices,8.655792236328125
lerobot\src\lerobot\robots\lekiwi\lekiwi.py,72.86157989501953,11.0617094039917,11.532269477844238,70.84719848632812,25.42645263671875,configs,72.86157989501953
lerobot\examples\training\train_with_streaming.py,12.400935173034668,10.360560417175293,19.6951904296875,40.00086212158203,14.189239501953125,robot_devices,40.00086212158203
lerobot\src\lerobot\scripts\lerobot_dataset_viz.py,18.061586380004883,13.4248046875,17.26631736755371,21.637741088867188,33.44447708129883,utilities,33.44447708129883
lerobot\src\lerobot\teleoperators\reachy2_teleoperator\__init__.py,0.0,0.0,0.3672947287559509,7.106906414031982,0.0,robot_devices,7.106906414031982
lerobot\src\lerobot\utils\import_utils.py,26.98505210876465,6.634809970855713,20.276634216308594,88.57770538330078,22.950288772583008,robot_devices,88.57770538330078
lerobot\examples\dataset\slurm_compute_rabc.py,43.17311477661133,12.160039901733398,18.513591766357422,43.7579460144043,42.92963790893555,robot_devices,43.7579460144043
lerobot\src\lerobot\policies\fastwam\wan\model.py,5.096968173980713,2.2845146656036377,73.13140106201172,5.416950225830078,15.617757797241211,policies,73.13140106201172
lerobot\src\lerobot\datasets\dataset_metadata.py,28.249345779418945,11.189325332641602,13.63288402557373,60.13541793823242,29.506099700927734,robot_devices,60.13541793823242
lerobot\src\lerobot\policies\multi_task_dit\configuration_multi_task_dit.py,18.285493850708008,6.8839240074157715,80.45023345947266,7.969391822814941,14.983226776123047,policies,80.45023345947266
lerobot\tests\test_cli_peft.py,32.83668899536133,9.85952377319336,27.37221336364746,7.679949760437012,24.140207290649414,configs,32.83668899536133
lerobot\src\lerobot\robots\unitree_g1\unitree_g1.py,69.46453857421875,12.351353645324707,6.394590377807617,68.40582275390625,22.374980926513672,configs,69.46453857421875
lerobot\src\lerobot\policies\pi0\configuration_pi0.py,30.785818099975586,6.939371109008789,92.80438232421875,32.97292709350586,9.708321571350098,policies,92.80438232421875
lerobot\tests\cameras\test_reachy2_camera.py,18.949325561523438,0.9466472268104553,3.419313669204712,7.638632297515869,4.682239532470703,configs,18.949325561523438
lerobot\examples\isaac_teleop_to_so101\__init__.py,0.0,0.0,0.0,0.0,0.45116981863975525,utilities,0.45116981863975525
lerobot\src\lerobot\common\control_utils.py,10.940864562988281,11.891633987426758,23.653026580810547,92.81029510498047,23.19956398010254,robot_devices,92.81029510498047
lerobot\src\lerobot\rl\data_sources\__init__.py,0.0,0.0,0.0,3.4269628524780273,0.0,robot_devices,3.4269628524780273
lerobot\src\lerobot\policies\vla_jepa\configuration_vla_jepa.py,20.280942916870117,9.119245529174805,99.02749633789062,49.412235260009766,11.742328643798828,policies,99.02749633789062
lerobot\src\lerobot\rewards\classifier\modeling_classifier.py,22.269573211669922,3.4364614486694336,15.605131149291992,7.046864032745361,11.756791114807129,configs,22.269573211669922
lerobot\src\lerobot\processor\pipeline.py,42.639854431152344,14.629195213317871,30.91697120666504,47.846290588378906,24.74759864807129,robot_devices,47.846290588378906
lerobot\src\lerobot\utils\decorators.py,0.0,0.0,0.0,4.359274864196777,0.0,robot_devices,4.359274864196777
lerobot\examples\isaac_teleop_to_so101\isaac_teleop\clutch.py,2.8707571029663086,0.8548178672790527,0.8548178672790527,3.5774214267730713,3.753146171569824,utilities,3.753146171569824
lerobot\examples\port_datasets\slurm_aggregate_shards.py,9.450496673583984,7.900124549865723,3.51767897605896,3.293687343597412,21.857847213745117,utilities,21.857847213745117
lerobot\src\lerobot\annotations\steerable_pipeline\modules\__init__.py,0.0,0.0,0.768810510635376,3.8685150146484375,3.6661014556884766,robot_devices,3.8685150146484375
lerobot\src\lerobot\policies\fastwam\__init__.py,0.8362218141555786,0.8362218141555786,78.60086059570312,4.366930961608887,3.5093281269073486,policies,78.60086059570312
lerobot\src\lerobot\policies\tdmpc\configuration_tdmpc.py,16.07269287109375,6.2555646896362305,83.23206329345703,4.692080497741699,12.018141746520996,policies,83.23206329345703
lerobot\examples\port_datasets\port_droid.py,18.744340896606445,9.510205268859863,12.926900863647461,60.22162628173828,37.21907424926758,robot_devices,60.22162628173828
lerobot\tests\policies\molmoact2\test_molmoact2.py,40.283634185791016,13.985945701599121,83.1801986694336,35.501060485839844,32.698307037353516,policies,83.1801986694336
lerobot\src\lerobot\policies\act\configuration_act.py,18.642494201660156,87.99684143066406,100.97313690185547,6.820720195770264,14.78673267364502,policies,100.97313690185547
lerobot\src\lerobot\policies\rtc\__init__.py,0.0,0.0,74.22990417480469,3.416532278060913,2.0341639518737793,policies,74.22990417480469
lerobot\tests\policies\groot\test_groot_lerobot.py,26.72984504699707,10.259408950805664,90.61219024658203,44.36170196533203,12.26294231414795,policies,90.61219024658203
lerobot\tests\processor\test_pipeline_from_pretrained_helpers.py,36.69524383544922,4.9906134605407715,10.304701805114746,6.487435340881348,17.34212303161621,configs,36.69524383544922
lerobot\src\lerobot\rl\algorithms\sac\sac_algorithm.py,29.646406173706055,6.662107467651367,22.234312057495117,37.61549377441406,7.737788200378418,robot_devices,37.61549377441406
lerobot\src\lerobot\policies\rtc\configuration_rtc.py,10.410995483398438,1.924584984779358,72.67959594726562,3.6919193267822266,2.24245285987854,policies,72.67959594726562
lerobot\src\lerobot\robots\bi_so_follower\__init__.py,0.0,0.7387007474899292,0.0,47.84299850463867,0.3985713720321655,robot_devices,47.84299850463867
lerobot\src\lerobot\cameras\realsense\configuration_realsense.py,10.987777709960938,2.196140766143799,2.8554351329803467,6.4775309562683105,0.6884275674819946,configs,10.987777709960938
lerobot\tests\policies\wall_x\test_wallx.py,27.296918869018555,7.880706787109375,86.57839965820312,36.14189147949219,10.369544982910156,policies,86.57839965820312
lerobot\src\lerobot\policies\rtc\action_queue.py,4.225046157836914,1.1147565841674805,70.92533874511719,3.7368011474609375,7.1405110359191895,policies,70.92533874511719
lerobot\src\lerobot\rewards\factory.py,33.01210403442383,6.270586967468262,29.62474822998047,28.280208587646484,9.483333587646484,configs,33.01210403442383
lerobot\src\lerobot\teleoperators\bi_openarm_leader\bi_openarm_leader.py,29.074298858642578,3.2114057540893555,2.613673210144043,66.75579071044922,7.722117900848389,robot_devices,66.75579071044922
lerobot\tests\robots\test_rebot_b601_follower.py,16.741439819335938,3.0596230030059814,11.06220817565918,73.31813049316406,10.461089134216309,robot_devices,73.31813049316406
lerobot\examples\phone_to_so100\replay.py,19.22993278503418,3.516099214553833,2.0678551197052,51.69466018676758,7.464514255523682,robot_devices,51.69466018676758
lerobot\src\lerobot\rewards\sarm\sarm_utils.py,4.092357635498047,3.4143166542053223,1.6768393516540527,3.878248453140259,7.7400970458984375,utilities,7.7400970458984375
lerobot\tests\fixtures\hub.py,8.993596076965332,11.985508918762207,4.375186920166016,11.547422409057617,19.31916618347168,utilities,19.31916618347168
lerobot\src\lerobot\robots\__init__.py,14.540328979492188,1.7869850397109985,0.0,56.07286834716797,0.701947808265686,robot_devices,56.07286834716797
lerobot\src\lerobot\common\__init__.py,0.0,0.0,0.0,3.8792102336883545,0.0,robot_devices,3.8792102336883545
lerobot\src\lerobot\policies\pi0_fast\modeling_pi0_fast.py,43.00856399536133,14.300009727478027,85.9252700805664,46.146636962890625,42.26176071166992,policies,85.9252700805664
lerobot\src\lerobot\cameras\opencv\camera_opencv.py,36.62714385986328,6.344751834869385,9.767088890075684,12.504739761352539,14.50985050201416,configs,36.62714385986328
lerobot\examples\so100_to_so100_EE\evaluate.py,27.862760543823242,93.67105102539062,26.608606338500977,93.66789245605469,17.614843368530273,environments,93.67105102539062
lerobot\tests\rewards\test_modeling_classifier.py,22.149696350097656,3.1708595752716064,14.184038162231445,36.552711486816406,5.61566686630249,robot_devices,36.552711486816406
lerobot\src\lerobot\policies\lingbot_va\utils.py,22.69011116027832,10.776944160461426,60.59010696411133,37.99129867553711,31.461870193481445,policies,60.59010696411133
lerobot\tests\motors\test_dynamixel.py,1.3938339948654175,2.4795444011688232,17.096843719482422,22.483165740966797,11.892879486083984,robot_devices,22.483165740966797
lerobot\src\lerobot\robots\omx_follower\__init__.py,0.0,0.7391520738601685,0.0,47.8490104675293,0.0,robot_devices,47.8490104675293
lerobot\examples\port_datasets\slurm_upload.py,20.061256408691406,13.286725044250488,14.196497917175293,15.471745491027832,32.85396957397461,utilities,32.85396957397461
lerobot\tests\jobs\test_job_config.py,22.06985855102539,3.155935525894165,18.202131271362305,3.224189281463623,5.137670516967773,configs,22.06985855102539
lerobot\tests\policies\pi0_pi05\openpi_pytorch\pi0_pytorch.py,26.192012786865234,7.262916088104248,70.9937744140625,36.333065032958984,15.373072624206543,policies,70.9937744140625
lerobot\src\lerobot\robots\so_follower\config_so_follower.py,15.586454391479492,3.9519622325897217,0.7569597959518433,50.96842575073242,3.601649522781372,robot_devices,50.96842575073242
lerobot\src\lerobot\processor\env_processor.py,8.179443359375,4.586587905883789,17.071392059326172,81.314208984375,4.415258407592773,robot_devices,81.314208984375
lerobot\tests\utils\test_train_utils.py,25.928375244140625,7.774625301361084,23.565582275390625,5.875974655151367,14.30757999420166,configs,25.928375244140625
lerobot\src\lerobot\configs\train.py,94.90660858154297,18.4155216217041,37.7115592956543,26.203136444091797,33.0374870300293,configs,94.90660858154297
lerobot\src\lerobot\robots\openarm_follower\openarm_follower.py,88.30997467041016,10.231806755065918,6.590747356414795,80.0284194946289,22.981550216674805,configs,88.30997467041016
lerobot\src\lerobot\rl\train_rl.py,21.933269500732422,2.8766183853149414,16.08877182006836,3.3592746257781982,3.667142152786255,configs,21.933269500732422
lerobot\src\lerobot\rollout\strategies\highlight.py,29.94677734375,11.474675178527832,16.624242782592773,58.34990310668945,28.500043869018555,robot_devices,58.34990310668945
lerobot\src\lerobot\policies\xvla\modeling_xvla.py,40.10601043701172,16.694114685058594,85.93695068359375,44.4469108581543,40.89234924316406,policies,85.93695068359375
lerobot\tests\async_inference\test_e2e.py,30.971614837646484,8.679983139038086,25.131013870239258,111.32905578613281,15.316482543945312,robot_devices,111.32905578613281
lerobot\src\lerobot\transforms\__init__.py,16.413799285888672,0.33293816447257996,0.0,3.4040989875793457,0.792391300201416,configs,16.413799285888672
lerobot\src\lerobot\envs\__init__.py,21.624143600463867,3.0909557342529297,16.100374221801758,4.313488483428955,2.812767267227173,configs,21.624143600463867
lerobot\src\lerobot\policies\molmoact2\processor_molmoact2.py,37.158607482910156,17.39158058166504,74.30835723876953,91.60953521728516,30.05840301513672,robot_devices,91.60953521728516
lerobot\src\lerobot\rl\actor.py,31.18094253540039,9.411956787109375,27.661500930786133,115.02485656738281,19.92236328125,robot_devices,115.02485656738281
lerobot\tests\mocks\mock_motors_bus.py,2.173844814300537,4.883985996246338,12.573023796081543,14.106489181518555,8.185646057128906,robot_devices,14.106489181518555
lerobot\src\lerobot\scripts\augment_dataset_quantile_stats.py,10.461470603942871,2.8007524013519287,8.170058250427246,10.78016185760498,13.538199424743652,utilities,13.538199424743652
lerobot\src\lerobot\datasets\io_utils.py,12.09685230255127,10.812555313110352,9.819072723388672,7.991810321807861,29.58802604675293,utilities,29.58802604675293
lerobot\tests\jobs\__init__.py,0.0,0.6013501882553101,0.0,0.0,0.0,environments,0.6013501882553101
lerobot\tests\datasets\test_image_transforms.py,28.851634979248047,12.32840347290039,5.941004276275635,6.8206562995910645,21.33013343811035,configs,28.851634979248047
lerobot\tests\policies\fastwam\test_fastwam_policy.py,34.00312042236328,11.381548881530762,93.77970123291016,73.72850036621094,21.679851531982422,policies,93.77970123291016
lerobot\tests\rl\test_queue.py,5.864300727844238,0.819640040397644,0.0,2.9404096603393555,5.590044975280762,configs,5.864300727844238
lerobot\src\lerobot\teleoperators\gamepad\gamepad_utils.py,3.0470592975616455,57.90501022338867,6.06236457824707,105.2029800415039,12.434531211853027,robot_devices,105.2029800415039
lerobot\examples\tutorial\async-inf\robot_client.py,10.05263614654541,6.9302544593811035,19.621990203857422,88.24549102783203,8.800065994262695,robot_devices,88.24549102783203
lerobot\src\lerobot\policies\lingbot_va\__init__.py,0.8350722789764404,0.8350722789764404,78.54229736328125,4.360928058624268,3.505878448486328,policies,78.54229736328125
lerobot\src\lerobot\motors\dynamixel\tables.py,1.9378607273101807,1.1200565099716187,17.960269927978516,11.683444023132324,7.962146282196045,policies,17.960269927978516
lerobot\tests\datasets\test_dataset_reader.py,4.787522792816162,5.772368431091309,2.5842716693878174,15.813117980957031,13.599875450134277,robot_devices,15.813117980957031
lerobot\tests\utils\test_keyboard_input.py,11.511370658874512,7.266754627227783,1.2662826776504517,12.941373825073242,10.849674224853516,robot_devices,12.941373825073242
lerobot\src\lerobot\robots\unitree_g1\g1_kinematics.py,13.414427757263184,4.582808494567871,11.754419326782227,57.22874069213867,9.21764087677002,robot_devices,57.22874069213867
lerobot\src\lerobot\robots\bi_openarm_follower\config_bi_openarm_follower.py,18.28123664855957,3.7768898010253906,1.1024113893508911,50.66839599609375,4.682342529296875,robot_devices,50.66839599609375
lerobot\src\lerobot\policies\xvla\__init__.py,0.0,0.0,73.25257873535156,3.4186134338378906,2.0347938537597656,policies,73.25257873535156
lerobot\src\lerobot\rl\gym_manipulator.py,23.202713012695312,96.61957550048828,7.0999860763549805,107.16487121582031,28.198436737060547,robot_devices,107.16487121582031
lerobot\src\lerobot\datasets\sampler.py,4.369318962097168,2.072991132736206,1.9741992950439453,4.498354434967041,11.139073371887207,utilities,11.139073371887207
lerobot\tests\policies\rtc\test_latency_tracker.py,1.5774662494659424,2.0177366733551025,65.65552520751953,1.5693494081497192,4.665917873382568,policies,65.65552520751953
lerobot\tests\rewards\test_robometer_processor.py,22.63296127319336,8.027740478515625,22.51723861694336,1.8456535339355469,14.173018455505371,configs,22.63296127319336
lerobot\src\lerobot\transforms\transforms.py,21.564640045166016,5.585129261016846,1.7892310619354248,4.165962219238281,6.203511714935303,configs,21.564640045166016
lerobot\src\lerobot\annotations\steerable_pipeline\__init__.py,0.0,0.0,0.0,3.8685150146484375,0.0,robot_devices,3.8685150146484375
lerobot\src\lerobot\policies\pi0\modeling_pi0.py,40.06147384643555,14.430496215820312,73.0185546875,46.11851119995117,40.72520446777344,policies,73.0185546875
