file_path,configs,datasets,environments,policies,utilities,best_module,best_likelihood
lerobot\examples\lekiwi\replay.py,18.31281280517578,39.846675872802734,3.4413318634033203,1.7449873685836792,6.177419662475586,datasets,39.846675872802734
lerobot\src\lerobot\robots\openarm_follower\config_openarm_follower.py,16.132461547851562,8.89596939086914,4.158183574676514,1.4005889892578125,3.6244258880615234,configs,16.132461547851562
lerobot\src\lerobot\robots\hope_jr\hope_jr_hand.py,67.58927917480469,8.008991241455078,4.487032413482666,6.958212852478027,11.905387878417969,configs,67.58927917480469
lerobot\src\lerobot\envs\robomme.py,3.689446210861206,42.564491271972656,5.19137716293335,4.342928886413574,8.793567657470703,datasets,42.564491271972656
lerobot\src\lerobot\async_inference\robot_client.py,28.683916091918945,12.041312217712402,72.29034423828125,20.00011444091797,16.975122451782227,environments,72.29034423828125
lerobot\tests\policies\pi0_pi05\test_pi05.py,28.29073143005371,44.07421875,7.897900581359863,100.39949798583984,11.299995422363281,policies,100.39949798583984
lerobot\src\lerobot\utils\robot_utils.py,1.6230789422988892,0.7600653171539307,2.2513949871063232,1.2135741710662842,2.901604175567627,utilities,2.901604175567627
lerobot\tests\policies\test_gaussian_actor_config.py,29.496891021728516,44.21206283569336,6.447383403778076,90.51712799072266,13.487122535705566,policies,90.51712799072266
lerobot\tests\policies\lingbot_va\test_modules.py,13.223345756530762,14.60742473602295,9.355594635009766,90.77559661865234,17.62948226928711,policies,90.77559661865234
lerobot\src\lerobot\policies\molmoact2\configuration_molmoact2.py,26.23810577392578,42.28126907348633,9.15857219696045,89.62661743164062,15.59067153930664,policies,89.62661743164062
lerobot\src\lerobot\utils\io_utils.py,2.504503011703491,14.57640552520752,0.0,4.045910358428955,7.338809490203857,datasets,14.57640552520752
lerobot\tests\policies\groot\test_groot_train_random_crop.py,14.980801582336426,9.63300895690918,4.555191516876221,71.40493774414062,12.431377410888672,policies,71.40493774414062
lerobot\tests\policies\vla_jepa\test_vla_jepa.py,33.35167694091797,51.90513610839844,11.10680866241455,86.59577178955078,18.82621192932129,policies,86.59577178955078
lerobot\src\lerobot\motors\robstride\robstride.py,8.192411422729492,18.40349006652832,8.15110969543457,10.537972450256348,19.05821990966797,utilities,19.05821990966797
lerobot\examples\omx\record_grab.py,12.679642677307129,58.0324821472168,5.818756103515625,5.91222620010376,13.67898178100586,datasets,58.0324821472168
lerobot\src\lerobot\configs\policies.py,82.62837982177734,23.137962341308594,10.744494438171387,95.44371795654297,22.324705123901367,policies,95.44371795654297
lerobot\tests\processor\test_migration_detection.py,98.2158203125,23.776283264160156,7.747122287750244,34.09443283081055,14.23744010925293,configs,98.2158203125
lerobot\tests\policies\test_gaussian_actor_policy.py,32.742149353027344,84.69279479980469,9.77029037475586,71.67781829833984,17.408449172973633,datasets,84.69279479980469
lerobot\tests\fixtures\files.py,8.497604370117188,113.81906127929688,8.119154930114746,4.057518005371094,15.469819068908691,datasets,113.81906127929688
lerobot\tests\policies\pi0_pi05\test_pi0.py,27.858211517333984,43.73704528808594,7.786226272583008,95.489990234375,10.39765453338623,policies,95.489990234375
lerobot\src\lerobot\async_inference\__init__.py,0.0,0.0,0.0,0.0,2.4794247150421143,utilities,2.4794247150421143
lerobot\tests\conftest.py,11.815428733825684,94.23249816894531,7.140164852142334,17.974620819091797,15.170337677001953,datasets,94.23249816894531
lerobot\tests\policies\vla_jepa\conftest.py,23.829513549804688,13.361019134521484,3.519662857055664,84.66500854492188,9.375727653503418,policies,84.66500854492188
lerobot\src\lerobot\robots\so_follower\so_follower.py,69.52079772949219,11.453676223754883,8.472779273986816,9.117843627929688,20.12413215637207,configs,69.52079772949219
lerobot\src\lerobot\robots\openarm_follower\__init__.py,0.0,0.0,0.7254135608673096,0.0,0.0,environments,0.7254135608673096
lerobot\tests\cameras\test_realsense.py,23.93861961364746,10.456294059753418,4.5875043869018555,4.403566837310791,9.56015682220459,configs,23.93861961364746
lerobot\tests\datasets\test_quantiles_dataset_integration.py,4.00654935836792,111.52308654785156,3.033127784729004,3.247097969055176,14.533024787902832,datasets,111.52308654785156
lerobot\tests\policies\test_relative_actions.py,5.35717248916626,98.16114044189453,5.744000434875488,74.51351165771484,13.264922142028809,datasets,98.16114044189453
lerobot\src\lerobot\teleoperators\homunculus\joints_translation.py,0.9414218664169312,0.5544384717941284,0.5544384717941284,2.6738779544830322,1.1088769435882568,policies,2.6738779544830322
lerobot\src\lerobot\teleoperators\keyboard\teleop_keyboard.py,23.35468292236328,9.430746078491211,53.2513427734375,5.476214408874512,14.608577728271484,environments,53.2513427734375
lerobot\tests\utils\test_hub.py,25.23514747619629,10.486896514892578,6.553290367126465,8.71916675567627,15.67837905883789,configs,25.23514747619629
lerobot\tests\policies\pi0_pi05\test_pi0_original_vs_lerobot.py,25.82551383972168,46.117000579833984,5.0868730545043945,93.20039367675781,9.887303352355957,policies,93.20039367675781
lerobot\src\lerobot\robots\koch_follower\config_koch_follower.py,15.701279640197754,6.259332656860352,3.940356969833374,0.7313350439071655,3.083671808242798,configs,15.701279640197754
lerobot\src\lerobot\annotations\steerable_pipeline\config.py,16.840742111206055,15.438944816589355,6.171783447265625,8.928877830505371,11.244568824768066,configs,16.840742111206055
lerobot\src\lerobot\teleoperators\rebot_102_leader\rebot_102_leader.py,29.47724723815918,15.579893112182617,9.137117385864258,13.292243003845215,26.221782684326172,configs,29.47724723815918
lerobot\src\lerobot\rl\queue.py,0.0,0.0,0.0,0.3165314197540283,0.3165314197540283,policies,0.3165314197540283
lerobot\src\lerobot\annotations\steerable_pipeline\validator.py,7.316145420074463,45.44292449951172,3.596494436264038,5.647488594055176,13.026178359985352,datasets,45.44292449951172
lerobot\src\lerobot\teleoperators\homunculus\config_homunculus.py,13.971883773803711,5.071703910827637,0.0,0.8396146297454834,1.595137357711792,configs,13.971883773803711
lerobot\src\lerobot\cameras\zmq\camera_zmq.py,27.06511116027832,16.16933250427246,6.465993881225586,10.112281799316406,15.139883041381836,configs,27.06511116027832
lerobot\tests\mocks\mock_dynamixel.py,2.0258474349975586,10.454863548278809,3.6878042221069336,14.456710815429688,5.723465919494629,policies,14.456710815429688
lerobot\tests\cameras\test_opencv.py,33.94469451904297,13.963476181030273,7.5948567390441895,8.378402709960938,13.6676025390625,configs,33.94469451904297
lerobot\src\lerobot\policies\evo1\evo1_model.py,22.899152755737305,11.903114318847656,3.925288438796997,79.53019714355469,14.764217376708984,policies,79.53019714355469
lerobot\tests\datasets\test_dataset_metadata.py,24.177112579345703,114.57867431640625,11.680734634399414,6.183712959289551,22.407255172729492,datasets,114.57867431640625
lerobot\tests\processor\test_policy_robot_bridge.py,23.955543518066406,7.3312668800354,8.773266792297363,27.779930114746094,2.5530357360839844,policies,27.779930114746094
lerobot\src\lerobot\__version__.py,0.0,0.0,0.0,0.0,1.0,utilities,1.0
lerobot\examples\lekiwi\evaluate.py,25.705888748168945,53.50439453125,86.95663452148438,25.513261795043945,15.099275588989258,environments,86.95663452148438
lerobot\src\lerobot\annotations\steerable_pipeline\modules\general_vqa.py,25.88657569885254,39.54776382446289,8.165407180786133,7.244947910308838,23.314369201660156,datasets,39.54776382446289
lerobot\tests\configs\test_plugin_loading.py,70.25830841064453,8.533693313598633,3.7796125411987305,10.693111419677734,8.397781372070312,configs,70.25830841064453
lerobot\tests\datasets\test_delta_timestamps.py,0.7258889675140381,90.96504211425781,3.803579092025757,3.6784801483154297,5.520963191986084,datasets,90.96504211425781
lerobot\tests\processor\test_gaussian_actor_processor.py,26.688159942626953,22.461814880371094,6.175103187561035,22.51898956298828,7.237004280090332,configs,26.688159942626953
lerobot\src\lerobot\scripts\lerobot_find_port.py,1.6900535821914673,2.1421074867248535,1.993408203125,0.0,6.031807899475098,utilities,6.031807899475098
lerobot\tests\policies\rtc\test_modeling_rtc.py,21.144649505615234,3.905571460723877,2.8077518939971924,57.910316467285156,8.390583992004395,policies,57.910316467285156
lerobot\src\lerobot\robots\hope_jr\config_hope_jr.py,16.335107803344727,6.263659954071045,5.000279426574707,1.9533779621124268,5.51665735244751,configs,16.335107803344727
lerobot\tests\datasets\test_streaming_video_encoder.py,18.954429626464844,98.15677642822266,2.4413716793060303,3.993896961212158,11.048672676086426,datasets,98.15677642822266
lerobot\examples\rtc\eval_dataset.py,42.86035919189453,54.886295318603516,17.568464279174805,35.055110931396484,24.43523597717285,datasets,54.886295318603516
lerobot\src\lerobot\rollout\inference\factory.py,24.217607498168945,41.776039123535156,6.980465412139893,19.672744750976562,4.823161602020264,datasets,41.776039123535156
lerobot\src\lerobot\policies\act\processor_act.py,24.685916900634766,36.17702102661133,3.30619740486145,104.08287811279297,5.920970439910889,policies,104.08287811279297
lerobot\src\lerobot\robots\robot.py,19.754167556762695,4.041857719421387,2.323011636734009,2.2336790561676025,4.3321614265441895,configs,19.754167556762695
lerobot\src\lerobot\rollout\strategies\core.py,28.92017364501953,55.600372314453125,8.19682502746582,21.71851921081543,25.666812896728516,datasets,55.600372314453125
lerobot\src\lerobot\policies\groot\modeling_groot.py,36.38117218017578,29.469911575317383,12.691750526428223,102.51893615722656,33.51022720336914,policies,102.51893615722656
lerobot\src\lerobot\robots\lekiwi\__init__.py,0.0,0.0,0.7254135608673096,0.0,0.0,environments,0.7254135608673096
lerobot\src\lerobot\scripts\lerobot_find_cameras.py,26.88334846496582,20.565982818603516,7.899259090423584,7.965507507324219,19.41187858581543,configs,26.88334846496582
lerobot\src\lerobot\rl\learner.py,30.81629753112793,60.249366760253906,11.73833179473877,32.80039596557617,27.938690185546875,datasets,60.249366760253906
lerobot\src\lerobot\robots\lekiwi\lekiwi_host.py,27.81987762451172,12.936446189880371,8.661825180053711,5.619335174560547,13.004504203796387,configs,27.81987762451172
lerobot\examples\isaac_teleop_to_so101\isaac_teleop\teleop_xr_controller.py,20.702844619750977,1.0581364631652832,4.482686996459961,1.3250091075897217,8.287357330322266,configs,20.702844619750977
lerobot\src\lerobot\datasets\dataset_writer.py,12.65527629852295,112.19879913330078,7.671145439147949,9.742481231689453,19.878971099853516,datasets,112.19879913330078
lerobot\src\lerobot\policies\groot\__init__.py,0.7563014626502991,0.9659843444824219,0.7563014626502991,82.51399230957031,3.4911413192749023,policies,82.51399230957031
lerobot\src\lerobot\common\wandb_utils.py,32.995174407958984,53.34503173828125,11.228198051452637,28.175230026245117,20.297149658203125,datasets,53.34503173828125
lerobot\src\lerobot\robots\reachy2\configuration_reachy2.py,11.856989860534668,9.214177131652832,6.069782733917236,4.321955680847168,3.3576900959014893,configs,11.856989860534668
lerobot\tests\annotations\test_modules.py,22.132108688354492,110.6541519165039,8.009329795837402,7.088768482208252,26.988208770751953,datasets,110.6541519165039
lerobot\src\lerobot\scripts\lerobot_eval.py,23.85039520263672,102.88235473632812,37.61135482788086,24.8887882232666,25.39356803894043,datasets,102.88235473632812
lerobot\examples\isaac_teleop_to_so101\isaac_teleop\xr_controller_processor.py,3.4265544414520264,4.034099578857422,1.7691367864608765,8.0,2.428114891052246,policies,8.0
lerobot\src\lerobot\teleoperators\utils.py,19.8096981048584,2.3822832107543945,1.2200336456298828,0.2888987362384796,1.1732659339904785,configs,19.8096981048584
lerobot\src\lerobot\optim\optimizers.py,21.00318717956543,9.238677978515625,5.0482940673828125,1.956484317779541,8.372166633605957,configs,21.00318717956543
lerobot\tests\envs\test_envs.py,19.823246002197266,15.9068603515625,60.00003433227539,12.040258407592773,20.748594284057617,environments,60.00003433227539
lerobot\tests\utils\test_io_utils.py,2.694283962249756,10.609882354736328,1.6319917440414429,9.999168395996094,6.713815689086914,datasets,10.609882354736328
lerobot\setup.py,2.231013298034668,6.13071346282959,1.9238710403442383,0.0,1.7708022594451904,datasets,6.13071346282959
lerobot\src\lerobot\async_inference\policy_server.py,30.22368049621582,14.045291900634766,57.16917419433594,98.71511840820312,19.724748611450195,policies,98.71511840820312
lerobot\tests\robots\test_unitree_g1.py,62.58808898925781,5.007349967956543,3.209427833557129,4.541073799133301,7.448837757110596,configs,62.58808898925781
lerobot\tests\teleoperators\test_rebot_102_leader.py,17.583829879760742,3.3560616970062256,1.0328640937805176,8.852126121520996,8.498428344726562,configs,17.583829879760742
lerobot\examples\dataset\use_dataset_tools.py,4.4482903480529785,109.82908630371094,2.663670063018799,5.534767150878906,7.9720234870910645,datasets,109.82908630371094
lerobot\src\lerobot\configs\dataset.py,54.08889389038086,40.54684066772461,4.695778846740723,1.2298760414123535,9.673341751098633,configs,54.08889389038086
lerobot\src\lerobot\datasets\depth_utils.py,6.392520904541016,70.07547760009766,2.3274080753326416,4.208925724029541,8.153046607971191,datasets,70.07547760009766
lerobot\examples\so100_to_so100_EE\teleoperate.py,20.47146987915039,10.332220077514648,4.045993804931641,3.1779890060424805,6.916355609893799,configs,20.47146987915039
lerobot\src\lerobot\policies\groot\action_head\cross_attention_dit.py,24.0201358795166,11.195150375366211,6.257302284240723,64.71575164794922,17.33032989501953,policies,64.71575164794922
lerobot\tests\policies\lingbot_va\test_configuration_lingbot_va.py,34.2651252746582,6.964473724365234,4.195878505706787,86.80872344970703,5.809824466705322,policies,86.80872344970703
lerobot\src\lerobot\utils\bimanual.py,0.0,0.0,0.0,0.7723582983016968,0.3579894006252289,policies,0.7723582983016968
lerobot\src\lerobot\teleoperators\bi_so_leader\bi_so_leader.py,19.794038772583008,2.138301372528076,1.9477818012237549,2.6595304012298584,4.982726573944092,configs,19.794038772583008
lerobot\src\lerobot\data_processing\sarm_annotations\subtask_annotation.py,20.38250160217285,65.66167449951172,7.814585208892822,17.831758499145508,27.638208389282227,datasets,65.66167449951172
lerobot\src\lerobot\robots\bi_openarm_follower\bi_openarm_follower.py,29.51775550842285,10.863325119018555,4.631214141845703,3.0754990577697754,5.956462383270264,configs,29.51775550842285
lerobot\src\lerobot\rewards\sarm\configuration_sarm.py,15.645886421203613,13.536701202392578,6.442874908447266,21.226816177368164,6.468306541442871,policies,21.226816177368164
lerobot\tests\policies\multi_task_dit\test_multi_task_dit.py,28.638870239257812,43.0087776184082,6.439385890960693,82.31574249267578,13.381479263305664,policies,82.31574249267578
lerobot\examples\isaac_teleop_to_so101\record.py,8.360563278198242,55.7973747253418,62.4795036315918,6.56788969039917,21.421884536743164,environments,62.4795036315918
lerobot\tests\datasets\test_language.py,10.903553009033203,123.50460052490234,5.379058361053467,2.903648853302002,15.345062255859375,datasets,123.50460052490234
lerobot\tests\test_robomme_env.py,17.184545516967773,30.104007720947266,3.251915216445923,2.61983585357666,7.176872730255127,datasets,30.104007720947266
lerobot\src\lerobot\datasets\image_writer.py,7.781754016876221,100.42073822021484,7.61574649810791,3.2070860862731934,20.66852378845215,datasets,100.42073822021484
lerobot\src\lerobot\rewards\sarm\rabc.py,6.864502906799316,98.19453430175781,3.5558454990386963,9.834454536437988,14.326841354370117,datasets,98.19453430175781
lerobot\tests\policies\groot\test_groot_vs_original.py,23.965667724609375,18.66652488708496,4.923066139221191,102.56834411621094,19.131132125854492,policies,102.56834411621094
lerobot\examples\isaac_teleop_to_so101\common.py,31.710800170898438,29.98927116394043,17.82547378540039,9.655899047851562,39.75586700439453,utilities,39.75586700439453
lerobot\src\lerobot\utils\feature_utils.py,7.468465328216553,39.2795524597168,2.6058669090270996,18.413043975830078,2.754643440246582,datasets,39.2795524597168
lerobot\src\lerobot\data_processing\__init__.py,0.0,5.288998126983643,0.0,0.0,0.0,datasets,5.288998126983643
lerobot\src\lerobot\datasets\__init__.py,1.324871301651001,116.93843078613281,3.6523449420928955,1.0778779983520508,9.536086082458496,datasets,116.93843078613281
lerobot\src\lerobot\annotations\steerable_pipeline\reader.py,7.7343525886535645,17.796981811523438,6.227447509765625,3.275301218032837,11.922598838806152,datasets,17.796981811523438
lerobot\tests\processor\test_vqbet_processor.py,26.64573097229004,22.8597354888916,4.836942672729492,22.854429244995117,6.707571506500244,configs,26.64573097229004
lerobot\src\lerobot\robots\koch_follower\koch_follower.py,70.7885971069336,11.732575416564941,9.038100242614746,8.981048583984375,20.58377456665039,configs,70.7885971069336
lerobot\src\lerobot\datasets\multi_dataset.py,4.147975444793701,128.136962890625,2.3140153884887695,1.8376437425613403,16.705045700073242,datasets,128.136962890625
lerobot\tests\processor\test_tdmpc_processor.py,26.64573097229004,23.70816421508789,5.1165595054626465,24.091745376586914,6.707571506500244,configs,26.64573097229004
lerobot\tests\rl\test_actor.py,5.410796642303467,91.84449768066406,5.423299789428711,17.443683624267578,11.03609848022461,datasets,91.84449768066406
lerobot\tests\processor\test_diffusion_processor.py,26.56829261779785,23.620697021484375,4.809206962585449,24.791749954223633,6.689991474151611,configs,26.56829261779785
lerobot\src\lerobot\policies\fastwam\wan\modular.py,26.9879207611084,29.423524856567383,10.098731994628906,58.61982345581055,30.83243751525879,policies,58.61982345581055
lerobot\src\lerobot\utils\utils.py,11.580199241638184,75.11940002441406,4.9787797927856445,6.895881652832031,20.744028091430664,datasets,75.11940002441406
lerobot\src\lerobot\teleoperators\so_leader\config_so_leader.py,14.126412391662598,4.8014068603515625,0.0,0.0,1.4460523128509521,configs,14.126412391662598
lerobot\tests\policies\pi0_fast\test_pi0_fast_original_vs_lerobot.py,24.983890533447266,31.081504821777344,10.400758743286133,87.16706848144531,10.84547233581543,policies,87.16706848144531
lerobot\src\lerobot\robots\so_follower\robot_kinematic_processor.py,10.332305908203125,14.128429412841797,6.054239273071289,11.059199333190918,10.092263221740723,datasets,14.128429412841797
lerobot\tests\annotations\test_frames.py,11.916016578674316,103.21041870117188,9.281005859375,5.263160228729248,21.866458892822266,datasets,103.21041870117188
lerobot\src\lerobot\robots\unitree_g1\run_g1_server.py,24.563987731933594,16.194488525390625,8.293966293334961,6.905404090881348,12.241496086120605,configs,24.563987731933594
lerobot\examples\dataset\load_lerobot_dataset.py,4.104848384857178,108.28197479248047,7.2345733642578125,1.7712305784225464,10.74332332611084,datasets,108.28197479248047
lerobot\src\lerobot\teleoperators\phone\phone_processor.py,6.210544109344482,7.277914524078369,2.3932418823242188,8.651938438415527,5.576231956481934,policies,8.651938438415527
lerobot\src\lerobot\rollout\strategies\__init__.py,0.19834378361701965,2.775012493133545,0.19834378361701965,1.0,2.1187362670898438,datasets,2.775012493133545
lerobot\src\lerobot\robots\unitree_g1\holosoma_locomotion.py,15.433849334716797,16.574487686157227,5.717796325683594,31.820602416992188,19.09220314025879,policies,31.820602416992188
lerobot\src\lerobot\scripts\lerobot_replay.py,19.304214477539062,43.33223342895508,4.601592540740967,3.9171509742736816,9.59894847869873,datasets,43.33223342895508
lerobot\src\lerobot\teleoperators\config.py,14.606494903564453,4.127818584442139,0.0,0.3656911849975586,2.741325855255127,configs,14.606494903564453
lerobot\src\lerobot\data_processing\sarm_annotations\__init__.py,0.0,5.285021781921387,0.0,0.0,0.0,datasets,5.285021781921387
lerobot\src\lerobot\transport\services_pb2.py,2.224020004272461,4.607569694519043,1.224020004272461,9.049881935119629,7.291422367095947,policies,9.049881935119629
lerobot\src\lerobot\teleoperators\phone\config_phone.py,14.114404678344727,3.0,0.0,0.0,1.8478859663009644,configs,14.114404678344727
lerobot\src\lerobot\robots\rebot_b601_follower\__init__.py,0.0,0.0,0.7247841358184814,0.0,0.0,environments,0.7247841358184814
lerobot\src\lerobot\teleoperators\koch_leader\koch_leader.py,23.742259979248047,12.10378360748291,7.799307823181152,10.806022644042969,20.842321395874023,configs,23.742259979248047
lerobot\tests\rl\test_trainer.py,15.302814483642578,94.80268096923828,4.474009037017822,1.0,8.97400951385498,datasets,94.80268096923828
lerobot\src\lerobot\cameras\zmq\image_server.py,24.723960876464844,11.080253601074219,7.406005859375,6.223553657531738,11.360391616821289,configs,24.723960876464844
lerobot\src\lerobot\robots\rebot_b601_follower\config_rebot_b601_follower.py,15.485845565795898,6.236316680908203,5.001584053039551,5.71046257019043,8.00389289855957,configs,15.485845565795898
lerobot\src\lerobot\teleoperators\openarm_leader\openarm_leader.py,40.58897018432617,22.681325912475586,9.096831321716309,11.127216339111328,21.443504333496094,configs,40.58897018432617
lerobot\src\lerobot\datasets\compute_stats.py,10.320301055908203,92.18409729003906,7.243424892425537,10.585827827453613,10.337883949279785,datasets,92.18409729003906
lerobot\src\lerobot\datasets\feature_utils.py,11.502283096313477,117.60801696777344,8.731807708740234,9.833589553833008,25.420177459716797,datasets,117.60801696777344
lerobot\src\lerobot\robots\earthrover_mini_plus\robot_earthrover_mini_plus.py,19.99424171447754,18.292133331298828,6.475325107574463,6.7948126792907715,7.852561950683594,configs,19.99424171447754
lerobot\examples\phone_to_so100\teleoperate.py,21.399038314819336,10.781923294067383,5.719417095184326,3.495230197906494,8.56193733215332,configs,21.399038314819336
lerobot\src\lerobot\teleoperators\gamepad\teleop_gamepad.py,19.550376892089844,3.7629945278167725,1.0950968265533447,1.2689518928527832,1.9980698823928833,configs,19.550376892089844
lerobot\src\lerobot\annotations\steerable_pipeline\frames.py,15.433099746704102,29.617321014404297,10.329090118408203,7.40023946762085,26.157623291015625,datasets,29.617321014404297
lerobot\src\lerobot\policies\groot\configuration_groot.py,88.00666046142578,37.22322082519531,10.628988265991211,86.02684783935547,16.946409225463867,configs,88.00666046142578
lerobot\src\lerobot\rewards\topreward\processor_topreward.py,30.996170043945312,36.047245025634766,6.744256019592285,24.087472915649414,11.676532745361328,datasets,36.047245025634766
lerobot\src\lerobot\configs\types.py,56.28049087524414,4.314054012298584,2.001321315765381,10.0,3.97800612449646,configs,56.28049087524414
lerobot\src\lerobot\utils\visualization_utils.py,0.0,7.723126411437988,0.0,6.892904758453369,5.235978126525879,datasets,7.723126411437988
lerobot\tests\datasets\test_visualize_dataset.py,0.28789782524108887,110.52272033691406,3.2776293754577637,0.30997204780578613,4.500946998596191,datasets,110.52272033691406
lerobot\src\lerobot\utils\collate.py,2.7687971591949463,3.022343158721924,0.0,0.3860422372817993,3.154839515686035,utilities,3.154839515686035
lerobot\tests\rewards\test_topreward.py,5.2720561027526855,8.505565643310547,3.529313564300537,11.537708282470703,8.123944282531738,policies,11.537708282470703
lerobot\src\lerobot\datasets\language.py,10.172891616821289,86.26097869873047,3.156540632247925,2.574373722076416,11.627063751220703,datasets,86.26097869873047
lerobot\src\lerobot\utils\pedal.py,1.91903555393219,5.63995361328125,0.49478864669799805,3.148015022277832,5.266403675079346,datasets,5.63995361328125
lerobot\src\lerobot\teleoperators\openarm_mini\config_openarm_mini.py,14.55488109588623,5.4764299392700195,0.3559894859790802,0.0,1.7970068454742432,configs,14.55488109588623
lerobot\src\lerobot\robots\reachy2\robot_reachy2.py,69.4288330078125,10.1531982421875,3.156541109085083,3.485722541809082,11.814385414123535,configs,69.4288330078125
lerobot\tests\test_rollout.py,29.934982299804688,101.1622543334961,6.53999662399292,18.713964462280273,21.702224731445312,datasets,101.1622543334961
lerobot\src\lerobot\rl\__init__.py,18.393238067626953,4.525394439697266,1.374586820602417,0.0,1.860834002494812,configs,18.393238067626953
lerobot\src\lerobot\datasets\dataset_tools.py,21.7993106842041,137.82362365722656,10.694182395935059,8.974377632141113,30.151336669921875,datasets,137.82362365722656
lerobot\src\lerobot\configs\eval.py,63.709293365478516,11.500049591064453,8.245439529418945,19.82819938659668,11.302353858947754,configs,63.709293365478516
lerobot\tests\datasets\test_compute_stats.py,9.545602798461914,99.02601623535156,6.689530372619629,4.199819564819336,12.678117752075195,datasets,99.02601623535156
lerobot\src\lerobot\rollout\strategies\episodic.py,24.27398109436035,53.54044723510742,61.33231735229492,21.987247467041016,25.29161834716797,environments,61.33231735229492
lerobot\src\lerobot\cameras\camera.py,17.958036422729492,2.9637584686279297,0.46743106842041016,6.783397197723389,1.7332813739776611,configs,17.958036422729492
lerobot\src\lerobot\robots\lekiwi\config_lekiwi.py,20.137874603271484,10.527730941772461,4.2054572105407715,2.66507887840271,4.310312271118164,configs,20.137874603271484
lerobot\src\lerobot\datasets\factory.py,20.252513885498047,122.52191162109375,11.395170211791992,2.2922892570495605,18.97613525390625,datasets,122.52191162109375
lerobot\src\lerobot\cameras\__init__.py,52.56093215942383,0.42199403047561646,0.3008660674095154,0.0,1.7940107583999634,configs,52.56093215942383
lerobot\tests\policies\pi0_pi05\openpi_pytorch\gemma.py,18.50247573852539,6.163211822509766,1.3086994886398315,82.9392318725586,4.714001655578613,policies,82.9392318725586
lerobot\src\lerobot\motors\damiao\damiao.py,6.139817714691162,16.42055892944336,4.464308738708496,3.846689462661743,15.890986442565918,datasets,16.42055892944336
lerobot\tests\motors\test_damiao.py,9.804369926452637,5.0965776443481445,3.3522443771362305,10.807171821594238,8.818292617797852,policies,10.807171821594238
lerobot\src\lerobot\configs\recipe.py,55.20942306518555,13.93882942199707,5.155903339385986,2.343320369720459,9.357437133789062,configs,55.20942306518555
lerobot\tests\annotations\test_writer.py,12.926362991333008,111.41478729248047,4.312099933624268,2.4467437267303467,19.35162925720215,datasets,111.41478729248047
lerobot\tests\rl\test_learner_service.py,1.9764578342437744,8.313811302185059,2.440294027328491,0.42473334074020386,7.326915740966797,datasets,8.313811302185059
lerobot\src\lerobot\policies\molmoact2\molmoact2_hf_model\configuration_molmoact2.py,71.42562103271484,15.406637191772461,6.377935886383057,69.85082244873047,18.4484920501709,configs,71.42562103271484
lerobot\tests\policies\groot\test_groot_n1_7.py,80.99665832519531,99.28399658203125,13.250431060791016,93.3399887084961,35.53459930419922,datasets,99.28399658203125
lerobot\examples\tutorial\pi0\using_pi0_example.py,19.971513748168945,39.08314895629883,4.643126010894775,11.193117141723633,6.3866868019104,datasets,39.08314895629883
lerobot\src\lerobot\rollout\strategies\dagger.py,31.952194213867188,56.56793212890625,12.923471450805664,19.869609832763672,32.780174255371094,datasets,56.56793212890625
lerobot\examples\tutorial\act\act_using_example.py,20.577251434326172,42.69255447387695,3.9357972145080566,9.671576499938965,10.708508491516113,datasets,42.69255447387695
lerobot\tests\__init__.py,0.0,0.0,0.535189151763916,0.0,0.0,environments,0.535189151763916
lerobot\src\lerobot\utils\process.py,0.0,2.6766061782836914,2.9590952396392822,2.7428126335144043,4.791886329650879,utilities,4.791886329650879
lerobot\src\lerobot\jobs\dataset.py,3.5256524085998535,43.70319747924805,2.3269596099853516,2.284839630126953,13.3934907913208,datasets,43.70319747924805
lerobot\src\lerobot\robots\utils.py,21.839752197265625,4.9077606201171875,3.216242790222168,2.3968465328216553,4.617219924926758,configs,21.839752197265625
lerobot\src\lerobot\annotations\steerable_pipeline\staging.py,0.0,9.077092170715332,0.0,3.812990188598633,6.0737199783325195,datasets,9.077092170715332
lerobot\src\lerobot\policies\lingbot_va\processor_lingbot_va.py,23.62080192565918,35.36800003051758,3.29927921295166,102.00066375732422,5.168410301208496,policies,102.00066375732422
lerobot\tests\rewards\test_reward_model_base.py,37.96708297729492,124.81521606445312,16.04073143005371,28.796443939208984,23.174480438232422,datasets,124.81521606445312
lerobot\src\lerobot\robots\rebot_b601_follower\rebot_b601_follower.py,72.48462677001953,15.887679100036621,7.4503679275512695,14.516438484191895,24.85386085510254,configs,72.48462677001953
lerobot\src\lerobot\teleoperators\reachy2_teleoperator\config_reachy2_teleoperator.py,13.763419151306152,6.139710903167725,0.892311155796051,0.4006432890892029,1.0636459589004517,configs,13.763419151306152
lerobot\src\lerobot\policies\lingbot_va\modeling_lingbot_va.py,36.73219299316406,23.546722412109375,11.27182674407959,73.47337341308594,24.3350772857666,policies,73.47337341308594
lerobot\src\lerobot\utils\transition.py,3.4113831520080566,2.2834243774414062,0.0,2.2928152084350586,1.6015573740005493,configs,3.4113831520080566
lerobot\tests\async_inference\test_helpers.py,9.205076217651367,18.443603515625,5.700660705566406,20.08718490600586,12.283512115478516,policies,20.08718490600586
lerobot\src\lerobot\scripts\lerobot_annotate.py,22.395977020263672,113.13787078857422,5.470675468444824,6.419617652893066,21.199750900268555,datasets,113.13787078857422
lerobot\tests\policies\pi0_pi05\test_pi05_compile.py,19.62921905517578,4.29919958114624,4.470020771026611,84.30967712402344,16.196115493774414,policies,84.30967712402344
lerobot\src\lerobot\rollout\ring_buffer.py,0.5186591148376465,0.0,0.5186591148376465,0.0,0.8918463587760925,utilities,0.8918463587760925
lerobot\src\lerobot\policies\evo1\internvl3_embedder.py,28.838329315185547,17.257976531982422,7.5851287841796875,74.48040008544922,29.83393669128418,policies,74.48040008544922
lerobot\tests\policies\pi0_pi05\openpi_pytorch\__init__.py,0.0,0.0,0.5328609943389893,85.61918640136719,2.2849698066711426,policies,85.61918640136719
lerobot\tests\utils\test_logging_utils.py,2.757266044616699,2.3716132640838623,1.8073904514312744,1.2657846212387085,9.038280487060547,utilities,9.038280487060547
lerobot\src\lerobot\robots\so_follower\__init__.py,0.0,0.0,0.7204082012176514,0.0,0.37504449486732483,environments,0.7204082012176514
lerobot\src\lerobot\envs\metaworld.py,36.22711944580078,24.016714096069336,78.78367614746094,99.73535919189453,22.333839416503906,policies,99.73535919189453
lerobot\examples\phone_to_so100\evaluate.py,26.803678512573242,54.237422943115234,83.08319091796875,25.960851669311523,16.082914352416992,environments,83.08319091796875
lerobot\tests\datasets\test_dataset_writer.py,5.903904914855957,125.41215515136719,3.490642786026001,3.437439441680908,12.132638931274414,datasets,125.41215515136719
lerobot\src\lerobot\policies\groot\groot_n1_7.py,33.310054779052734,32.652061462402344,9.901927947998047,75.91023254394531,33.799827575683594,policies,75.91023254394531
lerobot\examples\phone_to_so100\rollout.py,25.11389923095703,4.994643211364746,7.265876770019531,24.90663719177246,5.562280654907227,configs,25.11389923095703
lerobot\tests\transport\test_transport_utils.py,1.870386004447937,9.393256187438965,0.9736050963401794,2.742154598236084,8.577849388122559,datasets,9.393256187438965
lerobot\src\lerobot\teleoperators\unitree_g1\exo_calib.py,8.937726974487305,20.351970672607422,7.522884845733643,6.323327541351318,16.54349136352539,datasets,20.351970672607422
lerobot\src\lerobot\datasets\language_render.py,7.634921073913574,87.65129089355469,2.2254621982574463,2.6739625930786133,8.354021072387695,datasets,87.65129089355469
lerobot\src\lerobot\policies\evo1\processor_evo1.py,27.81407928466797,28.738252639770508,4.8876214027404785,83.69872283935547,6.7567667961120605,policies,83.69872283935547
lerobot\tests\datasets\test_video_encoding.py,28.122770309448242,101.13199615478516,10.982067108154297,10.659955978393555,18.8467960357666,datasets,101.13199615478516
lerobot\tests\policies\pi0_pi05\test_pi05_rtc.py,27.925371170043945,40.3543701171875,5.4104156494140625,88.24198150634766,7.904765605926514,policies,88.24198150634766
lerobot\src\lerobot\motors\damiao\tables.py,2.5555269718170166,6.26021671295166,1.32218599319458,9.888472557067871,4.897745132446289,policies,9.888472557067871
lerobot\src\lerobot\scripts\lerobot_setup_can.py,6.990503787994385,14.695749282836914,10.562045097351074,7.473074913024902,10.46351432800293,datasets,14.695749282836914
lerobot\examples\isaac_teleop_to_so101\override_reset_pose.py,8.457819938659668,9.077329635620117,3.628176212310791,1.76670241355896,8.313172340393066,datasets,9.077329635620117
lerobot\src\lerobot\common\train_utils.py,20.373083114624023,7.733782768249512,6.186006546020508,20.67784309387207,14.52160930633545,policies,20.67784309387207
lerobot\tests\envs\test_robotwin.py,23.809814453125,6.792623519897461,11.576560020446777,3.934396743774414,15.534789085388184,configs,23.809814453125
lerobot\tests\datasets\test_sampler.py,2.064807415008545,108.28703308105469,4.196857929229736,6.708563804626465,11.564850807189941,datasets,108.28703308105469
lerobot\src\lerobot\optim\schedulers.py,6.603304386138916,8.927386283874512,5.718341827392578,7.794830799102783,13.271177291870117,utilities,13.271177291870117
lerobot\tests\datasets\test_aggregate.py,14.97269058227539,133.33145141601562,11.079012870788574,6.763025283813477,27.857423782348633,datasets,133.33145141601562
lerobot\src\lerobot\teleoperators\teleoperator.py,19.74435806274414,4.041857719421387,0.8248734474182129,2.519050359725952,4.617532730102539,configs,19.74435806274414
lerobot\src\lerobot\rl\algorithms\base.py,33.08931350708008,20.04349708557129,12.139274597167969,27.911630630493164,20.713748931884766,configs,33.08931350708008
lerobot\src\lerobot\teleoperators\unitree_g1\unitree_g1.py,20.38801383972168,12.753210067749023,3.4471075534820557,5.725069999694824,17.24692726135254,configs,20.38801383972168
lerobot\tests\datasets\test_streaming.py,11.263421058654785,109.94657135009766,6.917654991149902,5.449164867401123,18.95545768737793,datasets,109.94657135009766
lerobot\src\lerobot\policies\fastwam\wan\adapters.py,20.25080680847168,10.327481269836426,5.708099842071533,78.93891143798828,12.853565216064453,policies,78.93891143798828
lerobot\src\lerobot\teleoperators\openarm_mini\openarm_mini.py,37.6613655090332,12.434699058532715,6.595776557922363,11.230827331542969,13.430303573608398,configs,37.6613655090332
lerobot\src\lerobot\transport\services_pb2_grpc.py,5.4520416259765625,5.721714973449707,4.1369829177856445,17.024433135986328,20.53165626525879,utilities,20.53165626525879
lerobot\examples\so100_to_so100_EE\record.py,19.29730987548828,48.68107223510742,62.937049865722656,1.9721546173095703,11.479302406311035,environments,62.937049865722656
lerobot\tests\policies\pi0_pi05\utils\__init__.py,0.0,0.0,0.5333250164985657,85.6615219116211,2.2860889434814453,policies,85.6615219116211
lerobot\scripts\ci\parse_eval_metrics.py,18.714950561523438,15.449213981628418,70.7685546875,19.3218936920166,15.552696228027344,environments,70.7685546875
lerobot\src\lerobot\utils\action_interpolator.py,0.0,0.2551945447921753,0.0,1.30392587184906,2.5934269428253174,utilities,2.5934269428253174
lerobot\src\lerobot\policies\molmoact2\molmoact2_hf_model\image_processing_molmoact2.py,6.442094802856445,11.646540641784668,1.4725514650344849,62.30657958984375,12.16158390045166,policies,62.30657958984375
lerobot\src\lerobot\__init__.py,8.443445205688477,35.90973663330078,10.25916862487793,0.6602747440338135,7.412947654724121,datasets,35.90973663330078
lerobot\tests\utils\test_replay_buffer.py,3.952592611312866,97.93280029296875,1.3038005828857422,3.4642388820648193,10.719320297241211,datasets,97.93280029296875
lerobot\src\lerobot\policies\lingbot_va\configuration_lingbot_va.py,18.648452758789062,19.74231719970703,7.689067840576172,88.7011489868164,11.425436973571777,policies,88.7011489868164
lerobot\src\lerobot\rewards\sarm\compute_rabc_weights.py,39.36881637573242,117.95864868164062,8.969437599182129,16.929502487182617,32.273685455322266,datasets,117.95864868164062
lerobot\examples\tutorial\async-inf\policy_server.py,22.907215118408203,0.6784514784812927,4.51503324508667,15.538723945617676,4.283044338226318,configs,22.907215118408203
lerobot\tests\artifacts\datasets\save_dataset_to_safetensors.py,4.160946369171143,109.94314575195312,3.2404706478118896,1.1401543617248535,9.367305755615234,datasets,109.94314575195312
lerobot\tests\jobs\test_hf.py,32.7046012878418,108.12882232666016,10.680574417114258,25.62676429748535,22.815319061279297,datasets,108.12882232666016
lerobot\src\lerobot\policies\eo1\configuration_eo1.py,37.84803009033203,19.161975860595703,6.611040115356445,91.85548400878906,10.766594886779785,policies,91.85548400878906
lerobot\src\lerobot\configs\parser.py,86.48477172851562,19.099468231201172,4.350430011749268,9.279487609863281,24.589113235473633,configs,86.48477172851562
lerobot\src\lerobot\policies\eo1\__init__.py,1.474548578262329,1.6842315196990967,0.7563014626502991,82.51399230957031,4.209388256072998,policies,82.51399230957031
lerobot\examples\port_datasets\slurm_port_shards.py,10.931608200073242,112.22441864013672,7.201568603515625,3.181370496749878,20.981081008911133,datasets,112.22441864013672
lerobot\examples\tutorial\diffusion\diffusion_training_example.py,11.994061470031738,49.21027755737305,9.700051307678223,23.391307830810547,15.297504425048828,datasets,49.21027755737305
lerobot\src\lerobot\teleoperators\bi_openarm_leader\config_bi_openarm_leader.py,17.018651962280273,3.0,0.0,0.36515551805496216,0.4862472116947174,configs,17.018651962280273
lerobot\tests\policies\pi0_pi05\utils\torch_compile.py,15.716053009033203,3.242417573928833,2.133817434310913,74.44993591308594,13.656447410583496,policies,74.44993591308594
lerobot\tests\processor\test_device_processor.py,23.048583984375,11.483238220214844,8.96262264251709,20.527820587158203,10.655828475952148,configs,23.048583984375
lerobot\tests\rl\test_data_mixer.py,1.9979653358459473,104.14396667480469,0.8069025278091431,1.6668577194213867,8.141640663146973,datasets,104.14396667480469
lerobot\examples\tutorial\rl\reward_classifier_example.py,23.054353713989258,48.560855865478516,6.597718715667725,7.825929641723633,14.06117057800293,datasets,48.560855865478516
lerobot\tests\policies\groot\test_groot_n1_7_oss_parity.py,67.84049224853516,21.214078903198242,3.967653274536133,81.71510314941406,14.98172664642334,policies,81.71510314941406
lerobot\tests\annotations\test_validator.py,0.31303250789642334,105.66658782958984,0.4305902123451233,0.3786856234073639,6.147262096405029,datasets,105.66658782958984
lerobot\src\lerobot\envs\robocasa.py,4.533794403076172,14.479976654052734,50.821983337402344,7.711395740509033,12.489424705505371,environments,50.821983337402344
lerobot\src\lerobot\robots\omx_follower\config_omx_follower.py,15.701279640197754,6.259332656860352,3.940356969833374,0.7313350439071655,3.083671808242798,configs,15.701279640197754
lerobot\tests\policies\smolvla\test_smolvla_rtc.py,27.97514533996582,41.669456481933594,5.567146301269531,85.98064422607422,10.589889526367188,policies,85.98064422607422
lerobot\tests\test_yaml_policy_path.py,32.467185974121094,44.4028434753418,8.11092758178711,23.433752059936523,11.872786521911621,datasets,44.4028434753418
lerobot\examples\tutorial\diffusion\diffusion_using_example.py,19.859519958496094,41.97481918334961,3.9357972145080566,12.486440658569336,9.994471549987793,datasets,41.97481918334961
lerobot\src\lerobot\rewards\robometer\__init__.py,0.7563014626502991,0.9659843444824219,0.7563014626502991,0.4554353952407837,1.2117369174957275,utilities,1.2117369174957275
lerobot\src\lerobot\policies\evo1\configuration_evo1.py,32.30033874511719,15.529153823852539,9.988761901855469,87.25792694091797,16.531517028808594,policies,87.25792694091797
lerobot\tests\rewards\test_modeling_robometer.py,34.131099700927734,11.455926895141602,7.14354133605957,12.589022636413574,13.774101257324219,configs,34.131099700927734
lerobot\src\lerobot\policies\gaussian_actor\modeling_gaussian_actor.py,35.58143997192383,17.390216827392578,44.04300308227539,81.46532440185547,21.27168846130371,policies,81.46532440185547
lerobot\src\lerobot\rollout\context.py,39.20266342163086,120.07169342041016,16.818077087402344,95.85504150390625,36.266117095947266,datasets,120.07169342041016
lerobot\tests\rewards\test_classifier_processor.py,23.66082000732422,25.770328521728516,2.61967134475708,13.316993713378906,4.802906036376953,datasets,25.770328521728516
lerobot\src\lerobot\scripts\lerobot_edit_dataset.py,24.005653381347656,127.15674591064453,9.459589004516602,9.744316101074219,21.867536544799805,datasets,127.15674591064453
lerobot\scripts\ci\extract_task_descriptions.py,13.17921257019043,18.74401092529297,65.64015197753906,8.67099380493164,15.122191429138184,environments,65.64015197753906
lerobot\src\lerobot\annotations\steerable_pipeline\writer.py,11.058528900146484,14.714654922485352,1.131772756576538,3.866316795349121,13.829384803771973,datasets,14.714654922485352
lerobot\src\lerobot\cameras\reachy2_camera\reachy2_camera.py,26.28270721435547,9.07737922668457,0.9746840000152588,10.738065719604492,11.842157363891602,configs,26.28270721435547
lerobot\tests\processor\test_normalize_processor.py,21.448747634887695,38.29383850097656,4.927860260009766,24.425106048583984,12.772727012634277,datasets,38.29383850097656
lerobot\src\lerobot\policies\eo1\processor_eo1.py,28.70840835571289,41.75949478149414,9.606432914733887,91.35771942138672,12.769790649414062,policies,91.35771942138672
lerobot\src\lerobot\robots\bi_so_follower\bi_so_follower.py,19.910198211669922,3.70117449760437,3.721527099609375,3.1597511768341064,4.963917255401611,configs,19.910198211669922
lerobot\tests\processor\test_observation_processor.py,19.662445068359375,13.525017738342285,97.70487213134766,16.390605926513672,6.702095985412598,environments,97.70487213134766
lerobot\src\lerobot\teleoperators\omx_leader\config_omx_leader.py,14.235411643981934,3.0,0.0,0.0,1.030583381652832,configs,14.235411643981934
lerobot\tests\motors\test_feetech.py,3.495197296142578,9.685802459716797,3.2553563117980957,15.73100471496582,13.047645568847656,policies,15.73100471496582
lerobot\src\lerobot\motors\calibration_gui.py,6.848077774047852,14.300079345703125,5.04594612121582,10.060514450073242,12.382294654846191,datasets,14.300079345703125
lerobot\src\lerobot\async_inference\configs.py,82.19463348388672,10.797858238220215,100.45408630371094,27.840225219726562,19.14563751220703,environments,100.45408630371094
lerobot\src\lerobot\robots\bi_rebot_b601_follower\__init__.py,0.0,0.0,0.7247841358184814,0.0,0.0,environments,0.7247841358184814
lerobot\src\lerobot\envs\factory.py,21.644948959350586,10.125290870666504,77.1033706665039,21.137527465820312,12.885403633117676,environments,77.1033706665039
lerobot\tests\utils\test_collate.py,0.0,95.18853759765625,0.456250935792923,1.0,4.673169136047363,datasets,95.18853759765625
lerobot\tests\datasets\test_datasets.py,38.58911895751953,133.32070922851562,16.39323616027832,25.241361618041992,31.95332908630371,datasets,133.32070922851562
lerobot\src\lerobot\envs\libero.py,13.019058227539062,23.956247329711914,52.35179138183594,11.835916519165039,27.562545776367188,environments,52.35179138183594
lerobot\tests\policies\rtc\test_action_interpolator.py,9.04392147064209,3.527467966079712,5.4327850341796875,74.76505279541016,9.117926597595215,policies,74.76505279541016
lerobot\src\lerobot\rl\data_sources\data_mixer.py,1.2100034952163696,13.5842924118042,0.21000352501869202,0.3637721538543701,1.7445685863494873,datasets,13.5842924118042
lerobot\src\lerobot\cameras\utils.py,69.94021606445312,2.4668869972229004,0.32686328887939453,0.9459371566772461,2.2760238647460938,configs,69.94021606445312
lerobot\src\lerobot\datasets\lerobot_dataset.py,14.489553451538086,123.30290985107422,7.3557329177856445,7.983592510223389,34.40400695800781,datasets,123.30290985107422
lerobot\tests\rewards\test_modeling_topreward.py,26.5535831451416,13.51315689086914,7.37015962600708,14.613326072692871,19.05088233947754,configs,26.5535831451416
lerobot\tests\fixtures\optimizers.py,18.85291862487793,0.3732041120529175,3.810847759246826,6.139847278594971,5.147677421569824,configs,18.85291862487793
lerobot\src\lerobot\rl\algorithms\sac\configuration_sac.py,35.36419677734375,7.371428966522217,8.1035737991333,18.89082908630371,2.8724567890167236,configs,35.36419677734375
lerobot\tests\utils\test_rerun_visualization.py,2.6614696979522705,9.365874290466309,0.9195104837417603,2.9564056396484375,11.97376823425293,utilities,11.97376823425293
lerobot\src\lerobot\scripts\lerobot_info.py,6.39074182510376,80.06297302246094,5.892534255981445,8.944391250610352,17.467758178710938,datasets,80.06297302246094
lerobot\tests\motors\test_motors_bus.py,5.143455505371094,16.14252471923828,3.6096293926239014,13.584429740905762,14.596604347229004,datasets,16.14252471923828
lerobot\src\lerobot\motors\robstride\tables.py,1.0505934953689575,5.51738166809082,3.50913667678833,6.544005393981934,2.4812228679656982,policies,6.544005393981934
lerobot\src\lerobot\datasets\video_utils.py,19.395145416259766,107.11561584472656,10.510381698608398,13.544761657714844,36.45796203613281,datasets,107.11561584472656
lerobot\tests\processor\test_render_messages_processor.py,1.0,100.07250213623047,2.7067737579345703,0.0,5.312826156616211,datasets,100.07250213623047
lerobot\src\lerobot\datasets\aggregate.py,14.203089714050293,121.17173767089844,8.219385147094727,5.8941826820373535,22.31681251525879,datasets,121.17173767089844
lerobot\src\lerobot\rollout\configs.py,77.39871215820312,56.7774658203125,9.132469177246094,23.222204208374023,17.612150192260742,configs,77.39871215820312
lerobot\tests\datasets\test_dataset_utils.py,65.88440704345703,114.42761993408203,6.262079238891602,4.725522994995117,14.822318077087402,datasets,114.42761993408203
lerobot\src\lerobot\policies\evo1\__init__.py,0.7563014626502991,0.9659843444824219,0.7563014626502991,82.51399230957031,3.4911413192749023,policies,82.51399230957031
lerobot\src\lerobot\scripts\lerobot_find_joint_limits.py,25.15932273864746,11.939263343811035,6.905142307281494,3.1915338039398193,11.913247108459473,configs,25.15932273864746
lerobot\src\lerobot\rollout\robot_wrapper.py,0.4135661721229553,0.653260350227356,0.836624264717102,1.3884482383728027,0.3884482681751251,policies,1.3884482383728027
lerobot\src\lerobot\policies\act\__init__.py,1.474548578262329,1.6842315196990967,0.7563014626502991,84.61754608154297,4.209388256072998,policies,84.61754608154297
lerobot\src\lerobot\scripts\lerobot_train_tokenizer.py,12.391440391540527,54.87766647338867,7.441032886505127,20.188480377197266,25.287155151367188,datasets,54.87766647338867
lerobot\examples\backward_compatibility\replay.py,19.732728958129883,44.0344123840332,4.233028411865234,3.9066827297210693,9.632933616638184,datasets,44.0344123840332
lerobot\src\lerobot\policies\diffusion\processor_diffusion.py,23.8291015625,35.451683044433594,3.30619740486145,106.86262512207031,5.19187593460083,policies,106.86262512207031
lerobot\examples\omx\reset_environment.py,7.3105974197387695,7.292049407958984,52.51899337768555,8.147541046142578,12.293608665466309,environments,52.51899337768555
lerobot\src\lerobot\policies\diffusion\configuration_diffusion.py,18.282337188720703,14.668595314025879,67.96339416503906,84.90251159667969,18.317455291748047,policies,84.90251159667969
lerobot\src\lerobot\policies\molmoact2\molmoact2_hf_model\inference.py,25.81260108947754,14.930970191955566,5.949080467224121,61.5621452331543,18.207862854003906,policies,61.5621452331543
lerobot\examples\lekiwi\rollout.py,24.761322021484375,4.042073726654053,7.372864246368408,23.420780181884766,4.937042236328125,configs,24.761322021484375
lerobot\src\lerobot\annotations\steerable_pipeline\modules\plan_subtasks_memory.py,26.88540267944336,23.454166412353516,12.229571342468262,8.296056747436523,26.225624084472656,configs,26.88540267944336
lerobot\src\lerobot\configs\rewards.py,80.83299255371094,19.855968475341797,9.50554084777832,20.040456771850586,21.667320251464844,configs,80.83299255371094
lerobot\tests\annotations\run_e2e_smoke.py,23.050945281982422,33.21113586425781,4.2365264892578125,0.934576690196991,9.930902481079102,datasets,33.21113586425781
lerobot\tests\processor\test_pi05_processor.py,24.339214324951172,45.186161041259766,3.4688475131988525,17.238977432250977,7.35151481628418,datasets,45.186161041259766
lerobot\tests\scripts\test_edit_dataset_parsing.py,22.879358291625977,104.71571350097656,4.011643886566162,0.8337088823318481,7.871588706970215,datasets,104.71571350097656
lerobot\tests\policies\eo1\test_eo1.py,27.093435287475586,6.764615535736084,5.416045665740967,106.2077407836914,12.49818229675293,policies,106.2077407836914
lerobot\src\lerobot\teleoperators\homunculus\__init__.py,0.6819716095924377,0.6819716095924377,0.6819716095924377,0.6819716095924377,1.3639432191848755,utilities,1.3639432191848755
lerobot\tests\policies\pi0_pi05\openpi_pytorch\preprocessing_pytorch.py,7.567651748657227,9.657097816467285,6.092334270477295,76.11430358886719,12.414491653442383,policies,76.11430358886719
lerobot\src\lerobot\rewards\topreward\__init__.py,0.7563014626502991,0.9659843444824219,0.7563014626502991,0.4554353952407837,1.2117369174957275,utilities,1.2117369174957275
lerobot\examples\isaac_teleop_to_so101\teleoperate.py,5.154453754425049,6.403361797332764,5.524540901184082,3.8512845039367676,8.392562866210938,utilities,8.392562866210938
lerobot\src\lerobot\utils\keyboard_input.py,5.427479267120361,11.744380950927734,7.744139194488525,3.0703787803649902,16.14552879333496,utilities,16.14552879333496
lerobot\src\lerobot\teleoperators\homunculus\homunculus_arm.py,23.78254508972168,13.252251625061035,4.186977863311768,8.857999801635742,16.349227905273438,configs,23.78254508972168
lerobot\src\lerobot\teleoperators\bi_openarm_mini\config_bi_openarm_mini.py,17.37464141845703,3.0,0.3559894859790802,0.36515551805496216,0.8422366976737976,configs,17.37464141845703
lerobot\tests\fixtures\constants.py,6.8351263999938965,10.229923248291016,3.6509017944335938,5.705171585083008,11.29051685333252,utilities,11.29051685333252
lerobot\tests\policies\groot\test_groot_training_optim_contract.py,25.529624938964844,7.329649448394775,6.817306041717529,82.40496063232422,14.600654602050781,policies,82.40496063232422
lerobot\tests\policies\vla_jepa\test_world_model.py,2.1938254833221436,2.51003360748291,2.0437841415405273,81.3149185180664,8.044795989990234,policies,81.3149185180664
lerobot\src\lerobot\cameras\zmq\configuration_zmq.py,10.574207305908203,5.100391864776611,3.583115577697754,2.548919439315796,5.3337836265563965,configs,10.574207305908203
lerobot\tests\policies\rtc\test_rtc_relative_actions.py,31.41731071472168,6.484271049499512,7.349460601806641,105.6527099609375,17.04383659362793,policies,105.6527099609375
lerobot\src\lerobot\policies\molmoact2\molmoact2_hf_model\modeling_molmoact2.py,35.710716247558594,28.746458053588867,13.285416603088379,63.07161331176758,41.82606887817383,policies,63.07161331176758
lerobot\examples\so100_to_so100_EE\rollout.py,25.11389923095703,4.994643211364746,7.265876770019531,24.90663719177246,5.562280654907227,configs,25.11389923095703
lerobot\src\lerobot\scripts\lerobot_setup_motors.py,23.601741790771484,4.498783111572266,7.5969109535217285,0.0,3.8736934661865234,configs,23.601741790771484
lerobot\tests\mocks\mock_serial_patch.py,3.43733549118042,2.1899924278259277,3.5376193523406982,1.4732062816619873,4.255616188049316,utilities,4.255616188049316
lerobot\src\lerobot\rl\buffer.py,6.348748207092285,53.299095153808594,2.215503454208374,3.2941603660583496,9.82384967803955,datasets,53.299095153808594
lerobot\src\lerobot\teleoperators\so_leader\so_leader.py,22.542179107666016,11.074100494384766,7.699267387390137,8.333198547363281,19.052623748779297,configs,22.542179107666016
lerobot\tests\annotations\conftest.py,0.3715427815914154,37.20125961303711,0.511073648929596,0.0,1.4200596809387207,datasets,37.20125961303711
lerobot\src\lerobot\teleoperators\unitree_g1\exo_serial.py,5.015391826629639,16.95052146911621,2.130636215209961,3.332833766937256,14.061488151550293,datasets,16.95052146911621
lerobot\tests\policies\vla_jepa\test_action_head.py,22.438203811645508,5.332960605621338,2.6660192012786865,69.7715835571289,12.042783737182617,policies,69.7715835571289
lerobot\tests\fixtures\dataset_factories.py,13.414291381835938,129.7812042236328,10.678044319152832,7.469747066497803,20.75333595275879,datasets,129.7812042236328
lerobot\src\lerobot\teleoperators\homunculus\homunculus_glove.py,23.164857864379883,12.454594612121582,3.8862953186035156,8.86902904510498,15.41873550415039,configs,23.164857864379883
lerobot\src\lerobot\envs\utils.py,16.731515884399414,16.249755859375,85.6265869140625,87.16107940673828,29.863061904907227,policies,87.16107940673828
lerobot\src\lerobot\teleoperators\openarm_leader\config_openarm_leader.py,17.103412628173828,8.64035415649414,3.3813629150390625,1.4088935852050781,5.7289652824401855,configs,17.103412628173828
lerobot\src\lerobot\teleoperators\omx_leader\omx_leader.py,33.35745620727539,9.713273048400879,7.9893879890441895,9.89635944366455,17.532817840576172,configs,33.35745620727539
lerobot\examples\port_datasets\display_error_files.py,11.366991996765137,77.46344757080078,6.670078277587891,3.594630241394043,18.761964797973633,datasets,77.46344757080078
lerobot\src\lerobot\teleoperators\rebot_102_leader\config_rebot_102_leader.py,16.399728775024414,6.246849060058594,4.158382415771484,3.5736396312713623,5.191336154937744,configs,16.399728775024414
lerobot\src\lerobot\rollout\__init__.py,2.0,94.50778198242188,1.0,7.0,6.820709705352783,datasets,94.50778198242188
lerobot\tests\policies\pi0_pi05\test_pi0_compile.py,19.71098518371582,4.29919958114624,4.480165004730225,84.51215362548828,16.20830535888672,policies,84.51215362548828
lerobot\src\lerobot\utils\random_utils.py,2.032945156097412,3.9879038333892822,1.1867337226867676,1.1378720998764038,3.7388789653778076,datasets,3.9879038333892822
lerobot\src\lerobot\policies\diffusion\__init__.py,0.7563014626502991,0.9659843444824219,0.7563014626502991,86.37989044189453,3.4911413192749023,policies,86.37989044189453
lerobot\tests\mocks\mock_feetech.py,1.2773994207382202,9.949617385864258,3.5385775566101074,5.582125663757324,3.8519320487976074,datasets,9.949617385864258
lerobot\src\lerobot\teleoperators\unitree_g1\exo_ik.py,3.565674066543579,11.215885162353516,2.7627363204956055,14.074206352233887,8.477450370788574,policies,14.074206352233887
lerobot\src\lerobot\policies\groot\utils.py,76.27458953857422,21.601943969726562,1.8888814449310303,66.09981536865234,11.01787281036377,configs,76.27458953857422
lerobot\tests\processor\test_batch_processor.py,22.66158676147461,14.279866218566895,6.604413986206055,11.48034954071045,10.574949264526367,configs,22.66158676147461
lerobot\examples\dataset\create_progress_videos.py,21.96290397644043,65.0354232788086,9.570387840270996,10.056903839111328,28.68115234375,datasets,65.0354232788086
lerobot\src\lerobot\rewards\topreward\modeling_topreward.py,27.112037658691406,38.11322784423828,7.9348978996276855,12.962270736694336,23.11144256591797,datasets,38.11322784423828
lerobot\src\lerobot\rewards\topreward\configuration_topreward.py,15.72036361694336,13.13766860961914,8.411335945129395,26.14997100830078,4.572299003601074,policies,26.14997100830078
lerobot\src\lerobot\teleoperators\phone\teleop_phone.py,32.408565521240234,8.698412895202637,2.5518510341644287,6.018887996673584,16.80097007751465,configs,32.408565521240234
lerobot\src\lerobot\robots\bi_openarm_follower\__init__.py,0.0,0.0,0.7254135608673096,0.0,0.0,environments,0.7254135608673096
lerobot\src\lerobot\envs\vlabench.py,11.41099739074707,17.96129608154297,47.58331298828125,11.529150009155273,21.123971939086914,environments,47.58331298828125
lerobot\tests\processor\test_rename_processor.py,27.07423210144043,16.020063400268555,10.580150604248047,18.813255310058594,9.446751594543457,configs,27.07423210144043
lerobot\examples\lekiwi\record.py,19.220256805419922,47.84648513793945,68.49472045898438,1.3966681957244873,11.265336990356445,environments,68.49472045898438
lerobot\tests\policies\pi0_pi05\test_pi0_rtc.py,27.89043617248535,40.953338623046875,5.405331134796143,85.83317565917969,7.829803466796875,policies,85.83317565917969
lerobot\examples\phone_to_so100\record.py,20.45920753479004,49.7443733215332,63.27766036987305,3.1793508529663086,13.54409408569336,environments,63.27766036987305
lerobot\src\lerobot\annotations\steerable_pipeline\vlm_client.py,28.623708724975586,25.929733276367188,9.728615760803223,13.353827476501465,26.7680606842041,configs,28.623708724975586
lerobot\src\lerobot\motors\motors_bus.py,9.675395011901855,20.556224822998047,8.692914009094238,20.435409545898438,22.42237091064453,utilities,22.42237091064453
lerobot\src\lerobot\rollout\inference\__init__.py,0.0,2.106107711791992,0.0,0.0,0.0,datasets,2.106107711791992
lerobot\tests\processor\test_converters.py,2.917759418487549,8.98412036895752,2.2225255966186523,10.360894203186035,2.0878052711486816,policies,10.360894203186035
lerobot\src\lerobot\rl\joint_observations_processor.py,16.85498809814453,7.436493396759033,2.0339083671569824,7.912919521331787,3.1890952587127686,configs,16.85498809814453
lerobot\src\lerobot\rollout\inference\rtc.py,28.989717483520508,31.745271682739258,7.574505805969238,21.081823348999023,10.892452239990234,datasets,31.745271682739258
lerobot\src\lerobot\robots\koch_follower\__init__.py,0.0,0.0,0.7260441780090332,0.0,0.0,environments,0.7260441780090332
lerobot\tests\configs\test_resume_from_hub.py,72.31868743896484,41.43156814575195,2.588127851486206,7.274761199951172,12.057740211486816,configs,72.31868743896484
lerobot\src\lerobot\robots\unitree_g1\unitree_sdk2_socket.py,18.198688507080078,11.182305335998535,3.462160110473633,3.0227954387664795,5.557458400726318,configs,18.198688507080078
lerobot\src\lerobot\policies\factory.py,40.57046890258789,51.12366485595703,54.81827926635742,121.30532836914062,33.301300048828125,policies,121.30532836914062
lerobot\src\lerobot\scripts\convert_dataset_v21_to_v30.py,24.425504684448242,115.55726623535156,9.73567008972168,18.328109741210938,29.78358268737793,datasets,115.55726623535156
lerobot\src\lerobot\robots\bi_so_follower\config_bi_so_follower.py,18.448179244995117,4.47012996673584,3.7585272789001465,1.0989768505096436,2.7889909744262695,configs,18.448179244995117
lerobot\src\lerobot\utils\sample_weighting.py,31.94383430480957,102.7046127319336,9.31982421875,100.39398193359375,16.11176109313965,datasets,102.7046127319336
lerobot\src\lerobot\scripts\lerobot_calibrate.py,20.460176467895508,6.217451095581055,3.79811429977417,2.158391237258911,6.17067289352417,configs,20.460176467895508
lerobot\tests\configs\test_default.py,70.01884460449219,40.020389556884766,0.5010395646095276,0.0,4.461413860321045,configs,70.01884460449219
lerobot\src\lerobot\rl\learner_service.py,0.7193542122840881,3.5311381816864014,1.5598180294036865,3.118976354598999,6.157285213470459,utilities,6.157285213470459
lerobot\src\lerobot\teleoperators\bi_openarm_mini\bi_openarm_mini.py,19.14081573486328,3.872969388961792,2.2595105171203613,2.601864814758301,4.289016246795654,configs,19.14081573486328
lerobot\src\lerobot\teleoperators\koch_leader\config_koch_leader.py,14.235411643981934,3.0,0.0,0.0,1.030583381652832,configs,14.235411643981934
lerobot\src\lerobot\datasets\dataset_reader.py,60.841129302978516,125.1868896484375,6.841464996337891,5.508687496185303,18.423147201538086,datasets,125.1868896484375
lerobot\src\lerobot\utils\constants.py,10.963812828063965,10.466797828674316,88.48810577392578,23.477806091308594,16.00958824157715,environments,88.48810577392578
lerobot\tests\datasets\test_language_render.py,7.19199275970459,102.05315399169922,4.0049238204956055,2.7898104190826416,10.89568042755127,datasets,102.05315399169922
lerobot\tests\annotations\_helpers.py,0.6382133960723877,2.0613009929656982,0.7851691246032715,0.39467230439186096,5.5013427734375,utilities,5.5013427734375
lerobot\examples\lekiwi\teleoperate.py,20.1319522857666,6.625351905822754,3.4065730571746826,2.1393494606018066,5.601097583770752,configs,20.1319522857666
lerobot\src\lerobot\utils\__init__.py,0.0,3.3423681259155273,0.0,1.3110032081604004,2.642660617828369,datasets,3.3423681259155273
lerobot\src\lerobot\model\__init__.py,0.0,0.0,0.0,5.085118770599365,0.0,policies,5.085118770599365
lerobot\src\lerobot\teleoperators\bi_rebot_102_leader\config_bi_rebot_102_leader.py,17.0012264251709,3.0,0.0,0.36462146043777466,0.48574933409690857,configs,17.0012264251709
lerobot\src\lerobot\policies\groot\action_head\__init__.py,0.684933066368103,1.7123327255249023,0.684933066368103,83.8635025024414,3.652604103088379,policies,83.8635025024414
lerobot\tests\policies\xvla\test_xvla_original_vs_lerobot.py,23.981447219848633,30.375316619873047,9.506933212280273,87.29208374023438,13.541559219360352,policies,87.29208374023438
lerobot\src\lerobot\policies\molmoact2\modeling_molmoact2.py,42.70307922363281,41.68198013305664,15.440282821655273,73.3409194946289,46.401878356933594,policies,73.3409194946289
lerobot\src\lerobot\robots\bi_rebot_b601_follower\config_bi_rebot_b601_follower.py,18.420082092285156,4.465148448944092,3.7491793632507324,1.0957790613174438,2.3588032722473145,configs,18.420082092285156
lerobot\tests\datasets\test_lerobot_dataset.py,8.215181350708008,125.17925262451172,11.11394214630127,7.3087158203125,25.201826095581055,datasets,125.17925262451172
lerobot\tests\policies\pi0_pi05\openpi_pytorch\image_tools.py,3.608341932296753,4.617181777954102,2.123337745666504,82.23493957519531,10.341490745544434,policies,82.23493957519531
lerobot\src\lerobot\rollout\strategies\factory.py,18.820592880249023,0.30320191383361816,2.29584002494812,0.0,0.524259626865387,configs,18.820592880249023
lerobot\tests\annotations\test_pipeline_recipe_render.py,25.208717346191406,106.07064056396484,5.092024326324463,2.3726534843444824,14.066028594970703,datasets,106.07064056396484
lerobot\tests\test_control_robot.py,0.49682044982910156,114.08235931396484,3.8643767833709717,0.0,12.417174339294434,datasets,114.08235931396484
lerobot\tests\utils\test_random_utils.py,1.7996435165405273,3.298769950866699,1.6625378131866455,0.8998217582702637,2.3022992610931396,datasets,3.298769950866699
lerobot\src\lerobot\rl\eval_policy.py,20.294002532958984,42.850276947021484,5.537670612335205,19.748655319213867,5.827635765075684,datasets,42.850276947021484
lerobot\tests\training\test_multi_gpu.py,39.33372497558594,108.54329681396484,78.10171508789062,27.431522369384766,27.477371215820312,datasets,108.54329681396484
lerobot\src\lerobot\robots\config.py,17.273103713989258,5.635366916656494,1.3353742361068726,0.7426118850708008,2.7930047512054443,configs,17.273103713989258
lerobot\src\lerobot\policies\diffusion\modeling_diffusion.py,29.452621459960938,13.354964256286621,7.012502193450928,71.4573974609375,22.42487335205078,policies,71.4573974609375
lerobot\tests\test_available.py,0.0,101.86431884765625,0.4913918972015381,1.0212419033050537,6.563955307006836,datasets,101.86431884765625
lerobot\src\lerobot\motors\feetech\feetech.py,8.573153495788574,18.7341365814209,5.46441650390625,19.818727493286133,24.125503540039062,utilities,24.125503540039062
lerobot\src\lerobot\rollout\strategies\base.py,8.845242500305176,36.032779693603516,8.19827651977539,16.830018997192383,18.72446632385254,datasets,36.032779693603516
lerobot\src\lerobot\rl\algorithms\factory.py,23.712566375732422,1.242853045463562,5.478344917297363,19.043376922607422,3.0844106674194336,configs,23.712566375732422
lerobot\src\lerobot\policies\fastwam\modeling_fastwam.py,32.872230529785156,48.52531814575195,7.993697166442871,70.70413970947266,27.619544982910156,policies,70.70413970947266
lerobot\tests\rl\test_actor_learner.py,29.22681427001953,96.38815307617188,8.397810935974121,19.48627471923828,17.788293838500977,datasets,96.38815307617188
lerobot\src\lerobot\teleoperators\bi_so_leader\__init__.py,0.0,0.0,0.0,0.0,0.37765032052993774,utilities,0.37765032052993774
lerobot\tests\processor\test_libero_processor.py,3.6159257888793945,5.559694766998291,2.217747211456299,7.0,1.3516813516616821,policies,7.0
lerobot\src\lerobot\datasets\pyav_utils.py,5.017187118530273,75.27324676513672,3.8483235836029053,4.847140312194824,14.098474502563477,datasets,75.27324676513672
lerobot\tests\policies\lingbot_va\test_processor.py,24.552757263183594,39.682857513427734,3.6973655223846436,93.58427429199219,7.992528915405273,policies,93.58427429199219
lerobot\examples\dataset\use_dataset_image_transforms.py,31.530214309692383,46.15083312988281,4.500533580780029,2.215249538421631,9.369816780090332,datasets,46.15083312988281
lerobot\src\lerobot\robots\hope_jr\__init__.py,0.6843387484550476,0.6843387484550476,1.4091229438781738,0.6843387484550476,1.3686774969100952,environments,1.4091229438781738
lerobot\src\lerobot\policies\evo1\modeling_evo1.py,37.551578521728516,20.511606216430664,14.971183776855469,76.77007293701172,29.25147819519043,policies,76.77007293701172
lerobot\src\lerobot\configs\default.py,58.15321350097656,18.122360229492188,7.065277576446533,4.176746368408203,15.363692283630371,configs,58.15321350097656
lerobot\tests\rl\test_sac_algorithm.py,32.69361114501953,87.587890625,8.196255683898926,22.86166763305664,14.833512306213379,datasets,87.587890625
lerobot\tests\training\test_visual_validation.py,28.83877944946289,110.75153350830078,7.321272373199463,18.797422409057617,13.577635765075684,datasets,110.75153350830078
lerobot\tests\mocks\mock_teleop.py,18.312423706054688,3.5217435359954834,0.4673925042152405,1.781064510345459,0.7972854375839233,configs,18.312423706054688
lerobot\src\lerobot\utils\rerun_visualization.py,1.2747458219528198,11.603123664855957,0.3474412262439728,2.8367526531219482,9.903526306152344,datasets,11.603123664855957
lerobot\src\lerobot\utils\hub.py,26.35161590576172,11.514307022094727,5.747284889221191,22.945560455322266,15.28259563446045,configs,26.35161590576172
lerobot\tests\optim\test_schedulers.py,21.83753776550293,4.680137634277344,4.906615734100342,3.4130146503448486,10.919008255004883,configs,21.83753776550293
lerobot\examples\tutorial\act\act_training_example.py,12.735501289367676,49.82421875,9.690839767456055,20.538034439086914,16.002195358276367,datasets,49.82421875
lerobot\src\lerobot\policies\eo1\modeling_eo1.py,28.19029998779297,17.085071563720703,5.631454944610596,64.55569458007812,17.404897689819336,policies,64.55569458007812
lerobot\src\lerobot\cameras\realsense\camera_realsense.py,34.37800598144531,21.575807571411133,8.647863388061523,7.916195869445801,15.075811386108398,configs,34.37800598144531
lerobot\src\lerobot\configs\video.py,66.9519271850586,37.670528411865234,5.174134254455566,8.37582015991211,12.685149192810059,configs,66.9519271850586
lerobot\tests\utils\test_process.py,0.9228023290634155,93.98408508300781,4.140331268310547,0.0,5.313210487365723,datasets,93.98408508300781
lerobot\tests\scripts\test_train_remote_dispatch.py,6.566789150238037,101.10684204101562,3.477534770965576,20.021591186523438,6.611379623413086,datasets,101.10684204101562
lerobot\src\lerobot\teleoperators\bi_openarm_mini\__init__.py,0.3016499876976013,0.0,0.3016499876976013,0.0,0.3016499876976013,configs,0.3016499876976013
lerobot\src\lerobot\rollout\strategies\sentry.py,29.306446075439453,56.999271392822266,10.307666778564453,16.514707565307617,28.800378799438477,datasets,56.999271392822266
lerobot\tests\rewards\__init__.py,0.0,0.0,0.534721851348877,0.0,0.0,environments,0.534721851348877
lerobot\src\lerobot\rewards\sarm\__init__.py,0.7563014626502991,0.9659843444824219,0.7563014626502991,0.4554353952407837,1.2117369174957275,utilities,1.2117369174957275
lerobot\tests\jobs\test_dataset.py,1.8605525493621826,112.28865051269531,1.971474289894104,1.1340744495391846,12.340837478637695,datasets,112.28865051269531
lerobot\src\lerobot\cameras\reachy2_camera\configuration_reachy2_camera.py,11.00623893737793,6.825810432434082,3.573855400085449,2.5454978942871094,5.509350776672363,configs,11.00623893737793
lerobot\src\lerobot\scripts\lerobot_record.py,27.986862182617188,57.893985748291016,74.43730163574219,22.268436431884766,24.791439056396484,environments,74.43730163574219
lerobot\src\lerobot\robots\unitree_g1\g1_utils.py,0.5046465992927551,1.8751072883605957,1.052762508392334,2.454726457595825,4.11033296585083,utilities,4.11033296585083
lerobot\src\lerobot\scripts\lerobot_rollout.py,3.9083144664764404,8.826926231384277,5.2259955406188965,5.290940284729004,6.362339019775391,datasets,8.826926231384277
lerobot\tests\datasets\test_dataset_tools.py,7.804958343505859,154.0570068359375,9.963994979858398,5.990638732910156,24.751445770263672,datasets,154.0570068359375
lerobot\tests\policies\lingbot_va\test_factory.py,22.809133529663086,0.4722346067428589,5.524898529052734,97.45748138427734,4.0674519538879395,policies,97.45748138427734
lerobot\tests\processor\test_act_processor.py,27.178678512573242,21.804767608642578,4.494285583496094,21.894733428955078,6.4185099601745605,configs,27.178678512573242
lerobot\src\lerobot\configs\__init__.py,69.93870544433594,8.229626655578613,2.0,9.799201011657715,2.912534713745117,configs,69.93870544433594
lerobot\src\lerobot\rl\trainer.py,2.8039562702178955,6.276606559753418,3.4351108074188232,0.36855238676071167,4.826005935668945,datasets,6.276606559753418
lerobot\src\lerobot\rl\crop_dataset_roi.py,25.94304847717285,55.0722770690918,5.73236083984375,2.669722080230713,13.815496444702148,datasets,55.0722770690918
lerobot\tests\utils\test_sample_weighting.py,29.487722396850586,43.369964599609375,6.658827304840088,26.080188751220703,7.046546459197998,datasets,43.369964599609375
lerobot\tests\annotations\test_vlm_client.py,2.556948661804199,97.72171783447266,1.5880578756332397,6.236045837402344,6.293145179748535,datasets,97.72171783447266
lerobot\src\lerobot\rollout\inference\base.py,2.466390609741211,4.868392467498779,1.1462442874908447,2.13577938079834,2.8759660720825195,datasets,4.868392467498779
lerobot\tests\async_inference\test_policy_server.py,26.908645629882812,3.485358953475952,86.03311157226562,24.139514923095703,10.633432388305664,environments,86.03311157226562
lerobot\tests\policies\rtc\test_action_queue.py,25.678842544555664,5.202962875366211,4.6732964515686035,55.447975158691406,9.64120101928711,policies,55.447975158691406
lerobot\tests\processor\test_pipeline.py,81.5392074584961,91.82856750488281,13.020373344421387,27.540964126586914,23.945180892944336,datasets,91.82856750488281
lerobot\tests\processor\test_batch_conversion.py,0.0,8.638493537902832,0.5322363972663879,6.895802974700928,0.361505925655365,datasets,8.638493537902832
lerobot\tests\policies\pi0_pi05\utils\openpi_parity.py,12.309895515441895,49.999900817871094,10.456384658813477,88.64593505859375,13.446186065673828,policies,88.64593505859375
lerobot\src\lerobot\cameras\configs.py,51.4388427734375,4.891007423400879,1.891007661819458,4.962009429931641,8.410968780517578,configs,51.4388427734375
lerobot\src\lerobot\teleoperators\gamepad\configuration_gamepad.py,10.966513633728027,4.813168048858643,1.8744738101959229,0.0,0.0,configs,10.966513633728027
lerobot\tests\policies\groot\test_groot_state_dropout.py,16.107446670532227,5.978757858276367,5.677209377288818,78.58367919921875,8.150665283203125,policies,78.58367919921875
lerobot\src\lerobot\scripts\lerobot_teleoperate.py,19.825885772705078,11.700688362121582,4.549770355224609,7.166808128356934,8.939868927001953,configs,19.825885772705078
lerobot\tests\policies\vla_jepa\test_configuration.py,32.40827941894531,7.436084747314453,3.8135030269622803,84.86080932617188,5.217358589172363,policies,84.86080932617188
lerobot\tests\policies\evo1\test_evo1.py,33.20359802246094,39.230228424072266,13.295945167541504,77.72500610351562,24.28200912475586,policies,77.72500610351562
lerobot\tests\rewards\test_sarm_utils.py,1.9755091667175293,6.79740571975708,2.033689022064209,14.250028610229492,5.917308330535889,policies,14.250028610229492
lerobot\tests\utils\test_encoding_utils.py,4.600011825561523,4.262838840484619,3.501702308654785,5.710065841674805,7.078981876373291,utilities,7.078981876373291
lerobot\src\lerobot\robots\unitree_g1\config_unitree_g1.py,14.46527099609375,4.7387166023254395,4.962479114532471,2.8076324462890625,5.719668865203857,configs,14.46527099609375
lerobot\tests\teleoperators\test_unitree_g1_teleoperator.py,19.507694244384766,14.671308517456055,1.78705632686615,6.846779823303223,13.481551170349121,configs,19.507694244384766
lerobot\tests\policies\test_sarm_subtask_annotations.py,0.3741903603076935,1.3397997617721558,0.8047806024551392,75.609619140625,3.6754400730133057,policies,75.609619140625
lerobot\tests\datasets\test_depth.py,4.480519771575928,103.8376235961914,5.2207841873168945,6.9047112464904785,10.190937995910645,datasets,103.8376235961914
lerobot\src\lerobot\scripts\lerobot_train.py,73.40642547607422,112.247802734375,45.31478500366211,85.51387023925781,30.769908905029297,datasets,112.247802734375
lerobot\src\lerobot\utils\logging_utils.py,2.0471715927124023,7.53118371963501,1.9885307550430298,2.307560443878174,8.539752960205078,utilities,8.539752960205078
lerobot\src\lerobot\robots\unitree_g1\gr00t_locomotion.py,8.969712257385254,7.189162254333496,3.131835699081421,103.82689666748047,12.570919036865234,policies,103.82689666748047
lerobot\tests\policies\groot\utils\dump_original_n1_7.py,82.70294952392578,27.30057144165039,9.687911987304688,97.30743408203125,16.678932189941406,policies,97.30743408203125
lerobot\src\lerobot\annotations\steerable_pipeline\prompts\__init__.py,1.8502449989318848,5.954487323760986,0.9251224994659424,0.9251224994659424,3.677107572555542,datasets,5.954487323760986
lerobot\src\lerobot\optim\factory.py,22.080581665039062,3.782263994216919,9.18939208984375,16.545551300048828,8.720341682434082,configs,22.080581665039062
lerobot\tests\policies\pi0_pi05\test_pi05_original_vs_lerobot.py,25.82551383972168,46.117000579833984,5.0868730545043945,92.75598907470703,9.887303352355957,policies,92.75598907470703
lerobot\src\lerobot\teleoperators\openarm_mini\__init__.py,0.3016499876976013,0.0,0.3016499876976013,0.0,0.3016499876976013,configs,0.3016499876976013
lerobot\src\lerobot\policies\act\modeling_act.py,29.61172866821289,15.29866886138916,6.8875932693481445,69.40694427490234,20.934839248657227,policies,69.40694427490234
lerobot\tests\rewards\test_topreward_processor.py,20.941062927246094,15.424057960510254,6.994472503662109,9.052665710449219,11.418952941894531,configs,20.941062927246094
lerobot\examples\isaac_teleop_to_so101\isaac_teleop\config_isaac_teleop.py,15.640637397766113,8.270208358764648,3.663924217224121,2.4695703983306885,10.243008613586426,configs,15.640637397766113
lerobot\examples\isaac_teleop_to_so101\isaac_teleop\teleop_so101_leader_arm.py,21.6800479888916,2.276766777038574,6.333426475524902,1.9040822982788086,7.9768853187561035,configs,21.6800479888916
lerobot\tests\mocks\mock_robot.py,70.7637710571289,6.60113525390625,4.1702680587768555,9.448974609375,5.860910892486572,configs,70.7637710571289
lerobot\src\lerobot\rollout\inference\sync.py,19.968833923339844,39.93821716308594,4.579569339752197,21.57179832458496,4.300772190093994,datasets,39.93821716308594
lerobot\src\lerobot\envs\robotwin.py,77.26689910888672,29.807125091552734,12.52370834350586,21.06016731262207,28.33343505859375,configs,77.26689910888672
lerobot\tests\artifacts\image_transforms\save_image_transforms_to_safetensors.py,22.416202545166016,43.83879470825195,4.581868648529053,1.3419952392578125,9.749725341796875,datasets,43.83879470825195
lerobot\src\lerobot\teleoperators\so_leader\__init__.py,0.0,0.0,0.0,0.0,0.37504449486732483,utilities,0.37504449486732483
lerobot\src\lerobot\cameras\opencv\configuration_opencv.py,13.372038841247559,8.860016822814941,3.3321070671081543,2.8558385372161865,7.173001289367676,configs,13.372038841247559
lerobot\src\lerobot\rewards\sarm\processor_sarm.py,32.881317138671875,55.82170486450195,7.413825035095215,31.212045669555664,15.217642784118652,datasets,55.82170486450195
lerobot\src\lerobot\motors\encoding_utils.py,3.6851322650909424,2.940159559249878,3.496534585952759,5.109825611114502,5.81689453125,utilities,5.81689453125
lerobot\examples\annotations\run_hf_job.py,8.272880554199219,78.1592025756836,2.4779653549194336,7.679810523986816,16.516944885253906,datasets,78.1592025756836
lerobot\src\lerobot\robots\omx_follower\omx_follower.py,79.89949035644531,10.822306632995605,9.36495304107666,8.001803398132324,17.323970794677734,configs,79.89949035644531
lerobot\tests\policies\test_policies.py,36.1148567199707,112.33209228515625,16.50715446472168,125.1802978515625,33.24342727661133,policies,125.1802978515625
lerobot\src\lerobot\scripts\lerobot_imgtransform_viz.py,21.669769287109375,41.33162307739258,3.149437427520752,3.1220221519470215,8.021232604980469,datasets,41.33162307739258
lerobot\src\lerobot\transport\utils.py,17.189624786376953,10.244078636169434,1.2134058475494385,2.0919971466064453,8.064916610717773,configs,17.189624786376953
lerobot\src\lerobot\async_inference\helpers.py,12.350342750549316,41.867889404296875,64.53062438964844,26.236928939819336,19.986244201660156,environments,64.53062438964844
lerobot\tests\utils\test_foxglove_visualization.py,1.9891701936721802,9.311241149902344,65.2305679321289,1.0,5.88560152053833,environments,65.2305679321289
lerobot\tests\policies\rtc\test_debug_tracker.py,9.01680850982666,6.33552360534668,4.596724033355713,58.89210510253906,15.880473136901855,policies,58.89210510253906
lerobot\tests\policies\pi0_pi05\openpi_pytorch\gemma_pytorch.py,30.873111724853516,18.042503356933594,5.05613374710083,78.6080093383789,15.499553680419922,policies,78.6080093383789
lerobot\tests\scripts\test_lerobot_annotate.py,0.8352426290512085,109.56657409667969,0.86747807264328,0.0,6.255179405212402,datasets,109.56657409667969
lerobot\src\lerobot\policies\fastwam\wan\components.py,24.45906639099121,15.268818855285645,4.255819320678711,85.69770812988281,20.70576286315918,policies,85.69770812988281
lerobot\examples\training\train_policy.py,12.001383781433105,45.2052001953125,8.965022087097168,22.51308822631836,13.031933784484863,datasets,45.2052001953125
lerobot\src\lerobot\robots\earthrover_mini_plus\__init__.py,0.3016499876976013,0.0,1.0270636081695557,0.0,0.3016499876976013,environments,1.0270636081695557
lerobot\src\lerobot\utils\foxglove_visualization.py,11.81534194946289,49.118709564208984,4.464836597442627,4.747513771057129,17.10899543762207,datasets,49.118709564208984
lerobot\src\lerobot\teleoperators\keyboard\configuration_keyboard.py,12.940549850463867,6.651188373565674,4.110227584838867,1.8729546070098877,4.189236640930176,configs,12.940549850463867
lerobot\tests\async_inference\test_robot_client.py,24.324121475219727,89.59700775146484,4.150660514831543,15.924778938293457,10.271240234375,datasets,89.59700775146484
lerobot\src\lerobot\robots\lekiwi\lekiwi_client.py,32.57083511352539,14.866528511047363,4.684712886810303,5.443280220031738,12.204855918884277,configs,32.57083511352539
lerobot\src\lerobot\robots\earthrover_mini_plus\config_earthrover_mini_plus.py,14.579449653625488,3.0,1.0717042684555054,0.0,0.7626105546951294,configs,14.579449653625488
lerobot\examples\so100_to_so100_EE\replay.py,17.96058464050293,41.73795700073242,3.3986446857452393,1.9971868991851807,6.895659446716309,datasets,41.73795700073242
lerobot\src\lerobot\envs\configs.py,50.3320426940918,38.908504486083984,76.96927642822266,16.815776824951172,22.151691436767578,environments,76.96927642822266
lerobot\src\lerobot\policies\gaussian_actor\configuration_gaussian_actor.py,30.650604248046875,39.93093490600586,10.870803833007812,93.61238098144531,14.7122802734375,policies,93.61238098144531
lerobot\src\lerobot\policies\groot\processor_groot.py,93.99664306640625,108.11811065673828,26.86720085144043,71.1928939819336,34.838191986083984,datasets,108.11811065673828
lerobot\tests\datasets\test_image_writer.py,5.771973609924316,113.50425720214844,6.013363361358643,5.118165016174316,16.62327766418457,datasets,113.50425720214844
lerobot\src\lerobot\async_inference\constants.py,0.6180456876754761,0.6180456876754761,3.442453622817993,95.13300323486328,9.743449211120605,policies,95.13300323486328
lerobot\src\lerobot\transport\__init__.py,0.0,0.0,0.0,0.0,2.4781453609466553,utilities,2.4781453609466553
lerobot\src\lerobot\robots\unitree_g1\__init__.py,0.0,0.0,0.7260441780090332,0.0,0.0,environments,0.7260441780090332
lerobot\src\lerobot\rewards\sarm\modeling_sarm.py,28.46133804321289,49.828819274902344,4.70822286605835,13.244050979614258,16.510425567626953,datasets,49.828819274902344
lerobot\src\lerobot\motors\feetech\tables.py,0.9658656120300293,3.8631112575531006,3.8178446292877197,11.451794624328613,4.627939701080322,policies,11.451794624328613
lerobot\tests\envs\test_dispatch.py,24.631643295288086,11.124231338500977,8.264705657958984,17.69200325012207,13.610322952270508,configs,24.631643295288086
lerobot\tests\robots\test_reachy2.py,21.810426712036133,9.191091537475586,3.4466469287872314,3.7883663177490234,6.285935401916504,configs,21.810426712036133
lerobot\tests\utils.py,7.604043960571289,3.872004508972168,1.1112114191055298,6.94614315032959,11.193387985229492,utilities,11.193387985229492
lerobot\tests\policies\rtc\test_configuration_rtc.py,29.149639129638672,0.0,2.4620163440704346,79.32807159423828,2.9501516819000244,policies,79.32807159423828
lerobot\tests\annotations\__init__.py,0.0,0.0,0.534721851348877,0.0,0.0,environments,0.534721851348877
lerobot\src\lerobot\datasets\pipeline_features.py,0.3316786587238312,103.83759307861328,0.0,1.3729519844055176,2.889333486557007,datasets,103.83759307861328
lerobot\src\lerobot\types.py,3.376457691192627,6.3325090408325195,1.0,8.394339561462402,0.39433935284614563,policies,8.394339561462402
lerobot\src\lerobot\robots\hope_jr\hope_jr_arm.py,69.64277648925781,8.89289665222168,5.376345634460449,5.3055901527404785,13.598518371582031,configs,69.64277648925781
lerobot\src\lerobot\policies\gaussian_actor\processor_gaussian_actor.py,23.8291015625,35.451683044433594,4.227172374725342,103.33991241455078,5.19187593460083,policies,103.33991241455078
lerobot\tests\processor\test_smolvla_processor.py,26.421823501586914,26.217599868774414,8.980951309204102,108.35602569580078,7.393986701965332,policies,108.35602569580078
lerobot\examples\isaac_teleop_to_so101\isaac_teleop\base.py,26.840839385986328,8.605234146118164,8.815362930297852,5.262545585632324,23.232879638671875,configs,26.840839385986328
lerobot\src\lerobot\annotations\steerable_pipeline\modules\interjections_and_speech.py,19.7686767578125,15.866964340209961,6.789860248565674,2.3072428703308105,12.714966773986816,configs,19.7686767578125
lerobot\src\lerobot\teleoperators\bi_so_leader\config_bi_so_leader.py,17.02446746826172,3.0,0.0,0.3653339147567749,0.9112210869789124,configs,17.02446746826172
lerobot\src\lerobot\policies\fastwam\processor_fastwam.py,25.939638137817383,33.516639709472656,4.456018447875977,100.66075134277344,8.41299057006836,policies,100.66075134277344
lerobot\src\lerobot\teleoperators\__init__.py,14.709737777709961,0.42272642254829407,0.3013882339000702,0.0,0.7130553722381592,configs,14.709737777709961
lerobot\src\lerobot\robots\reachy2\__init__.py,0.0,0.0,0.7063949704170227,0.39170336723327637,0.0,environments,0.7063949704170227
lerobot\src\lerobot\policies\evo1\flow_matching.py,7.5803632736206055,11.594783782958984,4.407203674316406,59.21403884887695,17.90220069885254,policies,59.21403884887695
lerobot\tests\processor\test_tokenizer_processor.py,30.335376739501953,10.25440788269043,12.48459529876709,16.66471290588379,19.918060302734375,configs,30.335376739501953
lerobot\examples\tutorial\smolvla\using_smolvla_example.py,20.179302215576172,39.20914077758789,4.683197498321533,8.596328735351562,6.453252792358398,datasets,39.20914077758789
lerobot\src\lerobot\datasets\utils.py,75.35462951660156,132.89962768554688,16.056419372558594,8.79499626159668,38.273223876953125,datasets,132.89962768554688
lerobot\src\lerobot\utils\rotation.py,5.255119323730469,2.125065326690674,0.0,0.22280217707157135,2.967050552368164,configs,5.255119323730469
lerobot\src\lerobot\rewards\topreward\compute_rabc_weights.py,36.43973922729492,118.69982147216797,7.768857002258301,22.353355407714844,28.313339233398438,datasets,118.69982147216797
lerobot\src\lerobot\policies\fastwam\wan\__init__.py,1.240290641784668,1.957379698753357,0.0,82.15882873535156,3.4947028160095215,policies,82.15882873535156
lerobot\src\lerobot\policies\fastwam\wan\video_dit.py,12.787847518920898,26.446245193481445,11.100899696350098,62.645408630371094,31.093408584594727,policies,62.645408630371094
lerobot\src\lerobot\utils\device_utils.py,5.418087005615234,2.120203733444214,6.973927021026611,2.9125208854675293,8.309754371643066,utilities,8.309754371643066
lerobot\src\lerobot\jobs\hf.py,33.56401062011719,47.56821823120117,14.080231666564941,26.442710876464844,26.326648712158203,datasets,47.56821823120117
lerobot\src\lerobot\rewards\robometer\processor_robometer.py,32.31498336791992,42.42157745361328,7.674326419830322,30.488832473754883,14.919427871704102,datasets,42.42157745361328
lerobot\src\lerobot\robots\bi_rebot_b601_follower\bi_rebot_b601_follower.py,19.986570358276367,1.6891005039215088,1.702431321144104,5.58596134185791,7.416508674621582,configs,19.986570358276367
lerobot\src\lerobot\annotations\steerable_pipeline\executor.py,24.807294845581055,14.082304000854492,4.09462308883667,5.025915622711182,18.15593719482422,configs,24.807294845581055
lerobot\tests\configs\test_recipe.py,53.50364685058594,5.886807918548584,5.372689723968506,1.0,9.794327735900879,configs,53.50364685058594
lerobot\tests\jobs\conftest.py,0.0,0.0,0.534721851348877,0.0,0.0,environments,0.534721851348877
lerobot\src\lerobot\policies\fastwam\configuration_fastwam.py,36.97755432128906,48.920658111572266,9.597366333007812,90.34735107421875,15.091538429260254,policies,90.34735107421875
lerobot\src\lerobot\model\kinematics.py,2.6184020042419434,4.517908096313477,3.8051671981811523,6.231696605682373,14.956464767456055,utilities,14.956464767456055
lerobot\tests\optim\test_optimizers.py,28.09718132019043,5.977304458618164,4.648866176605225,8.517333030700684,6.4116621017456055,configs,28.09718132019043
lerobot\src\lerobot\motors\dynamixel\dynamixel.py,4.885628700256348,13.393041610717773,3.5847721099853516,18.226064682006836,19.590473175048828,utilities,19.590473175048828
lerobot\tests\robots\test_so100_follower.py,0.7085535526275635,4.6706671714782715,2.499865770339966,1.0,2.162459135055542,datasets,4.6706671714782715
lerobot\src\lerobot\policies\gaussian_actor\__init__.py,0.7549934387207031,0.9643136262893677,1.6660680770874023,83.80103302001953,3.486832857131958,policies,83.80103302001953
lerobot\tests\artifacts\policies\save_policy_to_safetensors.py,22.07944679260254,54.14215850830078,9.866127014160156,108.86649322509766,20.91092872619629,policies,108.86649322509766
lerobot\tests\rewards\test_sarm_processor.py,21.90839958190918,52.47304153442383,2.0201964378356934,12.460115432739258,8.008204460144043,datasets,52.47304153442383
lerobot\src\lerobot\optim\__init__.py,0.0,0.7324950098991394,0.0,0.0,0.0,datasets,0.7324950098991394
lerobot\src\lerobot\rewards\__init__.py,17.800800323486328,1.9273896217346191,0.9148359298706055,6.409238338470459,1.9319689273834229,configs,17.800800323486328
lerobot\tests\datasets\test_video_decoder_cache.py,6.152462482452393,94.90278625488281,2.023378849029541,0.9996310472488403,9.8536376953125,datasets,94.90278625488281
lerobot\src\lerobot\teleoperators\bi_rebot_102_leader\bi_rebot_102_leader.py,19.97936248779297,2.0985472202301025,0.0,7.44825553894043,4.5508503913879395,configs,19.97936248779297
lerobot\src\lerobot\datasets\streaming_dataset.py,59.785316467285156,117.97702026367188,8.371184349060059,5.400616645812988,23.95459747314453,datasets,117.97702026367188
lerobot\examples\tutorial\rl\hilserl_example.py,29.750389099121094,49.762794494628906,11.445024490356445,21.29804229736328,16.27631378173828,datasets,49.762794494628906
lerobot\src\lerobot\jobs\__init__.py,0.0,95.4141616821289,0.0,0.0,4.97967004776001,datasets,95.4141616821289
lerobot\examples\isaac_teleop_to_so101\isaac_teleop\__init__.py,0.0,0.0,0.6466940641403198,1.0,0.3740765452384949,policies,1.0
lerobot\tests\teleoperators\test_reachy2_teleoperator.py,17.3903751373291,3.3448193073272705,1.9433802366256714,3.4381635189056396,5.362353324890137,configs,17.3903751373291
lerobot\tests\processor\test_pi0_processor.py,24.25445556640625,44.93836212158203,3.4293205738067627,18.178611755371094,7.282590389251709,datasets,44.93836212158203
lerobot\src\lerobot\teleoperators\reachy2_teleoperator\reachy2_teleoperator.py,21.024709701538086,8.79366397857666,1.4819176197052002,3.9366869926452637,10.605202674865723,configs,21.024709701538086
lerobot\src\lerobot\rl\algorithms\configs.py,82.80992126464844,20.76753044128418,14.635031700134277,32.716033935546875,23.766765594482422,configs,82.80992126464844
lerobot\src\lerobot\teleoperators\unitree_g1\config_unitree_g1.py,18.608388900756836,5.787187576293945,3.3361048698425293,1.20075523853302,3.2429165840148926,configs,18.608388900756836
lerobot\tests\utils\test_visualization_utils.py,0.2937414050102234,5.225114345550537,0.8117307424545288,5.397563934326172,1.3663861751556396,policies,5.397563934326172
lerobot\src\lerobot\policies\molmoact2\molmoact2_hf_model\action_tokenizer.py,22.882949829101562,11.796305656433105,3.4113080501556396,75.12833404541016,13.635259628295898,policies,75.12833404541016
lerobot\src\lerobot\robots\lekiwi\lekiwi.py,70.91844177246094,14.924175262451172,9.978278160095215,11.681568145751953,23.877532958984375,configs,70.91844177246094
lerobot\examples\training\train_with_streaming.py,12.112958908081055,43.73773956298828,9.966388702392578,19.411649703979492,13.49530029296875,datasets,43.73773956298828
lerobot\src\lerobot\scripts\lerobot_dataset_viz.py,17.179244995117188,60.15959548950195,12.209378242492676,16.697265625,31.508527755737305,datasets,60.15959548950195
lerobot\src\lerobot\teleoperators\reachy2_teleoperator\__init__.py,0.0,0.0,0.0,0.39170336723327637,0.0,policies,0.39170336723327637
lerobot\src\lerobot\utils\import_utils.py,26.61386489868164,73.30758666992188,6.231637001037598,19.988187789916992,22.316795349121094,datasets,73.30758666992188
lerobot\examples\dataset\slurm_compute_rabc.py,40.5265998840332,115.13440704345703,10.969578742980957,17.913959503173828,39.822086334228516,datasets,115.13440704345703
lerobot\src\lerobot\policies\fastwam\wan\model.py,5.362490177154541,10.440321922302246,2.078786849975586,72.7585678100586,15.046196937561035,policies,72.7585678100586
lerobot\src\lerobot\datasets\dataset_metadata.py,25.673215866088867,120.00091552734375,10.11807918548584,12.073434829711914,27.579269409179688,datasets,120.00091552734375
lerobot\tests\test_cli_peft.py,32.32291030883789,43.476165771484375,9.722485542297363,27.889633178710938,24.17665672302246,datasets,43.476165771484375
lerobot\src\lerobot\robots\unitree_g1\unitree_g1.py,67.12739562988281,15.738020896911621,10.945613861083984,6.419370651245117,20.474056243896484,configs,67.12739562988281
lerobot\tests\cameras\test_reachy2_camera.py,18.788928985595703,6.436832904815674,0.8456358909606934,3.8274707794189453,4.755491256713867,configs,18.788928985595703
lerobot\examples\isaac_teleop_to_so101\__init__.py,0.0,0.0,0.0,0.0,0.37863683700561523,utilities,0.37863683700561523
lerobot\src\lerobot\common\control_utils.py,10.237476348876953,47.2713623046875,10.920981407165527,23.150732040405273,20.943302154541016,datasets,47.2713623046875
lerobot\src\lerobot\rl\data_sources\__init__.py,0.0,6.285021781921387,0.0,0.0,0.0,datasets,6.285021781921387
lerobot\examples\isaac_teleop_to_so101\isaac_teleop\clutch.py,2.835388422012329,2.7923545837402344,0.8608844876289368,0.8608844876289368,3.6567916870117188,utilities,3.6567916870117188
lerobot\examples\port_datasets\slurm_aggregate_shards.py,9.335079193115234,105.51927185058594,7.255803108215332,3.4429826736450195,20.47869873046875,datasets,105.51927185058594
lerobot\src\lerobot\annotations\steerable_pipeline\modules\__init__.py,0.0,0.0,0.0,0.7313650846481323,3.598766326904297,utilities,3.598766326904297
lerobot\src\lerobot\policies\fastwam\__init__.py,0.7563014626502991,0.9659843444824219,0.7563014626502991,82.51399230957031,3.4911413192749023,policies,82.51399230957031
lerobot\examples\port_datasets\port_droid.py,17.706768035888672,121.81051635742188,8.380698204040527,12.39796257019043,34.56922912597656,datasets,121.81051635742188
lerobot\tests\policies\molmoact2\test_molmoact2.py,38.30986785888672,39.95753479003906,12.760644912719727,82.3450698852539,30.51144027709961,policies,82.3450698852539
lerobot\src\lerobot\policies\act\configuration_act.py,17.41692352294922,15.506744384765625,75.501220703125,101.61904907226562,13.405462265014648,policies,101.61904907226562
lerobot\tests\policies\groot\test_groot_lerobot.py,26.50568962097168,35.245094299316406,9.74388599395752,94.7410888671875,12.122265815734863,policies,94.7410888671875
lerobot\tests\processor\test_pipeline_from_pretrained_helpers.py,35.97414779663086,21.32246208190918,4.666463375091553,10.07889175415039,16.63742446899414,configs,35.97414779663086
lerobot\src\lerobot\rl\algorithms\sac\sac_algorithm.py,29.521686553955078,15.652706146240234,6.512780666351318,22.154319763183594,7.2343926429748535,configs,29.521686553955078
lerobot\src\lerobot\robots\bi_so_follower\__init__.py,0.0,0.0,0.7254135608673096,0.0,0.37765032052993774,environments,0.7254135608673096
lerobot\src\lerobot\cameras\realsense\configuration_realsense.py,10.574207305908203,6.083610534667969,2.048718214035034,2.905543088912964,0.6635429859161377,configs,10.574207305908203
lerobot\tests\policies\wall_x\test_wallx.py,27.441329956054688,44.21992874145508,7.572059154510498,91.99141693115234,10.458677291870117,policies,91.99141693115234
lerobot\src\lerobot\teleoperators\bi_openarm_leader\bi_openarm_leader.py,29.40354347229004,9.601555824279785,3.1628823280334473,2.553565740585327,7.410256862640381,configs,29.40354347229004
lerobot\tests\robots\test_rebot_b601_follower.py,16.2613582611084,4.995804309844971,2.884568929672241,11.249183654785156,10.227559089660645,configs,16.2613582611084
lerobot\examples\phone_to_so100\replay.py,17.96058464050293,41.73795700073242,3.3986446857452393,1.9971868991851807,6.895659446716309,datasets,41.73795700073242
lerobot\src\lerobot\rewards\sarm\sarm_utils.py,3.9453470706939697,6.878398418426514,3.0666871070861816,1.6067509651184082,7.41593599319458,utilities,7.41593599319458
lerobot\tests\fixtures\hub.py,8.595621109008789,123.06354522705078,11.534505844116211,4.1837873458862305,18.74034881591797,datasets,123.06354522705078
lerobot\src\lerobot\robots\__init__.py,14.722513198852539,0.4230935573577881,1.7676098346710205,0.0,0.7136746644973755,configs,14.722513198852539
lerobot\src\lerobot\cameras\opencv\camera_opencv.py,34.654457092285156,16.737226486206055,5.714908599853516,9.087480545043945,13.244311332702637,configs,34.654457092285156
lerobot\examples\so100_to_so100_EE\evaluate.py,26.803678512573242,54.237422943115234,83.08319091796875,25.960851669311523,16.082914352416992,environments,83.08319091796875
lerobot\src\lerobot\policies\lingbot_va\utils.py,20.77709197998047,21.428653717041016,9.551460266113281,58.93474578857422,29.403972625732422,policies,58.93474578857422
lerobot\tests\rewards\test_modeling_classifier.py,22.382863998413086,4.493716716766357,3.0027642250061035,14.323890686035156,5.686730861663818,configs,22.382863998413086
lerobot\tests\motors\test_dynamixel.py,1.3267700672149658,8.522510528564453,2.2719898223876953,16.69492530822754,11.395182609558105,policies,16.69492530822754
lerobot\src\lerobot\robots\omx_follower\__init__.py,0.0,0.0,0.7260441780090332,0.0,0.0,environments,0.7260441780090332
lerobot\examples\port_datasets\slurm_upload.py,19.07144546508789,120.96398162841797,12.148202896118164,13.377013206481934,30.93937873840332,datasets,120.96398162841797
lerobot\tests\jobs\test_job_config.py,22.099716186523438,38.801307678222656,3.1070594787597656,18.445255279541016,5.080904483795166,datasets,38.801307678222656
lerobot\tests\policies\pi0_pi05\openpi_pytorch\pi0_pytorch.py,26.42234992980957,13.38344669342041,6.416921138763428,70.82723236083984,14.590624809265137,policies,70.82723236083984
lerobot\src\lerobot\robots\so_follower\config_so_follower.py,15.543532371520996,6.236633777618408,3.910815715789795,0.7239874601364136,3.472170829772949,configs,15.543532371520996
lerobot\tests\utils\test_train_utils.py,25.104677200317383,10.897974967956543,7.6936750411987305,23.540056228637695,14.267377853393555,configs,25.104677200317383
lerobot\src\lerobot\configs\train.py,91.01392364501953,56.99460983276367,17.088809967041016,36.86510467529297,31.198497772216797,configs,91.01392364501953
lerobot\src\lerobot\robots\openarm_follower\openarm_follower.py,86.03952026367188,22.38576316833496,9.422587394714355,6.618834972381592,21.725326538085938,configs,86.03952026367188
lerobot\src\lerobot\rl\train_rl.py,22.18039894104004,36.482337951660156,2.9175055027008057,16.317102432250977,3.6905927658081055,datasets,36.482337951660156
lerobot\src\lerobot\rollout\strategies\highlight.py,29.279207229614258,54.75801086425781,10.626371383666992,15.912824630737305,27.169042587280273,datasets,54.75801086425781
lerobot\tests\async_inference\test_e2e.py,30.910282135009766,94.1600112915039,8.352392196655273,25.288820266723633,14.711202621459961,datasets,94.1600112915039
lerobot\src\lerobot\transforms\__init__.py,16.609600067138672,1.477324366569519,0.3403145372867584,0.0,0.8051512837409973,configs,16.609600067138672
lerobot\src\lerobot\envs\__init__.py,19.587060928344727,2.0344371795654297,2.917386531829834,15.241671562194824,2.657155752182007,configs,19.587060928344727
lerobot\src\lerobot\rl\actor.py,30.08465003967285,40.737701416015625,8.951786994934082,27.2443790435791,18.8503475189209,datasets,40.737701416015625
lerobot\tests\mocks\mock_motors_bus.py,2.1110775470733643,10.444352149963379,4.6917853355407715,12.572644233703613,7.896643161773682,policies,12.572644233703613
lerobot\src\lerobot\scripts\augment_dataset_quantile_stats.py,10.0650634765625,60.31840515136719,2.7356514930725098,7.90858793258667,13.01164436340332,datasets,60.31840515136719
lerobot\src\lerobot\datasets\io_utils.py,11.141897201538086,128.24830627441406,9.45561408996582,8.723396301269531,27.254589080810547,datasets,128.24830627441406
lerobot\tests\jobs\__init__.py,0.0,0.0,0.534721851348877,0.0,0.0,environments,0.534721851348877
lerobot\tests\datasets\test_image_transforms.py,27.8549747467041,89.71056365966797,11.426491737365723,5.534754276275635,20.1435489654541,datasets,89.71056365966797
lerobot\tests\policies\fastwam\test_fastwam_policy.py,32.957298278808594,48.34834289550781,10.414790153503418,96.36104583740234,20.412261962890625,policies,96.36104583740234
lerobot\tests\rl\test_queue.py,5.607985496520996,94.5434799194336,0.7324542999267578,0.0,5.777063846588135,datasets,94.5434799194336
lerobot\src\lerobot\teleoperators\gamepad\gamepad_utils.py,2.745943546295166,12.28806209564209,50.302085876464844,5.795121669769287,11.590813636779785,environments,50.302085876464844
lerobot\examples\tutorial\async-inf\robot_client.py,9.647115707397461,4.508571624755859,6.471462249755859,18.970293045043945,8.022663116455078,policies,18.970293045043945
lerobot\src\lerobot\policies\lingbot_va\__init__.py,0.7549934387207031,0.9643136262893677,0.7549934387207031,82.43354797363281,3.486832857131958,policies,82.43354797363281
lerobot\src\lerobot\motors\dynamixel\tables.py,1.717355489730835,2.004204750061035,1.0498884916305542,16.527273178100586,7.209736347198486,policies,16.527273178100586
lerobot\tests\datasets\test_dataset_reader.py,4.5056233406066895,124.86480712890625,5.460222244262695,2.422576904296875,13.191117286682129,datasets,124.86480712890625
lerobot\tests\utils\test_keyboard_input.py,10.831717491149902,4.302596092224121,6.8528361320495605,1.1638953685760498,10.242955207824707,configs,10.831717491149902
lerobot\src\lerobot\robots\unitree_g1\g1_kinematics.py,12.790716171264648,13.493657112121582,4.2502617835998535,11.72582721710205,8.607871055603027,datasets,13.493657112121582
lerobot\src\lerobot\robots\bi_openarm_follower\config_bi_openarm_follower.py,18.392078399658203,4.460200309753418,3.7398948669433594,1.0926008224487305,4.666131973266602,configs,18.392078399658203
lerobot\src\lerobot\rl\gym_manipulator.py,22.11197853088379,59.16075134277344,89.54345703125,6.6862473487854,26.018692016601562,environments,89.54345703125
lerobot\src\lerobot\datasets\sampler.py,4.018557548522949,98.83434295654297,1.8227297067642212,1.7077338695526123,10.240839004516602,datasets,98.83434295654297
lerobot\tests\policies\rtc\test_latency_tracker.py,1.533812165260315,2.4707484245300293,1.88532292842865,68.67591857910156,4.659188747406006,policies,68.67591857910156
lerobot\tests\rewards\test_robometer_processor.py,21.206308364868164,14.974296569824219,7.3369669914245605,22.117095947265625,13.409869194030762,policies,22.117095947265625
lerobot\src\lerobot\transforms\transforms.py,20.490875244140625,8.628483772277832,5.419266223907471,1.719787836074829,5.8817267417907715,configs,20.490875244140625
