file_path,gui,logic,model,best_module,best_likelihood
jabref\src\test\java\org\jabref\logic\importer\fileformat\SilverPlatterImporterTest.java,0.05839152336120605,1864.7935485839844,0.07207046917506627,logic,1864.7935485839844
jabref\buildSrc\src\copied\java\org\jabref\logic\journals\JournalAbbreviationRepository.java,0.3418504170009068,1763.2593154907227,0.07889887264796666,logic,1763.2593154907227
jabref\src\main\java\org\jabref\gui\util\UiThreadList.java,2512.209701538086,0.05859381130763463,0.028576953070504323,gui,2512.209701538086
jabref\src\main\java\org\jabref\logic\msbib\BibTeXConverter.java,0.35917385646275113,1721.669979095459,0.06829870087759836,logic,1721.669979095459
jabref\src\test\java\org\jabref\logic\importer\fileformat\CffImporterTest.java,0.477668707711356,1816.5768241882324,0.3494622094290597,logic,1816.5768241882324
jabref\src\main\java\org\jabref\gui\theme\StyleSheetResource.java,2257.581443786621,0.05265496117728097,0.028577334540230887,gui,2257.581443786621
jabref\src\main\java\org\jabref\gui\libraryproperties\constants\ConstantsPropertiesView.java,2357.9076385498047,0.14956061499459403,0.05714733260018485,gui,2357.9076385498047
jabref\src\test\java\org\jabref\logic\net\ProxyTest.java,0.08767345973423549,1944.8140716552734,0.07312088693891253,logic,1944.8140716552734
jabref\src\test\java\org\jabref\logic\cleanup\FieldFormatterCleanupTest.java,0.6377312796456474,1723.5596084594727,0.13616165433611188,logic,1723.5596084594727
jabref\src\main\java\org\jabref\logic\exporter\ModsExporter.java,0.14632560185023716,1836.9807624816895,1.0425469534737724,logic,1836.9807624816895
jabref\src\main\java\org\jabref\logic\shared\OracleProcessor.java,0.37526659284319197,1762.3634338378906,0.23347467694963728,logic,1762.3634338378906
jabref\src\main\java\org\jabref\model\util\ListUtil.java,0.06886453628540039,0.1740488052368164,3220.879592895508,model,3220.879592895508
jabref\src\main\java\org\jabref\model\groups\TexGroup.java,0.3353374481201172,0.3030482428414481,2762.4130249023438,model,2762.4130249023438
jabref\src\test\java\org\jabref\logic\importer\fetcher\isbntobibtex\EbookDeIsbnFetcherTest.java,0.05728754316057478,1801.5118598937988,0.10704137938363212,logic,1801.5118598937988
jabref\src\main\java\org\jabref\gui\libraryproperties\PropertiesTabViewModel.java,2289.047317504883,0.0533888612474714,35.007455945014954,gui,2289.047317504883
jabref\src\test\java\org\jabref\logic\util\strings\StringLengthComparatorTest.java,0.05489569050925119,1891.5579795837402,0.08504576001848493,logic,1891.5579795837402
jabref\src\main\java\org\jabref\gui\externalfiles\UnlinkedFilesDialogView.java,1982.649917602539,0.07010097503662109,0.03565303598131452,gui,1982.649917602539
jabref\src\main\java\org\jabref\logic\citationstyle\JabRefItemDataProvider.java,0.048180641446794785,1721.7304611206055,0.1597757339477539,logic,1721.7304611206055
jabref\src\main\java\org\jabref\logic\bibtex\comparator\BibtexStringComparator.java,0.04397596972329276,1885.4697227478027,0.07255288532802037,logic,1885.4697227478027
jabref\src\main\java\org\jabref\gui\entryeditor\DeprecatedFieldsTab.java,2590.5754470825195,0.1730616433279855,1.2377449035644532,gui,2590.5754470825195
jabref\src\test\java\org\jabref\logic\importer\fetcher\SemanticScholarTest.java,0.4153065817696708,1758.8227653503418,1.0830827985491072,logic,1758.8227653503418
jabref\src\main\java\org\jabref\logic\importer\fetcher\CiteSeer.java,0.04245091847011021,1820.083179473877,0.0710272925240653,logic,1820.083179473877
jabref\src\main\java\org\jabref\architecture\AllowedToUseAwt.java,0.15198743002755302,0.0,0.028577559334891183,gui,0.15198743002755302
jabref\src\main\java\org\jabref\logic\layout\format\HTMLChars.java,0.31439219883510044,1800.8815383911133,0.06873253413609096,logic,1800.8815383911133
jabref\src\test\java\org\jabref\model\openoffice\CitationEntryTest.java,0.2841927937098912,0.20693443843296597,2904.821891784668,model,2904.821891784668
jabref\src\main\java\org\jabref\model\database\KeyChangeListener.java,0.09385156631469727,0.15751692908150808,3045.6729125976562,model,3045.6729125976562
jabref\src\test\java\org\jabref\model\groups\AutomaticPersonsGroupTest.java,0.06135974611554827,0.1973153523036412,3570.362892150879,model,3570.362892150879
jabref\src\main\java\org\jabref\gui\fieldeditors\AbstractEditorViewModel.java,2131.4391708374023,0.04971286909920829,35.006354451179504,gui,2131.4391708374023
jabref\src\main\java\org\jabref\preferences\GeneralPreferences.java,0.3988645826067243,0.00876407367842538,0.028576551164899554,gui,0.3988645826067243
jabref\src\test\java\org\jabref\logic\layout\LayoutHelperTest.java,0.37329676491873603,1892.2024536132812,0.07245392118181501,logic,1892.2024536132812
jabref\src\main\java\org\jabref\logic\importer\SearchBasedFetcher.java,0.04465152876717704,1914.4343376159668,0.07322868619646344,logic,1914.4343376159668
jabref\src\test\java\org\jabref\logic\importer\fetcher\IEEETest.java,0.2828446252005441,1741.1783027648926,0.10796420914786202,logic,1741.1783027648926
jabref\src\main\java\org\jabref\gui\maintable\SmartConstrainedResizePolicy.java,2219.2589378356934,0.13285538809640066,0.07900618144444056,gui,2219.2589378356934
jabref\src\main\java\org\jabref\gui\mergeentries\newmergedialog\cell\sidebuttons\InfoButton.java,2488.86417388916,0.11542297090802874,0.02857709952763149,gui,2488.86417388916
jabref\src\test\java\org\jabref\logic\citationkeypattern\AbstractCitationKeyPatternTest.java,0.05905236516680036,1916.2282371520996,0.07245392118181501,logic,1916.2282371520996
jabref\src\main\java\org\jabref\gui\fieldeditors\ContextMenuAddable.java,2285.2464294433594,0.053300207001822336,0.028577494621276855,gui,2285.2464294433594
jabref\src\main\java\org\jabref\logic\layout\format\NoSpaceBetweenAbbreviations.java,0.04538905961172921,1946.056022644043,0.07396648270743233,logic,1946.056022644043
jabref\src\main\java\org\jabref\logic\formatter\bibtexfields\CleanupUrlFormatter.java,0.04349372727530343,1922.7330589294434,0.07207299641200475,logic,1922.7330589294434
jabref\src\main\java\org\jabref\gui\mergeentries\newmergedialog\fieldsmerger\FieldMergerFactory.java,2203.1337356567383,0.05138504164559501,0.028577024596078054,gui,2203.1337356567383
jabref\src\main\java\org\jabref\logic\util\MetadataSerializationConfiguration.java,0.04518392086029053,1937.260627746582,0.07376126561846053,logic,1937.260627746582
jabref\src\main\java\org\jabref\gui\mergeentries\MergeResult.java,2281.4722442626953,0.05321218626839774,0.028577474185398646,gui,2281.4722442626953
jabref\src\main\java\org\jabref\gui\entryeditor\OptionalFields2Tab.java,2355.2015686035156,0.051845250810895645,0.05714856556483677,gui,2355.2015686035156
jabref\src\test\java\org\jabref\logic\formatter\IdentityFormatterTest.java,0.0607177870614188,1946.056022644043,0.0739668369293213,logic,1946.056022644043
jabref\src\test\java\org\jabref\logic\formatter\casechanger\TitleCaseFormatterTest.java,0.08797371046883719,1804.559726715088,0.10233251026698521,logic,1804.559726715088
jabref\src\main\java\org\jabref\gui\fieldeditors\identifier\EprintIdentifierEditorViewModel.java,2330.0821685791016,0.05108821732657296,35.0067675113678,gui,2330.0821685791016
jabref\src\test\java\org\jabref\model\entry\identifier\MathSciNetIdTest.java,0.07006663594927107,0.1760895184108189,3255.1089477539062,model,3255.1089477539062
jabref\src\main\java\org\jabref\gui\autocompleter\AppendPersonNamesStrategy.java,2274.0045166015625,0.06429931095668248,0.028577429907662526,gui,2274.0045166015625
jabref\src\test\java\org\jabref\logic\formatter\bibtexfields\ReplaceTabsBySpaceFormaterTest.java,0.07361127308436803,1921.4829635620117,0.0733931405203683,logic,1921.4829635620117
jabref\src\main\java\org\jabref\gui\importer\ImportCommand.java,2236.0120582580566,0.04971286909920829,0.04866645676749093,gui,2236.0120582580566
jabref\src\test\java\org\jabref\logic\exporter\MetaDataSerializerTest.java,0.2906478609357561,1907.9356575012207,0.07086744308471679,logic,1907.9356575012207
jabref\src\test\java\org\jabref\logic\importer\fileformat\RepecNepImporterTest.java,0.05879888534545898,1841.6289329528809,0.07152999469212123,logic,1841.6289329528809
jabref\src\main\java\org\jabref\gui\slr\StartNewStudyAction.java,2581.4358520507812,0.08658557619367327,0.043386646679469516,gui,2581.4358520507812
jabref\src\main\java\org\jabref\model\openoffice\uno\UnoTextSection.java,0.26049365997314455,0.21640161786760603,3069.326858520508,model,3069.326858520508
jabref\src\test\java\org\jabref\logic\importer\fileformat\RISImporterFilesTest.java,0.0568270172391619,1914.4343376159668,0.07322868619646344,logic,1914.4343376159668
jabref\src\main\java\org\jabref\logic\importer\util\ShortDOIServiceException.java,0.04492740971701486,1963.1788444519043,0.07350466591971261,logic,1963.1788444519043
jabref\src\test\java\org\jabref\logic\importer\fetcher\MedlineFetcherTest.java,1.5411490304129465,1822.6519966125488,0.1710651397705078,logic,1822.6519966125488
jabref\src\test\java\org\jabref\gui\util\comparator\SpecialFieldComparatorTest.java,2205.089855194092,0.05094267981392997,0.02857691560472761,gui,2205.089855194092
jabref\src\main\java\org\jabref\gui\theme\StyleSheet.java,2418.383255004883,0.08373860631670271,0.10237912450517928,gui,2418.383255004883
jabref\src\main\java\org\jabref\gui\collab\entryadd\EntryAdd.java,2216.200122833252,0.051689798491341726,0.057148524693080356,gui,2216.200122833252
jabref\src\test\java\org\jabref\logic\importer\fetcher\JstorFetcherTest.java,0.29993321555001395,2180.4013061523438,0.6065393175397601,logic,2180.4013061523438
jabref\src\main\java\org\jabref\gui\maintable\MainTableFieldValueFormatter.java,2483.6061096191406,0.12039687292916434,0.028576677186148508,gui,2483.6061096191406
jabref\src\test\java\org\jabref\logic\importer\fetcher\DOABFetcherTest.java,0.4413848604474749,2048.834342956543,1.7299003601074219,logic,2048.834342956543
jabref\src\main\java\org\jabref\gui\openoffice\OpenOfficePanel.java,2075.922679901123,0.45299739837646485,2.6396030970982145,gui,2075.922679901123
jabref\src\test\java\org\jabref\logic\git\GitHandlerTest.java,0.3881141117640904,2292.563018798828,0.12594287054879325,logic,2292.563018798828
jabref\src\main\java\org\jabref\gui\edit\automaticfiededitor\copyormovecontent\CopyOrMoveFieldContentTabView.java,2089.2097663879395,0.0777937480381557,0.6343965802873884,gui,2089.2097663879395
jabref\src\test\java\org\jabref\model\search\rules\ContainsBasedSearchRuleTest.java,0.06344563620431083,0.1611954825265067,3005.2893447875977,model,3005.2893447875977
jabref\src\main\java\org\jabref\logic\importer\fileformat\MarcXmlParser.java,0.4185767582484654,1585.0900840759277,0.7912774222237723,logic,1585.0900840759277
jabref\src\test\java\org\jabref\logic\layout\format\NoSpaceBetweenAbbreviationsTest.java,0.05554461479187012,1904.566822052002,0.07265313693455287,logic,1904.566822052002
jabref\src\main\java\org\jabref\gui\util\ZipFileChooser.java,2102.4589347839355,0.06046628952026367,0.15305450984409877,gui,2102.4589347839355
jabref\src\main\java\org\jabref\logic\importer\fetcher\GoogleScholar.java,0.18456179755074636,1765.1637649536133,0.46085455758231025,logic,1765.1637649536133
jabref\src\main\java\org\jabref\model\openoffice\ootext\OOText.java,0.09801356451851981,0.2546730586460659,3261.9296646118164,model,3261.9296646118164
jabref\src\test\java\org\jabref\logic\exporter\HtmlExportFormatTest.java,0.375014659336635,1898.1708145141602,0.12216341836111887,logic,1898.1708145141602
jabref\src\main\java\org\jabref\gui\mergeentries\newmergedialog\cell\MergedFieldCell.java,2196.7287826538086,0.11964336122785296,0.02857698713030134,gui,2196.7287826538086
jabref\src\main\java\org\jabref\model\search\matchers\OrMatcher.java,0.0552844796861921,0.1769258907863072,3269.1375732421875,model,3269.1375732421875
jabref\src\main\java\org\jabref\model\database\event\BibDatabaseContextChangedEvent.java,0.05538183280399867,0.17713682992117746,3371.585578918457,model,3371.585578918457
jabref\src\test\java\org\jabref\logic\pdf\search\indexing\PdfIndexerTest.java,0.1668792860848563,1719.222526550293,0.12017503465924945,logic,1719.222526550293
jabref\src\main\java\org\jabref\logic\layout\format\JournalAbbreviator.java,0.04521291937146868,1938.5039138793945,0.07379027775355748,logic,1938.5039138793945
jabref\src\main\java\org\jabref\gui\bibtexextractor\BibtexExtractor.java,2171.5625190734863,0.0689300537109375,0.028575124059404645,gui,2171.5625190734863
jabref\src\main\java\org\jabref\gui\preferences\entryeditortabs\CustomEditorFieldsTabViewModel.java,2418.8671112060547,0.11394438062395368,69.40413355827332,gui,2418.8671112060547
jabref\src\main\java\org\jabref\gui\AbstractViewModel.java,2298.6705017089844,0.05361330509185791,35.0075227022171,gui,2298.6705017089844
jabref\src\main\java\org\jabref\gui\fieldeditors\JournalEditorViewModel.java,2590.064353942871,0.060026209694998604,35.00708878040314,gui,2590.064353942871
jabref\src\main\java\org\jabref\gui\importer\ImportEntriesDialog.java,2208.095932006836,0.14064148494175502,0.6363113948277065,gui,2208.095932006836
jabref\src\main\java\org\jabref\model\entry\field\StandardField.java,0.308346312386649,0.18454666137695314,2568.3960342407227,model,2568.3960342407227
jabref\src\main\java\org\jabref\model\search\rules\SentenceAnalyzer.java,0.05081790174756731,0.213586848122733,3106.81396484375,model,3106.81396484375
jabref\src\main\java\org\jabref\logic\integrity\BibTeXEntryTypeChecker.java,0.27365202222551616,2031.7549133300781,0.15874715532575334,logic,2031.7549133300781
jabref\src\main\java\org\jabref\gui\externalfiles\ExternalFileSorter.java,2325.072708129883,0.10489121845790318,0.0285773583820888,gui,2325.072708129883
jabref\src\test\java\org\jabref\logic\importer\fetcher\transformers\YearRangeByFilteringQueryTransformerTest.java,0.056584286689758304,1909.8140716552734,0.07312088693891253,logic,1909.8140716552734
jabref\src\main\java\org\jabref\logic\layout\format\LastPage.java,0.04515502112252372,1936.021614074707,0.0737323556627546,logic,1936.021614074707
jabref\src\test\java\org\jabref\logic\layout\format\AuthorFirstLastOxfordCommasTest.java,0.10935728890555245,1954.267292022705,0.0722597667149135,logic,1954.267292022705
jabref\src\test\java\org\jabref\logic\journals\AbbreviationTest.java,0.05621960503714425,1703.1364440917969,0.06829870087759836,logic,1703.1364440917969
jabref\src\main\java\org\jabref\logic\crawler\StudyRepository.java,0.07707577432904925,1654.339199066162,0.17301930018833706,logic,1654.339199066162
jabref\src\main\java\org\jabref\logic\importer\fetcher\CrossRef.java,0.42313635689871654,1720.565414428711,0.11456662586757115,logic,1720.565414428711
jabref\src\test\java\org\jabref\logic\cleanup\DoiCleanupTest.java,0.36441337040492466,1824.174861907959,0.07086744308471679,logic,1824.174861907959
jabref\src\main\java\org\jabref\gui\copyfiles\CopySingleFileAction.java,2364.0135192871094,0.055137341363089426,0.1219484874180385,gui,2364.0135192871094
jabref\src\main\java\org\jabref\model\entry\types\IEEETranEntryTypeDefinitions.java,0.07655179159981863,0.19755597795758928,2861.3917922973633,model,2861.3917922973633
jabref\src\test\java\org\jabref\logic\layout\format\FileLinkTest.java,0.11026714869907923,1925.68359375,0.07207046917506627,logic,1925.68359375
jabref\src\main\java\org\jabref\logic\formatter\casechanger\UpperCaseFormatter.java,0.06847771235874721,1993.0695152282715,0.09462601797921318,logic,1993.0695152282715
jabref\src\main\java\org\jabref\gui\edit\ReplaceStringViewModel.java,2333.135643005371,0.14616091591971261,35.00585377216339,gui,2333.135643005371
jabref\src\main\java\org\jabref\gui\maintable\ColumnPreferences.java,2216.200122833252,0.051689798491341726,0.02857709952763149,gui,2216.200122833252
jabref\src\test\java\org\jabref\logic\formatter\bibtexfields\ReplaceWithEscapedDoubleQuotesTest.java,0.06186085428510393,1907.526969909668,0.0730675220489502,logic,1907.526969909668
jabref\src\main\java\org\jabref\logic\layout\format\FormatPagesForHTML.java,0.04550857543945312,1951.1800384521484,0.07408603940691266,logic,1951.1800384521484
jabref\src\test\java\org\jabref\logic\layout\format\ReplaceTest.java,0.059955324445452006,1919.4709014892578,0.10970117024012975,logic,1919.4709014892578
jabref\src\main\java\org\jabref\gui\collab\DatabaseChangeDetailsViewFactory.java,2155.499668121338,0.0494577169418335,0.057147979736328125,gui,2155.499668121338
jabref\src\test\java\org\jabref\logic\integrity\ValidCitationKeyCheckerTest.java,0.05670509338378906,1912.1163940429688,0.07317460605076381,logic,1912.1163940429688
jabref\src\main\java\org\jabref\logic\importer\IdFetcher.java,0.04544860635484968,1948.6089515686035,0.07402604648045132,logic,1948.6089515686035
jabref\src\main\java\org\jabref\logic\integrity\UrlChecker.java,0.045040430341448105,1931.1084175109863,0.07361772400992257,logic,1931.1084175109863
jabref\src\main\java\org\jabref\logic\importer\ImporterPreferences.java,0.28801866258893694,1957.3557472229004,0.07322868619646344,logic,1957.3557472229004
jabref\src\main\java\org\jabref\logic\layout\format\Ordinal.java,0.04449042592729841,1946.1943435668945,0.0730675220489502,logic,1946.1943435668945
jabref\src\main\java\org\jabref\gui\collab\entrychange\EntryChangeDetailsView.java,2183.82755279541,0.10778718675885882,0.05715197835649763,gui,2183.82755279541
jabref\src\main\java\org\jabref\gui\undo\AbstractUndoableJabRefEdit.java,2262.998390197754,0.05278130258832659,0.0285773686000279,gui,2262.998390197754
jabref\src\main\java\org\jabref\logic\importer\fetcher\ACS.java,0.6124356406075614,1928.7832641601562,0.07245392118181501,logic,1928.7832641601562
jabref\src\main\java\org\jabref\logic\search\SearchQuery.java,0.195601749420166,1769.029140472412,0.08543337413242885,logic,1769.029140472412
jabref\src\test\java\org\jabref\logic\layout\format\AuthorFirstFirstTest.java,0.10658283914838518,2000.781307220459,0.07350466591971261,logic,2000.781307220459
jabref\src\main\java\org\jabref\logic\importer\IdParserFetcher.java,0.043129137584141324,1849.1618156433105,0.0717057500566755,logic,1849.1618156433105
jabref\src\main\java\org\jabref\gui\openoffice\ManageCitationsDialogView.java,2089.2097663879395,0.1336383819580078,0.537228284563337,gui,2089.2097663879395
jabref\src\main\java\org\jabref\logic\layout\format\ReplaceWithEscapedDoubleQuotes.java,0.04509752818516322,1987.7067756652832,0.0736748422895159,logic,1987.7067756652832
jabref\src\main\java\org\jabref\gui\libraryproperties\general\GeneralPropertiesView.java,2179.8209190368652,0.07778008324759347,0.057147918428693496,gui,2179.8209190368652
jabref\src\test\java\org\jabref\cli\JabRefCLITest.java,1.3443763732910157,0.06858352933611189,0.5650788988385882,gui,1.3443763732910157
jabref\src\main\java\org\jabref\gui\collab\entrychange\PreviewWithSourceTab.java,2168.759651184082,0.09298522131783622,0.028576316152300153,gui,2168.759651184082
jabref\src\main\java\org\jabref\logic\cleanup\ConvertToBibtexCleanup.java,0.043129137584141324,1865.8540534973145,0.10346999168395996,logic,1865.8540534973145
jabref\src\main\java\org\jabref\logic\xmp\XmpUtilShared.java,0.04428057670593262,1898.5297012329102,0.23966870989118302,logic,1898.5297012329102
jabref\src\main\java\org\jabref\gui\mergeentries\newmergedialog\fieldsmerger\GroupMerger.java,2219.521427154541,0.05176726409367153,0.028577119963509697,gui,2219.521427154541
jabref\src\main\java\org\jabref\gui\util\StreamGobbler.java,2233.0324172973633,0.16315832138061523,0.028577194895063128,gui,2233.0324172973633
jabref\src\main\java\org\jabref\gui\preferences\network\NetworkTab.java,1984.8816108703613,0.09203792980739049,0.15864655630929128,gui,1984.8816108703613
jabref\src\main\java\org\jabref\gui\help\VersionWorker.java,2517.9607009887695,0.13330862862723214,0.048080488613673616,gui,2517.9607009887695
jabref\src\main\java\org\jabref\logic\importer\fetcher\transformers\BiodiversityLibraryTransformer.java,0.04495551926749093,1927.4678802490234,0.0735327856881278,logic,1927.4678802490234
jabref\src\main\java\org\jabref\logic\cleanup\DoiCleanup.java,0.6049471718924386,1860.1826286315918,0.07119090897696359,logic,1860.1826286315918
jabref\src\main\java\org\jabref\gui\bibtexextractor\BibtexExtractorViewModel.java,2149.260139465332,0.06521079199654715,35.006704926490784,gui,2149.260139465332
jabref\src\main\java\org\jabref\migrations\SpecialFieldsToSeparateFields.java,0.3257148742675781,0.008270777123314994,0.028576374053955078,gui,0.3257148742675781
jabref\src\main\java\org\jabref\gui\preferences\customentrytypes\EntryTypeViewModel.java,2331.631736755371,0.10530775615147182,35.00642955303192,gui,2331.631736755371
jabref\src\main\java\org\jabref\logic\bibtex\BibEntryWriter.java,0.3582660675048828,1773.4388542175293,0.09646760395595005,logic,1773.4388542175293
jabref\src\main\java\org\jabref\gui\util\ControlHelper.java,2024.062614440918,0.20863241468157087,0.8030920846121652,gui,2024.062614440918
jabref\src\test\java\org\jabref\model\entry\DateTest.java,0.046720784051077706,0.13130013602120535,2554.0814208984375,model,2554.0814208984375
jabref\src\test\java\org\jabref\gui\preferences\journals\JournalAbbreviationsViewModelTabTest.java,2053.5797119140625,0.09469606535775321,78.70150923728943,gui,2053.5797119140625
jabref\src\test\java\org\jabref\model\metadata\MetaDataTest.java,0.07093338966369629,0.1775609288896833,3279.7890853881836,model,3279.7890853881836
jabref\src\main\java\org\jabref\logic\auxparser\AuxParserResult.java,0.05746752875191825,1942.526969909668,0.0730675220489502,logic,1942.526969909668
jabref\src\main\java\org\jabref\preferences\TelemetryPreferences.java,0.4438959394182478,0.03694299289158413,0.02857717445918492,gui,0.4438959394182478
jabref\src\test\java\org\jabref\model\entry\EntryLinkListTest.java,0.2533716201782227,0.1653456687927246,3019.225845336914,model,3019.225845336914
jabref\src\main\java\org\jabref\gui\MainApplication.java,2330.8736419677734,0.05192376545497349,0.02857715742928641,gui,2330.8736419677734
jabref\src\main\java\org\jabref\gui\fieldeditors\LinkedFilesEditorViewModel.java,2296.202621459961,0.07669595990862166,94.37711000442505,gui,2296.202621459961
jabref\src\main\java\org\jabref\logic\shared\DBMSType.java,0.04377937998090472,1877.0408248901367,0.10092765263148716,logic,1877.0408248901367
jabref\src\main\java\org\jabref\gui\StateManager.java,2384.5736694335938,0.11745406559535436,0.6644311087472098,gui,2384.5736694335938
jabref\src\main\java\org\jabref\gui\util\ViewModelTreeTableRowFactory.java,1871.0102462768555,0.12750719615391323,138.5827362537384,gui,1871.0102462768555
jabref\src\main\java\org\jabref\logic\journals\JournalAbbreviationLoader.java,0.043129137584141324,1969.3036842346191,0.12364427021571568,logic,1969.3036842346191
jabref\src\main\java\org\jabref\logic\l10n\LocalizationKeyParams.java,0.3120998110089983,2018.0246925354004,0.15691024235316686,logic,2018.0246925354004
jabref\src\main\java\org\jabref\logic\util\CoarseChangeFilter.java,0.043309177671160014,1856.8809509277344,0.16897055762154714,logic,1856.8809509277344
jabref\src\main\java\org\jabref\gui\maintable\OpenUrlAction.java,2853.553695678711,0.11135189873831612,0.07171681267874581,gui,2853.553695678711
jabref\src\main\java\org\jabref\model\entry\field\BibField.java,0.10920683315822056,0.21536712646484374,3155.8279037475586,model,3155.8279037475586
jabref\src\main\java\org\jabref\gui\edit\automaticfiededitor\editfieldcontent\EditFieldContentViewModel.java,2396.1573791503906,0.06263681139264787,70.00548243522644,gui,2396.1573791503906
jabref\src\test\java\org\jabref\model\entry\identifier\ISSNTest.java,0.0665231432233538,0.16380141122000558,3048.9987564086914,model,3048.9987564086914
jabref\src\main\java\org\jabref\gui\preferences\entryeditortabs\CustomEditorFieldsTab.java,2320.6413650512695,0.05153641019548689,0.02857706206185477,gui,2320.6413650512695
jabref\src\main\java\org\jabref\logic\groups\DefaultGroupsFactory.java,0.045329931804112024,2027.8262519836426,0.09684756142752511,logic,2027.8262519836426
jabref\src\main\java\org\jabref\model\groups\AutomaticKeywordGroup.java,0.30846639360700334,0.16559294291904994,2963.6646270751953,model,2963.6646270751953
jabref\src\main\java\org\jabref\gui\collab\groupchange\GroupChangeDetailsView.java,2270.0076293945312,0.1059760502406529,0.09420960971287319,gui,2270.0076293945312
jabref\src\main\java\org\jabref\logic\importer\fetcher\AbstractIsbnFetcher.java,0.04459746905735561,1912.1163940429688,0.07317460605076381,logic,1912.1163940429688
jabref\src\test\java\org\jabref\logic\integrity\BooktitleCheckerTest.java,0.06055215426853725,1919.9303245544434,0.07296186174665178,logic,1919.9303245544434
jabref\src\test\java\org\jabref\logic\journals\AbbreviationWriterTest.java,0.06034682137625558,1967.274398803711,0.09442785126822335,logic,1967.274398803711
jabref\src\main\java\org\jabref\logic\util\FileType.java,0.045359444618225095,1944.7861671447754,0.07393685068402972,logic,1944.7861671447754
jabref\src\test\java\org\jabref\logic\integrity\UTF8CheckerTest.java,0.3504115240914481,1970.9553909301758,0.15042501177106585,logic,1970.9553909301758
jabref\src\test\java\org\jabref\gui\util\OpenConsoleActionTest.java,2344.006118774414,0.09412345205034528,0.028576847485133578,gui,2344.006118774414
jabref\src\main\java\org\jabref\model\openoffice\rangesort\RangeOverlapWithin.java,0.34210910797119143,0.22182104928152901,2832.409553527832,model,2832.409553527832
jabref\src\main\java\org\jabref\logic\importer\fileformat\EndnoteImporter.java,0.5214008331298828,1838.9101791381836,0.3693603788103376,logic,1838.9101791381836
jabref\src\main\java\org\jabref\gui\preferences\keybindings\presets\KeyBindingPreset.java,2380.475845336914,0.05316840580531529,0.02857746056147984,gui,2380.475845336914
jabref\src\main\java\org\jabref\gui\importer\actions\GUIPostOpenAction.java,2275.8614349365234,0.05308131831032889,0.028577440125601632,gui,2275.8614349365234
jabref\src\main\java\org\jabref\logic\pdf\EntryAnnotationImporter.java,0.044177709306989395,1894.1193199157715,0.1208589826311384,logic,1894.1193199157715
jabref\src\main\java\org\jabref\logic\util\WebViewStore.java,0.2596349171229771,1951.2287712097168,0.07275469643729074,logic,1951.2287712097168
jabref\src\test\java\org\jabref\logic\shared\SynchronizationEventListenerTest.java,0.05804415430341448,1937.260627746582,0.15898397990635463,logic,1937.260627746582
jabref\src\main\java\org\jabref\logic\importer\fileformat\mods\Identifier.java,0.045538718359810965,2009.6119499206543,0.890392575945173,logic,2009.6119499206543
jabref\src\main\java\org\jabref\model\openoffice\util\OOResult.java,0.6558042798723493,0.1737769263131278,2923.9793395996094,model,2923.9793395996094
jabref\src\main\java\org\jabref\gui\DefaultInjector.java,2190.499668121338,0.07802914210728236,0.028576551164899554,gui,2190.499668121338
jabref\src\test\java\org\jabref\logic\importer\fetcher\TitleFetcherTest.java,0.46624014718191964,1843.1253623962402,0.07086744308471679,logic,1843.1253623962402
jabref\src\main\java\org\jabref\logic\importer\fetcher\ArXivFetcher.java,0.8029098510742188,1667.9807662963867,0.7964264460972377,logic,1667.9807662963867
jabref\src\test\java\org\jabref\logic\importer\fetcher\CompositeSearchBasedFetcherTest.java,0.2195249012538365,1769.4911003112793,0.08484921455383301,logic,1769.4911003112793
jabref\src\main\java\org\jabref\model\util\DummyFileUpdateMonitor.java,0.05499446051461356,0.17629751477922712,3285.736083984375,model,3285.736083984375
jabref\src\main\java\org\jabref\gui\undo\UndoableRemoveString.java,2250.106773376465,0.08152438572474889,0.02857717445918492,gui,2250.106773376465
jabref\src\main\java\org\jabref\logic\xmp\EncryptedPdfsNotSupportedException.java,0.04572186470031738,1960.3248405456543,0.07429940359933036,logic,1960.3248405456543
jabref\src\main\java\org\jabref\gui\mergeentries\DiffHighlighting.java,2236.5017890930176,0.11298300198146276,0.9243644714355469,gui,2236.5017890930176
jabref\src\main\java\org\jabref\logic\formatter\bibtexfields\OrdinalsToSuperscriptFormatter.java,0.08937572751726423,1949.4869422912598,0.07275469643729074,logic,1949.4869422912598
jabref\src\main\java\org\jabref\gui\libraryproperties\constants\ConstantsItemModel.java,2179.7190475463867,0.13050316401890347,35.00598728656769,gui,2179.7190475463867
jabref\src\main\java\org\jabref\gui\util\comparator\RankingFieldComparator.java,2569.0430450439453,0.0599193777356829,0.028577194895063128,gui,2569.0430450439453
jabref\src\main\java\org\jabref\logic\importer\ImportException.java,0.045329931804112024,1979.623680114746,0.07390733446393694,logic,1979.623680114746
jabref\src\main\java\org\jabref\model\openoffice\util\OOPair.java,0.05499446051461356,0.17629751477922712,3258.5976791381836,model,3258.5976791381836
jabref\src\test\java\org\jabref\logic\integrity\PagesCheckerBiblatexTest.java,0.0557685238974435,1894.1193199157715,0.1013261250087193,logic,1894.1193199157715
jabref\src\main\java\org\jabref\logic\openoffice\style\OOBibStyle.java,0.3385059629167829,1702.1330833435059,1.0997269766671316,logic,1702.1330833435059
jabref\src\main\java\org\jabref\logic\layout\format\AuthorAndToSemicolonReplacer.java,0.04547853810446603,1963.7715148925781,0.07405599185398647,logic,1963.7715148925781
jabref\src\test\java\org\jabref\logic\layout\format\AuthorLastFirstCommasTest.java,0.10935728890555245,1954.267292022705,0.0722597667149135,logic,1954.267292022705
jabref\src\test\java\org\jabref\gui\autocompleter\SuggestionProvidersTest.java,2380.469436645508,0.05475002016339983,0.07772932733808245,gui,2380.469436645508
jabref\src\test\java\org\jabref\logic\citationkeypattern\MakeLabelWithoutDatabaseTest.java,0.15131488527570452,2012.4524688720703,0.0720712661743164,logic,2012.4524688720703
jabref\src\test\java\org\jabref\logic\formatter\bibtexfields\RemoveBracesFormatterTest.java,0.06093683242797852,1866.2357711791992,0.0717057500566755,logic,1866.2357711791992
jabref\src\main\java\org\jabref\logic\integrity\ASCIICharacterChecker.java,0.04465152876717704,1927.1856307983398,0.07322868619646344,logic,1927.1856307983398
jabref\src\main\java\org\jabref\logic\WatchServiceUnavailableException.java,0.045538718359810965,1985.9148788452148,0.0741161891392299,logic,1985.9148788452148
jabref\src\main\java\org\jabref\gui\libraryproperties\AbstractPropertiesTabView.java,2246.915512084961,0.09040656770978656,0.7221551622663226,gui,2246.915512084961
jabref\src\main\java\org\jabref\logic\layout\format\CreateDocBook4Editors.java,0.04492740971701486,1926.2626457214355,0.07350466591971261,logic,1926.2626457214355
jabref\src\main\java\org\jabref\architecture\ApacheCommonsLang3Allowed.java,0.15198743002755302,0.0,0.028577559334891183,gui,0.15198743002755302
jabref\src\main\java\org\jabref\gui\mergeentries\newmergedialog\cell\CopyFieldValueCommand.java,2281.915512084961,0.11155776296343123,0.02857727663857596,gui,2281.915512084961
jabref\src\main\java\org\jabref\gui\edit\automaticfiededitor\LastAutomaticFieldEditorEdit.java,2229.6203231811523,0.05200280802590507,0.02857717445918492,gui,2229.6203231811523
jabref\src\main\java\org\jabref\model\entry\event\EntryChangedEvent.java,0.2906801768711635,0.18181052889142718,3300.6504440307617,model,3300.6504440307617
jabref\src\main\java\org\jabref\gui\externalfiles\GitIgnoreFileFilter.java,2356.4181518554688,0.06305721827915736,0.051889320782252724,gui,2356.4181518554688
jabref\src\main\java\org\jabref\gui\sidepane\SidePaneComponent.java,2147.5779914855957,0.17567125047956195,1.2335326058523997,gui,2147.5779914855957
jabref\src\test\java\org\jabref\logic\layout\format\RisKeywordsTest.java,0.06094190052577427,1894.1193199157715,0.07275469643729074,logic,1894.1193199157715
jabref\src\main\java\org\jabref\logic\importer\CompositeIdFetcher.java,0.6364202226911272,1914.8478317260742,0.07275469643729074,logic,1914.8478317260742
jabref\src\main\java\org\jabref\gui\mergeentries\newmergedialog\DiffMethod.java,2289.047317504883,0.0533888612474714,0.028577515057155063,gui,2289.047317504883
jabref\src\test\java\org\jabref\logic\importer\fileformat\BiblioscapeImporterTest.java,0.06065435409545898,2015.0020599365234,0.17278852462768554,logic,2015.0020599365234
jabref\src\main\java\org\jabref\logic\importer\fileformat\medline\Investigator.java,0.04547853810446603,1949.892292022705,0.07405599185398647,logic,1949.892292022705
jabref\src\main\java\org\jabref\gui\preferences\customimporter\CustomImporterTabViewModel.java,2429.6705627441406,0.0813673564365932,61.11742436885834,gui,2429.6705627441406
jabref\src\main\java\org\jabref\logic\remote\RemoteMessage.java,0.04562980106898717,1956.3776206970215,0.07420730590820312,logic,1956.3776206970215
jabref\src\main\java\org\jabref\architecture\AllowedToUseLogic.java,0.15198743002755302,0.0,0.028577559334891183,gui,0.15198743002755302
jabref\src\test\java\org\jabref\logic\autosaveandbackup\BackupManagerDiscardedTest.java,0.08724771227155413,1827.0957565307617,0.11733865737915039,logic,1827.0957565307617
jabref\src\test\java\org\jabref\logic\layout\format\AuthorAndToSemicolonReplacerTest.java,0.10591727665492466,1944.9410438537598,0.13799544743129186,logic,1944.9410438537598
jabref\src\main\java\org\jabref\logic\layout\TextBasedPreviewLayout.java,0.04387704304286412,1881.2282371520996,0.10102534975324358,logic,1881.2282371520996
jabref\src\main\java\org\jabref\logic\cleanup\FieldFormatterCleanups.java,0.29816224234444755,1787.5104713439941,0.08164612906319754,logic,1787.5104713439941
jabref\src\main\java\org\jabref\gui\edit\ManageKeywordsDialog.java,2190.990867614746,0.048727924483163015,0.15142653329031808,gui,2190.990867614746
jabref\src\main\java\org\jabref\logic\importer\fetcher\DOAJFetcher.java,0.3033987862723214,1705.0611877441406,0.08676962171282088,logic,1705.0611877441406
jabref\src\main\java\org\jabref\gui\mergeentries\newmergedialog\toolbar\ThreeWayMergeToolbar.java,2271.058120727539,0.08029401642935617,0.057146828515189034,gui,2271.058120727539
jabref\src\test\java\org\jabref\logic\cleanup\EprintCleanupTest.java,0.05859894752502441,1898.5297012329102,0.0925191947392055,logic,1898.5297012329102
jabref\src\test\java\org\jabref\gui\edit\CopyMoreActionTest.java,1964.8866271972656,0.10174559184483119,0.10893645286560058,gui,1964.8866271972656
jabref\src\main\java\org\jabref\gui\mergeentries\newmergedialog\cell\FieldValueCell.java,2141.6846656799316,0.23153626578194755,0.4737189156668527,gui,2141.6846656799316
jabref\src\main\java\org\jabref\gui\openoffice\CitationEntryViewModel.java,2222.865161895752,0.051845250810895645,35.00699281692505,gui,2222.865161895752
jabref\src\main\java\org\jabref\gui\SendAsEMailAction.java,2266.43798828125,0.20231667927333286,0.6336074829101562,gui,2266.43798828125
jabref\src\main\java\org\jabref\logic\shared\DBMSSynchronizer.java,0.2868668964930943,1629.5742797851562,0.25434300558907647,logic,1629.5742797851562
jabref\src\test\java\org\jabref\logic\importer\fetcher\transformers\ZbMathQueryTransformerTest.java,0.05468664850507464,1895.954875946045,0.08919036047799246,logic,1895.954875946045
jabref\src\main\java\org\jabref\gui\mergeentries\newmergedialog\fieldsmerger\CommentMerger.java,2270.3099060058594,0.05295183318001884,0.028577409471784318,gui,2270.3099060058594
jabref\src\test\java\org\jabref\logic\layout\LayoutTest.java,0.05479607241494315,1697.995204925537,0.4225546428135463,logic,1697.995204925537
jabref\src\main\java\org\jabref\gui\preferences\journals\JournalAbbreviationsTabViewModel.java,2286.968231201172,0.17698710305350168,58.43789458274841,gui,2286.968231201172
jabref\src\main\java\org\jabref\gui\keyboard\CodeAreaKeyBindings.java,1960.6817245483398,0.11442886080060687,0.1070394720349993,gui,1960.6817245483398
jabref\src\main\java\org\jabref\gui\libraryproperties\keypattern\KeyPatternPropertiesView.java,2189.1403579711914,0.050242342267717635,0.057148170471191403,gui,2189.1403579711914
jabref\src\main\java\org\jabref\logic\pdf\search\indexing\PdfIndexer.java,0.2320671626499721,1733.615379333496,0.11402850832257952,logic,1733.615379333496
jabref\src\main\java\org\jabref\model\entry\IdGenerator.java,0.054898459570748466,0.1760895184108189,3255.1089477539062,model,3255.1089477539062
jabref\src\main\java\org\jabref\logic\importer\fetcher\DOABFetcher.java,0.22085169383457728,1733.9412879943848,0.11362725666591099,logic,1733.9412879943848
jabref\src\main\java\org\jabref\gui\documentviewer\DocumentViewerView.java,2109.560031890869,0.2729563304356166,1.7080691746303014,gui,2109.560031890869
jabref\src\main\java\org\jabref\gui\documentviewer\DocumentViewerControl.java,2199.326572418213,0.105123690196446,0.08432772500174386,gui,2199.326572418213
jabref\src\main\java\org\jabref\logic\importer\PagedSearchBasedFetcher.java,0.044177709306989395,1894.1193199157715,0.07275469643729074,logic,1894.1193199157715
jabref\src\main\java\org\jabref\model\entry\types\BibtexEntryTypeDefinitions.java,0.0722078732081822,0.15714220319475447,2435.380172729492,model,2435.380172729492
jabref\src\main\java\org\jabref\logic\importer\util\IdentifierParser.java,0.5134422847202846,1889.02681350708,0.0722597667149135,logic,1889.02681350708
jabref\src\main\java\org\jabref\gui\undo\UndoableFieldChange.java,2131.4391708374023,0.04971286909920829,0.028576615878513883,gui,2131.4391708374023
jabref\src\main\java\org\jabref\model\openoffice\util\OOTuple3.java,0.05432943616594587,0.17485662187848772,3234.4294357299805,model,3234.4294357299805
jabref\src\test\java\org\jabref\logic\cleanup\BibtexBiblatexRoundtripTest.java,0.0547196592603411,1790.2045249938965,0.1571030752999442,logic,1790.2045249938965
jabref\src\main\java\org\jabref\logic\layout\format\AuthorOrgSci.java,0.04459746905735561,1968.5088729858398,0.07317460605076381,logic,1968.5088729858398
jabref\src\main\java\org\jabref\gui\preferences\PreferencesTab.java,2380.475845336914,0.09326156888689313,0.7302079336983817,gui,2380.475845336914
jabref\src\test\java\org\jabref\logic\layout\format\DOICheckTest.java,0.05622838565281459,1941.2441635131836,0.07296186174665178,logic,1941.2441635131836
jabref\src\main\java\org\jabref\logic\importer\fetcher\CollectionOfComputerScienceBibliographiesParser.java,0.04295344352722168,1841.6289329528809,0.07152999469212123,logic,1841.6289329528809
jabref\src\test\java\org\jabref\model\TreeNodeTest.java,0.3320392063685826,0.15124111175537108,2978.718376159668,model,2978.718376159668
jabref\src\main\java\org\jabref\gui\autocompleter\JournalsSuggestionProvider.java,2255.788345336914,0.052613139152526855,0.05714875629970006,gui,2255.788345336914
jabref\src\main\java\org\jabref\logic\importer\fetcher\JstorFetcher.java,0.4084494182041713,1806.3518905639648,0.16169827325003489,logic,1806.3518905639648
jabref\src\main\java\org\jabref\model\entry\field\FieldPriority.java,0.056273702212742395,0.26141057695661274,3305.087661743164,model,3305.087661743164
jabref\src\main\java\org\jabref\logic\shared\DatabaseConnection.java,0.04562980106898717,1956.3776206970215,0.10277873447963169,logic,1956.3776206970215
jabref\src\test\java\org\jabref\logic\layout\format\AuthorAbbreviatorTest.java,0.10252283641270228,1960.7966804504395,0.07265313693455287,logic,1960.7966804504395
jabref\src\test\java\org\jabref\model\entry\BibEntryTest.java,0.09552296229771205,0.1482126644679478,1845.536231994629,model,1845.536231994629
jabref\src\test\java\org\jabref\IconsPropertiesTest.java,0.07212892259870257,0.14188646589006695,0.04945620128086635,logic,0.14188646589006695
jabref\src\test\java\org\jabref\logic\msbib\MSBibConverterTest.java,0.22428828648158483,1946.2809944152832,0.11653887884957449,logic,1946.2809944152832
jabref\src\test\java\org\jabref\gui\maintable\MainTableColumnModelTest.java,2204.876365661621,0.05094267981392997,35.00672161579132,gui,2204.876365661621
jabref\src\main\java\org\jabref\model\entry\event\EntriesEvent.java,0.053772085053580145,0.17364903858729772,3448.806571960449,model,3448.806571960449
jabref\src\main\java\org\jabref\logic\importer\fileformat\PdfXmpImporter.java,0.09522041593279157,1996.5136528015137,0.16028039114815848,logic,1996.5136528015137
jabref\src\main\java\org\jabref\logic\remote\server\RemoteListenerServer.java,0.23595202309744698,1855.9105682373047,0.1110548632485526,logic,1855.9105682373047
jabref\src\main\java\org\jabref\model\entry\identifier\MathSciNetId.java,0.2704963684082031,0.17250618253435407,3094.954147338867,model,3094.954147338867
jabref\src\main\java\org\jabref\logic\exporter\MSBibExporter.java,0.04387704304286412,1881.2282371520996,0.1164478029523577,logic,1881.2282371520996
jabref\src\main\java\org\jabref\gui\util\CurrentThreadTaskExecutor.java,2513.683967590332,0.1380905968802316,0.0549152067729405,gui,2513.683967590332
jabref\src\main\java\org\jabref\logic\formatter\IdentityFormatter.java,0.0450120278767177,1929.8906326293945,0.07358969960893903,logic,1929.8906326293945
jabref\src\main\java\org\jabref\logic\cleanup\CleanupJob.java,0.04556897027151925,1953.7696838378906,0.074146454674857,logic,1953.7696838378906
jabref\src\test\java\org\jabref\gui\importer\NewEntryActionTest.java,2231.5975379943848,0.07465262413024902,0.05004162107195173,gui,2231.5975379943848
jabref\src\main\java\org\jabref\logic\importer\fetcher\ResearchGate.java,0.6215522766113282,1675.4914855957031,0.06625267437526158,logic,1675.4914855957031
jabref\src\main\java\org\jabref\gui\EntryTypeViewModel.java,2265.17333984375,0.18904685974121094,152.405424118042,gui,2265.17333984375
jabref\src\main\java\org\jabref\model\paging\Page.java,0.05358883312770298,0.17325199672154018,3207.514533996582,model,3207.514533996582
jabref\src\main\java\org\jabref\gui\push\PushToApplications.java,2219.16748046875,0.05094267981392997,0.02857691560472761,gui,2219.16748046875
jabref\src\main\java\org\jabref\gui\copyfiles\CopyFilesResultItemViewModel.java,2564.493942260742,0.0598132678440639,55.603304505348206,gui,2564.493942260742
jabref\src\main\java\org\jabref\logic\cleanup\Formatter.java,0.04512622697012765,1934.7868728637695,0.07370354788643974,logic,1934.7868728637695
jabref\src\main\java\org\jabref\gui\autocompleter\AutoCompletionTextInputBinding.java,2161.271495819092,0.0962653705051967,0.028575812067304338,gui,2161.271495819092
jabref\src\main\java\org\jabref\gui\util\ViewModelTreeTableCellFactory.java,2109.8209190368652,0.1930164337158203,733.1561660766602,gui,2109.8209190368652
jabref\src\main\java\org\jabref\logic\remote\server\RemoteListenerServerManager.java,0.04368295328957694,1916.6203689575195,0.10489143644060407,logic,1916.6203689575195
jabref\src\main\java\org\jabref\logic\cleanup\ISSNCleanup.java,0.3142047337123326,1916.9669723510742,0.0730675220489502,logic,1916.9669723510742
jabref\src\test\java\org\jabref\model\search\rules\SentenceAnalyzerTest.java,0.06448918070111956,0.1709254128592355,3168.490676879883,model,3168.490676879883
jabref\src\main\java\org\jabref\cli\AuxCommandLine.java,0.5222974504743304,0.03564356395176479,0.07396188463483538,gui,0.5222974504743304
jabref\src\main\java\org\jabref\logic\bibtex\comparator\BibStringDiff.java,0.44332005637032645,1969.7287940979004,0.07026322228567941,logic,1969.7287940979004
jabref\src\test\java\org\jabref\logic\citationkeypattern\CitationKeyGeneratorTest.java,0.07321699006216867,1572.8175735473633,1.4771749223981585,logic,1572.8175735473633
jabref\src\test\java\org\jabref\logic\exporter\GroupSerializerTest.java,0.09879248482840401,1615.4443168640137,0.08020390101841518,logic,1615.4443168640137
jabref\src\test\java\org\jabref\gui\theme\ThemeManagerTest.java,2130.790557861328,0.19582421439034597,1.1371707371303013,gui,2130.790557861328
jabref\src\test\java\org\jabref\logic\importer\OpenDatabaseTest.java,0.3493722098214286,1787.075080871582,0.0891026428767613,logic,1787.075080871582
jabref\src\main\java\org\jabref\logic\importer\FetcherException.java,0.04521291937146868,1974.4684219360352,0.07379027775355748,logic,1974.4684219360352
jabref\src\main\java\org\jabref\logic\layout\format\Authors.java,0.1958521979195731,1721.8219184875488,0.13432907376970563,logic,1721.8219184875488
jabref\src\main\java\org\jabref\model\texparser\LatexParserResult.java,0.2410038811819894,0.1602346692766462,2932.5175857543945,model,2932.5175857543945
jabref\src\main\java\org\jabref\gui\fieldeditors\TypeEditorViewModel.java,2171.926612854004,0.05065718378339495,126.10408782958984,gui,2171.926612854004
jabref\src\test\java\org\jabref\logic\exporter\AtomicFileOutputStreamTest.java,0.08412930624825614,1895.627098083496,0.10894982474190848,logic,1895.627098083496
jabref\src\main\java\org\jabref\logic\importer\fileformat\CffImporter.java,0.605100577218192,1871.8445777893066,0.6005415780203683,logic,1871.8445777893066
jabref\src\main\java\org\jabref\logic\importer\IdBasedFetcher.java,0.04556897027151925,1953.7696838378906,0.074146454674857,logic,1953.7696838378906
jabref\src\test\java\org\jabref\logic\importer\fetcher\ArXivFetcherTest.java,1.0031082153320312,2002.4067115783691,2.489501953125,logic,2002.4067115783691
jabref\src\main\java\org\jabref\logic\importer\FetcherServerException.java,0.04521291937146868,1974.4684219360352,0.07379027775355748,logic,1974.4684219360352
jabref\src\main\java\org\jabref\logic\bibtex\comparator\MetaDataDiff.java,0.18204216275896346,1928.359489440918,1.0527901785714286,logic,1928.359489440918
jabref\src\main\java\org\jabref\gui\commonfxcontrols\CitationKeyPatternPanel.java,2073.9192962646484,0.046438799585614886,0.07609511784144811,gui,2073.9192962646484
jabref\src\main\java\org\jabref\model\groups\GroupHierarchyType.java,0.05414237294878278,0.17445132391793386,3227.631149291992,model,3227.631149291992
jabref\src\test\java\org\jabref\logic\importer\fetcher\RfcFetcherTest.java,0.254566410609654,1783.661117553711,0.1774430138724191,logic,1783.661117553711
jabref\src\main\java\org\jabref\logic\layout\format\RemoveBracketsAddComma.java,0.04506892817361014,1986.3869857788086,0.07364623206002371,logic,1986.3869857788086
jabref\src\test\java\org\jabref\logic\importer\DatabaseFileLookupTest.java,0.32871437072753906,1916.9669723510742,0.10163895062037877,logic,1916.9669723510742
jabref\src\test\java\org\jabref\logic\formatter\bibtexfields\NormalizeNamesFormatterTest.java,1.4083682468959264,1803.6147117614746,0.0639603546687535,logic,1803.6147117614746
jabref\src\main\java\org\jabref\logic\formatter\bibtexfields\RegexFormatter.java,0.06429377964564732,1887.3656272888184,0.14462169919695173,logic,1887.3656272888184
jabref\src\main\java\org\jabref\logic\importer\fileformat\ACMPortalParser.java,0.5967185429164341,1677.324504852295,0.23820931570870535,logic,1677.324504852295
jabref\src\main\java\org\jabref\logic\importer\fetcher\ApsFetcher.java,0.5973911285400391,1939.838924407959,0.8217432294573103,logic,1939.838924407959
jabref\src\main\java\org\jabref\gui\mergeentries\MergeTwoEntriesAction.java,2556.1658477783203,0.05839976583208357,0.05714834758213588,gui,2556.1658477783203
jabref\src\main\java\org\jabref\gui\citationkeypattern\GenerateCitationKeyAction.java,2046.2867546081543,0.15979136058262416,0.5636413029261997,gui,2046.2867546081543
jabref\src\main\java\org\jabref\model\openoffice\uno\UnoSelection.java,0.3028520039149693,0.2056762831551688,2963.6646270751953,model,2963.6646270751953
jabref\src\main\java\org\jabref\gui\help\NewVersionDialog.java,2276.7407608032227,0.16798041207449776,0.11640283039637975,gui,2276.7407608032227
jabref\src\main\java\org\jabref\logic\bibtex\comparator\FieldComparatorStack.java,0.04487148012433733,1923.8645935058594,0.11750733511788504,logic,1923.8645935058594
jabref\src\main\java\org\jabref\gui\integrity\IntegrityCheckDialogViewModel.java,2270.3099060058594,0.05295183318001884,35.00732660293579,gui,2270.3099060058594
jabref\src\main\java\org\jabref\logic\formatter\bibtexfields\EscapeDollarSignFormatter.java,0.044705959728785924,1916.7680358886719,0.07328313418797085,logic,1916.7680358886719
jabref\src\main\java\org\jabref\gui\shared\SharedDatabaseLoginDialogViewModel.java,2395.9896850585938,0.31462102617536275,191.00669145584106,gui,2395.9896850585938
jabref\src\test\java\org\jabref\gui\sidepane\SidePaneViewModelTest.java,2500.0796508789062,0.10119096211024693,90.07981538772583,gui,2500.0796508789062
jabref\src\test\java\org\jabref\logic\exporter\DocBook5ExporterTest.java,0.29755480630057196,2027.1261024475098,2.1574855259486605,logic,2027.1261024475098
jabref\src\main\java\org\jabref\gui\commonfxcontrols\SortCriterionViewModel.java,2243.408889770508,0.052324410847255164,35.00713884830475,gui,2243.408889770508
jabref\src\test\java\org\jabref\logic\layout\format\RemoveBracketsTest.java,0.06094190052577427,1894.1193199157715,0.07275469643729074,logic,1894.1193199157715
jabref\src\main\java\org\jabref\gui\keyboard\TextInputKeyBindings.java,2267.953643798828,0.12527949469430105,0.15809753962925502,gui,2267.953643798828
jabref\src\test\java\org\jabref\logic\help\HelpFileTest.java,0.18084644590105328,2041.584644317627,0.07322868619646344,logic,2041.584644317627
jabref\src\main\java\org\jabref\gui\edit\automaticfiededitor\AbstractAutomaticFieldEditorTabViewModel.java,2218.687629699707,0.05138504164559501,80.40677189826965,gui,2218.687629699707
jabref\src\main\java\org\jabref\model\groups\AllEntriesGroup.java,0.05358883312770298,0.17325199672154018,3207.514533996582,model,3207.514533996582
jabref\src\test\java\org\jabref\logic\importer\fetcher\AbstractIsbnFetcherTest.java,0.07944090706961496,1889.7663497924805,0.07265360014779228,logic,1889.7663497924805
jabref\src\main\java\org\jabref\logic\importer\fetcher\DBLPFetcher.java,0.043309177671160014,1856.8809509277344,0.07188585826328822,logic,1856.8809509277344
jabref\src\main\java\org\jabref\gui\openoffice\Bootstrap.java,1927.3112678527832,0.14692615781511578,0.10094946452549526,gui,1927.3112678527832
jabref\src\test\java\org\jabref\logic\formatter\bibtexfields\RemoveRedundantSpacesFormatterTest.java,0.06126986231122698,1912.1163940429688,0.07317460605076381,logic,1912.1163940429688
jabref\src\main\java\org\jabref\logic\preview\PreviewLayout.java,0.04521291937146868,1938.5039138793945,0.10236170632498605,logic,1938.5039138793945
jabref\src\main\java\org\jabref\gui\fieldeditors\EditorTextArea.java,2451.555709838867,0.057179137638636995,0.11303909165518625,gui,2451.555709838867
jabref\src\test\java\org\jabref\logic\l10n\LocalizationBundleForTest.java,0.05923271179199219,1959.0043830871582,0.07426859310695104,logic,1959.0043830871582
jabref\src\main\java\org\jabref\logic\layout\format\AuthorLastFirstAbbrCommas.java,0.04547853810446603,1949.892292022705,0.07405599185398647,logic,1949.892292022705
jabref\src\main\java\org\jabref\logic\importer\fileformat\CustomImporter.java,0.13802487509591238,1892.6841735839844,0.08914433888026646,logic,1892.6841735839844
jabref\src\main\java\org\jabref\gui\duplicationFinder\DuplicateResolverDialog.java,1954.3739700317383,0.08870385033743722,0.09508171081542968,gui,1954.3739700317383
jabref\src\test\java\org\jabref\logic\importer\fetcher\BiodiversityLibraryTest.java,0.051272072110857284,1712.382984161377,0.12881204060145787,logic,1712.382984161377
jabref\src\main\java\org\jabref\gui\libraryproperties\LibraryPropertiesViewModel.java,2236.467742919922,0.0521625110081264,70.007084608078,gui,2236.467742919922
jabref\src\test\java\org\jabref\logic\layout\format\RemoveLatexCommandsFormatterTest.java,0.061053739275251116,1877.0408248901367,0.0723562240600586,logic,1877.0408248901367
jabref\src\main\java\org\jabref\gui\preferences\table\TableTab.java,2054.8804092407227,0.06861215318952288,0.07887570517403739,gui,2054.8804092407227
jabref\src\main\java\org\jabref\gui\maintable\columns\SpecialFieldColumn.java,2318.562812805176,0.39255221230643134,3.2390378679547993,gui,2318.562812805176
jabref\src\main\java\org\jabref\model\openoffice\CitationEntry.java,0.11211964062282018,0.21720143726893834,3106.81396484375,model,3106.81396484375
jabref\src\main\java\org\jabref\gui\fieldeditors\DateEditor.java,2285.716133117676,0.05108821732657296,0.028576953070504323,gui,2285.716133117676
jabref\src\test\java\org\jabref\logic\formatter\bibtexfields\OrdinalsToSuperscriptFormatterTest.java,0.059212255477905276,1869.8051452636719,0.07135843549455916,logic,1869.8051452636719
jabref\src\main\java\org\jabref\gui\JabRefGUI.java,2039.9109077453613,0.11724589211600167,0.27502373286655973,gui,2039.9109077453613
jabref\src\main\java\org\jabref\gui\util\DroppingMouseLocation.java,2289.047317504883,0.0533888612474714,0.028577515057155063,gui,2289.047317504883
jabref\src\main\java\org\jabref\gui\groups\GroupTreeNodeViewModel.java,2079.2429161071777,0.21803383146013533,2698.8428115844727,model,2698.8428115844727
jabref\src\main\java\org\jabref\model\entry\types\EntryType.java,0.056273702212742395,0.17906920569283621,3305.087661743164,model,3305.087661743164
jabref\src\main\java\org\jabref\model\entry\BibEntryTypesManager.java,0.23261190141950336,0.33205416543143135,4448.394470214844,model,4448.394470214844
jabref\src\test\java\org\jabref\logic\integrity\CitationKeyDuplicationCheckerTest.java,0.058071981157575336,1856.8809509277344,0.07188585826328822,logic,1856.8809509277344
jabref\src\main\java\org\jabref\logic\formatter\bibtexfields\UnicodeToLatexFormatter.java,0.2617844445364816,1985.2323532104492,0.8792843409946987,logic,1985.2323532104492
jabref\src\main\java\org\jabref\gui\icon\IconTheme.java,1903.9163398742676,0.17985920224870955,0.698524638584682,gui,1903.9163398742676
jabref\src\main\java\org\jabref\gui\externalfiletype\StandardExternalFileType.java,2223.6654472351074,0.08210648127964565,0.13842554092407228,gui,2223.6654472351074
jabref\src\main\java\org\jabref\logic\util\io\RegExpBasedFileFinder.java,0.062274415152413505,1770.9421348571777,0.09157229151044573,logic,1770.9421348571777
jabref\src\main\java\org\jabref\logic\texparser\TexBibEntriesResolver.java,0.30777086530412945,1808.9476776123047,0.20691626412527903,logic,1808.9476776123047
jabref\src\test\java\org\jabref\model\entry\AuthorListTest.java,0.09009451184953962,0.21667519978114536,1835.5181121826172,model,1835.5181121826172
jabref\src\main\java\org\jabref\logic\openoffice\style\OOProcess.java,0.043129137584141324,1849.1618156433105,0.1124241556440081,logic,1849.1618156433105
jabref\src\main\java\org\jabref\gui\cleanup\CleanupDialog.java,2209.623603820801,0.05153641019548689,0.09461376326424735,gui,2209.623603820801
jabref\src\test\java\org\jabref\logic\database\DuplicateCheckTest.java,0.2606308800833566,1593.1025505065918,0.24129526955740793,logic,1593.1025505065918
jabref\src\main\java\org\jabref\logic\importer\fetcher\CustomizableKeyFetcher.java,0.04562980106898717,1956.3776206970215,0.07420730590820312,logic,1956.3776206970215
jabref\src\test\java\org\jabref\logic\layout\format\DOIStripTest.java,0.05489569050925119,1912.938175201416,0.0723562240600586,logic,1912.938175201416
jabref\src\main\java\org\jabref\logic\importer\fileformat\CoinsParser.java,0.27761007036481583,1848.4990501403809,0.14658797127859932,logic,1848.4990501403809
jabref\src\main\java\org\jabref\logic\util\ExternalLinkCreator.java,0.04492740971701486,1926.2626457214355,0.07350466591971261,logic,1926.2626457214355
jabref\src\main\java\org\jabref\gui\copyfiles\CopyFilesDialogView.java,2131.4391708374023,0.04971286909920829,0.028576615878513883,gui,2131.4391708374023
jabref\src\main\java\org\jabref\logic\bst\BstEntry.java,0.04518392086029053,1970.0035667419434,0.07376126561846053,logic,1970.0035667419434
jabref\src\main\java\org\jabref\gui\theme\Theme.java,2161.4958000183105,0.09056596074785506,0.0465771096093314,gui,2161.4958000183105
jabref\src\test\java\org\jabref\logic\importer\ImportDataTest.java,0.06224132946559361,1973.164119720459,0.09803218841552734,logic,1973.164119720459
jabref\src\main\java\org\jabref\logic\net\URLDownload.java,0.4085274015154157,1820.8606338500977,0.5824988773890905,logic,1820.8606338500977
jabref\src\test\java\org\jabref\logic\msbib\MsBibAuthorTest.java,0.10806008066449846,1959.8686218261719,0.0717057500566755,logic,1959.8686218261719
jabref\src\main\java\org\jabref\model\metadata\MetaData.java,0.4350114004952567,0.34289518083844867,3931.6371154785156,model,3931.6371154785156
jabref\src\test\java\org\jabref\logic\util\io\BackupFileUtilTest.java,0.0682028225490025,1877.0408248901367,0.09514190128871373,logic,1877.0408248901367
jabref\src\main\java\org\jabref\logic\formatter\bibtexfields\NormalizeMonthFormatter.java,0.04454376697540283,1909.8140716552734,0.07312088693891253,logic,1909.8140716552734
jabref\src\main\java\org\jabref\gui\copyfiles\CopyFilesTask.java,2404.8107147216797,0.325024904523577,0.1026310920715332,gui,2404.8107147216797
jabref\src\main\java\org\jabref\logic\pdf\PdfAnnotationImporter.java,0.28597899845668245,1811.9233131408691,0.109295654296875,logic,1811.9233131408691
jabref\src\test\java\org\jabref\gui\autocompleter\BibEntrySuggestionProviderTest.java,2084.269332885742,0.047208459036690846,0.05714742796761649,gui,2084.269332885742
jabref\src\main\java\org\jabref\gui\mergeentries\DiffHighlightingEllipsingTextFlow.java,2309.6886444091797,0.10624997956412179,0.7369391305106027,gui,2309.6886444091797
jabref\src\main\java\org\jabref\logic\importer\WebFetcher.java,0.04538905961172921,1946.056022644043,0.07396648270743233,logic,1946.056022644043
jabref\src\test\java\org\jabref\logic\layout\format\AuthorNatBibTest.java,0.09211433955601284,1955.4498291015625,0.07275469643729074,logic,1955.4498291015625
jabref\src\main\java\org\jabref\gui\commonfxcontrols\CitationKeyPatternPanelItemModel.java,2219.521427154541,0.05176726409367153,35.00697195529938,gui,2219.521427154541
jabref\src\main\java\org\jabref\logic\journals\Abbreviation.java,0.05175999573298863,1813.232021331787,0.07086744308471679,logic,1813.232021331787
jabref\src\main\java\org\jabref\logic\net\ProxyPreferences.java,0.14720557076590401,1896.7706489562988,0.070558534349714,logic,1896.7706489562988
jabref\src\main\java\org\jabref\logic\layout\format\AuthorNatBib.java,0.04547853810446603,1949.892292022705,0.07405599185398647,logic,1949.892292022705
jabref\src\main\java\org\jabref\gui\importer\ImportCustomEntryTypesDialogViewModel.java,2512.640953063965,0.16797757829938617,1701.4115715026855,gui,2512.640953063965
jabref\src\main\java\org\jabref\gui\openoffice\OOError.java,2002.8585243225098,0.3678355080740792,0.09417158535548618,gui,2002.8585243225098
jabref\src\main\java\org\jabref\model\search\GroupSearchQuery.java,0.05081790174756731,0.1672483035496303,3106.81396484375,model,3106.81396484375
jabref\src\main\java\org\jabref\logic\integrity\YearChecker.java,0.07031478200639997,1898.5297012329102,0.07285759789603097,logic,1898.5297012329102
jabref\src\main\java\org\jabref\logic\util\OS.java,0.04512622697012765,1934.7868728637695,0.07370413371494838,logic,1934.7868728637695
jabref\src\main\java\org\jabref\logic\layout\format\DocBookAuthorFormatter.java,0.057987397057669504,1898.0085945129395,0.07135843549455916,logic,1898.0085945129395
jabref\src\main\java\org\jabref\logic\importer\fetcher\TrustLevel.java,0.04521291937146868,1938.5039138793945,0.14777190344674246,logic,1938.5039138793945
jabref\src\main\java\org\jabref\model\entry\AuthorList.java,0.3405941826956613,0.15566932133265904,2548.730697631836,model,2548.730697631836
jabref\src\main\java\org\jabref\gui\bibtexextractor\ExtractBibtexDialog.java,2267.9483032226562,0.08908143724714007,0.09121408462524414,gui,2267.9483032226562
jabref\src\main\java\org\jabref\gui\collab\stringchange\BibTexStringChangeDetailsView.java,2249.085922241211,0.11594132014683314,0.09304783684866769,gui,2249.085922241211
jabref\src\main\java\org\jabref\logic\layout\format\AuthorAndsReplacer.java,0.04428057670593262,2008.0217933654785,0.07285759789603097,logic,2008.0217933654785
jabref\src\main\java\org\jabref\gui\ClipBoardManager.java,2220.878734588623,0.08704182079860143,0.13388334001813615,gui,2220.878734588623
jabref\buildSrc\src\copied\java\org\jabref\logic\journals\Abbreviation.java,0.05175999573298863,1813.232021331787,0.07086744308471679,logic,1813.232021331787
jabref\src\test\java\org\jabref\logic\importer\fetcher\transformers\DefaultQueryTransformerTest.java,0.0581113338470459,1938.5039138793945,0.07379027775355748,logic,1938.5039138793945
jabref\src\main\java\org\jabref\model\util\ResultingStringState.java,0.05577470575060163,0.17798805236816406,3286.9532012939453,model,3286.9532012939453
jabref\src\main\java\org\jabref\logic\git\GitHandler.java,0.5365474700927735,1993.7647247314453,0.1317386899675642,logic,1993.7647247314453
jabref\src\main\java\org\jabref\model\entry\event\EntriesEventSource.java,0.055973236901419504,0.1784182003566197,3358.7607192993164,model,3358.7607192993164
jabref\src\test\java\org\jabref\logic\citationstyle\CitationStyleTest.java,0.25591934749058315,1906.7600631713867,0.07188585826328822,logic,1906.7600631713867
jabref\src\main\java\org\jabref\logic\layout\format\EntryTypeFormatter.java,0.04544860635484968,1948.6089515686035,0.07402604648045132,logic,1948.6089515686035
jabref\src\test\java\org\jabref\logic\importer\fetcher\SearchBasedFetcherCapabilityTest.java,0.2790440423148019,1813.653392791748,0.07026322228567941,logic,1813.653392791748
jabref\src\test\java\org\jabref\model\groups\GroupTreeNodeTest.java,0.06650327954973494,0.22774994713919502,3310.2984619140625,model,3310.2984619140625
jabref\src\test\java\org\jabref\logic\importer\fetcher\SpringerFetcherTest.java,1.671294185093471,1979.1246032714844,2.054276384626116,logic,1979.1246032714844
jabref\src\main\java\org\jabref\logic\importer\fetcher\CompositeSearchBasedFetcher.java,0.2654388427734375,1940.970058441162,0.0723562240600586,logic,1940.970058441162
jabref\src\main\java\org\jabref\gui\DragAndDropDataFormats.java,2325.2943420410156,1.6847234453473772,2.9338261195591517,gui,2325.2943420410156
jabref\src\main\java\org\jabref\gui\icon\JabRefIconView.java,2371.5309143066406,0.05486368451799665,0.028576551164899554,gui,2371.5309143066406
jabref\src\main\java\org\jabref\logic\cleanup\ConvertToBiblatexCleanup.java,0.04261448042733329,1844.2291259765625,0.1060511793409075,logic,1844.2291259765625
jabref\src\main\java\org\jabref\gui\importer\NewDatabaseAction.java,2287.2208404541016,0.05252993106842041,0.028577303886413573,gui,2287.2208404541016
jabref\src\test\java\org\jabref\logic\formatter\bibtexfields\LatexCleanupFormatterTest.java,0.06060976300920759,1913.4353828430176,0.11042482512337821,logic,1913.4353828430176
jabref\src\test\java\org\jabref\gui\util\TooltipTextUtilTest.java,1812.7675247192383,0.07831098011561803,0.05028714111873082,gui,1812.7675247192383
jabref\src\test\java\org\jabref\gui\documentviewer\PdfDocumentViewModelTest.java,2254.6054077148438,0.0521625110081264,59.913358092308044,gui,2254.6054077148438
jabref\src\test\java\org\jabref\logic\exporter\YamlExporterTest.java,0.21334273474557058,1673.9734268188477,0.1430816650390625,logic,1673.9734268188477
jabref\src\main\java\org\jabref\logic\importer\fetcher\ZbMATH.java,0.36888814653669083,1764.9991416931152,0.11435388837541853,logic,1764.9991416931152
jabref\src\main\java\org\jabref\logic\importer\fileformat\mods\package-info.java,0.04515502112252372,1995.4090881347656,0.9221248081752232,logic,1995.4090881347656
jabref\src\main\java\org\jabref\logic\importer\fetcher\isbntobibtex\EbookDeIsbnFetcher.java,0.044177709306989395,1894.1193199157715,0.07275469643729074,logic,1894.1193199157715
jabref\src\main\java\org\jabref\logic\shared\PostgreSQLProcessor.java,0.3124298913138253,1744.6177673339844,0.23455775124686104,logic,1744.6177673339844
jabref\src\main\java\org\jabref\gui\mergeentries\DiffMode.java,2216.200122833252,0.051689798491341726,0.02857709952763149,gui,2216.200122833252
jabref\src\main\java\org\jabref\gui\importer\ImporterViewModel.java,2239.9264335632324,0.05224318504333496,35.00711381435394,gui,2239.9264335632324
jabref\src\main\java\org\jabref\gui\Dialog.java,2290.9581756591797,0.05343342849186489,0.02857752868107387,gui,2290.9581756591797
jabref\src\main\java\org\jabref\logic\importer\fetcher\SemanticScholar.java,0.7709617069789342,1779.638328552246,0.12353394372122628,logic,1779.638328552246
jabref\src\test\java\org\jabref\logic\formatter\bibtexfields\RegexFormatterTest.java,0.2757511683872768,1936.4799690246582,0.131081976209368,logic,1936.4799690246582
jabref\src\test\java\org\jabref\logic\formatter\bibtexfields\NormalizeMonthFormatterTest.java,0.061180033002580916,1966.3924026489258,0.07370354788643974,logic,1966.3924026489258
jabref\src\main\java\org\jabref\gui\push\PushToEmacs.java,2337.510643005371,0.10175327573503767,0.06759835651942663,gui,2337.510643005371
jabref\src\test\java\org\jabref\logic\importer\fileformat\ACMPortalParserTest.java,0.6240545000348773,1913.904151916504,1.4423112051827567,logic,1913.904151916504
jabref\src\test\java\org\jabref\logic\importer\fetcher\AstrophysicsDataSystemTest.java,1.4314981733049665,1827.5137901306152,2.0584187098911833,logic,1827.5137901306152
jabref\src\main\java\org\jabref\logic\openoffice\action\Update.java,0.21830436161586217,1854.3925094604492,0.09943887165614537,logic,1854.3925094604492
jabref\src\main\java\org\jabref\model\openoffice\uno\UnoNamed.java,0.27444043840680804,0.21251008169991628,3094.954147338867,model,3094.954147338867
jabref\src\main\java\org\jabref\preferences\InternalPreferences.java,0.5203442709786551,0.13653861454554966,0.05086058207920619,gui,0.5203442709786551
jabref\src\main\java\org\jabref\gui\externalfiletype\ExternalFileTypes.java,2090.085620880127,0.05765141078404018,0.03774189267839704,gui,2090.085620880127
jabref\src\test\java\org\jabref\gui\search\ContainsAndRegexBasedSearchRuleDescriberTest.java,1965.3930473327637,0.11873607635498047,0.08801157815115793,gui,1965.3930473327637
jabref\src\main\java\org\jabref\gui\util\IconValidationDecorator.java,2207.442512512207,0.1611957686288016,0.8483612605503628,gui,2207.442512512207
jabref\src\main\java\org\jabref\logic\layout\format\CreateDocBook4Authors.java,0.04492740971701486,1926.2626457214355,0.07350466591971261,logic,1926.2626457214355
jabref\src\main\java\org\jabref\gui\collab\DatabaseChange.java,2559.5507049560547,0.059223658697945734,0.057148381641932894,gui,2559.5507049560547
jabref\src\main\java\org\jabref\logic\openoffice\backend\GetContext.java,0.043309177671160014,1856.8809509277344,0.07188585826328822,logic,1856.8809509277344
jabref\src\main\java\org\jabref\gui\collab\stringrename\BibTexStringRename.java,2207.829170227051,0.138848386492048,0.11757856096540178,gui,2207.829170227051
jabref\src\test\java\org\jabref\logic\formatter\casechanger\CapitalizeFormatterTest.java,0.1062582152230399,1802.51615524292,0.07026322228567941,logic,1802.51615524292
jabref\src\test\java\org\jabref\logic\formatter\bibtexfields\EscapeUnderscoresFormatterTest.java,0.06114145687648228,1919.117488861084,0.12019553865705218,logic,1919.117488861084
jabref\src\main\java\org\jabref\logic\shared\exception\InvalidDBMSConnectionPropertiesException.java,0.04547853810446603,1949.892292022705,0.07405599185398647,logic,1949.892292022705
jabref\src\main\java\org\jabref\model\entry\field\SpecialFieldValue.java,0.049227026530674525,0.16380141122000558,3048.9987564086914,model,3048.9987564086914
jabref\src\main\java\org\jabref\gui\exporter\SaveAction.java,2238.1337356567383,0.05138504164559501,0.028577024596078054,gui,2238.1337356567383
jabref\src\main\java\org\jabref\logic\bst\BstVMContext.java,0.06037608555385045,1946.127986907959,0.09615795271737235,logic,1946.127986907959
jabref\src\main\java\org\jabref\gui\exporter\SaveAllAction.java,2238.1337356567383,0.12687482833862304,0.053740286827087404,gui,2238.1337356567383
jabref\src\main\java\org\jabref\logic\layout\format\RisMonth.java,0.04509752818516322,1933.5564041137695,0.0736748422895159,logic,1933.5564041137695
jabref\src\test\java\org\jabref\logic\integrity\TitleCheckerTest.java,0.05470361709594727,1603.863410949707,0.09455389976501465,logic,1603.863410949707
jabref\src\main\java\org\jabref\logic\undo\UndoRedoEvent.java,0.04544860635484968,1948.6089515686035,0.07402604648045132,logic,1948.6089515686035
jabref\src\main\java\org\jabref\model\openoffice\style\CitationMarkerNumericEntry.java,0.05577470575060163,0.17798805236816406,3286.9532012939453,model,3286.9532012939453
jabref\src\main\java\org\jabref\gui\fieldeditors\FieldNameLabel.java,1995.9825325012207,1.4876890999930246,0.6988377162388393,gui,1995.9825325012207
jabref\src\main\java\org\jabref\logic\remote\client\RemoteClient.java,0.06443869045802525,1934.0933990478516,0.07135843549455916,logic,1934.0933990478516
jabref\src\test\java\org\jabref\logic\importer\fetcher\LibraryOfCongressTest.java,0.09816779409136091,2111.5897178649902,2.158113316127232,logic,2111.5897178649902
jabref\src\test\java\org\jabref\logic\l10n\LocalizationParser.java,0.11718929835728237,1728.869743347168,0.11584976741245814,logic,1728.869743347168
jabref\src\main\java\org\jabref\model\util\FileUpdateMonitor.java,0.05538183280399867,0.17713682992117746,3299.948959350586,model,3299.948959350586
jabref\src\main\java\org\jabref\logic\util\io\FileNameCleaner.java,0.044076183864048546,1947.245101928711,0.07265313693455287,logic,1947.245101928711
jabref\src\main\java\org\jabref\logic\importer\fileformat\medline\OtherId.java,0.045538718359810965,1952.4725914001465,0.0741161891392299,logic,1952.4725914001465
jabref\src\main\java\org\jabref\model\FieldChange.java,0.11353042466299874,0.2173196383884975,3048.9987564086914,model,3048.9987564086914
jabref\src\main\java\org\jabref\gui\fieldeditors\identifier\BaseIdentifierEditorViewModel.java,2445.718994140625,0.07335567474365234,95.61081647872925,gui,2445.718994140625
jabref\src\main\java\org\jabref\gui\util\comparator\NumericFieldComparator.java,2178.0077934265137,0.050799015590122766,0.028576881544930596,gui,2178.0077934265137
jabref\src\main\java\org\jabref\logic\formatter\bibtexfields\NormalizeNamesFormatter.java,0.04449042592729841,1920.0674438476562,0.0730675220489502,logic,1920.0674438476562
jabref\src\main\java\org\jabref\logic\util\TestEntry.java,0.5285641261509486,1909.8724174499512,0.13989761897495814,logic,1909.8724174499512
jabref\src\test\java\org\jabref\testutils\category\GUITest.java,1241.1358833312988,0.02857142857142857,0.028577429907662526,gui,1241.1358833312988
jabref\src\main\java\org\jabref\logic\integrity\EntryLinkChecker.java,0.13364364079066685,1879.0379333496094,0.10064189774649483,logic,1879.0379333496094
jabref\src\test\java\org\jabref\logic\shared\DBMSConnectionTest.java,0.05745393889290946,1926.2626457214355,0.10207609449114119,logic,1926.2626457214355
jabref\src\main\java\org\jabref\model\openoffice\util\OOVoidResult.java,0.5652493068150112,0.18336928231375557,3131.000099182129,model,3131.000099182129
jabref\src\main\java\org\jabref\model\pdf\FileAnnotationType.java,0.049851274490356444,0.17456137793404716,3071.684989929199,model,3071.684989929199
jabref\src\main\java\org\jabref\gui\preferences\entry\EntryTabViewModel.java,2247.183609008789,0.050242342267717635,35.00651299953461,gui,2247.183609008789
jabref\src\main\java\org\jabref\logic\bst\BstVMException.java,0.04566037654876709,1991.370677947998,0.07423789160592216,logic,1991.370677947998
jabref\src\main\java\org\jabref\gui\auximport\NewSubLibraryAction.java,2252.2208404541016,0.05252993106842041,0.028577303886413573,gui,2252.2208404541016
jabref\src\test\java\org\jabref\logic\bst\util\BstCaseChangersTest.java,0.09388706343514579,2433.986015319824,0.1716043881007603,logic,2433.986015319824
jabref\src\test\java\org\jabref\gui\mergeentries\DiffHighlightingTest.java,2011.4262771606445,0.11081606319972447,0.06423467908586775,gui,2011.4262771606445
jabref\src\main\java\org\jabref\logic\formatter\bibtexfields\LatexCleanupFormatter.java,0.08599179812840053,1971.10746383667,0.6771023341587612,logic,1971.10746383667
jabref\src\test\java\org\jabref\model\texparser\CitationTest.java,0.06767278398786272,0.15845603942871095,2860.605926513672,model,2860.605926513672
jabref\src\test\java\org\jabref\gui\autocompleter\FieldValueSuggestionProviderTest.java,1929.7848892211914,0.043638723237173896,0.05714655603681292,gui,1929.7848892211914
jabref\src\main\java\org\jabref\gui\openoffice\ManageCitationsDialogViewModel.java,2479.314422607422,0.06795204707554409,35.006901025772095,gui,2479.314422607422
jabref\src\test\java\org\jabref\gui\externalfiles\FileFilterUtilsTest.java,1890.693073272705,0.05837921415056501,0.05117744037083217,gui,1890.693073272705
jabref\src\main\java\org\jabref\gui\util\TaskExecutor.java,2320.5585861206055,0.052365231513977054,0.02857726642063686,gui,2320.5585861206055
jabref\src\main\java\org\jabref\gui\icon\JabRefMaterialDesignIcon.java,2154.1403579711914,0.09742450714111328,0.9983028956821987,gui,2154.1403579711914
jabref\src\test\java\org\jabref\logic\msbib\MsBibMappingTest.java,0.06134955542428153,1914.4343376159668,0.07322868619646344,logic,1914.4343376159668
jabref\src\test\java\org\jabref\logic\l10n\EncodingsTest.java,0.06192010470799037,1931.1084175109863,0.07361772400992257,logic,1931.1084175109863
jabref\src\main\java\org\jabref\gui\commonfxcontrols\SaveOrderConfigPanel.java,2116.9246864318848,0.13461336408342633,0.5483549390520368,gui,2116.9246864318848
jabref\src\main\java\org\jabref\logic\layout\LayoutFormatter.java,0.04566037654876709,1957.6885986328125,0.07423789160592216,logic,1957.6885986328125
jabref\src\main\java\org\jabref\gui\fieldeditors\contextmenu\EditorContextAction.java,2386.3766479492188,0.0689962455204555,0.07347026552472796,gui,2386.3766479492188
jabref\src\test\java\org\jabref\logic\exporter\BibtexDatabaseWriterTest.java,0.22574582781110492,1532.769660949707,0.14738409859793528,logic,1532.769660949707
jabref\src\main\java\org\jabref\gui\fieldeditors\EditorTypeEditorViewModel.java,2190.4072761535645,0.05108821732657296,35.0067675113678,gui,2190.4072761535645
jabref\src\test\java\org\jabref\logic\importer\fileformat\CopacImporterFilesTest.java,0.05554461479187012,1889.7663497924805,0.07265313693455287,logic,1889.7663497924805
jabref\src\test\java\org\jabref\logic\layout\format\AuthorAndsCommaReplacerTest.java,0.10872448512486049,1971.8821144104004,0.07275469643729074,logic,1971.8821144104004
jabref\src\main\java\org\jabref\model\search\rules\FullTextSearchRule.java,0.048618224688938685,0.1624823434012277,3061.8738174438477,model,3061.8738174438477
jabref\src\main\java\org\jabref\logic\layout\format\AuthorAbbreviator.java,0.045359444618225095,1944.7861671447754,0.07393685068402972,logic,1944.7861671447754
jabref\src\main\java\org\jabref\logic\importer\fileformat\RisImporter.java,0.44790796552385603,1635.141429901123,0.14052367891584125,logic,1635.141429901123
jabref\src\main\java\org\jabref\model\search\matchers\MatcherSet.java,0.06353859220232283,0.22482103620256697,3143.332290649414,model,3143.332290649414
jabref\src\test\java\org\jabref\logic\exporter\MsBibExportFormatTest.java,0.05910203116280692,1909.8140716552734,0.1249215807233538,logic,1909.8140716552734
jabref\src\main\java\org\jabref\logic\importer\IdBasedParserFetcher.java,0.25843609401157924,2016.0819244384766,0.681322751726423,logic,2016.0819244384766
jabref\src\main\java\org\jabref\gui\preferences\protectedterms\ProtectedTermsTabViewModel.java,2046.1356163024902,0.12083252498081752,52.103057503700256,gui,2046.1356163024902
jabref\src\main\java\org\jabref\gui\util\FileNodeViewModel.java,2159.666118621826,0.09519563402448382,64.42674160003662,gui,2159.666118621826
jabref\src\main\java\org\jabref\gui\fieldeditors\EditorValidator.java,2357.8579711914062,0.05252993106842041,0.028577303886413573,gui,2357.8579711914062
jabref\src\main\java\org\jabref\gui\journals\UndoableUnabbreviator.java,2481.317138671875,0.057873283113752096,0.057147979736328125,gui,2481.317138671875
jabref\src\test\java\org\jabref\logic\layout\format\AuthorLastFirstAbbrCommasTest.java,0.10460338592529297,1948.4437942504883,0.0722597667149135,logic,1948.4437942504883
jabref\src\main\java\org\jabref\logic\importer\fetcher\ACMPortalFetcher.java,0.04428057670593262,1910.7995414733887,0.07285759789603097,logic,1910.7995414733887
jabref\src\main\java\org\jabref\gui\slr\ExistingStudySearchAction.java,2353.1553268432617,0.18837450572422573,0.1456458500453404,gui,2353.1553268432617
jabref\src\main\java\org\jabref\logic\formatter\bibtexfields\HtmlToLatexFormatter.java,0.34549601418631415,1910.9526824951172,0.6730735778808594,logic,1910.9526824951172
jabref\src\main\java\org\jabref\logic\layout\format\Iso690NamesAuthors.java,0.0419823271887643,1871.566333770752,0.070558534349714,logic,1871.566333770752
jabref\src\main\java\org\jabref\gui\preferences\PreferencesDialogViewModel.java,2070.093173980713,0.24638211386544365,118.01921486854553,gui,2070.093173980713
jabref\src\test\java\org\jabref\logic\integrity\EntryLinkCheckerTest.java,0.05832304954528809,1799.9921989440918,0.21977879660470145,logic,1799.9921989440918
jabref\src\main\java\org\jabref\gui\entryeditor\RequiredFieldsTab.java,2545.830497741699,0.06519098281860351,0.057148170471191403,gui,2545.830497741699
jabref\src\main\java\org\jabref\logic\remote\RemotePreferences.java,0.07316889762878417,1947.1163940429688,0.07317460605076381,logic,1947.1163940429688
jabref\src\main\java\org\jabref\model\entry\ParsedEntryLink.java,0.10997506550380162,0.21505686896187917,3141.81396484375,model,3141.81396484375
jabref\src\main\java\org\jabref\logic\importer\OutputPrinter.java,0.04550857543945312,1951.1800384521484,0.07408603940691266,logic,1951.1800384521484
jabref\src\test\java\org\jabref\logic\integrity\ISSNCheckerTest.java,0.09473902838570732,1915.1750755310059,0.0722597667149135,logic,1915.1750755310059
jabref\src\main\java\org\jabref\gui\libraryproperties\saving\SavingPropertiesViewModel.java,2059.062614440918,0.05453705106462751,70.0055992603302,gui,2059.062614440918
jabref\src\test\java\org\jabref\logic\integrity\DateCheckerTest.java,0.0574566159929548,1904.3993949890137,0.0722597667149135,logic,1904.3993949890137
jabref\src\test\java\org\jabref\gui\preferences\journals\AbbreviationViewModelTest.java,2273.1815338134766,0.0505171503339495,35.00659227371216,gui,2273.1815338134766
jabref\src\main\java\org\jabref\model\search\matchers\AndMatcher.java,0.0552844796861921,0.1769258907863072,3269.1375732421875,model,3269.1375732421875
jabref\src\main\java\org\jabref\gui\preferences\citationkeypattern\CitationKeyPatternTabViewModel.java,2108.979911804199,0.047208459036690846,35.0055992603302,gui,2108.979911804199
jabref\src\main\java\org\jabref\gui\JabRefDialogService.java,1726.421890258789,0.18456949506487166,0.42264957427978517,gui,1726.421890258789
jabref\src\test\java\org\jabref\model\entry\field\StandardFieldTest.java,0.07118498257228306,0.17798805236816406,3286.9532012939453,model,3286.9532012939453
jabref\src\test\java\org\jabref\logic\formatter\FormatterTest.java,0.054796181406293595,1813.232021331787,0.07086744308471679,logic,1813.232021331787
jabref\src\test\java\org\jabref\model\entry\identifier\ArXivIdentifierTest.java,0.06723265647888184,0.14471332005092075,2447.8175735473633,model,2447.8175735473633
jabref\src\main\java\org\jabref\migrations\PostOpenMigration.java,0.0,0.0,0.028577538899012975,model,0.028577538899012975
jabref\src\test\java\org\jabref\testutils\interactive\styletester\StyleTesterMain.java,0.011843584265027728,0.0,0.02857706206185477,model,0.02857706206185477
jabref\src\main\java\org\jabref\gui\journals\AbbreviationType.java,2290.9581756591797,0.05343342849186489,0.02857752868107387,gui,2290.9581756591797
jabref\src\main\java\org\jabref\gui\undo\NamedCompound.java,2203.1337356567383,0.09340417044503348,0.028577024596078054,gui,2203.1337356567383
jabref\src\main\java\org\jabref\gui\libraryproperties\constants\ConstantsPropertiesViewModel.java,2137.2282218933105,0.10391201291765485,70.00598311424255,gui,2137.2282218933105
jabref\src\main\java\org\jabref\logic\integrity\JournalInAbbreviationListChecker.java,0.2645406723022461,1910.703945159912,0.07296186174665178,logic,1910.703945159912
jabref\src\main\java\org\jabref\gui\preferences\linkedfiles\LinkedFilesTab.java,2167.6257133483887,0.07706729343959264,0.028576316152300153,gui,2167.6257133483887
jabref\src\main\java\org\jabref\gui\util\OptionalObjectProperty.java,2282.5310134887695,0.09788275446210588,0.02857715742928641,gui,2282.5310134887695
jabref\src\main\java\org\jabref\gui\externalfiles\FileExtensionViewModel.java,2493.69686126709,0.05816202163696289,55.260764956474304,gui,2493.69686126709
jabref\src\main\java\org\jabref\gui\logging\GuiWriter.java,2239.9264335632324,0.06289112908499582,0.06551191466195243,gui,2239.9264335632324
jabref\src\main\java\org\jabref\logic\preferences\TimestampPreferences.java,0.4365500586373465,1903.3738708496094,0.07275469643729074,logic,1903.3738708496094
jabref\src\main\java\org\jabref\gui\entryeditor\OtherFieldsTab.java,2663.834800720215,0.17323394502912248,1.2280451093401228,gui,2663.834800720215
jabref\src\main\java\org\jabref\gui\externalfiletype\CustomExternalFileType.java,2076.194248199463,0.09481522696358817,0.05321877343314035,gui,2076.194248199463
jabref\src\main\java\org\jabref\logic\formatter\bibtexfields\RemoveRedundantSpacesFormatter.java,0.04454376697540283,1909.8140716552734,0.07312088693891253,logic,1909.8140716552734
jabref\src\test\java\org\jabref\gui\preview\CopyCitationActionTest.java,1726.7606163024902,0.10868722370692661,0.033707594871520995,gui,1726.7606163024902
jabref\src\main\java\org\jabref\model\entry\types\StandardEntryType.java,0.10209883962358747,0.16515395300728933,3106.684989929199,model,3106.684989929199
jabref\src\main\java\org\jabref\gui\entryeditor\MathSciNetTab.java,2367.647247314453,0.07295882361275809,0.04453706400735038,gui,2367.647247314453
jabref\src\main\java\org\jabref\logic\citationkeypattern\DatabaseCitationKeyPattern.java,0.045329931804112024,1943.520851135254,0.10247876303536552,logic,1943.520851135254
jabref\src\main\java\org\jabref\gui\fieldeditors\JournalEditor.java,2279.0866088867188,0.05094267981392997,0.02857691560472761,gui,2279.0866088867188
jabref\src\main\java\org\jabref\logic\openoffice\backend\NamedRangeManagerReferenceMark.java,0.04449042592729841,1907.526969909668,0.0730675220489502,logic,1907.526969909668
jabref\src\test\java\org\jabref\logic\importer\fetcher\GoogleScholarTest.java,1.105362265450614,2006.6275024414062,2.1160243443080358,logic,2006.6275024414062
jabref\src\main\java\org\jabref\logic\cleanup\MoveFilesCleanup.java,0.044076183864048546,1889.7663497924805,0.10122456550598144,logic,1889.7663497924805
jabref\src\main\java\org\jabref\gui\util\DefaultFileUpdateMonitor.java,2402.959403991699,0.055358048847743445,0.1262150764465332,gui,2402.959403991699
jabref\src\main\java\org\jabref\gui\icon\JabRefIcon.java,2274.0045166015625,0.09276650973728724,0.7238262721470424,gui,2274.0045166015625
jabref\src\main\java\org\jabref\gui\undo\UndoableStringChange.java,2196.7287826538086,0.05123565878186907,0.02857698713030134,gui,2196.7287826538086
jabref\src\main\java\org\jabref\logic\layout\format\AuthorLastFirstCommas.java,0.04544860635484968,1948.6089515686035,0.07402604648045132,logic,1948.6089515686035
jabref\src\test\java\org\jabref\logic\util\io\FileUtilTest.java,0.32900447845458985,1668.7281799316406,0.08805131231035505,logic,1668.7281799316406
jabref\src\main\java\org\jabref\gui\mergeentries\newmergedialog\cell\sidebuttons\ToggleMergeUnmergeButton.java,2454.285011291504,0.10805785315377371,0.028576489857264926,gui,2454.285011291504
jabref\src\main\java\org\jabref\logic\cleanup\EprintCleanup.java,0.3410936083112444,1898.8592147827148,0.0722597667149135,logic,1898.8592147827148
jabref\src\main\java\org\jabref\model\database\BibDatabaseContext.java,0.43043553488595143,0.26115730830601286,3285.1809310913086,model,3285.1809310913086
jabref\src\main\java\org\jabref\logic\layout\format\FirstPage.java,0.04527121952601842,1941.0035705566406,0.07384860174996512,logic,1941.0035705566406
jabref\src\test\java\org\jabref\logic\exporter\MSBibExportFormatFilesTest.java,0.05175999573298863,1813.232021331787,0.1220475605555943,logic,1813.232021331787
jabref\src\main\java\org\jabref\gui\commonfxcontrols\SaveOrderConfigPanelViewModel.java,2178.0077934265137,0.060400990077427455,35.00667989253998,gui,2178.0077934265137
jabref\src\main\java\org\jabref\logic\formatter\bibtexfields\TrimWhitespaceFormatter.java,0.04459746905735561,1990.313377380371,0.09445267404828753,logic,1990.313377380371
jabref\src\main\java\org\jabref\logic\importer\fetcher\SpringerLink.java,0.8052409035818917,1915.4631996154785,0.07135843549455916,logic,1915.4631996154785
jabref\src\main\java\org\jabref\logic\importer\AuthorListParser.java,0.32359414781842916,1650.70894241333,0.08390749522617885,logic,1650.70894241333
jabref\src\test\java\org\jabref\model\TreeNodeTestData.java,0.05613748005458287,0.20856271471296037,4037.8822708129883,model,4037.8822708129883
jabref\src\main\java\org\jabref\gui\externalfiles\DateRange.java,2260.068817138672,0.11790729250226702,0.06406605584280832,gui,2260.068817138672
jabref\src\main\java\org\jabref\gui\maintable\OpenFolderAction.java,2469.730224609375,0.08440134865897042,0.057148170471191403,gui,2469.730224609375
jabref\src\main\java\org\jabref\logic\formatter\bibtexfields\NormalizePagesFormatter.java,0.04387704304286412,1881.2282371520996,0.07245392118181501,logic,1881.2282371520996
jabref\src\main\java\org\jabref\logic\openoffice\action\ManageCitations.java,0.044705959728785924,1916.7680358886719,0.07328313418797085,logic,1916.7680358886719
jabref\src\main\java\org\jabref\logic\layout\format\RisAuthors.java,0.04449042592729841,1978.40482711792,0.0730675220489502,logic,1978.40482711792
jabref\src\main\java\org\jabref\logic\msbib\MSBibMapping.java,0.34373465946742465,1622.13472366333,0.09499492645263671,logic,1622.13472366333
jabref\src\main\java\org\jabref\logic\shared\DBMSConnection.java,0.05861030306134905,1925.08638381958,0.7305727277483259,logic,1925.08638381958
jabref\src\main\java\org\jabref\model\study\FetchResult.java,0.05538183280399867,0.17713682992117746,3272.675437927246,model,3272.675437927246
jabref\src\main\java\org\jabref\gui\mergeentries\newmergedialog\FieldRowView.java,2340.5326080322266,0.08715594155447824,0.04365044321332659,gui,2340.5326080322266
jabref\src\test\java\org\jabref\gui\autocompleter\AutoCompleterUtil.java,2290.140266418457,0.05303800446646554,0.028577429907662526,gui,2290.140266418457
jabref\src\main\java\org\jabref\model\database\event\ChangePropagation.java,0.056273702212742395,0.17906920569283621,3405.027198791504,model,3405.027198791504
jabref\src\main\java\org\jabref\gui\autocompleter\SuggestionProvider.java,2479.56356048584,0.05783239092145647,0.028576810019356864,gui,2479.56356048584
jabref\src\main\java\org\jabref\gui\maintable\BibEntryTableViewModel.java,2532.2694396972656,0.065391206741333,82.45882153511047,gui,2532.2694396972656
jabref\src\test\java\org\jabref\logic\util\BuildInfoTest.java,0.06114145687648228,1919.117488861084,0.07333836555480958,logic,1919.117488861084
jabref\src\test\java\org\jabref\logic\texparser\DefaultTexParserTest.java,0.12081048148018973,1555.132122039795,0.1617464338030134,logic,1555.132122039795
jabref\src\main\java\org\jabref\gui\maintable\CellFactory.java,2520.6130981445312,0.10642497198922293,0.4810275486537388,gui,2520.6130981445312
jabref\src\main\java\org\jabref\gui\FallbackExceptionHandler.java,2239.9264335632324,0.05224318504333496,0.028577235766819545,gui,2239.9264335632324
jabref\src\test\java\org\jabref\gui\edit\CopyOrMoveFieldContentTabViewModelTest.java,1986.6837882995605,0.05172608239310128,77.50283360481262,gui,1986.6837882995605
jabref\src\main\java\org\jabref\gui\maintable\MainTablePreferences.java,2581.6406631469727,0.059707873208182195,0.02857715742928641,gui,2581.6406631469727
jabref\src\main\java\org\jabref\logic\formatter\bibtexfields\HtmlToUnicodeFormatter.java,0.0820382867540632,2010.3046226501465,0.7583481924874442,logic,2010.3046226501465
jabref\src\main\java\org\jabref\model\pdf\search\EnglishStemAnalyzer.java,0.05395659378596714,0.1740488052368164,3220.879592895508,model,3220.879592895508
jabref\src\test\java\org\jabref\logic\importer\AuthorListParserTest.java,0.04944385801042829,1839.0802764892578,0.10366642815726144,logic,1839.0802764892578
jabref\src\main\java\org\jabref\logic\citationkeypattern\AbstractCitationKeyPattern.java,0.2944737298148019,1890.128173828125,0.14599640710013254,logic,1890.128173828125
jabref\src\main\java\org\jabref\logic\exporter\OOCalcDatabase.java,0.05177127293178013,1799.9533462524414,0.06717240469796316,logic,1799.9533462524414
jabref\src\main\java\org\jabref\logic\layout\format\IfPlural.java,0.3190552847726004,1928.7178421020508,0.0733379568372454,logic,1928.7178421020508
jabref\src\main\java\org\jabref\gui\theme\StyleSheetDataUrl.java,2243.408889770508,0.052324410847255164,0.057148681368146624,gui,2243.408889770508
jabref\buildSrc\src\copied\java\org\jabref\logic\journals\AbbreviationWriter.java,0.04454376697540283,1909.8140716552734,0.09460971014840262,logic,1909.8140716552734
jabref\src\main\java\org\jabref\gui\commonfxcontrols\FieldFormatterCleanupsPanel.java,2017.769947052002,0.08053012575422014,0.08386762482779367,gui,2017.769947052002
jabref\src\main\java\org\jabref\gui\maintable\columns\LibraryColumn.java,2313.239860534668,0.22685752596173966,2.634800938197545,gui,2313.239860534668
jabref\src\test\java\org\jabref\logic\importer\fetcher\ZbMATHTest.java,0.20592046465192523,1757.7467727661133,0.06945046697344098,logic,1757.7467727661133
jabref\src\test\java\org\jabref\logic\bst\BstVMVisitorTest.java,0.43970418657575333,1792.7449035644531,1.572347913469587,logic,1792.7449035644531
jabref\src\main\java\org\jabref\logic\cleanup\RelativePathsCleanup.java,0.24397520337785994,1883.105583190918,0.11931867599487304,logic,1883.105583190918
jabref\src\main\java\org\jabref\gui\collab\DatabaseChangeResolverFactory.java,2239.9264335632324,0.05224318504333496,0.05714866093226841,gui,2239.9264335632324
jabref\src\main\java\org\jabref\logic\integrity\DoiValidityChecker.java,0.32407341003417967,1940.8745956420898,0.07361772400992257,logic,1940.8745956420898
jabref\src\test\java\org\jabref\model\search\matchers\MatcherSetsTest.java,0.06607540675571986,0.17456137793404716,3071.684989929199,model,3071.684989929199
jabref\src\main\java\org\jabref\gui\linkedfile\DeleteFileAction.java,2405.056915283203,0.05346055371420724,0.07164748055594308,gui,2405.056915283203
jabref\src\main\java\org\jabref\logic\importer\fetcher\RfcFetcher.java,0.04428057670593262,1898.5297012329102,0.07285759789603097,logic,1898.5297012329102
jabref\src\test\java\org\jabref\gui\externalfiles\ImportHandlerTest.java,2230.097236633301,0.050799015590122766,0.14904609407697406,gui,2230.097236633301
jabref\src\main\java\org\jabref\logic\layout\Layout.java,0.041687124116080145,1864.6326637268066,0.11098935944693429,logic,1864.6326637268066
jabref\src\main\java\org\jabref\gui\preferences\journals\AbbreviationsFileViewModel.java,2571.0593795776367,0.06864884240286691,63.76754343509674,gui,2571.0593795776367
jabref\src\main\java\org\jabref\logic\util\BackupFileType.java,0.05354209627423968,1932.3303413391113,0.07364623206002371,logic,1932.3303413391113
jabref\src\main\java\org\jabref\gui\maintable\NameDisplayPreferences.java,2598.5756301879883,0.09041246686662946,0.02857706206185477,gui,2598.5756301879883
jabref\src\main\java\org\jabref\gui\entryeditor\PreviewTab.java,2277.7394485473633,0.05065718378339495,0.05714827265058245,gui,2277.7394485473633
jabref\src\test\java\org\jabref\logic\xmp\XmpUtilReaderTest.java,0.3029975073678153,1757.4180603027344,0.10683879852294922,logic,1757.4180603027344
jabref\src\main\java\org\jabref\gui\preferences\externalfiletypes\ExternalFileTypesTabViewModel.java,2213.3604049682617,0.06220829827444894,73.72410893440247,gui,2213.3604049682617
jabref\src\main\java\org\jabref\logic\pdf\AnnotationImporter.java,0.045599331174577984,1955.0713157653809,0.09548897743225097,logic,1955.0713157653809
jabref\src\test\java\org\jabref\logic\importer\fetcher\transformers\IEEEQueryTransformerTest.java,0.21507682800292968,1856.8976402282715,0.07026322228567941,logic,1856.8976402282715
jabref\src\main\java\org\jabref\gui\mergeentries\newmergedialog\cell\ThreeWayMergeCell.java,2196.7287826538086,0.11739164079938616,0.05327642645154681,gui,2196.7287826538086
jabref\src\main\java\org\jabref\logic\layout\format\Iso690FormatDate.java,0.044177709306989395,1956.2335586547852,0.10856350490025111,logic,1956.2335586547852
jabref\src\test\java\org\jabref\logic\importer\util\GroupsParserTest.java,0.09693621226719447,1728.9980506896973,0.15926015036446708,logic,1728.9980506896973
jabref\src\main\java\org\jabref\gui\util\OptionalValueTableCellFactory.java,2498.568801879883,0.10233244895935059,0.7995710645403181,gui,2498.568801879883
jabref\src\main\java\org\jabref\gui\preferences\importexport\ImportExportTab.java,2280.3029251098633,0.11547604969569615,0.028575904028756278,gui,2280.3029251098633
jabref\src\test\java\org\jabref\logic\bibtex\comparator\FieldComparatorTest.java,0.05362139769962856,1631.661376953125,0.1464315686907087,logic,1631.661376953125
jabref\src\main\java\org\jabref\gui\collab\entrydelete\EntryDelete.java,2216.200122833252,0.051689798491341726,0.13521829332624163,gui,2216.200122833252
jabref\src\main\java\org\jabref\gui\fieldeditors\CitationKeyEditorViewModel.java,2268.0324172973633,0.052082388741629466,70.00706791877747,gui,2268.0324172973633
jabref\buildSrc\src\copied\java\org\jabref\logic\journals\AbbreviationFormat.java,0.04521291937146868,1938.5039138793945,0.07379027775355748,logic,1938.5039138793945
jabref\src\main\java\org\jabref\gui\linkedfile\LinkedFileEditDialogView.java,2459.2723083496094,0.05522209576198033,0.06394413539341517,gui,2459.2723083496094
jabref\src\main\java\org\jabref\logic\exporter\Exporter.java,0.3025613512311663,1822.3414421081543,0.1212791851588658,logic,1822.3414421081543
jabref\src\main\java\org\jabref\logic\msbib\MSBibDatabase.java,0.04140463556562151,1838.3637046813965,0.8013420649937221,logic,1838.3637046813965
jabref\src\test\java\org\jabref\logic\citationkeypattern\MakeLabelWithDatabaseTest.java,0.3215588705880301,1575.918846130371,0.09088117054530552,logic,1575.918846130371
jabref\src\main\java\org\jabref\logic\formatter\bibtexfields\AddBracesFormatter.java,0.04449042592729841,1922.7227783203125,0.0730675220489502,logic,1922.7227783203125
jabref\src\main\java\org\jabref\gui\collab\stringchange\BibTexStringChange.java,2209.623603820801,0.05153641019548689,0.057148490633283346,gui,2209.623603820801
jabref\src\test\java\org\jabref\logic\integrity\HTMLCharacterCheckerTest.java,0.05943584442138672,1844.7396850585938,0.07135843549455916,logic,1844.7396850585938
jabref\src\main\java\org\jabref\logic\exporter\BlankLineBehaviour.java,0.04569106442587716,1959.0043830871582,0.07426859310695104,logic,1959.0043830871582
jabref\src\test\java\org\jabref\logic\bibtex\comparator\EntryComparatorTest.java,0.07758598327636719,1706.2787055969238,0.08301916122436523,logic,1706.2787055969238
jabref\src\main\java\org\jabref\gui\util\component\DiffHighlightingTextPane.java,2287.1434020996094,0.05334445408412388,0.02857750483921596,gui,2287.1434020996094
jabref\src\main\java\org\jabref\gui\collab\entrychange\EntryChange.java,2165.922737121582,0.0505171503339495,0.05714823859078544,gui,2165.922737121582
jabref\src\main\java\org\jabref\logic\crawler\StudyYamlParser.java,0.04459746905735561,1912.1163940429688,0.09323282923017229,logic,1912.1163940429688
jabref\src\test\java\org\jabref\logic\exporter\ModsExportFormatTest.java,0.059000069754464285,1907.526969909668,0.12307630266462054,logic,1907.526969909668
jabref\src\main\java\org\jabref\logic\layout\format\DateFormatter.java,0.044983724185398644,1928.6772537231445,0.10437348910740443,logic,1928.6772537231445
jabref\src\main\java\org\jabref\preferences\MrDlibPreferences.java,0.3938263211931501,0.008523104872022355,0.02857698713030134,gui,0.3938263211931501
jabref\src\main\java\org\jabref\gui\search\rules\describer\SearchDescribers.java,2209.623603820801,0.061661883762904574,0.02857706206185477,gui,2209.623603820801
jabref\src\main\java\org\jabref\gui\autocompleter\AutoCompleteFirstNameMode.java,2270.3099060058594,0.0815232617514474,0.05714883804321289,gui,2270.3099060058594
jabref\src\test\java\org\jabref\logic\exporter\EmbeddedBibFilePdfExporterTest.java,0.24498201097760883,1742.351894378662,0.1372258595057896,logic,1742.351894378662
jabref\src\main\java\org\jabref\model\openoffice\uno\UnoTextRange.java,0.6199056352887835,0.24854989733014787,2928.374366760254,model,2928.374366760254
jabref\src\main\java\org\jabref\model\util\FileUpdateListener.java,0.05657741001674107,0.17972724097115653,3316.1247634887695,model,3316.1247634887695
jabref\src\main\java\org\jabref\preferences\SearchPreferences.java,0.3601672853742327,0.020891128267560687,0.028576207160949708,gui,0.3601672853742327
jabref\src\main\java\org\jabref\gui\mergeentries\MergeEntriesDialog.java,2171.926612854004,0.07569488116673061,0.08877921104431152,gui,2171.926612854004
jabref\src\test\java\org\jabref\logic\util\io\CitationKeyBasedFileFinderTest.java,0.14656295776367187,1749.6425819396973,0.10396303449358259,logic,1749.6425819396973
jabref\src\main\java\org\jabref\logic\shared\event\SharedEntriesNotPresentEvent.java,0.04538905961172921,1946.056022644043,0.26499246869768417,logic,1946.056022644043
jabref\src\main\java\org\jabref\logic\formatter\minifier\TruncateFormatter.java,0.08101842744009835,1988.537368774414,0.08894546372549875,logic,1988.537368774414
jabref\src\main\java\org\jabref\gui\preferences\PreferenceTabViewModel.java,2382.470016479492,0.05321218626839774,35.00740587711334,gui,2382.470016479492
jabref\src\main\java\org\jabref\gui\autocompleter\BibEntrySuggestionProvider.java,2244.623603820801,0.08010783876691546,0.057148490633283346,gui,2244.623603820801
jabref\src\main\java\org\jabref\logic\layout\format\WrapFileLinks.java,0.31439219883510044,1802.5160217285156,0.08821707453046526,logic,1802.5160217285156
jabref\src\main\java\org\jabref\gui\preferences\preview\PreviewTab.java,2325.778465270996,0.09367219379970006,0.5187701089041573,gui,2325.778465270996
jabref\src\test\java\org\jabref\logic\importer\fileformat\MsBibImporterFilesTest.java,0.05554461479187012,1889.7663497924805,0.07265313693455287,logic,1889.7663497924805
jabref\src\main\java\org\jabref\gui\search\SearchResultsTableDataModel.java,2189.1403579711914,0.050242342267717635,35.00651299953461,gui,2189.1403579711914
jabref\src\test\java\org\jabref\logic\importer\fetcher\ResearchGateTest.java,0.5185692923409598,1834.4968605041504,1.664833504813058,logic,1834.4968605041504
jabref\src\test\java\org\jabref\logic\layout\format\HTMLCharsTest.java,0.05532001767839704,1782.2011375427246,0.10134202412196568,logic,1782.2011375427246
jabref\src\test\java\org\jabref\logic\formatter\bibtexfields\NormalizeEnDashesFormatterTest.java,0.06092299052647182,1951.2282371520996,1.0724539620535714,logic,1951.2282371520996
jabref\src\main\java\org\jabref\model\entry\CanonicalBibEntry.java,0.24084717886788504,0.25345287322998045,3005.2893447875977,model,3005.2893447875977
jabref\src\main\java\org\jabref\gui\util\uithreadaware\UiThreadChangeListener.java,2226.2313270568848,0.05192376545497349,0.02857715742928641,gui,2226.2313270568848
jabref\src\main\java\org\jabref\logic\citationstyle\CitationStyleCache.java,0.044076183864048546,1889.7663497924805,0.10122456550598144,logic,1889.7663497924805
jabref\src\main\java\org\jabref\gui\libraryproperties\general\GeneralPropertiesViewModel.java,2045.565242767334,0.07464875493730817,88.4870970249176,gui,2045.565242767334
jabref\src\main\java\org\jabref\model\metadata\SaveOrder.java,0.345654296875,0.19273176193237304,2738.520088195801,model,2738.520088195801
jabref\src\test\java\org\jabref\gui\keyboard\KeyBindingsTabModelTest.java,2328.3203125,0.2402345929827009,3565.4946899414062,model,3565.4946899414062
jabref\src\test\java\org\jabref\gui\search\GlobalSearchBarTest.java,2131.41206741333,0.04849586486816406,0.028576316152300153,gui,2131.41206741333
jabref\src\main\java\org\jabref\gui\preferences\PreferencesFilterDialog.java,2210.868625640869,0.07858273642403739,0.22691500527518135,gui,2210.868625640869
jabref\src\main\java\org\jabref\gui\fieldeditors\MapBasedEditorViewModel.java,2167.3521423339844,0.12374822071620396,35.00651299953461,gui,2167.3521423339844
jabref\src\test\java\org\jabref\logic\importer\fetcher\transformers\DBLPQueryTransformerTest.java,0.05489569050925119,1877.0408248901367,0.0723562240600586,logic,1877.0408248901367
jabref\src\main\java\org\jabref\model\pdf\search\PdfSearchResults.java,0.2543947764805385,0.18277360371180942,3071.684989929199,model,3071.684989929199
jabref\src\test\java\org\jabref\model\entry\IdGeneratorTest.java,0.08752963883536202,0.18711680003574915,3255.1089477539062,model,3255.1089477539062
jabref\src\main\java\org\jabref\gui\util\ColorUtil.java,2209.623603820801,0.05153641019548689,0.02857706206185477,gui,2209.623603820801
jabref\src\main\java\org\jabref\gui\keyboard\KeyBinding.java,1841.5222549438477,0.29272044045584544,1.0516972133091518,gui,1841.5222549438477
jabref\src\main\java\org\jabref\model\entry\field\Field.java,0.06766433034624372,0.17424971716744558,3224.2497634887695,model,3224.2497634887695
jabref\src\test\java\org\jabref\logic\importer\ParserResultTest.java,0.060939271109444755,1928.6772537231445,0.07356100082397461,logic,1928.6772537231445
jabref\src\test\java\org\jabref\logic\exporter\CsvExportFormatTest.java,0.4106576647077288,1796.5699577331543,0.12065251214163644,logic,1796.5699577331543
jabref\src\test\java\org\jabref\logic\importer\fetcher\transformers\ScholarQueryTransformerTest.java,0.05791077613830566,1934.7868728637695,0.07370354788643974,logic,1934.7868728637695
jabref\src\main\java\org\jabref\logic\util\strings\RtfCharMap.java,0.41169673374720983,1643.0883407592773,0.06598247119358608,logic,1643.0883407592773
jabref\src\main\java\org\jabref\preferences\PushToApplicationPreferences.java,0.3550062724522182,0.0074570843151637485,0.02857691560472761,gui,0.3550062724522182
jabref\src\main\java\org\jabref\model\entry\field\SpecialField.java,0.23933195386614117,0.17367053713117328,2943.588066101074,model,2943.588066101074
jabref\src\main\java\org\jabref\model\entry\types\BiblatexSoftwareEntryType.java,0.05304649897984096,0.1720769337245396,3222.8051376342773,model,3222.8051376342773
jabref\src\main\java\org\jabref\gui\fieldeditors\UrlEditor.java,2259.7021865844727,0.0505171503339495,0.06609412602015904,gui,2259.7021865844727
jabref\src\main\java\org\jabref\gui\icon\JabrefIconProvider.java,2283.3558654785156,0.05325611659458705,0.028577484403337752,gui,2283.3558654785156
jabref\src\main\java\org\jabref\preferences\GuiPreferences.java,1708.6045265197754,0.037403409821646555,0.07322021893092565,gui,1708.6045265197754
jabref\src\test\java\org\jabref\logic\formatter\bibtexfields\UnicodeToLatexFormatterTest.java,0.05622838565281459,1918.093433380127,0.07296186174665178,logic,1918.093433380127
jabref\src\main\java\org\jabref\logic\shared\DatabaseSynchronizer.java,0.04527121952601842,1941.0035705566406,0.1024200303213937,logic,1941.0035705566406
jabref\src\test\java\org\jabref\gui\edit\ReplaceStringViewModelTest.java,2163.467140197754,0.08251803943089077,72.91628837585449,gui,2163.467140197754
jabref\src\main\java\org\jabref\gui\externalfiles\FileDownloadTask.java,2216.200122833252,0.14339171818324498,0.11708927154541016,gui,2216.200122833252
jabref\src\test\java\org\jabref\logic\bibtex\FileFieldWriterTest.java,0.12148403440202986,1905.9492301940918,0.08640737533569336,logic,1905.9492301940918
jabref\src\main\java\org\jabref\logic\layout\format\AuthorLastFirstOxfordCommas.java,0.04547853810446603,1949.892292022705,0.07405599185398647,logic,1949.892292022705
jabref\src\main\java\org\jabref\gui\texparser\ParseLatexDialogViewModel.java,2290.3437423706055,0.08735322952270508,98.29176068305969,gui,2290.3437423706055
jabref\src\test\java\org\jabref\architecture\TestArchitectureTest.java,1.9191295078822546,2.09334716796875,2.597059631347656,model,2.597059631347656
jabref\src\main\java\org\jabref\gui\mergeentries\MultiMergeEntriesView.java,2407.8476333618164,0.23746487753731862,1.2020272391183036,gui,2407.8476333618164
jabref\src\main\java\org\jabref\gui\fieldeditors\EditorTextField.java,2479.314422607422,0.0578265803200858,0.11518502916608538,gui,2479.314422607422
jabref\src\test\java\org\jabref\gui\autocompleter\PersonNameStringConverterTest.java,2119.4808197021484,0.07577988760811942,0.05714742796761649,gui,2119.4808197021484
jabref\src\main\java\org\jabref\logic\exporter\TemplateExporter.java,0.14166017259870256,1669.4527626037598,0.11474405016217913,logic,1669.4527626037598
jabref\src\test\java\org\jabref\logic\exporter\XmpExporterTest.java,0.08481757981436593,1603.863410949707,0.11537057331630161,logic,1603.863410949707
jabref\src\main\java\org\jabref\gui\sidepane\SidePaneContentFactory.java,2353.088035583496,0.08725782121930803,0.6537018367222377,gui,2353.088035583496
jabref\src\test\java\org\jabref\model\entry\field\BibFieldTest.java,0.06987316949026925,0.27143445696149554,3220.879592895508,model,3220.879592895508
jabref\src\main\java\org\jabref\gui\fieldeditors\identifier\IdentifierEditor.java,2722.6281356811523,0.1882932662963867,2.064719935825893,gui,2722.6281356811523
jabref\src\main\java\org\jabref\logic\layout\format\HTMLParagraphs.java,0.10090783664158412,1982.054443359375,0.10106895991734095,logic,1982.054443359375
jabref\src\main\java\org\jabref\logic\layout\format\AuthorAndsCommaReplacer.java,0.04428057670593262,1970.1884841918945,0.07285759789603097,logic,1970.1884841918945
jabref\src\test\java\org\jabref\logic\util\FileNameCleanerTest.java,0.059067583084106444,1863.058261871338,0.0717057500566755,logic,1863.058261871338
jabref\src\main\java\org\jabref\logic\importer\fileformat\OvidImporter.java,0.4098051071166992,1703.3408546447754,0.07684204918997628,logic,1703.3408546447754
jabref\src\main\java\org\jabref\logic\formatter\casechanger\TitleParser.java,0.043129137584141324,1900.3489685058594,0.0717057500566755,logic,1900.3489685058594
jabref\src\main\java\org\jabref\gui\externalfiles\UnlinkedPDFFileFilter.java,2229.6203231811523,0.05200280802590507,0.07879335539681571,gui,2229.6203231811523
jabref\src\test\java\org\jabref\logic\importer\fileformat\MrDLibImporterTest.java,0.5520668029785156,1939.6333122253418,0.16551126752580916,logic,1939.6333122253418
jabref\src\main\java\org\jabref\model\entry\Date.java,0.3668691635131836,0.16772372382027761,2503.3358001708984,model,2503.3358001708984
jabref\src\test\java\org\jabref\logic\cleanup\ConvertToBibtexCleanupTest.java,0.05802373886108399,1820.083179473877,0.13049377713884627,logic,1820.083179473877
jabref\src\main\java\org\jabref\gui\exporter\ExportCommand.java,2432.137107849121,0.2933824811662946,0.15646779196602958,gui,2432.137107849121
jabref\src\test\java\org\jabref\cli\AuxCommandLineTest.java,0.5366298675537109,0.051053343500409805,0.04466488701956613,gui,0.5366298675537109
jabref\src\main\java\org\jabref\gui\mergeentries\newmergedialog\diffhighlighter\SplitDiffHighlighter.java,2060.032730102539,0.04804741314479283,0.05020538057599749,gui,2060.032730102539
jabref\src\test\java\org\jabref\logic\auxparser\AuxParserTest.java,0.5354783739362444,1651.2623596191406,0.08708556720188686,logic,1651.2623596191406
jabref\src\main\java\org\jabref\gui\collab\entrychange\EntryWithPreviewAndSourceDetailsView.java,2261.231460571289,0.05192376545497349,0.09566377912248884,gui,2261.231460571289
jabref\src\main\java\org\jabref\gui\mergeentries\newmergedialog\FieldRowViewModel.java,2286.3284301757812,0.08543973650251116,59.690293073654175,gui,2286.3284301757812
jabref\src\main\java\org\jabref\logic\openoffice\style\OOPreFormatter.java,0.31439219883510044,1792.4545097351074,0.09730396270751954,logic,1792.4545097351074
jabref\src\main\java\org\jabref\gui\externalfiles\ImportFilesResultItemViewModel.java,2537.831382751465,0.05919140407017299,54.9294239282608,gui,2537.831382751465
jabref\src\test\java\org\jabref\logic\formatter\bibtexfields\RemoveDigitsFormatterTest.java,0.06114145687648228,1946.9300079345703,0.09604201998029437,logic,1946.9300079345703
jabref\src\main\java\org\jabref\gui\linkedfile\AttachFileAction.java,2404.76131439209,0.09734668731689453,0.08624112946646555,gui,2404.76131439209
jabref\src\main\java\org\jabref\logic\openoffice\OpenOfficeFileSearch.java,0.10088336127144949,1851.5570640563965,0.09435738154820034,logic,1851.5570640563965
jabref\src\main\java\org\jabref\gui\util\component\TagBar.java,2301.008071899414,0.07950897216796875,0.10445220811026437,gui,2301.008071899414
jabref\src\main\java\org\jabref\gui\fieldeditors\PatentTypeEditorViewModel.java,2120.499668121338,0.0494577169418335,35.00627517700195,gui,2120.499668121338
jabref\src\test\java\org\jabref\logic\importer\fileformat\BibtexParserTest.java,0.49324607849121094,1615.727767944336,1.7668623788016182,logic,1615.727767944336
jabref\src\main\java\org\jabref\gui\BasePanelMode.java,2292.8759765625,0.053478152411324635,0.028577538899012975,gui,2292.8759765625
jabref\src\test\java\org\jabref\model\paging\PageTest.java,0.10986298152378628,0.1672483035496303,3106.81396484375,model,3106.81396484375
jabref\src\test\java\org\jabref\logic\importer\fileformat\MedlinePlainImporterTest.java,0.5011508396693638,1685.351390838623,0.10521274975367954,logic,1685.351390838623
jabref\src\main\java\org\jabref\model\openoffice\uno\UnoReferenceMark.java,0.3452065876552037,0.1901778357369559,2943.588066101074,model,2943.588066101074
jabref\src\main\java\org\jabref\gui\mergeentries\MergeEntriesAction.java,2404.76131439209,0.0794832638331822,0.051972031593322754,gui,2404.76131439209
jabref\src\main\java\org\jabref\gui\desktop\os\NativeDesktop.java,2386.281852722168,0.15673134667532784,0.08809315136500767,gui,2386.281852722168
jabref\src\main\java\org\jabref\gui\UpdateTimestampListener.java,2326.78035736084,0.052571463584899905,0.08324574742998396,gui,2326.78035736084
jabref\src\main\java\org\jabref\logic\importer\fetcher\transformers\DefaultQueryTransformer.java,0.04492740971701486,1926.2626457214355,0.07350466591971261,logic,1926.2626457214355
jabref\src\test\java\org\jabref\logic\exporter\ExporterTest.java,0.05313219342912946,1852.2891235351562,0.12112831388201033,logic,1852.2891235351562
jabref\src\test\java\org\jabref\logic\formatter\bibtexfields\HtmlToLatexFormatterTest.java,0.0597592898777553,1863.7652206420898,0.0852787971496582,logic,1863.7652206420898
jabref\src\main\java\org\jabref\model\strings\StringUtil.java,0.47381815229143415,0.1959817613874163,2111.89453125,model,2111.89453125
jabref\src\test\java\org\jabref\logic\net\MimeTypeDetectorTest.java,0.05945325578962054,1962.9800415039062,0.07436135155814035,logic,1962.9800415039062
jabref\src\test\java\org\jabref\logic\formatter\casechanger\UnprotectTermsFormatterTest.java,0.05606218065534319,1855.3576850891113,0.07152999469212123,logic,1855.3576850891113
jabref\src\test\java\org\jabref\gui\UpdateTimestampListenerTest.java,2249.282989501953,0.12806664875575474,0.07768353734697614,gui,2249.282989501953
jabref\src\test\java\org\jabref\logic\l10n\JavaLocalizationEntryParser.java,0.05723201206752232,1873.9825439453125,0.08463668823242188,logic,1873.9825439453125
jabref\src\test\java\org\jabref\gui\mergeentries\ThreeWayMergeCellViewModelTest.java,2071.2412643432617,0.04804741314479283,35.00585377216339,gui,2071.2412643432617
jabref\src\main\java\org\jabref\gui\preferences\appearance\AppearanceTab.java,2189.0172576904297,0.0489654575075422,0.028576431955610004,gui,2189.0172576904297
jabref\src\main\java\org\jabref\logic\git\SlrGitHandler.java,0.5376023973737444,1792.2760009765625,0.09171363285609654,logic,1792.2760009765625
jabref\src\main\java\org\jabref\logic\shared\prefs\SharedDatabasePreferences.java,0.5368659973144532,1975.0346565246582,0.7897690909249442,logic,1975.0346565246582
jabref\src\main\java\org\jabref\logic\msbib\PageNumbers.java,0.04349372727530343,1958.1980895996094,0.6413305010114397,logic,1958.1980895996094
jabref\src\main\java\org\jabref\model\entry\types\SystematicLiteratureReviewStudyEntryType.java,0.05322605541774205,0.17246597834995814,3194.330520629883,model,3194.330520629883
jabref\src\main\java\org\jabref\gui\mergeentries\newmergedialog\ThreeWayMergeViewModel.java,2465.038528442383,0.06523760386875697,35.00605821609497,gui,2465.038528442383
jabref\src\main\java\org\jabref\logic\importer\fetcher\transformers\YearAndYearRangeByFilteringQueryTransformer.java,0.04509752818516322,1933.5564041137695,0.0943589414869036,logic,1933.5564041137695
jabref\src\test\java\org\jabref\logic\importer\fetcher\transformers\SuffixTransformerTest.java,0.05684819221496582,1742.8589820861816,0.06896235602242606,logic,1742.8589820861816
jabref\src\main\java\org\jabref\logic\formatter\minifier\MinifyNameListFormatter.java,0.043309177671160014,1934.2821884155273,0.6771023341587612,logic,1934.2821884155273
jabref\src\main\java\org\jabref\logic\importer\fetcher\transformers\MedlineQueryTransformer.java,0.04438480309077671,1915.4021835327148,0.07296186174665178,logic,1915.4021835327148
jabref\src\main\java\org\jabref\gui\help\AboutDialogView.java,2165.922737121582,0.0505171503339495,0.11247432572501047,gui,2165.922737121582
jabref\src\main\java\org\jabref\logic\importer\fileformat\PdfGrobidImporter.java,0.2684988021850586,1976.4680671691895,0.1583423478262765,logic,1976.4680671691895
jabref\src\test\java\org\jabref\model\entry\field\SpecialFieldTest.java,0.070781067439488,0.17567569187709264,3248.1678009033203,model,3248.1678009033203
jabref\src\main\java\org\jabref\logic\importer\util\ShortDOIService.java,0.645612553187779,1893.9741897583008,0.0722597667149135,logic,1893.9741897583008
jabref\src\test\java\org\jabref\gui\entryeditor\fileannotationtab\FileAnnotationViewModelTest.java,2139.030933380127,0.13910278592790876,133.63141298294067,gui,2139.030933380127
jabref\src\main\java\org\jabref\logic\integrity\CitationKeyDeviationChecker.java,0.2596349171229771,1901.6603469848633,0.07275469643729074,logic,1901.6603469848633
jabref\src\main\java\org\jabref\model\openoffice\uno\UnoStyle.java,0.3262481689453125,0.22748280933925083,2960.0915145874023,model,2960.0915145874023
jabref\src\main\java\org\jabref\gui\importer\NewEntryAction.java,2456.5069580078125,0.08123463221958706,0.057147979736328125,gui,2456.5069580078125
jabref\src\main\java\org\jabref\logic\net\ssl\TrustStoreManager.java,0.040386717660086495,1873.6731910705566,0.1450827053615025,logic,1873.6731910705566
jabref\src\main\java\org\jabref\logic\protectedterms\ProtectedTermsPreferences.java,0.04387704304286412,1881.2282371520996,0.07245392118181501,logic,1881.2282371520996
jabref\src\main\java\org\jabref\logic\integrity\AbbreviationChecker.java,0.04459746905735561,1924.7966575622559,0.07317460605076381,logic,1924.7966575622559
jabref\src\main\java\org\jabref\gui\entryeditor\LatexCitationsTabViewModel.java,2360.094337463379,0.052932606424604144,126.68641090393066,gui,2360.094337463379
jabref\src\main\java\org\jabref\gui\entryeditor\RelatedArticlesTab.java,2044.849739074707,0.1869692393711635,0.7236383165631975,gui,2044.849739074707
jabref\src\main\java\org\jabref\gui\groups\UndoableMoveGroup.java,2542.813606262207,0.14002023424421037,1.4410478864397323,gui,2542.813606262207
jabref\src\main\java\org\jabref\logic\openoffice\style\OOBibStyleGetNumCitationMarker.java,0.37779669080461775,1855.314826965332,0.6042207445417132,logic,1855.314826965332
jabref\src\main\java\org\jabref\gui\linkedfile\LinkedFilesEditDialogViewModel.java,2322.929267883301,0.053773444039481026,97.61431694030762,gui,2322.929267883301
jabref\src\main\java\org\jabref\logic\layout\ParamLayoutFormatter.java,0.04566037654876709,1957.6885986328125,0.07423789160592216,logic,1957.6885986328125
jabref\src\main\java\org\jabref\gui\maintable\MainTableHeaderContextMenu.java,2103.0282402038574,0.21941931588309152,2.450265284946987,gui,2103.0282402038574
jabref\src\main\java\org\jabref\logic\util\io\DatabaseFileLookup.java,0.2526506151471819,1888.5353469848633,0.12282040459769113,logic,1888.5353469848633
jabref\src\main\java\org\jabref\model\entry\types\SystematicLiteratureReviewStudyEntryTypeDefinitions.java,0.09587788581848145,0.23119408743722097,3168.5544967651367,model,3168.5544967651367
jabref\src\test\java\org\jabref\logic\util\strings\StringManipulatorTest.java,0.055675288609095985,1685.8843803405762,0.06789617538452149,logic,1685.8843803405762
jabref\src\test\java\org\jabref\model\entry\identifier\DOITest.java,0.6811103275844029,0.19084931782313755,2007.7933502197266,model,2007.7933502197266
jabref\src\test\java\org\jabref\logic\importer\fileformat\PdfContentImporterFilesTest.java,0.05599641118730817,1898.5297012329102,0.07285759789603097,logic,1898.5297012329102
jabref\src\main\java\org\jabref\logic\integrity\DatabaseChecker.java,0.04556897027151925,1953.7696838378906,0.10271788324628557,logic,1953.7696838378906
jabref\src\test\java\org\jabref\logic\formatter\bibtexfields\CleanupUrlFormatterTest.java,0.061113016945975165,1872.9066848754883,0.07226311819893973,logic,1872.9066848754883
jabref\src\test\java\org\jabref\logic\formatter\bibtexfields\UnicodeConverterTest.java,0.06111179079328265,1922.7227783203125,0.08635035923549107,logic,1922.7227783203125
jabref\src\test\java\org\jabref\model\entry\CanonicalBibEntryTest.java,0.06275733539036342,0.17114678791591098,2984.225845336914,model,2984.225845336914
jabref\src\main\java\org\jabref\logic\texparser\DefaultLatexParser.java,0.05663439886910575,1837.4238967895508,0.12584667205810546,logic,1837.4238967895508
jabref\src\test\java\org\jabref\logic\integrity\NoteCheckerTest.java,0.06047616686139788,1872.9066848754883,0.14894415991646903,logic,1872.9066848754883
jabref\src\test\java\org\jabref\logic\importer\fetcher\transformers\SpringerQueryTransformerTest.java,0.054278898239135745,1864.7935485839844,0.10528978620256696,logic,1864.7935485839844
jabref\src\test\java\org\jabref\gui\externalfiletype\ExternalFileTypesTest.java,2266.4817810058594,0.07763284955705915,0.08315026419503348,gui,2266.4817810058594
jabref\src\test\java\org\jabref\logic\layout\format\CompositeFormatTest.java,0.05913716724940709,1882.0400047302246,0.07207046917506627,logic,1882.0400047302246
jabref\src\main\java\org\jabref\gui\exporter\ExportToClipboardAction.java,2261.9409561157227,0.2962939943586077,0.4781739371163504,gui,2261.9409561157227
jabref\src\main\java\org\jabref\logic\formatter\casechanger\Word.java,0.2465944562639509,1738.1986618041992,0.20513663973127091,logic,1738.1986618041992
jabref\src\main\java\org\jabref\gui\libraryproperties\keypattern\KeyPatternPropertiesViewModel.java,2213.0077934265137,0.050799015590122766,70.00667572021484,gui,2213.0077934265137
jabref\src\main\java\org\jabref\gui\importer\GenerateEntryFromIdAction.java,2448.6290740966797,0.22521182468959264,0.11186867441449846,gui,2448.6290740966797
jabref\src\test\java\org\jabref\logic\importer\fileformat\EndnoteXmlImporterFilesTest.java,0.05489569050925119,1877.0408248901367,0.0723562240600586,logic,1877.0408248901367
jabref\src\main\java\org\jabref\logic\bibtex\comparator\PreambleDiff.java,0.10628880773271833,1943.924331665039,0.07245392118181501,logic,1943.924331665039
jabref\src\test\java\org\jabref\logic\crawler\CrawlerTest.java,0.36891305106026784,1950.2494430541992,0.15291987827845982,logic,1950.2494430541992
jabref\src\test\java\org\jabref\logic\texparser\LatexParserTest.java,0.3239114488874163,1669.5006942749023,0.1839167867388044,logic,1669.5006942749023
jabref\src\main\java\org\jabref\logic\importer\fileformat\ModsImporter.java,0.04259448732648577,1669.6423530578613,0.6100172315325055,logic,1669.6423530578613
jabref\src\main\java\org\jabref\logic\importer\fileformat\PdfEmbeddedBibFileImporter.java,0.06372928619384766,1920.8550453186035,0.7189363752092633,logic,1920.8550453186035
jabref\src\main\java\org\jabref\gui\linkedfile\AttachFileFromURLAction.java,2496.351661682129,0.1363049098423549,0.07122579302106585,gui,2496.351661682129
jabref\src\main\java\org\jabref\logic\formatter\casechanger\LowerCaseFormatter.java,0.09122179576328822,2050.1180839538574,0.09462601797921318,logic,2050.1180839538574
jabref\src\main\java\org\jabref\gui\fieldeditors\identifier\ISBNIdentifierEditorViewModel.java,2366.887550354004,0.05200280802590507,35.007038712501526,gui,2366.887550354004
jabref\src\test\java\org\jabref\logic\util\DevelopmentStageTest.java,0.05996139390128,1864.7935485839844,0.09355161530630929,logic,1864.7935485839844
jabref\src\main\java\org\jabref\logic\layout\LayoutHelper.java,0.11396940095084054,1707.2621726989746,0.08282254082815987,logic,1707.2621726989746
jabref\src\test\java\org\jabref\migrations\PreferencesMigrationsTest.java,0.2860022136143276,0.06473146847316197,0.07886206081935337,gui,0.2860022136143276
jabref\src\test\java\org\jabref\logic\crawler\StudyRepositoryTest.java,0.3090451104300363,1606.9650840759277,0.14382408687046597,logic,1606.9650840759277
jabref\src\main\java\org\jabref\model\study\StudyDatabase.java,0.05081790174756731,0.1672483035496303,3106.81396484375,model,3106.81396484375
jabref\src\test\java\org\jabref\logic\integrity\BracketCheckerTest.java,0.06107284000941685,1864.7935485839844,0.07207046917506627,logic,1864.7935485839844
jabref\src\main\java\org\jabref\logic\layout\format\FileLink.java,0.2526506151471819,1888.5353469848633,0.09486636434282575,logic,1888.5353469848633
jabref\src\main\java\org\jabref\logic\importer\fileformat\PdfContentImporter.java,0.31659439631870817,1684.306240081787,0.1289895875113351,logic,1684.306240081787
jabref\src\main\java\org\jabref\gui\preferences\entryeditor\EntryEditorTab.java,2167.6257133483887,0.04849586486816406,0.028576316152300153,gui,2167.6257133483887
jabref\src\test\java\org\jabref\gui\exporter\SaveDatabaseActionTest.java,2013.5719871520996,0.07095191138131278,0.09040266445704868,gui,2013.5719871520996
jabref\src\test\java\org\jabref\logic\layout\format\AuthorLastFirstAbbreviatorTest.java,0.1349773951939174,1966.2627601623535,0.07188585826328822,logic,1966.2627601623535
jabref\src\main\java\org\jabref\gui\preferences\PreferencesSearchHandler.java,2383.2419967651367,0.10193228721618652,0.7185680389404296,gui,2383.2419967651367
jabref\src\test\java\org\jabref\logic\auxparser\DefaultAuxParserTest.java,0.05937936646597726,1961.650104522705,0.07433032308306013,logic,1961.650104522705
jabref\src\main\java\org\jabref\model\openoffice\uno\NoDocumentException.java,0.0554795333317348,0.17734850474766323,3276.226119995117,model,3276.226119995117
jabref\src\main\java\org\jabref\gui\maintable\MainTableColumnModel.java,1955.4463577270508,0.045396549361092706,35.005056858062744,gui,1955.4463577270508
jabref\src\main\java\org\jabref\gui\mergeentries\newmergedialog\fieldsmerger\FieldMerger.java,2279.5955657958984,0.05316840580531529,0.02857746056147984,gui,2279.5955657958984
jabref\src\main\java\org\jabref\gui\search\GlobalSearchResultDialogViewModel.java,2305.924606323242,0.052571463584899905,35.00720977783203,gui,2305.924606323242
jabref\src\main\java\org\jabref\gui\mergeentries\newmergedialog\ShowDiffConfig.java,2281.4722442626953,0.05321218626839774,0.028577474185398646,gui,2281.4722442626953
jabref\src\main\java\org\jabref\logic\importer\util\JsonReader.java,0.04454376697540283,1909.8140716552734,0.07312088693891253,logic,1909.8140716552734
jabref\src\main\java\org\jabref\gui\sidepane\GroupsSidePaneComponent.java,2221.985969543457,0.15038716452462333,1.4327576773507253,gui,2221.985969543457
jabref\src\main\java\org\jabref\gui\edit\automaticfiededitor\AbstractAutomaticFieldEditorTabView.java,2281.4722442626953,0.05321218626839774,0.028577474185398646,gui,2281.4722442626953
jabref\src\test\java\org\jabref\logic\shared\security\PasswordTest.java,0.06010197230747768,1907.526969909668,0.0730675220489502,logic,1907.526969909668
jabref\src\main\java\org\jabref\gui\documentviewer\PageDimension.java,2203.1337356567383,0.05138504164559501,0.028577024596078054,gui,2203.1337356567383
jabref\src\test\java\org\jabref\logic\layout\format\AuthorFirstFirstCommasTest.java,0.10658283914838518,2000.197582244873,0.07350466591971261,logic,2000.197582244873
jabref\src\test\java\org\jabref\logic\layout\format\IfPluralTest.java,0.060213082177298406,1922.5152969360352,0.10645372526986259,logic,1922.5152969360352
jabref\src\test\java\org\jabref\logic\layout\format\AuthorLF_FFTest.java,0.10658283914838518,2000.781307220459,0.07350466591971261,logic,2000.781307220459
jabref\src\main\java\org\jabref\logic\importer\util\FileFieldParser.java,0.3510747364589146,1809.594955444336,0.08997979164123535,logic,1809.594955444336
jabref\src\main\java\org\jabref\logic\preferences\FetcherApiKey.java,0.1610438619341169,2059.4622230529785,0.07322868619646344,logic,2059.4622230529785
jabref\src\main\java\org\jabref\logic\pdf\search\indexing\DocumentReader.java,0.2509765625,1767.434310913086,0.1167679922921317,logic,1767.434310913086
jabref\src\test\java\org\jabref\model\strings\StringUtilTest.java,0.059380531311035156,0.3527463640485491,2838.126907348633,model,2838.126907348633
jabref\src\main\java\org\jabref\logic\importer\fileformat\PdfMergeMetadataImporter.java,0.590620585850307,1886.863079071045,0.14766787120274136,logic,1886.863079071045
jabref\src\main\java\org\jabref\gui\preferences\groups\GroupsTab.java,2299.2376708984375,0.05138504164559501,0.028577024596078054,gui,2299.2376708984375
jabref\src\main\java\org\jabref\logic\layout\format\Replace.java,0.32004525320870536,1931.1160278320312,0.0733931405203683,logic,1931.1160278320312
jabref\src\test\java\org\jabref\gui\autocompleter\AppendPersonNamesStrategyTest.java,2261.671257019043,0.06506970269339425,0.028577256202697753,gui,2261.671257019043
jabref\src\test\java\org\jabref\gui\entryeditor\SourceTabTest.java,2310.3046798706055,0.1522852897644043,0.10218349184308734,gui,2310.3046798706055
jabref\src\test\java\org\jabref\logic\shared\SynchronizationSimulatorTest.java,0.24315904889787945,1720.3949165344238,0.09687012944902693,logic,1720.3949165344238
jabref\src\main\java\org\jabref\logic\util\BuildInfo.java,0.0419823271887643,1799.9921989440918,0.09990790912083217,logic,1799.9921989440918
jabref\src\main\java\org\jabref\logic\exporter\AtomicFileOutputStream.java,0.07289975711277553,1953.6715507507324,0.7112034388950893,logic,1953.6715507507324
jabref\src\test\java\org\jabref\model\groups\AutomaticKeywordGroupTest.java,0.08107856341770717,0.17542952128819056,3048.9987564086914,model,3048.9987564086914
jabref\src\main\java\org\jabref\gui\edit\automaticfiededitor\AutomaticFieldEditorDialog.java,2352.2805404663086,0.08173208917890276,0.072809294291905,gui,2352.2805404663086
jabref\src\main\java\org\jabref\logic\exporter\BibWriter.java,0.04454376697540283,1909.8140716552734,0.07312088693891253,logic,1909.8140716552734
jabref\src\test\java\org\jabref\testutils\interactive\styletester\StyleTesterView.java,0.011003695215497699,0.0,0.028576810019356864,model,0.028576810019356864
jabref\src\main\java\org\jabref\logic\citationstyle\JabRefLocaleProvider.java,0.044705959728785924,1916.7680358886719,0.07328313418797085,logic,1916.7680358886719
jabref\src\test\java\org\jabref\gui\edit\ManageKeywordsViewModelTest.java,2250.5572509765625,0.08111943517412458,130.09676933288574,gui,2250.5572509765625
jabref\src\main\java\org\jabref\logic\bst\util\BstNameFormatter.java,0.133228942326137,1786.7713356018066,0.15270163672310966,logic,1786.7713356018066
jabref\src\main\java\org\jabref\logic\shared\security\Password.java,0.04349372727530343,1893.2823181152344,0.07207046917506627,logic,1893.2823181152344
jabref\src\main\java\org\jabref\model\strings\UnicodeToReadableCharMap.java,0.02605883734566825,0.1410120691571917,2207.0250129699707,model,2207.0250129699707
jabref\src\main\java\org\jabref\logic\importer\fetcher\LibraryOfCongress.java,0.044815928595406666,1921.4829635620117,0.0733931405203683,logic,1921.4829635620117
jabref\src\main\java\org\jabref\logic\util\io\FileUtil.java,0.39771971021379743,1601.9562911987305,0.14146178109305246,logic,1601.9562911987305
jabref\src\main\java\org\jabref\logic\importer\fileformat\BibtexImporter.java,0.06655702590942383,1844.1192436218262,0.08612414768763951,logic,1844.1192436218262
jabref\src\test\java\org\jabref\gui\theme\ThemeTest.java,2386.149139404297,0.09849598748343331,0.047477926526750834,gui,2386.149139404297
jabref\src\main\java\org\jabref\gui\journals\UndoableAbbreviator.java,2464.5851135253906,0.08605446815490722,0.057148041043962754,gui,2464.5851135253906
jabref\src\main\java\org\jabref\logic\bibtex\comparator\EntryComparator.java,0.04087465831211635,1752.500991821289,0.10270577839442661,logic,1752.500991821289
jabref\src\main\java\org\jabref\gui\preferences\entryeditor\EntryEditorTabViewModel.java,2073.9192962646484,0.08459743772234235,70.00536561012268,gui,2073.9192962646484
jabref\src\main\java\org\jabref\gui\remote\CLIMessageHandler.java,2814.9843215942383,0.13450190680367605,0.9914861406598773,gui,2814.9843215942383
jabref\src\main\java\org\jabref\logic\importer\fetcher\transformers\SpringerQueryTransformer.java,0.04465152876717704,1927.1856307983398,0.09830725533621652,logic,1927.1856307983398
jabref\src\main\java\org\jabref\model\entry\field\FieldProperty.java,0.28911824907575334,0.18136456353323802,3262.907257080078,model,3262.907257080078
jabref\src\main\java\org\jabref\gui\slr\EditExistingStudyAction.java,2534.2855072021484,0.05867948532104492,0.07789000783647809,gui,2534.2855072021484
jabref\src\main\java\org\jabref\logic\layout\format\RemoveTilde.java,0.04459746905735561,1968.5088729858398,0.07317460605076381,logic,1968.5088729858398
jabref\src\main\java\org\jabref\model\openoffice\style\CitationMarkerNormEntry.java,0.05607303551265171,0.1786344255719866,3297.7951049804688,model,3297.7951049804688
jabref\src\main\java\org\jabref\logic\formatter\bibtexfields\RemoveNewlinesFormatter.java,0.04454376697540283,1987.5775337219238,0.0942810194832938,logic,1987.5775337219238
jabref\src\main\java\org\jabref\logic\formatter\bibtexfields\ClearFormatter.java,0.04492740971701486,1926.2626457214355,0.07350466591971261,logic,1926.2626457214355
jabref\src\main\java\org\jabref\logic\shared\DatabaseNotSupportedException.java,0.04541878019060407,2071.5340614318848,0.2039585522242955,logic,2071.5340614318848
jabref\src\main\java\org\jabref\gui\groups\UndoableModifySubtree.java,2503.8898849487305,0.05839976583208357,0.02857691560472761,gui,2503.8898849487305
jabref\src\test\java\org\jabref\logic\formatter\bibtexfields\ShortenDOIFormatterTest.java,0.3379620688302176,1949.0806579589844,0.07350466591971261,logic,1949.0806579589844
jabref\src\main\java\org\jabref\logic\xmp\DublinCoreExtractor.java,0.41309879847935266,1691.348056793213,0.11816928046090262,logic,1691.348056793213
jabref\src\main\java\org\jabref\logic\importer\fileformat\medline\ArticleId.java,0.045538718359810965,1952.4725914001465,0.0741161891392299,logic,1952.4725914001465
jabref\src\test\java\org\jabref\logic\layout\format\AuthorOrgSciTest.java,0.05277342796325683,1851.180419921875,0.07135843549455916,logic,1851.180419921875
jabref\src\main\java\org\jabref\gui\mergeentries\newmergedialog\GroupDiffMode.java,2275.8614349365234,0.05308131831032889,0.028577440125601632,gui,2275.8614349365234
jabref\src\test\java\org\jabref\logic\bibtex\comparator\MetaDataDiffTest.java,0.05962226050240653,1951.3370513916016,0.09776379040309362,logic,1951.3370513916016
jabref\src\main\java\org\jabref\gui\help\HelpAction.java,2239.9264335632324,0.08879314831324986,0.028577235766819545,gui,2239.9264335632324
jabref\src\test\java\org\jabref\logic\importer\fetcher\transformers\JstorQueryTransformerTest.java,0.05468664850507464,1887.331714630127,0.0722597667149135,logic,1887.331714630127
jabref\src\main\java\org\jabref\gui\menus\FileHistoryMenu.java,2404.76131439209,0.06462977954319545,0.08237806728907994,gui,2404.76131439209
jabref\src\main\java\org\jabref\model\groups\GroupEntryChanger.java,0.053772085053580145,0.1872234889439174,3214.17423248291,model,3214.17423248291
jabref\src\main\java\org\jabref\logic\bibtex\comparator\FieldComparator.java,0.3110173089163644,1792.2916221618652,0.06920147623334612,logic,1792.2916221618652
jabref\src\main\java\org\jabref\gui\fieldeditors\WriteMetadataToPdfCommand.java,2533.9068603515625,0.3269237790788923,0.08006537301199777,gui,2533.9068603515625
jabref\src\test\java\org\jabref\logic\importer\fetcher\isbntobibtex\DoiToBibtexConverterComIsbnFetcherTest.java,1.2284054347446987,1894.8480415344238,0.11983979088919504,logic,1894.8480415344238
jabref\src\main\java\org\jabref\logic\layout\format\GetOpenOfficeType.java,0.0800382341657366,1933.8198280334473,0.07265313693455287,logic,1933.8198280334473
jabref\src\test\java\org\jabref\logic\importer\fileformat\PdfEmbeddedBibFileImporterTest.java,0.2442633765084403,1840.7761764526367,0.09223814691816057,logic,1840.7761764526367
jabref\src\main\java\org\jabref\gui\externalfiles\AutoSetFileLinksUtil.java,2267.953643798828,0.06409726142883301,0.07653433935982841,gui,2267.953643798828
jabref\src\main\java\org\jabref\model\TreeNode.java,0.32184527260916573,0.22310295104980468,2947.3785400390625,model,2947.3785400390625
jabref\src\main\java\org\jabref\logic\layout\format\AuthorFirstAbbrLastOxfordCommas.java,0.04544860635484968,1948.6089515686035,0.07402604648045132,logic,1948.6089515686035
jabref\src\test\java\org\jabref\logic\formatter\casechanger\SentenceCaseFormatterTest.java,0.12163827078683036,1975.632266998291,0.0710272925240653,logic,1975.632266998291
jabref\src\main\java\org\jabref\logic\importer\FetcherClientException.java,0.04521291937146868,1974.4684219360352,0.07379027775355748,logic,1974.4684219360352
jabref\src\test\java\org\jabref\logic\exporter\DocbookExporterTest.java,0.3462120873587472,1796.136703491211,0.11819438934326172,logic,1796.136703491211
jabref\src\main\java\org\jabref\gui\autocompleter\StringSuggestionProvider.java,2243.408889770508,0.052324410847255164,0.028577256202697753,gui,2243.408889770508
jabref\src\test\java\org\jabref\gui\fieldeditors\LinkedFilesEditorViewModelTest.java,2226.2991523742676,0.0696645872933524,74.65802550315857,gui,2226.2991523742676
jabref\src\main\java\org\jabref\gui\autocompleter\ReplaceStrategy.java,2281.4722442626953,0.05321218626839774,0.028577474185398646,gui,2281.4722442626953
jabref\src\main\java\org\jabref\logic\cleanup\TimeStampToModificationDate.java,0.3395532608032227,1843.7307167053223,0.11762587683541434,logic,1843.7307167053223
jabref\src\main\java\org\jabref\gui\preferences\importexport\ImportExportTabViewModel.java,2553.5503005981445,0.13528548649379185,35.00468969345093,gui,2553.5503005981445
jabref\src\main\java\org\jabref\model\openoffice\uno\UnoTextDocument.java,0.3424797603062221,0.2009336199079241,2963.6646270751953,model,2963.6646270751953
jabref\src\main\java\org\jabref\logic\net\ProxyAuthenticator.java,0.1868081774030413,2052.3433685302734,0.0730675220489502,logic,2052.3433685302734
jabref\src\test\java\org\jabref\logic\integrity\AmpersandCheckerTest.java,0.12500177110944474,1944.4200706481934,0.6182851518903459,logic,1944.4200706481934
jabref\src\main\java\org\jabref\gui\groups\GroupTreeView.java,1850.526466369629,0.2684882027762277,2.8287887573242188,gui,1850.526466369629
jabref\src\main\java\org\jabref\gui\fieldeditors\PersonsEditor.java,2277.7688217163086,0.060400990077427455,0.028576881544930596,gui,2277.7688217163086
jabref\src\main\java\org\jabref\model\openoffice\ootext\OOTextIntoOO.java,0.40120792388916016,0.2583411352975028,1949.7100448608398,model,1949.7100448608398
jabref\src\main\java\org\jabref\logic\importer\fileformat\SilverPlatterImporter.java,0.15157628740583148,1772.2360229492188,0.06717240469796316,logic,1772.2360229492188
jabref\src\test\java\org\jabref\logic\importer\FulltextFetchersTest.java,0.24992852892194475,1819.3925094604492,0.07086744308471679,logic,1819.3925094604492
jabref\src\main\java\org\jabref\gui\openoffice\AdvancedCiteDialogView.java,2209.623603820801,0.05153641019548689,0.06369943618774414,gui,2209.623603820801
jabref\src\main\java\org\jabref\gui\icon\InternalMaterialDesignIcon.java,2496.7530059814453,0.12185780661446707,0.5559443337576729,gui,2496.7530059814453
jabref\src\main\java\org\jabref\logic\externalfiles\LinkedFileHandler.java,0.32421482631138393,1802.3045349121094,1.3941204616001674,logic,1802.3045349121094
jabref\src\main\java\org\jabref\logic\util\io\FileNameUniqueness.java,0.41968233925955634,1891.3017654418945,0.09105129923139299,logic,1891.3017654418945
jabref\src\main\java\org\jabref\model\entry\Month.java,0.2611929484776088,0.19609283719744,2766.709518432617,model,2766.709518432617
jabref\src\test\java\org\jabref\logic\importer\fileformat\MsBibImporterTest.java,0.095215790612357,1820.083179473877,0.09297473771231515,logic,1820.083179473877
jabref\src\main\java\org\jabref\gui\mergeentries\newmergedialog\fieldsmerger\KeywordMerger.java,2243.408889770508,0.052324410847255164,0.028577256202697753,gui,2243.408889770508
jabref\src\main\java\org\jabref\gui\exporter\CreateModifyExporterDialogViewModel.java,2593.645477294922,0.07258469717843193,74.45006847381592,gui,2593.645477294922
jabref\src\test\java\org\jabref\logic\integrity\BibStringCheckerTest.java,0.07922230448041644,1879.0315246582031,0.07188585826328822,logic,1879.0315246582031
jabref\src\main\java\org\jabref\logic\importer\fetcher\ScienceDirect.java,0.7354774475097656,1858.4964752197266,0.5249284471784319,logic,1858.4964752197266
jabref\src\test\java\org\jabref\model\entry\BibEntryTypesManagerTest.java,0.21047555378505162,0.40989251817975725,4232.972984313965,model,4232.972984313965
jabref\src\main\java\org\jabref\gui\externalfiles\AutoLinkFilesAction.java,2239.23282623291,0.2840402058192662,0.6039120265415736,gui,2239.23282623291
jabref\src\test\java\org\jabref\logic\cleanup\ISSNCleanupTest.java,0.05884077889578683,1856.8809509277344,0.07188585826328822,logic,1856.8809509277344
jabref\src\test\java\org\jabref\logic\importer\fetcher\ACMPortalFetcherTest.java,0.41298888070242745,1913.1951904296875,0.7993646349225726,logic,1913.1951904296875
jabref\src\test\java\org\jabref\logic\integrity\YearCheckerTest.java,0.06011960847037179,1837.3707580566406,0.13113543646676198,logic,1837.3707580566406
jabref\src\test\java\org\jabref\logic\util\io\RegExpBasedFileFinderTest.java,0.6305473327636719,1800.53560256958,1.6412490844726562,logic,1800.53560256958
jabref\src\main\java\org\jabref\model\openoffice\style\CitationMarkerNumericBibEntry.java,0.05607303551265171,0.1786344255719866,3297.7951049804688,model,3297.7951049804688
jabref\src\main\java\org\jabref\logic\integrity\CitationKeyChecker.java,0.04428057670593262,1898.5297012329102,0.07285759789603097,logic,1898.5297012329102
jabref\src\main\java\org\jabref\logic\layout\format\AuthorFirstFirst.java,0.04547853810446603,1949.892292022705,0.07405599185398647,logic,1949.892292022705
jabref\src\main\java\org\jabref\gui\collab\groupchange\GroupChange.java,2142.649440765381,0.10572902134486607,0.07573300089154925,gui,2142.649440765381
jabref\src\main\java\org\jabref\gui\importer\ParserResultWarningDialog.java,2416.4884185791016,0.08865301949637276,0.05714823859078544,gui,2416.4884185791016
jabref\src\main\java\org\jabref\model\search\SearchMatcher.java,0.056273702212742395,0.17906920569283621,3305.087661743164,model,3305.087661743164
jabref\src\main\java\org\jabref\gui\fieldeditors\OwnerEditor.java,2290.777130126953,0.05108821732657296,0.028576953070504323,gui,2290.777130126953
jabref\src\main\java\org\jabref\logic\importer\fetcher\BibsonomyScraper.java,0.2504162652151925,1884.2731666564941,0.0723562240600586,logic,1884.2731666564941
jabref\src\main\java\org\jabref\gui\groups\GroupNodeViewModel.java,2104.39302444458,0.060459327697753903,70.00397205352783,gui,2104.39302444458
jabref\src\test\java\org\jabref\logic\importer\fetcher\IacrEprintFetcherTest.java,1.4760698590959822,1863.249454498291,0.18848085403442383,logic,1863.249454498291
jabref\src\main\java\org\jabref\logic\msbib\MSBibConverter.java,0.15157628740583148,1709.0893173217773,0.07553809029715401,logic,1709.0893173217773
jabref\src\main\java\org\jabref\model\entry\identifier\ArXivIdentifier.java,0.05211879525865827,0.1508885519845145,2832.409553527832,model,2832.409553527832
jabref\src\main\java\org\jabref\gui\groups\GroupDialogView.java,2034.533748626709,0.11038336072649274,0.1196469715663365,gui,2034.533748626709
jabref\src\main\java\org\jabref\gui\edit\automaticfiededitor\AutomaticFieldEditorAction.java,2248.6779022216797,0.06325007847377233,0.028577286856515068,gui,2248.6779022216797
jabref\src\test\java\org\jabref\logic\layout\format\AuthorAndsReplacerTest.java,0.10967375210353307,1957.8234481811523,0.0723562240600586,logic,1957.8234481811523
jabref\src\test\java\org\jabref\gui\fieldeditors\LinkedFileViewModelTest.java,1965.931510925293,0.09121202060154505,134.5011007785797,gui,1965.931510925293
jabref\src\test\java\org\jabref\logic\importer\fileformat\BiblioscapeImporterTypesTest.java,0.05242546626499721,1868.4294128417969,0.1840794563293457,logic,1868.4294128417969
jabref\src\main\java\org\jabref\gui\importer\GenerateEntryFromIdDialog.java,2278.1909942626953,0.08502191134861538,0.028576810019356864,gui,2278.1909942626953
jabref\src\main\java\org\jabref\logic\importer\fetcher\transformers\CollectionOfComputerScienceBibliographiesQueryTransformer.java,0.044705959728785924,1916.7680358886719,0.07328313418797085,logic,1916.7680358886719
jabref\src\test\java\org\jabref\logic\layout\format\OrdinalTest.java,0.059671429225376674,1876.7073059082031,0.07152999469212123,logic,1876.7073059082031
jabref\src\test\java\org\jabref\logic\openoffice\style\StyleLoaderTest.java,0.31221324375697546,1738.5090827941895,0.08515357971191406,logic,1738.5090827941895
jabref\src\main\java\org\jabref\gui\mergeentries\newmergedialog\diffhighlighter\UnifiedDiffHighlighter.java,2186.8360328674316,0.09974019186837332,0.05026943343026297,gui,2186.8360328674316
jabref\src\test\java\org\jabref\model\database\BibDatabaseTest.java,0.17282656260899135,0.21473443167550224,2561.0546112060547,model,2561.0546112060547
jabref\src\main\java\org\jabref\logic\layout\format\AuthorLF_FF.java,0.045359444618225095,1944.7861671447754,0.07393685068402972,logic,1944.7861671447754
jabref\src\main\java\org\jabref\gui\externalfiletype\UnknownExternalFileType.java,2245.15926361084,0.052365231513977054,0.02857726642063686,gui,2245.15926361084
jabref\src\main\java\org\jabref\gui\autocompleter\AutoCompletionInput.java,2274.0045166015625,0.05303800446646554,0.028577429907662526,gui,2274.0045166015625
jabref\src\test\java\org\jabref\logic\integrity\HowPublishedCheckerTest.java,0.06047616686139788,1872.9066848754883,0.14894415991646903,logic,1872.9066848754883
jabref\src\main\java\org\jabref\model\entry\BibEntry.java,0.4298994064331055,0.12875167301722934,2005.8350944519043,model,2005.8350944519043
jabref\src\main\java\org\jabref\gui\menus\ChangeEntryTypeMenu.java,2024.062614440918,0.11620660509381975,0.08613425663539341,gui,2024.062614440918
jabref\src\main\java\org\jabref\logic\integrity\FieldChecker.java,0.2696615491594587,1919.99361038208,0.07317460605076381,logic,1919.99361038208
jabref\src\main\java\org\jabref\gui\preferences\protectedterms\ProtectedTermsTab.java,2036.2703704833984,0.05172608239310128,0.13716257640293666,gui,2036.2703704833984
jabref\src\main\java\org\jabref\model\texparser\Citation.java,0.06153996331351144,0.16082101549421038,2916.718292236328,model,2916.718292236328
jabref\src\main\java\org\jabref\logic\integrity\TitleChecker.java,0.05554461479187012,1914.5659828186035,0.10122456550598144,logic,1914.5659828186035
jabref\src\main\java\org\jabref\logic\pdf\search\indexing\IndexingTaskManager.java,0.08440635544913155,1902.2456741333008,0.12114917210170201,logic,1902.2456741333008
jabref\src\main\java\org\jabref\gui\autocompleter\EmptySuggestionProvider.java,2248.6779022216797,0.05244729859488351,0.028577286856515068,gui,2248.6779022216797
jabref\src\main\java\org\jabref\gui\preferences\keybindings\presets\BashKeyBindingPreset.java,2212.335147857666,0.10750055313110352,0.0779639652797154,gui,2212.335147857666
jabref\src\main\java\org\jabref\gui\mergeentries\newmergedialog\cell\HeaderCell.java,2287.4371337890625,0.17659570149012974,0.02857715742928641,gui,2287.4371337890625
jabref\src\test\java\org\jabref\logic\l10n\LanguageTest.java,0.06140127182006836,1926.2626457214355,0.07350466591971261,logic,1926.2626457214355
jabref\src\main\java\org\jabref\logic\exporter\OpenOfficeDocumentCreator.java,0.22013087953839983,1847.9851531982422,0.14583804266793388,logic,1847.9851531982422
jabref\src\main\java\org\jabref\gui\util\RecursiveTreeItem.java,2375.6129837036133,0.21951731273106168,0.8476049150739398,gui,2375.6129837036133
jabref\src\main\java\org\jabref\gui\desktop\os\DefaultDesktop.java,2306.5935134887695,0.18789630617414202,0.08284544263567244,gui,2306.5935134887695
jabref\src\main\java\org\jabref\logic\importer\fetcher\ComplexSearchQuery.java,0.36384217398507257,1735.6769752502441,0.07391382626124791,logic,1735.6769752502441
jabref\src\main\java\org\jabref\model\groups\event\GroupUpdatedEvent.java,0.055577574457441055,0.1775609288896833,3343.925132751465,model,3343.925132751465
jabref\src\main\java\org\jabref\logic\citationkeypattern\CitationKeyPatternPreferences.java,0.36589524405343193,1798.0286026000977,0.07026322228567941,logic,1798.0286026000977
jabref\src\main\java\org\jabref\logic\cleanup\CleanupWorker.java,0.04278194223131452,1844.7396850585938,0.09992986406598772,logic,1844.7396850585938
jabref\src\test\java\org\jabref\logic\importer\fetcher\DoiFetcherTest.java,0.4643688201904297,1868.5263442993164,1.7594395228794644,logic,1868.5263442993164
jabref\src\main\java\org\jabref\logic\util\io\FileHistory.java,0.313493892124721,1900.576343536377,0.09607689721243722,logic,1900.576343536377
jabref\src\main\java\org\jabref\gui\entryeditor\fileannotationtab\FileAnnotationViewModel.java,2429.9960708618164,0.07182324954441616,86.98349952697754,gui,2429.9960708618164
jabref\src\test\java\org\jabref\logic\importer\fileformat\PdfMergeMetadataImporterTest.java,0.2104102407182966,1777.731876373291,0.11762394223894392,logic,1777.731876373291
jabref\src\main\java\org\jabref\logic\exporter\SaveException.java,0.05984366961887905,1878.1528663635254,0.07153085981096541,logic,1878.1528663635254
jabref\src\main\java\org\jabref\logic\msbib\MSBibEntryType.java,0.04527121952601842,1941.0035705566406,0.07384860174996512,logic,1941.0035705566406
jabref\src\main\java\org\jabref\model\openoffice\rangesort\RangeOverlapKind.java,0.05617318834577288,0.17885142735072546,3301.43497467041,model,3301.43497467041
jabref\src\test\java\org\jabref\model\entry\AuthorTest.java,0.05948596681867327,0.16246115820748466,2832.409553527832,model,2832.409553527832
jabref\src\main\java\org\jabref\logic\bst\util\BstTextPrefixer.java,0.04377937998090472,1956.8467903137207,0.0723562240600586,logic,1956.8467903137207
jabref\src\main\java\org\jabref\gui\importer\actions\OpenDatabaseAction.java,2114.2429161071777,0.06668459347316197,0.07917537008013044,gui,2114.2429161071777
jabref\src\main\java\org\jabref\logic\undo\AddUndoableActionEvent.java,0.04544860635484968,1948.6089515686035,0.07402604648045132,logic,1948.6089515686035
jabref\src\main\java\org\jabref\logic\importer\fetcher\isbntobibtex\IsbnFetcher.java,0.3821470533098493,1821.480541229248,0.070558534349714,logic,1821.480541229248
jabref\src\test\java\org\jabref\logic\cleanup\TimeStampToModificationDateTest.java,0.05113214084080287,1799.9921989440918,0.070558534349714,logic,1799.9921989440918
jabref\src\main\java\org\jabref\logic\importer\fetcher\MrDLibFetcher.java,0.2891436985560826,1877.198371887207,0.09883465085710798,logic,1877.198371887207
jabref\src\main\java\org\jabref\model\entry\types\BiblatexAPAEntryTypeDefinitions.java,0.08202460152762277,0.20715578624180386,2982.562789916992,model,2982.562789916992
jabref\src\main\java\org\jabref\model\openoffice\uno\UnoScreenRefresh.java,0.054898459570748466,0.1760895184108189,3255.1089477539062,model,3255.1089477539062
jabref\src\main\java\org\jabref\preferences\FilePreferences.java,0.5309517451695034,0.12903148106166296,0.05041663646697998,gui,0.5309517451695034
jabref\src\main\java\org\jabref\cli\SystemOutputPrinter.java,0.3074141366141183,0.0358844450541905,0.028577303886413573,gui,0.3074141366141183
jabref\src\test\java\org\jabref\logic\importer\fetcher\FulltextFetcherTest.java,0.07021975517272949,1916.7680358886719,0.07328313418797085,logic,1916.7680358886719
jabref\src\main\java\org\jabref\gui\preferences\externalfiletypes\EditExternalFileTypeEntryDialog.java,2238.986225128174,0.08095610482352121,0.08042856625148229,gui,2238.986225128174
jabref\src\main\java\org\jabref\model\groups\SearchGroup.java,0.10731067657470703,0.20962691988263812,2984.225845336914,model,2984.225845336914
jabref\src\main\java\org\jabref\gui\actions\ActionFactory.java,2176.4566230773926,0.16249861036028182,0.7016895294189454,gui,2176.4566230773926
jabref\src\main\java\org\jabref\logic\importer\fileformat\EndnoteXmlImporter.java,0.46182201930454797,1720.6224250793457,0.17777382986886162,logic,1720.6224250793457
jabref\src\main\java\org\jabref\gui\fieldeditors\DateEditorViewModel.java,2203.1337356567383,0.08226934160505023,77.41543173789978,gui,2203.1337356567383
jabref\src\test\java\org\jabref\logic\importer\fetcher\transformers\InfixTransformerTest.java,0.05684819221496582,1742.8589820861816,0.06896235602242606,logic,1742.8589820861816
jabref\src\main\java\org\jabref\gui\maintable\OpenExternalFileAction.java,2169.393844604492,0.14583215713500977,0.09850039482116699,gui,2169.393844604492
jabref\src\main\java\org\jabref\logic\importer\fileformat\mods\Name.java,0.045538718359810965,2009.6119499206543,0.890392575945173,logic,2009.6119499206543
jabref\src\main\java\org\jabref\logic\layout\format\ShortMonthFormatter.java,0.045242020062037876,1939.7516059875488,0.07381938525608607,logic,1939.7516059875488
jabref\src\test\java\org\jabref\model\groups\TexGroupTest.java,0.5945029667445592,1.8331850324358259,3177.8561782836914,model,3177.8561782836914
jabref\src\main\java\org\jabref\gui\edit\automaticfiededitor\AutomaticFieldEditorViewModel.java,2216.200122833252,0.051689798491341726,70.00694274902344,gui,2216.200122833252
jabref\src\main\java\org\jabref\gui\preferences\journals\AbbreviationViewModel.java,2569.1284942626953,0.057110367502485,35.00598728656769,gui,2569.1284942626953
jabref\src\main\java\org\jabref\gui\externalfiles\UnlinkedFilesCrawler.java,2394.8104858398438,0.18786923544747489,0.10471889632088797,gui,2394.8104858398438
jabref\src\main\java\org\jabref\logic\crawler\Crawler.java,0.072956235068185,1941.2441635131836,0.08922514915466309,logic,1941.2441635131836
jabref\src\main\java\org\jabref\gui\fieldeditors\UrlEditorViewModel.java,2555.2512741088867,0.08995089530944825,35.00685513019562,gui,2555.2512741088867
jabref\src\test\java\org\jabref\model\entry\field\FieldFactoryTest.java,0.0691364015851702,0.18479904447283063,3186.6889572143555,model,3186.6889572143555
jabref\src\main\java\org\jabref\gui\desktop\os\Windows.java,2433.872528076172,0.16112234933035716,0.07801575660705566,gui,2433.872528076172
jabref\src\test\java\org\jabref\logic\shared\DBMSProcessorTest.java,0.21240735735212055,1658.4081840515137,0.10446879523141044,logic,1658.4081840515137
jabref\src\test\java\org\jabref\logic\exporter\FieldFormatterCleanupsTest.java,0.1672339848109654,1563.366756439209,0.064647000176566,logic,1563.366756439209
jabref\src\test\java\org\jabref\gui\preferences\keybindings\KeyBindingViewModelTest.java,2311.3530349731445,0.05094267981392997,35.00672161579132,gui,2311.3530349731445
jabref\src\main\java\org\jabref\model\openoffice\style\CompareCitation.java,0.05358883312770298,0.17325199672154018,3207.514533996582,model,3207.514533996582
jabref\src\main\java\org\jabref\gui\edit\automaticfiededitor\renamefield\RenameFieldTabView.java,2154.1403579711914,0.050242342267717635,0.09126533099583217,gui,2154.1403579711914
jabref\src\test\java\org\jabref\logic\util\io\FileHistoryTest.java,0.2871746335710798,1819.3925094604492,0.09510397229875837,logic,1819.3925094604492
jabref\src\main\java\org\jabref\model\openoffice\uno\UnoCursor.java,0.07954729625156948,0.20139154706682477,3155.8279037475586,model,3155.8279037475586
jabref\src\main\java\org\jabref\gui\collab\entrychange\EntryChangeResolver.java,2198.069534301758,0.05094267981392997,0.05714881760733468,gui,2198.069534301758
jabref\src\main\java\org\jabref\logic\importer\fetcher\transformers\GVKQueryTransformer.java,0.05560832023620606,1955.4978942871094,0.09159777505057198,logic,1955.4978942871094
jabref\src\main\java\org\jabref\gui\fieldeditors\YesNoEditorViewModel.java,2243.408889770508,0.052324410847255164,35.00713884830475,gui,2243.408889770508
jabref\src\main\java\org\jabref\gui\preferences\journals\JournalAbbreviationsTab.java,2202.1470642089844,0.09586856705801827,0.04929755755833217,gui,2202.1470642089844
jabref\src\main\java\org\jabref\gui\preferences\xmp\XmpPrivacyTab.java,2141.907901763916,0.07408843721662249,0.08126147815159389,gui,2141.907901763916
jabref\src\test\java\org\jabref\logic\cleanup\MoveFilesCleanupTest.java,0.09314953940255301,1685.8843803405762,0.11924249104091099,logic,1685.8843803405762
jabref\src\test\java\org\jabref\logic\importer\fetcher\ACSTest.java,0.3177192415509905,1897.701244354248,0.0723562240600586,logic,1897.701244354248
jabref\src\main\java\org\jabref\model\entry\field\UnknownField.java,0.11936052867344447,0.21227916990007673,3118.8283920288086,model,3118.8283920288086
jabref\src\main\java\org\jabref\gui\importer\fetcher\LookupIdentifierAction.java,2347.3573303222656,0.11488663809640066,0.6589485168457031,gui,2347.3573303222656
jabref\src\main\java\org\jabref\gui\auximport\FromAuxDialog.java,2486.456642150879,0.0559321573802403,0.07153196334838867,gui,2486.456642150879
jabref\src\main\java\org\jabref\logic\importer\fetcher\GvkFetcher.java,0.044076183864048546,1889.7663497924805,0.07265313693455287,logic,1889.7663497924805
jabref\src\main\java\org\jabref\logic\integrity\BibStringChecker.java,0.04428057670593262,1910.7995414733887,0.07285759789603097,logic,1910.7995414733887
jabref\src\main\java\org\jabref\logic\formatter\casechanger\SentenceCaseFormatter.java,0.1173527581351144,1983.7587547302246,0.07275469643729074,logic,1983.7587547302246
jabref\src\test\java\org\jabref\logic\importer\fileformat\PdfContentImporterTest.java,0.2891526630946568,1827.5854873657227,0.22934603009905133,logic,1827.5854873657227
jabref\src\main\java\org\jabref\gui\fieldeditors\LinkedEntriesEditor.java,2154.1403579711914,0.050242342267717635,0.0939204284123012,gui,2154.1403579711914
jabref\src\main\java\org\jabref\gui\util\ViewModelTreeCellFactory.java,2120.499668121338,0.18517679486955915,739.96413230896,gui,2120.499668121338
jabref\src\main\java\org\jabref\migrations\CustomEntryTypePreferenceMigration.java,0.2648218972342355,0.015954075540815082,0.028576431955610004,gui,0.2648218972342355
jabref\src\test\java\org\jabref\logic\importer\fetcher\OpenAccessDoiTest.java,0.34673312050955635,1904.13236618042,0.07275469643729074,logic,1904.13236618042
jabref\src\main\java\org\jabref\gui\fieldeditors\PaginationEditorViewModel.java,2190.4072761535645,0.05108821732657296,35.0067675113678,gui,2190.4072761535645
jabref\src\test\java\org\jabref\logic\shared\DBMSConnectionPropertiesTest.java,0.20056224550519672,2041.8984031677246,0.07285846301487514,logic,2041.8984031677246
jabref\src\main\java\org\jabref\gui\mergeentries\newmergedialog\PersonsNameFieldRowView.java,2236.0609245300293,0.10584333283560617,0.028576881544930596,gui,2236.0609245300293
jabref\src\main\java\org\jabref\logic\importer\util\GrobidService.java,0.4500276293073382,1986.0423851013184,0.9777268545968192,logic,1986.0423851013184
jabref\src\main\java\org\jabref\logic\layout\LayoutEntry.java,0.4230070114135742,1694.3750953674316,0.16744303022112164,logic,1694.3750953674316
jabref\src\main\java\org\jabref\logic\exporter\OpenDocumentRepresentation.java,0.04428337301526751,1647.1323585510254,0.10775649206978934,logic,1647.1323585510254
jabref\src\test\java\org\jabref\logic\protectedterms\ProtectedTermsListTest.java,0.11350868770054408,1842.9097366333008,0.10652147701808384,logic,1842.9097366333008
jabref\src\main\java\org\jabref\logic\importer\Parser.java,0.045242020062037876,1939.7516059875488,0.10239081382751465,logic,1939.7516059875488
jabref\src\main\java\org\jabref\logic\exporter\BibDatabaseWriter.java,0.3545436041695731,1789.4466972351074,0.5343595777239118,logic,1789.4466972351074
jabref\src\test\java\org\jabref\logic\importer\fetcher\INSPIREFetcherTest.java,0.2498706817626953,1741.491928100586,0.07889887264796666,logic,1741.491928100586
jabref\src\main\java\org\jabref\logic\layout\format\ReplaceUnicodeLigaturesFormatter.java,0.30677204132080077,1898.9606857299805,0.10666298185076033,logic,1898.9606857299805
jabref\src\main\java\org\jabref\logic\importer\fileformat\IsiImporter.java,0.35160492488316125,1668.6771774291992,0.16264711107526506,logic,1668.6771774291992
jabref\src\main\java\org\jabref\gui\push\AbstractPushToApplication.java,2257.5234985351562,0.15930493218558175,0.09778058188302176,gui,2257.5234985351562
jabref\src\test\java\org\jabref\logic\citationkeypattern\BracketedPatternTest.java,0.1507913044520787,1607.281379699707,1.7407667977469308,logic,1607.281379699707
jabref\src\test\java\org\jabref\logic\formatter\bibtexfields\EscapeDollarSignFormatterTest.java,0.05782761573791504,1881.2282371520996,0.12178773880004883,logic,1881.2282371520996
jabref\src\main\java\org\jabref\logic\openoffice\frontend\UpdateBibliography.java,0.21830436161586217,1819.3925094604492,0.07086744308471679,logic,1819.3925094604492
jabref\src\main\java\org\jabref\gui\shared\ConnectToSharedDatabaseCommand.java,2262.998390197754,0.05278130258832659,0.0285773686000279,gui,2262.998390197754
jabref\src\main\java\org\jabref\gui\entryeditor\EntryEditor.java,2095.3480911254883,0.1823995726449149,1.4199375697544643,gui,2095.3480911254883
jabref\src\main\java\org\jabref\gui\preferences\linkedfiles\LinkedFilesTabViewModel.java,2272.1812438964844,0.07929254259381975,61.173149943351746,gui,2272.1812438964844
jabref\src\test\java\org\jabref\logic\net\URLUtilTest.java,0.059067583084106444,1849.1618156433105,0.0717057500566755,logic,1849.1618156433105
jabref\src\main\java\org\jabref\gui\copyfiles\CopyFilesResultListDependency.java,2264.8165893554688,0.05282371044158936,0.028577378817967007,gui,2264.8165893554688
jabref\src\test\java\org\jabref\logic\formatter\minifier\MinifyNameListFormatterTest.java,1.0538843427385602,1910.038242340088,0.07188585826328822,logic,1910.038242340088
jabref\src\main\java\org\jabref\logic\exporter\OpenDocumentSpreadsheetCreator.java,0.21132135391235352,1772.6154708862305,0.13185736792428152,logic,1772.6154708862305
jabref\src\main\java\org\jabref\model\pdf\FileAnnotation.java,0.27835875919887,0.19778445107596263,2787.0712661743164,model,2787.0712661743164
jabref\src\main\java\org\jabref\gui\entryeditor\EntryEditorPreferences.java,2481.4081954956055,0.05734401430402483,0.028576316152300153,gui,2481.4081954956055
jabref\src\main\java\org\jabref\logic\bibtex\FieldContentFormatter.java,0.12744761875697544,1923.8768768310547,0.0730675220489502,logic,1923.8768768310547
jabref\src\main\java\org\jabref\logic\integrity\FileChecker.java,0.25725844247000557,1897.227668762207,0.09205891745431083,logic,1897.227668762207
jabref\src\main\java\org\jabref\logic\importer\util\GroupsParser.java,0.19215842655726842,1586.36474609375,0.15494917460850308,logic,1586.36474609375
jabref\src\main\java\org\jabref\logic\integrity\BooktitleChecker.java,0.04492740971701486,1926.2626457214355,0.07350466591971261,logic,1926.2626457214355
jabref\src\test\java\org\jabref\logic\importer\fileformat\MedlineImporterTest.java,0.06142969131469726,1916.7680358886719,0.07328313418797085,logic,1916.7680358886719
jabref\src\main\java\org\jabref\gui\edit\ManageKeywordsAction.java,2222.865161895752,0.08082559449332101,0.047206272397722515,gui,2222.865161895752
jabref\src\main\java\org\jabref\gui\push\PushToApplication.java,2255.788345336914,0.052613139152526855,0.05714875629970006,gui,2255.788345336914
jabref\src\main\java\org\jabref\gui\maintable\SearchShortScienceAction.java,2514.56356048584,0.11267860276358468,0.20644712448120117,gui,2514.56356048584
jabref\src\main\java\org\jabref\model\entry\types\UnknownEntryType.java,0.06448918070111956,0.1709254128592355,3168.490676879883,model,3168.490676879883
jabref\src\test\java\org\jabref\logic\remote\RemotePreferencesTest.java,0.1792416981288365,1942.526969909668,0.0730675220489502,logic,1942.526969909668
jabref\src\test\java\org\jabref\model\database\BibDatabaseModeDetectionTest.java,0.14862642288208008,0.20619158063616072,2936.0399627685547,model,2936.0399627685547
jabref\src\main\java\org\jabref\logic\citationstyle\CSLAdapter.java,0.0866502012525286,1946.8211936950684,0.22218750544956753,logic,1946.8211936950684
jabref\src\main\java\org\jabref\gui\maintable\PersistenceVisualStateTable.java,2259.4164657592773,0.050242342267717635,0.028576745305742536,gui,2259.4164657592773
jabref\src\main\java\org\jabref\logic\importer\fetcher\transformers\DBLPQueryTransformer.java,0.044705959728785924,1916.7680358886719,0.07328313418797085,logic,1916.7680358886719
jabref\src\main\java\org\jabref\gui\OpenConsoleAction.java,2486.555709838867,0.08689136505126953,0.07655416216169085,gui,2486.555709838867
jabref\src\main\java\org\jabref\gui\preferences\general\GeneralTabViewModel.java,2152.197322845459,0.12509595326014927,1212.67915725708,gui,2152.197322845459
jabref\src\main\java\org\jabref\gui\shared\SharedDatabaseLoginDialogView.java,2134.5837020874023,0.20055689130510604,0.12107035773141044,gui,2134.5837020874023
jabref\src\main\java\org\jabref\gui\WaitForSaveFinishedDialog.java,2293.652763366699,0.23210312979561942,0.06049424580165318,gui,2293.652763366699
jabref\src\main\java\org\jabref\logic\journals\AbbreviationParser.java,0.3150851113455636,1869.5439910888672,0.08992620876857213,logic,1869.5439910888672
jabref\src\jmh\java\org\jabref\benchmarks\Benchmarks.java,0.0,0.01608783858163016,0.06789982659476144,model,0.06789982659476144
jabref\src\main\java\org\jabref\model\openoffice\util\OOListUtil.java,0.6084000723702567,0.2177487918308803,3106.81396484375,model,3106.81396484375
jabref\src\main\java\org\jabref\gui\preferences\protectedterms\ProtectedTermsListItemModel.java,2327.3787689208984,0.05200280802590507,35.007038712501526,gui,2327.3787689208984
jabref\src\main\java\org\jabref\logic\importer\PagedSearchBasedParserFetcher.java,0.04295344352722168,1841.6289329528809,0.07152999469212123,logic,1841.6289329528809
jabref\src\main\java\org\jabref\gui\preferences\keybindings\KeyBindingsTab.java,2147.1970748901367,0.055869885853358676,0.0597726685660226,gui,2147.1970748901367
jabref\src\main\java\org\jabref\logic\openoffice\backend\Codec52.java,0.08815896851675852,1899.9640464782715,0.872178486415318,logic,1899.9640464782715
jabref\src\main\java\org\jabref\logic\util\io\CitationKeyBasedFileFinder.java,0.22698264803205218,1818.7468338012695,0.09413141523088728,logic,1818.7468338012695
jabref\src\main\java\org\jabref\logic\importer\fileformat\CitaviXmlImporter.java,0.3745342799595424,1683.7452125549316,0.2828401838030134,logic,1683.7452125549316
jabref\src\main\java\org\jabref\model\entry\identifier\DOI.java,0.4109686442783901,0.1902885845729283,2528.506202697754,model,2528.506202697754
jabref\src\main\java\org\jabref\logic\integrity\FieldCheckers.java,0.3707634244646345,1798.8530540466309,0.11706671033586774,logic,1798.8530540466309
jabref\src\main\java\org\jabref\logic\importer\fetcher\transformers\DefaultLuceneQueryTransformer.java,0.04465152876717704,1927.1856307983398,0.07322868619646344,logic,1927.1856307983398
jabref\src\main\java\org\jabref\logic\bibtex\comparator\IdComparator.java,0.0453005245753697,1970.9998512268066,0.09733895574297224,logic,1970.9998512268066
jabref\src\test\java\org\jabref\logic\layout\LayoutEntryTest.java,0.6026712690080915,1843.7766456604004,0.08653637341090611,logic,1843.7766456604004
jabref\src\test\java\org\jabref\logic\bibtex\comparator\BibDatabaseDiffTest.java,0.35858451298304966,1625.3996849060059,0.1947671345302037,logic,1625.3996849060059
jabref\src\main\java\org\jabref\gui\preferences\externalfiletypes\EditExternalFileTypeViewModel.java,2223.064365386963,0.08099936757768904,705.7107448577881,gui,2223.064365386963
jabref\src\test\java\org\jabref\logic\importer\ImportFormatReaderParameterlessTest.java,0.06019868850708008,1881.2282371520996,0.09329225676400321,logic,1881.2282371520996
jabref\src\main\java\org\jabref\gui\autocompleter\AppendWordsStrategy.java,2222.865161895752,0.051845250810895645,0.028577136993408202,gui,2222.865161895752
jabref\src\main\java\org\jabref\gui\push\PushToTexmaker.java,2281.915512084961,0.0524061952318464,0.02857727663857596,gui,2281.915512084961
jabref\src\main\java\org\jabref\gui\undo\UndoableKeyChange.java,2203.1337356567383,0.05138504164559501,0.028577024596078054,gui,2203.1337356567383
jabref\src\main\java\org\jabref\logic\formatter\bibtexfields\RemoveBracesFormatter.java,0.04368295328957694,1872.9066848754883,0.0722597667149135,logic,1872.9066848754883
jabref\src\main\java\org\jabref\gui\preferences\keybindings\KeyBindingsTabViewModel.java,2356.53751373291,0.12828942707606725,110.6717836856842,gui,2356.53751373291
jabref\src\main\java\org\jabref\logic\integrity\PersonNamesChecker.java,0.04368295328957694,1911.1265182495117,0.10083119528634207,logic,1911.1265182495117
jabref\src\test\java\org\jabref\logic\crawler\StudyYamlParserTest.java,0.05744645254952567,1820.083179473877,0.09161931446620396,logic,1820.083179473877
jabref\src\test\java\org\jabref\model\entry\MonthTest.java,0.21938419342041016,0.1486501829964774,1918.1684684753418,model,1918.1684684753418
jabref\src\main\java\org\jabref\preferences\SidePanePreferences.java,0.31455963679722376,0.006290167570114136,0.02857706206185477,gui,0.31455963679722376
jabref\src\main\java\org\jabref\logic\exporter\BibtexDatabaseWriter.java,0.10326858929225377,1870.366039276123,1.0196852547781807,logic,1870.366039276123
jabref\src\test\java\org\jabref\logic\shared\DBMSTypeTest.java,0.3108541216169085,1796.142177581787,0.09883465085710798,logic,1796.142177581787
jabref\src\main\java\org\jabref\gui\util\ViewModelListCellFactory.java,1894.3194580078125,0.18748832430158344,612.3681545257568,gui,1894.3194580078125
jabref\src\test\java\org\jabref\logic\formatter\bibtexfields\TrimWhitespaceFormatterTest.java,0.05897408894130162,1827.0957565307617,0.07119090897696359,logic,1827.0957565307617
jabref\src\test\java\org\jabref\logic\bst\util\BstNameFormatterTest.java,0.10337236268179757,2221.3123893737793,0.11798572540283203,logic,2221.3123893737793
jabref\src\main\java\org\jabref\model\openoffice\uno\UnoUserDefinedProperty.java,0.35455540248325895,0.19784529549734933,2807.5152587890625,model,2807.5152587890625
jabref\src\main\java\org\jabref\model\openoffice\style\Citation.java,0.2597673688616071,0.15508177621023997,2833.542823791504,model,2833.542823791504
jabref\src\main\java\org\jabref\gui\preferences\customentrytypes\CustomEntryTypesTab.java,2110.1376152038574,0.21915934426443917,1.2084075927734375,gui,2110.1376152038574
jabref\src\test\java\org\jabref\logic\importer\fetcher\transformers\CollectionOfComputerScienceBibliographiesQueryTransformerTest.java,0.05468664850507464,1872.9066848754883,0.0722597667149135,logic,1872.9066848754883
jabref\src\test\java\org\jabref\model\database\KeyChangeListenerTest.java,0.09277051516941616,0.1508885519845145,3052.069854736328,model,3052.069854736328
jabref\src\main\java\org\jabref\model\openoffice\backend\NamedRangeManager.java,0.054235741070338656,0.17465362548828126,3231.0245513916016,model,3231.0245513916016
jabref\src\test\java\org\jabref\logic\shared\DBMSSynchronizerTest.java,0.33171844482421875,1647.6823043823242,0.09511134283883231,logic,1647.6823043823242
jabref\src\main\java\org\jabref\gui\help\AboutDialogViewModel.java,2396.446304321289,0.16218979699271066,35.00684678554535,gui,2396.446304321289
jabref\src\test\java\org\jabref\logic\integrity\PagesCheckerBibtexTest.java,0.0557685238974435,1894.1193199157715,0.1013261250087193,logic,1894.1193199157715
jabref\src\main\java\org\jabref\gui\preferences\keybindings\KeyBindingViewModel.java,2449.757537841797,0.19826398577008927,1242.3101425170898,gui,2449.757537841797
jabref\src\test\java\org\jabref\logic\bst\BstFunctionsTest.java,0.19998234340122767,1886.4984512329102,1.3728607177734375,logic,1886.4984512329102
jabref\src\main\java\org\jabref\model\entry\types\IEEETranEntryType.java,0.05286815166473389,0.1716905185154506,3181.32381439209,model,3181.32381439209
jabref\src\main\java\org\jabref\logic\importer\FulltextFetchers.java,0.5717491149902344,1816.4690780639648,0.0943528311593192,logic,1816.4690780639648
jabref\src\main\java\org\jabref\logic\integrity\MonthChecker.java,0.2751871109008789,1938.1139183044434,0.10083119528634207,logic,1938.1139183044434
jabref\src\main\java\org\jabref\gui\util\ViewModelTextFieldTableCellVisualizationFactory.java,2364.0135192871094,0.14172611236572266,65.58326423168182,gui,2364.0135192871094
jabref\src\main\java\org\jabref\gui\texparser\ParseLatexAction.java,2243.408889770508,0.052324410847255164,0.057148681368146624,gui,2243.408889770508
jabref\src\main\java\org\jabref\gui\edit\ManageKeywordsDisplayType.java,2290.9581756591797,0.05343342849186489,0.02857752868107387,gui,2290.9581756591797
jabref\src\main\java\org\jabref\logic\journals\JournalAbbreviationPreferences.java,0.2884330204554966,1964.5398902893066,0.0733931405203683,logic,1964.5398902893066
jabref\src\main\java\org\jabref\logic\bibtex\comparator\CrossRefEntryComparator.java,0.04492740971701486,1926.2626457214355,0.07350466591971261,logic,1926.2626457214355
jabref\src\main\java\org\jabref\logic\bibtex\comparator\BibEntryDiff.java,0.045242020062037876,1939.7516059875488,0.07381938525608607,logic,1939.7516059875488
jabref\src\main\java\org\jabref\model\openoffice\style\ComparableCitation.java,0.05607303551265171,0.1786344255719866,3297.7951049804688,model,3297.7951049804688
jabref\src\main\java\org\jabref\gui\mergeentries\newmergedialog\cell\FieldValueCellViewModel.java,2592.417678833008,0.11735481534685407,35.00694692134857,gui,2592.417678833008
jabref\src\test\java\org\jabref\logic\importer\fileformat\CopacImporterTest.java,0.06071816853114537,1907.526969909668,0.0953510080065046,logic,1907.526969909668
jabref\src\test\java\org\jabref\gui\autocompleter\PersonNameSuggestionProviderTest.java,1921.0035133361816,0.043638723237173896,0.06588360922677176,gui,1921.0035133361816
jabref\src\test\java\org\jabref\logic\importer\fetcher\BvbFetcherTest.java,0.5636255536760603,1961.2418174743652,0.6858978271484375,logic,1961.2418174743652
jabref\src\main\java\org\jabref\logic\importer\fileformat\MedlinePlainImporter.java,0.6743233272007534,1819.630298614502,1.489848436628069,logic,1819.630298614502
jabref\src\test\java\org\jabref\logic\util\io\FileNameUniquenessTest.java,0.057547017506190706,1780.3586387634277,0.09124768120901926,logic,1780.3586387634277
jabref\src\main\java\org\jabref\gui\openoffice\StyleSelectDialogView.java,2080.3125,0.10324737003871373,0.06681013788495745,gui,2080.3125
jabref\src\main\java\org\jabref\gui\importer\actions\MergeReviewIntoCommentConfirmationDialog.java,2392.0934677124023,0.08329969133649553,0.07315066201346261,gui,2392.0934677124023
jabref\src\main\java\org\jabref\logic\net\ProxyRegisterer.java,0.04368295328957694,1907.9066848754883,0.08736973490033831,logic,1907.9066848754883
jabref\src\main\java\org\jabref\gui\importer\fetcher\WebSearchPaneView.java,2473.8571548461914,0.09105334281921387,0.10445220811026437,gui,2473.8571548461914
jabref\src\main\java\org\jabref\gui\autocompleter\SuggestionProviders.java,2205.632858276367,0.05108821732657296,0.057148381641932894,gui,2205.632858276367
jabref\src\test\java\org\jabref\logic\l10n\LocalizationTest.java,0.16098056520734513,1988.4600639343262,0.15799290793282644,logic,1988.4600639343262
jabref\src\main\java\org\jabref\logic\formatter\bibtexfields\UnitsToLatexFormatter.java,0.12462474278041295,1864.9397468566895,0.3898331778390067,logic,1864.9397468566895
jabref\src\main\java\org\jabref\gui\fieldeditors\FieldEditors.java,2376.8933868408203,0.14388208389282225,0.13258598872593472,gui,2376.8933868408203
jabref\src\main\java\org\jabref\logic\citationstyle\CitationStyle.java,0.20912272589547293,1992.3285102844238,0.7951095581054688,logic,1992.3285102844238
jabref\src\test\java\org\jabref\logic\layout\format\AuthorFirstAbbrLastCommasTest.java,0.10460338592529297,1948.4437942504883,0.0722597667149135,logic,1948.4437942504883
jabref\src\main\java\org\jabref\logic\net\ssl\SSLPreferences.java,0.045359444618225095,1944.7861671447754,0.07393685068402972,logic,1944.7861671447754
jabref\src\main\java\org\jabref\gui\autocompleter\ContentSelectorSuggestionProvider.java,2233.0324172973633,0.052082388741629466,0.028577194895063128,gui,2233.0324172973633
jabref\src\test\java\org\jabref\logic\bst\util\BstPurifierTest.java,0.10439812796456473,2414.167938232422,0.10778525216238839,logic,2414.167938232422
jabref\src\test\java\org\jabref\model\groups\SearchGroupTest.java,0.06198913710457938,0.16845987864903042,2968.9881134033203,model,2968.9881134033203
jabref\src\main\java\org\jabref\preferences\JabRefPreferences.java,0.42909747532435827,0.15018310546875,0.37038211822509765,gui,0.42909747532435827
jabref\src\test\java\org\jabref\logic\importer\fetcher\CollectionOfComputerScienceBibliographiesParserTest.java,0.3483071463448661,1865.620403289795,0.07188585826328822,logic,1865.620403289795
jabref\src\main\java\org\jabref\gui\preview\PreviewPanel.java,2172.1036529541016,0.17455245426722935,1.938342503138951,gui,2172.1036529541016
jabref\src\main\java\org\jabref\migrations\MergeReviewIntoCommentMigration.java,0.2272197995867048,0.030466175079345702,0.028576207160949708,gui,0.2272197995867048
jabref\src\main\java\org\jabref\gui\search\SearchDisplayMode.java,2600.0509643554688,0.08159961700439453,0.028577215330941336,gui,2600.0509643554688
jabref\src\test\java\org\jabref\logic\importer\fileformat\PdfXmpImporterTest.java,0.25841759272984094,1866.375961303711,0.20942538125174387,logic,1866.375961303711
jabref\src\main\java\org\jabref\logic\importer\fileformat\PdfVerbatimBibTextImporter.java,0.0675988061087472,1951.7827224731445,0.15459756851196288,logic,1951.7827224731445
jabref\src\main\java\org\jabref\model\entry\KeywordList.java,0.2777793066842215,0.15883148738316127,2648.9642333984375,model,2648.9642333984375
jabref\src\main\java\org\jabref\gui\undo\UndoableInsertString.java,2246.6864013671875,0.08139995166233607,0.02857715742928641,gui,2246.6864013671875
jabref\src\main\java\org\jabref\logic\importer\fileformat\medline\MeshHeading.java,0.04550857543945312,1951.1800384521484,0.07408603940691266,logic,1951.1800384521484
jabref\src\test\java\org\jabref\logic\journals\AbbreviationsTest.java,0.43972652980259486,2062.369899749756,0.07358931132725306,logic,2062.369899749756
jabref\src\test\java\org\jabref\logic\l10n\JavaLocalizationEntryParserTest.java,0.1587932995387486,1895.9668922424316,1.0680068969726562,logic,1895.9668922424316
jabref\src\test\java\org\jabref\logic\importer\fileformat\MedlineImporterFilesTest.java,0.053884335926600864,1856.8809509277344,0.07188585826328822,logic,1856.8809509277344
jabref\src\test\java\org\jabref\logic\bst\util\BstWidthCalculatorTest.java,0.09217512948172434,2294.237289428711,0.10506282533918108,logic,2294.237289428711
jabref\src\main\java\org\jabref\model\openoffice\style\CitedKeys.java,0.29111807686941965,0.1669017927987235,3077.244529724121,model,3077.244529724121
jabref\src\main\java\org\jabref\logic\texparser\LatexParser.java,0.04538905961172921,1946.056022644043,0.09501546451023647,logic,1946.056022644043
jabref\src\main\java\org\jabref\gui\openoffice\DetectOpenOfficeInstallation.java,2362.671699523926,0.17797025953020368,0.5926567077636719,gui,2362.671699523926
jabref\src\main\java\org\jabref\logic\autosaveandbackup\BackupManager.java,0.3393504551478795,1682.7769660949707,0.16562038149152483,logic,1682.7769660949707
jabref\src\main\java\org\jabref\logic\importer\fetcher\SpringerFetcher.java,0.16211919784545897,1715.6595611572266,0.14615858622959682,logic,1715.6595611572266
jabref\src\main\java\org\jabref\model\util\TreeCollector.java,0.2936006818498884,0.21162339619227818,3817.7044677734375,model,3817.7044677734375
jabref\src\main\java\org\jabref\gui\undo\UndoableInsertEntries.java,2433.585739135742,0.05676001480647496,0.057148041043962754,gui,2433.585739135742
jabref\src\main\java\org\jabref\gui\groups\GroupDialogHeader.java,2290.9581756591797,0.05343342849186489,0.02857752868107387,gui,2290.9581756591797
jabref\src\main\java\org\jabref\gui\actions\ActionHelper.java,2362.2596740722656,0.05428011417388916,0.06891843250819615,gui,2362.2596740722656
jabref\src\main\java\org\jabref\logic\formatter\bibtexfields\EscapeUnderscoresFormatter.java,0.04487148012433733,1923.8645935058594,0.07344871248517718,logic,1923.8645935058594
jabref\src\main\java\org\jabref\logic\formatter\bibtexfields\RemoveHyphenatedNewlinesFormatter.java,0.10707018715994698,2023.191967010498,0.09411102022443499,logic,2023.191967010498
jabref\src\main\java\org\jabref\logic\importer\util\MetaDataParser.java,0.45144290924072267,1836.327075958252,0.16111176354544504,logic,1836.327075958252
jabref\src\main\java\org\jabref\gui\importer\GrobidOptInDialogHelper.java,2327.7699661254883,0.13815400259835378,0.028577470779418947,gui,2327.7699661254883
jabref\src\main\java\org\jabref\logic\util\io\XMLUtil.java,0.30491221291678294,2122.5858306884766,1.835909162248884,logic,2122.5858306884766
jabref\src\main\java\org\jabref\gui\sidepane\SidePaneViewModel.java,2287.6058959960938,0.0604126112801688,35.00486493110657,gui,2287.6058959960938
jabref\src\main\java\org\jabref\logic\exporter\ExporterFactory.java,0.06829472950526647,1762.2126960754395,0.06829870087759836,logic,1762.2126960754395
jabref\src\test\java\org\jabref\logic\pdf\search\retrieval\PdfSearcherTest.java,0.05750414984566825,1777.8340148925781,0.12582668576921735,logic,1777.8340148925781
jabref\src\main\java\org\jabref\model\openoffice\rangesort\RangeOverlap.java,0.054898459570748466,0.1760895184108189,3255.1089477539062,model,3255.1089477539062
jabref\src\main\java\org\jabref\logic\citationstyle\CitationStylePreviewLayout.java,0.04465152876717704,1914.4343376159668,0.10180011476789202,logic,1914.4343376159668
jabref\src\main\java\org\jabref\model\openoffice\style\CompareCitedKey.java,0.3158994402204241,0.17624500819614955,3131.000099182129,model,3131.000099182129
jabref\src\main\java\org\jabref\logic\openoffice\backend\Backend52.java,0.3058990750994001,1653.655071258545,0.16841340746198383,logic,1653.655071258545
jabref\src\main\java\org\jabref\preferences\PreferencesFilter.java,0.261090087890625,0.0131242002759661,0.028576316152300153,gui,0.261090087890625
jabref\src\test\java\org\jabref\logic\journals\JournalAbbreviationRepositoryTest.java,0.7177549089704242,1674.0624809265137,0.08527956008911133,logic,1674.0624809265137
jabref\src\main\java\org\jabref\logic\importer\fetcher\isbntobibtex\OpenLibraryIsbnFetcher.java,0.38362748282296316,1787.106056213379,0.08807729993547712,logic,1787.106056213379
jabref\src\test\java\org\jabref\migrations\ConvertMarkingToGroupsTest.java,0.014318374225071498,0.0,0.028577024596078054,model,0.028577024596078054
jabref\src\test\java\org\jabref\logic\integrity\PersonNamesCheckerTest.java,0.054205925124032155,1837.9093551635742,0.11169543947492327,logic,1837.9093551635742
jabref\src\main\java\org\jabref\model\search\rules\SearchRules.java,0.05251502990722656,0.1709254128592355,3168.490676879883,model,3168.490676879883
jabref\src\main\java\org\jabref\gui\collab\DatabaseChangeMonitor.java,2167.079906463623,0.056966822487967354,0.11967389242989676,gui,2167.079906463623
jabref\src\main\java\org\jabref\logic\xmp\XmpUtilWriter.java,0.2620424543108259,1720.665683746338,0.13597523825509208,logic,1720.665683746338
jabref\src\test\java\org\jabref\logic\bibtex\comparator\BibStringDiffTest.java,0.10535294669015068,1781.3599967956543,0.06873253413609096,logic,1781.3599967956543
jabref\src\main\java\org\jabref\logic\shared\DatabaseLocation.java,0.04569106442587716,1959.0043830871582,0.1028400216783796,logic,1959.0043830871582
jabref\src\main\java\org\jabref\gui\libraryproperties\saving\SavingPropertiesView.java,2200.922737121582,0.0505171503339495,0.05714823859078544,gui,2200.922737121582
jabref\src\test\java\org\jabref\logic\bibtex\comparator\GroupDiffTest.java,0.3545487812587193,1912.1860885620117,0.09325977052961076,logic,1912.1860885620117
jabref\src\main\java\org\jabref\gui\desktop\JabRefDesktop.java,2452.249984741211,0.17387127195085797,0.12260919298444475,gui,2452.249984741211
jabref\src\main\java\org\jabref\gui\documentviewer\DocumentPageViewModel.java,2283.3558654785156,0.05325611659458705,35.007418394088745,gui,2283.3558654785156
jabref\src\main\java\org\jabref\logic\layout\StringInt.java,0.04538905961172921,1946.056022644043,0.0919994422367641,logic,1946.056022644043
jabref\src\main\java\org\jabref\gui\util\FileFilterConverter.java,2007.215232849121,0.06102416174752372,0.060748597553798134,gui,2007.215232849121
jabref\src\test\java\org\jabref\model\search\rules\GrammarBasedSearchRuleTest.java,0.05551430497850691,0.14999688012259346,2705.1641845703125,model,2705.1641845703125
jabref\src\main\java\org\jabref\logic\shared\DBMSProcessor.java,0.36315907069614956,1649.6103858947754,0.24130164555140904,logic,1649.6103858947754
jabref\src\main\java\org\jabref\gui\util\BindingsHelper.java,1773.5992050170898,0.09303670610700335,0.5515455518450055,gui,1773.5992050170898
jabref\buildSrc\src\copied\java\org\jabref\logic\journals\JournalAbbreviationPreferences.java,0.04487148012433733,1958.8645935058594,0.07344871248517718,logic,1958.8645935058594
jabref\src\test\java\org\jabref\logic\layout\format\FirstPageTest.java,0.056950071879795616,1916.7680358886719,0.07328313418797085,logic,1916.7680358886719
jabref\src\main\java\org\jabref\logic\layout\format\CreateDocBook5Editors.java,0.04492740971701486,1926.2626457214355,0.07350466591971261,logic,1926.2626457214355
jabref\src\main\java\org\jabref\gui\util\CustomRatingSkin.java,2270.3099060058594,0.20940848759242467,0.7196359906877791,gui,2270.3099060058594
jabref\src\main\java\org\jabref\gui\preferences\keybindings\presets\NewEntryBindingPreset.java,2223.064365386963,0.09504495348249163,0.07957329068865095,gui,2223.064365386963
jabref\src\main\java\org\jabref\gui\edit\ReplaceStringView.java,2165.922737121582,0.0505171503339495,0.10694019453866141,gui,2165.922737121582
jabref\src\main\java\org\jabref\gui\util\component\TemporalAccessorPicker.java,2359.3466567993164,0.09387521743774414,0.13074241365705216,gui,2359.3466567993164
jabref\src\main\java\org\jabref\model\entry\field\FieldFactory.java,0.3148167746407645,0.16413705008370535,2477.326126098633,model,2477.326126098633
jabref\src\main\java\org\jabref\model\openoffice\rangesort\RangeSortVisual.java,0.2774399621146066,0.19738167354038783,2832.409553527832,model,2832.409553527832
jabref\src\test\java\org\jabref\gui\mergeentries\FieldRowViewModelTest.java,1921.3947105407715,1.298538099016462,76.9318675994873,gui,1921.3947105407715
jabref\src\main\java\org\jabref\gui\actions\StandardActions.java,1991.1108589172363,0.24350793021065847,0.45389793940952844,gui,1991.1108589172363
jabref\src\main\java\org\jabref\logic\importer\fetcher\CollectionOfComputerScienceBibliographiesFetcher.java,0.04278194223131452,1834.2756271362305,0.11580335072108677,logic,1834.2756271362305
jabref\src\main\java\org\jabref\gui\specialfields\SpecialFieldAction.java,2053.2472610473633,0.07383669444492885,0.028575904028756278,gui,2053.2472610473633
jabref\src\main\java\org\jabref\logic\importer\fetcher\IacrEprintFetcher.java,0.275861576625279,1710.9099197387695,0.14025301252092634,logic,1710.9099197387695
jabref\src\main\java\org\jabref\model\groups\WordKeywordGroup.java,0.23736915588378907,0.22834043502807616,2631.9715881347656,model,2631.9715881347656
jabref\src\main\java\org\jabref\gui\util\component\Tag.java,2563.129425048828,0.0944593974522182,0.06727021081107003,gui,2563.129425048828
jabref\src\main\java\org\jabref\model\openoffice\style\CitationPath.java,0.05538183280399867,0.17713682992117746,3272.675437927246,model,3272.675437927246
jabref\src\main\java\org\jabref\model\database\KeyCollisionException.java,0.0547074658530099,0.17567569187709264,3283.1678009033203,model,3283.1678009033203
jabref\src\main\java\org\jabref\gui\texparser\ParseLatexDialogView.java,2127.4285316467285,0.07444595609392439,0.08637425558907645,gui,2127.4285316467285
jabref\src\main\java\org\jabref\gui\auximport\AuxParserResultViewModel.java,2418.999557495117,0.10897360529218401,35.00627517700195,gui,2418.999557495117
jabref\src\test\java\org\jabref\gui\util\ColorUtilTest.java,2160.7338333129883,0.04997433253696987,0.028576677186148508,gui,2160.7338333129883
jabref\src\main\java\org\jabref\logic\l10n\LocalizationLocator.java,0.045538718359810965,1952.4725914001465,0.0741161891392299,logic,1952.4725914001465
jabref\src\test\java\org\jabref\logic\texparser\TexBibEntriesResolverTest.java,0.1172039304460798,1709.1092109680176,0.11782129832676479,logic,1709.1092109680176
jabref\src\main\java\org\jabref\cli\ArgumentProcessor.java,0.7409854888916015,0.5700654166085379,0.8088069915771484,model,0.8088069915771484
jabref\src\main\java\org\jabref\logic\preferences\OwnerPreferences.java,0.14052810668945312,1942.526969909668,0.0730675220489502,logic,1942.526969909668
jabref\src\main\java\org\jabref\cli\Launcher.java,0.4045473916190011,0.43150198800223216,0.6504391806466239,model,0.6504391806466239
jabref\src\test\java\org\jabref\logic\exporter\XmpPdfExporterTest.java,0.24498201097760883,1742.351894378662,0.1372258595057896,logic,1742.351894378662
jabref\src\main\java\org\jabref\preferences\AppearancePreferences.java,0.3946253640311105,0.008554702997207642,0.028577024596078054,gui,0.3946253640311105
jabref\src\main\java\org\jabref\model\util\MultiKeyMap.java,0.3455308641706194,0.1749709129333496,3094.954147338867,model,3094.954147338867
jabref\src\main\java\org\jabref\logic\importer\QueryParser.java,0.05746752875191825,1907.526969909668,0.0730675220489502,logic,1907.526969909668
jabref\src\main\java\org\jabref\gui\importer\ImportAction.java,2361.5867614746094,0.3958108357020787,0.08023607390267508,gui,2361.5867614746094
jabref\src\test\java\org\jabref\logic\TypedBibEntryTest.java,0.05892331259591239,1851.180419921875,0.07135843549455916,logic,1851.180419921875
jabref\src\test\java\org\jabref\logic\importer\fetcher\GrobidCitationFetcherTest.java,0.21737183162144252,1774.9814796447754,0.13203680855887276,logic,1774.9814796447754
jabref\src\test\java\org\jabref\model\entry\CrossrefTest.java,0.1003103528703962,0.09547062601361955,1973.9008522033691,model,1973.9008522033691
jabref\src\test\java\org\jabref\logic\importer\fetcher\ScienceDirectTest.java,0.3411838531494141,1844.1683769226074,0.07135843549455916,logic,1844.1683769226074
jabref\src\main\java\org\jabref\gui\util\ValueTableCellFactory.java,1995.845546722412,0.1448507172720773,0.6607490539550781,gui,1995.845546722412
jabref\src\test\java\org\jabref\logic\importer\fetcher\CollectionOfComputerScienceBibliographiesFetcherTest.java,0.5561526707240514,1903.327808380127,1.3619195120675223,logic,1903.327808380127
jabref\src\main\java\org\jabref\gui\util\uithreadaware\UiThreadListChangeListener.java,2236.467742919922,0.0521625110081264,0.028577215330941336,gui,2236.467742919922
jabref\src\main\java\org\jabref\logic\layout\format\Number.java,0.04538905961172921,1946.056022644043,0.07396648270743233,logic,1946.056022644043
jabref\src\main\java\org\jabref\gui\groups\GroupViewMode.java,2290.9581756591797,0.05343342849186489,0.02857752868107387,gui,2290.9581756591797
jabref\src\test\java\org\jabref\logic\importer\WebFetchersTest.java,0.07501123973301478,1926.822338104248,0.1638606207711356,logic,1926.822338104248
jabref\src\test\java\org\jabref\testutils\category\FetcherTest.java,0.013132337161472865,0.0,0.028577419689723424,model,0.028577419689723424
jabref\src\main\java\org\jabref\gui\fieldeditors\SimpleEditor.java,2255.898895263672,0.05946294239589146,0.028576745305742536,gui,2255.898895263672
jabref\src\main\java\org\jabref\logic\importer\fetcher\BvbFetcher.java,0.08100694247654507,1939.2351722717285,0.07275469643729074,logic,1939.2351722717285
jabref\src\main\java\org\jabref\logic\formatter\casechanger\TitleCaseFormatter.java,0.5231893811907087,2026.600456237793,0.09047074999128069,logic,2026.600456237793
jabref\src\test\java\org\jabref\logic\l10n\LocalizationKeyParamsTest.java,0.10616051128932408,1977.9559516906738,1.4185361589704242,logic,1977.9559516906738
jabref\src\test\java\org\jabref\logic\integrity\ISBNCheckerTest.java,0.09250271660940988,1897.5031089782715,0.07188585826328822,logic,1897.5031089782715
jabref\src\main\java\org\jabref\logic\importer\util\MediaTypes.java,0.04538905961172921,1974.4537353515625,0.07396648270743233,logic,1974.4537353515625
jabref\src\main\java\org\jabref\logic\importer\fetcher\OpenAccessDoi.java,0.6005927494594029,1929.0159797668457,0.10372938428606306,logic,1929.0159797668457
jabref\src\main\java\org\jabref\logic\openoffice\action\EditInsert.java,0.3074363708496094,1846.6395950317383,0.12885701315743583,logic,1846.6395950317383
jabref\src\main\java\org\jabref\logic\openoffice\NoDocumentFoundException.java,0.04547853810446603,1949.892292022705,0.07405599185398647,logic,1949.892292022705
jabref\src\test\java\org\jabref\logic\importer\ImportFormatReaderIntegrationTest.java,0.050538676125662665,1804.3211364746094,0.2188425200326102,logic,1804.3211364746094
jabref\src\main\java\org\jabref\logic\protectedterms\ProtectedTermsList.java,0.052087811061314174,1892.1760177612305,0.08839889253888811,logic,1892.1760177612305
jabref\src\test\java\org\jabref\logic\integrity\MonthCheckerTest.java,0.060199015481131414,1841.6289329528809,0.13897564751761302,logic,1841.6289329528809
jabref\src\main\java\org\jabref\logic\shared\exception\OfflineLockException.java,0.044983724185398644,1928.6772537231445,0.16268539428710938,logic,1928.6772537231445
jabref\src\main\java\org\jabref\gui\fieldeditors\MonthEditorViewModel.java,2243.2350540161133,0.08834201948983329,70.0067675113678,gui,2243.2350540161133
jabref\src\main\java\org\jabref\gui\DragAndDropHelper.java,2216.200122833252,0.051689798491341726,0.04501967089516776,gui,2216.200122833252
jabref\src\main\java\org\jabref\logic\journals\AbbreviationFormat.java,0.045242020062037876,1939.7516059875488,0.07381938525608607,logic,1939.7516059875488
jabref\src\test\java\org\jabref\logic\xmp\XmpUtilWriterTest.java,0.31157166617257254,1672.7095794677734,0.11340702601841518,logic,1672.7095794677734
jabref\src\test\java\org\jabref\gui\groups\GroupNodeViewModelTest.java,2032.88911819458,0.18295553752354213,2546.3712310791016,model,2546.3712310791016
jabref\src\test\java\org\jabref\gui\autocompleter\ContentSelectorSuggestionProviderTest.java,2039.542407989502,0.04573018891470773,0.057147066933768136,gui,2039.542407989502
jabref\src\test\java\org\jabref\logic\importer\BibDatabaseFilesTest.java,0.059568050929478235,1909.0167236328125,0.07275515283857073,logic,1909.0167236328125
jabref\src\main\java\org\jabref\model\openoffice\backend\NamedRange.java,0.05340682779039655,0.1728576523917062,3200.900230407715,model,3200.900230407715
jabref\src\main\java\org\jabref\logic\bibtex\comparator\GroupDiff.java,0.04449042592729841,1907.526969909668,0.0730675220489502,logic,1907.526969909668
jabref\src\main\java\org\jabref\cli\JabRefCLI.java,1.7602824619838169,0.28901822226388113,0.11584986277988979,gui,1.7602824619838169
jabref\src\test\java\org\jabref\logic\cleanup\RenamePdfCleanupTest.java,0.096243987764631,1721.7304611206055,0.09273492268153599,logic,1721.7304611206055
jabref\src\main\java\org\jabref\gui\search\GlobalSearchBar.java,2054.756507873535,0.12063200814383371,0.3005830492292132,gui,2054.756507873535
jabref\src\main\java\org\jabref\gui\collab\DatabaseChangeListener.java,2287.1434020996094,0.05334445408412388,0.05714893341064453,gui,2287.1434020996094
jabref\src\test\java\org\jabref\logic\layout\format\RTFCharsTest.java,0.05727443013872419,1627.1660804748535,0.18454880033220564,logic,1627.1660804748535
jabref\src\main\java\org\jabref\logic\cleanup\FieldFormatterCleanup.java,0.06104834420340402,1799.9921989440918,0.070558534349714,logic,1799.9921989440918
jabref\src\test\java\org\jabref\gui\util\ControlHelperTest.java,2173.896884918213,0.09841841288975307,0.028576745305742536,gui,2173.896884918213
jabref\src\main\java\org\jabref\model\openoffice\uno\UnoProperties.java,0.2425983428955078,0.19035910197666714,2963.6646270751953,model,2963.6646270751953
jabref\src\main\java\org\jabref\logic\util\UpdateField.java,0.27599585396902904,1838.3116340637207,0.06998063496180944,logic,1838.3116340637207
jabref\src\main\java\org\jabref\gui\autocompleter\AutoCompletionStrategy.java,2289.047317504883,0.0533888612474714,0.028577515057155063,gui,2289.047317504883
jabref\src\test\java\org\jabref\logic\formatter\casechanger\LowerCaseFormatterTest.java,0.16088801792689733,1965.4035949707031,0.07285759789603097,logic,1965.4035949707031
jabref\src\main\java\org\jabref\model\openoffice\style\ComparableCitedKey.java,0.05607303551265171,0.1786344255719866,3297.7951049804688,model,3297.7951049804688
jabref\src\main\java\org\jabref\gui\preferences\nameformatter\NameFormatterTab.java,2135.0644874572754,0.08272112437656948,0.08663300786699568,gui,2135.0644874572754
jabref\src\test\java\org\jabref\logic\importer\fetcher\PagedSearchFetcherTest.java,0.05962226050240653,1921.4829635620117,0.0733931405203683,logic,1921.4829635620117
jabref\src\main\java\org\jabref\logic\layout\format\ToUpperCase.java,0.04538905961172921,1988.4634017944336,0.07396648270743233,logic,1988.4634017944336
jabref\src\main\java\org\jabref\logic\formatter\casechanger\UnprotectTermsFormatter.java,0.04397596972329276,1999.5617866516113,0.1456453459603446,logic,1999.5617866516113
jabref\src\main\java\org\jabref\gui\help\SearchForUpdateAction.java,2280.15926361084,0.052365231513977054,0.02857726642063686,gui,2280.15926361084
jabref\src\main\java\org\jabref\model\entry\EntryLinkList.java,0.05286815166473389,0.18204172679356168,3216.32381439209,model,3216.32381439209
jabref\src\main\java\org\jabref\logic\shared\DBMSConnectionProperties.java,0.4655235835484096,1887.2513389587402,0.09730396270751954,logic,1887.2513389587402
jabref\src\main\java\org\jabref\model\entry\field\InternalField.java,0.06177663803100586,0.23777190617152621,3101.338005065918,model,3101.338005065918
jabref\src\test\java\org\jabref\logic\importer\util\JsonReaderTest.java,0.06115844590323312,1894.1193199157715,0.07275469643729074,logic,1894.1193199157715
jabref\src\main\java\org\jabref\model\entry\BibEntryType.java,0.1087085451398577,0.28951050894601005,4138.222351074219,model,4138.222351074219
jabref\src\test\java\org\jabref\logic\formatter\bibtexfields\RemoveNewlinesFormatterTest.java,0.0607973643711635,1889.7663497924805,0.07265313693455287,logic,1889.7663497924805
jabref\src\main\java\org\jabref\logic\TypedBibEntry.java,0.3118884767804827,2028.2273292541504,1.459206281389509,logic,2028.2273292541504
jabref\src\main\java\org\jabref\preferences\ExternalApplicationsPreferences.java,0.40083770751953124,0.037373709678649905,0.028576615878513883,gui,0.40083770751953124
jabref\src\main\java\org\jabref\gui\fieldeditors\FieldEditorFX.java,2259.380683898926,0.05269692965916225,0.028577344758169993,gui,2259.380683898926
jabref\src\main\java\org\jabref\gui\journals\AbbreviateAction.java,2290.900230407715,0.08050537109375,0.12257661819458007,gui,2290.900230407715
jabref\src\main\java\org\jabref\gui\importer\actions\MergeReviewIntoCommentAction.java,2226.2313270568848,0.05192376545497349,0.02857715742928641,gui,2226.2313270568848
jabref\src\main\java\org\jabref\logic\layout\format\CompositeFormat.java,0.1000053950718471,1916.7680358886719,0.07328313418797085,logic,1916.7680358886719
jabref\src\main\java\org\jabref\logic\shared\exception\NotASharedDatabaseException.java,0.04547853810446603,1949.892292022705,0.10262742042541503,logic,1949.892292022705
jabref\src\main\java\org\jabref\model\study\QueryResult.java,0.055187467166355676,0.17671570096697126,3265.611991882324,model,3265.611991882324
jabref\src\main\java\org\jabref\model\entry\identifier\ARK.java,0.0652911867414202,0.17325199672154018,3207.514533996582,model,3207.514533996582
jabref\src\main\java\org\jabref\gui\icon\JabRefIkonHandler.java,2239.9264335632324,0.05224318504333496,0.028577235766819545,gui,2239.9264335632324
jabref\src\main\java\org\jabref\logic\util\io\AutoLinkPreferences.java,0.05963936533246721,1864.7935485839844,0.07207046917506627,logic,1864.7935485839844
jabref\src\main\java\org\jabref\model\entry\types\BiblatexEntryTypeDefinitions.java,0.31621300833565846,0.09751348495483399,1729.292984008789,model,1729.292984008789
jabref\src\main\java\org\jabref\logic\openoffice\frontend\RangeForOverlapCheck.java,0.04465152876717704,1914.4343376159668,0.07322868619646344,logic,1914.4343376159668
jabref\src\test\java\org\jabref\logic\search\SearchQueryTest.java,0.05266847610473633,1568.5714149475098,0.07516713823590959,logic,1568.5714149475098
jabref\src\main\java\org\jabref\gui\entryeditor\SourceTab.java,2325.4526901245117,0.25835227966308594,1.3102955409458705,gui,2325.4526901245117
jabref\src\main\java\org\jabref\gui\collab\DatabaseChangeDetailsView.java,2272.154006958008,0.05299484389168876,0.05714884485517229,gui,2272.154006958008
jabref\src\main\java\org\jabref\logic\formatter\bibtexfields\NormalizeEnDashesFormatter.java,0.044705959728785924,1986.7680358886719,1.073283168247768,logic,1986.7680358886719
jabref\src\main\java\org\jabref\gui\documentviewer\DocumentViewerViewModel.java,2464.415817260742,0.0844311237335205,96.50159120559692,gui,2464.415817260742
jabref\src\main\java\org\jabref\gui\fieldeditors\contextmenu\EditorMenus.java,2421.055145263672,0.10728645324707031,0.07025279998779296,gui,2421.055145263672
jabref\src\main\java\org\jabref\model\openoffice\rangesort\RangeSort.java,0.2425983428955078,0.2026462963649205,2980.4716873168945,model,2980.4716873168945
jabref\src\main\java\org\jabref\logic\util\strings\HTMLUnicodeConversionMaps.java,1.4242779323032924,1508.3512115478516,0.146500791822161,logic,1508.3512115478516
jabref\src\main\java\org\jabref\logic\formatter\bibtexfields\NormalizeDateFormatter.java,0.04454376697540283,1909.8140716552734,0.10796478816441127,logic,1909.8140716552734
jabref\src\main\java\org\jabref\gui\backup\BackupResolverDialog.java,2306.9235610961914,0.18241442271641323,0.07769444329398019,gui,2306.9235610961914
jabref\src\main\java\org\jabref\gui\bibtexextractor\ExtractBibtexAction.java,2268.0324172973633,0.052082388741629466,0.028577194895063128,gui,2268.0324172973633
jabref\src\main\java\org\jabref\logic\importer\fetcher\transformers\AbstractQueryTransformer.java,0.23645005907331193,1736.3544273376465,0.06873253413609096,logic,1736.3544273376465
jabref\src\main\java\org\jabref\gui\help\ErrorConsoleAction.java,2274.0045166015625,0.05303800446646554,0.028577429907662526,gui,2274.0045166015625
jabref\src\main\java\org\jabref\gui\preferences\external\ExternalTab.java,2147.1970748901367,0.0766188417162214,0.028576207160949708,gui,2147.1970748901367
jabref\src\main\java\org\jabref\logic\exporter\MetaDataSerializer.java,0.37965730939592635,1948.1196212768555,0.9034823281424386,logic,1948.1196212768555
jabref\src\main\java\org\jabref\logic\layout\format\AuthorFirstFirstCommas.java,0.04544860635484968,1948.6089515686035,0.07402604648045132,logic,1948.6089515686035
jabref\src\test\java\org\jabref\gui\util\FileDialogConfigurationTest.java,2109.1644287109375,0.10523710250854493,0.049167823791503903,gui,2109.1644287109375
jabref\src\main\java\org\jabref\gui\mergeentries\newmergedialog\cell\FieldNameCell.java,2262.8079986572266,0.15734782900129046,0.06645539828709193,gui,2262.8079986572266
jabref\src\main\java\org\jabref\gui\keyboard\KeyBindingCategory.java,2226.2313270568848,0.05192376545497349,0.02857715742928641,gui,2226.2313270568848
jabref\src\main\java\org\jabref\model\entry\field\AMSField.java,0.060915565490722655,0.16380141122000558,3048.9987564086914,model,3048.9987564086914
jabref\src\main\java\org\jabref\logic\layout\format\MarkdownFormatter.java,0.04438480309077671,1946.7571067810059,0.6980866568429129,logic,1946.7571067810059
jabref\src\main\java\org\jabref\logic\l10n\Language.java,0.05113214084080287,1809.574794769287,0.070558534349714,logic,1809.574794769287
jabref\src\test\java\org\jabref\logic\l10n\LocalizationEntry.java,0.06601200103759766,1877.0408248901367,0.09546724728175572,logic,1877.0408248901367
jabref\src\main\java\org\jabref\gui\maintable\MainTable.java,2261.4370727539062,0.3181428636823382,3.6541368756975445,gui,2261.4370727539062
jabref\src\main\java\org\jabref\logic\importer\fetcher\INSPIREFetcher.java,0.6515317099434988,1832.0307159423828,0.07086744308471679,logic,1832.0307159423828
jabref\src\main\java\org\jabref\gui\openoffice\StyleSelectItemViewModel.java,2235.5064392089844,0.0880826541355678,813.5181522369385,gui,2235.5064392089844
jabref\src\test\java\org\jabref\gui\libraryproperties\contentselectors\ContentSelectorViewModelTest.java,2007.295207977295,0.07139977046421596,70.00486493110657,gui,2007.295207977295
jabref\src\main\java\org\jabref\gui\preferences\appearance\AppearanceTabViewModel.java,2116.084747314453,0.09303756441388811,48.177287578582764,gui,2116.084747314453
jabref\src\main\java\org\jabref\logic\xmp\DocumentInformationExtractor.java,0.04295344352722168,1841.6289329528809,0.07152999469212123,logic,1841.6289329528809
jabref\src\main\java\org\jabref\logic\l10n\LocalizationKey.java,0.044705959728785924,1916.7680358886719,0.07328313418797085,logic,1916.7680358886719
jabref\src\test\java\org\jabref\logic\importer\fetcher\CompositeIdFetcherTest.java,0.3798704419817243,2030.2713012695312,2.4995274135044645,logic,2030.2713012695312
jabref\src\main\java\org\jabref\logic\cleanup\TimeStampToCreationDate.java,0.3395532608032227,1843.7307167053223,0.11762587683541434,logic,1843.7307167053223
jabref\src\test\java\org\jabref\logic\formatter\bibtexfields\AddBracesFormatterTest.java,0.06093683242797852,1866.2357711791992,0.0717057500566755,logic,1866.2357711791992
jabref\src\test\java\org\jabref\logic\layout\format\LastPageTest.java,0.0568270172391619,1914.4343376159668,0.07322868619646344,logic,1914.4343376159668
jabref\src\main\java\org\jabref\logic\bibtex\comparator\BibDatabaseDiff.java,0.4026891163417271,1971.9217681884766,1.0366846357073103,logic,1971.9217681884766
jabref\src\main\java\org\jabref\model\entry\BibtexString.java,0.34919278281075616,0.20353104727608817,2885.067367553711,model,2885.067367553711
jabref\src\main\java\org\jabref\model\openoffice\uno\UnoBookmark.java,0.3236567088535854,0.19749398912702287,3026.8738174438477,model,3026.8738174438477
jabref\src\main\java\org\jabref\gui\undo\UndoableChangeType.java,2178.0077934265137,0.050799015590122766,0.028576881544930596,gui,2178.0077934265137
jabref\src\test\java\org\jabref\logic\search\DatabaseSearcherTest.java,0.05576537677219936,1703.1364440917969,0.09687012944902693,logic,1703.1364440917969
jabref\src\main\java\org\jabref\gui\JabRefFrame.java,1914.2798614501953,0.21723720005580358,0.2778888157435826,gui,1914.2798614501953
jabref\src\main\java\org\jabref\model\entry\BibEntryTypeBuilder.java,0.10392928804670061,0.22403238841465542,2832.409553527832,model,2832.409553527832
jabref\src\test\java\org\jabref\logic\importer\QueryParserTest.java,0.3613962990897042,1785.8454132080078,0.06998063496180944,logic,1785.8454132080078
jabref\src\main\java\org\jabref\gui\collab\stringdelete\BibTexStringDelete.java,2203.1337356567383,0.05138504164559501,0.12018600191388812,gui,2203.1337356567383
jabref\src\main\java\org\jabref\gui\externalfiles\ChainedFilters.java,2236.467742919922,0.0521625110081264,0.050327178410121375,gui,2236.467742919922
jabref\src\main\java\org\jabref\gui\errorconsole\LogEventViewModel.java,2208.3823204040527,0.20134622028895788,40.255494117736816,gui,2208.3823204040527
jabref\src\main\java\org\jabref\gui\entryeditor\fileannotationtab\FileAnnotationTabViewModel.java,2350.5242919921875,0.06762793404715402,131.9950771331787,gui,2350.5242919921875
jabref\src\test\java\org\jabref\logic\importer\fileformat\ModsImporterFilesTest.java,0.05622838565281459,1946.7571067810059,0.6980866568429129,logic,1946.7571067810059
jabref\src\test\java\org\jabref\logic\importer\fetcher\transformers\YearAndYearRangeByFilteringQueryTransformerTest.java,0.05670509338378906,1912.1163940429688,0.07317460605076381,logic,1912.1163940429688
jabref\src\test\java\org\jabref\logic\autosaveandbackup\BackupManagerTest.java,0.06498030253819057,1703.1364440917969,0.1354571751185826,logic,1703.1364440917969
jabref\src\main\java\org\jabref\preferences\ImportExportPreferences.java,0.3969169889177595,0.008726195778165545,0.051445174217224124,gui,0.3969169889177595
jabref\src\main\java\org\jabref\gui\importer\ImportCustomEntryTypesDialog.java,2235.0343322753906,0.14366399220057896,1.3050982883998326,gui,2235.0343322753906
jabref\src\main\java\org\jabref\logic\layout\format\CurrentDate.java,0.07605687550136021,1934.7868728637695,0.07370354788643974,logic,1934.7868728637695
jabref\src\main\java\org\jabref\model\entry\identifier\ISSN.java,0.049851274490356444,0.16515395300728933,3071.684989929199,model,3071.684989929199
jabref\src\main\java\org\jabref\logic\bst\BstPreviewLayout.java,0.04245091847011021,1847.4394798278809,0.15113233838762555,logic,1847.4394798278809
jabref\src\main\java\org\jabref\logic\JabRefException.java,0.056584286689758304,1946.3947486877441,0.07312088693891253,logic,1946.3947486877441
jabref\src\main\java\org\jabref\logic\importer\fileformat\PicaXmlParser.java,0.05611401966639928,1643.8476371765137,0.8597805568150112,logic,1643.8476371765137
jabref\src\main\java\org\jabref\logic\importer\fetcher\TitleFetcher.java,0.6502695901053293,1912.3758125305176,0.07275469643729074,logic,1912.3758125305176
jabref\src\main\java\org\jabref\gui\externalfiles\ImportHandler.java,2436.510772705078,0.3370532717023577,0.5651878901890346,gui,2436.510772705078
jabref\src\main\java\org\jabref\gui\copyfiles\CopyFilesDialogViewModel.java,2261.1863327026367,0.052739041192190986,35.00726401805878,gui,2261.1863327026367
jabref\src\main\java\org\jabref\gui\util\ViewModelTableRowFactory.java,1894.3194580078125,0.12441013881138392,139.27093625068665,gui,1894.3194580078125
jabref\src\test\java\org\jabref\logic\importer\fetcher\MedraTest.java,0.4595680236816406,1814.4582176208496,0.07941364560808455,logic,1814.4582176208496
jabref\src\main\java\org\jabref\logic\importer\fetcher\GrobidCitationFetcher.java,0.06018789836338588,1855.5980110168457,0.07135843549455916,logic,1855.5980110168457
jabref\src\main\java\org\jabref\model\openoffice\rangesort\RangeSortable.java,0.05577470575060163,0.17798805236816406,3286.9532012939453,model,3286.9532012939453
jabref\src\main\java\org\jabref\logic\integrity\ISSNChecker.java,0.044705959728785924,1916.7680358886719,0.07328313418797085,logic,1916.7680358886719
jabref\src\main\java\org\jabref\model\pdf\search\SearchFieldConstants.java,0.0547074658530099,0.17567569187709264,3275.2058029174805,model,3275.2058029174805
jabref\src\main\java\org\jabref\gui\specialfields\SpecialFieldMenuItemFactory.java,2425.8584594726562,0.06415120533534459,0.028576431955610004,gui,2425.8584594726562
jabref\src\test\java\org\jabref\logic\pdf\PdfAnnotationImporterTest.java,0.06522970199584961,1653.2829666137695,0.08615315982273647,logic,1653.2829666137695
jabref\src\test\java\org\jabref\logic\layout\format\ToUpperCaseTest.java,0.05646457672119141,1946.1943435668945,0.0730675220489502,logic,1946.1943435668945
jabref\src\main\java\org\jabref\model\texparser\LatexBibEntriesResolverResult.java,0.0738948004586356,0.1761431966509138,3118.4209060668945,model,3118.4209060668945
jabref\src\main\java\org\jabref\preferences\BibEntryPreferences.java,0.33515513283865794,0.006850391626358032,0.0285773583820888,gui,0.33515513283865794
jabref\src\main\java\org\jabref\gui\externalfiletype\ExternalFileType.java,2261.1863327026367,0.052739041192190986,0.0285773583820888,gui,2261.1863327026367
jabref\src\main\java\org\jabref\gui\desktop\os\OSX.java,2592.406463623047,0.2439676284790039,0.08052035059247697,gui,2592.406463623047
jabref\src\test\java\org\jabref\logic\layout\format\WrapContentTest.java,0.05468664850507464,1969.490737915039,0.10862581389290946,logic,1969.490737915039
jabref\src\main\java\org\jabref\gui\util\DirectoryDialogConfiguration.java,2219.521427154541,0.05176726409367153,0.050902298518589566,gui,2219.521427154541
jabref\src\main\java\org\jabref\logic\importer\fetcher\Medra.java,0.4160830361502511,1827.6979064941406,0.08682614053998675,logic,1827.6979064941406
jabref\src\test\java\org\jabref\architecture\MainArchitectureTest.java,2.5261348179408483,2.245101056780134,2.928872462681362,model,2.928872462681362
jabref\src\main\java\org\jabref\migrations\PreferencesMigrations.java,0.4842300959995815,1.3283245631626674,0.7423163277762277,logic,1.3283245631626674
jabref\src\main\java\org\jabref\logic\journals\JournalAbbreviationRepository.java,0.3418504170009068,1763.2593154907227,0.07889887264796666,logic,1763.2593154907227
jabref\src\test\java\org\jabref\gui\util\RecursiveTreeItemTest.java,2516.3919067382812,0.10657896314348493,0.874802235194615,gui,2516.3919067382812
jabref\src\test\java\org\jabref\logic\layout\format\AuthorLastFirstAbbrOxfordCommasTest.java,0.10460338592529297,1948.4437942504883,0.0722597667149135,logic,1948.4437942504883
jabref\src\main\java\org\jabref\gui\collab\stringadd\BibTexStringAdd.java,2209.623603820801,0.061661883762904574,0.057148490633283346,gui,2209.623603820801
jabref\src\main\java\org\jabref\logic\openoffice\action\EditMerge.java,0.263080324445452,1698.4199142456055,0.06653991426740374,logic,1698.4199142456055
jabref\src\main\java\org\jabref\logic\layout\format\AuthorFirstAbbrLastCommas.java,0.04547853810446603,1949.892292022705,0.07405599185398647,logic,1949.892292022705
jabref\src\test\java\org\jabref\model\entry\BibtexStringTest.java,0.09333632332938058,0.23847348349434988,2725.5905532836914,model,2725.5905532836914
jabref\src\main\java\org\jabref\logic\importer\fetcher\BiodiversityLibrary.java,0.202830137525286,1674.1682243347168,0.09598896162850516,logic,1674.1682243347168
jabref\src\main\java\org\jabref\gui\documentviewer\PdfDocumentViewModel.java,2509.6820068359375,0.0684558595929827,35.00697195529938,gui,2509.6820068359375
jabref\src\main\java\org\jabref\gui\autocompleter\AutoCompletePreferences.java,2536.878089904785,0.05867948532104492,0.028576847485133578,gui,2536.878089904785
jabref\src\main\java\org\jabref\logic\pdf\TextExtractor.java,0.35708765302385603,1907.8508758544922,0.08936610221862792,logic,1907.8508758544922
jabref\src\main\java\org\jabref\logic\importer\OpenDatabase.java,0.0898198059626988,1909.8140716552734,0.08965459551130023,logic,1909.8140716552734
jabref\src\main\java\org\jabref\gui\edit\ManageKeywordsViewModel.java,2384.887161254883,0.09577174867902483,35.00572443008423,gui,2384.887161254883
jabref\src\main\java\org\jabref\gui\edit\automaticfiededitor\MoveFieldValueAction.java,2154.1403579711914,0.050242342267717635,0.028576745305742536,gui,2154.1403579711914
jabref\src\main\java\org\jabref\logic\layout\format\ToLowerCase.java,0.04538905961172921,1988.4634017944336,0.07396648270743233,logic,1988.4634017944336
jabref\src\test\java\org\jabref\logic\importer\fetcher\ApsFetcherTest.java,0.3504115240914481,1874.9710845947266,0.07207046917506627,logic,1874.9710845947266
jabref\src\main\java\org\jabref\logic\openoffice\style\OOFormatBibliography.java,0.2896278381347656,1794.020767211914,0.11180445807320731,logic,1794.020767211914
jabref\src\main\java\org\jabref\logic\openoffice\frontend\UpdateCitationMarkers.java,0.20622527258736748,1793.094310760498,0.07026322228567941,logic,1793.094310760498
jabref\src\test\java\org\jabref\logic\importer\fileformat\IsiImporterTest.java,0.31437323434012276,1609.9985313415527,0.1529703140258789,logic,1609.9985313415527
jabref\src\main\java\org\jabref\gui\preferences\preview\PreviewTabViewModel.java,1985.5877685546875,0.06813227789742606,309.8795223236084,gui,1985.5877685546875
jabref\src\main\java\org\jabref\gui\fieldeditors\contextmenu\ProtectedTermsMenu.java,2060.032730102539,0.06060748100280762,0.07142701148986816,gui,2060.032730102539
jabref\src\main\java\org\jabref\logic\integrity\TypeChecker.java,0.052669218608311245,1912.1163940429688,0.07317460605076381,logic,1912.1163940429688
jabref\src\main\java\org\jabref\model\openoffice\rangesort\RangeSortEntry.java,0.05322605541774205,0.17246597834995814,3194.330520629883,model,3194.330520629883
jabref\src\test\java\org\jabref\logic\importer\fetcher\DBLPFetcherTest.java,0.057183851514543804,1826.3284492492676,0.07086744308471679,logic,1826.3284492492676
jabref\src\main\java\org\jabref\gui\slr\StudyDatabaseItem.java,2527.956123352051,0.05820821353367397,0.028576881544930596,gui,2527.956123352051
jabref\src\test\java\org\jabref\logic\importer\fetcher\MathSciNetTest.java,0.34601593017578125,1757.8585243225098,0.06896235602242606,logic,1757.8585243225098
jabref\src\main\java\org\jabref\logic\layout\AbstractParamLayoutFormatter.java,0.04368295328957694,1946.8324089050293,0.0722597667149135,logic,1946.8324089050293
jabref\src\main\java\org\jabref\logic\openoffice\style\OOProcessAuthorYearMarkers.java,0.30290072304861887,1808.6620903015137,0.07026322228567941,logic,1808.6620903015137
jabref\src\test\java\org\jabref\gui\externalfiles\AutoSetFileLinksUtilTest.java,2160.7338333129883,0.06805644035339356,0.0954347951071603,gui,2160.7338333129883
jabref\src\main\java\org\jabref\logic\bst\util\BstWidthCalculator.java,0.03740789549691337,1621.2799644470215,0.06598247119358608,logic,1621.2799644470215
jabref\src\main\java\org\jabref\gui\sidepane\TogglePaneAction.java,2233.0324172973633,0.0626096180507115,0.028577194895063128,gui,2233.0324172973633
jabref\src\main\java\org\jabref\gui\groups\MoveGroupChange.java,2248.6779022216797,0.05244729859488351,0.028577286856515068,gui,2248.6779022216797
jabref\src\test\java\org\jabref\logic\layout\format\NameFormatterTest.java,0.11170310292925154,1893.9701843261719,0.7731807708740235,logic,1893.9701843261719
jabref\src\main\java\org\jabref\model\entry\event\FieldChangedEvent.java,0.04802429335457938,0.1700638498578753,3078.1580352783203,model,3078.1580352783203
jabref\src\main\java\org\jabref\logic\openoffice\style\OOProcessNumericMarkers.java,0.04459746905735561,1912.1163940429688,0.07317460605076381,logic,1912.1163940429688
jabref\src\test\java\org\jabref\logic\importer\fileformat\OvidImporterTest.java,0.2961306163242885,1629.5742797851562,0.08563030106680734,logic,1629.5742797851562
jabref\src\main\java\org\jabref\logic\importer\fileformat\RepecNepImporter.java,0.07666682515825544,1806.3003540039062,0.0841757025037493,logic,1806.3003540039062
jabref\src\test\java\org\jabref\logic\importer\fileformat\CitaviXmlImporterTest.java,0.05719964163643973,1921.4829635620117,0.0733931405203683,logic,1921.4829635620117
jabref\src\main\java\org\jabref\logic\util\StandardFileType.java,0.3793416704450335,2067.8919219970703,0.1572019032069615,logic,2067.8919219970703
jabref\src\test\java\org\jabref\migrations\ConvertLegacyExplicitGroupsTest.java,0.015421341146741594,0.0,0.028576615878513883,model,0.028576615878513883
jabref\src\test\java\org\jabref\logic\layout\format\HTMLParagraphsTest.java,0.05350230761936733,1876.954574584961,0.10623905999319894,logic,1876.954574584961
jabref\src\main\java\org\jabref\logic\importer\ImportCleanup.java,0.04492740971701486,1926.2626457214355,0.07350466591971261,logic,1926.2626457214355
jabref\src\main\java\org\jabref\logic\integrity\NoBibtexFieldChecker.java,0.2601208278111049,2055.6377029418945,0.1743278775896345,logic,2055.6377029418945
jabref\src\test\java\org\jabref\logic\integrity\CitationKeyCheckerTest.java,0.05879888534545898,1841.6289329528809,0.07152999469212123,logic,1841.6289329528809
jabref\src\test\java\org\jabref\gui\importer\fetcher\WebSearchPaneViewModelTest.java,2197.7209281921387,0.06420567376273019,35.00642955303192,gui,2197.7209281921387
jabref\src\test\java\org\jabref\logic\integrity\TypeCheckerTest.java,0.06781763349260603,1902.9984283447266,0.07296186174665178,logic,1902.9984283447266
jabref\src\main\java\org\jabref\model\groups\GroupTreeNode.java,0.2376772744315011,0.1792703219822475,2496.990394592285,model,2496.990394592285
jabref\src\main\java\org\jabref\gui\util\OpenHyperlinksInExternalBrowser.java,2171.926612854004,0.09621526854378837,0.8797624860491071,gui,2171.926612854004
jabref\src\main\java\org\jabref\logic\net\ssl\SSLCertificate.java,0.04245091847011021,1820.083179473877,0.08839889253888811,logic,1820.083179473877
jabref\src\test\java\org\jabref\logic\importer\fileformat\CustomImporterTest.java,0.09952037675040108,2008.675880432129,0.11103860991341727,logic,2008.675880432129
jabref\src\test\java\org\jabref\cli\ArgumentProcessorTest.java,0.5752798352922712,0.11880279268537249,1.0794467381068638,model,1.0794467381068638
jabref\src\test\java\org\jabref\logic\bibtex\BibEntryWriterTest.java,0.21339161736624582,1421.076717376709,0.10558560916355678,logic,1421.076717376709
jabref\src\main\java\org\jabref\logic\importer\fileformat\MedlineImporter.java,0.2388889857700893,1481.6843795776367,0.0901768548148019,logic,1481.6843795776367
jabref\src\main\java\org\jabref\logic\bibtex\InvalidFieldValueException.java,0.045599331174577984,1955.0713157653809,0.07417682238987514,logic,1955.0713157653809
jabref\src\main\java\org\jabref\logic\bst\BstVM.java,0.10128128187997,1909.3968391418457,0.24345158168247769,logic,1909.3968391418457
jabref\src\main\java\org\jabref\logic\integrity\NoteChecker.java,0.057074274335588725,1919.117488861084,0.0733379568372454,logic,1919.117488861084
jabref\src\test\java\org\jabref\logic\pdf\EntryAnnotationImporterTest.java,0.059394182477678574,1913.7879943847656,0.13827599116734096,logic,1913.7879943847656
jabref\src\main\java\org\jabref\logic\layout\format\Default.java,0.0453005245753697,1942.2600746154785,0.07387791361127581,logic,1942.2600746154785
jabref\src\test\java\org\jabref\logic\layout\format\EntryTypeFormatterTest.java,0.057074274335588725,1919.117488861084,0.0733379568372454,logic,1919.117488861084
jabref\src\test\java\org\jabref\logic\integrity\DoiValidityCheckerTest.java,0.05917517117091588,1862.9491806030273,0.07152999469212123,logic,1862.9491806030273
jabref\src\test\java\org\jabref\logic\formatter\bibtexfields\EscapeAmpersandsFormatterTest.java,0.0607973643711635,1889.7663497924805,0.12340232304164342,logic,1889.7663497924805
jabref\src\main\java\org\jabref\gui\edit\CopyMoreAction.java,2079.447727203369,0.1014838491167341,0.06863375391278947,gui,2079.447727203369
jabref\src\test\java\org\jabref\logic\layout\format\AuthorsTest.java,0.0575049877166748,1610.92378616333,0.4568734850202288,logic,1610.92378616333
jabref\src\main\java\org\jabref\logic\auxparser\AuxParser.java,0.04562980106898717,1956.3776206970215,0.09268712997436523,logic,1956.3776206970215
jabref\src\main\java\org\jabref\gui\preferences\external\ExternalTabViewModel.java,2021.9652366638184,0.07333816800798688,35.00486493110657,gui,2021.9652366638184
jabref\src\test\java\org\jabref\logic\integrity\NoBibTexFieldCheckerTest.java,0.26326174054827006,1977.2857093811035,0.15162297657557897,logic,1977.2857093811035
jabref\src\main\java\org\jabref\gui\push\PushToLyx.java,2383.2419967651367,0.06162006514413016,0.05714774131774902,gui,2383.2419967651367
jabref\src\main\java\org\jabref\logic\importer\fetcher\transformers\ResearchGateQueryTransformer.java,0.04465152876717704,1927.1856307983398,0.07322868619646344,logic,1927.1856307983398
jabref\src\test\java\org\jabref\logic\citationstyle\CitationStyleCacheTest.java,0.060843985421316964,1926.2626457214355,0.10207609449114119,logic,1926.2626457214355
jabref\src\main\java\org\jabref\gui\autocompleter\PersonNameSuggestionProvider.java,2154.1403579711914,0.050242342267717635,0.057148170471191403,gui,2154.1403579711914
jabref\src\main\java\org\jabref\model\search\matchers\NotMatcher.java,0.05499446051461356,0.17629751477922712,3258.5976791381836,model,3258.5976791381836
jabref\src\main\java\org\jabref\gui\util\DialogWindowState.java,2255.788345336914,0.052613139152526855,0.02857732432229178,gui,2255.788345336914
jabref\src\main\java\org\jabref\gui\actions\Action.java,2272.154006958008,0.05299484389168876,0.028577419689723424,gui,2272.154006958008
jabref\src\main\java\org\jabref\gui\push\PushToLyxSettings.java,2353.2829666137695,0.052571463584899905,0.04608120237077985,gui,2353.2829666137695
jabref\src\test\java\org\jabref\logic\util\UpdateFieldTest.java,0.43071013859340124,1639.610424041748,0.07243126460484096,logic,1639.610424041748
jabref\src\main\java\org\jabref\logic\cleanup\UpgradePdfPsToFileCleanup.java,0.043129137584141324,1864.48392868042,0.09359198297773089,logic,1864.48392868042
jabref\src\main\java\org\jabref\gui\texparser\ParseLatexResultView.java,2234.1473960876465,0.11001797403608049,0.13752155303955077,gui,2234.1473960876465
jabref\src\test\java\org\jabref\model\entry\identifier\ISBNTest.java,0.06242099489484514,0.15520571299961636,2904.821891784668,model,2904.821891784668
jabref\src\main\java\org\jabref\gui\edit\automaticfiededitor\NotificationPaneAdapter.java,2236.467742919922,0.09681987081255232,0.8386524745396206,gui,2236.467742919922
jabref\src\main\java\org\jabref\logic\exporter\GroupSerializer.java,0.06684621402195522,1726.8353843688965,0.6701521737234933,logic,1726.8353843688965
jabref\src\test\java\org\jabref\logic\bibtex\comparator\CrossRefEntryComparatorTest.java,0.0596214975629534,1864.7935485839844,0.07207046917506627,logic,1864.7935485839844
jabref\src\main\java\org\jabref\logic\remote\Protocol.java,0.24143071855817522,1841.9183921813965,0.14126037870134625,logic,1841.9183921813965
jabref\src\main\java\org\jabref\gui\specialfields\SpecialFieldValueViewModel.java,2071.2412643432617,0.062125567027500696,52.251596450805664,gui,2071.2412643432617
jabref\src\main\java\org\jabref\logic\importer\EntryBasedFetcher.java,0.045538718359810965,1952.4725914001465,0.0741161891392299,logic,1952.4725914001465
jabref\src\main\java\org\jabref\gui\mergeentries\FetchAndMergeEntry.java,2415.660629272461,0.06338317734854562,0.08104955809456961,gui,2415.660629272461
jabref\src\main\java\org\jabref\logic\shared\DatabaseConnectionProperties.java,0.04538905961172921,1946.056022644043,0.10253791127886092,logic,1946.056022644043
jabref\src\main\java\org\jabref\gui\dialogs\BackupUIManager.java,2329.876289367676,0.09884229387555804,0.07759802682059151,gui,2329.876289367676
jabref\src\main\java\org\jabref\gui\errorconsole\ErrorConsoleView.java,2061.931571960449,0.33732098170689173,0.15866704668317522,gui,2061.931571960449
jabref\src\main\java\org\jabref\gui\groups\GroupTreeViewModel.java,2019.9258041381836,0.1482065200805664,151.160786151886,gui,2019.9258041381836
jabref\src\main\java\org\jabref\model\entry\identifier\IacrEprint.java,0.047444697788783484,0.15993969781058176,2984.225845336914,model,2984.225845336914
jabref\src\test\java\org\jabref\logic\importer\fileformat\InspecImporterTest.java,0.226814147404262,1777.4030303955078,0.06920147623334612,logic,1777.4030303955078
jabref\src\main\java\org\jabref\gui\shared\SharedDatabaseUIManager.java,2245.0615310668945,0.08273187364850726,0.1392303466796875,gui,2245.0615310668945
jabref\src\main\java\org\jabref\gui\slr\SlrStudyAndDirectory.java,2279.4831466674805,0.05269692965916225,0.04936957359313965,gui,2279.4831466674805
jabref\src\main\java\org\jabref\logic\integrity\EditionChecker.java,0.05775938034057617,1884.1618156433105,0.10027717862810408,logic,1884.1618156433105
jabref\src\main\java\org\jabref\gui\preferences\network\NetworkTabViewModel.java,2125.664405822754,0.09580082893371582,80.72595477104187,gui,2125.664405822754
jabref\src\test\java\org\jabref\logic\importer\util\ShortDOIServiceTest.java,0.3379620688302176,1935.961799621582,0.07350466591971261,logic,1935.961799621582
jabref\src\main\java\org\jabref\gui\preferences\groups\GroupsTabViewModel.java,2285.716133117676,0.05108821732657296,35.0067675113678,gui,2285.716133117676
jabref\src\test\java\org\jabref\logic\layout\format\ToLowerCaseTest.java,0.058402327128819057,1894.1193199157715,0.07275469643729074,logic,1894.1193199157715
jabref\src\main\java\org\jabref\logic\logging\LogMessages.java,0.04518392086029053,1953.1185340881348,0.1253873552594866,logic,1953.1185340881348
jabref\src\main\java\org\jabref\logic\layout\format\AuthorFirstLastOxfordCommas.java,0.04547853810446603,1949.892292022705,0.07405599185398647,logic,1949.892292022705
jabref\src\test\java\org\jabref\gui\groups\GroupDialogViewModelTest.java,2403.9976119995117,0.07524850709097726,77.64699578285217,gui,2403.9976119995117
jabref\src\main\java\org\jabref\gui\push\PushToEmacsSettings.java,2378.2651138305664,0.10314108303615026,0.02857715742928641,gui,2378.2651138305664
jabref\src\test\java\org\jabref\logic\layout\format\DateFormatterTest.java,0.058071981157575336,1886.7793655395508,0.09629271371023995,logic,1886.7793655395508
jabref\src\main\java\org\jabref\gui\collab\ChangeScanner.java,2495.6637954711914,0.057391575404575894,0.05714841570172991,gui,2495.6637954711914
jabref\src\main\java\org\jabref\model\entry\field\BiblatexApaField.java,0.05847602571759905,0.15993969781058176,3009.9089431762695,model,3009.9089431762695
jabref\src\test\java\org\jabref\model\database\DuplicationCheckerTest.java,0.057422855922154015,0.161848817552839,2820.6658935546875,model,2820.6658935546875
jabref\src\main\java\org\jabref\gui\sidepane\SidePane.java,2235.922737121582,0.05992457526070731,0.028576810019356864,gui,2235.922737121582
jabref\src\main\java\org\jabref\logic\util\strings\StringSimilarity.java,0.04509752818516322,1933.5564041137695,0.0736748422895159,logic,1933.5564041137695
jabref\src\test\java\org\jabref\logic\openoffice\style\OOPreFormatterTest.java,0.057905844279697964,1801.5118598937988,0.11122641563415528,logic,1801.5118598937988
jabref\src\main\java\org\jabref\model\openoffice\uno\CreationException.java,0.05607303551265171,0.1786344255719866,3297.7951049804688,model,3297.7951049804688
jabref\src\main\java\org\jabref\gui\collab\ExternalChangesResolverViewModel.java,2469.184684753418,0.06629246303013393,70.00627517700195,gui,2469.184684753418
jabref\src\main\java\org\jabref\logic\formatter\bibtexfields\RemoveDigitsFormatter.java,0.044815928595406666,1921.4829635620117,0.0733931405203683,logic,1921.4829635620117
jabref\src\main\java\org\jabref\migrations\ConvertLegacyExplicitGroups.java,0.210954897744315,0.06740726743425642,0.8926586151123047,model,0.8926586151123047
jabref\src\test\java\org\jabref\model\groups\ExplicitGroupTest.java,0.06095715931483677,0.16608706883021762,2867.800750732422,model,2867.800750732422
jabref\src\main\java\org\jabref\gui\documentviewer\ShowDocumentViewerAction.java,2347.6267623901367,0.06325007847377233,0.028577286856515068,gui,2347.6267623901367
jabref\src\test\java\org\jabref\logic\layout\format\WrapFileLinksTest.java,0.13035368238176617,1731.5804862976074,0.08375039100646972,logic,1731.5804862976074
jabref\src\main\java\org\jabref\model\openoffice\style\NonUniqueCitationMarker.java,0.05637457370758057,0.1792877605983189,3308.753433227539,model,3308.753433227539
jabref\src\main\java\org\jabref\logic\bibtex\FieldWriter.java,0.14617489406040737,1816.484031677246,0.06752287319728306,logic,1816.484031677246
jabref\src\main\java\org\jabref\logic\autosaveandbackup\AutosaveManager.java,0.04349372727530343,1876.0887336730957,0.16426728112357003,logic,1876.0887336730957
jabref\src\test\java\org\jabref\logic\bibtex\comparator\PreambleDiffTest.java,0.05905236516680036,1881.2282371520996,0.07245392118181501,logic,1881.2282371520996
jabref\src\main\java\org\jabref\gui\actions\Sources.java,2290.9581756591797,0.05343342849186489,0.02857752868107387,gui,2290.9581756591797
jabref\src\main\java\org\jabref\model\database\BibDatabaseMode.java,0.054235741070338656,0.17465362548828126,3316.4382553100586,model,3316.4382553100586
jabref\src\test\java\org\jabref\support\CIServerCondition.java,0.23455707005092075,0.006359511613845825,0.02857709952763149,gui,0.23455707005092075
jabref\src\test\java\org\jabref\model\entry\field\UnknownFieldTest.java,0.07124407632010324,0.17650623321533204,3262.0986938476562,model,3262.0986938476562
jabref\src\main\java\org\jabref\logic\util\io\BackupFileUtil.java,0.285320554460798,1931.173439025879,0.10599738529750279,logic,1931.173439025879
jabref\src\main\java\org\jabref\logic\importer\fileformat\BibtexParser.java,0.23677997589111327,1528.2061386108398,0.10901465415954589,logic,1528.2061386108398
jabref\src\test\java\org\jabref\logic\shared\TestManager.java,0.0499767575945173,1775.22367477417,0.06998209953308106,logic,1775.22367477417
jabref\src\test\java\org\jabref\logic\util\strings\StringSimilarityTest.java,0.0568270172391619,1927.1856307983398,0.07322868619646344,logic,1927.1856307983398
jabref\src\main\java\org\jabref\logic\exporter\EmbeddedBibFilePdfExporter.java,0.21637560980660575,1789.131202697754,0.12014547075544085,logic,1789.131202697754
jabref\src\main\java\org\jabref\logic\importer\fetcher\DiVA.java,0.04428057670593262,1898.5297012329102,0.094975859778268,logic,1898.5297012329102
jabref\src\main\java\org\jabref\gui\theme\ThemeManager.java,2174.7890281677246,0.1115278857094901,0.06719094003949846,gui,2174.7890281677246
jabref\src\main\java\org\jabref\logic\citationstyle\CitationStyleGenerator.java,0.04229112352643694,1833.7077903747559,0.21038593564714705,logic,1833.7077903747559
jabref\src\main\java\org\jabref\gui\preferences\customentrytypes\FieldViewModel.java,2247.183609008789,0.05946294239589146,35.00651299953461,gui,2247.183609008789
jabref\src\test\java\org\jabref\logic\l10n\LocalizationConsistencyTest.java,0.19578492300851005,1878.1809043884277,0.11089866501944405,logic,1878.1809043884277
jabref\src\test\java\org\jabref\gui\edit\EditFieldContentTabViewModelTest.java,2050.2134132385254,0.04681551456451416,63.897252678871155,gui,2050.2134132385254
jabref\src\main\java\org\jabref\gui\cleanup\CleanupAction.java,2357.921257019043,0.07659576960972377,0.06885764939444405,gui,2357.921257019043
jabref\src\main\java\org\jabref\gui\fieldeditors\GenderEditorViewModel.java,2231.595935821533,0.1313197408403669,80.05644679069519,gui,2231.595935821533
jabref\src\main\java\org\jabref\logic\layout\format\AuthorLastFirst.java,0.04547853810446603,1949.892292022705,0.07405599185398647,logic,1949.892292022705
jabref\src\main\java\org\jabref\gui\push\PushToApplicationCommand.java,2375.536346435547,0.2529651369367327,1.3417241777692521,gui,2375.536346435547
jabref\src\main\java\org\jabref\model\entry\event\FieldAddedOrRemovedEvent.java,0.055675962993076866,0.17777411597115653,3347.614402770996,model,3347.614402770996
jabref\src\main\java\org\jabref\logic\importer\fetcher\transformers\IEEEQueryTransformer.java,0.043129137584141324,1860.0256156921387,0.08992620876857213,logic,1860.0256156921387
jabref\src\main\java\org\jabref\logic\importer\fileformat\BiblioscapeImporter.java,0.03647069931030274,1712.3608207702637,0.1142733097076416,logic,1712.3608207702637
jabref\src\main\java\org\jabref\gui\exporter\CreateModifyExporterDialogView.java,2266.08097076416,0.05065718378339495,0.06647812979561941,gui,2266.08097076416
jabref\src\test\java\org\jabref\logic\importer\fetcher\DOAJFetcherTest.java,0.38608897072928294,1973.0663871765137,0.7484032767159599,logic,1973.0663871765137
jabref\src\main\java\org\jabref\logic\importer\WebFetchers.java,0.2620164326259068,1687.0407485961914,0.10408977099827357,logic,1687.0407485961914
jabref\src\test\java\org\jabref\logic\bibtex\FieldWriterTest.java,0.06186802727835519,1778.0684661865234,0.14417591094970703,logic,1778.0684661865234
jabref\src\main\java\org\jabref\logic\formatter\casechanger\CapitalizeFormatter.java,0.08201720373971122,2037.9933738708496,0.09377589906964984,logic,2037.9933738708496
jabref\src\main\java\org\jabref\logic\layout\format\AuthorLastFirstAbbreviator.java,0.04547853810446603,1949.892292022705,0.07405599185398647,logic,1949.892292022705
jabref\src\main\java\org\jabref\gui\maintable\columns\FieldColumn.java,2271.693115234375,0.25836091722760884,2.7174996512276786,gui,2271.693115234375
jabref\src\main\java\org\jabref\logic\importer\FetcherResult.java,0.0453005245753697,1942.2600746154785,0.07387791361127581,logic,1942.2600746154785
jabref\src\main\java\org\jabref\preferences\CleanupPreferences.java,0.2744784218924386,0.014108119692121232,0.028576551164899554,gui,0.2744784218924386
jabref\src\test\java\org\jabref\logic\integrity\CitationKeyDeviationCheckerTest.java,0.05820826121738979,1889.7663497924805,0.07265313693455287,logic,1889.7663497924805
jabref\src\main\java\org\jabref\model\openoffice\style\PageInfo.java,0.3441347667149135,0.17424215589250838,3083.24520111084,model,3083.24520111084
jabref\src\main\java\org\jabref\gui\fieldeditors\identifier\DoiIdentifierEditorViewModel.java,2902.5425338745117,0.06453018869672503,35.006354451179504,gui,2902.5425338745117
jabref\src\main\java\org\jabref\gui\desktop\os\Linux.java,2235.247287750244,0.26382876804896765,0.08218070438929967,gui,2235.247287750244
jabref\src\main\java\org\jabref\preferences\PreviewPreferences.java,0.2865034920828683,0.0056165035281862535,0.028576677186148508,gui,0.2865034920828683
jabref\src\main\java\org\jabref\gui\mergeentries\newmergedialog\diffhighlighter\DiffHighlighter.java,2191.3625717163086,0.04997433253696987,0.028576677186148508,gui,2191.3625717163086
jabref\src\main\java\org\jabref\gui\JabRefExecutorService.java,2274.816017150879,0.17244570595877512,0.17355175018310548,gui,2274.816017150879
jabref\src\test\java\org\jabref\logic\bibtex\comparator\BibtexStringComparatorTest.java,0.0547196592603411,1941.90092086792,0.09709717205592565,logic,1941.90092086792
jabref\src\main\java\org\jabref\gui\util\BackgroundTask.java,2316.0020065307617,0.19766052791050504,0.6082205091203962,gui,2316.0020065307617
jabref\src\main\java\org\jabref\logic\layout\format\AuthorFirstLastCommas.java,0.04544860635484968,1948.6089515686035,0.07402604648045132,logic,1948.6089515686035
jabref\src\main\java\org\jabref\gui\autocompleter\FieldValueSuggestionProvider.java,2250.4461669921875,0.05248854500906808,0.05714872223990304,gui,2250.4461669921875
jabref\src\main\java\org\jabref\gui\maintable\MainTableDataModel.java,2095.032730102539,0.09273745673043388,825.3545379638672,gui,2095.032730102539
jabref\src\main\java\org\jabref\gui\fieldeditors\OptionEditor.java,2165.922737121582,0.0505171503339495,0.1191091673714774,gui,2165.922737121582
jabref\src\test\java\org\jabref\logic\layout\format\LatexToUnicodeFormatterTest.java,0.20214791979108537,1767.7695655822754,0.18151509421212333,logic,1767.7695655822754
jabref\src\main\java\org\jabref\logic\journals\AbbreviationWriter.java,0.04459746905735561,1912.1163940429688,0.09471515927995955,logic,1912.1163940429688
jabref\src\main\java\org\jabref\logic\search\DatabaseSearcher.java,0.04449042592729841,1907.526969909668,0.1867191859654018,logic,1907.526969909668
jabref\src\main\java\org\jabref\gui\texparser\CitationsDisplay.java,2382.041435241699,0.14902430943080358,0.7282833644321987,gui,2382.041435241699
jabref\src\main\java\org\jabref\gui\entryeditor\fileannotationtab\FulltextSearchResultsTab.java,2299.2211151123047,0.07757369450160435,0.09055718694414411,gui,2299.2211151123047
jabref\src\main\java\org\jabref\logic\remote\server\RemoteMessageHandler.java,0.045599331174577984,1955.0713157653809,0.07417682238987514,logic,1955.0713157653809
jabref\src\main\java\org\jabref\gui\util\uithreadaware\UiThreadStringProperty.java,2505.9713745117188,0.058019099916730606,0.028576847485133578,gui,2505.9713745117188
jabref\src\test\java\org\jabref\logic\importer\fileformat\PdfVerbatimBibTextImporterTest.java,0.057775143214634485,1823.1486701965332,0.0913177217755999,logic,1823.1486701965332
jabref\src\test\java\org\jabref\gui\slr\ManageStudyDefinitionViewModelTest.java,2177.0069694519043,0.1108914715903146,106.96912884712219,gui,2177.0069694519043
jabref\src\main\java\org\jabref\gui\externalfiles\FileFilterUtils.java,2074.1928672790527,0.047208459036690846,0.0596498966217041,gui,2074.1928672790527
jabref\src\main\java\org\jabref\model\openoffice\uno\UnoNameAccess.java,0.0675297464643206,0.20947671617780414,3248.1678009033203,model,3248.1678009033203
jabref\src\main\java\org\jabref\model\metadata\ContentSelectors.java,0.0958986691066197,0.17114678791591098,2984.225845336914,model,2984.225845336914
jabref\src\main\java\org\jabref\gui\preferences\protectedterms\NewProtectedTermsFileDialog.java,2250.5113220214844,0.09890637397766114,0.09424911226545062,gui,2250.5113220214844
jabref\src\main\java\org\jabref\model\entry\types\BiblatexApaEntryType.java,0.05286815166473389,0.1716905185154506,3181.32381439209,model,3181.32381439209
jabref\src\main\java\org\jabref\model\openoffice\uno\UnoCast.java,0.18757453645978656,0.21040047236851284,3258.5976791381836,model,3258.5976791381836
jabref\src\main\java\org\jabref\logic\formatter\Formatters.java,0.1448155539376395,1974.9100875854492,0.09904381888253348,logic,1974.9100875854492
jabref\src\test\java\org\jabref\logic\integrity\UrlCheckerTest.java,0.06129932403564453,1898.5297012329102,0.07285759789603097,logic,1898.5297012329102
jabref\src\main\java\org\jabref\model\schema\DublinCoreSchemaCustom.java,0.049851274490356444,0.1937253815787179,3099.449577331543,model,3099.449577331543
jabref\src\main\java\org\jabref\gui\search\GlobalSearchResultDialog.java,2129.6542167663574,0.23983328683035715,2.371323939732143,gui,2129.6542167663574
jabref\src\main\java\org\jabref\logic\integrity\PagesChecker.java,0.05468664850507464,1872.9066848754883,0.10083119528634207,logic,1872.9066848754883
jabref\src\main\java\org\jabref\gui\collab\preamblechange\PreambleChange.java,2222.865161895752,0.051845250810895645,0.05714856556483677,gui,2222.865161895752
jabref\src\main\java\org\jabref\logic\layout\format\DOICheck.java,0.32407341003417967,1981.797695159912,0.07361772400992257,logic,1981.797695159912
jabref\src\test\java\org\jabref\logic\importer\fetcher\CiteSeerTest.java,0.33516169956752234,1846.0104751586914,0.0710272925240653,logic,1846.0104751586914
jabref\src\main\java\org\jabref\model\entry\types\BiblatexSoftwareEntryTypeDefinitions.java,0.2852856772286551,0.18021234784807477,2810.4098510742188,model,2810.4098510742188
jabref\src\main\java\org\jabref\gui\util\RadioButtonCell.java,2154.1403579711914,0.08803437096732003,0.028576745305742536,gui,2154.1403579711914
jabref\src\test\java\org\jabref\logic\layout\format\AuthorFirstLastCommasTest.java,0.10601004191807338,1917.5041007995605,0.07135843549455916,logic,1917.5041007995605
jabref\src\test\java\org\jabref\logic\layout\format\ShortMonthFormatterTest.java,0.058798176901681085,1902.9984283447266,0.07296186174665178,logic,1902.9984283447266
jabref\src\main\java\org\jabref\logic\integrity\BracketChecker.java,0.09674399239676339,1973.7593269348145,0.07312088693891253,logic,1973.7593269348145
jabref\src\test\java\org\jabref\logic\remote\RemoteCommunicationTest.java,0.059694038118634905,1890.824317932129,0.10324669565473284,logic,1890.824317932129
jabref\src\main\java\org\jabref\gui\fieldeditors\LinkedFileViewModel.java,2053.400001525879,0.14594293321881976,716.738166809082,gui,2053.400001525879
jabref\src\main\java\org\jabref\gui\util\TooltipTextUtil.java,2086.346950531006,0.062253931590488976,0.06427622522626604,gui,2086.346950531006
jabref\src\main\java\org\jabref\logic\importer\fetcher\DoiFetcher.java,0.9648236955915178,1740.3400993347168,0.12198178427559989,logic,1740.3400993347168
jabref\src\main\java\org\jabref\gui\exporter\SaveDatabaseAction.java,2242.624092102051,0.17795549120221818,1.2652047293526785,gui,2242.624092102051
jabref\src\main\java\org\jabref\gui\preferences\customentrytypes\CustomEntryTypeViewModel.java,2374.5355224609375,0.05303800446646554,35.0073516368866,gui,2374.5355224609375
jabref\src\main\java\org\jabref\gui\FXDialog.java,2142.649440765381,0.05901538303920201,0.11815606525966099,gui,2142.649440765381
jabref\src\main\java\org\jabref\gui\preferences\nameformatter\NameFormatterItemModel.java,2313.120231628418,0.051689798491341726,35.00694692134857,gui,2313.120231628418
jabref\src\main\java\org\jabref\gui\help\AboutAction.java,2262.998390197754,0.05278130258832659,0.0285773686000279,gui,2262.998390197754
jabref\src\main\java\org\jabref\model\groups\KeywordGroup.java,0.062166506903512136,0.1672483035496303,3106.81396484375,model,3106.81396484375
jabref\src\main\java\org\jabref\model\search\matchers\MatcherSets.java,0.0552844796861921,0.1899848529270717,3269.1375732421875,model,3269.1375732421875
jabref\src\main\java\org\jabref\logic\util\UnknownFileType.java,0.14492717470441546,1939.5210266113281,0.07245392118181501,logic,1939.5210266113281
jabref\src\main\java\org\jabref\gui\slr\ManageStudyDefinitionViewModel.java,1987.7758026123047,0.08685496194022042,96.24067068099976,gui,1987.7758026123047
jabref\src\main\java\org\jabref\gui\preferences\table\TableTabViewModel.java,1936.958885192871,0.09215446199689592,35.00397205352783,gui,1936.958885192871
jabref\src\test\java\org\jabref\logic\exporter\OpenOfficeDocumentCreatorTest.java,0.35343033926827566,1920.8140563964844,0.1602748189653669,logic,1920.8140563964844
jabref\src\main\java\org\jabref\gui\groups\GroupDescriptions.java,2007.215232849121,0.14312656947544644,0.04317963123321533,gui,2007.215232849121
jabref\src\main\java\org\jabref\gui\citationkeypattern\GenerateCitationKeySingleAction.java,2244.623603820801,0.05153641019548689,0.057148490633283346,gui,2244.623603820801
jabref\src\main\java\org\jabref\gui\actions\JabRefAction.java,2079.260139465332,0.04849586486816406,0.06086062022617885,gui,2079.260139465332
jabref\src\main\java\org\jabref\gui\fieldeditors\TextInputControlBehavior.java,1894.3194580078125,0.04418237890516009,0.028575256892613,gui,1894.3194580078125
jabref\src\main\java\org\jabref\logic\shared\event\ConnectionLostEvent.java,0.04544860635484968,1948.6089515686035,0.1264746802193778,logic,1948.6089515686035
jabref\src\main\java\org\jabref\logic\importer\fileformat\MsBibImporter.java,0.04261448042733329,1827.0957565307617,0.07119090897696359,logic,1827.0957565307617
jabref\src\main\java\org\jabref\gui\importer\actions\CheckForNewEntryTypesAction.java,2243.0251693725586,0.1470370020185198,1.3378620692661831,gui,2243.0251693725586
jabref\src\main\java\org\jabref\gui\collab\metedatachange\MetadataChangeDetailsView.java,2442.229995727539,0.33474949428013395,1.1401807512555804,gui,2442.229995727539
jabref\src\main\java\org\jabref\logic\l10n\Localization.java,0.2892861502511161,1804.36279296875,0.06945153645106725,logic,1804.36279296875
jabref\src\main\java\org\jabref\logic\integrity\IntegrityCheck.java,0.04261448042733329,1827.0957565307617,0.09976233754839216,logic,1827.0957565307617
jabref\src\main\java\org\jabref\gui\search\rules\describer\ContainsAndRegexBasedSearchRuleDescriber.java,2294.876289367676,0.09497246061052594,0.07777019909449986,gui,2294.876289367676
jabref\src\main\java\org\jabref\gui\entryeditor\FieldsEditorTab.java,2344.7254943847656,0.20555527550833566,1.3214012145996095,gui,2344.7254943847656
jabref\src\main\java\org\jabref\gui\collab\DatabaseChangesResolverDialog.java,2095.032730102539,0.06419911384582519,0.11785178865705218,gui,2095.032730102539
jabref\src\main\java\org\jabref\gui\push\PushToTeXstudio.java,2274.926300048828,0.05224318504333496,0.06551191466195243,gui,2274.926300048828
jabref\src\test\java\org\jabref\logic\formatter\casechanger\ProtectTermsFormatterTest.java,0.0604069573538644,1864.7935485839844,0.07207046917506627,logic,1864.7935485839844
jabref\src\main\java\org\jabref\logic\openoffice\action\ExportCited.java,0.2976581573486328,1866.1943817138672,0.13028670719691685,logic,1866.1943817138672
jabref\src\main\java\org\jabref\gui\util\CustomLocalDragboard.java,2433.361167907715,0.09267022269112724,0.12199399130684989,gui,2433.361167907715
jabref\src\main\java\org\jabref\gui\util\uithreadaware\UiThreadBinding.java,2184.16748046875,0.05094267981392997,0.02857691560472761,gui,2184.16748046875
jabref\src\main\java\org\jabref\logic\database\DuplicateCheck.java,0.4681185586111886,1625.8806037902832,0.19970038277762278,logic,1625.8806037902832
jabref\src\main\java\org\jabref\model\strings\LatexToUnicodeAdapter.java,0.26960394723074776,0.17564781733921597,3195.347366333008,model,3195.347366333008
jabref\src\main\java\org\jabref\gui\push\PushToVimSettings.java,2374.504280090332,0.10280482428414481,0.028577136993408202,gui,2374.504280090332
jabref\src\main\java\org\jabref\logic\openoffice\style\OOBibStyleGetCitationMarker.java,0.3719704764229911,1587.033519744873,0.09709642274039132,logic,1587.033519744873
jabref\src\main\java\org\jabref\gui\groups\UndoableChangeEntriesOfGroup.java,2239.9264335632324,0.0898078169141497,0.6859583718436105,gui,2239.9264335632324
jabref\src\main\java\org\jabref\gui\preferences\general\GeneralTab.java,2211.4414024353027,0.0494577169418335,0.028576551164899554,gui,2211.4414024353027
jabref\src\main\java\org\jabref\logic\importer\fetcher\transformers\JstorQueryTransformer.java,0.044177709306989395,1906.258316040039,0.07275469643729074,logic,1906.258316040039
jabref\src\main\java\org\jabref\gui\edit\EditAction.java,3067.257652282715,0.15989784513201033,0.16480234691074916,gui,3067.257652282715
jabref\src\main\java\org\jabref\gui\search\SearchTextField.java,2254.0013885498047,0.052571463584899905,0.02857731410435268,gui,2254.0013885498047
jabref\src\test\java\org\jabref\support\DisabledOnCIServer.java,0.013212207385471889,0.0,0.028577440125601632,model,0.028577440125601632
jabref\src\main\java\org\jabref\gui\preferences\customimporter\CustomImporterTab.java,2211.4414024353027,0.06066481045314244,0.046577654566083634,gui,2211.4414024353027
jabref\src\main\java\org\jabref\gui\dialogs\AutosaveUiManager.java,2245.15926361084,0.052365231513977054,0.0714102131979806,gui,2245.15926361084
jabref\src\main\java\org\jabref\gui\integrity\IntegrityCheckDialog.java,2060.3742599487305,0.046077326365879606,0.08695519992283413,gui,2060.3742599487305
jabref\src\main\java\org\jabref\model\groups\RegexKeywordGroup.java,0.11057210649762834,0.21386105673653738,3026.8738174438477,model,3026.8738174438477
jabref\src\main\java\org\jabref\gui\preferences\citationkeypattern\CitationKeyPatternTab.java,2167.6257133483887,0.04849586486816406,0.028576316152300153,gui,2167.6257133483887
jabref\src\test\java\org\jabref\logic\layout\format\AuthorLastFirstTest.java,0.10935728890555245,1954.5475387573242,0.0722597667149135,logic,1954.5475387573242
jabref\src\main\java\org\jabref\model\ChainNode.java,0.07717062405177526,0.29625391278948104,3982.248954772949,model,3982.248954772949
jabref\src\main\java\org\jabref\logic\shared\MySQLProcessor.java,0.34779717581612724,1807.9448509216309,0.09913293974740164,logic,1807.9448509216309
jabref\src\test\java\org\jabref\logic\l10n\LocalizationKeyTest.java,0.05622838565281459,1902.9984283447266,0.15844815117972239,logic,1902.9984283447266
jabref\src\main\java\org\jabref\model\openoffice\rangesort\RangeHolder.java,0.056273702212742395,0.17906920569283621,3305.087661743164,model,3305.087661743164
jabref\src\test\java\org\jabref\model\entry\KeywordTest.java,0.3036866051810128,0.19063175746372768,3168.490676879883,model,3168.490676879883
jabref\src\main\java\org\jabref\logic\shared\listener\OracleNotificationListener.java,0.045329931804112024,1943.520851135254,0.14698467254638672,logic,1943.520851135254
jabref\src\main\java\org\jabref\gui\menus\ChangeEntryTypeAction.java,2469.915542602539,0.05760736465454101,0.028577024596078054,gui,2469.915542602539
jabref\src\test\java\org\jabref\logic\integrity\ASCIICharacterCheckerTest.java,0.05892331259591239,1947.3780822753906,0.1460494041442871,logic,1947.3780822753906
jabref\src\test\java\org\jabref\logic\formatter\bibtexfields\NormalizeDateFormatterTest.java,0.05808956963675363,1741.8290519714355,0.06920147623334612,logic,1741.8290519714355
jabref\src\main\java\org\jabref\gui\fieldeditors\URLUtil.java,2079.260139465332,0.04849586486816406,0.028576316152300153,gui,2079.260139465332
jabref\src\main\java\org\jabref\gui\collab\stringrename\BibTexStringRenameDetailsView.java,2307.5355911254883,0.10743437494550433,0.09654714039393834,gui,2307.5355911254883
jabref\src\test\java\org\jabref\model\entry\identifier\IacrEprintTest.java,0.0660642215183803,0.1672483035496303,3106.81396484375,model,3106.81396484375
jabref\src\main\java\org\jabref\gui\preferences\customexporter\CustomExporterTabViewModel.java,2570.313301086426,0.06999091420854842,35.006354451179504,gui,2570.313301086426
jabref\src\main\java\org\jabref\logic\integrity\ValidCitationKeyChecker.java,0.04487148012433733,1923.8645935058594,0.07344871248517718,logic,1923.8645935058594
jabref\src\main\java\org\jabref\gui\preferences\customentrytypes\CustomEntryTypesTabViewModel.java,2083.672389984131,0.26290631975446427,1146.3162231445312,gui,2083.672389984131
jabref\buildSrc\src\copied\java\org\jabref\logic\journals\JournalAbbreviationLoader.java,0.04295344352722168,1960.1750373840332,0.12274270738874163,logic,1960.1750373840332
jabref\src\main\java\org\jabref\logic\formatter\casechanger\Title.java,0.3123095648629325,1912.3758125305176,0.07296186174665178,logic,1912.3758125305176
jabref\src\test\java\org\jabref\logic\importer\fetcher\isbntobibtex\IsbnFetcherTest.java,0.07450371469770159,1813.232021331787,0.08387041773114885,logic,1813.232021331787
jabref\src\main\java\org\jabref\logic\exporter\XmpPdfExporter.java,0.04449042592729841,1907.526969909668,0.11808152879987444,logic,1907.526969909668
jabref\src\main\java\org\jabref\gui\fieldeditors\OptionEditorViewModel.java,2255.788345336914,0.052613139152526855,35.007222294807434,gui,2255.788345336914
jabref\src\test\java\org\jabref\logic\database\DatabaseMergerTest.java,1.3716626848493303,1719.5842170715332,0.1088360173361642,logic,1719.5842170715332
jabref\src\test\java\org\jabref\logic\crawler\StudyDatabaseToFetcherConverterTest.java,0.08430579049246652,1869.2756271362305,0.09223814691816057,logic,1869.2756271362305
jabref\src\main\java\org\jabref\logic\exporter\SaveConfiguration.java,0.04387704304286412,1988.7651443481445,0.09219185284205846,logic,1988.7651443481445
jabref\src\main\java\module-info.java,2.23449227469308,0.36260356903076174,0.8845558166503906,gui,2.23449227469308
jabref\src\main\java\org\jabref\logic\shared\exception\SharedEntryNotPresentException.java,0.04518392086029053,1937.260627746582,0.10233269418988909,logic,1937.260627746582
jabref\src\test\java\org\jabref\logic\layout\format\RemoveTildeTest.java,0.05510830198015485,1928.0180931091309,0.07245392118181501,logic,1928.0180931091309
jabref\src\test\java\org\jabref\migrations\SpecialFieldsToSeparateFieldsTest.java,0.01449235337121146,0.029092529841831753,0.02857776709965297,logic,0.029092529841831753
jabref\src\main\java\org\jabref\model\openoffice\uno\UnoRedlines.java,0.32585656302315846,0.21171840940202985,3204.625015258789,model,3204.625015258789
jabref\src\test\java\org\jabref\logic\layout\format\AuthorLastFirstOxfordCommasTest.java,0.10935728890555245,1954.267292022705,0.0722597667149135,logic,1954.267292022705
jabref\src\test\java\org\jabref\gui\autocompleter\DefaultAutoCompleterTest.java,2029.1866302490234,0.045396549361092706,0.0571469851902553,gui,2029.1866302490234
jabref\src\test\java\org\jabref\logic\layout\format\AuthorLF_FFAbbrTest.java,0.09911533083234514,1991.6335678100586,0.07350466591971261,logic,1991.6335678100586
jabref\src\test\java\org\jabref\logic\layout\format\AuthorFirstAbbrLastOxfordCommasTest.java,0.10460338592529297,1948.4437942504883,0.0722597667149135,logic,1948.4437942504883
jabref\src\main\java\org\jabref\model\openoffice\ootext\OOFormat.java,0.049227026530674525,0.16380141122000558,3048.9987564086914,model,3048.9987564086914
jabref\src\main\java\org\jabref\gui\duplicationFinder\DuplicateSearch.java,2266.001396179199,0.07460259710039412,0.057146310806274414,gui,2266.001396179199
jabref\src\main\java\org\jabref\logic\layout\format\XMLChars.java,0.04229112352643694,1928.8242530822754,0.9991385323660714,logic,1928.8242530822754
jabref\src\main\java\org\jabref\logic\importer\Importer.java,0.07415632520403181,1814.654884338379,0.1637249265398298,logic,1814.654884338379
jabref\src\main\java\org\jabref\logic\crawler\StudyFetcher.java,0.23988680158342635,1987.701301574707,0.08640737533569336,logic,1987.701301574707
jabref\src\main\java\org\jabref\model\openoffice\rangesort\RangeOverlapBetween.java,0.22347326278686525,0.2304098129272461,2867.800750732422,model,2867.800750732422
jabref\src\main\java\org\jabref\gui\search\rules\describer\SearchDescriber.java,2281.4722442626953,0.05321218626839774,0.028577474185398646,gui,2281.4722442626953
jabref\src\main\java\org\jabref\logic\util\strings\StringLengthComparator.java,0.04521291937146868,1938.5039138793945,0.07379027775355748,logic,1938.5039138793945
jabref\src\main\java\org\jabref\gui\util\comparator\SpecialFieldComparator.java,2582.8786087036133,0.06024206706455776,0.028577256202697753,gui,2582.8786087036133
jabref\src\main\java\org\jabref\logic\layout\format\NotFoundFormatter.java,0.04515502112252372,1936.021614074707,0.0737323556627546,logic,1936.021614074707
jabref\src\main\java\org\jabref\gui\commonfxcontrols\FieldFormatterCleanupsPanelViewModel.java,2165.922737121582,0.05992457526070731,123.38078618049622,gui,2165.922737121582
jabref\src\test\java\org\jabref\logic\importer\util\FileFieldParserTest.java,0.13790747778756277,1758.5204887390137,0.11957736696515764,logic,1758.5204887390137
jabref\src\main\java\org\jabref\logic\layout\format\WrapContent.java,0.3653264726911272,2081.8455123901367,0.0733379568372454,logic,2081.8455123901367
jabref\src\main\java\org\jabref\gui\edit\ReplaceStringAction.java,2248.6779022216797,0.05244729859488351,0.028577286856515068,gui,2248.6779022216797
jabref\src\main\java\org\jabref\migrations\ConvertMarkingToGroups.java,0.2994828905378069,0.046648941721235,0.028576316152300153,gui,0.2994828905378069
jabref\src\main\java\org\jabref\gui\openoffice\StyleSelectDialogViewModel.java,2240.908966064453,0.05144977228982108,88.61932635307312,gui,2240.908966064453
jabref\src\main\java\org\jabref\logic\importer\fetcher\isbntobibtex\DoiToBibtexConverterComIsbnFetcher.java,0.36580731528145927,1838.108959197998,0.15460985728672572,logic,1838.108959197998
jabref\src\main\java\org\jabref\logic\integrity\EntryChecker.java,0.04556897027151925,1953.7696838378906,0.074146454674857,logic,1953.7696838378906
jabref\src\main\java\org\jabref\gui\mergeentries\newmergedialog\ThreeWayMergeHeaderView.java,2203.1337356567383,0.08997272763933455,0.028577024596078054,gui,2203.1337356567383
jabref\src\main\java\org\jabref\gui\specialfields\SpecialFieldsPreferences.java,2276.453971862793,0.05269692965916225,0.028577344758169993,gui,2276.453971862793
jabref\src\test\java\org\jabref\gui\commonfxcontrols\SaveOrderPanelViewModelTest.java,2098.227996826172,0.04849586486816406,35.00598728656769,gui,2098.227996826172
jabref\src\main\java\org\jabref\gui\util\NoSelectionModel.java,2209.623603820801,0.05153641019548689,35.006901025772095,gui,2209.623603820801
jabref\src\main\java\org\jabref\logic\importer\fileformat\MrDLibImporter.java,0.24721829550606864,1918.9489936828613,0.16686578478131975,logic,1918.9489936828613
jabref\src\main\java\org\jabref\model\database\BibDatabases.java,0.05499446051461356,0.17629751477922712,3434.0222549438477,model,3434.0222549438477
jabref\src\main\java\org\jabref\gui\openoffice\OOBibBaseConnect.java,2470.8520126342773,0.16304844447544642,0.07439261163984026,gui,2470.8520126342773
jabref\src\main\java\org\jabref\gui\push\PushToApplicationSettings.java,2392.80029296875,0.16734792164393833,0.05047522612980434,gui,2392.80029296875
jabref\src\main\java\org\jabref\gui\collab\DatabaseChangeList.java,2079.260139465332,0.061733668191092356,0.05714774131774902,gui,2079.260139465332
jabref\src\main\java\org\jabref\gui\util\uithreadaware\UiThreadObservableList.java,2240.3401947021484,0.06367707933698381,0.07210540090288435,gui,2240.3401947021484
jabref\src\main\java\org\jabref\logic\importer\fetcher\transformers\YearRangeByFilteringQueryTransformer.java,0.044815928595406666,1921.4829635620117,0.0733931405203683,logic,1921.4829635620117
jabref\src\main\java\org\jabref\gui\theme\StyleSheetFile.java,2389.704360961914,0.08238300595964704,0.16245159421648298,gui,2389.704360961914
jabref\src\main\java\org\jabref\model\entry\Keyword.java,0.2881997789655413,0.2041400636945452,2904.821891784668,model,2904.821891784668
jabref\src\test\java\org\jabref\logic\bst\BstVMTest.java,0.2929159981863839,2184.5064735412598,2.15900137765067,logic,2184.5064735412598
jabref\src\main\java\org\jabref\logic\layout\format\FormatPagesForXML.java,0.04547853810446603,1949.892292022705,0.07405599185398647,logic,1949.892292022705
jabref\src\main\java\org\jabref\logic\layout\format\DocBookVersion.java,0.04562980106898717,1956.3776206970215,0.07420730590820312,logic,1956.3776206970215
jabref\src\main\java\org\jabref\model\database\event\AutosaveEvent.java,0.05647580964224679,0.17950710569109235,3412.605209350586,model,3412.605209350586
jabref\src\main\java\org\jabref\model\database\event\EntriesRemovedEvent.java,0.0550907952444894,0.17650623321533204,3530.139274597168,model,3530.139274597168
jabref\src\main\java\org\jabref\gui\cleanup\CleanupSingleAction.java,2460.2587127685547,0.07069110870361328,0.05714763232639858,gui,2460.2587127685547
jabref\src\test\java\org\jabref\logic\importer\fileformat\BiblioscapeImporterFilesTest.java,0.056584286689758304,1909.8140716552734,0.07312088693891253,logic,1909.8140716552734
jabref\src\main\java\org\jabref\gui\autocompleter\PersonNameStringConverter.java,2284.2314529418945,0.07951410838535854,0.05714834758213588,gui,2284.2314529418945
jabref\src\test\java\org\jabref\logic\importer\fileformat\EndnoteImporterTest.java,0.5405626024518694,1709.2990684509277,0.22553652354649134,logic,1709.2990684509277
jabref\src\main\java\org\jabref\model\study\Study.java,0.09461928776332311,0.2051802226475307,2958.9793395996094,model,2958.9793395996094
jabref\src\main\java\org\jabref\gui\mergeentries\newmergedialog\cell\OpenExternalLinkAction.java,2580.068130493164,0.14930422646658761,0.028577136993408202,gui,2580.068130493164
jabref\src\main\java\org\jabref\gui\edit\CopyDoiUrlAction.java,2814.588851928711,0.06543245996747699,0.07357958384922572,gui,2814.588851928711
jabref\src\main\java\org\jabref\logic\citationkeypattern\GlobalCitationKeyPattern.java,0.04521291937146868,1938.5039138793945,0.07379027775355748,logic,1938.5039138793945
jabref\src\main\java\org\jabref\logic\layout\format\NameFormatter.java,0.2846615655081613,1884.5538139343262,0.12786851610456193,logic,1884.5538139343262
jabref\src\main\java\org\jabref\logic\importer\ParserResult.java,0.0552297728402274,1809.574794769287,0.1843160356794085,logic,1809.574794769287
jabref\src\main\java\org\jabref\gui\LibraryTab.java,2098.682746887207,0.24942381722586496,1.6449923924037388,gui,2098.682746887207
jabref\src\test\java\org\jabref\migrations\MergeReviewIntoCommentActionMigrationTest.java,0.38952862875802174,0.11000270162309919,0.04176594189235142,gui,0.38952862875802174
jabref\src\main\java\org\jabref\gui\fieldeditors\contextmenu\DefaultMenu.java,2437.28328704834,0.10464827673775809,0.0755082471030099,gui,2437.28328704834
jabref\src\main\java\org\jabref\logic\layout\format\CreateBibORDFAuthors.java,0.043309177671160014,1933.275489807129,0.07188585826328822,logic,1933.275489807129
jabref\src\main\java\org\jabref\gui\entryeditor\fileannotationtab\FileAnnotationTab.java,2216.200122833252,0.051689798491341726,0.02857709952763149,gui,2216.200122833252
jabref\src\main\java\org\jabref\logic\openoffice\backend\NamedRangeReferenceMark.java,0.19485086713518415,1694.7003364562988,0.08610185895647321,logic,1694.7003364562988
jabref\src\main\java\org\jabref\model\database\event\EntriesAddedEvent.java,0.054049321583339145,0.17424971716744558,3489.684944152832,model,3489.684944152832
jabref\src\test\java\org\jabref\logic\bst\BstPreviewLayoutTest.java,0.13772460392543248,1880.5005836486816,0.9221188136509486,logic,1880.5005836486816
jabref\src\main\java\org\jabref\logic\importer\FulltextFetcher.java,0.04541878019060407,1947.3302841186523,0.0739962100982666,logic,1947.3302841186523
jabref\src\main\java\org\jabref\logic\shared\DBMSConnectionPropertiesBuilder.java,0.19687506811959402,2036.3559532165527,0.10102534975324358,logic,2036.3559532165527
jabref\src\main\java\org\jabref\logic\bst\BstFunctions.java,0.1262064116341727,1633.5667610168457,0.161760561806815,logic,1633.5667610168457
jabref\src\main\java\org\jabref\gui\collab\stringadd\BibTexStringAddDetailsView.java,2267.4366760253906,0.11389355659484864,0.09420960971287319,gui,2267.4366760253906
jabref\src\test\java\org\jabref\logic\cleanup\CleanupWorkerTest.java,0.2765099116734096,1554.7068786621094,0.11392336572919573,logic,1554.7068786621094
jabref\src\main\java\org\jabref\gui\preferences\PreferencesDialogView.java,2168.4194564819336,0.08294239044189453,0.11344988686697824,gui,2168.4194564819336
jabref\src\main\java\org\jabref\gui\fieldeditors\LinkedEntriesEditorViewModel.java,2196.7287826538086,0.05123565878186907,70.00680923461914,gui,2196.7287826538086
jabref\src\main\java\org\jabref\gui\keyboard\KeyBindingRepository.java,2322.76798248291,0.10672008650643484,0.6779219491141183,gui,2322.76798248291
jabref\src\main\java\org\jabref\logic\crawler\StudyDatabaseToFetcherConverter.java,0.056739371163504464,1894.1193199157715,0.07275469643729074,logic,1894.1193199157715
jabref\src\main\java\org\jabref\gui\externalfiles\UnlinkedFilesDialogViewModel.java,2253.709259033203,0.2750124250139509,97.83191204071045,gui,2253.709259033203
jabref\src\main\java\org\jabref\gui\preferences\ShowPreferencesAction.java,2390.181541442871,0.052613139152526855,0.02857732432229178,gui,2390.181541442871
jabref\src\main\java\org\jabref\logic\shared\listener\PostgresSQLNotificationListener.java,0.04449042592729841,1907.526969909668,0.0730675220489502,logic,1907.526969909668
jabref\src\test\java\org\jabref\logic\formatter\casechanger\UpperCaseFormatterTest.java,0.21160964965820311,2002.117919921875,0.07275469643729074,logic,2002.117919921875
jabref\src\main\java\org\jabref\gui\preferences\nameformatter\NameFormatterTabViewModel.java,2551.0276794433594,0.07070552280970982,35.00627517700195,gui,2551.0276794433594
jabref\src\main\java\org\jabref\model\openoffice\style\CitationType.java,0.055577574457441055,0.1775609288896833,3279.7890853881836,model,3279.7890853881836
jabref\src\test\java\org\jabref\logic\pdf\search\indexing\DocumentReaderTest.java,0.09711581638881138,2035.0061225891113,0.16931382587977817,logic,2035.0061225891113
jabref\src\test\java\org\jabref\gui\exporter\ExportToClipboardActionTest.java,2295.349998474121,0.11889386858258928,0.5408297402518136,gui,2295.349998474121
jabref\src\main\java\org\jabref\gui\preferences\AbstractPreferenceTabView.java,2366.004219055176,0.08922116415841239,0.678505870274135,gui,2366.004219055176
jabref\src\main\java\org\jabref\logic\importer\fetcher\AstrophysicsDataSystem.java,0.37613141196114674,1809.4665145874023,0.9803635733468192,logic,1809.4665145874023
jabref\src\main\java\org\jabref\model\groups\AbstractGroup.java,0.09958994047982352,0.19835969379970006,2832.409553527832,model,2832.409553527832
jabref\src\test\java\org\jabref\gui\groups\GroupTreeViewModelTest.java,2353.6877822875977,0.30320306505475725,3514.9119567871094,model,3514.9119567871094
jabref\src\test\java\org\jabref\logic\importer\fileformat\ImporterTestEngine.java,0.05313219342912946,1841.6289329528809,0.09380522455487933,logic,1841.6289329528809
jabref\src\main\java\org\jabref\gui\preferences\externalfiletypes\ExternalFileTypeItemViewModel.java,2664.036407470703,0.05992110797337123,35.00672161579132,gui,2664.036407470703
jabref\src\test\java\org\jabref\logic\importer\fetcher\transformers\GVKQueryTransformerTest.java,0.06797364098685128,1963.8350677490234,0.09280787195478167,logic,1963.8350677490234
jabref\src\main\java\org\jabref\gui\entryeditor\OptionalFieldsTab.java,2358.7781524658203,0.05192376545497349,0.057148586000714985,gui,2358.7781524658203
jabref\src\main\java\org\jabref\gui\texparser\ReferenceViewModel.java,2219.521427154541,0.05176726409367153,81.66507005691528,gui,2219.521427154541
jabref\src\test\java\org\jabref\logic\integrity\IntegrityCheckTest.java,0.08084346907479423,1751.6117858886719,0.8892680031912668,logic,1751.6117858886719
jabref\src\main\java\org\jabref\gui\util\JabRefResourceLocator.java,2272.154006958008,0.05299484389168876,0.028577419689723424,gui,2272.154006958008
jabref\src\main\java\org\jabref\model\openoffice\style\CitationGroups.java,0.49771597726004463,0.14998235702514648,2562.3878860473633,model,2562.3878860473633
jabref\src\main\java\org\jabref\model\groups\AutomaticPersonsGroup.java,0.0738948004586356,0.1665412221636091,3094.954147338867,model,3094.954147338867
jabref\src\main\java\org\jabref\logic\xmp\XmpPreferences.java,0.06064384324210031,1951.7680358886719,0.07328313418797085,logic,1951.7680358886719
jabref\src\main\java\org\jabref\gui\copyfiles\CopyFilesAction.java,2204.300117492676,0.057750701904296875,0.1589749608721052,gui,2204.300117492676
jabref\src\main\java\org\jabref\gui\preferences\entry\EntryTab.java,2262.9105377197266,0.08224046570914133,0.028576615878513883,gui,2262.9105377197266
jabref\src\main\java\org\jabref\gui\mergeentries\MultiMergeEntriesViewModel.java,2545.4772186279297,0.06912704876491002,35.006200075149536,gui,2545.4772186279297
jabref\src\main\java\org\jabref\gui\undo\UndoablePreambleChange.java,2260.5080795288086,0.08190175465175084,0.028577235766819545,gui,2260.5080795288086
jabref\src\test\java\org\jabref\logic\formatter\bibtexfields\HtmlToUnicodeFormatterTest.java,0.09836196218218123,1970.9632682800293,0.15168579646519254,logic,1970.9632682800293
jabref\src\main\java\org\jabref\logic\pdf\FileAnnotationCache.java,0.04377937998090472,1942.2133445739746,0.1529097420828683,logic,1942.2133445739746
jabref\src\main\java\org\jabref\gui\fieldeditors\CitationKeyEditor.java,2271.555862426758,0.0505171503339495,0.05714823859078544,gui,2271.555862426758
jabref\src\main\java\org\jabref\model\util\OptionalUtil.java,0.3575113024030413,0.15754026685442243,2798.542823791504,model,2798.542823791504
jabref\src\main\java\org\jabref\gui\edit\automaticfiededitor\editfieldcontent\EditFieldContentTabView.java,2109.8209190368652,0.0492086512701852,0.08875437464032854,gui,2109.8209190368652
jabref\src\main\java\org\jabref\logic\importer\EntryBasedParserFetcher.java,0.04387704304286412,1881.2282371520996,0.07245392118181501,logic,1881.2282371520996
jabref\src\main\java\org\jabref\logic\formatter\bibtexfields\EscapeAmpersandsFormatter.java,0.04278194223131452,1885.9423637390137,0.07135843549455916,logic,1885.9423637390137
jabref\src\main\java\org\jabref\preferences\PreferencesService.java,0.07845216478620257,0.0,0.04823862143925258,gui,0.07845216478620257
jabref\src\test\java\org\jabref\model\search\rules\MockSearchMatcher.java,0.06861186708722795,0.17734850474766323,3276.226119995117,model,3276.226119995117
jabref\src\main\java\org\jabref\logic\integrity\IntegrityMessage.java,0.05489569050925119,1877.0408248901367,0.10532185690743583,logic,1877.0408248901367
jabref\src\main\java\org\jabref\model\openoffice\style\OODataModel.java,0.08000178337097168,0.18116252081734793,3168.498420715332,model,3168.498420715332
jabref\src\main\java\org\jabref\logic\remote\RemoteUtil.java,0.045538718359810965,1952.4725914001465,0.0741161891392299,logic,1952.4725914001465
jabref\src\test\java\org\jabref\logic\importer\fetcher\MrDLibFetcherTest.java,0.7370030539376395,1885.7595825195312,0.1458296912057059,logic,1885.7595825195312
jabref\src\main\java\org\jabref\gui\mergeentries\MergeWithFetchedEntryAction.java,2737.0543670654297,0.08854336738586426,0.045507403782435826,gui,2737.0543670654297
jabref\src\main\java\org\jabref\logic\layout\format\AuthorLF_FFAbbr.java,0.045359444618225095,1944.7861671447754,0.07393685068402972,logic,1944.7861671447754
jabref\src\test\java\org\jabref\logic\integrity\DoiDuplicationCheckerTest.java,0.4131812504359654,1928.1214332580566,0.09943887165614537,logic,1928.1214332580566
jabref\src\main\java\org\jabref\logic\importer\fetcher\transformers\ArXivQueryTransformer.java,0.044177709306989395,1981.1173057556152,0.11265736307416643,logic,1981.1173057556152
jabref\src\test\java\org\jabref\logic\importer\fileformat\BibtexImporterTest.java,0.4461738041469029,1774.7850799560547,1.7017574855259487,logic,1774.7850799560547
jabref\src\main\java\org\jabref\logic\protectedterms\ProtectedTermsParser.java,0.043129137584141324,1849.1618156433105,0.09565717833382743,logic,1849.1618156433105
jabref\src\main\java\org\jabref\logic\integrity\DoiDuplicationChecker.java,0.3759605952671596,1992.087116241455,0.23012916019984653,logic,1992.087116241455
jabref\src\test\java\org\jabref\logic\importer\fileformat\PdfGrobidImporterTest.java,0.26819125584193637,1863.863353729248,0.21457955496651784,logic,1863.863353729248
jabref\src\main\java\org\jabref\logic\citationkeypattern\CitationKeyGenerator.java,0.2545032773699079,1822.235164642334,0.09730396270751954,logic,1822.235164642334
jabref\src\main\java\org\jabref\gui\search\SearchFieldRightClickMenu.java,2616.721305847168,0.0610313960484096,0.06482551438467843,gui,2616.721305847168
jabref\src\main\java\org\jabref\logic\importer\fetcher\MedlineFetcher.java,0.27704268864222936,1773.9422035217285,0.2640995843069894,logic,1773.9422035217285
jabref\src\main\java\org\jabref\gui\commonfxcontrols\CitationKeyPatternPanelViewModel.java,2437.089424133301,0.06791518756321498,35.006200075149536,gui,2437.089424133301
jabref\src\main\java\org\jabref\model\search\rules\GrammarBasedSearchRule.java,0.23332846505301338,0.17073887416294642,2421.1899948120117,model,2421.1899948120117
jabref\src\main\java\org\jabref\gui\collab\DatabaseChangeResolver.java,2270.3099060058594,0.05295183318001884,0.05714883804321289,gui,2270.3099060058594
jabref\src\main\java\org\jabref\gui\edit\automaticfiededitor\copyormovecontent\CopyOrMoveFieldContentTabViewModel.java,2365.462417602539,0.064564391544887,35.005261301994324,gui,2365.462417602539
jabref\src\test\java\org\jabref\logic\importer\fetcher\DoiResolutionTest.java,0.5364718845912388,1864.7364044189453,0.07086744308471679,logic,1864.7364044189453
jabref\src\main\java\org\jabref\model\pdf\search\SearchResult.java,0.04525978224618094,0.15520571299961636,2981.4706420898438,model,2981.4706420898438
jabref\src\main\java\org\jabref\model\entry\SharedBibEntryData.java,0.05251502990722656,0.18333019529070174,3168.490676879883,model,3168.490676879883
jabref\src\main\java\org\jabref\gui\search\RebuildFulltextSearchIndexAction.java,2504.184684753418,0.05759030750819615,0.057147979736328125,gui,2504.184684753418
jabref\src\test\java\org\jabref\logic\importer\fetcher\PicaXmlParserTest.java,0.3890331540788923,1823.5797882080078,0.07086744308471679,logic,1823.5797882080078
jabref\src\test\java\org\jabref\logic\formatter\minifier\TruncateFormatterTest.java,0.06066228321620396,1872.9066848754883,0.0722597667149135,logic,1872.9066848754883
jabref\src\main\java\org\jabref\architecture\AllowedToUseSwing.java,0.15198743002755302,0.0,0.028577559334891183,gui,0.15198743002755302
jabref\src\main\java\org\jabref\gui\preferences\xmp\XmpPrivacyTabViewModel.java,2167.6257133483887,0.05659111567905971,35.00598728656769,gui,2167.6257133483887
jabref\src\test\java\org\jabref\logic\net\URLDownloadTest.java,0.06554360389709472,1731.5804862976074,0.09218108313424246,logic,1731.5804862976074
jabref\src\test\java\org\jabref\logic\layout\format\DefaultTest.java,0.0557685238974435,1949.2328643798828,0.10558429445539202,logic,1949.2328643798828
jabref\src\test\java\org\jabref\model\FieldChangeTest.java,0.37330071585518976,0.20497606822422573,3005.2893447875977,model,3005.2893447875977
jabref\src\main\java\org\jabref\logic\msbib\MSBibEntry.java,0.21477417264665877,1632.5619316101074,0.6994285038539342,logic,1632.5619316101074
jabref\src\test\java\org\jabref\model\pdf\FileAnnotationTest.java,0.1394113540649414,0.19589625767299107,3005.6858825683594,model,3005.6858825683594
jabref\src\main\java\org\jabref\gui\undo\UndoableRemoveEntries.java,2809.076042175293,0.09485069002423968,0.028576551164899554,gui,2809.076042175293
jabref\src\main\java\org\jabref\logic\importer\SearchBasedParserFetcher.java,0.04349372727530343,1864.7935485839844,0.07207046917506627,logic,1864.7935485839844
jabref\src\test\java\org\jabref\logic\importer\util\GrobidServiceTest.java,0.43032613481794085,1798.962802886963,0.1069195066179548,logic,1798.962802886963
jabref\src\main\java\org\jabref\logic\importer\fetcher\DoiResolution.java,0.6370881761823382,1804.5437049865723,0.07793934004647392,logic,1804.5437049865723
jabref\src\main\java\org\jabref\logic\msbib\MsBibAuthor.java,0.044076183864048546,1940.5700492858887,0.07265313693455287,logic,1940.5700492858887
jabref\src\main\java\org\jabref\logic\bst\BstVMVisitor.java,0.3110011781964983,1630.3433227539062,0.07959416934422084,logic,1630.3433227539062
jabref\src\test\java\org\jabref\logic\remote\RemoteSetupTest.java,0.05711416516985212,1807.4013137817383,0.08249565533229283,logic,1807.4013137817383
jabref\buildSrc\src\copied\java\org\jabref\logic\journals\AbbreviationParser.java,0.3150851113455636,1869.5439910888672,0.08992620876857213,logic,1869.5439910888672
jabref\src\test\java\org\jabref\logic\importer\fetcher\GvkFetcherTest.java,1.069103785923549,1859.1508293151855,0.13016206196376257,logic,1859.1508293151855
jabref\src\main\java\org\jabref\gui\util\CustomTitledPaneSkin.java,2124.792423248291,0.05835656438555036,0.02857555661882673,gui,2124.792423248291
jabref\src\test\java\org\jabref\logic\exporter\ModsExportFormatFilesTest.java,0.04944385801042829,1805.9289169311523,0.7254167829241072,logic,1805.9289169311523
jabref\src\test\java\org\jabref\gui\externalfiles\UnlinkedFilesCrawlerTest.java,2098.227996826172,0.06468636648995536,0.1530052730015346,gui,2098.227996826172
jabref\src\main\java\org\jabref\model\search\rules\ContainsBasedSearchRule.java,0.24970850263323102,0.16952945164271763,3048.9987564086914,model,3048.9987564086914
jabref\src\main\java\org\jabref\logic\cleanup\RenamePdfCleanup.java,0.04387704304286412,1982.0746040344238,0.14501923152378626,logic,1982.0746040344238
jabref\src\main\java\org\jabref\logic\layout\format\DOIStrip.java,0.32821450914655415,1992.807559967041,0.07384860174996512,logic,1992.807559967041
jabref\src\main\java\org\jabref\model\study\StudyQuery.java,0.05269099984850202,0.17130669185093472,3174.8857498168945,model,3174.8857498168945
jabref\src\main\java\org\jabref\logic\exporter\AtomicFileWriter.java,0.056739371163504464,1906.258316040039,0.09228754724775041,logic,1906.258316040039
jabref\src\main\java\org\jabref\model\search\rules\SearchRule.java,0.05538183280399867,0.17713682992117746,3272.675437927246,model,3272.675437927246
jabref\src\main\java\org\jabref\gui\maintable\columns\MainTableColumn.java,2287.320976257324,0.2461033957345145,2.9102308000837054,gui,2287.320976257324
jabref\src\test\java\org\jabref\gui\externalfiles\GitIgnoreFileFilterTest.java,2186.722412109375,0.0505171503339495,0.050213769504002165,gui,2186.722412109375
jabref\src\main\java\org\jabref\model\metadata\event\MetaDataChangedEvent.java,0.055577574457441055,0.1775609288896833,3343.925132751465,model,3343.925132751465
jabref\src\main\java\org\jabref\model\groups\AutomaticGroup.java,0.06649573871067592,0.17246597834995814,3194.330520629883,model,3194.330520629883
jabref\src\test\java\org\jabref\logic\importer\fetcher\SpringerLinkTest.java,0.5726640428815569,2039.8394775390625,0.106086151940482,logic,2039.8394775390625
jabref\src\main\java\org\jabref\logic\citationstyle\CitationStyleOutputFormat.java,0.04506892817361014,1932.3303413391113,0.07364623206002371,logic,1932.3303413391113
jabref\src\test\java\org\jabref\logic\cleanup\DoiDecodeCleanupTest.java,0.3614453451974051,1824.070987701416,0.07086744308471679,logic,1824.070987701416
jabref\src\main\java\org\jabref\model\openoffice\rangesort\FunctionalTextViewCursor.java,0.2743369783673968,0.15723763874598912,2832.409553527832,model,2832.409553527832
jabref\src\main\java\org\jabref\logic\formatter\casechanger\ProtectTermsFormatter.java,0.04387704304286412,1892.9905891418457,0.12505265644618443,logic,1892.9905891418457
jabref\src\test\java\org\jabref\gui\mergeentries\ThreeWayMergeViewModelTest.java,2262.3214721679688,0.08636511393955776,49.89524245262146,gui,2262.3214721679688
jabref\src\main\java\org\jabref\gui\push\PushToWinEdt.java,2278.408889770508,0.052324410847255164,0.028577256202697753,gui,2278.408889770508
jabref\src\main\java\org\jabref\gui\externalfiles\FindUnlinkedFilesAction.java,2259.380683898926,0.05269692965916225,0.028577344758169993,gui,2259.380683898926
jabref\src\test\java\org\jabref\logic\importer\fetcher\transformers\ArXivQueryTransformerTest.java,0.05599641118730817,1974.1961860656738,0.09344713347298758,logic,1974.1961860656738
jabref\src\main\java\org\jabref\logic\database\DatabaseMerger.java,0.24499705178397044,1832.6368713378906,0.09802189554486956,logic,1832.6368713378906
jabref\src\main\java\org\jabref\model\search\rules\RegexBasedSearchRule.java,0.24519585200718472,0.1680988448006766,3026.8738174438477,model,3026.8738174438477
jabref\src\main\java\org\jabref\model\database\BibDatabaseModeDetection.java,0.05451779706137521,0.17526473999023437,3276.27498626709,model,3276.27498626709
jabref\src\main\java\org\jabref\gui\Globals.java,2094.062614440918,0.07577988760811942,0.04034763744899205,gui,2094.062614440918
jabref\src\main\java\org\jabref\logic\layout\format\CSLType.java,0.08472983496529715,1975.020637512207,0.07350466591971261,logic,1975.020637512207
jabref\src\main\java\org\jabref\gui\undo\CountingUndoManager.java,2165.922737121582,0.0505171503339495,0.0733463968549456,gui,2165.922737121582
jabref\src\main\java\org\jabref\gui\collab\stringdelete\BibTexStringDeleteDetailsView.java,2267.4366760253906,0.11389355659484864,0.15724716186523438,gui,2267.4366760253906
jabref\src\main\java\org\jabref\model\openoffice\style\CitedKey.java,0.044241087777273994,0.16344890594482422,2927.5137329101562,model,2927.5137329101562
jabref\src\test\java\org\jabref\model\database\BibDatabaseContextTest.java,0.13676366806030274,0.20879992076328824,2660.8093643188477,model,2660.8093643188477
jabref\src\main\java\org\jabref\model\openoffice\uno\UnoUndo.java,0.2870720999581473,0.20885017939976283,3168.490676879883,model,3168.490676879883
jabref\src\main\java\org\jabref\gui\edit\OpenBrowserAction.java,2266.64119720459,0.05286626815795899,0.02857738903590611,gui,2266.64119720459
jabref\src\main\java\org\jabref\gui\fieldeditors\OwnerEditorViewModel.java,2378.5332107543945,0.052613139152526855,35.007222294807434,gui,2378.5332107543945
jabref\src\test\java\org\jabref\logic\git\SlrGitHandlerTest.java,0.303048460824149,1730.4619026184082,0.09158311571393694,logic,1730.4619026184082
jabref\src\main\java\org\jabref\gui\exporter\ExporterViewModel.java,2513.4241485595703,0.0586221422467913,35.00706374645233,gui,2513.4241485595703
jabref\src\main\java\org\jabref\logic\pdf\search\retrieval\PdfSearcher.java,0.04295344352722168,1952.4631118774414,0.1001014232635498,logic,1952.4631118774414
jabref\src\main\java\org\jabref\logic\layout\format\RemoveLatexCommandsFormatter.java,0.043129137584141324,1908.7424850463867,0.0717057500566755,logic,1908.7424850463867
jabref\src\main\java\org\jabref\gui\fieldeditors\LinkedFilesEditor.java,2103.2409286499023,0.1469477789742606,0.8356284005301339,gui,2103.2409286499023
jabref\src\main\java\org\jabref\model\entry\field\OrFields.java,0.09670209884643555,0.18249295098440987,3155.8279037475586,model,3155.8279037475586
jabref\src\test\java\org\jabref\logic\openoffice\style\OOBibStyleTest.java,0.10684360095432827,1470.9508895874023,0.11136815888541085,logic,1470.9508895874023
jabref\src\main\java\org\jabref\logic\integrity\UTF8Checker.java,0.044177709306989395,1906.258316040039,0.14039182662963867,logic,1906.258316040039
jabref\src\test\java\org\jabref\model\event\EventListenerTest.java,0.06522198404584612,0.1720769337245396,3260.5493927001953,model,3260.5493927001953
jabref\src\main\java\org\jabref\logic\layout\LayoutFormatterBasedFormatter.java,0.044815928595406666,1921.4829635620117,0.0733931405203683,logic,1921.4829635620117
jabref\src\main\java\org\jabref\gui\externalfiles\ExternalFilesEntryLinker.java,2219.2589378356934,0.051761143548148016,0.051250876699175156,gui,2219.2589378356934
jabref\src\main\java\org\jabref\model\openoffice\uno\UnoCrossRef.java,0.3369877679007394,0.23016188485281808,3023.863067626953,model,3023.863067626953
jabref\src\main\java\org\jabref\gui\maintable\RightClickMenu.java,2127.3596382141113,0.05318122250693185,0.05567495141710554,gui,2127.3596382141113
jabref\src\test\java\org\jabref\logic\formatter\bibtexfields\RemoveHyphenatedNewlinesFormatterTest.java,0.3259428024291992,2147.650623321533,0.0730675220489502,logic,2147.650623321533
jabref\src\main\java\org\jabref\gui\libraryproperties\contentselectors\ContentSelectorViewModel.java,2155.2809715270996,0.07700778416224889,70.00453114509583,gui,2155.2809715270996
jabref\src\main\java\org\jabref\logic\formatter\bibtexfields\ReplaceTabsBySpaceFormater.java,0.05910203116280692,1909.8140716552734,0.07312088693891253,logic,1909.8140716552734
jabref\src\main\java\org\jabref\gui\entryeditor\OpenEntryEditorAction.java,2533.8123321533203,0.05909765788487026,0.02857727663857596,gui,2533.8123321533203
jabref\src\main\java\org\jabref\gui\EntryTypeView.java,1978.0300521850586,0.32804668971470424,0.5558040618896485,gui,1978.0300521850586
jabref\src\main\java\org\jabref\gui\slr\ManageStudyDefinitionView.java,2103.208751678467,1.2902534484863282,0.44523824964250835,gui,2103.208751678467
jabref\src\main\java\org\jabref\gui\util\uithreadaware\UiThreadInvalidationListener.java,2243.408889770508,0.052324410847255164,0.028577256202697753,gui,2243.408889770508
jabref\src\main\java\org\jabref\logic\protectedterms\ProtectedTermsLoader.java,0.4045534406389509,1874.5145988464355,0.08971568516322545,logic,1874.5145988464355
jabref\src\main\java\org\jabref\logic\integrity\DateChecker.java,0.044983724185398644,1928.6772537231445,0.10437348910740443,logic,1928.6772537231445
jabref\src\main\java\org\jabref\gui\fieldeditors\KeywordsEditor.java,2360.9167861938477,0.052739041192190986,0.0285773583820888,gui,2360.9167861938477
jabref\src\main\java\org\jabref\gui\preferences\file\FileTab.java,2234.9749183654785,0.04997433253696987,0.028576677186148508,gui,2234.9749183654785
jabref\src\main\java\org\jabref\gui\preferences\network\CustomCertificateViewModel.java,2200.095615386963,0.0492086512701852,56.793935894966125,gui,2200.095615386963
jabref\src\main\java\org\jabref\gui\search\rules\describer\GrammarBasedSearchRuleDescriber.java,1987.668857574463,0.07711836269923619,0.037926554679870605,gui,1987.668857574463
jabref\src\main\java\org\jabref\model\groups\LastNameGroup.java,0.05081790174756731,0.1672483035496303,3106.81396484375,model,3106.81396484375
jabref\src\test\java\org\jabref\gui\edit\RenameFieldViewModelTest.java,1964.449234008789,0.06712513651166643,74.17360186576843,gui,1964.449234008789
jabref\src\main\java\org\jabref\gui\specialfields\SpecialFieldViewModel.java,2372.3376083374023,0.05451516423906599,35.006200075149536,gui,2372.3376083374023
jabref\src\main\java\org\jabref\gui\collab\preamblechange\PreambleChangeDetailsView.java,2243.6817932128906,0.11593905857631139,0.09195666313171387,gui,2243.6817932128906
jabref\src\test\java\org\jabref\logic\layout\format\RemoveWhitespaceTest.java,0.061384998049054826,1907.526969909668,0.0730675220489502,logic,1907.526969909668
jabref\src\main\java\org\jabref\gui\errorconsole\ErrorConsoleViewModel.java,1996.8396949768066,0.2890265873500279,116.72390818595886,gui,1996.8396949768066
jabref\src\main\java\org\jabref\gui\preferences\customexporter\CustomExporterTab.java,2247.183609008789,0.05946294239589146,0.028576745305742536,gui,2247.183609008789
jabref\src\main\java\org\jabref\logic\citationkeypattern\BracketedPattern.java,0.19610657010759627,1488.76371383667,0.12864277703421456,logic,1488.76371383667
jabref\src\main\java\org\jabref\logic\externalfiles\ExternalFilesContentImporter.java,0.04487148012433733,1923.8645935058594,0.09384989057268416,logic,1923.8645935058594
jabref\src\main\java\org\jabref\gui\util\BaseDialog.java,2284.1446685791016,0.09534837177821569,0.16625138691493443,gui,2284.1446685791016
jabref\src\main\java\org\jabref\logic\layout\LayoutFormatterPreferences.java,0.31612537928989953,1921.619815826416,0.07317460605076381,logic,1921.619815826416
jabref\src\main\java\org\jabref\gui\externalfiles\DownloadFullTextAction.java,2370.2999114990234,0.18023885999407088,0.19505833217075894,gui,2370.2999114990234
jabref\src\main\java\org\jabref\model\openoffice\style\CitationMarkerEntry.java,0.05577470575060163,0.17798805236816406,3286.9532012939453,model,3286.9532012939453
jabref\src\main\java\org\jabref\logic\openoffice\frontend\OOFrontend.java,0.2499914986746652,1636.28324508667,0.09321842874799456,logic,1636.28324508667
jabref\src\test\java\org\jabref\gui\util\comparator\RankingFieldComparatorTest.java,2198.6707496643066,0.050799015590122766,0.028576881544930596,gui,2198.6707496643066
jabref\src\main\java\org\jabref\gui\edit\automaticfiededitor\AutomaticFieldEditorTab.java,2285.2464294433594,0.053300207001822336,0.028577494621276855,gui,2285.2464294433594
jabref\src\test\java\org\jabref\logic\importer\ImporterTest.java,0.054205925124032155,1834.9921989440918,0.070558534349714,logic,1834.9921989440918
jabref\src\main\java\org\jabref\logic\util\strings\QuotedStringTokenizer.java,0.04397596972329276,1940.2791213989258,0.07255288532802037,logic,1940.2791213989258
jabref\src\main\java\org\jabref\logic\formatter\bibtexfields\ShortenDOIFormatter.java,0.351369149344308,1952.5644493103027,0.7780984606061663,logic,1952.5644493103027
jabref\src\main\java\org\jabref\model\entry\identifier\ISBN.java,0.09394130025591169,0.19441836220877512,2904.821891784668,model,2904.821891784668
jabref\src\test\java\org\jabref\logic\openoffice\style\OOBibStyleTestHelper.java,0.238958740234375,1601.7831230163574,0.09321842874799456,logic,1601.7831230163574
jabref\src\main\java\org\jabref\model\entry\types\EntryTypeFactory.java,0.10611695562090193,0.22700202124459404,2991.5491104125977,model,2991.5491104125977
jabref\src\main\java\org\jabref\logic\importer\fileformat\InspecImporter.java,0.08356356620788574,1912.4015808105469,0.06896235602242606,logic,1912.4015808105469
jabref\src\test\java\org\jabref\logic\remote\RemoteUtilTest.java,0.0596214975629534,1879.0379333496094,0.07207046917506627,logic,1879.0379333496094
jabref\src\main\java\org\jabref\gui\groups\GroupModeViewModel.java,2286.1698150634766,0.1917175156729562,2542.908134460449,model,2542.908134460449
jabref\src\main\java\org\jabref\logic\net\ProgressInputStream.java,0.34609707423618863,1882.6886177062988,0.0722597667149135,logic,1882.6886177062988
jabref\src\test\java\org\jabref\logic\cleanup\TimeStampToCreationDateTest.java,0.04408841133117676,1640.868263244629,0.06684586661202567,logic,1640.868263244629
jabref\src\test\java\org\jabref\gui\util\comparator\NumericFieldComparatorTest.java,2164.0655517578125,0.08689273425510952,0.028576677186148508,gui,2164.0655517578125
jabref\src\main\java\org\jabref\logic\importer\fetcher\GrobidPreferences.java,0.35003675733293804,1913.1069374084473,0.07296186174665178,logic,1913.1069374084473
jabref\src\main\java\org\jabref\gui\logging\ApplicationInsightsWriter.java,2179.4022178649902,0.0505171503339495,0.1184652737208775,gui,2179.4022178649902
jabref\src\main\java\org\jabref\logic\auxparser\DefaultAuxParser.java,0.2896278381347656,1790.1248168945312,0.140953186580113,logic,1790.1248168945312
jabref\src\main\java\org\jabref\gui\libraryproperties\LibraryPropertiesAction.java,2546.6000747680664,0.05939591952732631,0.057148524693080356,gui,2546.6000747680664
jabref\src\main\java\org\jabref\logic\importer\ParseException.java,0.045329931804112024,1979.623680114746,0.07390733446393694,logic,1979.623680114746
jabref\src\test\java\org\jabref\logic\bibtex\FieldContentFormatterTest.java,0.06941593715122768,1885.0175094604492,0.09255421502249582,logic,1885.0175094604492
jabref\src\main\java\org\jabref\gui\integrity\IntegrityCheckAction.java,2370.693244934082,0.1320183345249721,0.11439308438982282,gui,2370.693244934082
jabref\src\main\java\org\jabref\gui\undo\UndoRedoAction.java,2154.1403579711914,0.050242342267717635,0.028576745305742536,gui,2154.1403579711914
jabref\src\test\java\org\jabref\logic\integrity\AbbreviationCheckerTest.java,0.058978121621268136,1833.3322143554688,0.08426040921892439,logic,1833.3322143554688
jabref\src\test\java\org\jabref\testutils\category\DatabaseTest.java,0.013172151361192977,0.0,0.0571488584790911,model,0.0571488584790911
jabref\src\main\java\org\jabref\model\openoffice\style\CitationGroupId.java,0.05577470575060163,0.17798805236816406,3286.9532012939453,model,3286.9532012939453
jabref\src\main\java\org\jabref\logic\integrity\ISBNChecker.java,0.044815928595406666,1921.4829635620117,0.0733931405203683,logic,1921.4829635620117
jabref\src\main\java\org\jabref\gui\util\DefaultTaskExecutor.java,2304.763832092285,0.1512619972229004,0.10971174921308245,gui,2304.763832092285
jabref\src\main\java\org\jabref\gui\entryeditor\PreviewSwitchAction.java,2236.467742919922,0.0521625110081264,0.028577215330941336,gui,2236.467742919922
jabref\src\main\java\org\jabref\logic\importer\fetcher\transformers\ZbMathQueryTransformer.java,0.04438480309077671,1927.8058052062988,0.09118473189217703,logic,1927.8058052062988
jabref\src\main\java\org\jabref\model\openoffice\style\CitationGroup.java,0.352655029296875,0.19406743730817522,2958.9833450317383,model,2958.9833450317383
jabref\src\main\java\org\jabref\logic\bst\util\BstPurifier.java,0.043129137584141324,1933.2933807373047,0.0717057500566755,logic,1933.2933807373047
jabref\src\main\java\org\jabref\gui\entryeditor\LatexCitationsTab.java,2332.1094512939453,0.20500012806483678,0.1132380485534668,gui,2332.1094512939453
jabref\src\main\java\org\jabref\gui\search\SearchResultsTable.java,2243.1028747558594,0.25417398725237167,2.642276654924665,gui,2243.1028747558594
jabref\src\main\java\org\jabref\gui\entryeditor\UserDefinedFieldsTab.java,2388.246650695801,0.07995647021702358,0.05714844976152692,gui,2388.246650695801
jabref\src\test\java\org\jabref\model\entry\EntryTypeFactoryTest.java,0.07093338966369629,0.1775609288896833,3279.7890853881836,model,3279.7890853881836
jabref\src\main\java\org\jabref\model\entry\identifier\EprintIdentifier.java,0.05587379591805594,0.1782027380807059,3290.5543518066406,model,3290.5543518066406
jabref\src\main\java\org\jabref\logic\importer\fileformat\medline\PersonalNameSubject.java,0.045538718359810965,1952.4725914001465,0.0741161891392299,logic,1952.4725914001465
jabref\src\main\java\org\jabref\logic\exporter\XmpExporter.java,0.04349372727530343,1864.7935485839844,0.12278810228620257,logic,1864.7935485839844
jabref\src\main\java\org\jabref\model\entry\EntryConverter.java,0.049227026530674525,0.16380141122000558,3048.9987564086914,model,3048.9987564086914
jabref\src\main\java\org\jabref\gui\mergeentries\EntriesMergeResult.java,2274.0045166015625,0.05303800446646554,0.028577429907662526,gui,2274.0045166015625
jabref\src\main\java\org\jabref\gui\groups\GroupDialogViewModel.java,2085.4393196105957,0.15234016690935406,97.90253281593323,gui,2085.4393196105957
jabref\src\test\java\org\jabref\logic\integrity\BracesCorrectorTest.java,0.06158948625837054,1898.5297012329102,0.07285759789603097,logic,1898.5297012329102
jabref\src\main\java\org\jabref\logic\util\io\FileFinders.java,0.04521291937146868,1938.5039138793945,0.07379027775355748,logic,1938.5039138793945
jabref\src\test\java\org\jabref\logic\integrity\EditionCheckerTest.java,0.05899534906659808,1796.6056060791016,0.07026322228567941,logic,1796.6056060791016
jabref\src\main\java\org\jabref\gui\libraryproperties\LibraryPropertiesView.java,2383.4569549560547,0.06707513672964914,0.12456516538347517,gui,2383.4569549560547
jabref\src\main\java\org\jabref\gui\actions\SimpleCommand.java,2539.0167236328125,0.059219047001429964,0.02857729366847447,gui,2539.0167236328125
jabref\src\main\java\org\jabref\logic\util\io\FileFinder.java,0.045359444618225095,1944.7861671447754,0.09494876861572266,logic,1944.7861671447754
jabref\src\main\java\org\jabref\logic\util\DelayTaskThrottler.java,0.04377937998090472,1912.0408248901367,0.0723562240600586,logic,1912.0408248901367
jabref\src\main\java\org\jabref\logic\importer\fileformat\CopacImporter.java,0.17777858461652482,1942.3949241638184,1.0141017368861607,logic,1942.3949241638184
jabref\src\main\java\org\jabref\gui\importer\ImportEntriesViewModel.java,2395.9656524658203,0.2530932562691825,85.37632822990417,gui,2395.9656524658203
jabref\src\main\java\org\jabref\logic\integrity\ValueChecker.java,0.04566037654876709,1957.6885986328125,0.07423789160592216,logic,1957.6885986328125
jabref\src\main\java\org\jabref\gui\preferences\externalfiletypes\ExternalFileTypesTab.java,2108.979911804199,0.047208459036690846,0.12915288380214146,gui,2108.979911804199
jabref\src\main\java\org\jabref\gui\autocompleter\WordSuggestionProvider.java,2250.4461669921875,0.05248854500906808,0.05714872223990304,gui,2250.4461669921875
jabref\src\main\java\org\jabref\model\entry\field\IEEEField.java,0.060915565490722655,0.16380141122000558,3048.9987564086914,model,3048.9987564086914
jabref\src\test\java\org\jabref\logic\layout\format\RisMonthTest.java,0.28567635672433034,1921.2493133544922,0.07265313693455287,logic,1921.2493133544922
jabref\src\main\java\org\jabref\logic\importer\fileformat\mods\RecordInfo.java,0.06136535917009626,1987.8875541687012,0.8673215593610492,logic,1987.8875541687012
jabref\src\main\java\org\jabref\gui\logging\ApplicationInsightsLogEvent.java,2079.260139465332,0.04849586486816406,0.028576316152300153,gui,2079.260139465332
jabref\src\main\java\org\jabref\gui\collab\metedatachange\MetadataChange.java,2226.2313270568848,0.05192376545497349,0.057148586000714985,gui,2226.2313270568848
jabref\src\main\java\org\jabref\gui\maintable\columns\FileColumn.java,2447.9219818115234,0.2932859148297991,3.1578685215541293,gui,2447.9219818115234
jabref\src\test\java\org\jabref\logic\importer\fileformat\CitaviXmlImporterFilesTest.java,0.05554461479187012,1889.7663497924805,0.07265313693455287,logic,1889.7663497924805
jabref\src\test\java\org\jabref\logic\layout\format\RemoveBracketsAddCommaTest.java,0.05670509338378906,1912.1163940429688,0.07317460605076381,logic,1912.1163940429688
jabref\src\main\java\org\jabref\logic\layout\format\RemoveBrackets.java,0.04512622697012765,1980.7462692260742,0.07370354788643974,logic,1980.7462692260742
jabref\src\main\java\org\jabref\logic\xmp\XmpUtilReader.java,0.09552211761474609,1855.46236038208,0.09265550885881696,logic,1855.46236038208
jabref\src\main\java\org\jabref\logic\importer\fetcher\transformers\ScholarQueryTransformer.java,0.04487148012433733,1936.9082832336426,0.07344871248517718,logic,1936.9082832336426
jabref\src\main\java\org\jabref\gui\documentviewer\PdfDocumentPageViewModel.java,2700.79345703125,0.09410550934927804,57.32641637325287,gui,2700.79345703125
jabref\src\test\java\org\jabref\gui\mergeentries\GroupMergerTest.java,2179.4022178649902,0.0505171503339495,0.028576810019356864,gui,2179.4022178649902
jabref\src\main\java\org\jabref\logic\remote\server\RemoteListenerServerThread.java,0.044815928595406666,1921.4829635620117,0.07339354923793248,logic,1921.4829635620117
jabref\src\main\java\org\jabref\logic\util\strings\StringManipulator.java,0.10405883107866559,1814.6164321899414,0.06970996175493513,logic,1814.6164321899414
jabref\src\main\java\org\jabref\gui\openoffice\OOBibBase.java,2119.6176719665527,0.16614228657313757,0.3682791028703962,gui,2119.6176719665527
jabref\src\test\java\org\jabref\logic\layout\format\ReplaceUnicodeLigaturesFormatterTest.java,0.06080082484654018,1898.5297012329102,0.11531902040754045,logic,1898.5297012329102
jabref\src\main\java\org\jabref\gui\entryeditor\fileannotationtab\FileAnnotationTabView.java,2296.4659118652344,0.1622701917375837,1.0379999433244977,gui,2296.4659118652344
jabref\src\main\java\org\jabref\gui\util\OnlyIntegerFormatter.java,2248.6779022216797,0.08101872716631209,0.05714871542794364,gui,2248.6779022216797
jabref\src\test\java\org\jabref\logic\importer\fileformat\RISImporterTest.java,0.061235686710902626,1902.9984283447266,0.09275391442435128,logic,1902.9984283447266
jabref\src\test\java\org\jabref\logic\shared\ConnectorTest.java,0.05489569050925119,1877.0408248901367,0.10092872210911343,logic,1877.0408248901367
jabref\src\main\java\org\jabref\logic\openoffice\style\StyleLoader.java,0.2796468462262835,1915.221939086914,0.08484921455383301,logic,1915.221939086914
jabref\src\main\java\org\jabref\model\entry\identifier\Identifier.java,0.05587379591805594,0.1782027380807059,3290.5543518066406,model,3290.5543518066406
jabref\src\main\java\org\jabref\gui\sidepane\SidePaneType.java,2216.200122833252,0.051689798491341726,0.02857709952763149,gui,2216.200122833252
jabref\src\test\java\org\jabref\logic\cleanup\ConvertToBiblatexCleanupTest.java,0.0556924683707101,1731.5804862976074,0.10171600069318498,logic,1731.5804862976074
jabref\src\test\java\org\jabref\gui\search\GetLastSearchHistoryTest.java,2139.257640838623,0.0494577169418335,0.028576551164899554,gui,2139.257640838623
jabref\src\main\java\org\jabref\architecture\AllowedToUseStandardStreams.java,0.15198743002755302,0.0,0.028577559334891183,gui,0.15198743002755302
jabref\src\main\java\org\jabref\logic\shared\event\UpdateRefusedEvent.java,0.045040430341448105,1931.1084175109863,0.12479788916451591,logic,1931.1084175109863
jabref\src\main\java\org\jabref\gui\preferences\file\FileTabViewModel.java,2259.7021865844727,0.0505171503339495,35.00659227371216,gui,2259.7021865844727
jabref\src\test\java\org\jabref\logic\util\VersionTest.java,0.1167090824672154,1645.5818557739258,0.08909108979361398,logic,1645.5818557739258
jabref\src\test\java\org\jabref\logic\util\ExternalLinkCreatorTest.java,0.2756828308105469,1901.6603469848633,0.07275515283857073,logic,1901.6603469848633
jabref\src\main\java\org\jabref\gui\DialogService.java,2105.940456390381,0.04761870247977121,0.049998170988900324,gui,2105.940456390381
jabref\src\main\java\org\jabref\logic\layout\format\RisKeywords.java,0.04465152876717704,1970.9628677368164,0.07322868619646344,logic,1970.9628677368164
jabref\src\main\java\org\jabref\gui\shared\PullChangesFromSharedAction.java,2246.915512084961,0.06317764690944126,0.057148701804024836,gui,2246.915512084961
jabref\src\main\java\org\jabref\gui\openoffice\AdvancedCiteDialogViewModel.java,2277.725296020508,0.05312478542327881,35.0073766708374,gui,2277.725296020508
jabref\src\main\java\org\jabref\gui\groups\GroupsPreferences.java,2454.827346801758,0.05676397596086775,0.028576881544930596,gui,2454.827346801758
jabref\src\test\java\org\jabref\gui\search\GrammarBasedSearchRuleDescriberTest.java,1768.0522155761719,0.07184859684535436,0.049898532458714076,gui,1768.0522155761719
jabref\src\main\java\org\jabref\logic\importer\ImportFormatReader.java,0.16340953281947546,1759.318504333496,0.201641845703125,logic,1759.318504333496
jabref\src\main\java\org\jabref\model\groups\ExplicitGroup.java,0.11102327619280133,0.22268966947283064,3058.4374237060547,model,3058.4374237060547
jabref\src\main\java\org\jabref\gui\maintable\MainTableColumnFactory.java,1863.9449310302734,0.08589284079415457,0.6215574537004743,gui,1863.9449310302734
jabref\src\main\java\org\jabref\gui\util\FieldsUtil.java,2196.7287826538086,0.05123565878186907,0.02857698713030134,gui,2196.7287826538086
jabref\src\main\java\org\jabref\gui\documentviewer\DocumentViewModel.java,2579.498825073242,0.060163239070347374,35.0073766708374,gui,2579.498825073242
jabref\src\main\java\org\jabref\logic\integrity\AmpersandChecker.java,0.04438480309077671,1915.4021835327148,0.1228816304888044,logic,1915.4021835327148
jabref\src\test\java\org\jabref\gui\search\TextFlowEqualityHelper.java,2553.189277648926,0.059228706359863284,0.028576881544930596,gui,2553.189277648926
jabref\src\main\java\org\jabref\logic\undo\UndoChangeEvent.java,0.04512622697012765,1934.7868728637695,0.07370354788643974,logic,1934.7868728637695
jabref\src\main\java\org\jabref\model\entry\Author.java,0.08271875381469726,0.20902911594935825,2351.7654418945312,model,2351.7654418945312
jabref\src\test\java\org\jabref\logic\importer\fetcher\DiVATest.java,0.2715535300118583,1901.3424491882324,0.1848384039742606,logic,1901.3424491882324
jabref\src\main\java\org\jabref\gui\mergeentries\newmergedialog\ThreeWayMergeView.java,2046.328010559082,0.07209066663469588,0.05763085229056222,gui,2046.328010559082
jabref\src\main\java\org\jabref\gui\mergeentries\newmergedialog\fieldsmerger\FileMerger.java,2216.200122833252,0.051689798491341726,0.02857709952763149,gui,2216.200122833252
jabref\src\main\java\org\jabref\gui\util\FileDialogConfiguration.java,2060.032730102539,0.058497769492013116,0.04874988283429827,gui,2060.032730102539
jabref\src\main\java\org\jabref\logic\openoffice\OpenOfficePreferences.java,0.3662520817347935,1980.0812339782715,0.07152999469212123,logic,1980.0812339782715
jabref\src\test\java\org\jabref\logic\citationstyle\CitationStyleGeneratorTest.java,0.18273181915283204,1550.0194549560547,0.4827744620186942,logic,1550.0194549560547
jabref\src\main\java\org\jabref\logic\layout\format\RTFChars.java,0.17824459075927734,1644.7433853149414,0.16124335697719028,logic,1644.7433853149414
jabref\src\main\java\org\jabref\logic\importer\ImportFormatPreferences.java,0.045359444618225095,1944.7861671447754,0.07393685068402972,logic,1944.7861671447754
jabref\src\main\java\org\jabref\logic\importer\util\INSPIREBibtexFilterReader.java,0.04387704304286412,2012.0221519470215,0.07245392118181501,logic,2012.0221519470215
jabref\src\main\java\org\jabref\logic\layout\format\CreateDocBook5Authors.java,0.04492740971701486,1926.2626457214355,0.07350466591971261,logic,1926.2626457214355
jabref\src\main\java\org\jabref\gui\cleanup\CleanupPresetPanel.java,2027.4641609191895,0.16760490962437222,0.5478302546909877,gui,2027.4641609191895
jabref\src\test\java\org\jabref\performance\BibtexEntryGenerator.java,0.026784213951655797,0.061717067446027486,0.028576953070504323,logic,0.061717067446027486
jabref\src\main\java\org\jabref\gui\util\uithreadaware\UiThreadHelper.java,2346.926612854004,0.05299484389168876,0.028577419689723424,gui,2346.926612854004
jabref\src\main\java\org\jabref\logic\integrity\BracesCorrector.java,0.04465152876717704,1953.7519264221191,0.1350046294076102,logic,1953.7519264221191
jabref\src\main\java\org\jabref\gui\entryeditor\EntryEditorTab.java,2239.9264335632324,0.05224318504333496,0.028577235766819545,gui,2239.9264335632324
jabref\src\main\java\org\jabref\logic\layout\format\NameFormatterPreferences.java,0.044705959728785924,1916.7680358886719,0.07328313418797085,logic,1916.7680358886719
jabref\src\test\java\org\jabref\logic\formatter\bibtexfields\UnitsToLatexFormatterTest.java,0.06122756685529437,1921.4829635620117,0.0733931405203683,logic,1921.4829635620117
jabref\src\main\java\org\jabref\logic\integrity\CitationKeyDuplicationChecker.java,0.2696615491594587,1919.99361038208,0.10174603462219238,logic,1919.99361038208
jabref\src\main\java\org\jabref\gui\maintable\columns\LinkedIdentifierColumn.java,2535.289535522461,0.3126156670706613,2.979257638113839,gui,2535.289535522461
jabref\src\main\java\org\jabref\logic\cleanup\FileLinksCleanup.java,0.3123095648629325,1912.3758125305176,0.07296186174665178,logic,1912.3758125305176
jabref\src\main\java\org\jabref\gui\fieldeditors\PersonsEditorViewModel.java,2337.937355041504,0.052082388741629466,35.00706374645233,gui,2337.937355041504
jabref\src\main\java\org\jabref\logic\openoffice\style\OOProcessCitationKeyMarkers.java,0.044705959728785924,1916.7680358886719,0.07328313418797085,logic,1916.7680358886719
jabref\src\test\java\org\jabref\logic\bst\util\BstTextPrefixerTest.java,0.10090767996651785,2378.6635208129883,0.12487658091953822,logic,2378.6635208129883
jabref\src\test\java\org\jabref\logic\formatter\bibtexfields\NormalizePagesFormatterTest.java,0.05310168606894357,1775.22367477417,0.06998063496180944,logic,1775.22367477417
jabref\src\main\java\org\jabref\logic\bst\util\BstCaseChanger.java,0.17308717455182757,1785.1837158203125,0.9229258946010045,logic,1785.1837158203125
jabref\src\main\java\org\jabref\gui\groups\UndoableAddOrRemoveGroup.java,2418.705291748047,0.06423542840140206,0.028576207160949708,gui,2418.705291748047
jabref\src\main\java\org\jabref\gui\exporter\WriteMetadataToPdfAction.java,2135.9392738342285,0.27553904397147044,0.4674055916922433,gui,2135.9392738342285
jabref\src\main\java\org\jabref\gui\texparser\ParseLatexResultViewModel.java,2234.1473960876465,0.0915414673941476,110.20332336425781,gui,2234.1473960876465
jabref\src\main\java\org\jabref\logic\l10n\Encodings.java,0.04459746905735561,1912.1163940429688,0.07317460605076381,logic,1912.1163940429688
jabref\src\main\java\org\jabref\logic\cleanup\MoveFieldCleanup.java,0.04465152876717704,1914.4343376159668,0.07322868619646344,logic,1914.4343376159668
jabref\src\test\java\org\jabref\logic\importer\fetcher\isbntobibtex\OpenLibraryIsbnFetcherTest.java,1.0577335902622769,1888.8951683044434,0.11146360806056431,logic,1888.8951683044434
jabref\src\main\java\org\jabref\model\entry\LinkedFile.java,0.44544617789132257,1.5233748299734933,2782.482376098633,model,2782.482376098633
jabref\src\main\java\org\jabref\logic\util\strings\UnicodeLigaturesMap.java,0.5669819968087333,1862.309913635254,0.07086744308471679,logic,1862.309913635254
jabref\src\main\java\org\jabref\gui\libraryproperties\PropertiesTab.java,2283.3558654785156,0.09359613146100726,0.7345278058733259,gui,2283.3558654785156
jabref\src\main\java\org\jabref\model\entry\field\BiblatexSoftwareField.java,0.0592663219996861,0.1611954825265067,3040.2893447875977,model,3040.2893447875977
jabref\src\main\java\org\jabref\gui\preview\CopyCitationAction.java,2240.908966064453,0.05795671599251884,0.039026927947998044,gui,2240.908966064453
jabref\src\main\java\org\jabref\logic\util\strings\XmlCharsMap.java,0.03932091849190848,1685.8843803405762,0.06789617538452149,logic,1685.8843803405762
jabref\src\main\java\org\jabref\logic\importer\fetcher\IEEE.java,0.5883963993617467,1688.3965873718262,0.13594542912074498,logic,1688.3965873718262
jabref\src\main\java\org\jabref\gui\push\PushToVim.java,2372.3656463623047,0.09912155696323939,0.05714753014700753,gui,2372.3656463623047
jabref\src\main\java\org\jabref\logic\bibtex\FileFieldWriter.java,0.04368295328957694,1957.955493927002,0.0722597667149135,logic,1957.955493927002
jabref\src\main\java\org\jabref\logic\help\HelpFile.java,0.07703966413225447,1974.4015312194824,0.18688785008021763,logic,1974.4015312194824
jabref\src\main\java\org\jabref\logic\util\Version.java,0.21215776715959822,1876.2546920776367,0.08394346237182618,logic,1876.2546920776367
jabref\src\test\java\org\jabref\logic\layout\format\MarkdownFormatterTest.java,0.06049653462001255,1911.3823318481445,0.09029878207615444,logic,1911.3823318481445
jabref\src\main\java\org\jabref\gui\edit\automaticfiededitor\renamefield\RenameFieldViewModel.java,2460.2245330810547,0.06537273270743234,70.00612497329712,gui,2460.2245330810547
jabref\src\test\java\org\jabref\logic\integrity\JournalInAbbreviationListCheckerTest.java,0.05879888534545898,1841.6289329528809,0.07152999469212123,logic,1841.6289329528809
jabref\src\main\java\org\jabref\logic\integrity\HowPublishedChecker.java,0.057074274335588725,1919.117488861084,0.10190938540867396,logic,1919.117488861084
jabref\src\test\java\org\jabref\logic\importer\fetcher\CrossRefTest.java,1.4712594168526785,1704.8051071166992,0.06625267437526158,logic,1704.8051071166992
jabref\src\main\java\org\jabref\logic\layout\format\LatexToUnicodeFormatter.java,0.09164736611502511,1976.5535163879395,0.0733379568372454,logic,1976.5535163879395
jabref\src\test\java\org\jabref\model\groups\WordKeywordGroupTest.java,0.0572962760925293,0.1541536603655134,2705.1641845703125,model,2705.1641845703125
jabref\src\test\java\org\jabref\model\entry\KeywordListTest.java,0.057769693647112166,0.30407423291887553,5226.5142822265625,model,5226.5142822265625
jabref\src\main\java\org\jabref\gui\fieldeditors\SimpleEditorViewModel.java,2268.472213745117,0.05290897573743548,35.00731408596039,gui,2268.472213745117
jabref\src\main\java\org\jabref\model\openoffice\style\CitationLookupResult.java,0.06401018415178572,0.1701704842703683,3190.8279037475586,model,3190.8279037475586
jabref\src\main\java\org\jabref\model\metadata\ContentSelector.java,0.10574173246111189,0.16796459470476424,3118.8283920288086,model,3118.8283920288086
jabref\src\main\java\org\jabref\logic\layout\format\AuthorLastFirstAbbrOxfordCommas.java,0.04544860635484968,1948.6089515686035,0.07402604648045132,logic,1948.6089515686035
jabref\src\main\java\org\jabref\gui\util\TextFlowLimited.java,2154.1403579711914,0.08803437096732003,0.07937107086181641,gui,2154.1403579711914
jabref\src\main\java\org\jabref\logic\openoffice\action\EditSeparate.java,0.24146227155412947,1840.7761764526367,0.09992986406598772,logic,1840.7761764526367
jabref\src\main\java\org\jabref\model\database\BibDatabase.java,0.36393277304513116,0.24988043648856026,2398.5403442382812,model,2398.5403442382812
jabref\src\main\java\org\jabref\gui\mergeentries\newmergedialog\cell\ThreeWayMergeCellViewModel.java,2559.5507049560547,0.11510436194283621,79.23473238945007,gui,2559.5507049560547
jabref\src\main\java\org\jabref\logic\layout\format\RemoveWhitespace.java,0.04495551926749093,2013.1981468200684,0.0735327856881278,logic,2013.1981468200684
jabref\src\main\java\org\jabref\logic\integrity\HTMLCharacterChecker.java,0.04449042592729841,1920.0674438476562,0.0730675220489502,logic,1920.0674438476562
jabref\src\main\java\org\jabref\logic\importer\fetcher\MathSciNet.java,0.26788008553641185,1783.784351348877,0.06945046697344098,logic,1783.784351348877
jabref\src\test\java\org\jabref\logic\protectedterms\ProtectedTermsLoaderTest.java,0.13987507138933455,2051.113166809082,0.0948126997266497,logic,2051.113166809082
jabref\src\main\java\org\jabref\gui\preview\PreviewViewer.java,1813.3424377441406,0.41606824057442804,1.2514083862304688,gui,1813.3424377441406
jabref\src\main\java\org\jabref\gui\entryeditor\OptionalFieldsTabBase.java,2661.258773803711,0.14733242307390484,1.2815783909388951,gui,2661.258773803711
jabref\src\main\java\org\jabref\logic\bibtex\FieldPreferences.java,0.27505098070417133,1901.6603469848633,0.07275469643729074,logic,1901.6603469848633
jabref\src\main\java\org\jabref\logic\preferences\DOIPreferences.java,0.4174717766898019,1968.530502319336,0.07344871248517718,logic,1968.530502319336
jabref\src\main\java\org\jabref\gui\importer\fetcher\WebSearchPaneViewModel.java,2492.2885513305664,0.10253155572073801,67.20670759677887,gui,2492.2885513305664
jabref\src\test\java\org\jabref\logic\formatter\bibtexfields\ClearFormatterTest.java,0.06183720997401646,1928.6772537231445,0.07356100082397461,logic,1928.6772537231445
jabref\src\main\java\org\jabref\gui\libraryproperties\contentselectors\ContentSelectorView.java,2373.4764862060547,0.055358048847743445,0.05714763232639858,gui,2373.4764862060547
jabref\src\test\java\org\jabref\logic\bibtex\BibEntryAssert.java,0.0499767575945173,1775.22367477417,0.08962295395987374,logic,1775.22367477417
