file_path,model,preferences,best_module,best_likelihood
jabref\src\test\java\org\jabref\logic\importer\fileformat\SilverPlatterImporterTest.java,2.5224664211273193,0.0,model,2.5224664211273193
jabref\buildSrc\src\copied\java\org\jabref\logic\journals\JournalAbbreviationRepository.java,2.761460542678833,0.28082817792892456,model,2.761460542678833
jabref\src\main\java\org\jabref\gui\util\UiThreadList.java,1.0001933574676514,0.0,model,1.0001933574676514
jabref\src\main\java\org\jabref\logic\msbib\BibTeXConverter.java,2.3904545307159424,0.0,model,2.3904545307159424
jabref\src\test\java\org\jabref\logic\importer\fileformat\CffImporterTest.java,12.23117733001709,2.279055118560791,model,12.23117733001709
jabref\src\main\java\org\jabref\gui\theme\StyleSheetResource.java,1.000206708908081,0.0,model,1.000206708908081
jabref\src\main\java\org\jabref\gui\libraryproperties\constants\ConstantsPropertiesView.java,2.0001566410064697,35.0,preferences,35.0
jabref\src\test\java\org\jabref\logic\cleanup\FieldFormatterCleanupTest.java,4.765657901763916,0.0,model,4.765657901763916
jabref\src\test\java\org\jabref\logic\net\ProxyTest.java,2.5592310428619385,1.0,model,2.5592310428619385
jabref\src\main\java\org\jabref\logic\exporter\ModsExporter.java,36.48914337158203,2.046280860900879,model,36.48914337158203
jabref\src\main\java\org\jabref\logic\shared\OracleProcessor.java,8.171613693237305,23.34360122680664,preferences,23.34360122680664
jabref\src\main\java\org\jabref\model\util\ListUtil.java,92.02513122558594,0.0,model,92.02513122558594
jabref\src\main\java\org\jabref\model\groups\TexGroup.java,78.92608642578125,6.708322048187256,model,78.92608642578125
jabref\src\test\java\org\jabref\logic\importer\fetcher\isbntobibtex\EbookDeIsbnFetcherTest.java,3.746448278427124,0.0,model,3.746448278427124
jabref\src\main\java\org\jabref\gui\libraryproperties\PropertiesTabViewModel.java,1.0002130270004272,0.0,model,1.0002130270004272
jabref\src\test\java\org\jabref\logic\util\strings\StringLengthComparatorTest.java,2.9766016006469727,0.0,model,2.9766016006469727
jabref\src\main\java\org\jabref\logic\citationstyle\JabRefItemDataProvider.java,5.592150688171387,0.28082817792892456,model,5.592150688171387
jabref\src\main\java\org\jabref\gui\externalfiles\UnlinkedFilesDialogView.java,1.2478562593460083,35.0,preferences,35.0
jabref\src\main\java\org\jabref\logic\bibtex\comparator\BibtexStringComparator.java,2.539350986480713,0.0,model,2.539350986480713
jabref\src\main\java\org\jabref\gui\entryeditor\DeprecatedFieldsTab.java,43.32107162475586,96.18382263183594,preferences,96.18382263183594
jabref\src\test\java\org\jabref\logic\importer\fetcher\SemanticScholarTest.java,37.90789794921875,0.0,model,37.90789794921875
jabref\src\main\java\org\jabref\logic\importer\fetcher\CiteSeer.java,2.485955238342285,0.0,model,2.485955238342285
jabref\src\main\java\org\jabref\architecture\AllowedToUseAwt.java,1.0002145767211914,0.0,model,1.0002145767211914
jabref\src\main\java\org\jabref\logic\layout\format\HTMLChars.java,2.4056386947631836,0.6987998485565186,model,2.4056386947631836
jabref\src\test\java\org\jabref\model\openoffice\CitationEntryTest.java,82.99491119384766,0.0,model,82.99491119384766
jabref\src\main\java\org\jabref\model\database\KeyChangeListener.java,87.01922607421875,0.37214648723602295,model,87.01922607421875
jabref\src\test\java\org\jabref\model\groups\AutomaticPersonsGroupTest.java,102.01036834716797,0.0,model,102.01036834716797
jabref\src\main\java\org\jabref\gui\fieldeditors\AbstractEditorViewModel.java,1.0001815557479858,0.0,model,1.0001815557479858
jabref\src\test\java\org\jabref\logic\layout\LayoutHelperTest.java,2.5358872413635254,0.0,model,2.5358872413635254
jabref\src\main\java\org\jabref\logic\importer\SearchBasedFetcher.java,2.5630040168762207,0.0,model,2.5630040168762207
jabref\src\main\java\org\jabref\preferences\GeneralPreferences.java,1.0001792907714844,91.56769561767578,preferences,91.56769561767578
jabref\src\test\java\org\jabref\logic\importer\fetcher\IEEETest.java,3.778747320175171,1.0107753276824951,model,3.778747320175171
jabref\src\main\java\org\jabref\gui\maintable\SmartConstrainedResizePolicy.java,2.76521635055542,0.0,model,2.76521635055542
jabref\src\main\java\org\jabref\gui\mergeentries\newmergedialog\cell\sidebuttons\InfoButton.java,1.000198483467102,0.0,model,1.000198483467102
jabref\src\test\java\org\jabref\logic\citationkeypattern\AbstractCitationKeyPatternTest.java,2.5358872413635254,0.0,model,2.5358872413635254
jabref\src\main\java\org\jabref\gui\fieldeditors\ContextMenuAddable.java,1.00021231174469,0.0,model,1.00021231174469
jabref\src\main\java\org\jabref\logic\layout\format\NoSpaceBetweenAbbreviations.java,2.588826894760132,0.0,model,2.588826894760132
jabref\src\main\java\org\jabref\logic\formatter\bibtexfields\CleanupUrlFormatter.java,2.522554874420166,0.0,model,2.522554874420166
jabref\src\main\java\org\jabref\gui\mergeentries\newmergedialog\fieldsmerger\FieldMergerFactory.java,1.000195860862732,0.0,model,1.000195860862732
jabref\src\main\java\org\jabref\logic\util\MetadataSerializationConfiguration.java,2.581644296646118,0.0,model,2.581644296646118
jabref\src\main\java\org\jabref\gui\mergeentries\MergeResult.java,1.0002115964889526,0.0,model,1.0002115964889526
jabref\src\main\java\org\jabref\gui\entryeditor\OptionalFields2Tab.java,2.000199794769287,97.3365249633789,preferences,97.3365249633789
jabref\src\test\java\org\jabref\logic\formatter\IdentityFormatterTest.java,2.588839292526245,0.0,model,2.588839292526245
jabref\src\test\java\org\jabref\logic\formatter\casechanger\TitleCaseFormatterTest.java,3.5816378593444824,0.947667121887207,model,3.5816378593444824
jabref\src\main\java\org\jabref\gui\fieldeditors\identifier\EprintIdentifierEditorViewModel.java,1.0001933574676514,95.30888366699219,preferences,95.30888366699219
jabref\src\test\java\org\jabref\model\entry\identifier\MathSciNetIdTest.java,93.00311279296875,0.0,model,93.00311279296875
jabref\src\main\java\org\jabref\gui\autocompleter\AppendPersonNamesStrategy.java,1.0002100467681885,0.0,model,1.0002100467681885
jabref\src\test\java\org\jabref\logic\formatter\bibtexfields\ReplaceTabsBySpaceFormaterTest.java,2.5687599182128906,0.0,model,2.5687599182128906
jabref\src\main\java\org\jabref\gui\importer\ImportCommand.java,1.7033259868621826,105.57283782958984,preferences,105.57283782958984
jabref\src\test\java\org\jabref\logic\exporter\MetaDataSerializerTest.java,2.480360507965088,0.0,model,2.480360507965088
jabref\src\test\java\org\jabref\logic\importer\fileformat\RepecNepImporterTest.java,2.503549814224243,0.0,model,2.503549814224243
jabref\src\main\java\org\jabref\gui\slr\StartNewStudyAction.java,1.518532633781433,35.51591491699219,preferences,35.51591491699219
jabref\src\main\java\org\jabref\model\openoffice\uno\UnoTextSection.java,87.69505310058594,0.0,model,87.69505310058594
jabref\src\test\java\org\jabref\logic\importer\fileformat\RISImporterFilesTest.java,2.5630040168762207,0.0,model,2.5630040168762207
jabref\src\main\java\org\jabref\logic\importer\util\ShortDOIServiceException.java,2.5726633071899414,0.0,model,2.5726633071899414
jabref\src\test\java\org\jabref\logic\importer\fetcher\MedlineFetcherTest.java,5.987279891967773,0.5876948833465576,model,5.987279891967773
jabref\src\test\java\org\jabref\gui\util\comparator\SpecialFieldComparatorTest.java,1.0001920461654663,0.0,model,1.0001920461654663
jabref\src\main\java\org\jabref\gui\theme\StyleSheet.java,3.5832693576812744,1.3215715885162354,model,3.5832693576812744
jabref\src\main\java\org\jabref\gui\collab\entryadd\EntryAdd.java,2.0001983642578125,0.0,model,2.0001983642578125
jabref\src\test\java\org\jabref\logic\importer\fetcher\JstorFetcherTest.java,21.2288761138916,0.32436639070510864,model,21.2288761138916
jabref\src\main\java\org\jabref\gui\maintable\MainTableFieldValueFormatter.java,1.0001837015151978,0.0,model,1.0001837015151978
jabref\src\test\java\org\jabref\logic\importer\fetcher\DOABFetcherTest.java,60.546512603759766,4.694064617156982,model,60.546512603759766
jabref\src\main\java\org\jabref\gui\openoffice\OpenOfficePanel.java,92.3861083984375,49.264095306396484,model,92.3861083984375
jabref\src\test\java\org\jabref\logic\git\GitHandlerTest.java,4.408000469207764,2.1830313205718994,model,4.408000469207764
jabref\src\main\java\org\jabref\gui\edit\automaticfiededitor\copyormovecontent\CopyOrMoveFieldContentTabView.java,22.203880310058594,0.0,model,22.203880310058594
jabref\src\test\java\org\jabref\model\search\rules\ContainsBasedSearchRuleTest.java,85.86540985107422,0.0,model,85.86540985107422
jabref\src\main\java\org\jabref\logic\importer\fileformat\MarcXmlParser.java,27.69470977783203,0.22283977270126343,model,27.69470977783203
jabref\src\test\java\org\jabref\logic\layout\format\NoSpaceBetweenAbbreviationsTest.java,2.5428597927093506,0.0,model,2.5428597927093506
jabref\src\main\java\org\jabref\gui\util\ZipFileChooser.java,5.356907844543457,0.0,model,5.356907844543457
jabref\src\main\java\org\jabref\logic\importer\fetcher\GoogleScholar.java,16.12990951538086,4.004269123077393,model,16.12990951538086
jabref\src\main\java\org\jabref\model\openoffice\ootext\OOText.java,93.19799041748047,0.0,model,93.19799041748047
jabref\src\test\java\org\jabref\logic\exporter\HtmlExportFormatTest.java,4.27571964263916,0.0,model,4.27571964263916
jabref\src\main\java\org\jabref\gui\mergeentries\newmergedialog\cell\MergedFieldCell.java,1.0001945495605469,0.0,model,1.0001945495605469
jabref\src\main\java\org\jabref\model\search\matchers\OrMatcher.java,93.4039306640625,0.0,model,93.4039306640625
jabref\src\main\java\org\jabref\model\database\event\BibDatabaseContextChangedEvent.java,96.33101654052734,0.0,model,96.33101654052734
jabref\src\test\java\org\jabref\logic\pdf\search\indexing\PdfIndexerTest.java,4.2061262130737305,0.0,model,4.2061262130737305
jabref\src\main\java\org\jabref\logic\layout\format\JournalAbbreviator.java,2.5826597213745117,0.0,model,2.5826597213745117
jabref\src\main\java\org\jabref\gui\bibtexextractor\BibtexExtractor.java,1.0001293420791626,0.0,model,1.0001293420791626
jabref\src\main\java\org\jabref\gui\preferences\entryeditortabs\CustomEditorFieldsTabViewModel.java,1.9829752445220947,104.78406524658203,preferences,104.78406524658203
jabref\src\main\java\org\jabref\gui\AbstractViewModel.java,1.00021493434906,0.0,model,1.00021493434906
jabref\src\main\java\org\jabref\gui\fieldeditors\JournalEditorViewModel.java,1.0002025365829468,0.4697340428829193,model,1.0002025365829468
jabref\src\main\java\org\jabref\model\entry\field\StandardField.java,73.38274383544922,0.21159818768501282,model,73.38274383544922
jabref\src\main\java\org\jabref\gui\importer\ImportEntriesDialog.java,22.270898818969727,79.46647644042969,preferences,79.46647644042969
jabref\src\main\java\org\jabref\model\search\rules\SentenceAnalyzer.java,88.76611328125,0.0,model,88.76611328125
jabref\src\main\java\org\jabref\logic\integrity\BibTeXEntryTypeChecker.java,5.556150436401367,0.774825930595398,model,5.556150436401367
jabref\src\main\java\org\jabref\gui\externalfiles\ExternalFileSorter.java,1.000207543373108,0.0,model,1.000207543373108
jabref\src\test\java\org\jabref\logic\importer\fetcher\transformers\YearRangeByFilteringQueryTransformerTest.java,2.5592310428619385,0.0,model,2.5592310428619385
jabref\src\main\java\org\jabref\logic\layout\format\LastPage.java,2.580632448196411,0.0,model,2.580632448196411
jabref\src\test\java\org\jabref\logic\layout\format\AuthorFirstLastOxfordCommasTest.java,2.5290918350219727,0.0,model,2.5290918350219727
jabref\src\test\java\org\jabref\logic\journals\AbbreviationTest.java,2.3904545307159424,0.0,model,2.3904545307159424
jabref\src\main\java\org\jabref\logic\crawler\StudyRepository.java,6.055675506591797,35.478424072265625,preferences,35.478424072265625
jabref\src\main\java\org\jabref\logic\importer\fetcher\CrossRef.java,4.00983190536499,0.0,model,4.00983190536499
jabref\src\test\java\org\jabref\logic\cleanup\DoiCleanupTest.java,2.480360507965088,0.0,model,2.480360507965088
jabref\src\main\java\org\jabref\gui\copyfiles\CopySingleFileAction.java,4.268197059631348,0.0,model,4.268197059631348
jabref\src\main\java\org\jabref\model\entry\types\IEEETranEntryTypeDefinitions.java,81.7540512084961,0.0,model,81.7540512084961
jabref\src\test\java\org\jabref\logic\layout\format\FileLinkTest.java,2.5224664211273193,0.0,model,2.5224664211273193
jabref\src\main\java\org\jabref\logic\formatter\casechanger\UpperCaseFormatter.java,3.311910629272461,0.8339163064956665,model,3.311910629272461
jabref\src\main\java\org\jabref\gui\edit\ReplaceStringViewModel.java,1.0001672506332397,0.0,model,1.0001672506332397
jabref\src\main\java\org\jabref\gui\maintable\ColumnPreferences.java,1.000198483467102,0.0,model,1.000198483467102
jabref\src\test\java\org\jabref\logic\formatter\bibtexfields\ReplaceWithEscapedDoubleQuotesTest.java,2.557363271713257,0.0,model,2.557363271713257
jabref\src\main\java\org\jabref\logic\layout\format\FormatPagesForHTML.java,2.5930113792419434,0.0,model,2.5930113792419434
jabref\src\test\java\org\jabref\logic\layout\format\ReplaceTest.java,3.839540958404541,1.4579956531524658,model,3.839540958404541
jabref\src\main\java\org\jabref\gui\collab\DatabaseChangeDetailsViewFactory.java,2.0001792907714844,35.0,preferences,35.0
jabref\src\test\java\org\jabref\logic\integrity\ValidCitationKeyCheckerTest.java,2.5611112117767334,0.0,model,2.5611112117767334
jabref\src\main\java\org\jabref\logic\importer\IdFetcher.java,2.590911626815796,0.0,model,2.590911626815796
jabref\src\main\java\org\jabref\logic\integrity\UrlChecker.java,2.57662034034729,0.0,model,2.57662034034729
jabref\src\main\java\org\jabref\logic\importer\ImporterPreferences.java,2.5630040168762207,0.5964576005935669,model,2.5630040168762207
jabref\src\main\java\org\jabref\logic\layout\format\Ordinal.java,2.557363271713257,0.0,model,2.557363271713257
jabref\src\main\java\org\jabref\gui\collab\entrychange\EntryChangeDetailsView.java,2.000319242477417,35.0,preferences,35.0
jabref\src\main\java\org\jabref\gui\undo\AbstractUndoableJabRefEdit.java,1.0002079010009766,0.0,model,1.0002079010009766
jabref\src\main\java\org\jabref\logic\importer\fetcher\ACS.java,2.5358872413635254,0.0,model,2.5358872413635254
jabref\src\main\java\org\jabref\logic\search\SearchQuery.java,2.9901680946350098,0.0,model,2.9901680946350098
jabref\src\test\java\org\jabref\logic\layout\format\AuthorFirstFirstTest.java,2.5726633071899414,0.0,model,2.5726633071899414
jabref\src\main\java\org\jabref\logic\importer\IdParserFetcher.java,2.5097012519836426,0.0,model,2.5097012519836426
jabref\src\main\java\org\jabref\gui\openoffice\ManageCitationsDialogView.java,18.802989959716797,0.0,model,18.802989959716797
jabref\src\main\java\org\jabref\logic\layout\format\ReplaceWithEscapedDoubleQuotes.java,2.5786194801330566,0.0,model,2.5786194801330566
jabref\src\test\java\org\jabref\cli\JabRefCLITest.java,19.777761459350586,0.6396037936210632,model,19.777761459350586
jabref\src\main\java\org\jabref\gui\libraryproperties\general\GeneralPropertiesView.java,2.0001771450042725,36.0,preferences,36.0
jabref\src\main\java\org\jabref\logic\cleanup\ConvertToBibtexCleanup.java,3.6214497089385986,0.0,model,3.6214497089385986
jabref\src\main\java\org\jabref\gui\collab\entrychange\PreviewWithSourceTab.java,1.0001710653305054,35.0,preferences,35.0
jabref\src\main\java\org\jabref\logic\xmp\XmpUtilShared.java,8.388404846191406,0.0,model,8.388404846191406
jabref\src\main\java\org\jabref\gui\mergeentries\newmergedialog\fieldsmerger\GroupMerger.java,1.0001991987228394,0.0,model,1.0001991987228394
jabref\src\main\java\org\jabref\gui\util\StreamGobbler.java,1.0002018213272095,0.0,model,1.0002018213272095
jabref\src\main\java\org\jabref\gui\preferences\network\NetworkTab.java,5.552629470825195,74.22860717773438,preferences,74.22860717773438
jabref\src\main\java\org\jabref\gui\help\VersionWorker.java,1.6828171014785767,0.0,model,1.6828171014785767
jabref\src\main\java\org\jabref\logic\importer\fetcher\transformers\BiodiversityLibraryTransformer.java,2.5736474990844727,0.0,model,2.5736474990844727
jabref\src\main\java\org\jabref\logic\cleanup\DoiCleanup.java,2.4916818141937256,0.0,model,2.4916818141937256
jabref\src\main\java\org\jabref\gui\bibtexextractor\BibtexExtractorViewModel.java,1.000191569328308,38.183128356933594,preferences,38.183128356933594
jabref\src\main\java\org\jabref\migrations\SpecialFieldsToSeparateFields.java,1.0001730918884277,0.0,model,1.0001730918884277
jabref\src\main\java\org\jabref\gui\preferences\customentrytypes\EntryTypeViewModel.java,1.0001837015151978,92.72659301757812,preferences,92.72659301757812
jabref\src\main\java\org\jabref\logic\bibtex\BibEntryWriter.java,3.376366138458252,1.2532130479812622,model,3.376366138458252
jabref\src\main\java\org\jabref\gui\util\ControlHelper.java,28.10822296142578,0.0,model,28.10822296142578
jabref\src\test\java\org\jabref\model\entry\DateTest.java,72.9737548828125,0.0,model,72.9737548828125
jabref\src\test\java\org\jabref\model\metadata\MetaDataTest.java,93.70825958251953,0.0,model,93.70825958251953
jabref\src\test\java\org\jabref\gui\preferences\journals\JournalAbbreviationsViewModelTabTest.java,2.248614549636841,57.045204162597656,preferences,57.045204162597656
jabref\src\main\java\org\jabref\logic\auxparser\AuxParserResult.java,2.557363271713257,0.4541987180709839,model,2.557363271713257
jabref\src\test\java\org\jabref\model\entry\EntryLinkListTest.java,86.26359558105469,0.0,model,86.26359558105469
jabref\src\main\java\org\jabref\preferences\TelemetryPreferences.java,1.0002011060714722,100.24662017822266,preferences,100.24662017822266
jabref\src\main\java\org\jabref\gui\MainApplication.java,1.0002005100250244,104.642333984375,preferences,104.642333984375
jabref\src\main\java\org\jabref\gui\fieldeditors\LinkedFilesEditorViewModel.java,2.696488857269287,105.68289184570312,preferences,105.68289184570312
jabref\src\main\java\org\jabref\logic\shared\DBMSType.java,3.532467842102051,0.0,model,3.532467842102051
jabref\src\main\java\org\jabref\gui\StateManager.java,23.255088806152344,0.47406601905822754,model,23.255088806152344
jabref\src\main\java\org\jabref\gui\util\ViewModelTreeTableRowFactory.java,3.9595067501068115,0.0,model,3.9595067501068115
jabref\src\main\java\org\jabref\logic\journals\JournalAbbreviationLoader.java,4.327549457550049,0.0,model,4.327549457550049
jabref\src\main\java\org\jabref\logic\l10n\LocalizationKeyParams.java,5.49185848236084,0.0,model,5.49185848236084
jabref\src\main\java\org\jabref\logic\util\CoarseChangeFilter.java,5.91396951675415,0.0,model,5.91396951675415
jabref\src\main\java\org\jabref\gui\maintable\OpenUrlAction.java,2.5100884437561035,103.87489318847656,preferences,103.87489318847656
jabref\src\main\java\org\jabref\model\entry\field\BibField.java,90.16651153564453,0.0,model,90.16651153564453
jabref\src\main\java\org\jabref\gui\edit\automaticfiededitor\editfieldcontent\EditFieldContentViewModel.java,2.0001566410064697,0.4343331456184387,model,2.0001566410064697
jabref\src\test\java\org\jabref\model\entry\identifier\ISSNTest.java,87.11425018310547,0.0,model,87.11425018310547
jabref\src\main\java\org\jabref\gui\preferences\entryeditortabs\CustomEditorFieldsTab.java,1.000197172164917,96.50932312011719,preferences,96.50932312011719
jabref\src\main\java\org\jabref\logic\groups\DefaultGroupsFactory.java,3.389664649963379,0.0,model,3.389664649963379
jabref\src\main\java\org\jabref\model\groups\AutomaticKeywordGroup.java,84.67613220214844,0.37899309396743774,model,84.67613220214844
jabref\src\main\java\org\jabref\gui\collab\groupchange\GroupChangeDetailsView.java,3.2973363399505615,0.0,model,3.2973363399505615
jabref\src\main\java\org\jabref\logic\importer\fetcher\AbstractIsbnFetcher.java,2.5611112117767334,0.0,model,2.5611112117767334
jabref\src\test\java\org\jabref\logic\integrity\BooktitleCheckerTest.java,2.5536651611328125,4.323126316070557,preferences,4.323126316070557
jabref\src\test\java\org\jabref\logic\journals\AbbreviationWriterTest.java,3.3049747943878174,0.0,model,3.3049747943878174
jabref\src\main\java\org\jabref\logic\util\FileType.java,2.58778977394104,0.0,model,2.58778977394104
jabref\src\test\java\org\jabref\logic\integrity\UTF8CheckerTest.java,5.264875411987305,0.0,model,5.264875411987305
jabref\src\main\java\org\jabref\model\openoffice\rangesort\RangeOverlapWithin.java,80.92598724365234,0.0,model,80.92598724365234
jabref\src\test\java\org\jabref\gui\util\OpenConsoleActionTest.java,1.0001896619796753,99.46073150634766,preferences,99.46073150634766
jabref\src\main\java\org\jabref\logic\importer\fileformat\EndnoteImporter.java,12.927613258361816,78.76382446289062,preferences,78.76382446289062
jabref\src\main\java\org\jabref\gui\preferences\keybindings\presets\KeyBindingPreset.java,1.0002111196517944,100.88046264648438,preferences,100.88046264648438
jabref\src\main\java\org\jabref\gui\importer\actions\GUIPostOpenAction.java,1.0002104043960571,0.0,model,1.0002104043960571
jabref\src\main\java\org\jabref\logic\pdf\EntryAnnotationImporter.java,4.230064392089844,0.0,model,4.230064392089844
jabref\src\main\java\org\jabref\logic\util\WebViewStore.java,2.546414375305176,0.0,model,2.546414375305176
jabref\src\test\java\org\jabref\logic\shared\SynchronizationEventListenerTest.java,5.564439296722412,0.0,model,5.564439296722412
jabref\src\main\java\org\jabref\logic\importer\fileformat\mods\Identifier.java,31.163740158081055,0.0,model,31.163740158081055
jabref\src\main\java\org\jabref\model\openoffice\util\OOResult.java,83.54226684570312,0.0,model,83.54226684570312
jabref\src\main\java\org\jabref\gui\DefaultInjector.java,1.0001792907714844,35.0,preferences,35.0
jabref\src\test\java\org\jabref\logic\importer\fetcher\TitleFetcherTest.java,2.480360507965088,0.0,model,2.480360507965088
jabref\src\main\java\org\jabref\logic\importer\fetcher\ArXivFetcher.java,27.87492561340332,0.27202552556991577,model,27.87492561340332
jabref\src\main\java\org\jabref\model\util\DummyFileUpdateMonitor.java,93.878173828125,0.0,model,93.878173828125
jabref\src\test\java\org\jabref\logic\importer\fetcher\CompositeSearchBasedFetcherTest.java,2.9697225093841553,0.5556492805480957,model,2.9697225093841553
jabref\src\main\java\org\jabref\gui\undo\UndoableRemoveString.java,1.0002011060714722,0.0,model,1.0002011060714722
jabref\src\main\java\org\jabref\logic\xmp\EncryptedPdfsNotSupportedException.java,2.6004791259765625,0.0,model,2.6004791259765625
jabref\src\main\java\org\jabref\gui\mergeentries\DiffHighlighting.java,32.35275650024414,0.5497182011604309,model,32.35275650024414
jabref\src\main\java\org\jabref\logic\formatter\bibtexfields\OrdinalsToSuperscriptFormatter.java,2.546414375305176,0.0,model,2.546414375305176
jabref\src\main\java\org\jabref\gui\libraryproperties\constants\ConstantsItemModel.java,1.0001710653305054,0.0,model,1.0001710653305054
jabref\src\main\java\org\jabref\gui\util\comparator\RankingFieldComparator.java,1.0002018213272095,0.0,model,1.0002018213272095
jabref\src\main\java\org\jabref\logic\importer\ImportException.java,2.586756706237793,0.0,model,2.586756706237793
jabref\src\main\java\org\jabref\model\openoffice\util\OOPair.java,93.10279083251953,0.0,model,93.10279083251953
jabref\src\test\java\org\jabref\logic\integrity\PagesCheckerBiblatexTest.java,3.546414375305176,0.0,model,3.546414375305176
jabref\src\main\java\org\jabref\logic\openoffice\style\OOBibStyle.java,38.49044418334961,0.1343296766281128,model,38.49044418334961
jabref\src\main\java\org\jabref\logic\layout\format\AuthorAndToSemicolonReplacer.java,2.5919597148895264,0.0,model,2.5919597148895264
jabref\src\test\java\org\jabref\logic\layout\format\AuthorLastFirstCommasTest.java,2.5290918350219727,0.0,model,2.5290918350219727
jabref\src\test\java\org\jabref\gui\autocompleter\SuggestionProvidersTest.java,2.7205264568328857,0.4913060665130615,model,2.7205264568328857
jabref\src\test\java\org\jabref\logic\citationkeypattern\MakeLabelWithoutDatabaseTest.java,2.522494316101074,0.0,model,2.522494316101074
jabref\src\test\java\org\jabref\logic\formatter\bibtexfields\RemoveBracesFormatterTest.java,2.5097012519836426,0.0,model,2.5097012519836426
jabref\src\main\java\org\jabref\logic\integrity\ASCIICharacterChecker.java,2.5630040168762207,0.0,model,2.5630040168762207
jabref\src\main\java\org\jabref\logic\WatchServiceUnavailableException.java,2.594066619873047,0.0,model,2.594066619873047
jabref\src\main\java\org\jabref\gui\libraryproperties\AbstractPropertiesTabView.java,25.27543067932129,0.0,model,25.27543067932129
jabref\src\main\java\org\jabref\logic\layout\format\CreateDocBook4Editors.java,2.5726633071899414,0.0,model,2.5726633071899414
jabref\src\main\java\org\jabref\architecture\ApacheCommonsLang3Allowed.java,1.0002145767211914,0.0,model,1.0002145767211914
jabref\src\main\java\org\jabref\gui\mergeentries\newmergedialog\cell\CopyFieldValueCommand.java,1.0002046823501587,35.0,preferences,35.0
jabref\src\main\java\org\jabref\gui\edit\automaticfiededitor\LastAutomaticFieldEditorEdit.java,1.0002011060714722,0.0,model,1.0002011060714722
jabref\src\main\java\org\jabref\model\entry\event\EntryChangedEvent.java,94.3042984008789,0.0,model,94.3042984008789
jabref\src\main\java\org\jabref\gui\externalfiles\GitIgnoreFileFilter.java,1.8161262273788452,1.802582859992981,model,1.8161262273788452
jabref\src\main\java\org\jabref\gui\sidepane\SidePaneComponent.java,43.173641204833984,0.0,model,43.173641204833984
jabref\src\test\java\org\jabref\logic\layout\format\RisKeywordsTest.java,2.546414375305176,0.0,model,2.546414375305176
jabref\src\main\java\org\jabref\logic\importer\CompositeIdFetcher.java,2.546414375305176,0.0,model,2.546414375305176
jabref\src\main\java\org\jabref\gui\mergeentries\newmergedialog\DiffMethod.java,1.0002130270004272,0.0,model,1.0002130270004272
jabref\src\test\java\org\jabref\logic\importer\fileformat\BiblioscapeImporterTest.java,6.047598361968994,0.0,model,6.047598361968994
jabref\src\main\java\org\jabref\logic\importer\fileformat\medline\Investigator.java,2.5919597148895264,0.0,model,2.5919597148895264
jabref\src\main\java\org\jabref\gui\preferences\customimporter\CustomImporterTabViewModel.java,1.746212124824524,104.48400115966797,preferences,104.48400115966797
jabref\src\main\java\org\jabref\logic\remote\RemoteMessage.java,2.5972557067871094,0.0,model,2.5972557067871094
jabref\src\main\java\org\jabref\architecture\AllowedToUseLogic.java,1.0002145767211914,0.0,model,1.0002145767211914
jabref\src\test\java\org\jabref\logic\layout\format\AuthorAndToSemicolonReplacerTest.java,4.829840660095215,0.0,model,4.829840660095215
jabref\src\test\java\org\jabref\logic\autosaveandbackup\BackupManagerDiscardedTest.java,4.106853008270264,35.61735534667969,preferences,35.61735534667969
jabref\src\main\java\org\jabref\logic\layout\TextBasedPreviewLayout.java,3.5358872413635254,0.0,model,3.5358872413635254
jabref\src\main\java\org\jabref\logic\cleanup\FieldFormatterCleanups.java,2.857614517211914,0.0,model,2.857614517211914
jabref\src\main\java\org\jabref\gui\edit\ManageKeywordsDialog.java,5.299928665161133,89.35263061523438,preferences,89.35263061523438
jabref\src\main\java\org\jabref\logic\importer\fetcher\DOAJFetcher.java,3.0369367599487305,89.52204132080078,preferences,89.52204132080078
jabref\src\test\java\org\jabref\logic\cleanup\EprintCleanupTest.java,3.2381718158721924,0.0,model,3.2381718158721924
jabref\src\main\java\org\jabref\gui\mergeentries\newmergedialog\toolbar\ThreeWayMergeToolbar.java,2.000138998031616,35.52720642089844,preferences,35.52720642089844
jabref\src\test\java\org\jabref\gui\edit\CopyMoreActionTest.java,3.8127758502960205,35.0,preferences,35.0
jabref\src\main\java\org\jabref\gui\mergeentries\newmergedialog\cell\FieldValueCell.java,16.580162048339844,0.0,model,16.580162048339844
jabref\src\main\java\org\jabref\gui\openoffice\CitationEntryViewModel.java,1.000199794769287,0.0,model,1.000199794769287
jabref\src\main\java\org\jabref\gui\SendAsEMailAction.java,22.17626190185547,36.522891998291016,preferences,36.522891998291016
jabref\src\main\java\org\jabref\logic\shared\DBMSSynchronizer.java,8.902005195617676,0.20324739813804626,model,8.902005195617676
jabref\src\test\java\org\jabref\logic\importer\fetcher\transformers\ZbMathQueryTransformerTest.java,3.1216626167297363,0.0,model,3.1216626167297363
jabref\src\main\java\org\jabref\gui\mergeentries\newmergedialog\fieldsmerger\CommentMerger.java,1.0002093315124512,0.0,model,1.0002093315124512
jabref\src\test\java\org\jabref\logic\layout\LayoutTest.java,14.789412498474121,0.5745378732681274,model,14.789412498474121
jabref\src\main\java\org\jabref\gui\preferences\journals\JournalAbbreviationsTabViewModel.java,1.669654130935669,77.89822387695312,preferences,77.89822387695312
jabref\src\main\java\org\jabref\gui\keyboard\CodeAreaKeyBindings.java,3.7463815212249756,0.0,model,3.7463815212249756
jabref\src\main\java\org\jabref\gui\libraryproperties\keypattern\KeyPatternPropertiesView.java,2.000185966491699,35.0,preferences,35.0
jabref\src\main\java\org\jabref\logic\pdf\search\indexing\PdfIndexer.java,3.990997791290283,0.3716466724872589,model,3.990997791290283
jabref\src\main\java\org\jabref\model\entry\IdGenerator.java,93.00311279296875,0.0,model,93.00311279296875
jabref\src\main\java\org\jabref\logic\importer\fetcher\DOABFetcher.java,3.9769539833068848,0.0,model,3.9769539833068848
jabref\src\main\java\org\jabref\gui\documentviewer\DocumentViewerView.java,59.78242111206055,36.0,model,59.78242111206055
jabref\src\main\java\org\jabref\gui\documentviewer\DocumentViewerControl.java,2.951470375061035,2.0338079929351807,model,2.951470375061035
jabref\src\main\java\org\jabref\logic\importer\PagedSearchBasedFetcher.java,2.546414375305176,0.0,model,2.546414375305176
jabref\src\main\java\org\jabref\model\entry\types\BibtexEntryTypeDefinitions.java,69.58229064941406,0.0,model,69.58229064941406
jabref\src\main\java\org\jabref\logic\importer\util\IdentifierParser.java,2.5290918350219727,0.0,model,2.5290918350219727
jabref\src\main\java\org\jabref\gui\undo\UndoableFieldChange.java,1.0001815557479858,0.0,model,1.0001815557479858
jabref\src\main\java\org\jabref\model\openoffice\util\OOTuple3.java,92.41226959228516,0.0,model,92.41226959228516
jabref\src\test\java\org\jabref\logic\cleanup\BibtexBiblatexRoundtripTest.java,5.498607635498047,0.0,model,5.498607635498047
jabref\src\main\java\org\jabref\logic\layout\format\AuthorOrgSci.java,2.5611112117767334,0.0,model,2.5611112117767334
jabref\src\main\java\org\jabref\gui\preferences\PreferencesTab.java,25.55727767944336,100.88046264648438,preferences,100.88046264648438
jabref\src\test\java\org\jabref\logic\layout\format\DOICheckTest.java,2.5536651611328125,0.0,model,2.5536651611328125
jabref\src\main\java\org\jabref\logic\importer\fetcher\CollectionOfComputerScienceBibliographiesParser.java,2.503549814224243,0.0,model,2.503549814224243
jabref\src\test\java\org\jabref\model\TreeNodeTest.java,85.10623931884766,0.0,model,85.10623931884766
jabref\src\main\java\org\jabref\gui\autocompleter\JournalsSuggestionProvider.java,2.000206470489502,0.0,model,2.000206470489502
jabref\src\main\java\org\jabref\logic\importer\fetcher\JstorFetcher.java,5.659439563751221,0.5228927135467529,model,5.659439563751221
jabref\src\main\java\org\jabref\model\entry\field\FieldPriority.java,94.43107604980469,0.0,model,94.43107604980469
jabref\src\main\java\org\jabref\logic\shared\DatabaseConnection.java,3.5972557067871094,0.0,model,3.5972557067871094
jabref\src\test\java\org\jabref\logic\layout\format\AuthorAbbreviatorTest.java,2.5428597927093506,0.0,model,2.5428597927093506
jabref\src\test\java\org\jabref\model\entry\BibEntryTest.java,52.72960662841797,0.3377891182899475,model,52.72960662841797
jabref\src\test\java\org\jabref\IconsPropertiesTest.java,1.7309670448303223,34.11106491088867,preferences,34.11106491088867
jabref\src\test\java\org\jabref\logic\msbib\MSBibConverterTest.java,4.078860759735107,0.0,model,4.078860759735107
jabref\src\test\java\org\jabref\gui\maintable\MainTableColumnModelTest.java,1.0001920461654663,0.0,model,1.0001920461654663
jabref\src\main\java\org\jabref\model\entry\event\EntriesEvent.java,98.5373306274414,0.0,model,98.5373306274414
jabref\src\main\java\org\jabref\logic\importer\fileformat\PdfXmpImporter.java,5.609813690185547,1.8353465795516968,model,5.609813690185547
jabref\src\main\java\org\jabref\logic\remote\server\RemoteListenerServer.java,3.886920213699341,0.0,model,3.886920213699341
jabref\src\main\java\org\jabref\model\entry\identifier\MathSciNetId.java,88.42726135253906,0.0,model,88.42726135253906
jabref\src\main\java\org\jabref\logic\exporter\MSBibExporter.java,4.0756731033325195,0.0,model,4.0756731033325195
jabref\src\main\java\org\jabref\gui\util\CurrentThreadTaskExecutor.java,1.9220322370529175,0.0,model,1.9220322370529175
jabref\src\main\java\org\jabref\logic\formatter\IdentityFormatter.java,2.575639486312866,0.0,model,2.575639486312866
jabref\src\main\java\org\jabref\logic\cleanup\CleanupJob.java,2.595125913619995,0.0,model,2.595125913619995
jabref\src\test\java\org\jabref\gui\importer\NewEntryActionTest.java,1.7514567375183105,35.0,preferences,35.0
jabref\src\main\java\org\jabref\logic\importer\fetcher\ResearchGate.java,2.3188436031341553,1.522297739982605,model,2.3188436031341553
jabref\src\main\java\org\jabref\gui\EntryTypeViewModel.java,4.354440689086914,90.51210021972656,preferences,90.51210021972656
jabref\src\main\java\org\jabref\model\paging\Page.java,91.64327239990234,0.0,model,91.64327239990234
jabref\src\main\java\org\jabref\gui\push\PushToApplications.java,1.0001920461654663,35.0,preferences,35.0
jabref\src\main\java\org\jabref\gui\copyfiles\CopyFilesResultItemViewModel.java,1.5886658430099487,0.0,model,1.5886658430099487
jabref\src\main\java\org\jabref\logic\cleanup\Formatter.java,2.5796241760253906,0.0,model,2.5796241760253906
jabref\src\main\java\org\jabref\gui\autocompleter\AutoCompletionTextInputBinding.java,1.0001534223556519,0.0,model,1.0001534223556519
jabref\src\main\java\org\jabref\gui\util\ViewModelTreeTableCellFactory.java,20.94731903076172,0.0,model,20.94731903076172
jabref\src\main\java\org\jabref\logic\remote\server\RemoteListenerServerManager.java,3.6712002754211426,0.0,model,3.6712002754211426
jabref\src\main\java\org\jabref\logic\cleanup\ISSNCleanup.java,2.557363271713257,0.0,model,2.557363271713257
jabref\src\test\java\org\jabref\model\search\rules\SentenceAnalyzerTest.java,90.52830505371094,0.0,model,90.52830505371094
jabref\src\main\java\org\jabref\cli\AuxCommandLine.java,2.5886659622192383,0.0,model,2.5886659622192383
jabref\src\main\java\org\jabref\logic\bibtex\comparator\BibStringDiff.java,2.4592127799987793,1.6905663013458252,model,2.4592127799987793
jabref\src\test\java\org\jabref\logic\citationkeypattern\CitationKeyGeneratorTest.java,51.70112228393555,0.5321335792541504,model,51.70112228393555
jabref\src\test\java\org\jabref\logic\exporter\GroupSerializerTest.java,2.8071365356445312,0.47226810455322266,model,2.8071365356445312
jabref\src\test\java\org\jabref\gui\theme\ThemeManagerTest.java,39.80097579956055,0.48654961585998535,model,39.80097579956055
jabref\src\test\java\org\jabref\logic\importer\OpenDatabaseTest.java,3.1185925006866455,0.9119288921356201,model,3.1185925006866455
jabref\src\main\java\org\jabref\logic\importer\FetcherException.java,2.5826597213745117,0.0,model,2.5826597213745117
jabref\src\main\java\org\jabref\logic\layout\format\Authors.java,4.701517581939697,0.3055068552494049,model,4.701517581939697
jabref\src\main\java\org\jabref\model\texparser\LatexParserResult.java,83.78621673583984,0.35916948318481445,model,83.78621673583984
jabref\src\main\java\org\jabref\gui\fieldeditors\TypeEditorViewModel.java,3.6029739379882812,0.0,model,3.6029739379882812
jabref\src\test\java\org\jabref\logic\exporter\AtomicFileOutputStreamTest.java,3.813243865966797,0.0,model,3.813243865966797
jabref\src\main\java\org\jabref\logic\importer\fileformat\CffImporter.java,21.01895523071289,1.184747338294983,model,21.01895523071289
jabref\src\main\java\org\jabref\logic\importer\IdBasedFetcher.java,2.595125913619995,0.0,model,2.595125913619995
jabref\src\test\java\org\jabref\logic\importer\fetcher\ArXivFetcherTest.java,87.132568359375,16.485177993774414,model,87.132568359375
jabref\src\main\java\org\jabref\logic\importer\FetcherServerException.java,2.5826597213745117,0.0,model,2.5826597213745117
jabref\src\main\java\org\jabref\logic\bibtex\comparator\MetaDataDiff.java,36.84765625,93.76628112792969,preferences,93.76628112792969
jabref\src\main\java\org\jabref\model\groups\GroupHierarchyType.java,92.21803283691406,0.0,model,92.21803283691406
jabref\src\main\java\org\jabref\gui\commonfxcontrols\CitationKeyPatternPanel.java,2.6633291244506836,82.85590362548828,preferences,82.85590362548828
jabref\src\test\java\org\jabref\logic\importer\fetcher\RfcFetcherTest.java,6.210505485534668,5.864973068237305,model,6.210505485534668
jabref\src\main\java\org\jabref\logic\layout\format\RemoveBracketsAddComma.java,2.57761812210083,0.0,model,2.57761812210083
jabref\src\test\java\org\jabref\logic\importer\DatabaseFileLookupTest.java,3.557363271713257,0.0,model,3.557363271713257
jabref\src\test\java\org\jabref\logic\formatter\bibtexfields\NormalizeNamesFormatterTest.java,2.238612413406372,1.2330877780914307,model,2.238612413406372
jabref\src\main\java\org\jabref\logic\formatter\bibtexfields\RegexFormatter.java,5.0617594718933105,0.7809008359909058,model,5.0617594718933105
jabref\src\main\java\org\jabref\logic\importer\fileformat\ACMPortalParser.java,8.337326049804688,0.0,model,8.337326049804688
jabref\src\main\java\org\jabref\logic\importer\fetcher\ApsFetcher.java,28.76101303100586,0.0,model,28.76101303100586
jabref\src\main\java\org\jabref\gui\mergeentries\MergeTwoEntriesAction.java,2.000192165374756,0.0,model,2.000192165374756
jabref\src\main\java\org\jabref\model\openoffice\uno\UnoSelection.java,84.67613220214844,0.0,model,84.67613220214844
jabref\src\main\java\org\jabref\gui\citationkeypattern\GenerateCitationKeyAction.java,19.727445602416992,36.50906753540039,preferences,36.50906753540039
jabref\src\main\java\org\jabref\gui\help\NewVersionDialog.java,4.074099063873291,0.37899309396743774,model,4.074099063873291
jabref\src\main\java\org\jabref\logic\bibtex\comparator\FieldComparatorStack.java,4.112756729125977,0.0,model,4.112756729125977
jabref\src\main\java\org\jabref\gui\integrity\IntegrityCheckDialogViewModel.java,1.0002093315124512,0.0,model,1.0002093315124512
jabref\src\main\java\org\jabref\logic\formatter\bibtexfields\EscapeDollarSignFormatter.java,2.5649096965789795,0.0,model,2.5649096965789795
jabref\src\main\java\org\jabref\gui\shared\SharedDatabaseLoginDialogViewModel.java,5.457334041595459,40.522342681884766,preferences,40.522342681884766
jabref\src\test\java\org\jabref\gui\sidepane\SidePaneViewModelTest.java,2.573709011077881,35.0,preferences,35.0
jabref\src\test\java\org\jabref\logic\exporter\DocBook5ExporterTest.java,75.51199340820312,0.0,model,75.51199340820312
jabref\src\main\java\org\jabref\gui\commonfxcontrols\SortCriterionViewModel.java,1.0002039670944214,0.0,model,1.0002039670944214
jabref\src\test\java\org\jabref\logic\layout\format\RemoveBracketsTest.java,2.546414375305176,0.0,model,2.546414375305176
jabref\src\main\java\org\jabref\gui\keyboard\TextInputKeyBindings.java,5.533413887023926,0.0,model,5.533413887023926
jabref\src\test\java\org\jabref\logic\help\HelpFileTest.java,2.5630040168762207,2.385507345199585,model,2.5630040168762207
jabref\src\main\java\org\jabref\model\groups\AllEntriesGroup.java,91.64327239990234,0.0,model,91.64327239990234
jabref\src\main\java\org\jabref\gui\edit\automaticfiededitor\AbstractAutomaticFieldEditorTabViewModel.java,2.2973363399505615,0.444400429725647,model,2.2973363399505615
jabref\src\test\java\org\jabref\logic\importer\fetcher\AbstractIsbnFetcherTest.java,2.5428760051727295,0.652523934841156,model,2.5428760051727295
jabref\src\main\java\org\jabref\logic\importer\fetcher\DBLPFetcher.java,2.516005039215088,0.0,model,2.516005039215088
jabref\src\main\java\org\jabref\gui\openoffice\Bootstrap.java,3.533231258392334,0.8842582106590271,model,3.533231258392334
jabref\src\test\java\org\jabref\logic\formatter\bibtexfields\RemoveRedundantSpacesFormatterTest.java,2.5611112117767334,0.0,model,2.5611112117767334
jabref\src\main\java\org\jabref\logic\preview\PreviewLayout.java,3.5826597213745117,0.0,model,3.5826597213745117
jabref\src\main\java\org\jabref\gui\fieldeditors\EditorTextArea.java,3.9563682079315186,0.0,model,3.9563682079315186
jabref\src\test\java\org\jabref\logic\l10n\LocalizationBundleForTest.java,2.599400758743286,0.0,model,2.599400758743286
jabref\src\main\java\org\jabref\logic\layout\format\AuthorLastFirstAbbrCommas.java,2.5919597148895264,0.0,model,2.5919597148895264
jabref\src\main\java\org\jabref\logic\importer\fileformat\CustomImporter.java,3.120051860809326,0.0,model,3.120051860809326
jabref\src\main\java\org\jabref\gui\duplicationFinder\DuplicateResolverDialog.java,3.327859878540039,35.0,preferences,35.0
jabref\src\test\java\org\jabref\logic\importer\fetcher\BiodiversityLibraryTest.java,4.508421421051025,0.5387664437294006,model,4.508421421051025
jabref\src\main\java\org\jabref\gui\libraryproperties\LibraryPropertiesViewModel.java,2.0002024173736572,0.0,model,2.0002024173736572
jabref\src\test\java\org\jabref\logic\layout\format\RemoveLatexCommandsFormatterTest.java,2.532467842102051,0.0,model,2.532467842102051
jabref\src\main\java\org\jabref\gui\maintable\columns\SpecialFieldColumn.java,113.36632537841797,35.0,model,113.36632537841797
jabref\src\main\java\org\jabref\gui\preferences\table\TableTab.java,2.7606496810913086,80.06434631347656,preferences,80.06434631347656
jabref\src\main\java\org\jabref\model\openoffice\CitationEntry.java,88.76611328125,0.0,model,88.76611328125
jabref\src\main\java\org\jabref\gui\fieldeditors\DateEditor.java,1.0001933574676514,95.30888366699219,preferences,95.30888366699219
jabref\src\test\java\org\jabref\logic\formatter\bibtexfields\OrdinalsToSuperscriptFormatterTest.java,2.4975452423095703,1.033874750137329,model,2.4975452423095703
jabref\src\main\java\org\jabref\gui\JabRefGUI.java,9.62583065032959,90.87483215332031,preferences,90.87483215332031
jabref\src\main\java\org\jabref\gui\util\DroppingMouseLocation.java,1.0002130270004272,0.0,model,1.0002130270004272
jabref\src\main\java\org\jabref\gui\groups\GroupTreeNodeViewModel.java,77.10979461669922,0.0,model,77.10979461669922
jabref\src\main\java\org\jabref\model\entry\types\EntryType.java,94.43107604980469,0.0,model,94.43107604980469
jabref\src\main\java\org\jabref\model\entry\BibEntryTypesManager.java,127.09698486328125,0.0,model,127.09698486328125
jabref\src\test\java\org\jabref\logic\integrity\CitationKeyDuplicationCheckerTest.java,2.516005039215088,0.0,model,2.516005039215088
jabref\src\main\java\org\jabref\logic\formatter\bibtexfields\UnicodeToLatexFormatter.java,30.774951934814453,0.0,model,30.774951934814453
jabref\src\main\java\org\jabref\gui\icon\IconTheme.java,24.448362350463867,54.04114532470703,preferences,54.04114532470703
jabref\src\main\java\org\jabref\gui\externalfiletype\StandardExternalFileType.java,4.844893932342529,0.0,model,4.844893932342529
jabref\src\main\java\org\jabref\logic\util\io\RegExpBasedFileFinder.java,3.2050302028656006,0.5697293281555176,model,3.2050302028656006
jabref\src\main\java\org\jabref\logic\texparser\TexBibEntriesResolver.java,7.242069244384766,0.34706705808639526,model,7.242069244384766
jabref\src\test\java\org\jabref\model\entry\AuthorListTest.java,52.44337463378906,0.5437410473823547,model,52.44337463378906
jabref\src\main\java\org\jabref\logic\openoffice\style\OOProcess.java,3.934845447540283,0.8349419236183167,model,3.934845447540283
jabref\src\main\java\org\jabref\gui\cleanup\CleanupDialog.java,3.3114817142486572,0.0,model,3.3114817142486572
jabref\src\test\java\org\jabref\logic\database\DuplicateCheckTest.java,8.445334434509277,1.0919922590255737,model,8.445334434509277
jabref\src\main\java\org\jabref\logic\importer\fetcher\CustomizableKeyFetcher.java,2.5972557067871094,1.0,model,2.5972557067871094
jabref\src\test\java\org\jabref\logic\layout\format\DOIStripTest.java,2.532467842102051,0.0,model,2.532467842102051
jabref\src\main\java\org\jabref\logic\importer\fileformat\CoinsParser.java,5.130578994750977,0.0,model,5.130578994750977
jabref\src\main\java\org\jabref\logic\util\ExternalLinkCreator.java,2.5726633071899414,0.0,model,2.5726633071899414
jabref\src\main\java\org\jabref\gui\copyfiles\CopyFilesDialogView.java,1.0001815557479858,0.0,model,1.0001815557479858
jabref\src\main\java\org\jabref\logic\bst\BstEntry.java,2.581644296646118,0.9527918100357056,model,2.581644296646118
jabref\src\main\java\org\jabref\gui\theme\Theme.java,1.6301988363265991,0.0,model,1.6301988363265991
jabref\src\test\java\org\jabref\logic\importer\ImportDataTest.java,3.431126594543457,0.5958271026611328,model,3.431126594543457
jabref\src\main\java\org\jabref\logic\net\URLDownload.java,20.387460708618164,2.6785953044891357,model,20.387460708618164
jabref\src\test\java\org\jabref\logic\msbib\MsBibAuthorTest.java,2.5097012519836426,0.0,model,2.5097012519836426
jabref\src\main\java\org\jabref\model\metadata\MetaData.java,112.33248901367188,5.738921165466309,model,112.33248901367188
jabref\src\test\java\org\jabref\logic\util\io\BackupFileUtilTest.java,3.3299665451049805,0.995110034942627,model,3.3299665451049805
jabref\src\main\java\org\jabref\logic\formatter\bibtexfields\NormalizeMonthFormatter.java,2.5592310428619385,0.0,model,2.5592310428619385
jabref\src\main\java\org\jabref\gui\copyfiles\CopyFilesTask.java,3.592088222503662,35.0,preferences,35.0
jabref\src\main\java\org\jabref\logic\pdf\PdfAnnotationImporter.java,3.825347900390625,0.7391027808189392,model,3.825347900390625
jabref\src\test\java\org\jabref\gui\autocompleter\BibEntrySuggestionProviderTest.java,2.000159978866577,0.0,model,2.000159978866577
jabref\src\main\java\org\jabref\gui\mergeentries\DiffHighlightingEllipsingTextFlow.java,25.792869567871094,0.28082817792892456,model,25.792869567871094
jabref\src\main\java\org\jabref\logic\importer\WebFetcher.java,2.588826894760132,0.0,model,2.588826894760132
jabref\src\test\java\org\jabref\logic\layout\format\AuthorNatBibTest.java,2.546414375305176,0.0,model,2.546414375305176
jabref\src\main\java\org\jabref\gui\commonfxcontrols\CitationKeyPatternPanelItemModel.java,1.0001991987228394,0.0,model,1.0001991987228394
jabref\src\main\java\org\jabref\logic\journals\Abbreviation.java,2.480360507965088,0.0,model,2.480360507965088
jabref\src\main\java\org\jabref\logic\net\ProxyPreferences.java,2.4695487022399902,1.5974699258804321,model,2.4695487022399902
jabref\src\main\java\org\jabref\logic\layout\format\AuthorNatBib.java,2.5919597148895264,0.0,model,2.5919597148895264
jabref\src\main\java\org\jabref\gui\importer\ImportCustomEntryTypesDialogViewModel.java,48.611759185791016,35.0,model,48.611759185791016
jabref\src\main\java\org\jabref\gui\openoffice\OOError.java,3.2960054874420166,3.970426321029663,preferences,3.970426321029663
jabref\src\main\java\org\jabref\model\search\GroupSearchQuery.java,88.76611328125,0.0,model,88.76611328125
jabref\src\main\java\org\jabref\logic\integrity\YearChecker.java,2.550015926361084,0.0,model,2.550015926361084
jabref\src\main\java\org\jabref\logic\util\OS.java,2.5796446800231934,0.0,model,2.5796446800231934
jabref\src\main\java\org\jabref\logic\layout\format\DocBookAuthorFormatter.java,2.4975452423095703,0.0,model,2.4975452423095703
jabref\src\main\java\org\jabref\logic\importer\fetcher\TrustLevel.java,5.172016620635986,0.0,model,5.172016620635986
jabref\src\main\java\org\jabref\model\entry\AuthorList.java,72.82087707519531,3.607933759689331,model,72.82087707519531
jabref\src\main\java\org\jabref\gui\collab\stringchange\BibTexStringChangeDetailsView.java,3.256674289703369,0.0,model,3.256674289703369
jabref\src\main\java\org\jabref\gui\bibtexextractor\ExtractBibtexDialog.java,3.192492961883545,84.74720764160156,preferences,84.74720764160156
jabref\src\main\java\org\jabref\logic\layout\format\AuthorAndsReplacer.java,2.550015926361084,0.0,model,2.550015926361084
jabref\src\main\java\org\jabref\gui\ClipBoardManager.java,4.685916900634766,35.73603439331055,preferences,35.73603439331055
jabref\buildSrc\src\copied\java\org\jabref\logic\journals\Abbreviation.java,2.480360507965088,0.0,model,2.480360507965088
jabref\src\test\java\org\jabref\logic\importer\fetcher\transformers\DefaultQueryTransformerTest.java,2.5826597213745117,0.0,model,2.5826597213745117
jabref\src\main\java\org\jabref\model\util\ResultingStringState.java,93.91294860839844,0.0,model,93.91294860839844
jabref\src\main\java\org\jabref\model\entry\event\EntriesEventSource.java,95.96459197998047,0.0,model,95.96459197998047
jabref\src\main\java\org\jabref\logic\git\GitHandler.java,4.610854148864746,4.551651954650879,model,4.610854148864746
jabref\src\test\java\org\jabref\logic\citationstyle\CitationStyleTest.java,2.516005039215088,0.0,model,2.516005039215088
jabref\src\main\java\org\jabref\logic\layout\format\EntryTypeFormatter.java,2.590911626815796,0.0,model,2.590911626815796
jabref\src\test\java\org\jabref\logic\importer\fetcher\SearchBasedFetcherCapabilityTest.java,2.4592127799987793,0.0,model,2.4592127799987793
jabref\src\test\java\org\jabref\model\groups\GroupTreeNodeTest.java,94.5799560546875,0.0,model,94.5799560546875
jabref\src\test\java\org\jabref\logic\importer\fetcher\SpringerFetcherTest.java,71.89967346191406,7.872364521026611,model,71.89967346191406
jabref\src\main\java\org\jabref\logic\importer\fetcher\CompositeSearchBasedFetcher.java,2.532467842102051,0.5257909297943115,model,2.532467842102051
jabref\src\main\java\org\jabref\gui\DragAndDropDataFormats.java,102.68391418457031,0.0,model,102.68391418457031
jabref\src\main\java\org\jabref\gui\icon\JabRefIconView.java,1.0001792907714844,0.5500096082687378,model,1.0001792907714844
jabref\src\main\java\org\jabref\logic\cleanup\ConvertToBiblatexCleanup.java,3.7117912769317627,0.0,model,3.7117912769317627
jabref\src\main\java\org\jabref\gui\importer\NewDatabaseAction.java,1.000205636024475,35.0,preferences,35.0
jabref\src\test\java\org\jabref\logic\formatter\bibtexfields\LatexCleanupFormatterTest.java,3.8648688793182373,0.0,model,3.8648688793182373
jabref\src\test\java\org\jabref\gui\util\TooltipTextUtilTest.java,1.7600499391555786,0.0,model,1.7600499391555786
jabref\src\test\java\org\jabref\gui\documentviewer\PdfDocumentViewModelTest.java,1.7118102312088013,0.0,model,1.7118102312088013
jabref\src\test\java\org\jabref\logic\exporter\YamlExporterTest.java,5.0078582763671875,47.98786163330078,preferences,47.98786163330078
jabref\src\main\java\org\jabref\logic\importer\fetcher\ZbMATH.java,4.002386093139648,92.98924255371094,preferences,92.98924255371094
jabref\src\main\java\org\jabref\logic\importer\fileformat\mods\package-info.java,32.27436828613281,0.0,model,32.27436828613281
jabref\src\main\java\org\jabref\logic\importer\fetcher\isbntobibtex\EbookDeIsbnFetcher.java,2.546414375305176,0.0,model,2.546414375305176
jabref\src\main\java\org\jabref\logic\shared\PostgreSQLProcessor.java,8.209521293640137,25.639087677001953,preferences,25.639087677001953
jabref\src\main\java\org\jabref\gui\mergeentries\DiffMode.java,1.000198483467102,0.0,model,1.000198483467102
jabref\src\main\java\org\jabref\gui\importer\ImporterViewModel.java,1.000203251838684,0.0,model,1.000203251838684
jabref\src\main\java\org\jabref\gui\Dialog.java,1.0002135038375854,0.0,model,1.0002135038375854
jabref\src\main\java\org\jabref\logic\importer\fetcher\SemanticScholar.java,4.32368803024292,1.0,model,4.32368803024292
jabref\src\test\java\org\jabref\logic\formatter\bibtexfields\RegexFormatterTest.java,4.587869167327881,0.7360348701477051,model,4.587869167327881
jabref\src\test\java\org\jabref\logic\formatter\bibtexfields\NormalizeMonthFormatterTest.java,2.5796241760253906,0.0,model,2.5796241760253906
jabref\src\main\java\org\jabref\gui\push\PushToEmacs.java,2.3659424781799316,81.5707015991211,preferences,81.5707015991211
jabref\src\test\java\org\jabref\logic\importer\fileformat\ACMPortalParserTest.java,50.480892181396484,0.0,model,50.480892181396484
jabref\src\test\java\org\jabref\logic\importer\fetcher\AstrophysicsDataSystemTest.java,72.0446548461914,2.983159065246582,model,72.0446548461914
jabref\src\main\java\org\jabref\logic\openoffice\action\Update.java,3.480360507965088,0.0,model,3.480360507965088
jabref\src\main\java\org\jabref\model\openoffice\uno\UnoNamed.java,88.42726135253906,0.0,model,88.42726135253906
jabref\src\main\java\org\jabref\preferences\InternalPreferences.java,1.7801203727722168,100.31716918945312,preferences,100.31716918945312
jabref\src\main\java\org\jabref\gui\externalfiletype\ExternalFileTypes.java,1.3209662437438965,0.3716466724872589,model,1.3209662437438965
jabref\src\test\java\org\jabref\gui\search\ContainsAndRegexBasedSearchRuleDescriberTest.java,3.0804052352905273,0.0,model,3.0804052352905273
jabref\src\main\java\org\jabref\gui\util\IconValidationDecorator.java,29.692644119262695,0.0,model,29.692644119262695
jabref\src\main\java\org\jabref\logic\layout\format\CreateDocBook4Authors.java,2.5726633071899414,0.0,model,2.5726633071899414
jabref\src\main\java\org\jabref\logic\openoffice\backend\GetContext.java,2.516005039215088,0.0,model,2.516005039215088
jabref\src\main\java\org\jabref\gui\collab\DatabaseChange.java,2.0001933574676514,0.5810361504554749,model,2.0001933574676514
jabref\src\main\java\org\jabref\gui\collab\stringrename\BibTexStringRename.java,4.1152496337890625,0.8520392775535583,model,4.1152496337890625
jabref\src\test\java\org\jabref\logic\formatter\casechanger\CapitalizeFormatterTest.java,2.4592127799987793,1.8415796756744385,model,2.4592127799987793
jabref\src\test\java\org\jabref\logic\formatter\bibtexfields\EscapeUnderscoresFormatterTest.java,4.206843852996826,0.0,model,4.206843852996826
jabref\src\main\java\org\jabref\logic\shared\exception\InvalidDBMSConnectionPropertiesException.java,2.5919597148895264,0.0,model,2.5919597148895264
jabref\src\main\java\org\jabref\model\entry\field\SpecialFieldValue.java,87.11425018310547,0.0,model,87.11425018310547
jabref\src\main\java\org\jabref\gui\exporter\SaveAction.java,1.000195860862732,36.0,preferences,36.0
jabref\src\main\java\org\jabref\logic\bst\BstVMContext.java,3.3655283451080322,0.922257125377655,model,3.3655283451080322
jabref\src\main\java\org\jabref\gui\exporter\SaveAllAction.java,1.880910038948059,35.0,preferences,35.0
jabref\src\main\java\org\jabref\logic\layout\format\RisMonth.java,2.5786194801330566,0.0,model,2.5786194801330566
jabref\src\test\java\org\jabref\logic\integrity\TitleCheckerTest.java,3.3093864917755127,0.0,model,3.3093864917755127
jabref\src\main\java\org\jabref\logic\undo\UndoRedoEvent.java,2.590911626815796,0.0,model,2.590911626815796
jabref\src\main\java\org\jabref\model\openoffice\style\CitationMarkerNumericEntry.java,93.91294860839844,0.0,model,93.91294860839844
jabref\src\main\java\org\jabref\gui\fieldeditors\FieldNameLabel.java,24.459320068359375,15.588383674621582,model,24.459320068359375
jabref\src\test\java\org\jabref\logic\importer\fetcher\LibraryOfCongressTest.java,75.53396606445312,0.0,model,75.53396606445312
jabref\src\main\java\org\jabref\logic\remote\client\RemoteClient.java,2.4975452423095703,1.7010550498962402,model,2.4975452423095703
jabref\src\test\java\org\jabref\logic\l10n\LocalizationParser.java,4.054741859436035,0.5739977359771729,model,4.054741859436035
jabref\src\main\java\org\jabref\model\util\FileUpdateMonitor.java,94.28425598144531,0.0,model,94.28425598144531
jabref\src\main\java\org\jabref\logic\util\io\FileNameCleaner.java,2.5428597927093506,0.0,model,2.5428597927093506
jabref\src\main\java\org\jabref\logic\importer\fileformat\medline\OtherId.java,2.594066619873047,0.0,model,2.594066619873047
jabref\src\main\java\org\jabref\model\FieldChange.java,87.11425018310547,0.0,model,87.11425018310547
jabref\src\main\java\org\jabref\gui\fieldeditors\identifier\BaseIdentifierEditorViewModel.java,2.7317376136779785,96.25946807861328,preferences,96.25946807861328
jabref\src\main\java\org\jabref\gui\util\comparator\NumericFieldComparator.java,1.0001908540725708,0.0,model,1.0001908540725708
jabref\src\main\java\org\jabref\logic\formatter\bibtexfields\NormalizeNamesFormatter.java,2.557363271713257,3.221742630004883,preferences,3.221742630004883
jabref\src\main\java\org\jabref\logic\util\TestEntry.java,4.896416664123535,2.6580557823181152,model,4.896416664123535
jabref\src\test\java\org\jabref\testutils\category\GUITest.java,1.0002100467681885,0.0,model,1.0002100467681885
jabref\src\main\java\org\jabref\logic\integrity\EntryLinkChecker.java,3.5224664211273193,46.8437385559082,preferences,46.8437385559082
jabref\src\test\java\org\jabref\logic\shared\DBMSConnectionTest.java,3.5726633071899414,0.0,model,3.5726633071899414
jabref\src\main\java\org\jabref\model\openoffice\util\OOVoidResult.java,89.45714569091797,0.0,model,89.45714569091797
jabref\src\main\java\org\jabref\model\pdf\FileAnnotationType.java,87.7624282836914,0.0,model,87.7624282836914
jabref\src\main\java\org\jabref\logic\bst\BstVMException.java,2.5983262062072754,0.980118453502655,model,2.5983262062072754
jabref\src\main\java\org\jabref\gui\preferences\entry\EntryTabViewModel.java,1.0001860857009888,93.04329681396484,preferences,93.04329681396484
jabref\src\main\java\org\jabref\gui\auximport\NewSubLibraryAction.java,1.000205636024475,1.0,model,1.000205636024475
jabref\src\test\java\org\jabref\logic\bst\util\BstCaseChangersTest.java,6.006153583526611,5.029444694519043,model,6.006153583526611
jabref\src\test\java\org\jabref\gui\mergeentries\DiffHighlightingTest.java,2.248213768005371,0.0,model,2.248213768005371
jabref\src\main\java\org\jabref\logic\formatter\bibtexfields\LatexCleanupFormatter.java,23.69858169555664,0.0,model,23.69858169555664
jabref\src\test\java\org\jabref\model\texparser\CitationTest.java,81.73159790039062,0.0,model,81.73159790039062
jabref\src\test\java\org\jabref\gui\autocompleter\FieldValueSuggestionProviderTest.java,2.000129461288452,0.24134668707847595,model,2.000129461288452
jabref\src\main\java\org\jabref\gui\openoffice\ManageCitationsDialogViewModel.java,1.000197172164917,0.0,model,1.000197172164917
jabref\src\test\java\org\jabref\gui\externalfiles\FileFilterUtilsTest.java,1.791210412979126,0.0,model,1.791210412979126
jabref\src\main\java\org\jabref\gui\util\TaskExecutor.java,1.00020432472229,0.0,model,1.00020432472229
jabref\src\main\java\org\jabref\gui\icon\JabRefMaterialDesignIcon.java,34.94060134887695,0.0,model,34.94060134887695
jabref\src\test\java\org\jabref\logic\msbib\MsBibMappingTest.java,2.5630040168762207,0.0,model,2.5630040168762207
jabref\src\test\java\org\jabref\logic\l10n\EncodingsTest.java,2.57662034034729,0.0,model,2.57662034034729
jabref\src\main\java\org\jabref\gui\commonfxcontrols\SaveOrderConfigPanel.java,19.19242286682129,0.0,model,19.19242286682129
jabref\src\main\java\org\jabref\logic\layout\LayoutFormatter.java,2.5983262062072754,0.0,model,2.5983262062072754
jabref\src\main\java\org\jabref\gui\fieldeditors\contextmenu\EditorContextAction.java,2.5714592933654785,0.952601432800293,model,2.5714592933654785
jabref\src\test\java\org\jabref\logic\exporter\BibtexDatabaseWriterTest.java,5.158443450927734,2.3496627807617188,model,5.158443450927734
jabref\src\main\java\org\jabref\gui\fieldeditors\EditorTypeEditorViewModel.java,1.0001933574676514,0.0,model,1.0001933574676514
jabref\src\test\java\org\jabref\logic\importer\fileformat\CopacImporterFilesTest.java,2.5428597927093506,0.0,model,2.5428597927093506
jabref\src\test\java\org\jabref\logic\layout\format\AuthorAndsCommaReplacerTest.java,2.546414375305176,0.0,model,2.546414375305176
jabref\src\main\java\org\jabref\model\search\rules\FullTextSearchRule.java,87.48210906982422,1.8799521923065186,model,87.48210906982422
jabref\src\main\java\org\jabref\logic\layout\format\AuthorAbbreviator.java,2.58778977394104,0.0,model,2.58778977394104
jabref\src\main\java\org\jabref\logic\importer\fileformat\RisImporter.java,4.918328762054443,0.0,model,4.918328762054443
jabref\src\main\java\org\jabref\model\search\matchers\MatcherSet.java,89.80949401855469,0.0,model,89.80949401855469
jabref\src\test\java\org\jabref\logic\exporter\MsBibExportFormatTest.java,4.372255325317383,0.0,model,4.372255325317383
jabref\src\main\java\org\jabref\logic\importer\IdBasedParserFetcher.java,23.846296310424805,0.7869418859481812,model,23.846296310424805
jabref\src\main\java\org\jabref\gui\preferences\protectedterms\ProtectedTermsTabViewModel.java,1.4886587858200073,104.12560272216797,preferences,104.12560272216797
jabref\src\main\java\org\jabref\gui\util\FileNodeViewModel.java,1.840764045715332,0.0,model,1.840764045715332
jabref\src\main\java\org\jabref\gui\fieldeditors\EditorValidator.java,1.000205636024475,105.63729095458984,preferences,105.63729095458984
jabref\src\main\java\org\jabref\gui\journals\UndoableUnabbreviator.java,2.0001792907714844,0.0,model,2.0001792907714844
jabref\src\test\java\org\jabref\logic\layout\format\AuthorLastFirstAbbrCommasTest.java,2.5290918350219727,0.0,model,2.5290918350219727
jabref\src\main\java\org\jabref\logic\importer\fetcher\ACMPortalFetcher.java,2.550015926361084,0.0,model,2.550015926361084
jabref\src\main\java\org\jabref\logic\formatter\bibtexfields\HtmlToLatexFormatter.java,23.557575225830078,0.28082817792892456,model,23.557575225830078
jabref\src\main\java\org\jabref\gui\slr\ExistingStudySearchAction.java,5.097604751586914,37.515106201171875,preferences,37.515106201171875
jabref\src\main\java\org\jabref\logic\layout\format\Iso690NamesAuthors.java,2.4695487022399902,0.0,model,2.4695487022399902
jabref\src\main\java\org\jabref\gui\preferences\PreferencesDialogViewModel.java,3.3719775676727295,109.39392852783203,preferences,109.39392852783203
jabref\src\test\java\org\jabref\logic\integrity\EntryLinkCheckerTest.java,7.692257881164551,0.0,model,7.692257881164551
jabref\src\main\java\org\jabref\gui\entryeditor\RequiredFieldsTab.java,2.000185966491699,93.55921173095703,preferences,93.55921173095703
jabref\src\main\java\org\jabref\model\entry\ParsedEntryLink.java,89.76611328125,0.0,model,89.76611328125
jabref\src\main\java\org\jabref\logic\remote\RemotePreferences.java,2.5611112117767334,1.0,model,2.5611112117767334
jabref\src\main\java\org\jabref\logic\importer\OutputPrinter.java,2.5930113792419434,0.0,model,2.5930113792419434
jabref\src\test\java\org\jabref\logic\integrity\ISSNCheckerTest.java,2.5290918350219727,0.0,model,2.5290918350219727
jabref\src\test\java\org\jabref\logic\integrity\DateCheckerTest.java,2.5290918350219727,0.0,model,2.5290918350219727
jabref\src\main\java\org\jabref\gui\libraryproperties\saving\SavingPropertiesViewModel.java,2.000159978866577,35.0,preferences,35.0
jabref\src\test\java\org\jabref\gui\preferences\journals\AbbreviationViewModelTest.java,1.0001883506774902,93.77934265136719,preferences,93.77934265136719
jabref\src\main\java\org\jabref\model\search\matchers\AndMatcher.java,93.4039306640625,0.0,model,93.4039306640625
jabref\src\main\java\org\jabref\gui\preferences\citationkeypattern\CitationKeyPatternTabViewModel.java,1.0001599788665771,84.9173583984375,preferences,84.9173583984375
jabref\src\main\java\org\jabref\gui\JabRefDialogService.java,14.79273509979248,1.9036798477172852,model,14.79273509979248
jabref\src\test\java\org\jabref\model\entry\field\StandardFieldTest.java,93.91294860839844,0.0,model,93.91294860839844
jabref\src\test\java\org\jabref\logic\formatter\FormatterTest.java,2.480360507965088,0.0,model,2.480360507965088
jabref\src\test\java\org\jabref\model\entry\identifier\ArXivIdentifierTest.java,69.9376449584961,0.7516208291053772,model,69.9376449584961
jabref\src\main\java\org\jabref\migrations\PostOpenMigration.java,1.000213861465454,0.0,model,1.000213861465454
jabref\src\test\java\org\jabref\testutils\interactive\styletester\StyleTesterMain.java,1.000197172164917,0.0,model,1.000197172164917
jabref\src\main\java\org\jabref\gui\journals\AbbreviationType.java,1.0002135038375854,0.0,model,1.0002135038375854
jabref\src\main\java\org\jabref\gui\undo\NamedCompound.java,1.000195860862732,0.0,model,1.000195860862732
jabref\src\main\java\org\jabref\gui\libraryproperties\constants\ConstantsPropertiesViewModel.java,2.000170946121216,0.0,model,2.000170946121216
jabref\src\main\java\org\jabref\logic\integrity\JournalInAbbreviationListChecker.java,2.5536651611328125,0.0,model,2.5536651611328125
jabref\src\main\java\org\jabref\gui\util\OptionalObjectProperty.java,1.0002005100250244,0.0,model,1.0002005100250244
jabref\src\main\java\org\jabref\gui\preferences\linkedfiles\LinkedFilesTab.java,1.0001710653305054,88.36553955078125,preferences,88.36553955078125
jabref\src\main\java\org\jabref\gui\externalfiles\FileExtensionViewModel.java,1.5788789987564087,0.0,model,1.5788789987564087
jabref\src\main\java\org\jabref\gui\logging\GuiWriter.java,2.292917013168335,0.0,model,2.292917013168335
jabref\src\main\java\org\jabref\logic\preferences\TimestampPreferences.java,2.546414375305176,96.24336242675781,preferences,96.24336242675781
jabref\src\main\java\org\jabref\gui\entryeditor\OtherFieldsTab.java,42.9815788269043,96.33737182617188,preferences,96.33737182617188
jabref\src\main\java\org\jabref\gui\externalfiletype\CustomExternalFileType.java,1.862657070159912,0.0,model,1.862657070159912
jabref\src\main\java\org\jabref\logic\formatter\bibtexfields\RemoveRedundantSpacesFormatter.java,2.5592310428619385,0.0,model,2.5592310428619385
jabref\src\test\java\org\jabref\gui\preview\CopyCitationActionTest.java,1.1797658205032349,2.17228364944458,preferences,2.17228364944458
jabref\src\main\java\org\jabref\model\entry\types\StandardEntryType.java,88.7624282836914,46.239723205566406,model,88.7624282836914
jabref\src\main\java\org\jabref\gui\entryeditor\MathSciNetTab.java,1.5587972402572632,0.0,model,1.5587972402572632
jabref\src\main\java\org\jabref\logic\citationkeypattern\DatabaseCitationKeyPattern.java,3.586756706237793,0.0,model,3.586756706237793
jabref\src\main\java\org\jabref\logic\openoffice\backend\NamedRangeManagerReferenceMark.java,2.557363271713257,0.0,model,2.557363271713257
jabref\src\main\java\org\jabref\gui\fieldeditors\JournalEditor.java,1.0001920461654663,94.9190902709961,preferences,94.9190902709961
jabref\src\test\java\org\jabref\logic\importer\fetcher\GoogleScholarTest.java,74.06085205078125,0.0,model,74.06085205078125
jabref\src\main\java\org\jabref\logic\cleanup\MoveFilesCleanup.java,3.5428597927093506,0.0,model,3.5428597927093506
jabref\src\main\java\org\jabref\gui\util\DefaultFileUpdateMonitor.java,4.417527675628662,0.5221285820007324,model,4.417527675628662
jabref\src\main\java\org\jabref\gui\icon\JabRefIcon.java,25.333919525146484,0.0,model,25.333919525146484
jabref\src\main\java\org\jabref\gui\undo\UndoableStringChange.java,1.0001945495605469,0.0,model,1.0001945495605469
jabref\src\main\java\org\jabref\logic\layout\format\AuthorLastFirstCommas.java,2.590911626815796,0.0,model,2.590911626815796
jabref\src\test\java\org\jabref\logic\util\io\FileUtilTest.java,3.0817959308624268,3.170257091522217,preferences,3.170257091522217
jabref\src\main\java\org\jabref\gui\mergeentries\newmergedialog\cell\sidebuttons\ToggleMergeUnmergeButton.java,1.0001771450042725,0.4913060665130615,model,1.0001771450042725
jabref\src\main\java\org\jabref\logic\cleanup\EprintCleanup.java,2.5290918350219727,0.0,model,2.5290918350219727
jabref\src\main\java\org\jabref\model\database\BibDatabaseContext.java,93.86231231689453,101.12500762939453,preferences,101.12500762939453
jabref\src\main\java\org\jabref\logic\layout\format\FirstPage.java,2.5847010612487793,0.0,model,2.5847010612487793
jabref\src\test\java\org\jabref\logic\exporter\MSBibExportFormatFilesTest.java,4.271664619445801,0.8810476660728455,model,4.271664619445801
jabref\src\main\java\org\jabref\gui\commonfxcontrols\SaveOrderConfigPanelViewModel.java,1.0001908540725708,0.0,model,1.0001908540725708
jabref\src\main\java\org\jabref\logic\formatter\bibtexfields\TrimWhitespaceFormatter.java,3.3058435916900635,0.0,model,3.3058435916900635
jabref\src\main\java\org\jabref\logic\importer\fetcher\SpringerLink.java,2.4975452423095703,0.0,model,2.4975452423095703
jabref\src\main\java\org\jabref\logic\importer\AuthorListParser.java,2.9367623329162598,0.5623844861984253,model,2.9367623329162598
jabref\src\test\java\org\jabref\model\TreeNodeTestData.java,115.3680648803711,0.0,model,115.3680648803711
jabref\src\main\java\org\jabref\gui\externalfiles\DateRange.java,2.242311954498291,0.0,model,2.242311954498291
jabref\src\main\java\org\jabref\logic\formatter\bibtexfields\NormalizePagesFormatter.java,2.5358872413635254,0.0,model,2.5358872413635254
jabref\src\main\java\org\jabref\logic\openoffice\action\ManageCitations.java,2.5649096965789795,0.0,model,2.5649096965789795
jabref\src\main\java\org\jabref\gui\maintable\OpenFolderAction.java,2.000185966491699,35.0,preferences,35.0
jabref\src\main\java\org\jabref\logic\layout\format\RisAuthors.java,2.557363271713257,0.0,model,2.557363271713257
jabref\src\main\java\org\jabref\logic\msbib\MSBibMapping.java,3.324822425842285,0.0,model,3.324822425842285
jabref\src\main\java\org\jabref\model\study\FetchResult.java,93.50501251220703,0.0,model,93.50501251220703
jabref\src\main\java\org\jabref\logic\shared\DBMSConnection.java,25.570045471191406,0.5224571824073792,model,25.570045471191406
jabref\src\main\java\org\jabref\gui\mergeentries\newmergedialog\FieldRowView.java,1.5277655124664307,0.0,model,1.5277655124664307
jabref\src\test\java\org\jabref\gui\autocompleter\AutoCompleterUtil.java,1.0002100467681885,0.0,model,1.0002100467681885
jabref\src\main\java\org\jabref\model\database\event\ChangePropagation.java,97.28649139404297,0.0,model,97.28649139404297
jabref\src\main\java\org\jabref\gui\autocompleter\SuggestionProvider.java,1.0001883506774902,0.0,model,1.0001883506774902
jabref\src\main\java\org\jabref\gui\maintable\BibEntryTableViewModel.java,2.355966329574585,0.0,model,2.355966329574585
jabref\src\test\java\org\jabref\logic\util\BuildInfoTest.java,2.566842794418335,0.0,model,2.566842794418335
jabref\src\test\java\org\jabref\logic\texparser\DefaultTexParserTest.java,5.661125183105469,1.9313498735427856,model,5.661125183105469
jabref\src\main\java\org\jabref\gui\maintable\CellFactory.java,16.83596420288086,35.0,preferences,35.0
jabref\src\main\java\org\jabref\gui\FallbackExceptionHandler.java,1.000203251838684,0.0,model,1.000203251838684
jabref\src\test\java\org\jabref\gui\edit\CopyOrMoveFieldContentTabViewModelTest.java,2.2143666744232178,1.334073781967163,model,2.2143666744232178
jabref\src\main\java\org\jabref\gui\maintable\MainTablePreferences.java,1.0002005100250244,0.6190122961997986,model,1.0002005100250244
jabref\src\main\java\org\jabref\logic\formatter\bibtexfields\HtmlToUnicodeFormatter.java,26.542186737060547,0.0,model,26.542186737060547
jabref\src\main\java\org\jabref\model\pdf\search\EnglishStemAnalyzer.java,92.02513122558594,0.0,model,92.02513122558594
jabref\src\test\java\org\jabref\logic\importer\AuthorListParserTest.java,3.6283249855041504,0.0,model,3.6283249855041504
jabref\src\main\java\org\jabref\logic\citationkeypattern\AbstractCitationKeyPattern.java,5.109874248504639,0.35916948318481445,model,5.109874248504639
jabref\src\main\java\org\jabref\logic\layout\format\IfPlural.java,2.566828489303589,0.0,model,2.566828489303589
jabref\src\main\java\org\jabref\logic\exporter\OOCalcDatabase.java,2.351034164428711,0.46108537912368774,model,2.351034164428711
jabref\src\main\java\org\jabref\gui\theme\StyleSheetDataUrl.java,2.000203847885132,0.0,model,2.000203847885132
jabref\buildSrc\src\copied\java\org\jabref\logic\journals\AbbreviationWriter.java,3.311339855194092,0.0,model,3.311339855194092
jabref\src\main\java\org\jabref\gui\commonfxcontrols\FieldFormatterCleanupsPanel.java,2.9353668689727783,0.0,model,2.9353668689727783
jabref\src\main\java\org\jabref\gui\maintable\columns\LibraryColumn.java,92.21803283691406,0.0,model,92.21803283691406
jabref\src\test\java\org\jabref\logic\importer\fetcher\ZbMATHTest.java,2.4307663440704346,0.0,model,2.4307663440704346
jabref\src\test\java\org\jabref\logic\bst\BstVMVisitorTest.java,55.03217697143555,1.0214698314666748,model,55.03217697143555
jabref\src\main\java\org\jabref\logic\cleanup\RelativePathsCleanup.java,4.176153659820557,0.0,model,4.176153659820557
jabref\src\main\java\org\jabref\gui\collab\DatabaseChangeResolverFactory.java,2.0002031326293945,0.0,model,2.0002031326293945
jabref\src\main\java\org\jabref\logic\integrity\DoiValidityChecker.java,2.57662034034729,0.0,model,2.57662034034729
jabref\src\test\java\org\jabref\model\search\matchers\MatcherSetsTest.java,87.7624282836914,0.0,model,87.7624282836914
jabref\src\main\java\org\jabref\logic\importer\fetcher\RfcFetcher.java,2.550015926361084,0.0,model,2.550015926361084
jabref\src\main\java\org\jabref\gui\linkedfile\DeleteFileAction.java,2.507661819458008,98.2605972290039,preferences,98.2605972290039
jabref\src\test\java\org\jabref\gui\externalfiles\ImportHandlerTest.java,5.216613292694092,35.0,preferences,35.0
jabref\src\main\java\org\jabref\logic\layout\Layout.java,3.8846275806427,0.0,model,3.8846275806427
jabref\src\main\java\org\jabref\gui\preferences\journals\AbbreviationsFileViewModel.java,1.8219298124313354,90.27467346191406,preferences,90.27467346191406
jabref\src\main\java\org\jabref\logic\util\BackupFileType.java,2.57761812210083,0.0,model,2.57761812210083
jabref\src\main\java\org\jabref\gui\maintable\NameDisplayPreferences.java,1.000197172164917,0.613253653049469,model,1.000197172164917
jabref\src\main\java\org\jabref\gui\entryeditor\PreviewTab.java,2.0001895427703857,105.81285095214844,preferences,105.81285095214844
jabref\src\test\java\org\jabref\logic\xmp\XmpUtilReaderTest.java,3.7393579483032227,0.8444904088973999,model,3.7393579483032227
jabref\src\main\java\org\jabref\gui\preferences\externalfiletypes\ExternalFileTypesTabViewModel.java,2.106403112411499,90.6536636352539,preferences,90.6536636352539
jabref\src\main\java\org\jabref\logic\pdf\AnnotationImporter.java,3.342114210128784,0.0,model,3.342114210128784
jabref\src\test\java\org\jabref\logic\importer\fetcher\transformers\IEEEQueryTransformerTest.java,2.4592127799987793,0.0,model,2.4592127799987793
jabref\src\main\java\org\jabref\gui\mergeentries\newmergedialog\cell\ThreeWayMergeCell.java,1.8646749258041382,0.0,model,1.8646749258041382
jabref\src\main\java\org\jabref\logic\layout\format\Iso690FormatDate.java,3.799722671508789,0.0,model,3.799722671508789
jabref\src\main\java\org\jabref\gui\util\OptionalValueTableCellFactory.java,27.984987258911133,0.0,model,27.984987258911133
jabref\src\test\java\org\jabref\logic\importer\util\GroupsParserTest.java,5.574105262756348,0.5574699640274048,model,5.574105262756348
jabref\src\main\java\org\jabref\gui\preferences\importexport\ImportExportTab.java,1.0001566410064697,83.86489868164062,preferences,83.86489868164062
jabref\src\test\java\org\jabref\logic\bibtex\comparator\FieldComparatorTest.java,5.125104904174805,0.0,model,5.125104904174805
jabref\src\main\java\org\jabref\gui\collab\entrydelete\EntryDelete.java,4.732640266418457,0.0,model,4.732640266418457
jabref\src\main\java\org\jabref\gui\fieldeditors\CitationKeyEditorViewModel.java,2.000201940536499,35.0,preferences,35.0
jabref\buildSrc\src\copied\java\org\jabref\logic\journals\AbbreviationFormat.java,2.5826597213745117,0.0,model,2.5826597213745117
jabref\src\main\java\org\jabref\gui\linkedfile\LinkedFileEditDialogView.java,2.2380447387695312,91.62516021728516,preferences,91.62516021728516
jabref\src\main\java\org\jabref\logic\exporter\Exporter.java,4.244771480560303,0.0,model,4.244771480560303
jabref\src\main\java\org\jabref\logic\msbib\MSBibDatabase.java,28.046972274780273,0.0,model,28.046972274780273
jabref\src\test\java\org\jabref\logic\citationkeypattern\MakeLabelWithDatabaseTest.java,3.1808409690856934,106.50894165039062,preferences,106.50894165039062
jabref\src\main\java\org\jabref\logic\formatter\bibtexfields\AddBracesFormatter.java,2.557363271713257,0.0,model,2.557363271713257
jabref\src\main\java\org\jabref\gui\collab\stringchange\BibTexStringChange.java,2.000197172164917,0.0,model,2.000197172164917
jabref\src\test\java\org\jabref\logic\integrity\HTMLCharacterCheckerTest.java,2.4975452423095703,0.0,model,2.4975452423095703
jabref\src\main\java\org\jabref\logic\exporter\BlankLineBehaviour.java,2.599400758743286,0.0,model,2.599400758743286
jabref\src\test\java\org\jabref\logic\bibtex\comparator\EntryComparatorTest.java,2.905670642852783,0.0,model,2.905670642852783
jabref\src\main\java\org\jabref\gui\util\component\DiffHighlightingTextPane.java,1.0002126693725586,0.0,model,1.0002126693725586
jabref\src\main\java\org\jabref\gui\collab\entrychange\EntryChange.java,2.0001883506774902,0.0,model,2.0001883506774902
jabref\src\main\java\org\jabref\logic\crawler\StudyYamlParser.java,3.2631490230560303,0.0,model,3.2631490230560303
jabref\src\test\java\org\jabref\logic\exporter\ModsExportFormatTest.java,4.307670593261719,0.7534713745117188,model,4.307670593261719
jabref\src\main\java\org\jabref\logic\layout\format\DateFormatter.java,3.6530721187591553,0.0,model,3.6530721187591553
jabref\src\main\java\org\jabref\preferences\MrDlibPreferences.java,1.0001945495605469,96.3125228881836,preferences,96.3125228881836
jabref\src\main\java\org\jabref\gui\search\rules\describer\SearchDescribers.java,1.000197172164917,0.0,model,1.000197172164917
jabref\src\main\java\org\jabref\gui\autocompleter\AutoCompleteFirstNameMode.java,2.000209331512451,0.0,model,2.000209331512451
jabref\src\test\java\org\jabref\logic\exporter\EmbeddedBibFilePdfExporterTest.java,4.802905082702637,0.0,model,4.802905082702637
jabref\src\main\java\org\jabref\model\openoffice\uno\UnoTextRange.java,83.66783905029297,0.0,model,83.66783905029297
jabref\src\main\java\org\jabref\model\util\FileUpdateListener.java,94.74642181396484,0.0,model,94.74642181396484
jabref\src\main\java\org\jabref\gui\mergeentries\MergeEntriesDialog.java,3.1072723865509033,0.0,model,3.1072723865509033
jabref\src\main\java\org\jabref\preferences\SearchPreferences.java,1.0001672506332397,87.72167205810547,preferences,87.72167205810547
jabref\src\test\java\org\jabref\logic\util\io\CitationKeyBasedFileFinderTest.java,3.6387062072753906,0.44177675247192383,model,3.6387062072753906
jabref\src\main\java\org\jabref\logic\shared\event\SharedEntriesNotPresentEvent.java,9.274736404418945,0.0,model,9.274736404418945
jabref\src\main\java\org\jabref\logic\formatter\minifier\TruncateFormatter.java,3.113091230392456,0.0,model,3.113091230392456
jabref\src\main\java\org\jabref\gui\preferences\PreferenceTabViewModel.java,1.0002115964889526,100.99771118164062,preferences,100.99771118164062
jabref\src\main\java\org\jabref\logic\layout\format\WrapFileLinks.java,3.087597608566284,0.0,model,3.087597608566284
jabref\src\main\java\org\jabref\gui\autocompleter\BibEntrySuggestionProvider.java,2.000197172164917,1.0,model,2.000197172164917
jabref\src\main\java\org\jabref\gui\preferences\preview\PreviewTab.java,18.156953811645508,68.12360382080078,preferences,68.12360382080078
jabref\src\test\java\org\jabref\logic\importer\fileformat\MsBibImporterFilesTest.java,2.5428597927093506,0.0,model,2.5428597927093506
jabref\src\main\java\org\jabref\gui\search\SearchResultsTableDataModel.java,1.0001860857009888,35.0,preferences,35.0
jabref\src\test\java\org\jabref\logic\importer\fetcher\ResearchGateTest.java,58.26917266845703,0.0,model,58.26917266845703
jabref\src\test\java\org\jabref\logic\layout\format\HTMLCharsTest.java,3.546970844268799,0.6626651287078857,model,3.546970844268799
jabref\src\test\java\org\jabref\logic\formatter\bibtexfields\NormalizeEnDashesFormatterTest.java,37.535888671875,0.0,model,37.535888671875
jabref\src\main\java\org\jabref\model\entry\CanonicalBibEntry.java,85.86540985107422,0.0,model,85.86540985107422
jabref\src\main\java\org\jabref\gui\util\uithreadaware\UiThreadChangeListener.java,1.0002005100250244,0.0,model,1.0002005100250244
jabref\src\main\java\org\jabref\logic\citationstyle\CitationStyleCache.java,3.5428597927093506,0.0,model,3.5428597927093506
jabref\src\main\java\org\jabref\gui\libraryproperties\general\GeneralPropertiesViewModel.java,2.528202772140503,36.0,preferences,36.0
jabref\src\main\java\org\jabref\model\metadata\SaveOrder.java,78.2434310913086,0.0,model,78.2434310913086
jabref\src\test\java\org\jabref\gui\keyboard\KeyBindingsTabModelTest.java,101.87127685546875,35.46327209472656,model,101.87127685546875
jabref\src\test\java\org\jabref\gui\search\GlobalSearchBarTest.java,1.0001710653305054,35.0,preferences,35.0
jabref\src\main\java\org\jabref\gui\preferences\PreferencesFilterDialog.java,7.942025184631348,94.75202178955078,preferences,94.75202178955078
jabref\src\main\java\org\jabref\gui\fieldeditors\MapBasedEditorViewModel.java,1.0001860857009888,0.0,model,1.0001860857009888
jabref\src\test\java\org\jabref\logic\importer\fetcher\transformers\DBLPQueryTransformerTest.java,2.532467842102051,0.0,model,2.532467842102051
jabref\src\main\java\org\jabref\model\pdf\search\PdfSearchResults.java,87.7624282836914,0.0,model,87.7624282836914
jabref\src\test\java\org\jabref\model\entry\IdGeneratorTest.java,93.00311279296875,0.6112050414085388,model,93.00311279296875
jabref\src\main\java\org\jabref\gui\util\ColorUtil.java,1.000197172164917,0.0,model,1.000197172164917
jabref\src\main\java\org\jabref\model\entry\field\Field.java,92.12142181396484,0.47652527689933777,model,92.12142181396484
jabref\src\main\java\org\jabref\gui\keyboard\KeyBinding.java,36.80940246582031,1.8874306678771973,model,36.80940246582031
jabref\src\test\java\org\jabref\logic\importer\ParserResultTest.java,2.5746350288391113,0.0,model,2.5746350288391113
jabref\src\test\java\org\jabref\logic\exporter\CsvExportFormatTest.java,4.222837924957275,0.0,model,4.222837924957275
jabref\src\test\java\org\jabref\logic\importer\fetcher\transformers\ScholarQueryTransformerTest.java,2.5796241760253906,0.0,model,2.5796241760253906
jabref\src\main\java\org\jabref\logic\util\strings\RtfCharMap.java,2.3093864917755127,0.0,model,2.3093864917755127
jabref\src\main\java\org\jabref\model\entry\field\SpecialField.java,84.1025161743164,0.37214648723602295,model,84.1025161743164
jabref\src\main\java\org\jabref\preferences\PushToApplicationPreferences.java,1.0001920461654663,95.49740600585938,preferences,95.49740600585938
jabref\src\main\java\org\jabref\model\entry\types\BiblatexSoftwareEntryType.java,92.08014678955078,0.0,model,92.08014678955078
jabref\src\main\java\org\jabref\gui\fieldeditors\UrlEditor.java,2.3132944107055664,93.77934265136719,preferences,93.77934265136719
jabref\src\main\java\org\jabref\gui\icon\JabrefIconProvider.java,1.0002119541168213,0.0,model,1.0002119541168213
jabref\src\main\java\org\jabref\preferences\GuiPreferences.java,2.5627076625823975,83.48668670654297,preferences,83.48668670654297
jabref\src\test\java\org\jabref\logic\formatter\bibtexfields\UnicodeToLatexFormatterTest.java,2.5536651611328125,0.0,model,2.5536651611328125
jabref\src\main\java\org\jabref\logic\shared\DatabaseSynchronizer.java,3.5847010612487793,0.0,model,3.5847010612487793
jabref\src\main\java\org\jabref\gui\externalfiles\FileDownloadTask.java,4.0981245040893555,0.0,model,4.0981245040893555
jabref\src\test\java\org\jabref\gui\edit\ReplaceStringViewModelTest.java,2.083322525024414,2.834289073944092,preferences,2.834289073944092
jabref\src\test\java\org\jabref\logic\bibtex\FileFieldWriterTest.java,3.0242581367492676,2.1464524269104004,model,3.0242581367492676
jabref\src\main\java\org\jabref\logic\layout\format\AuthorLastFirstOxfordCommas.java,2.5919597148895264,0.0,model,2.5919597148895264
jabref\src\main\java\org\jabref\gui\texparser\ParseLatexDialogViewModel.java,2.808336019515991,35.595703125,preferences,35.595703125
jabref\src\test\java\org\jabref\architecture\TestArchitectureTest.java,90.89708709716797,35.0,model,90.89708709716797
jabref\src\main\java\org\jabref\gui\mergeentries\MultiMergeEntriesView.java,42.070953369140625,86.6048583984375,preferences,86.6048583984375
jabref\src\main\java\org\jabref\gui\fieldeditors\EditorTextField.java,4.031476020812988,0.0,model,4.031476020812988
jabref\src\main\java\org\jabref\logic\exporter\TemplateExporter.java,4.0160417556762695,0.0,model,4.0160417556762695
jabref\src\test\java\org\jabref\gui\autocompleter\PersonNameStringConverterTest.java,2.000159978866577,84.9173583984375,preferences,84.9173583984375
jabref\src\test\java\org\jabref\model\entry\field\BibFieldTest.java,92.02513122558594,0.0,model,92.02513122558594
jabref\src\test\java\org\jabref\logic\exporter\XmpExporterTest.java,4.037970066070557,0.5554262399673462,model,4.037970066070557
jabref\src\main\java\org\jabref\gui\sidepane\SidePaneContentFactory.java,22.87956428527832,108.46443176269531,preferences,108.46443176269531
jabref\src\main\java\org\jabref\gui\fieldeditors\identifier\IdentifierEditor.java,72.26519775390625,100.33322143554688,preferences,100.33322143554688
jabref\src\main\java\org\jabref\logic\layout\format\HTMLParagraphs.java,3.5374135971069336,0.0,model,3.5374135971069336
jabref\src\main\java\org\jabref\logic\layout\format\AuthorAndsCommaReplacer.java,2.550015926361084,0.0,model,2.550015926361084
jabref\src\test\java\org\jabref\logic\util\FileNameCleanerTest.java,2.5097012519836426,0.0,model,2.5097012519836426
jabref\src\main\java\org\jabref\logic\importer\fileformat\OvidImporter.java,2.68947172164917,0.0,model,2.68947172164917
jabref\src\main\java\org\jabref\logic\formatter\casechanger\TitleParser.java,2.5097012519836426,0.0,model,2.5097012519836426
jabref\src\main\java\org\jabref\gui\externalfiles\UnlinkedPDFFileFilter.java,2.75776743888855,0.0,model,2.75776743888855
jabref\src\main\java\org\jabref\model\entry\Date.java,71.52388000488281,0.0,model,71.52388000488281
jabref\src\test\java\org\jabref\logic\importer\fileformat\MrDLibImporterTest.java,5.79289436340332,2.1733765602111816,model,5.79289436340332
jabref\src\test\java\org\jabref\logic\cleanup\ConvertToBibtexCleanupTest.java,4.567282199859619,0.0,model,4.567282199859619
jabref\src\main\java\org\jabref\gui\exporter\ExportCommand.java,5.476372718811035,107.045654296875,preferences,107.045654296875
jabref\src\main\java\org\jabref\gui\mergeentries\newmergedialog\diffhighlighter\SplitDiffHighlighter.java,1.757188320159912,0.0,model,1.757188320159912
jabref\src\test\java\org\jabref\cli\AuxCommandLineTest.java,1.5632710456848145,3.4861507415771484,preferences,3.4861507415771484
jabref\src\test\java\org\jabref\logic\auxparser\AuxParserTest.java,3.04799485206604,3.505768299102783,preferences,3.505768299102783
jabref\src\main\java\org\jabref\gui\collab\entrychange\EntryWithPreviewAndSourceDetailsView.java,3.3482322692871094,35.0,preferences,35.0
jabref\src\main\java\org\jabref\gui\mergeentries\newmergedialog\FieldRowViewModel.java,1.7054369449615479,0.5272083282470703,model,1.7054369449615479
jabref\src\main\java\org\jabref\logic\openoffice\style\OOPreFormatter.java,3.4056386947631836,0.6987998485565186,model,3.4056386947631836
jabref\src\main\java\org\jabref\gui\externalfiles\ImportFilesResultItemViewModel.java,1.569412112236023,0.0,model,1.569412112236023
jabref\src\test\java\org\jabref\logic\formatter\bibtexfields\RemoveDigitsFormatterTest.java,3.3614706993103027,0.0,model,3.3614706993103027
jabref\src\main\java\org\jabref\logic\openoffice\OpenOfficeFileSearch.java,3.3025083541870117,0.9069089293479919,model,3.3025083541870117
jabref\src\main\java\org\jabref\gui\linkedfile\AttachFileAction.java,3.018439531326294,1.0,model,3.018439531326294
jabref\src\main\java\org\jabref\gui\util\component\TagBar.java,3.655827283859253,0.34706705808639526,model,3.655827283859253
jabref\src\main\java\org\jabref\gui\fieldeditors\PatentTypeEditorViewModel.java,1.0001792907714844,0.0,model,1.0001792907714844
jabref\src\test\java\org\jabref\logic\importer\fileformat\BibtexParserTest.java,61.84018325805664,1.6319431066513062,model,61.84018325805664
jabref\src\main\java\org\jabref\gui\BasePanelMode.java,1.000213861465454,0.0,model,1.000213861465454
jabref\src\test\java\org\jabref\model\paging\PageTest.java,88.76611328125,0.0,model,88.76611328125
jabref\src\test\java\org\jabref\logic\importer\fileformat\MedlinePlainImporterTest.java,3.682446241378784,0.8962719440460205,model,3.682446241378784
jabref\src\main\java\org\jabref\model\openoffice\uno\UnoReferenceMark.java,84.1025161743164,0.0,model,84.1025161743164
jabref\src\main\java\org\jabref\gui\mergeentries\MergeEntriesAction.java,1.8190211057662964,1.0,model,1.8190211057662964
jabref\src\main\java\org\jabref\gui\desktop\os\NativeDesktop.java,3.0832602977752686,2.401214361190796,model,3.0832602977752686
jabref\src\main\java\org\jabref\gui\UpdateTimestampListener.java,2.9136011600494385,35.0,preferences,35.0
jabref\src\main\java\org\jabref\logic\importer\fetcher\transformers\DefaultQueryTransformer.java,2.5726633071899414,0.0,model,2.5726633071899414
jabref\src\test\java\org\jabref\logic\exporter\ExporterTest.java,4.239490985870361,0.0,model,4.239490985870361
jabref\src\test\java\org\jabref\logic\formatter\bibtexfields\HtmlToLatexFormatterTest.java,2.984757900238037,0.0,model,2.984757900238037
jabref\src\main\java\org\jabref\model\strings\StringUtil.java,60.33984375,0.28044867515563965,model,60.33984375
jabref\src\test\java\org\jabref\logic\net\MimeTypeDetectorTest.java,2.602647304534912,0.0,model,2.602647304534912
jabref\src\test\java\org\jabref\logic\formatter\casechanger\UnprotectTermsFormatterTest.java,2.503549814224243,0.0,model,2.503549814224243
jabref\src\test\java\org\jabref\gui\UpdateTimestampListenerTest.java,2.718923807144165,35.56880569458008,preferences,35.56880569458008
jabref\src\test\java\org\jabref\logic\l10n\JavaLocalizationEntryParser.java,2.9622840881347656,1.3554725646972656,model,2.9622840881347656
jabref\src\test\java\org\jabref\gui\mergeentries\ThreeWayMergeCellViewModelTest.java,1.0001672506332397,0.0,model,1.0001672506332397
jabref\src\main\java\org\jabref\gui\preferences\appearance\AppearanceTab.java,1.00017511844635,89.623291015625,preferences,89.623291015625
jabref\src\main\java\org\jabref\logic\git\SlrGitHandler.java,3.209977149963379,1.9819320440292358,model,3.209977149963379
jabref\src\main\java\org\jabref\logic\shared\prefs\SharedDatabasePreferences.java,27.641918182373047,86.16790008544922,preferences,86.16790008544922
jabref\src\main\java\org\jabref\logic\msbib\PageNumbers.java,22.44656753540039,0.0,model,22.44656753540039
jabref\src\main\java\org\jabref\model\entry\types\SystematicLiteratureReviewStudyEntryType.java,91.26658630371094,0.0,model,91.26658630371094
jabref\src\main\java\org\jabref\logic\importer\fetcher\transformers\YearAndYearRangeByFilteringQueryTransformer.java,3.302562952041626,0.0,model,3.302562952041626
jabref\src\main\java\org\jabref\gui\mergeentries\newmergedialog\ThreeWayMergeViewModel.java,1.0001730918884277,0.6062617301940918,model,1.0001730918884277
jabref\src\test\java\org\jabref\logic\importer\fetcher\transformers\SuffixTransformerTest.java,2.413682460784912,0.0,model,2.413682460784912
jabref\src\main\java\org\jabref\logic\formatter\minifier\MinifyNameListFormatter.java,23.69858169555664,5.174259185791016,model,23.69858169555664
jabref\src\main\java\org\jabref\logic\importer\fetcher\transformers\MedlineQueryTransformer.java,2.5536651611328125,0.0,model,2.5536651611328125
jabref\src\main\java\org\jabref\gui\help\AboutDialogView.java,3.936601400375366,0.0,model,3.936601400375366
jabref\src\test\java\org\jabref\model\entry\field\SpecialFieldTest.java,92.80479431152344,0.0,model,92.80479431152344
jabref\src\main\java\org\jabref\logic\importer\fileformat\PdfGrobidImporter.java,5.541982173919678,1.756805181503296,model,5.541982173919678
jabref\src\main\java\org\jabref\logic\importer\util\ShortDOIService.java,2.5290918350219727,0.0,model,2.5290918350219727
jabref\src\test\java\org\jabref\gui\entryeditor\fileannotationtab\FileAnnotationViewModelTest.java,3.818040370941162,1.7618290185928345,model,3.818040370941162
jabref\src\main\java\org\jabref\logic\integrity\CitationKeyDeviationChecker.java,2.546414375305176,0.0,model,2.546414375305176
jabref\src\main\java\org\jabref\model\openoffice\uno\UnoStyle.java,84.57404327392578,0.0,model,84.57404327392578
jabref\src\main\java\org\jabref\gui\importer\NewEntryAction.java,2.0001792907714844,105.22648620605469,preferences,105.22648620605469
jabref\src\main\java\org\jabref\logic\net\ssl\TrustStoreManager.java,5.077894687652588,0.0,model,5.077894687652588
jabref\src\main\java\org\jabref\logic\protectedterms\ProtectedTermsPreferences.java,2.5358872413635254,0.0,model,2.5358872413635254
jabref\src\main\java\org\jabref\logic\integrity\AbbreviationChecker.java,2.5611112117767334,0.0,model,2.5611112117767334
jabref\src\main\java\org\jabref\gui\entryeditor\LatexCitationsTabViewModel.java,3.6196117401123047,35.58882522583008,preferences,35.58882522583008
jabref\src\main\java\org\jabref\gui\entryeditor\RelatedArticlesTab.java,25.327341079711914,95.80294036865234,preferences,95.80294036865234
jabref\src\main\java\org\jabref\gui\groups\UndoableMoveGroup.java,50.436676025390625,0.0,model,50.436676025390625
jabref\src\main\java\org\jabref\logic\openoffice\style\OOBibStyleGetNumCitationMarker.java,21.14772605895996,0.0,model,21.14772605895996
jabref\src\main\java\org\jabref\gui\linkedfile\LinkedFilesEditDialogViewModel.java,2.788980484008789,0.4969378709793091,model,2.788980484008789
jabref\src\main\java\org\jabref\logic\layout\ParamLayoutFormatter.java,2.5983262062072754,0.0,model,2.5983262062072754
jabref\src\main\java\org\jabref\gui\maintable\MainTableHeaderContextMenu.java,85.75928497314453,0.0,model,85.75928497314453
jabref\src\main\java\org\jabref\logic\util\io\DatabaseFileLookup.java,4.2987141609191895,0.0,model,4.2987141609191895
jabref\src\main\java\org\jabref\model\entry\types\SystematicLiteratureReviewStudyEntryTypeDefinitions.java,90.5301284790039,0.0,model,90.5301284790039
jabref\src\test\java\org\jabref\model\entry\identifier\DOITest.java,57.36552429199219,0.3436972498893738,model,57.36552429199219
jabref\src\test\java\org\jabref\logic\util\strings\StringManipulatorTest.java,2.376366138458252,3.127636194229126,preferences,3.127636194229126
jabref\src\main\java\org\jabref\logic\integrity\DatabaseChecker.java,3.595125913619995,0.0,model,3.595125913619995
jabref\src\test\java\org\jabref\logic\importer\fileformat\PdfContentImporterFilesTest.java,2.550015926361084,0.7372169494628906,model,2.550015926361084
jabref\src\test\java\org\jabref\logic\formatter\bibtexfields\CleanupUrlFormatterTest.java,2.5292091369628906,0.0,model,2.5292091369628906
jabref\src\test\java\org\jabref\logic\formatter\bibtexfields\UnicodeConverterTest.java,3.0222625732421875,0.0,model,3.0222625732421875
jabref\src\test\java\org\jabref\model\entry\CanonicalBibEntryTest.java,85.26359558105469,0.0,model,85.26359558105469
jabref\src\main\java\org\jabref\logic\texparser\DefaultLatexParser.java,4.404633522033691,0.8835535049438477,model,4.404633522033691
jabref\src\test\java\org\jabref\logic\integrity\NoteCheckerTest.java,5.213045597076416,0.0,model,5.213045597076416
jabref\src\test\java\org\jabref\logic\importer\fetcher\transformers\SpringerQueryTransformerTest.java,3.6851425170898438,0.0,model,3.6851425170898438
jabref\src\test\java\org\jabref\gui\externalfiletype\ExternalFileTypesTest.java,2.910259246826172,0.4969378709793091,model,2.910259246826172
jabref\src\test\java\org\jabref\logic\layout\format\CompositeFormatTest.java,2.5224664211273193,0.0,model,2.5224664211273193
jabref\src\main\java\org\jabref\gui\exporter\ExportToClipboardAction.java,16.736087799072266,99.35860443115234,preferences,99.35860443115234
jabref\src\main\java\org\jabref\logic\formatter\casechanger\Word.java,7.179782390594482,1.390882134437561,model,7.179782390594482
jabref\src\main\java\org\jabref\gui\libraryproperties\keypattern\KeyPatternPropertiesViewModel.java,2.0001907348632812,35.0,preferences,35.0
jabref\src\main\java\org\jabref\gui\importer\GenerateEntryFromIdAction.java,3.9154036045074463,35.32515335083008,preferences,35.32515335083008
jabref\src\test\java\org\jabref\logic\importer\fileformat\EndnoteXmlImporterFilesTest.java,2.532467842102051,0.0,model,2.532467842102051
jabref\src\main\java\org\jabref\logic\bibtex\comparator\PreambleDiff.java,2.5358872413635254,0.0,model,2.5358872413635254
jabref\src\test\java\org\jabref\logic\crawler\CrawlerTest.java,5.352195739746094,37.886783599853516,preferences,37.886783599853516
jabref\src\main\java\org\jabref\logic\importer\fileformat\ModsImporter.java,21.350603103637695,0.5508807897567749,model,21.350603103637695
jabref\src\test\java\org\jabref\logic\texparser\LatexParserTest.java,6.437087535858154,2.0137763023376465,model,6.437087535858154
jabref\src\main\java\org\jabref\logic\importer\fileformat\PdfEmbeddedBibFileImporter.java,25.16277313232422,1.2959141731262207,model,25.16277313232422
jabref\src\main\java\org\jabref\logic\formatter\casechanger\LowerCaseFormatter.java,3.311910629272461,0.0,model,3.311910629272461
jabref\src\main\java\org\jabref\gui\linkedfile\AttachFileFromURLAction.java,2.4929027557373047,36.0,preferences,36.0
jabref\src\test\java\org\jabref\logic\util\DevelopmentStageTest.java,3.274306535720825,2.9352688789367676,model,3.274306535720825
jabref\src\main\java\org\jabref\gui\fieldeditors\identifier\ISBNIdentifierEditorViewModel.java,1.0002011060714722,102.26710510253906,preferences,102.26710510253906
jabref\src\main\java\org\jabref\logic\layout\LayoutHelper.java,2.8987889289855957,92.73057556152344,preferences,92.73057556152344
jabref\src\test\java\org\jabref\migrations\PreferencesMigrationsTest.java,2.760172128677368,47.250301361083984,preferences,47.250301361083984
jabref\src\test\java\org\jabref\logic\crawler\StudyRepositoryTest.java,5.033843040466309,38.04625701904297,preferences,38.04625701904297
jabref\src\main\java\org\jabref\model\study\StudyDatabase.java,88.76611328125,0.0,model,88.76611328125
jabref\src\test\java\org\jabref\logic\integrity\BracketCheckerTest.java,2.5224664211273193,0.0,model,2.5224664211273193
jabref\src\main\java\org\jabref\logic\layout\format\FileLink.java,3.3203227519989014,0.0,model,3.3203227519989014
jabref\src\main\java\org\jabref\logic\importer\fileformat\PdfContentImporter.java,4.5146355628967285,1.0847179889678955,model,4.5146355628967285
jabref\src\main\java\org\jabref\gui\preferences\entryeditor\EntryEditorTab.java,1.0001710653305054,88.36553955078125,preferences,88.36553955078125
jabref\src\test\java\org\jabref\gui\exporter\SaveDatabaseActionTest.java,3.164093255996704,102.23196411132812,preferences,102.23196411132812
jabref\src\test\java\org\jabref\logic\layout\format\AuthorLastFirstAbbreviatorTest.java,2.516005039215088,0.0,model,2.516005039215088
jabref\src\main\java\org\jabref\gui\preferences\PreferencesSearchHandler.java,25.14988136291504,88.36553955078125,preferences,88.36553955078125
jabref\src\test\java\org\jabref\logic\auxparser\DefaultAuxParserTest.java,2.6015613079071045,0.0,model,2.6015613079071045
jabref\src\main\java\org\jabref\model\openoffice\uno\NoDocumentException.java,93.60646057128906,0.0,model,93.60646057128906
jabref\src\main\java\org\jabref\gui\maintable\MainTableColumnModel.java,1.0001444816589355,0.0,model,1.0001444816589355
jabref\src\main\java\org\jabref\gui\mergeentries\newmergedialog\fieldsmerger\FieldMerger.java,1.0002111196517944,0.0,model,1.0002111196517944
jabref\src\main\java\org\jabref\gui\search\GlobalSearchResultDialogViewModel.java,1.0002059936523438,35.483516693115234,preferences,35.483516693115234
jabref\src\main\java\org\jabref\gui\mergeentries\newmergedialog\ShowDiffConfig.java,1.0002115964889526,0.0,model,1.0002115964889526
jabref\src\main\java\org\jabref\logic\importer\util\JsonReader.java,2.5592310428619385,0.0,model,2.5592310428619385
jabref\src\main\java\org\jabref\gui\sidepane\GroupsSidePaneComponent.java,50.14651870727539,0.5095344185829163,model,50.14651870727539
jabref\src\main\java\org\jabref\gui\edit\automaticfiededitor\AbstractAutomaticFieldEditorTabView.java,1.0002115964889526,0.0,model,1.0002115964889526
jabref\src\test\java\org\jabref\logic\shared\security\PasswordTest.java,2.557363271713257,0.0,model,2.557363271713257
jabref\src\main\java\org\jabref\gui\documentviewer\PageDimension.java,1.000195860862732,0.0,model,1.000195860862732
jabref\src\test\java\org\jabref\logic\layout\format\AuthorFirstFirstCommasTest.java,2.5726633071899414,0.0,model,2.5726633071899414
jabref\src\test\java\org\jabref\logic\layout\format\IfPluralTest.java,3.7258803844451904,1.6263700723648071,model,3.7258803844451904
jabref\src\test\java\org\jabref\logic\layout\format\AuthorLF_FFTest.java,2.5726633071899414,0.0,model,2.5726633071899414
jabref\src\main\java\org\jabref\logic\importer\util\FileFieldParser.java,3.1492927074432373,0.0,model,3.1492927074432373
jabref\src\main\java\org\jabref\logic\preferences\FetcherApiKey.java,2.5630040168762207,98.83349609375,preferences,98.83349609375
jabref\src\main\java\org\jabref\logic\pdf\search\indexing\DocumentReader.java,4.086879730224609,0.0,model,4.086879730224609
jabref\src\test\java\org\jabref\model\strings\StringUtilTest.java,81.08934020996094,1.2361125946044922,model,81.08934020996094
jabref\src\main\java\org\jabref\logic\importer\fileformat\PdfMergeMetadataImporter.java,5.168375492095947,1.0374234914779663,model,5.168375492095947
jabref\src\main\java\org\jabref\gui\preferences\groups\GroupsTab.java,1.000195860862732,96.1039047241211,preferences,96.1039047241211
jabref\src\main\java\org\jabref\logic\layout\format\Replace.java,2.5687599182128906,0.0,model,2.5687599182128906
jabref\src\test\java\org\jabref\gui\autocompleter\AppendPersonNamesStrategyTest.java,1.0002039670944214,0.0,model,1.0002039670944214
jabref\src\test\java\org\jabref\gui\entryeditor\SourceTabTest.java,3.5764222145080566,0.0,model,3.5764222145080566
jabref\src\test\java\org\jabref\logic\shared\SynchronizationSimulatorTest.java,3.3904545307159424,0.0,model,3.3904545307159424
jabref\src\main\java\org\jabref\logic\util\BuildInfo.java,3.496776819229126,0.0,model,3.496776819229126
jabref\src\main\java\org\jabref\logic\exporter\AtomicFileOutputStream.java,24.892120361328125,0.28082817792892456,model,24.892120361328125
jabref\src\test\java\org\jabref\model\groups\AutomaticKeywordGroupTest.java,87.11425018310547,0.5933809876441956,model,87.11425018310547
jabref\src\main\java\org\jabref\gui\edit\automaticfiededitor\AutomaticFieldEditorDialog.java,2.548325300216675,0.0,model,2.548325300216675
jabref\src\main\java\org\jabref\logic\exporter\BibWriter.java,2.5592310428619385,0.0,model,2.5592310428619385
jabref\src\test\java\org\jabref\testutils\interactive\styletester\StyleTesterView.java,1.0001883506774902,0.0,model,1.0001883506774902
jabref\src\main\java\org\jabref\logic\citationstyle\JabRefLocaleProvider.java,2.5649096965789795,0.0,model,2.5649096965789795
jabref\src\main\java\org\jabref\logic\bst\util\BstNameFormatter.java,5.344557285308838,0.5068060755729675,model,5.344557285308838
jabref\src\test\java\org\jabref\gui\edit\ManageKeywordsViewModelTest.java,3.717050552368164,0.7745462656021118,model,3.717050552368164
jabref\src\main\java\org\jabref\logic\shared\security\Password.java,2.5224664211273193,0.0,model,2.5224664211273193
jabref\src\main\java\org\jabref\model\strings\UnicodeToReadableCharMap.java,63.057857513427734,0.0,model,63.057857513427734
jabref\src\main\java\org\jabref\logic\importer\fetcher\LibraryOfCongress.java,2.5687599182128906,0.0,model,2.5687599182128906
jabref\src\main\java\org\jabref\logic\util\io\FileUtil.java,4.951162338256836,0.8363056182861328,model,4.951162338256836
jabref\src\main\java\org\jabref\logic\importer\fileformat\BibtexImporter.java,3.014345169067383,1.1284980773925781,model,3.014345169067383
jabref\src\test\java\org\jabref\gui\theme\ThemeTest.java,1.6617274284362793,0.0,model,1.6617274284362793
jabref\src\main\java\org\jabref\gui\journals\UndoableAbbreviator.java,2.0001814365386963,0.0,model,2.0001814365386963
jabref\src\main\java\org\jabref\logic\bibtex\comparator\EntryComparator.java,3.5947022438049316,0.0,model,3.5947022438049316
jabref\src\main\java\org\jabref\gui\preferences\entryeditor\EntryEditorTabViewModel.java,2.0001533031463623,82.85590362548828,preferences,82.85590362548828
jabref\src\main\java\org\jabref\gui\remote\CLIMessageHandler.java,34.7020149230957,35.0,preferences,35.0
jabref\src\main\java\org\jabref\logic\importer\fetcher\transformers\SpringerQueryTransformer.java,3.440753936767578,0.0,model,3.440753936767578
jabref\src\main\java\org\jabref\model\entry\field\FieldProperty.java,93.22592163085938,0.0,model,93.22592163085938
jabref\src\main\java\org\jabref\gui\slr\EditExistingStudyAction.java,2.7261502742767334,1.5257909297943115,model,2.7261502742767334
jabref\src\main\java\org\jabref\logic\layout\format\RemoveTilde.java,2.5611112117767334,0.0,model,2.5611112117767334
jabref\src\main\java\org\jabref\model\openoffice\style\CitationMarkerNormEntry.java,94.22271728515625,0.0,model,94.22271728515625
jabref\src\main\java\org\jabref\logic\formatter\bibtexfields\RemoveNewlinesFormatter.java,3.299835681915283,0.0,model,3.299835681915283
jabref\src\main\java\org\jabref\logic\formatter\bibtexfields\ClearFormatter.java,2.5726633071899414,0.0,model,2.5726633071899414
jabref\src\main\java\org\jabref\logic\shared\DatabaseNotSupportedException.java,7.138549327850342,0.0,model,7.138549327850342
jabref\src\main\java\org\jabref\gui\groups\UndoableModifySubtree.java,1.0001920461654663,0.0,model,1.0001920461654663
jabref\src\test\java\org\jabref\logic\formatter\bibtexfields\ShortenDOIFormatterTest.java,2.5726633071899414,0.0,model,2.5726633071899414
jabref\src\main\java\org\jabref\logic\xmp\DublinCoreExtractor.java,4.135924816131592,0.0,model,4.135924816131592
jabref\src\main\java\org\jabref\logic\importer\fileformat\medline\ArticleId.java,2.594066619873047,0.0,model,2.594066619873047
jabref\src\test\java\org\jabref\logic\layout\format\AuthorOrgSciTest.java,2.4975452423095703,0.0,model,2.4975452423095703
jabref\src\main\java\org\jabref\gui\mergeentries\newmergedialog\GroupDiffMode.java,1.0002104043960571,0.0,model,1.0002104043960571
jabref\src\test\java\org\jabref\logic\bibtex\comparator\MetaDataDiffTest.java,3.4217326641082764,0.0,model,3.4217326641082764
jabref\src\main\java\org\jabref\gui\help\HelpAction.java,1.000203251838684,0.0,model,1.000203251838684
jabref\src\test\java\org\jabref\logic\importer\fetcher\transformers\JstorQueryTransformerTest.java,2.5290918350219727,0.0,model,2.5290918350219727
jabref\src\main\java\org\jabref\gui\menus\FileHistoryMenu.java,2.883232355117798,0.0,model,2.883232355117798
jabref\src\main\java\org\jabref\model\groups\GroupEntryChanger.java,91.83354949951172,0.0,model,91.83354949951172
jabref\src\main\java\org\jabref\logic\bibtex\comparator\FieldComparator.java,2.4220516681671143,0.0,model,2.4220516681671143
jabref\src\test\java\org\jabref\logic\importer\fetcher\isbntobibtex\DoiToBibtexConverterComIsbnFetcherTest.java,4.194392681121826,0.0,model,4.194392681121826
jabref\src\main\java\org\jabref\gui\fieldeditors\WriteMetadataToPdfCommand.java,2.802288055419922,104.88129425048828,preferences,104.88129425048828
jabref\src\main\java\org\jabref\logic\layout\format\GetOpenOfficeType.java,2.5428597927093506,0.0,model,2.5428597927093506
jabref\src\test\java\org\jabref\logic\importer\fileformat\PdfEmbeddedBibFileImporterTest.java,3.22833514213562,2.2951889038085938,model,3.22833514213562
jabref\src\main\java\org\jabref\gui\externalfiles\AutoSetFileLinksUtil.java,2.678701877593994,0.0,model,2.678701877593994
jabref\src\main\java\org\jabref\model\TreeNode.java,84.2108154296875,0.40649479627609253,model,84.2108154296875
jabref\src\main\java\org\jabref\logic\layout\format\AuthorFirstAbbrLastOxfordCommas.java,2.590911626815796,0.0,model,2.590911626815796
jabref\src\test\java\org\jabref\logic\formatter\casechanger\SentenceCaseFormatterTest.java,2.485955238342285,0.9403549432754517,model,2.485955238342285
jabref\src\main\java\org\jabref\logic\importer\FetcherClientException.java,2.5826597213745117,0.0,model,2.5826597213745117
jabref\src\test\java\org\jabref\logic\exporter\DocbookExporterTest.java,4.13680362701416,0.0,model,4.13680362701416
jabref\src\main\java\org\jabref\gui\autocompleter\StringSuggestionProvider.java,1.0002039670944214,0.0,model,1.0002039670944214
jabref\src\test\java\org\jabref\gui\fieldeditors\LinkedFilesEditorViewModelTest.java,2.1330864429473877,35.0,preferences,35.0
jabref\src\main\java\org\jabref\gui\autocompleter\ReplaceStrategy.java,1.0002115964889526,0.0,model,1.0002115964889526
jabref\src\main\java\org\jabref\logic\cleanup\TimeStampToModificationDate.java,4.116905689239502,0.0,model,4.116905689239502
jabref\src\main\java\org\jabref\model\openoffice\uno\UnoTextDocument.java,84.67613220214844,0.0,model,84.67613220214844
jabref\src\main\java\org\jabref\gui\preferences\importexport\ImportExportTabViewModel.java,1.000133991241455,77.81231689453125,preferences,77.81231689453125
jabref\src\main\java\org\jabref\logic\net\ProxyAuthenticator.java,2.557363271713257,2.651122570037842,preferences,2.651122570037842
jabref\src\test\java\org\jabref\logic\integrity\AmpersandCheckerTest.java,21.63998031616211,0.0,model,21.63998031616211
jabref\src\main\java\org\jabref\gui\groups\GroupTreeView.java,99.00760650634766,35.0,model,99.00760650634766
jabref\src\main\java\org\jabref\gui\fieldeditors\PersonsEditor.java,1.0001908540725708,99.76093292236328,preferences,99.76093292236328
jabref\src\main\java\org\jabref\model\openoffice\ootext\OOTextIntoOO.java,55.70600128173828,0.49222996830940247,model,55.70600128173828
jabref\src\main\java\org\jabref\logic\importer\fileformat\SilverPlatterImporter.java,2.351034164428711,0.0,model,2.351034164428711
jabref\src\test\java\org\jabref\logic\importer\FulltextFetchersTest.java,2.480360507965088,0.564905047416687,model,2.480360507965088
jabref\src\main\java\org\jabref\gui\openoffice\AdvancedCiteDialogView.java,2.229480266571045,0.7452554702758789,model,2.229480266571045
jabref\src\main\java\org\jabref\gui\icon\InternalMaterialDesignIcon.java,19.458051681518555,0.0,model,19.458051681518555
jabref\src\main\java\org\jabref\logic\externalfiles\LinkedFileHandler.java,48.79421615600586,0.0,model,48.79421615600586
jabref\src\main\java\org\jabref\logic\util\io\FileNameUniqueness.java,3.186795473098755,0.0,model,3.186795473098755
jabref\src\main\java\org\jabref\model\entry\Month.java,79.04884338378906,0.42536476254463196,model,79.04884338378906
jabref\src\test\java\org\jabref\logic\importer\fileformat\MsBibImporterTest.java,3.2541158199310303,0.0,model,3.2541158199310303
jabref\src\main\java\org\jabref\gui\mergeentries\newmergedialog\fieldsmerger\KeywordMerger.java,1.0002039670944214,0.0,model,1.0002039670944214
jabref\src\test\java\org\jabref\logic\integrity\BibStringCheckerTest.java,2.516005039215088,0.0,model,2.516005039215088
jabref\src\main\java\org\jabref\gui\exporter\CreateModifyExporterDialogViewModel.java,2.1271448135375977,104.88129425048828,preferences,104.88129425048828
jabref\src\main\java\org\jabref\logic\importer\fetcher\ScienceDirect.java,18.372495651245117,5.343527793884277,model,18.372495651245117
jabref\src\test\java\org\jabref\model\entry\BibEntryTypesManagerTest.java,120.94208526611328,0.0,model,120.94208526611328
jabref\src\main\java\org\jabref\gui\externalfiles\AutoLinkFilesAction.java,21.136920928955078,101.45394897460938,preferences,101.45394897460938
jabref\src\test\java\org\jabref\logic\cleanup\ISSNCleanupTest.java,2.516005039215088,0.0,model,2.516005039215088
jabref\src\test\java\org\jabref\logic\importer\fetcher\ACMPortalFetcherTest.java,27.97776222229004,0.0,model,27.97776222229004
jabref\src\test\java\org\jabref\logic\integrity\YearCheckerTest.java,4.58974027633667,0.0,model,4.58974027633667
jabref\src\test\java\org\jabref\logic\util\io\RegExpBasedFileFinderTest.java,57.44371795654297,0.0,model,57.44371795654297
jabref\src\main\java\org\jabref\model\openoffice\style\CitationMarkerNumericBibEntry.java,94.22271728515625,0.0,model,94.22271728515625
jabref\src\main\java\org\jabref\logic\integrity\CitationKeyChecker.java,2.550015926361084,0.0,model,2.550015926361084
jabref\src\main\java\org\jabref\logic\layout\format\AuthorFirstFirst.java,2.5919597148895264,0.0,model,2.5919597148895264
jabref\src\main\java\org\jabref\gui\collab\groupchange\GroupChange.java,2.6506550312042236,0.0,model,2.6506550312042236
jabref\src\main\java\org\jabref\gui\importer\ParserResultWarningDialog.java,2.0001883506774902,0.0,model,2.0001883506774902
jabref\src\main\java\org\jabref\model\search\SearchMatcher.java,94.43107604980469,0.0,model,94.43107604980469
jabref\src\main\java\org\jabref\gui\fieldeditors\OwnerEditor.java,1.0001933574676514,100.36980438232422,preferences,100.36980438232422
jabref\src\main\java\org\jabref\logic\importer\fetcher\BibsonomyScraper.java,2.532467842102051,0.0,model,2.532467842102051
jabref\src\test\java\org\jabref\logic\importer\fetcher\IacrEprintFetcherTest.java,6.596829891204834,0.16975098848342896,model,6.596829891204834
jabref\src\main\java\org\jabref\gui\groups\GroupNodeViewModel.java,2.0001134872436523,35.31484603881836,preferences,35.31484603881836
jabref\src\main\java\org\jabref\model\entry\identifier\ArXivIdentifier.java,80.92598724365234,0.0,model,80.92598724365234
jabref\src\main\java\org\jabref\logic\msbib\MSBibConverter.java,2.6438331604003906,0.38244783878326416,model,2.6438331604003906
jabref\src\main\java\org\jabref\gui\groups\GroupDialogView.java,4.187644004821777,35.28839874267578,preferences,35.28839874267578
jabref\src\main\java\org\jabref\gui\edit\automaticfiededitor\AutomaticFieldEditorAction.java,1.0002050399780273,1.0,model,1.0002050399780273
jabref\src\test\java\org\jabref\logic\layout\format\AuthorAndsReplacerTest.java,2.532467842102051,0.0,model,2.532467842102051
jabref\src\test\java\org\jabref\logic\importer\fileformat\BiblioscapeImporterTypesTest.java,6.4427809715271,0.0,model,6.4427809715271
jabref\src\test\java\org\jabref\gui\fieldeditors\LinkedFileViewModelTest.java,3.842888593673706,99.83885955810547,preferences,99.83885955810547
jabref\src\main\java\org\jabref\logic\importer\fetcher\transformers\CollectionOfComputerScienceBibliographiesQueryTransformer.java,2.5649096965789795,0.0,model,2.5649096965789795
jabref\src\main\java\org\jabref\gui\importer\GenerateEntryFromIdDialog.java,1.0001883506774902,35.0,preferences,35.0
jabref\src\test\java\org\jabref\logic\layout\format\OrdinalTest.java,2.503549814224243,1.0207493305206299,model,2.503549814224243
jabref\src\test\java\org\jabref\logic\openoffice\style\StyleLoaderTest.java,2.980375289916992,108.578369140625,preferences,108.578369140625
jabref\src\main\java\org\jabref\gui\mergeentries\newmergedialog\diffhighlighter\UnifiedDiffHighlighter.java,1.759430170059204,0.0,model,1.759430170059204
jabref\src\test\java\org\jabref\model\database\BibDatabaseTest.java,73.17298889160156,0.20718351006507874,model,73.17298889160156
jabref\src\main\java\org\jabref\logic\layout\format\AuthorLF_FF.java,2.58778977394104,0.0,model,2.58778977394104
jabref\src\main\java\org\jabref\gui\externalfiletype\UnknownExternalFileType.java,1.00020432472229,0.0,model,1.00020432472229
jabref\src\main\java\org\jabref\gui\autocompleter\AutoCompletionInput.java,1.0002100467681885,0.0,model,1.0002100467681885
jabref\src\test\java\org\jabref\logic\integrity\HowPublishedCheckerTest.java,5.213045597076416,0.0,model,5.213045597076416
jabref\src\main\java\org\jabref\model\entry\BibEntry.java,57.309574127197266,15.17935848236084,model,57.309574127197266
jabref\src\main\java\org\jabref\gui\menus\ChangeEntryTypeMenu.java,3.0146989822387695,0.0,model,3.0146989822387695
jabref\src\main\java\org\jabref\logic\integrity\FieldChecker.java,2.5611112117767334,0.0,model,2.5611112117767334
jabref\src\main\java\org\jabref\model\texparser\Citation.java,83.33480834960938,0.0,model,83.33480834960938
jabref\src\main\java\org\jabref\gui\preferences\protectedterms\ProtectedTermsTab.java,4.800690174102783,80.34517669677734,preferences,80.34517669677734
jabref\src\main\java\org\jabref\logic\integrity\TitleChecker.java,3.5428597927093506,0.0,model,3.5428597927093506
jabref\src\main\java\org\jabref\logic\pdf\search\indexing\IndexingTaskManager.java,4.24022102355957,0.5050603151321411,model,4.24022102355957
jabref\src\main\java\org\jabref\gui\autocompleter\EmptySuggestionProvider.java,1.0002050399780273,0.0,model,1.0002050399780273
jabref\src\main\java\org\jabref\gui\preferences\keybindings\presets\BashKeyBindingPreset.java,2.728738784790039,91.33382415771484,preferences,91.33382415771484
jabref\src\main\java\org\jabref\gui\mergeentries\newmergedialog\cell\HeaderCell.java,1.0002005100250244,0.0,model,1.0002005100250244
jabref\src\test\java\org\jabref\logic\l10n\LanguageTest.java,2.5726633071899414,0.0,model,2.5726633071899414
jabref\src\main\java\org\jabref\logic\exporter\OpenOfficeDocumentCreator.java,5.1043314933776855,0.0,model,5.1043314933776855
jabref\src\main\java\org\jabref\gui\util\RecursiveTreeItem.java,29.66617202758789,0.0,model,29.66617202758789
jabref\src\main\java\org\jabref\gui\desktop\os\DefaultDesktop.java,2.899590492248535,2.9445691108703613,preferences,2.9445691108703613
jabref\src\main\java\org\jabref\model\groups\event\GroupUpdatedEvent.java,95.54071807861328,0.0,model,95.54071807861328
jabref\src\main\java\org\jabref\logic\importer\fetcher\ComplexSearchQuery.java,2.5869839191436768,0.8065444231033325,model,2.5869839191436768
jabref\src\main\java\org\jabref\logic\cleanup\CleanupWorker.java,3.4975452423095703,0.0,model,3.4975452423095703
jabref\src\test\java\org\jabref\logic\importer\fetcher\DoiFetcherTest.java,61.58038330078125,0.0,model,61.58038330078125
jabref\src\main\java\org\jabref\logic\citationkeypattern\CitationKeyPatternPreferences.java,2.4592127799987793,0.6540877223014832,model,2.4592127799987793
jabref\src\main\java\org\jabref\logic\util\io\FileHistory.java,3.3626914024353027,0.42165952920913696,model,3.3626914024353027
jabref\src\main\java\org\jabref\gui\entryeditor\fileannotationtab\FileAnnotationViewModel.java,2.4852428436279297,0.610045313835144,model,2.4852428436279297
jabref\src\test\java\org\jabref\logic\importer\fileformat\PdfMergeMetadataImporterTest.java,4.116837978363037,0.5228927135467529,model,4.116837978363037
jabref\src\main\java\org\jabref\logic\exporter\SaveException.java,2.503580093383789,0.0,model,2.503580093383789
jabref\src\main\java\org\jabref\logic\msbib\MSBibEntryType.java,2.5847010612487793,0.816478431224823,model,2.5847010612487793
jabref\src\main\java\org\jabref\model\openoffice\rangesort\RangeOverlapKind.java,94.32671356201172,0.0,model,94.32671356201172
jabref\src\test\java\org\jabref\model\entry\AuthorTest.java,80.92598724365234,0.0,model,80.92598724365234
jabref\src\main\java\org\jabref\logic\bst\util\BstTextPrefixer.java,2.532467842102051,0.8722357749938965,model,2.532467842102051
jabref\src\main\java\org\jabref\gui\importer\actions\OpenDatabaseAction.java,2.7711379528045654,35.0,preferences,35.0
jabref\src\main\java\org\jabref\logic\undo\AddUndoableActionEvent.java,2.590911626815796,0.0,model,2.590911626815796
jabref\src\main\java\org\jabref\logic\importer\fetcher\isbntobibtex\IsbnFetcher.java,2.4695487022399902,0.0,model,2.4695487022399902
jabref\src\test\java\org\jabref\logic\cleanup\TimeStampToModificationDateTest.java,2.4695487022399902,0.0,model,2.4695487022399902
jabref\src\main\java\org\jabref\logic\importer\fetcher\MrDLibFetcher.java,3.4592127799987793,101.57506561279297,preferences,101.57506561279297
jabref\src\main\java\org\jabref\model\entry\types\BiblatexAPAEntryTypeDefinitions.java,85.21607971191406,0.0,model,85.21607971191406
jabref\src\main\java\org\jabref\model\openoffice\uno\UnoScreenRefresh.java,93.00311279296875,0.0,model,93.00311279296875
jabref\src\main\java\org\jabref\preferences\FilePreferences.java,1.7645822763442993,91.68478393554688,preferences,91.68478393554688
jabref\src\main\java\org\jabref\cli\SystemOutputPrinter.java,1.000205636024475,0.0,model,1.000205636024475
jabref\src\main\java\org\jabref\model\groups\SearchGroup.java,85.26359558105469,0.0,model,85.26359558105469
jabref\src\test\java\org\jabref\logic\importer\fetcher\FulltextFetcherTest.java,2.5649096965789795,0.46443885564804077,model,2.5649096965789795
jabref\src\main\java\org\jabref\gui\preferences\externalfiletypes\EditExternalFileTypeEntryDialog.java,2.81499981880188,90.27467346191406,preferences,90.27467346191406
jabref\src\main\java\org\jabref\gui\actions\ActionFactory.java,24.559133529663086,0.0,model,24.559133529663086
jabref\src\main\java\org\jabref\logic\importer\fileformat\EndnoteXmlImporter.java,6.222084045410156,79.1734619140625,preferences,79.1734619140625
jabref\src\main\java\org\jabref\gui\fieldeditors\DateEditorViewModel.java,2.211869478225708,0.0,model,2.211869478225708
jabref\src\test\java\org\jabref\logic\importer\fetcher\transformers\InfixTransformerTest.java,2.413682460784912,0.0,model,2.413682460784912
jabref\src\main\java\org\jabref\gui\maintable\OpenExternalFileAction.java,3.4475138187408447,36.0,preferences,36.0
jabref\src\main\java\org\jabref\logic\importer\fileformat\mods\Name.java,31.163740158081055,0.0,model,31.163740158081055
jabref\src\main\java\org\jabref\logic\layout\format\ShortMonthFormatter.java,2.5836784839630127,0.0,model,2.5836784839630127
jabref\src\test\java\org\jabref\model\groups\TexGroupTest.java,90.79589080810547,3.203963279724121,model,90.79589080810547
jabref\src\main\java\org\jabref\gui\edit\automaticfiededitor\AutomaticFieldEditorViewModel.java,2.0001983642578125,0.0,model,2.0001983642578125
jabref\src\main\java\org\jabref\gui\preferences\journals\AbbreviationViewModel.java,1.0001710653305054,88.95287322998047,preferences,88.95287322998047
jabref\src\main\java\org\jabref\gui\externalfiles\UnlinkedFilesCrawler.java,3.665161371231079,0.0,model,3.665161371231079
jabref\src\main\java\org\jabref\logic\crawler\Crawler.java,3.122880220413208,35.74525451660156,preferences,35.74525451660156
jabref\src\main\java\org\jabref\gui\fieldeditors\UrlEditorViewModel.java,1.000195860862732,0.0,model,1.000195860862732
jabref\src\test\java\org\jabref\model\entry\field\FieldFactoryTest.java,91.04825592041016,0.0,model,91.04825592041016
jabref\src\main\java\org\jabref\gui\desktop\os\Windows.java,2.7305514812469482,2.007260799407959,model,2.7305514812469482
jabref\src\test\java\org\jabref\logic\shared\DBMSProcessorTest.java,3.6564078330993652,0.0,model,3.6564078330993652
jabref\src\test\java\org\jabref\logic\exporter\FieldFormatterCleanupsTest.java,2.2626450061798096,0.0,model,2.2626450061798096
jabref\src\main\java\org\jabref\model\openoffice\style\CompareCitation.java,91.64327239990234,0.0,model,91.64327239990234
jabref\src\test\java\org\jabref\gui\preferences\keybindings\KeyBindingViewModelTest.java,1.0001920461654663,95.34956359863281,preferences,95.34956359863281
jabref\src\main\java\org\jabref\gui\edit\automaticfiededitor\renamefield\RenameFieldTabView.java,3.194286584854126,0.0,model,3.194286584854126
jabref\src\test\java\org\jabref\logic\util\io\FileHistoryTest.java,3.328639030456543,0.0,model,3.328639030456543
jabref\src\main\java\org\jabref\model\openoffice\uno\UnoCursor.java,90.16651153564453,0.0,model,90.16651153564453
jabref\src\main\java\org\jabref\gui\collab\entrychange\EntryChangeResolver.java,2.000208616256714,0.0,model,2.000208616256714
jabref\src\main\java\org\jabref\logic\importer\fetcher\transformers\GVKQueryTransformer.java,3.2059221267700195,1.8021992444992065,model,3.2059221267700195
jabref\src\main\java\org\jabref\gui\fieldeditors\YesNoEditorViewModel.java,1.0002039670944214,0.0,model,1.0002039670944214
jabref\src\main\java\org\jabref\gui\preferences\journals\JournalAbbreviationsTab.java,1.725414514541626,74.34469604492188,preferences,74.34469604492188
jabref\src\main\java\org\jabref\gui\preferences\xmp\XmpPrivacyTab.java,2.844151735305786,84.9173583984375,preferences,84.9173583984375
jabref\src\test\java\org\jabref\logic\cleanup\MoveFilesCleanupTest.java,4.173487186431885,0.6165255308151245,model,4.173487186431885
jabref\src\test\java\org\jabref\logic\importer\fetcher\ACSTest.java,2.532467842102051,0.0,model,2.532467842102051
jabref\src\main\java\org\jabref\model\entry\field\UnknownField.java,89.10938262939453,0.4350159466266632,model,89.10938262939453
jabref\src\main\java\org\jabref\gui\importer\fetcher\LookupIdentifierAction.java,23.06319808959961,1.0,model,23.06319808959961
jabref\src\main\java\org\jabref\logic\importer\fetcher\GvkFetcher.java,2.5428597927093506,0.0,model,2.5428597927093506
jabref\src\main\java\org\jabref\logic\integrity\BibStringChecker.java,2.550015926361084,0.0,model,2.550015926361084
jabref\src\main\java\org\jabref\gui\auximport\FromAuxDialog.java,2.5036187171936035,88.36553955078125,preferences,88.36553955078125
jabref\src\main\java\org\jabref\logic\formatter\casechanger\SentenceCaseFormatter.java,2.546414375305176,0.0,model,2.546414375305176
jabref\src\test\java\org\jabref\logic\importer\fileformat\PdfContentImporterTest.java,8.027111053466797,1.8978372812271118,model,8.027111053466797
jabref\src\main\java\org\jabref\gui\fieldeditors\LinkedEntriesEditor.java,3.287214994430542,0.0,model,3.287214994430542
jabref\src\main\java\org\jabref\gui\util\ViewModelTreeCellFactory.java,21.14183235168457,0.0,model,21.14183235168457
jabref\src\main\java\org\jabref\migrations\CustomEntryTypePreferenceMigration.java,1.00017511844635,0.0,model,1.00017511844635
jabref\src\test\java\org\jabref\logic\importer\fetcher\OpenAccessDoiTest.java,2.546414375305176,0.0,model,2.546414375305176
jabref\src\main\java\org\jabref\gui\fieldeditors\PaginationEditorViewModel.java,1.0001933574676514,0.0,model,1.0001933574676514
jabref\src\test\java\org\jabref\logic\shared\DBMSConnectionPropertiesTest.java,2.55004620552063,2.629356861114502,preferences,2.629356861114502
jabref\src\main\java\org\jabref\gui\mergeentries\newmergedialog\PersonsNameFieldRowView.java,1.0001908540725708,0.4260196387767792,model,1.0001908540725708
jabref\src\main\java\org\jabref\logic\importer\util\GrobidService.java,34.22043991088867,1.3124281167984009,model,34.22043991088867
jabref\src\main\java\org\jabref\logic\layout\LayoutEntry.java,5.860506057739258,95.2118148803711,preferences,95.2118148803711
jabref\src\main\java\org\jabref\logic\exporter\OpenDocumentRepresentation.java,3.771477222442627,0.29995453357696533,model,3.771477222442627
jabref\src\test\java\org\jabref\logic\protectedterms\ProtectedTermsListTest.java,3.7282516956329346,0.0,model,3.7282516956329346
jabref\src\main\java\org\jabref\logic\importer\Parser.java,3.5836784839630127,0.0,model,3.5836784839630127
jabref\src\main\java\org\jabref\logic\exporter\BibDatabaseWriter.java,18.702585220336914,94.75453186035156,preferences,94.75453186035156
jabref\src\test\java\org\jabref\logic\importer\fetcher\INSPIREFetcherTest.java,2.761460542678833,0.0,model,2.761460542678833
jabref\src\main\java\org\jabref\logic\importer\fileformat\IsiImporter.java,5.692648887634277,0.0,model,5.692648887634277
jabref\src\main\java\org\jabref\logic\layout\format\ReplaceUnicodeLigaturesFormatter.java,3.7332043647766113,1.6989575624465942,model,3.7332043647766113
jabref\src\main\java\org\jabref\gui\push\AbstractPushToApplication.java,3.4223203659057617,82.85590362548828,preferences,82.85590362548828
jabref\src\test\java\org\jabref\logic\citationkeypattern\BracketedPatternTest.java,60.92683792114258,0.22961807250976562,model,60.92683792114258
jabref\src\test\java\org\jabref\logic\formatter\bibtexfields\EscapeDollarSignFormatterTest.java,4.262570858001709,0.0,model,4.262570858001709
jabref\src\main\java\org\jabref\logic\openoffice\frontend\UpdateBibliography.java,2.480360507965088,0.0,model,2.480360507965088
jabref\src\main\java\org\jabref\gui\shared\ConnectToSharedDatabaseCommand.java,1.0002079010009766,0.0,model,1.0002079010009766
jabref\src\main\java\org\jabref\gui\entryeditor\EntryEditor.java,49.69781494140625,36.16975021362305,model,49.69781494140625
jabref\src\test\java\org\jabref\logic\net\URLUtilTest.java,2.5097012519836426,0.0,model,2.5097012519836426
jabref\src\main\java\org\jabref\gui\preferences\linkedfiles\LinkedFilesTabViewModel.java,1.7478042840957642,97.51363372802734,preferences,97.51363372802734
jabref\src\main\java\org\jabref\gui\copyfiles\CopyFilesResultListDependency.java,1.0002082586288452,0.0,model,1.0002082586288452
jabref\src\test\java\org\jabref\logic\formatter\minifier\MinifyNameListFormatterTest.java,2.516005039215088,0.0,model,2.516005039215088
jabref\src\main\java\org\jabref\logic\exporter\OpenDocumentSpreadsheetCreator.java,4.6150078773498535,0.0,model,4.6150078773498535
jabref\src\main\java\org\jabref\model\pdf\FileAnnotation.java,79.63060760498047,0.0,model,79.63060760498047
jabref\src\main\java\org\jabref\gui\entryeditor\EntryEditorPreferences.java,1.0001710653305054,0.6509522795677185,model,1.0001710653305054
jabref\src\main\java\org\jabref\logic\bibtex\FieldContentFormatter.java,2.557363271713257,101.62255096435547,preferences,101.62255096435547
jabref\src\main\java\org\jabref\logic\integrity\FileChecker.java,3.222062110900879,0.0,model,3.222062110900879
jabref\src\main\java\org\jabref\logic\importer\util\GroupsParser.java,5.423221111297607,0.0,model,5.423221111297607
jabref\src\main\java\org\jabref\logic\integrity\BooktitleChecker.java,2.5726633071899414,1.8557066917419434,model,2.5726633071899414
jabref\src\test\java\org\jabref\logic\importer\fileformat\MedlineImporterTest.java,2.5649096965789795,0.0,model,2.5649096965789795
jabref\src\main\java\org\jabref\gui\edit\ManageKeywordsAction.java,1.652219533920288,1.0,model,1.652219533920288
jabref\src\main\java\org\jabref\gui\push\PushToApplication.java,2.000206470489502,0.0,model,2.000206470489502
jabref\src\main\java\org\jabref\gui\maintable\SearchShortScienceAction.java,7.225649356842041,36.0,preferences,36.0
jabref\src\main\java\org\jabref\model\entry\types\UnknownEntryType.java,90.52830505371094,0.0,model,90.52830505371094
jabref\src\test\java\org\jabref\model\database\BibDatabaseModeDetectionTest.java,83.88685607910156,0.0,model,83.88685607910156
jabref\src\test\java\org\jabref\logic\remote\RemotePreferencesTest.java,2.557363271713257,110.12859344482422,preferences,110.12859344482422
jabref\src\main\java\org\jabref\logic\citationstyle\CSLAdapter.java,7.776562690734863,0.0,model,7.776562690734863
jabref\src\main\java\org\jabref\logic\importer\fetcher\transformers\DBLPQueryTransformer.java,2.5649096965789795,0.0,model,2.5649096965789795
jabref\src\main\java\org\jabref\gui\maintable\PersistenceVisualStateTable.java,1.0001860857009888,105.27604675292969,preferences,105.27604675292969
jabref\src\main\java\org\jabref\gui\OpenConsoleAction.java,2.6793956756591797,36.0,preferences,36.0
jabref\src\main\java\org\jabref\gui\preferences\general\GeneralTabViewModel.java,34.64797592163086,84.9173583984375,preferences,84.9173583984375
jabref\src\main\java\org\jabref\gui\shared\SharedDatabaseLoginDialogView.java,4.237462520599365,37.40070724487305,preferences,37.40070724487305
jabref\src\main\java\org\jabref\gui\WaitForSaveFinishedDialog.java,2.1172986030578613,0.0,model,2.1172986030578613
jabref\src\main\java\org\jabref\logic\journals\AbbreviationParser.java,3.1474173069000244,0.0,model,3.1474173069000244
jabref\src\main\java\org\jabref\model\openoffice\util\OOListUtil.java,88.76611328125,0.0,model,88.76611328125
jabref\src\jmh\java\org\jabref\benchmarks\Benchmarks.java,2.3764939308166504,0.7391027808189392,model,2.3764939308166504
jabref\src\main\java\org\jabref\gui\preferences\protectedterms\ProtectedTermsListItemModel.java,1.0002011060714722,97.75852966308594,preferences,97.75852966308594
jabref\src\main\java\org\jabref\logic\importer\PagedSearchBasedParserFetcher.java,2.503549814224243,0.0,model,2.503549814224243
jabref\src\main\java\org\jabref\logic\openoffice\backend\Codec52.java,30.526247024536133,0.35916948318481445,model,30.526247024536133
jabref\src\main\java\org\jabref\gui\preferences\keybindings\KeyBindingsTab.java,2.092043399810791,87.1644058227539,preferences,87.1644058227539
jabref\src\main\java\org\jabref\logic\util\io\CitationKeyBasedFileFinder.java,3.2945995330810547,0.5221285820007324,model,3.2945995330810547
jabref\src\main\java\org\jabref\logic\importer\fileformat\CitaviXmlImporter.java,9.899406433105469,87.35746765136719,preferences,87.35746765136719
jabref\src\main\java\org\jabref\model\entry\identifier\DOI.java,72.24303436279297,1.4138715267181396,model,72.24303436279297
jabref\src\main\java\org\jabref\logic\integrity\FieldCheckers.java,4.097334861755371,0.0,model,4.097334861755371
jabref\src\main\java\org\jabref\logic\importer\fetcher\transformers\DefaultLuceneQueryTransformer.java,2.5630040168762207,0.0,model,2.5630040168762207
jabref\src\main\java\org\jabref\logic\bibtex\comparator\IdComparator.java,3.4068634510040283,0.0,model,3.4068634510040283
jabref\src\test\java\org\jabref\logic\layout\LayoutEntryTest.java,3.028773069381714,0.0,model,3.028773069381714
jabref\src\test\java\org\jabref\logic\bibtex\comparator\BibDatabaseDiffTest.java,6.816849708557129,0.0,model,6.816849708557129
jabref\src\main\java\org\jabref\gui\preferences\externalfiletypes\EditExternalFileTypeViewModel.java,20.163164138793945,91.62516021728516,preferences,91.62516021728516
jabref\src\test\java\org\jabref\logic\importer\ImportFormatReaderParameterlessTest.java,3.2652289867401123,0.0,model,3.2652289867401123
jabref\src\main\java\org\jabref\gui\autocompleter\AppendWordsStrategy.java,1.000199794769287,0.0,model,1.000199794769287
jabref\src\main\java\org\jabref\gui\push\PushToTexmaker.java,1.0002046823501587,35.0,preferences,35.0
jabref\src\main\java\org\jabref\gui\undo\UndoableKeyChange.java,1.000195860862732,0.0,model,1.000195860862732
jabref\src\main\java\org\jabref\logic\formatter\bibtexfields\RemoveBracesFormatter.java,2.5290918350219727,0.0,model,2.5290918350219727
jabref\src\main\java\org\jabref\gui\preferences\keybindings\KeyBindingsTabViewModel.java,3.16205096244812,104.95162200927734,preferences,104.95162200927734
jabref\src\main\java\org\jabref\logic\integrity\PersonNamesChecker.java,3.5290918350219727,0.0,model,3.5290918350219727
jabref\src\test\java\org\jabref\logic\crawler\StudyYamlParserTest.java,3.2066760063171387,0.0,model,3.2066760063171387
jabref\src\test\java\org\jabref\model\entry\MonthTest.java,54.804813385009766,0.3811032176017761,model,54.804813385009766
jabref\src\main\java\org\jabref\preferences\SidePanePreferences.java,1.000197172164917,97.0560531616211,preferences,97.0560531616211
jabref\src\main\java\org\jabref\logic\exporter\BibtexDatabaseWriter.java,35.68898391723633,1.0,model,35.68898391723633
jabref\src\test\java\org\jabref\logic\shared\DBMSTypeTest.java,3.4592127799987793,0.0,model,3.4592127799987793
jabref\src\main\java\org\jabref\gui\util\ViewModelListCellFactory.java,17.496232986450195,0.0,model,17.496232986450195
jabref\src\test\java\org\jabref\logic\formatter\bibtexfields\TrimWhitespaceFormatterTest.java,2.4916818141937256,0.0,model,2.4916818141937256
jabref\src\main\java\org\jabref\model\openoffice\uno\UnoUserDefinedProperty.java,80.2147216796875,1.0,model,80.2147216796875
jabref\src\test\java\org\jabref\logic\bst\util\BstNameFormatterTest.java,4.129500389099121,1.5256989002227783,model,4.129500389099121
jabref\src\main\java\org\jabref\model\openoffice\style\Citation.java,80.95836639404297,0.0,model,80.95836639404297
jabref\src\main\java\org\jabref\gui\preferences\customentrytypes\CustomEntryTypesTab.java,42.29426574707031,69.37122344970703,preferences,69.37122344970703
jabref\src\test\java\org\jabref\logic\importer\fetcher\transformers\CollectionOfComputerScienceBibliographiesQueryTransformerTest.java,2.5290918350219727,0.0,model,2.5290918350219727
jabref\src\test\java\org\jabref\model\database\KeyChangeListenerTest.java,87.20199584960938,0.0,model,87.20199584960938
jabref\src\main\java\org\jabref\model\openoffice\backend\NamedRangeManager.java,92.31498718261719,0.0,model,92.31498718261719
jabref\src\test\java\org\jabref\logic\shared\DBMSSynchronizerTest.java,3.328896999359131,0.0,model,3.328896999359131
jabref\src\main\java\org\jabref\gui\help\AboutDialogViewModel.java,1.0001956224441528,0.5861366987228394,model,1.0001956224441528
jabref\src\test\java\org\jabref\logic\integrity\PagesCheckerBibtexTest.java,3.546414375305176,0.0,model,3.546414375305176
jabref\src\main\java\org\jabref\model\entry\types\IEEETranEntryType.java,90.89496612548828,0.0,model,90.89496612548828
jabref\src\test\java\org\jabref\logic\bst\BstFunctionsTest.java,48.05012512207031,1.1630594730377197,model,48.05012512207031
jabref\src\main\java\org\jabref\gui\preferences\keybindings\KeyBindingViewModel.java,35.49457550048828,87.0265884399414,preferences,87.0265884399414
jabref\src\main\java\org\jabref\logic\importer\FulltextFetchers.java,3.302349090576172,0.4343331456184387,model,3.302349090576172
jabref\src\main\java\org\jabref\logic\integrity\MonthChecker.java,3.5290918350219727,0.41738784313201904,model,3.5290918350219727
jabref\src\main\java\org\jabref\gui\util\ViewModelTextFieldTableCellVisualizationFactory.java,1.8738075494766235,0.0,model,1.8738075494766235
jabref\src\main\java\org\jabref\gui\texparser\ParseLatexAction.java,2.000203847885132,1.0,model,2.000203847885132
jabref\src\main\java\org\jabref\gui\edit\ManageKeywordsDisplayType.java,1.0002135038375854,0.0,model,1.0002135038375854
jabref\src\main\java\org\jabref\logic\journals\JournalAbbreviationPreferences.java,2.5687599182128906,0.4697340428829193,model,2.5687599182128906
jabref\src\main\java\org\jabref\logic\bibtex\comparator\CrossRefEntryComparator.java,2.5726633071899414,0.0,model,2.5726633071899414
jabref\src\main\java\org\jabref\logic\bibtex\comparator\BibEntryDiff.java,2.5836784839630127,0.0,model,2.5836784839630127
jabref\src\main\java\org\jabref\model\openoffice\style\ComparableCitation.java,94.22271728515625,0.0,model,94.22271728515625
jabref\src\test\java\org\jabref\logic\importer\fileformat\CopacImporterTest.java,3.337285280227661,0.0,model,3.337285280227661
jabref\src\main\java\org\jabref\gui\mergeentries\newmergedialog\cell\FieldValueCellViewModel.java,1.000198483467102,0.5921711325645447,model,1.000198483467102
jabref\src\test\java\org\jabref\gui\autocompleter\PersonNameSuggestionProviderTest.java,2.3059263229370117,0.0,model,2.3059263229370117
jabref\src\test\java\org\jabref\logic\importer\fetcher\BvbFetcherTest.java,24.006423950195312,0.7897599339485168,model,24.006423950195312
jabref\src\main\java\org\jabref\logic\importer\fileformat\MedlinePlainImporter.java,52.14469528198242,14.344249725341797,model,52.14469528198242
jabref\src\test\java\org\jabref\logic\util\io\FileNameUniquenessTest.java,3.193668842315674,0.0,model,3.193668842315674
jabref\src\main\java\org\jabref\gui\openoffice\StyleSelectDialogView.java,2.3383548259735107,35.0,preferences,35.0
jabref\src\main\java\org\jabref\gui\importer\actions\MergeReviewIntoCommentConfirmationDialog.java,2.5602731704711914,0.0,model,2.5602731704711914
jabref\src\main\java\org\jabref\logic\net\ProxyRegisterer.java,3.057940721511841,0.0,model,3.057940721511841
jabref\src\main\java\org\jabref\gui\importer\fetcher\WebSearchPaneView.java,3.655827283859253,100.33322143554688,preferences,100.33322143554688
jabref\src\main\java\org\jabref\gui\autocompleter\SuggestionProviders.java,2.0001933574676514,0.4350159466266632,model,2.0001933574676514
jabref\src\main\java\org\jabref\logic\formatter\bibtexfields\UnitsToLatexFormatter.java,13.644161224365234,0.0,model,13.644161224365234
jabref\src\test\java\org\jabref\logic\l10n\LocalizationTest.java,5.529751777648926,76.1256103515625,preferences,76.1256103515625
jabref\src\main\java\org\jabref\gui\fieldeditors\FieldEditors.java,4.640509605407715,106.97840881347656,preferences,106.97840881347656
jabref\src\main\java\org\jabref\logic\citationstyle\CitationStyle.java,27.828834533691406,1.806961178779602,model,27.828834533691406
jabref\src\test\java\org\jabref\logic\layout\format\AuthorFirstAbbrLastCommasTest.java,2.5290918350219727,0.0,model,2.5290918350219727
jabref\src\main\java\org\jabref\logic\net\ssl\SSLPreferences.java,2.58778977394104,0.0,model,2.58778977394104
jabref\src\main\java\org\jabref\gui\autocompleter\ContentSelectorSuggestionProvider.java,1.0002018213272095,0.0,model,1.0002018213272095
jabref\src\test\java\org\jabref\logic\bst\util\BstPurifierTest.java,3.7724838256835938,2.145395040512085,model,3.7724838256835938
jabref\src\test\java\org\jabref\model\groups\SearchGroupTest.java,84.82823181152344,0.0,model,84.82823181152344
jabref\src\main\java\org\jabref\preferences\JabRefPreferences.java,12.963374137878418,102.81623840332031,preferences,102.81623840332031
jabref\src\test\java\org\jabref\logic\importer\fetcher\CollectionOfComputerScienceBibliographiesParserTest.java,2.516005039215088,0.9289470911026001,model,2.516005039215088
jabref\src\main\java\org\jabref\gui\preview\PreviewPanel.java,67.84198760986328,89.5754165649414,preferences,89.5754165649414
jabref\src\main\java\org\jabref\migrations\MergeReviewIntoCommentMigration.java,1.0001672506332397,1.0,model,1.0001672506332397
jabref\src\main\java\org\jabref\gui\search\SearchDisplayMode.java,1.0002025365829468,0.0,model,1.0002025365829468
jabref\src\test\java\org\jabref\logic\importer\fileformat\PdfXmpImporterTest.java,7.329888343811035,1.2590761184692383,model,7.329888343811035
jabref\src\main\java\org\jabref\logic\importer\fileformat\PdfVerbatimBibTextImporter.java,5.410914897918701,0.9069089293479919,model,5.410914897918701
jabref\src\main\java\org\jabref\model\entry\KeywordList.java,75.6846923828125,0.28082817792892456,model,75.6846923828125
jabref\src\main\java\org\jabref\gui\undo\UndoableInsertString.java,1.0002005100250244,0.0,model,1.0002005100250244
jabref\src\main\java\org\jabref\logic\importer\fileformat\medline\MeshHeading.java,2.5930113792419434,0.0,model,2.5930113792419434
jabref\src\test\java\org\jabref\logic\journals\AbbreviationsTest.java,2.5756258964538574,0.0,model,2.5756258964538574
jabref\src\test\java\org\jabref\logic\l10n\JavaLocalizationEntryParserTest.java,37.38024139404297,82.4568099975586,preferences,82.4568099975586
jabref\src\test\java\org\jabref\logic\importer\fileformat\MedlineImporterFilesTest.java,2.516005039215088,0.0,model,2.516005039215088
jabref\src\main\java\org\jabref\model\openoffice\style\CitedKeys.java,87.92127227783203,0.0,model,87.92127227783203
jabref\src\test\java\org\jabref\logic\bst\util\BstWidthCalculatorTest.java,3.677198886871338,1.830133080482483,model,3.677198886871338
jabref\src\main\java\org\jabref\logic\texparser\LatexParser.java,3.3255412578582764,0.0,model,3.3255412578582764
jabref\src\main\java\org\jabref\gui\openoffice\DetectOpenOfficeInstallation.java,20.742984771728516,0.6941341161727905,model,20.742984771728516
jabref\src\main\java\org\jabref\logic\autosaveandbackup\BackupManager.java,5.796713352203369,97.82793426513672,preferences,97.82793426513672
jabref\src\main\java\org\jabref\logic\importer\fetcher\SpringerFetcher.java,5.115550518035889,1.0,model,5.115550518035889
jabref\src\main\java\org\jabref\model\util\TreeCollector.java,109.0772705078125,0.34706705808639526,model,109.0772705078125
jabref\src\main\java\org\jabref\gui\undo\UndoableInsertEntries.java,2.0001814365386963,0.0,model,2.0001814365386963
jabref\src\main\java\org\jabref\gui\groups\GroupDialogHeader.java,1.0002135038375854,0.0,model,1.0002135038375854
jabref\src\main\java\org\jabref\logic\formatter\bibtexfields\EscapeUnderscoresFormatter.java,2.570704936981201,0.0,model,2.570704936981201
jabref\src\main\java\org\jabref\gui\actions\ActionHelper.java,2.4121451377868652,36.0,preferences,36.0
jabref\src\main\java\org\jabref\logic\formatter\bibtexfields\RemoveHyphenatedNewlinesFormatter.java,3.2938857078552246,0.6812981367111206,model,3.2938857078552246
jabref\src\main\java\org\jabref\logic\importer\util\MetaDataParser.java,5.638911724090576,2.725310802459717,model,5.638911724090576
jabref\src\main\java\org\jabref\logic\util\io\XMLUtil.java,64.25682067871094,3.0311622619628906,model,64.25682067871094
jabref\src\main\java\org\jabref\gui\importer\GrobidOptInDialogHelper.java,1.000211477279663,105.50042724609375,preferences,105.50042724609375
jabref\src\main\java\org\jabref\gui\sidepane\SidePaneViewModel.java,1.0001389980316162,35.0,preferences,35.0
jabref\src\main\java\org\jabref\logic\exporter\ExporterFactory.java,2.3904545307159424,35.441776275634766,preferences,35.441776275634766
jabref\src\test\java\org\jabref\logic\pdf\search\retrieval\PdfSearcherTest.java,4.403934001922607,0.0,model,4.403934001922607
jabref\src\main\java\org\jabref\model\openoffice\rangesort\RangeOverlap.java,93.00311279296875,0.0,model,93.00311279296875
jabref\src\main\java\org\jabref\logic\citationstyle\CitationStylePreviewLayout.java,3.5630040168762207,0.0,model,3.5630040168762207
jabref\src\main\java\org\jabref\model\openoffice\style\CompareCitedKey.java,89.45714569091797,0.0,model,89.45714569091797
jabref\src\main\java\org\jabref\logic\openoffice\backend\Backend52.java,5.894469261169434,1.4724323749542236,model,5.894469261169434
jabref\src\main\java\org\jabref\preferences\PreferencesFilter.java,1.0001710653305054,104.21916198730469,preferences,104.21916198730469
jabref\src\test\java\org\jabref\logic\journals\JournalAbbreviationRepositoryTest.java,2.9847846031188965,0.3297784626483917,model,2.9847846031188965
jabref\src\main\java\org\jabref\logic\importer\fetcher\isbntobibtex\OpenLibraryIsbnFetcher.java,3.082705497741699,1.0,model,3.082705497741699
jabref\src\test\java\org\jabref\migrations\ConvertMarkingToGroupsTest.java,1.000195860862732,0.0,model,1.000195860862732
jabref\src\test\java\org\jabref\logic\integrity\PersonNamesCheckerTest.java,3.9093403816223145,0.0,model,3.9093403816223145
jabref\src\main\java\org\jabref\model\search\rules\SearchRules.java,90.52830505371094,0.0,model,90.52830505371094
jabref\src\main\java\org\jabref\gui\collab\DatabaseChangeMonitor.java,4.188586235046387,35.0,preferences,35.0
jabref\src\main\java\org\jabref\logic\xmp\XmpUtilWriter.java,4.759133338928223,0.38244783878326416,model,4.759133338928223
jabref\src\test\java\org\jabref\logic\bibtex\comparator\BibStringDiffTest.java,2.4056386947631836,0.0,model,2.4056386947631836
jabref\src\main\java\org\jabref\logic\shared\DatabaseLocation.java,3.599400758743286,0.0,model,3.599400758743286
jabref\src\test\java\org\jabref\logic\bibtex\comparator\GroupDiffTest.java,3.264091968536377,0.0,model,3.264091968536377
jabref\src\main\java\org\jabref\gui\libraryproperties\saving\SavingPropertiesView.java,2.0001883506774902,35.0,preferences,35.0
jabref\src\main\java\org\jabref\gui\desktop\JabRefDesktop.java,4.291321754455566,67.62818145751953,preferences,67.62818145751953
jabref\src\main\java\org\jabref\gui\documentviewer\DocumentPageViewModel.java,1.0002119541168213,0.0,model,1.0002119541168213
jabref\src\main\java\org\jabref\logic\layout\StringInt.java,3.219980478286743,0.0,model,3.219980478286743
jabref\src\main\java\org\jabref\gui\util\FileFilterConverter.java,2.1262009143829346,0.0,model,2.1262009143829346
jabref\src\test\java\org\jabref\model\search\rules\GrammarBasedSearchRuleTest.java,77.2904052734375,0.0,model,77.2904052734375
jabref\src\main\java\org\jabref\logic\shared\DBMSProcessor.java,8.445557594299316,0.4675867259502411,model,8.445557594299316
jabref\src\main\java\org\jabref\gui\util\BindingsHelper.java,19.304094314575195,0.0,model,19.304094314575195
jabref\buildSrc\src\copied\java\org\jabref\logic\journals\JournalAbbreviationPreferences.java,2.570704936981201,0.0,model,2.570704936981201
jabref\src\test\java\org\jabref\logic\layout\format\FirstPageTest.java,2.5649096965789795,0.0,model,2.5649096965789795
jabref\src\main\java\org\jabref\logic\layout\format\CreateDocBook5Editors.java,2.5726633071899414,0.0,model,2.5726633071899414
jabref\src\main\java\org\jabref\gui\util\CustomRatingSkin.java,25.187259674072266,0.0,model,25.187259674072266
jabref\src\main\java\org\jabref\gui\preferences\keybindings\presets\NewEntryBindingPreset.java,2.785065174102783,91.62516021728516,preferences,91.62516021728516
jabref\src\main\java\org\jabref\gui\edit\ReplaceStringView.java,3.7429068088531494,0.0,model,3.7429068088531494
jabref\src\main\java\org\jabref\gui\util\component\TemporalAccessorPicker.java,4.575984477996826,0.5498274564743042,model,4.575984477996826
jabref\src\main\java\org\jabref\model\entry\field\FieldFactory.java,70.78074645996094,0.6039732694625854,model,70.78074645996094
jabref\src\main\java\org\jabref\model\openoffice\rangesort\RangeSortVisual.java,80.92598724365234,0.0,model,80.92598724365234
jabref\src\test\java\org\jabref\gui\mergeentries\FieldRowViewModelTest.java,2.1980533599853516,0.6487327814102173,model,2.1980533599853516
jabref\src\main\java\org\jabref\gui\actions\StandardActions.java,15.886427879333496,53.077476501464844,preferences,53.077476501464844
jabref\src\main\java\org\jabref\logic\importer\fetcher\CollectionOfComputerScienceBibliographiesFetcher.java,4.053117275238037,0.0,model,4.053117275238037
jabref\src\main\java\org\jabref\gui\specialfields\SpecialFieldAction.java,1.0001566410064697,36.31520462036133,preferences,36.31520462036133
jabref\src\main\java\org\jabref\logic\importer\fetcher\IacrEprintFetcher.java,4.908855438232422,0.0,model,4.908855438232422
jabref\src\main\java\org\jabref\model\groups\WordKeywordGroup.java,75.19918823242188,0.5272083282470703,model,75.19918823242188
jabref\src\main\java\org\jabref\model\openoffice\style\CitationPath.java,93.50501251220703,0.0,model,93.50501251220703
jabref\src\main\java\org\jabref\gui\util\component\Tag.java,2.354457378387451,0.4304707944393158,model,2.354457378387451
jabref\src\main\java\org\jabref\model\database\KeyCollisionException.java,93.80479431152344,0.0,model,93.80479431152344
jabref\src\main\java\org\jabref\gui\texparser\ParseLatexDialogView.java,3.023098945617676,35.0,preferences,35.0
jabref\src\main\java\org\jabref\gui\auximport\AuxParserResultViewModel.java,1.0001792907714844,0.0,model,1.0001792907714844
jabref\src\test\java\org\jabref\gui\util\ColorUtilTest.java,1.0001837015151978,0.0,model,1.0001837015151978
jabref\src\main\java\org\jabref\logic\l10n\LocalizationLocator.java,2.594066619873047,0.0,model,2.594066619873047
jabref\src\test\java\org\jabref\logic\texparser\TexBibEntriesResolverTest.java,4.123745441436768,0.23054268956184387,model,4.123745441436768
jabref\src\main\java\org\jabref\cli\ArgumentProcessor.java,28.308244705200195,77.56044006347656,preferences,77.56044006347656
jabref\src\main\java\org\jabref\logic\preferences\OwnerPreferences.java,2.557363271713257,97.51233673095703,preferences,97.51233673095703
jabref\src\main\java\org\jabref\cli\Launcher.java,22.765371322631836,108.32707977294922,preferences,108.32707977294922
jabref\src\test\java\org\jabref\logic\exporter\XmpPdfExporterTest.java,4.802905082702637,0.0,model,4.802905082702637
jabref\src\main\java\org\jabref\preferences\AppearancePreferences.java,1.000195860862732,96.6904525756836,preferences,96.6904525756836
jabref\src\main\java\org\jabref\model\util\MultiKeyMap.java,88.42726135253906,0.0,model,88.42726135253906
jabref\src\main\java\org\jabref\logic\importer\QueryParser.java,2.557363271713257,0.4541987180709839,model,2.557363271713257
jabref\src\main\java\org\jabref\gui\importer\ImportAction.java,2.808262586593628,35.665767669677734,preferences,35.665767669677734
jabref\src\test\java\org\jabref\logic\TypedBibEntryTest.java,2.4975452423095703,0.0,model,2.4975452423095703
jabref\src\test\java\org\jabref\logic\importer\fetcher\GrobidCitationFetcherTest.java,4.621288299560547,0.0,model,4.621288299560547
jabref\src\test\java\org\jabref\model\entry\CrossrefTest.java,56.39716720581055,24.874919891357422,model,56.39716720581055
jabref\src\test\java\org\jabref\logic\importer\fetcher\ScienceDirectTest.java,2.4975452423095703,0.0,model,2.4975452423095703
jabref\src\main\java\org\jabref\gui\util\ValueTableCellFactory.java,23.126216888427734,0.0,model,23.126216888427734
jabref\src\test\java\org\jabref\logic\importer\fetcher\CollectionOfComputerScienceBibliographiesFetcherTest.java,47.66718292236328,2.561923027038574,model,47.66718292236328
jabref\src\main\java\org\jabref\gui\util\uithreadaware\UiThreadListChangeListener.java,1.0002025365829468,0.0,model,1.0002025365829468
jabref\src\main\java\org\jabref\logic\layout\format\Number.java,2.588826894760132,0.0,model,2.588826894760132
jabref\src\main\java\org\jabref\gui\groups\GroupViewMode.java,1.0002135038375854,0.0,model,1.0002135038375854
jabref\src\test\java\org\jabref\logic\importer\WebFetchersTest.java,5.735121726989746,0.6244101524353027,model,5.735121726989746
jabref\src\test\java\org\jabref\testutils\category\FetcherTest.java,1.0002096891403198,0.0,model,1.0002096891403198
jabref\src\main\java\org\jabref\gui\fieldeditors\SimpleEditor.java,1.0001860857009888,101.7586669921875,preferences,101.7586669921875
jabref\src\main\java\org\jabref\logic\importer\fetcher\BvbFetcher.java,2.546414375305176,0.0,model,2.546414375305176
jabref\src\main\java\org\jabref\logic\formatter\casechanger\TitleCaseFormatter.java,3.166476249694824,0.6654401421546936,model,3.166476249694824
jabref\src\test\java\org\jabref\logic\l10n\LocalizationKeyParamsTest.java,49.648765563964844,0.0,model,49.648765563964844
jabref\src\test\java\org\jabref\logic\integrity\ISBNCheckerTest.java,2.516005039215088,0.0,model,2.516005039215088
jabref\src\main\java\org\jabref\logic\importer\util\MediaTypes.java,2.588826894760132,0.0,model,2.588826894760132
jabref\src\main\java\org\jabref\logic\importer\fetcher\OpenAccessDoi.java,3.630528450012207,0.0,model,3.630528450012207
jabref\src\main\java\org\jabref\logic\openoffice\action\EditInsert.java,4.509995460510254,2.5176548957824707,model,4.509995460510254
jabref\src\main\java\org\jabref\logic\openoffice\NoDocumentFoundException.java,2.5919597148895264,0.0,model,2.5919597148895264
jabref\src\test\java\org\jabref\logic\importer\ImportFormatReaderIntegrationTest.java,7.659488201141357,0.5569824576377869,model,7.659488201141357
jabref\src\main\java\org\jabref\logic\protectedterms\ProtectedTermsList.java,3.093961238861084,0.0,model,3.093961238861084
jabref\src\test\java\org\jabref\logic\integrity\MonthCheckerTest.java,4.864147663116455,0.0,model,4.864147663116455
jabref\src\main\java\org\jabref\logic\shared\exception\OfflineLockException.java,5.693988800048828,0.0,model,5.693988800048828
jabref\src\main\java\org\jabref\gui\fieldeditors\MonthEditorViewModel.java,2.0001933574676514,0.0,model,2.0001933574676514
jabref\src\main\java\org\jabref\gui\DragAndDropHelper.java,1.5756884813308716,0.0,model,1.5756884813308716
jabref\src\main\java\org\jabref\logic\journals\AbbreviationFormat.java,2.5836784839630127,0.0,model,2.5836784839630127
jabref\src\test\java\org\jabref\logic\xmp\XmpUtilWriterTest.java,3.9692459106445312,0.0,model,3.9692459106445312
jabref\src\test\java\org\jabref\gui\groups\GroupNodeViewModelTest.java,72.75346374511719,35.0,model,72.75346374511719
jabref\src\test\java\org\jabref\gui\autocompleter\ContentSelectorSuggestionProviderTest.java,2.0001473426818848,0.0,model,2.0001473426818848
jabref\src\test\java\org\jabref\logic\importer\BibDatabaseFilesTest.java,2.5464303493499756,0.7293499112129211,model,2.5464303493499756
jabref\src\main\java\org\jabref\model\openoffice\backend\NamedRange.java,91.45429229736328,0.0,model,91.45429229736328
jabref\src\main\java\org\jabref\logic\bibtex\comparator\GroupDiff.java,2.557363271713257,0.0,model,2.557363271713257
jabref\src\main\java\org\jabref\cli\JabRefCLI.java,4.054745197296143,73.384765625,preferences,73.384765625
jabref\src\test\java\org\jabref\logic\cleanup\RenamePdfCleanupTest.java,3.2457222938537598,0.4658665657043457,model,3.2457222938537598
jabref\src\main\java\org\jabref\gui\search\GlobalSearchBar.java,10.520406723022461,36.0,preferences,36.0
jabref\src\main\java\org\jabref\gui\collab\DatabaseChangeListener.java,2.0002126693725586,0.0,model,2.0002126693725586
jabref\src\test\java\org\jabref\logic\layout\format\RTFCharsTest.java,6.459208011627197,0.6873944997787476,model,6.459208011627197
jabref\src\main\java\org\jabref\logic\cleanup\FieldFormatterCleanup.java,2.4695487022399902,0.34706705808639526,model,2.4695487022399902
jabref\src\test\java\org\jabref\gui\util\ControlHelperTest.java,1.0001860857009888,0.0,model,1.0001860857009888
jabref\src\main\java\org\jabref\model\openoffice\uno\UnoProperties.java,84.67613220214844,0.0,model,84.67613220214844
jabref\src\main\java\org\jabref\logic\util\UpdateField.java,2.44932222366333,0.0,model,2.44932222366333
jabref\src\main\java\org\jabref\gui\autocompleter\AutoCompletionStrategy.java,1.0002130270004272,0.0,model,1.0002130270004272
jabref\src\main\java\org\jabref\model\openoffice\style\ComparableCitedKey.java,94.22271728515625,0.0,model,94.22271728515625
jabref\src\test\java\org\jabref\logic\formatter\casechanger\LowerCaseFormatterTest.java,2.550015926361084,1.629356861114502,model,2.550015926361084
jabref\src\main\java\org\jabref\gui\preferences\nameformatter\NameFormatterTab.java,3.0321552753448486,83.86489868164062,preferences,83.86489868164062
jabref\src\test\java\org\jabref\logic\importer\fetcher\PagedSearchFetcherTest.java,2.5687599182128906,0.0,model,2.5687599182128906
jabref\src\main\java\org\jabref\logic\layout\format\ToUpperCase.java,2.588826894760132,0.0,model,2.588826894760132
jabref\src\main\java\org\jabref\logic\formatter\casechanger\UnprotectTermsFormatter.java,5.0975871086120605,0.0,model,5.0975871086120605
jabref\src\main\java\org\jabref\gui\help\SearchForUpdateAction.java,1.00020432472229,0.0,model,1.00020432472229
jabref\src\main\java\org\jabref\model\entry\EntryLinkList.java,91.89496612548828,0.0,model,91.89496612548828
jabref\src\main\java\org\jabref\logic\shared\DBMSConnectionProperties.java,3.4056386947631836,2.8236193656921387,model,3.4056386947631836
jabref\src\main\java\org\jabref\model\entry\field\InternalField.java,88.60965728759766,0.41738784313201904,model,88.60965728759766
jabref\src\test\java\org\jabref\logic\importer\util\JsonReaderTest.java,2.546414375305176,0.0,model,2.546414375305176
jabref\src\main\java\org\jabref\model\entry\BibEntryType.java,118.23492431640625,0.6307833790779114,model,118.23492431640625
jabref\src\test\java\org\jabref\logic\formatter\bibtexfields\RemoveNewlinesFormatterTest.java,2.5428597927093506,0.0,model,2.5428597927093506
jabref\src\main\java\org\jabref\logic\TypedBibEntry.java,51.07221984863281,0.0,model,51.07221984863281
jabref\src\main\java\org\jabref\preferences\ExternalApplicationsPreferences.java,1.0001815557479858,92.25382232666016,preferences,92.25382232666016
jabref\src\main\java\org\jabref\gui\fieldeditors\FieldEditorFX.java,1.0002070665359497,0.0,model,1.0002070665359497
jabref\src\main\java\org\jabref\gui\journals\AbbreviateAction.java,4.290181636810303,1.2808282375335693,model,4.290181636810303
jabref\src\main\java\org\jabref\gui\importer\actions\MergeReviewIntoCommentAction.java,1.0002005100250244,1.0,model,1.0002005100250244
jabref\src\main\java\org\jabref\logic\layout\format\CompositeFormat.java,2.5649096965789795,0.0,model,2.5649096965789795
jabref\src\main\java\org\jabref\logic\shared\exception\NotASharedDatabaseException.java,3.5919597148895264,0.0,model,3.5919597148895264
jabref\src\main\java\org\jabref\model\study\QueryResult.java,93.3031997680664,0.0,model,93.3031997680664
jabref\src\main\java\org\jabref\model\entry\identifier\ARK.java,91.64327239990234,0.0,model,91.64327239990234
jabref\src\main\java\org\jabref\gui\icon\JabRefIkonHandler.java,1.000203251838684,0.0,model,1.000203251838684
jabref\src\main\java\org\jabref\logic\util\io\AutoLinkPreferences.java,2.5224664211273193,0.5650973320007324,model,2.5224664211273193
jabref\src\main\java\org\jabref\model\entry\types\BiblatexEntryTypeDefinitions.java,49.40837097167969,14.083744049072266,model,49.40837097167969
jabref\src\main\java\org\jabref\logic\openoffice\frontend\RangeForOverlapCheck.java,2.5630040168762207,0.0,model,2.5630040168762207
jabref\src\test\java\org\jabref\logic\search\SearchQueryTest.java,2.630849838256836,0.0,model,2.630849838256836
jabref\src\main\java\org\jabref\gui\entryeditor\SourceTab.java,45.86034393310547,2.222346782684326,model,45.86034393310547
jabref\src\main\java\org\jabref\gui\collab\DatabaseChangeDetailsView.java,2.0002095699310303,0.0,model,2.0002095699310303
jabref\src\main\java\org\jabref\logic\formatter\bibtexfields\NormalizeEnDashesFormatter.java,37.564910888671875,0.0,model,37.564910888671875
jabref\src\main\java\org\jabref\gui\documentviewer\DocumentViewerViewModel.java,2.757188320159912,35.580711364746094,preferences,35.580711364746094
jabref\src\main\java\org\jabref\gui\fieldeditors\contextmenu\EditorMenus.java,2.458847999572754,0.0,model,2.458847999572754
jabref\src\main\java\org\jabref\model\openoffice\rangesort\RangeSort.java,85.15633392333984,0.0,model,85.15633392333984
jabref\src\main\java\org\jabref\logic\util\strings\HTMLUnicodeConversionMaps.java,5.127527713775635,1.2458007335662842,model,5.127527713775635
jabref\src\main\java\org\jabref\logic\formatter\bibtexfields\NormalizeDateFormatter.java,3.7787675857543945,0.0,model,3.7787675857543945
jabref\src\main\java\org\jabref\gui\backup\BackupResolverDialog.java,2.7193055152893066,1.3566511869430542,model,2.7193055152893066
jabref\src\main\java\org\jabref\logic\importer\fetcher\transformers\AbstractQueryTransformer.java,2.4056386947631836,0.0,model,2.4056386947631836
jabref\src\main\java\org\jabref\gui\bibtexextractor\ExtractBibtexAction.java,1.0002018213272095,36.0,preferences,36.0
jabref\src\main\java\org\jabref\gui\help\ErrorConsoleAction.java,1.0002100467681885,0.0,model,1.0002100467681885
jabref\src\main\java\org\jabref\gui\preferences\external\ExternalTab.java,1.0001672506332397,87.1644058227539,preferences,87.1644058227539
jabref\src\main\java\org\jabref\logic\exporter\MetaDataSerializer.java,31.62188148498535,2.389817714691162,model,31.62188148498535
jabref\src\main\java\org\jabref\logic\layout\format\AuthorFirstFirstCommas.java,2.590911626815796,0.0,model,2.590911626815796
jabref\src\test\java\org\jabref\gui\util\FileDialogConfigurationTest.java,1.7208738327026367,0.0,model,1.7208738327026367
jabref\src\main\java\org\jabref\gui\mergeentries\newmergedialog\cell\FieldNameCell.java,2.3259389400482178,0.0,model,2.3259389400482178
jabref\src\main\java\org\jabref\gui\keyboard\KeyBindingCategory.java,1.0002005100250244,0.0,model,1.0002005100250244
jabref\src\main\java\org\jabref\model\entry\field\AMSField.java,87.11425018310547,0.40909889340400696,model,87.11425018310547
jabref\src\main\java\org\jabref\logic\layout\format\MarkdownFormatter.java,24.433032989501953,0.0,model,24.433032989501953
jabref\src\main\java\org\jabref\logic\l10n\Language.java,2.4695487022399902,1.439375877380371,model,2.4695487022399902
jabref\src\test\java\org\jabref\logic\l10n\LocalizationEntry.java,3.34135365486145,0.0,model,3.34135365486145
jabref\src\main\java\org\jabref\gui\maintable\MainTable.java,127.89479064941406,35.544273376464844,model,127.89479064941406
jabref\src\main\java\org\jabref\logic\importer\fetcher\INSPIREFetcher.java,2.480360507965088,88.36553955078125,preferences,88.36553955078125
jabref\src\main\java\org\jabref\gui\openoffice\StyleSelectItemViewModel.java,23.243375778198242,0.4567162096500397,model,23.243375778198242
jabref\src\test\java\org\jabref\gui\libraryproperties\contentselectors\ContentSelectorViewModelTest.java,2.000138998031616,0.5783376693725586,model,2.000138998031616
jabref\src\main\java\org\jabref\logic\l10n\LocalizationKey.java,2.5649096965789795,0.0,model,2.5649096965789795
jabref\src\main\java\org\jabref\logic\xmp\DocumentInformationExtractor.java,2.503549814224243,0.9124122262001038,model,2.503549814224243
jabref\src\test\java\org\jabref\logic\importer\fetcher\CompositeIdFetcherTest.java,87.48345947265625,2.541205406188965,model,87.48345947265625
jabref\src\main\java\org\jabref\gui\preferences\appearance\AppearanceTabViewModel.java,1.3764939308166504,100.8477783203125,preferences,100.8477783203125
jabref\src\main\java\org\jabref\logic\cleanup\TimeStampToCreationDate.java,4.116905689239502,0.0,model,4.116905689239502
jabref\src\test\java\org\jabref\logic\formatter\bibtexfields\AddBracesFormatterTest.java,2.5097012519836426,0.0,model,2.5097012519836426
jabref\src\test\java\org\jabref\logic\layout\format\LastPageTest.java,2.5630040168762207,0.0,model,2.5630040168762207
jabref\src\main\java\org\jabref\logic\bibtex\comparator\BibDatabaseDiff.java,36.28396224975586,1.6990807056427002,model,36.28396224975586
jabref\src\main\java\org\jabref\model\entry\BibtexString.java,82.43049621582031,0.0,model,82.43049621582031
jabref\src\main\java\org\jabref\model\openoffice\uno\UnoBookmark.java,86.48210906982422,0.0,model,86.48210906982422
jabref\src\main\java\org\jabref\gui\undo\UndoableChangeType.java,1.0001908540725708,0.0,model,1.0001908540725708
jabref\src\test\java\org\jabref\logic\search\DatabaseSearcherTest.java,3.3904545307159424,0.0,model,3.3904545307159424
jabref\src\main\java\org\jabref\gui\JabRefFrame.java,9.72610855102539,45.16148376464844,preferences,45.16148376464844
jabref\src\main\java\org\jabref\model\entry\BibEntryTypeBuilder.java,80.92598724365234,0.5498274564743042,model,80.92598724365234
jabref\src\test\java\org\jabref\logic\importer\QueryParserTest.java,2.44932222366333,0.0,model,2.44932222366333
jabref\src\main\java\org\jabref\gui\collab\stringdelete\BibTexStringDelete.java,4.206510066986084,0.0,model,4.206510066986084
jabref\src\main\java\org\jabref\gui\externalfiles\ChainedFilters.java,1.761451244354248,0.0,model,1.761451244354248
jabref\src\main\java\org\jabref\gui\errorconsole\LogEventViewModel.java,1.1501569747924805,0.0,model,1.1501569747924805
jabref\src\main\java\org\jabref\gui\entryeditor\fileannotationtab\FileAnnotationTabViewModel.java,3.7712879180908203,0.34706705808639526,model,3.7712879180908203
jabref\src\test\java\org\jabref\logic\importer\fileformat\ModsImporterFilesTest.java,24.433032989501953,0.0,model,24.433032989501953
jabref\src\test\java\org\jabref\logic\importer\fetcher\transformers\YearAndYearRangeByFilteringQueryTransformerTest.java,2.5611112117767334,0.0,model,2.5611112117767334
jabref\src\test\java\org\jabref\logic\autosaveandbackup\BackupManagerTest.java,4.741001129150391,1.0516752004623413,model,4.741001129150391
jabref\src\main\java\org\jabref\preferences\ImportExportPreferences.java,1.8005810976028442,90.89789581298828,preferences,90.89789581298828
jabref\src\main\java\org\jabref\gui\importer\ImportCustomEntryTypesDialog.java,45.67844009399414,35.0,model,45.67844009399414
jabref\src\main\java\org\jabref\logic\layout\format\CurrentDate.java,2.5796241760253906,0.0,model,2.5796241760253906
jabref\src\main\java\org\jabref\model\entry\identifier\ISSN.java,87.7624282836914,0.0,model,87.7624282836914
jabref\src\main\java\org\jabref\logic\bst\BstPreviewLayout.java,5.2896318435668945,0.7960433959960938,model,5.2896318435668945
jabref\src\main\java\org\jabref\logic\JabRefException.java,2.5592310428619385,0.0,model,2.5592310428619385
jabref\src\main\java\org\jabref\logic\importer\fileformat\PicaXmlParser.java,30.09231948852539,0.0,model,30.09231948852539
jabref\src\main\java\org\jabref\gui\externalfiles\ImportHandler.java,19.78157615661621,35.301475524902344,preferences,35.301475524902344
jabref\src\main\java\org\jabref\logic\importer\fetcher\TitleFetcher.java,2.546414375305176,103.4847640991211,preferences,103.4847640991211
jabref\src\main\java\org\jabref\gui\copyfiles\CopyFilesDialogViewModel.java,1.000207543373108,0.0,model,1.000207543373108
jabref\src\main\java\org\jabref\gui\util\ViewModelTableRowFactory.java,3.9791696071624756,0.0,model,3.9791696071624756
jabref\src\test\java\org\jabref\logic\importer\fetcher\MedraTest.java,2.779477596282959,0.0,model,2.779477596282959
jabref\src\main\java\org\jabref\logic\importer\fetcher\GrobidCitationFetcher.java,2.4975452423095703,0.0,model,2.4975452423095703
jabref\src\main\java\org\jabref\model\openoffice\rangesort\RangeSortable.java,93.91294860839844,0.0,model,93.91294860839844
jabref\src\main\java\org\jabref\logic\integrity\ISSNChecker.java,2.5649096965789795,0.0,model,2.5649096965789795
jabref\src\main\java\org\jabref\model\pdf\search\SearchFieldConstants.java,93.57730865478516,0.0,model,93.57730865478516
jabref\src\main\java\org\jabref\gui\specialfields\SpecialFieldMenuItemFactory.java,1.00017511844635,35.0,preferences,35.0
jabref\src\test\java\org\jabref\logic\pdf\PdfAnnotationImporterTest.java,3.0153605937957764,0.0,model,3.0153605937957764
jabref\src\test\java\org\jabref\logic\layout\format\ToUpperCaseTest.java,2.557363271713257,0.0,model,2.557363271713257
jabref\src\main\java\org\jabref\model\texparser\LatexBibEntriesResolverResult.java,89.09774017333984,0.4260196387767792,model,89.09774017333984
jabref\src\main\java\org\jabref\preferences\BibEntryPreferences.java,1.000207543373108,100.21971130371094,preferences,100.21971130371094
jabref\src\main\java\org\jabref\gui\externalfiletype\ExternalFileType.java,1.000207543373108,0.0,model,1.000207543373108
jabref\src\main\java\org\jabref\gui\desktop\os\OSX.java,2.8182122707366943,4.9239959716796875,preferences,4.9239959716796875
jabref\src\test\java\org\jabref\logic\layout\format\WrapContentTest.java,3.801903486251831,1.4849052429199219,model,3.801903486251831
jabref\src\main\java\org\jabref\gui\util\DirectoryDialogConfiguration.java,1.7815804481506348,0.0,model,1.7815804481506348
jabref\src\main\java\org\jabref\logic\importer\fetcher\Medra.java,3.038914918899536,0.0,model,3.038914918899536
jabref\src\test\java\org\jabref\architecture\MainArchitectureTest.java,102.51053619384766,97.70568084716797,model,102.51053619384766
jabref\src\main\java\org\jabref\migrations\PreferencesMigrations.java,25.98107147216797,119.23670959472656,preferences,119.23670959472656
jabref\src\main\java\org\jabref\logic\journals\JournalAbbreviationRepository.java,2.761460542678833,0.28082817792892456,model,2.761460542678833
jabref\src\test\java\org\jabref\gui\util\RecursiveTreeItemTest.java,30.618078231811523,0.0,model,30.618078231811523
jabref\src\test\java\org\jabref\logic\layout\format\AuthorLastFirstAbbrOxfordCommasTest.java,2.5290918350219727,0.0,model,2.5290918350219727
jabref\src\main\java\org\jabref\gui\collab\stringadd\BibTexStringAdd.java,2.000197172164917,0.0,model,2.000197172164917
jabref\src\main\java\org\jabref\logic\openoffice\action\EditMerge.java,2.328896999359131,0.3510207533836365,model,2.328896999359131
jabref\src\main\java\org\jabref\logic\layout\format\AuthorFirstAbbrLastCommas.java,2.5919597148895264,0.0,model,2.5919597148895264
jabref\src\test\java\org\jabref\model\entry\BibtexStringTest.java,77.87401580810547,0.9317331314086914,model,77.87401580810547
jabref\src\main\java\org\jabref\logic\importer\fetcher\BiodiversityLibrary.java,3.3596136569976807,1.0,model,3.3596136569976807
jabref\src\main\java\org\jabref\gui\documentviewer\PdfDocumentViewModel.java,1.0001991987228394,0.4567162096500397,model,1.0001991987228394
jabref\src\main\java\org\jabref\gui\autocompleter\AutoCompletePreferences.java,1.0001896619796753,0.5998605489730835,model,1.0001896619796753
jabref\src\main\java\org\jabref\logic\importer\OpenDatabase.java,3.137910842895508,0.0,model,3.137910842895508
jabref\src\main\java\org\jabref\logic\pdf\TextExtractor.java,3.1278135776519775,0.7809008359909058,model,3.1278135776519775
jabref\src\main\java\org\jabref\gui\edit\ManageKeywordsViewModel.java,1.0001635551452637,1.0,model,1.0001635551452637
jabref\src\main\java\org\jabref\gui\edit\automaticfiededitor\MoveFieldValueAction.java,1.0001860857009888,0.0,model,1.0001860857009888
jabref\src\main\java\org\jabref\logic\layout\format\ToLowerCase.java,2.588826894760132,0.0,model,2.588826894760132
jabref\src\test\java\org\jabref\logic\importer\fetcher\ApsFetcherTest.java,2.5224664211273193,0.0,model,2.5224664211273193
jabref\src\main\java\org\jabref\logic\openoffice\style\OOFormatBibliography.java,3.913156032562256,0.0,model,3.913156032562256
jabref\src\main\java\org\jabref\logic\openoffice\frontend\UpdateCitationMarkers.java,2.4592127799987793,0.0,model,2.4592127799987793
jabref\src\test\java\org\jabref\logic\importer\fileformat\IsiImporterTest.java,5.353960990905762,0.15722477436065674,model,5.353960990905762
jabref\src\main\java\org\jabref\gui\preferences\preview\PreviewTabViewModel.java,8.853700637817383,61.65031051635742,preferences,61.65031051635742
jabref\src\main\java\org\jabref\gui\fieldeditors\contextmenu\ProtectedTermsMenu.java,2.4999454021453857,0.0,model,2.4999454021453857
jabref\src\main\java\org\jabref\logic\integrity\TypeChecker.java,2.5611112117767334,0.0,model,2.5611112117767334
jabref\src\main\java\org\jabref\model\openoffice\rangesort\RangeSortEntry.java,91.26658630371094,0.0,model,91.26658630371094
jabref\src\test\java\org\jabref\logic\importer\fetcher\DBLPFetcherTest.java,2.480360507965088,0.0,model,2.480360507965088
jabref\src\test\java\org\jabref\logic\importer\fetcher\MathSciNetTest.java,2.413682460784912,0.0,model,2.413682460784912
jabref\src\main\java\org\jabref\gui\slr\StudyDatabaseItem.java,1.0001908540725708,0.5291675329208374,model,1.0001908540725708
jabref\src\main\java\org\jabref\logic\layout\AbstractParamLayoutFormatter.java,2.5290918350219727,0.0,model,2.5290918350219727
jabref\src\main\java\org\jabref\logic\openoffice\style\OOProcessAuthorYearMarkers.java,2.4592127799987793,2.912210464477539,preferences,2.912210464477539
jabref\src\test\java\org\jabref\gui\externalfiles\AutoSetFileLinksUtilTest.java,3.3402178287506104,0.0,model,3.3402178287506104
jabref\src\main\java\org\jabref\logic\bst\util\BstWidthCalculator.java,2.3093864917755127,0.5068060755729675,model,2.3093864917755127
jabref\src\main\java\org\jabref\gui\sidepane\TogglePaneAction.java,1.0002018213272095,0.0,model,1.0002018213272095
jabref\src\main\java\org\jabref\gui\groups\MoveGroupChange.java,1.0002050399780273,0.0,model,1.0002050399780273
jabref\src\test\java\org\jabref\logic\layout\format\NameFormatterTest.java,27.06132698059082,0.0,model,27.06132698059082
jabref\src\main\java\org\jabref\model\entry\event\FieldChangedEvent.java,87.94737243652344,0.0,model,87.94737243652344
jabref\src\main\java\org\jabref\logic\openoffice\style\OOProcessNumericMarkers.java,2.5611112117767334,0.9191564321517944,model,2.5611112117767334
jabref\src\test\java\org\jabref\logic\importer\fileformat\OvidImporterTest.java,2.997060537338257,0.33716756105422974,model,2.997060537338257
jabref\src\main\java\org\jabref\logic\importer\fileformat\RepecNepImporter.java,2.9461495876312256,0.0,model,2.9461495876312256
jabref\src\test\java\org\jabref\logic\importer\fileformat\CitaviXmlImporterTest.java,2.5687599182128906,0.0,model,2.5687599182128906
jabref\src\main\java\org\jabref\logic\util\StandardFileType.java,5.502066612243652,1.567419409751892,model,5.502066612243652
jabref\src\test\java\org\jabref\migrations\ConvertLegacyExplicitGroupsTest.java,1.0001815557479858,0.0,model,1.0001815557479858
jabref\src\test\java\org\jabref\logic\layout\format\HTMLParagraphsTest.java,3.718367099761963,0.0,model,3.718367099761963
jabref\src\main\java\org\jabref\logic\importer\ImportCleanup.java,2.5726633071899414,0.0,model,2.5726633071899414
jabref\src\main\java\org\jabref\logic\integrity\NoBibtexFieldChecker.java,6.101475715637207,0.5650973320007324,model,6.101475715637207
jabref\src\test\java\org\jabref\logic\integrity\CitationKeyCheckerTest.java,2.503549814224243,0.0,model,2.503549814224243
jabref\src\test\java\org\jabref\logic\integrity\TypeCheckerTest.java,2.5536651611328125,0.0,model,2.5536651611328125
jabref\src\main\java\org\jabref\model\groups\GroupTreeNode.java,71.34258270263672,0.0,model,71.34258270263672
jabref\src\test\java\org\jabref\gui\importer\fetcher\WebSearchPaneViewModelTest.java,1.0001837015151978,35.0,preferences,35.0
jabref\src\main\java\org\jabref\gui\util\OpenHyperlinksInExternalBrowser.java,30.79168701171875,0.0,model,30.79168701171875
jabref\src\main\java\org\jabref\logic\net\ssl\SSLCertificate.java,3.093961238861084,0.0,model,3.093961238861084
jabref\src\test\java\org\jabref\logic\importer\fileformat\CustomImporterTest.java,3.8863513469696045,0.0,model,3.8863513469696045
jabref\src\test\java\org\jabref\cli\ArgumentProcessorTest.java,37.780635833740234,35.9371223449707,model,37.780635833740234
jabref\src\test\java\org\jabref\logic\bibtex\BibEntryWriterTest.java,3.6954963207244873,22.16617774963379,preferences,22.16617774963379
jabref\src\main\java\org\jabref\logic\importer\fileformat\MedlineImporter.java,3.1561899185180664,8.014728546142578,preferences,8.014728546142578
jabref\src\main\java\org\jabref\logic\bibtex\InvalidFieldValueException.java,2.59618878364563,0.0,model,2.59618878364563
jabref\src\main\java\org\jabref\logic\bst\BstVM.java,8.520805358886719,0.9121100902557373,model,8.520805358886719
jabref\src\main\java\org\jabref\logic\integrity\NoteChecker.java,2.566828489303589,0.0,model,2.566828489303589
jabref\src\test\java\org\jabref\logic\pdf\EntryAnnotationImporterTest.java,4.839659690856934,0.0,model,4.839659690856934
jabref\src\main\java\org\jabref\logic\layout\format\Default.java,2.5857269763946533,0.0,model,2.5857269763946533
jabref\src\test\java\org\jabref\logic\layout\format\EntryTypeFormatterTest.java,2.566828489303589,0.0,model,2.566828489303589
jabref\src\test\java\org\jabref\logic\formatter\bibtexfields\EscapeAmpersandsFormatterTest.java,4.3190813064575195,0.0,model,4.3190813064575195
jabref\src\test\java\org\jabref\logic\integrity\DoiValidityCheckerTest.java,2.503549814224243,0.6404961943626404,model,2.503549814224243
jabref\src\main\java\org\jabref\gui\edit\CopyMoreAction.java,2.402181386947632,36.568416595458984,preferences,36.568416595458984
jabref\src\test\java\org\jabref\logic\layout\format\AuthorsTest.java,15.990571975708008,0.23562023043632507,model,15.990571975708008
jabref\src\main\java\org\jabref\logic\auxparser\AuxParser.java,3.244049549102783,0.0,model,3.244049549102783
jabref\src\main\java\org\jabref\gui\preferences\external\ExternalTabViewModel.java,1.0001389980316162,102.59130859375,preferences,102.59130859375
jabref\src\test\java\org\jabref\logic\integrity\NoBibTexFieldCheckerTest.java,5.306804180145264,0.0,model,5.306804180145264
jabref\src\main\java\org\jabref\logic\importer\fetcher\transformers\ResearchGateQueryTransformer.java,2.5630040168762207,0.0,model,2.5630040168762207
jabref\src\main\java\org\jabref\gui\push\PushToLyx.java,2.000170946121216,88.36553955078125,preferences,88.36553955078125
jabref\src\test\java\org\jabref\logic\citationstyle\CitationStyleCacheTest.java,3.5726633071899414,0.0,model,3.5726633071899414
jabref\src\main\java\org\jabref\gui\autocompleter\PersonNameSuggestionProvider.java,2.000185966491699,0.0,model,2.000185966491699
jabref\src\main\java\org\jabref\model\search\matchers\NotMatcher.java,93.10279083251953,0.0,model,93.10279083251953
jabref\src\main\java\org\jabref\gui\util\DialogWindowState.java,1.0002063512802124,0.0,model,1.0002063512802124
jabref\src\main\java\org\jabref\gui\actions\Action.java,1.0002096891403198,0.0,model,1.0002096891403198
jabref\src\main\java\org\jabref\gui\push\PushToLyxSettings.java,1.612842082977295,99.2816162109375,preferences,99.2816162109375
jabref\src\test\java\org\jabref\logic\util\UpdateFieldTest.java,2.5350942611694336,0.0,model,2.5350942611694336
jabref\src\main\java\org\jabref\logic\cleanup\UpgradePdfPsToFileCleanup.java,3.275719404220581,0.0,model,3.275719404220581
jabref\src\test\java\org\jabref\model\entry\identifier\ISBNTest.java,82.99491119384766,0.0,model,82.99491119384766
jabref\src\main\java\org\jabref\gui\texparser\ParseLatexResultView.java,4.813254356384277,48.9538688659668,preferences,48.9538688659668
jabref\src\main\java\org\jabref\gui\edit\automaticfiededitor\NotificationPaneAdapter.java,29.35283660888672,0.0,model,29.35283660888672
jabref\src\main\java\org\jabref\logic\exporter\GroupSerializer.java,23.455326080322266,0.0,model,23.455326080322266
jabref\src\test\java\org\jabref\logic\bibtex\comparator\CrossRefEntryComparatorTest.java,2.5224664211273193,0.0,model,2.5224664211273193
jabref\src\main\java\org\jabref\logic\remote\Protocol.java,4.944113254547119,0.0,model,4.944113254547119
jabref\src\main\java\org\jabref\logic\importer\EntryBasedFetcher.java,2.594066619873047,0.0,model,2.594066619873047
jabref\src\main\java\org\jabref\gui\specialfields\SpecialFieldValueViewModel.java,1.4929027557373047,4.173637866973877,preferences,4.173637866973877
jabref\src\main\java\org\jabref\gui\mergeentries\FetchAndMergeEntry.java,2.8367345333099365,39.62114334106445,preferences,39.62114334106445
jabref\src\main\java\org\jabref\logic\shared\DatabaseConnectionProperties.java,3.588826894760132,0.0,model,3.588826894760132
jabref\src\main\java\org\jabref\gui\errorconsole\ErrorConsoleView.java,5.553346633911133,0.0,model,5.553346633911133
jabref\src\main\java\org\jabref\gui\dialogs\BackupUIManager.java,2.715930938720703,35.0,preferences,35.0
jabref\src\main\java\org\jabref\gui\groups\GroupTreeViewModel.java,4.3188796043396,74.85903930664062,preferences,74.85903930664062
jabref\src\main\java\org\jabref\model\entry\identifier\IacrEprint.java,85.26359558105469,0.0,model,85.26359558105469
jabref\src\test\java\org\jabref\logic\importer\fileformat\InspecImporterTest.java,2.4220516681671143,0.0,model,2.4220516681671143
jabref\src\main\java\org\jabref\gui\shared\SharedDatabaseUIManager.java,4.8730621337890625,35.0,preferences,35.0
jabref\src\main\java\org\jabref\logic\integrity\EditionChecker.java,3.5097012519836426,0.0,model,3.5097012519836426
jabref\src\main\java\org\jabref\gui\slr\SlrStudyAndDirectory.java,1.7279350757598877,0.5743507146835327,model,1.7279350757598877
jabref\src\main\java\org\jabref\gui\preferences\network\NetworkTabViewModel.java,2.3064558506011963,97.94073486328125,preferences,97.94073486328125
jabref\src\test\java\org\jabref\logic\importer\util\ShortDOIServiceTest.java,2.5726633071899414,0.0,model,2.5726633071899414
jabref\src\test\java\org\jabref\logic\layout\format\ToLowerCaseTest.java,2.546414375305176,0.0,model,2.546414375305176
jabref\src\main\java\org\jabref\logic\logging\LogMessages.java,4.388557434082031,0.0,model,4.388557434082031
jabref\src\main\java\org\jabref\gui\preferences\groups\GroupsTabViewModel.java,1.0001933574676514,95.30888366699219,preferences,95.30888366699219
jabref\src\main\java\org\jabref\logic\layout\format\AuthorFirstLastOxfordCommas.java,2.5919597148895264,0.0,model,2.5919597148895264
jabref\src\test\java\org\jabref\gui\groups\GroupDialogViewModelTest.java,2.2184855937957764,35.0,preferences,35.0
jabref\src\test\java\org\jabref\logic\layout\format\DateFormatterTest.java,3.3702449798583984,0.0,model,3.3702449798583984
jabref\src\main\java\org\jabref\gui\push\PushToEmacsSettings.java,1.0002005100250244,104.642333984375,preferences,104.642333984375
jabref\src\main\java\org\jabref\gui\collab\ChangeScanner.java,2.000194549560547,35.0,preferences,35.0
jabref\src\main\java\org\jabref\model\entry\field\BiblatexApaField.java,85.99739837646484,0.38609635829925537,model,85.99739837646484
jabref\src\test\java\org\jabref\model\database\DuplicationCheckerTest.java,80.5904541015625,0.0,model,80.5904541015625
jabref\src\main\java\org\jabref\gui\sidepane\SidePane.java,1.0001883506774902,35.0,preferences,35.0
jabref\src\main\java\org\jabref\logic\util\strings\StringSimilarity.java,2.5786194801330566,0.0,model,2.5786194801330566
jabref\src\test\java\org\jabref\logic\openoffice\style\OOPreFormatterTest.java,3.8929245471954346,0.8354737758636475,model,3.8929245471954346
jabref\src\main\java\org\jabref\model\openoffice\uno\CreationException.java,94.22271728515625,0.0,model,94.22271728515625
jabref\src\main\java\org\jabref\gui\collab\ExternalChangesResolverViewModel.java,2.0001792907714844,0.0,model,2.0001792907714844
jabref\src\main\java\org\jabref\logic\formatter\bibtexfields\RemoveDigitsFormatter.java,2.5687599182128906,0.0,model,2.5687599182128906
jabref\src\main\java\org\jabref\migrations\ConvertLegacyExplicitGroups.java,31.243051528930664,0.0,model,31.243051528930664
jabref\src\test\java\org\jabref\model\groups\ExplicitGroupTest.java,81.93716430664062,0.0,model,81.93716430664062
jabref\src\main\java\org\jabref\gui\documentviewer\ShowDocumentViewerAction.java,1.0002050399780273,99.94904327392578,preferences,99.94904327392578
jabref\src\main\java\org\jabref\model\openoffice\style\NonUniqueCitationMarker.java,94.53581237792969,0.0,model,94.53581237792969
jabref\src\test\java\org\jabref\logic\layout\format\WrapFileLinksTest.java,2.9312636852264404,88.33506774902344,preferences,88.33506774902344
jabref\src\main\java\org\jabref\logic\bibtex\FieldWriter.java,2.3633005619049072,101.09088897705078,preferences,101.09088897705078
jabref\src\main\java\org\jabref\logic\autosaveandbackup\AutosaveManager.java,5.749354839324951,1.0,model,5.749354839324951
jabref\src\test\java\org\jabref\logic\bibtex\comparator\PreambleDiffTest.java,2.5358872413635254,0.0,model,2.5358872413635254
jabref\src\main\java\org\jabref\gui\actions\Sources.java,1.0002135038375854,0.0,model,1.0002135038375854
jabref\src\main\java\org\jabref\model\database\BibDatabaseMode.java,94.75537872314453,0.0,model,94.75537872314453
jabref\src\test\java\org\jabref\support\CIServerCondition.java,1.000198483467102,0.0,model,1.000198483467102
jabref\src\test\java\org\jabref\model\entry\field\UnknownFieldTest.java,93.20281982421875,0.0,model,93.20281982421875
jabref\src\main\java\org\jabref\logic\util\io\BackupFileUtil.java,3.7099084854125977,0.5569824576377869,model,3.7099084854125977
jabref\src\main\java\org\jabref\logic\importer\fileformat\BibtexParser.java,3.8155128955841064,0.4657742977142334,model,3.8155128955841064
jabref\src\test\java\org\jabref\logic\shared\TestManager.java,2.449373483657837,0.0,model,2.449373483657837
jabref\src\test\java\org\jabref\logic\util\strings\StringSimilarityTest.java,2.5630040168762207,0.0,model,2.5630040168762207
jabref\src\main\java\org\jabref\logic\exporter\EmbeddedBibFilePdfExporter.java,4.20509147644043,0.705638587474823,model,4.20509147644043
jabref\src\main\java\org\jabref\logic\importer\fetcher\DiVA.java,3.32415509223938,0.0,model,3.32415509223938
jabref\src\main\java\org\jabref\logic\citationstyle\CitationStyleGenerator.java,7.3635077476501465,0.0,model,7.3635077476501465
jabref\src\main\java\org\jabref\gui\theme\ThemeManager.java,2.3516829013824463,0.9289717674255371,model,2.3516829013824463
jabref\src\test\java\org\jabref\logic\l10n\LocalizationConsistencyTest.java,3.881453275680542,1.6169835329055786,model,3.881453275680542
jabref\src\main\java\org\jabref\gui\preferences\customentrytypes\FieldViewModel.java,1.0001860857009888,93.04329681396484,preferences,93.04329681396484
jabref\src\test\java\org\jabref\gui\edit\EditFieldContentTabViewModelTest.java,1.8256357908248901,0.654066264629364,model,1.8256357908248901
jabref\src\main\java\org\jabref\gui\cleanup\CleanupAction.java,2.410017728805542,107.80268859863281,preferences,107.80268859863281
jabref\src\main\java\org\jabref\gui\fieldeditors\GenderEditorViewModel.java,2.2873270511627197,0.0,model,2.2873270511627197
jabref\src\main\java\org\jabref\logic\layout\format\AuthorLastFirst.java,2.5919597148895264,0.0,model,2.5919597148895264
jabref\src\main\java\org\jabref\gui\push\PushToApplicationCommand.java,46.96034622192383,36.0,model,46.96034622192383
jabref\src\main\java\org\jabref\model\entry\event\FieldAddedOrRemovedEvent.java,95.64612579345703,0.0,model,95.64612579345703
jabref\src\main\java\org\jabref\logic\importer\fetcher\transformers\IEEEQueryTransformer.java,3.1474173069000244,0.0,model,3.1474173069000244
jabref\src\main\java\org\jabref\logic\importer\fileformat\BiblioscapeImporter.java,3.999565839767456,0.0,model,3.999565839767456
jabref\src\test\java\org\jabref\logic\importer\fetcher\DOAJFetcherTest.java,26.194114685058594,4.968761444091797,model,26.194114685058594
jabref\src\main\java\org\jabref\gui\exporter\CreateModifyExporterDialogView.java,2.3267345428466797,94.15440368652344,preferences,94.15440368652344
jabref\src\test\java\org\jabref\logic\bibtex\FieldWriterTest.java,5.046156883239746,1.460801362991333,model,5.046156883239746
jabref\src\main\java\org\jabref\logic\importer\WebFetchers.java,3.643141984939575,1.6750118732452393,model,3.643141984939575
jabref\src\main\java\org\jabref\logic\formatter\casechanger\CapitalizeFormatter.java,3.282156467437744,0.0,model,3.282156467437744
jabref\src\main\java\org\jabref\logic\layout\format\AuthorLastFirstAbbreviator.java,2.5919597148895264,0.0,model,2.5919597148895264
jabref\src\main\java\org\jabref\gui\maintable\columns\FieldColumn.java,95.11248779296875,0.0,model,95.11248779296875
jabref\src\main\java\org\jabref\logic\importer\FetcherResult.java,2.5857269763946533,0.0,model,2.5857269763946533
jabref\src\main\java\org\jabref\preferences\CleanupPreferences.java,1.0001792907714844,91.3278579711914,preferences,91.3278579711914
jabref\src\test\java\org\jabref\logic\integrity\CitationKeyDeviationCheckerTest.java,2.5428597927093506,0.0,model,2.5428597927093506
jabref\src\main\java\org\jabref\model\openoffice\style\PageInfo.java,88.09272003173828,0.0,model,88.09272003173828
jabref\src\main\java\org\jabref\gui\fieldeditors\identifier\DoiIdentifierEditorViewModel.java,1.0001815557479858,100.81082916259766,preferences,100.81082916259766
jabref\src\main\java\org\jabref\gui\desktop\os\Linux.java,2.8763246536254883,63.472496032714844,preferences,63.472496032714844
jabref\src\main\java\org\jabref\gui\mergeentries\newmergedialog\diffhighlighter\DiffHighlighter.java,1.0001837015151978,0.0,model,1.0001837015151978
jabref\src\main\java\org\jabref\preferences\PreviewPreferences.java,1.0001837015151978,92.83499908447266,preferences,92.83499908447266
jabref\src\main\java\org\jabref\gui\JabRefExecutorService.java,6.074311256408691,0.4658665657043457,model,6.074311256408691
jabref\src\test\java\org\jabref\logic\bibtex\comparator\BibtexStringComparatorTest.java,3.3984010219573975,0.0,model,3.3984010219573975
jabref\src\main\java\org\jabref\gui\util\BackgroundTask.java,21.287717819213867,0.4532068967819214,model,21.287717819213867
jabref\src\main\java\org\jabref\logic\layout\format\AuthorFirstLastCommas.java,2.590911626815796,0.0,model,2.590911626815796
jabref\src\main\java\org\jabref\gui\autocompleter\FieldValueSuggestionProvider.java,2.0002052783966064,0.0,model,2.0002052783966064
jabref\src\main\java\org\jabref\gui\maintable\MainTableDataModel.java,23.581558227539062,35.0,preferences,35.0
jabref\src\main\java\org\jabref\gui\fieldeditors\OptionEditor.java,4.168820858001709,0.0,model,4.168820858001709
jabref\src\test\java\org\jabref\logic\layout\format\LatexToUnicodeFormatterTest.java,6.353028297424316,0.6300835609436035,model,6.353028297424316
jabref\src\main\java\org\jabref\logic\journals\AbbreviationWriter.java,3.315030574798584,0.0,model,3.315030574798584
jabref\src\main\java\org\jabref\logic\search\DatabaseSearcher.java,6.5351715087890625,0.0,model,6.5351715087890625
jabref\src\main\java\org\jabref\gui\texparser\CitationsDisplay.java,25.489917755126953,0.3357536196708679,model,25.489917755126953
jabref\src\main\java\org\jabref\gui\entryeditor\fileannotationtab\FulltextSearchResultsTab.java,3.169501543045044,35.0,preferences,35.0
jabref\src\main\java\org\jabref\logic\remote\server\RemoteMessageHandler.java,2.59618878364563,0.0,model,2.59618878364563
jabref\src\main\java\org\jabref\gui\util\uithreadaware\UiThreadStringProperty.java,1.0001896619796753,0.5257909297943115,model,1.0001896619796753
jabref\src\test\java\org\jabref\logic\importer\fileformat\PdfVerbatimBibTextImporterTest.java,3.196120262145996,0.0,model,3.196120262145996
jabref\src\test\java\org\jabref\gui\slr\ManageStudyDefinitionViewModelTest.java,3.056260824203491,0.4743368923664093,model,3.056260824203491
jabref\src\main\java\org\jabref\gui\externalfiles\FileFilterUtils.java,2.0877463817596436,0.0,model,2.0877463817596436
jabref\src\main\java\org\jabref\model\openoffice\uno\UnoNameAccess.java,92.80479431152344,0.0,model,92.80479431152344
jabref\src\main\java\org\jabref\model\metadata\ContentSelectors.java,85.26359558105469,0.0,model,85.26359558105469
jabref\src\main\java\org\jabref\model\entry\types\BiblatexApaEntryType.java,90.89496612548828,0.0,model,90.89496612548828
jabref\src\main\java\org\jabref\model\openoffice\uno\UnoCast.java,93.10279083251953,0.0,model,93.10279083251953
jabref\src\main\java\org\jabref\gui\preferences\protectedterms\NewProtectedTermsFileDialog.java,3.2987189292907715,90.27467346191406,preferences,90.27467346191406
jabref\src\main\java\org\jabref\logic\formatter\Formatters.java,3.466533660888672,0.568489670753479,model,3.466533660888672
jabref\src\test\java\org\jabref\logic\integrity\UrlCheckerTest.java,2.550015926361084,0.0,model,2.550015926361084
jabref\src\main\java\org\jabref\model\schema\DublinCoreSchemaCustom.java,88.55570220947266,0.0,model,88.55570220947266
jabref\src\main\java\org\jabref\gui\search\GlobalSearchResultDialog.java,82.996337890625,35.0,model,82.996337890625
jabref\src\main\java\org\jabref\logic\integrity\PagesChecker.java,3.5290918350219727,0.0,model,3.5290918350219727
jabref\src\main\java\org\jabref\gui\collab\preamblechange\PreambleChange.java,2.000199794769287,0.0,model,2.000199794769287
jabref\src\main\java\org\jabref\logic\layout\format\DOICheck.java,2.57662034034729,0.0,model,2.57662034034729
jabref\src\test\java\org\jabref\logic\importer\fetcher\CiteSeerTest.java,2.485955238342285,0.0,model,2.485955238342285
jabref\src\main\java\org\jabref\model\entry\types\BiblatexSoftwareEntryTypeDefinitions.java,80.29742431640625,0.0,model,80.29742431640625
jabref\src\main\java\org\jabref\gui\util\RadioButtonCell.java,1.0001860857009888,0.0,model,1.0001860857009888
jabref\src\test\java\org\jabref\logic\layout\format\AuthorFirstLastCommasTest.java,2.4975452423095703,0.0,model,2.4975452423095703
jabref\src\test\java\org\jabref\logic\layout\format\ShortMonthFormatterTest.java,2.5536651611328125,0.0,model,2.5536651611328125
jabref\src\main\java\org\jabref\logic\integrity\BracketChecker.java,2.5592310428619385,0.0,model,2.5592310428619385
jabref\src\test\java\org\jabref\logic\remote\RemoteCommunicationTest.java,3.6136343479156494,0.6654401421546936,model,3.6136343479156494
jabref\src\main\java\org\jabref\gui\fieldeditors\LinkedFileViewModel.java,20.478233337402344,105.12733459472656,preferences,105.12733459472656
jabref\src\main\java\org\jabref\gui\util\TooltipTextUtil.java,2.2496678829193115,1.179307222366333,model,2.2496678829193115
jabref\src\main\java\org\jabref\logic\importer\fetcher\DoiFetcher.java,4.269362449645996,85.97438049316406,preferences,85.97438049316406
jabref\src\main\java\org\jabref\gui\exporter\SaveDatabaseAction.java,44.28216552734375,95.1513671875,preferences,95.1513671875
jabref\src\main\java\org\jabref\gui\FXDialog.java,4.135462284088135,0.0,model,4.135462284088135
jabref\src\main\java\org\jabref\gui\preferences\customentrytypes\CustomEntryTypeViewModel.java,1.0002100467681885,100.53118896484375,preferences,100.53118896484375
jabref\src\main\java\org\jabref\gui\preferences\nameformatter\NameFormatterItemModel.java,1.000198483467102,96.920166015625,preferences,96.920166015625
jabref\src\main\java\org\jabref\gui\help\AboutAction.java,1.0002079010009766,0.0,model,1.0002079010009766
jabref\src\main\java\org\jabref\model\groups\KeywordGroup.java,88.76611328125,0.0,model,88.76611328125
jabref\src\main\java\org\jabref\model\search\matchers\MatcherSets.java,93.4039306640625,0.0,model,93.4039306640625
jabref\src\main\java\org\jabref\logic\util\UnknownFileType.java,2.5358872413635254,0.0,model,2.5358872413635254
jabref\src\main\java\org\jabref\gui\slr\ManageStudyDefinitionViewModel.java,2.7497334480285645,0.8387653231620789,model,2.7497334480285645
jabref\src\main\java\org\jabref\gui\preferences\table\TableTabViewModel.java,1.0001134872436523,96.82452392578125,preferences,96.82452392578125
jabref\src\test\java\org\jabref\logic\exporter\OpenOfficeDocumentCreatorTest.java,5.609618663787842,0.5773990154266357,model,5.609618663787842
jabref\src\main\java\org\jabref\gui\groups\GroupDescriptions.java,1.5112870931625366,0.0,model,1.5112870931625366
jabref\src\main\java\org\jabref\gui\citationkeypattern\GenerateCitationKeySingleAction.java,2.000197172164917,35.0,preferences,35.0
jabref\src\main\java\org\jabref\gui\actions\JabRefAction.java,2.1301217079162598,0.0,model,2.1301217079162598
jabref\src\main\java\org\jabref\gui\fieldeditors\TextInputControlBehavior.java,1.000133991241455,0.0,model,1.000133991241455
jabref\src\main\java\org\jabref\logic\shared\event\ConnectionLostEvent.java,4.426613807678223,0.0,model,4.426613807678223
jabref\src\main\java\org\jabref\logic\importer\fileformat\MsBibImporter.java,2.4916818141937256,0.0,model,2.4916818141937256
jabref\src\main\java\org\jabref\gui\importer\actions\CheckForNewEntryTypesAction.java,46.825172424316406,0.0,model,46.825172424316406
jabref\src\main\java\org\jabref\gui\collab\metedatachange\MetadataChangeDetailsView.java,39.90632629394531,37.11643981933594,model,39.90632629394531
jabref\src\main\java\org\jabref\logic\l10n\Localization.java,2.4308037757873535,0.3058445155620575,model,2.4308037757873535
jabref\src\main\java\org\jabref\logic\integrity\IntegrityCheck.java,3.4916818141937256,0.0,model,3.4916818141937256
jabref\src\main\java\org\jabref\gui\search\rules\describer\ContainsAndRegexBasedSearchRuleDescriber.java,2.721956968307495,0.0,model,2.721956968307495
jabref\src\main\java\org\jabref\gui\entryeditor\FieldsEditorTab.java,46.24904251098633,100.06550598144531,preferences,100.06550598144531
jabref\src\main\java\org\jabref\gui\collab\DatabaseChangesResolverDialog.java,4.124812602996826,35.0,preferences,35.0
jabref\src\test\java\org\jabref\logic\formatter\casechanger\ProtectTermsFormatterTest.java,2.5224664211273193,0.0,model,2.5224664211273193
jabref\src\main\java\org\jabref\gui\push\PushToTeXstudio.java,2.292917013168335,35.78371047973633,preferences,35.78371047973633
jabref\src\main\java\org\jabref\logic\openoffice\action\ExportCited.java,4.56003475189209,0.38609635829925537,model,4.56003475189209
jabref\src\main\java\org\jabref\gui\util\CustomLocalDragboard.java,4.269789695739746,0.0,model,4.269789695739746
jabref\src\main\java\org\jabref\gui\util\uithreadaware\UiThreadBinding.java,1.0001920461654663,0.0,model,1.0001920461654663
jabref\src\main\java\org\jabref\model\strings\LatexToUnicodeAdapter.java,91.29563903808594,0.0,model,91.29563903808594
jabref\src\main\java\org\jabref\logic\database\DuplicateCheck.java,6.989513397216797,0.32809287309646606,model,6.989513397216797
jabref\src\main\java\org\jabref\gui\push\PushToVimSettings.java,1.000199794769287,104.51178741455078,preferences,104.51178741455078
jabref\src\main\java\org\jabref\gui\groups\UndoableChangeEntriesOfGroup.java,24.008543014526367,0.0,model,24.008543014526367
jabref\src\main\java\org\jabref\logic\openoffice\style\OOBibStyleGetCitationMarker.java,3.3983747959136963,1.5427753925323486,model,3.3983747959136963
jabref\src\main\java\org\jabref\logic\importer\fetcher\transformers\JstorQueryTransformer.java,2.546414375305176,0.0,model,2.546414375305176
jabref\src\main\java\org\jabref\gui\edit\EditAction.java,5.768082141876221,2.830721855163574,model,5.768082141876221
jabref\src\main\java\org\jabref\gui\preferences\general\GeneralTab.java,1.0001792907714844,90.94176483154297,preferences,90.94176483154297
jabref\src\main\java\org\jabref\gui\search\SearchTextField.java,1.0002059936523438,0.0,model,1.0002059936523438
jabref\src\test\java\org\jabref\support\DisabledOnCIServer.java,1.0002104043960571,0.0,model,1.0002104043960571
jabref\src\main\java\org\jabref\gui\preferences\customimporter\CustomImporterTab.java,1.6302179098129272,93.20362091064453,preferences,93.20362091064453
jabref\src\main\java\org\jabref\gui\dialogs\AutosaveUiManager.java,2.4993574619293213,0.0,model,2.4993574619293213
jabref\src\main\java\org\jabref\gui\integrity\IntegrityCheckDialog.java,3.0434319972991943,0.0,model,3.0434319972991943
jabref\src\main\java\org\jabref\model\groups\RegexKeywordGroup.java,86.48210906982422,0.0,model,86.48210906982422
jabref\src\test\java\org\jabref\logic\layout\format\AuthorLastFirstTest.java,2.5290918350219727,0.0,model,2.5290918350219727
jabref\src\main\java\org\jabref\gui\preferences\citationkeypattern\CitationKeyPatternTab.java,1.0001710653305054,88.36553955078125,preferences,88.36553955078125
jabref\src\main\java\org\jabref\model\ChainNode.java,113.7785415649414,0.7579861879348755,model,113.7785415649414
jabref\src\main\java\org\jabref\logic\shared\MySQLProcessor.java,3.4696528911590576,35.14228057861328,preferences,35.14228057861328
jabref\src\test\java\org\jabref\logic\l10n\LocalizationKeyTest.java,5.545685291290283,0.9069592952728271,model,5.545685291290283
jabref\src\main\java\org\jabref\model\openoffice\rangesort\RangeHolder.java,94.43107604980469,0.0,model,94.43107604980469
jabref\src\test\java\org\jabref\model\entry\KeywordTest.java,90.52830505371094,0.4541987180709839,model,90.52830505371094
jabref\src\main\java\org\jabref\logic\shared\listener\OracleNotificationListener.java,5.144463539123535,0.0,model,5.144463539123535
jabref\src\main\java\org\jabref\gui\menus\ChangeEntryTypeAction.java,1.000195860862732,0.0,model,1.000195860862732
jabref\src\test\java\org\jabref\logic\integrity\ASCIICharacterCheckerTest.java,5.111729145050049,0.0,model,5.111729145050049
jabref\src\test\java\org\jabref\logic\formatter\bibtexfields\NormalizeDateFormatterTest.java,2.4220516681671143,0.0,model,2.4220516681671143
jabref\src\main\java\org\jabref\gui\fieldeditors\URLUtil.java,1.0001710653305054,0.0,model,1.0001710653305054
jabref\src\main\java\org\jabref\gui\collab\stringrename\BibTexStringRenameDetailsView.java,3.379149913787842,0.0,model,3.379149913787842
jabref\src\test\java\org\jabref\model\entry\identifier\IacrEprintTest.java,88.76611328125,0.0,model,88.76611328125
jabref\src\main\java\org\jabref\gui\preferences\customexporter\CustomExporterTabViewModel.java,1.0001815557479858,105.72801208496094,preferences,105.72801208496094
jabref\src\main\java\org\jabref\logic\integrity\ValidCitationKeyChecker.java,2.570704936981201,0.0,model,2.570704936981201
jabref\src\main\java\org\jabref\gui\preferences\customentrytypes\CustomEntryTypesTabViewModel.java,32.75189208984375,78.6437759399414,preferences,78.6437759399414
jabref\buildSrc\src\copied\java\org\jabref\logic\journals\JournalAbbreviationLoader.java,4.295994758605957,0.0,model,4.295994758605957
jabref\src\main\java\org\jabref\logic\formatter\casechanger\Title.java,2.5536651611328125,0.0,model,2.5536651611328125
jabref\src\main\java\org\jabref\logic\exporter\XmpPdfExporter.java,4.1328535079956055,0.0,model,4.1328535079956055
jabref\src\test\java\org\jabref\logic\importer\fetcher\isbntobibtex\IsbnFetcherTest.java,2.93546462059021,0.5387542247772217,model,2.93546462059021
jabref\src\main\java\org\jabref\gui\fieldeditors\OptionEditorViewModel.java,1.0002063512802124,0.0,model,1.0002063512802124
jabref\src\test\java\org\jabref\logic\database\DatabaseMergerTest.java,3.809260606765747,0.0,model,3.809260606765747
jabref\src\test\java\org\jabref\logic\crawler\StudyDatabaseToFetcherConverterTest.java,3.22833514213562,35.0,preferences,35.0
jabref\src\main\java\org\jabref\logic\exporter\SaveConfiguration.java,3.226714849472046,0.0,model,3.226714849472046
jabref\src\main\java\module-info.java,30.959453582763672,1.636955738067627,model,30.959453582763672
jabref\src\main\java\org\jabref\logic\shared\exception\SharedEntryNotPresentException.java,3.581644296646118,0.0,model,3.581644296646118
jabref\src\test\java\org\jabref\logic\layout\format\RemoveTildeTest.java,2.5358872413635254,0.0,model,2.5358872413635254
jabref\src\test\java\org\jabref\migrations\SpecialFieldsToSeparateFieldsTest.java,1.000221848487854,0.0,model,1.000221848487854
jabref\src\main\java\org\jabref\model\openoffice\uno\UnoRedlines.java,91.56071472167969,0.0,model,91.56071472167969
jabref\src\test\java\org\jabref\logic\layout\format\AuthorLastFirstOxfordCommasTest.java,2.5290918350219727,0.0,model,2.5290918350219727
jabref\src\test\java\org\jabref\gui\autocompleter\DefaultAutoCompleterTest.java,2.0001444816589355,0.0,model,2.0001444816589355
jabref\src\test\java\org\jabref\logic\layout\format\AuthorLF_FFAbbrTest.java,2.5726633071899414,0.0,model,2.5726633071899414
jabref\src\test\java\org\jabref\logic\layout\format\AuthorFirstAbbrLastOxfordCommasTest.java,2.5290918350219727,0.0,model,2.5290918350219727
jabref\src\main\java\org\jabref\model\openoffice\ootext\OOFormat.java,87.11425018310547,0.0,model,87.11425018310547
jabref\src\main\java\org\jabref\gui\duplicationFinder\DuplicateSearch.java,2.0001208782196045,36.573997497558594,preferences,36.573997497558594
jabref\src\main\java\org\jabref\logic\layout\format\XMLChars.java,34.9698486328125,0.0,model,34.9698486328125
jabref\src\main\java\org\jabref\logic\importer\Importer.java,5.730372428894043,0.0,model,5.730372428894043
jabref\src\main\java\org\jabref\logic\crawler\StudyFetcher.java,3.0242581367492676,0.0,model,3.0242581367492676
jabref\src\main\java\org\jabref\model\openoffice\rangesort\RangeOverlapBetween.java,81.93716430664062,0.0,model,81.93716430664062
jabref\src\main\java\org\jabref\gui\search\rules\describer\SearchDescriber.java,1.0002115964889526,0.0,model,1.0002115964889526
jabref\src\main\java\org\jabref\logic\util\strings\StringLengthComparator.java,2.5826597213745117,0.0,model,2.5826597213745117
jabref\src\main\java\org\jabref\gui\util\comparator\SpecialFieldComparator.java,1.0002039670944214,0.0,model,1.0002039670944214
jabref\src\main\java\org\jabref\logic\layout\format\NotFoundFormatter.java,2.580632448196411,0.0,model,2.580632448196411
jabref\src\main\java\org\jabref\gui\commonfxcontrols\FieldFormatterCleanupsPanelViewModel.java,3.525165319442749,0.0,model,3.525165319442749
jabref\src\test\java\org\jabref\logic\importer\util\FileFieldParserTest.java,4.185207843780518,1.836205005645752,model,4.185207843780518
jabref\src\main\java\org\jabref\logic\layout\format\WrapContent.java,2.566828489303589,0.0,model,2.566828489303589
jabref\src\main\java\org\jabref\gui\edit\ReplaceStringAction.java,1.0002050399780273,1.0,model,1.0002050399780273
jabref\src\main\java\org\jabref\migrations\ConvertMarkingToGroups.java,1.0001710653305054,0.0,model,1.0001710653305054
jabref\src\main\java\org\jabref\gui\openoffice\StyleSelectDialogViewModel.java,2.5319807529449463,35.0,preferences,35.0
jabref\src\main\java\org\jabref\logic\importer\fetcher\isbntobibtex\DoiToBibtexConverterComIsbnFetcher.java,5.4113450050354,0.0,model,5.4113450050354
jabref\src\main\java\org\jabref\logic\integrity\EntryChecker.java,2.595125913619995,0.0,model,2.595125913619995
jabref\src\main\java\org\jabref\gui\mergeentries\newmergedialog\ThreeWayMergeHeaderView.java,1.000195860862732,0.0,model,1.000195860862732
jabref\src\main\java\org\jabref\gui\specialfields\SpecialFieldsPreferences.java,1.0002070665359497,0.48780936002731323,model,1.0002070665359497
jabref\src\test\java\org\jabref\gui\commonfxcontrols\SaveOrderPanelViewModelTest.java,1.0001710653305054,0.0,model,1.0001710653305054
jabref\src\main\java\org\jabref\gui\util\NoSelectionModel.java,1.000197172164917,0.0,model,1.000197172164917
jabref\src\main\java\org\jabref\logic\importer\fileformat\MrDLibImporter.java,5.840302467346191,0.0,model,5.840302467346191
jabref\src\main\java\org\jabref\model\database\BibDatabases.java,98.11492156982422,0.0,model,98.11492156982422
jabref\src\main\java\org\jabref\gui\openoffice\OOBibBaseConnect.java,2.603741407394409,0.9622085094451904,model,2.603741407394409
jabref\src\main\java\org\jabref\gui\collab\DatabaseChangeList.java,2.000170946121216,0.0,model,2.000170946121216
jabref\src\main\java\org\jabref\gui\push\PushToApplicationSettings.java,1.7666329145431519,103.05764770507812,preferences,103.05764770507812
jabref\src\main\java\org\jabref\logic\importer\fetcher\transformers\YearRangeByFilteringQueryTransformer.java,2.5687599182128906,0.0,model,2.5687599182128906
jabref\src\main\java\org\jabref\gui\util\uithreadaware\UiThreadObservableList.java,2.523689031600952,0.4167592227458954,model,2.523689031600952
jabref\src\main\java\org\jabref\gui\theme\StyleSheetFile.java,5.685805797576904,1.3272862434387207,model,5.685805797576904
jabref\src\main\java\org\jabref\model\entry\Keyword.java,82.99491119384766,0.4743368923664093,model,82.99491119384766
jabref\src\test\java\org\jabref\logic\bst\BstVMTest.java,75.56504821777344,0.8108459711074829,model,75.56504821777344
jabref\src\main\java\org\jabref\logic\layout\format\FormatPagesForXML.java,2.5919597148895264,0.0,model,2.5919597148895264
jabref\src\main\java\org\jabref\logic\layout\format\DocBookVersion.java,2.5972557067871094,0.0,model,2.5972557067871094
jabref\src\main\java\org\jabref\model\database\event\AutosaveEvent.java,97.50300598144531,0.0,model,97.50300598144531
jabref\src\main\java\org\jabref\model\database\event\EntriesRemovedEvent.java,100.86112213134766,0.0,model,100.86112213134766
jabref\src\test\java\org\jabref\logic\importer\fileformat\BiblioscapeImporterFilesTest.java,2.5592310428619385,0.0,model,2.5592310428619385
jabref\src\main\java\org\jabref\gui\cleanup\CleanupSingleAction.java,2.00016713142395,107.93699645996094,preferences,107.93699645996094
jabref\src\main\java\org\jabref\gui\autocompleter\PersonNameStringConverter.java,2.000192165374756,100.0639419555664,preferences,100.0639419555664
jabref\src\test\java\org\jabref\logic\importer\fileformat\EndnoteImporterTest.java,7.893778324127197,1.0397942066192627,model,7.893778324127197
jabref\src\main\java\org\jabref\model\study\Study.java,84.54226684570312,0.0,model,84.54226684570312
jabref\src\main\java\org\jabref\gui\mergeentries\newmergedialog\cell\OpenExternalLinkAction.java,1.000199794769287,0.0,model,1.000199794769287
jabref\src\main\java\org\jabref\gui\edit\CopyDoiUrlAction.java,2.5752854347229004,0.0,model,2.5752854347229004
jabref\src\main\java\org\jabref\logic\citationkeypattern\GlobalCitationKeyPattern.java,2.5826597213745117,0.0,model,2.5826597213745117
jabref\src\main\java\org\jabref\logic\layout\format\NameFormatter.java,4.475398063659668,0.0,model,4.475398063659668
jabref\src\main\java\org\jabref\logic\importer\ParserResult.java,6.451061248779297,0.46366065740585327,model,6.451061248779297
jabref\src\main\java\org\jabref\gui\LibraryTab.java,57.57473373413086,35.80549240112305,model,57.57473373413086
jabref\src\test\java\org\jabref\migrations\MergeReviewIntoCommentActionMigrationTest.java,1.4618079662322998,1.9754633903503418,preferences,1.9754633903503418
jabref\src\main\java\org\jabref\gui\fieldeditors\contextmenu\DefaultMenu.java,2.6427886486053467,0.46366065740585327,model,2.6427886486053467
jabref\src\main\java\org\jabref\logic\layout\format\CreateBibORDFAuthors.java,2.516005039215088,2.1915817260742188,model,2.516005039215088
jabref\src\main\java\org\jabref\gui\entryeditor\fileannotationtab\FileAnnotationTab.java,1.000198483467102,0.0,model,1.000198483467102
jabref\src\main\java\org\jabref\logic\openoffice\backend\NamedRangeReferenceMark.java,3.0135650634765625,0.0,model,3.0135650634765625
jabref\src\main\java\org\jabref\model\database\event\EntriesAddedEvent.java,99.70528411865234,0.0,model,99.70528411865234
jabref\src\test\java\org\jabref\logic\bst\BstPreviewLayoutTest.java,32.2741584777832,2.1787919998168945,model,32.2741584777832
jabref\src\main\java\org\jabref\logic\importer\FulltextFetcher.java,2.589867353439331,0.0,model,2.589867353439331
jabref\src\main\java\org\jabref\logic\bst\BstFunctions.java,5.661619663238525,2.688300371170044,model,5.661619663238525
jabref\src\main\java\org\jabref\logic\shared\DBMSConnectionPropertiesBuilder.java,3.5358872413635254,2.8061559200286865,model,3.5358872413635254
jabref\src\main\java\org\jabref\gui\collab\stringadd\BibTexStringAddDetailsView.java,3.2973363399505615,0.0,model,3.2973363399505615
jabref\src\test\java\org\jabref\logic\cleanup\CleanupWorkerTest.java,3.9873178005218506,0.5966102480888367,model,3.9873178005218506
jabref\src\main\java\org\jabref\gui\preferences\PreferencesDialogView.java,3.9707460403442383,92.76628112792969,preferences,92.76628112792969
jabref\src\main\java\org\jabref\gui\fieldeditors\LinkedEntriesEditorViewModel.java,2.000194549560547,0.0,model,2.000194549560547
jabref\src\main\java\org\jabref\gui\keyboard\KeyBindingRepository.java,23.72726821899414,0.0,model,23.72726821899414
jabref\src\main\java\org\jabref\logic\crawler\StudyDatabaseToFetcherConverter.java,2.546414375305176,0.43965813517570496,model,2.546414375305176
jabref\src\main\java\org\jabref\gui\externalfiles\UnlinkedFilesDialogViewModel.java,2.7951974868774414,104.23277282714844,preferences,104.23277282714844
jabref\src\main\java\org\jabref\logic\shared\listener\PostgresSQLNotificationListener.java,2.557363271713257,0.0,model,2.557363271713257
jabref\src\main\java\org\jabref\gui\preferences\ShowPreferencesAction.java,1.0002063512802124,99.39323425292969,preferences,99.39323425292969
jabref\src\test\java\org\jabref\logic\formatter\casechanger\UpperCaseFormatterTest.java,2.546414375305176,1.7849555015563965,model,2.546414375305176
jabref\src\main\java\org\jabref\model\openoffice\style\CitationType.java,93.70825958251953,0.0,model,93.70825958251953
jabref\src\main\java\org\jabref\gui\preferences\nameformatter\NameFormatterTabViewModel.java,1.0001792907714844,100.34693908691406,preferences,100.34693908691406
jabref\src\test\java\org\jabref\logic\pdf\search\indexing\DocumentReaderTest.java,5.925983905792236,0.9517532587051392,model,5.925983905792236
jabref\src\main\java\org\jabref\gui\preferences\AbstractPreferenceTabView.java,23.747705459594727,97.9716796875,preferences,97.9716796875
jabref\src\test\java\org\jabref\gui\exporter\ExportToClipboardActionTest.java,18.929040908813477,101.72289276123047,preferences,101.72289276123047
jabref\src\main\java\org\jabref\model\groups\AbstractGroup.java,80.92598724365234,0.0,model,80.92598724365234
jabref\src\test\java\org\jabref\gui\groups\GroupTreeViewModelTest.java,100.42605590820312,35.0,model,100.42605590820312
jabref\src\main\java\org\jabref\logic\importer\fetcher\AstrophysicsDataSystem.java,34.31272506713867,82.28752899169922,preferences,82.28752899169922
jabref\src\test\java\org\jabref\logic\importer\fileformat\ImporterTestEngine.java,3.2831828594207764,0.6404961943626404,model,3.2831828594207764
jabref\src\main\java\org\jabref\gui\preferences\externalfiletypes\ExternalFileTypeItemViewModel.java,1.0001920461654663,94.9190902709961,preferences,94.9190902709961
jabref\src\test\java\org\jabref\logic\importer\fetcher\transformers\GVKQueryTransformerTest.java,3.2482755184173584,1.8783138990402222,model,3.2482755184173584
jabref\src\main\java\org\jabref\gui\entryeditor\OptionalFieldsTab.java,2.0002005100250244,97.54681396484375,preferences,97.54681396484375
jabref\src\main\java\org\jabref\gui\texparser\ReferenceViewModel.java,2.3332877159118652,0.0,model,2.3332877159118652
jabref\src\test\java\org\jabref\logic\integrity\IntegrityCheckTest.java,31.124380111694336,1.1473435163497925,model,31.124380111694336
jabref\src\main\java\org\jabref\gui\util\JabRefResourceLocator.java,1.0002096891403198,0.0,model,1.0002096891403198
jabref\src\main\java\org\jabref\model\openoffice\style\CitationGroups.java,73.2110824584961,2.54288649559021,model,73.2110824584961
jabref\src\main\java\org\jabref\model\groups\AutomaticPersonsGroup.java,88.42726135253906,0.4260196387767792,model,88.42726135253906
jabref\src\main\java\org\jabref\logic\xmp\XmpPreferences.java,2.5649096965789795,0.5578259229660034,model,2.5649096965789795
jabref\src\main\java\org\jabref\gui\copyfiles\CopyFilesAction.java,5.564123630523682,36.0,preferences,36.0
jabref\src\main\java\org\jabref\gui\preferences\entry\EntryTab.java,1.0001815557479858,91.62516021728516,preferences,91.62516021728516
jabref\src\main\java\org\jabref\gui\mergeentries\MultiMergeEntriesViewModel.java,1.0001771450042725,0.6122680902481079,model,1.0001771450042725
jabref\src\main\java\org\jabref\gui\undo\UndoablePreambleChange.java,1.000203251838684,0.0,model,1.000203251838684
jabref\src\test\java\org\jabref\logic\formatter\bibtexfields\HtmlToUnicodeFormatterTest.java,5.309002876281738,0.0,model,5.309002876281738
jabref\src\main\java\org\jabref\logic\pdf\FileAnnotationCache.java,5.351840972900391,0.0,model,5.351840972900391
jabref\src\main\java\org\jabref\gui\fieldeditors\CitationKeyEditor.java,2.0001883506774902,105.63300323486328,preferences,105.63300323486328
jabref\src\main\java\org\jabref\model\util\OptionalUtil.java,79.95836639404297,0.0,model,79.95836639404297
jabref\src\main\java\org\jabref\gui\edit\automaticfiededitor\editfieldcontent\EditFieldContentTabView.java,3.106403112411499,0.0,model,3.106403112411499
jabref\src\main\java\org\jabref\logic\importer\EntryBasedParserFetcher.java,2.5358872413635254,0.0,model,2.5358872413635254
jabref\src\main\java\org\jabref\logic\formatter\bibtexfields\EscapeAmpersandsFormatter.java,2.4975452423095703,0.0,model,2.4975452423095703
jabref\src\test\java\org\jabref\model\search\rules\MockSearchMatcher.java,93.60646057128906,0.0,model,93.60646057128906
jabref\src\main\java\org\jabref\preferences\PreferencesService.java,1.6883517503738403,96.1039047241211,preferences,96.1039047241211
jabref\src\main\java\org\jabref\logic\integrity\IntegrityMessage.java,3.686264991760254,0.0,model,3.686264991760254
jabref\src\main\java\org\jabref\model\openoffice\style\OODataModel.java,90.52852630615234,0.4541987180709839,model,90.52852630615234
jabref\src\main\java\org\jabref\logic\remote\RemoteUtil.java,2.594066619873047,0.0,model,2.594066619873047
jabref\src\test\java\org\jabref\logic\importer\fetcher\MrDLibFetcherTest.java,5.104039192199707,0.0,model,5.104039192199707
jabref\src\main\java\org\jabref\gui\mergeentries\MergeWithFetchedEntryAction.java,1.592759132385254,39.53699493408203,preferences,39.53699493408203
jabref\src\main\java\org\jabref\logic\layout\format\AuthorLF_FFAbbr.java,2.58778977394104,0.0,model,2.58778977394104
jabref\src\test\java\org\jabref\logic\integrity\DoiDuplicationCheckerTest.java,3.480360507965088,1.3574306964874268,model,3.480360507965088
jabref\src\main\java\org\jabref\logic\importer\fetcher\transformers\ArXivQueryTransformer.java,3.943007707595825,0.0,model,3.943007707595825
jabref\src\test\java\org\jabref\logic\importer\fileformat\BibtexImporterTest.java,59.5615119934082,3.4547393321990967,model,59.5615119934082
jabref\src\main\java\org\jabref\logic\protectedterms\ProtectedTermsParser.java,3.34800124168396,0.0,model,3.34800124168396
jabref\src\main\java\org\jabref\logic\integrity\DoiDuplicationChecker.java,8.054520606994629,0.9685593247413635,model,8.054520606994629
jabref\src\test\java\org\jabref\logic\importer\fileformat\PdfGrobidImporterTest.java,7.510284423828125,0.6063998937606812,model,7.510284423828125
jabref\src\main\java\org\jabref\logic\citationkeypattern\CitationKeyGenerator.java,3.4056386947631836,0.6318634152412415,model,3.4056386947631836
jabref\src\main\java\org\jabref\gui\search\SearchFieldRightClickMenu.java,2.268893003463745,0.7691677808761597,model,2.268893003463745
jabref\src\main\java\org\jabref\logic\importer\fetcher\MedlineFetcher.java,9.243485450744629,0.0,model,9.243485450744629
jabref\src\main\java\org\jabref\gui\commonfxcontrols\CitationKeyPatternPanelViewModel.java,1.0001771450042725,0.0,model,1.0001771450042725
jabref\src\main\java\org\jabref\model\search\rules\GrammarBasedSearchRule.java,69.1768569946289,1.2032759189605713,model,69.1768569946289
jabref\src\main\java\org\jabref\gui\collab\DatabaseChangeResolver.java,2.000209331512451,0.0,model,2.000209331512451
jabref\src\main\java\org\jabref\gui\edit\automaticfiededitor\copyormovecontent\CopyOrMoveFieldContentTabViewModel.java,1.0001503229141235,0.0,model,1.0001503229141235
jabref\src\test\java\org\jabref\logic\importer\fetcher\DoiResolutionTest.java,2.480360507965088,0.0,model,2.480360507965088
jabref\src\main\java\org\jabref\model\pdf\search\SearchResult.java,85.18487548828125,0.0,model,85.18487548828125
jabref\src\main\java\org\jabref\model\entry\SharedBibEntryData.java,90.52830505371094,0.0,model,90.52830505371094
jabref\src\main\java\org\jabref\gui\search\RebuildFulltextSearchIndexAction.java,2.0001792907714844,1.0,model,2.0001792907714844
jabref\src\test\java\org\jabref\logic\formatter\minifier\TruncateFormatterTest.java,2.5290918350219727,0.0,model,2.5290918350219727
jabref\src\test\java\org\jabref\logic\importer\fetcher\PicaXmlParserTest.java,2.480360507965088,0.8810476660728455,model,2.480360507965088
jabref\src\main\java\org\jabref\architecture\AllowedToUseSwing.java,1.0002145767211914,0.0,model,1.0002145767211914
jabref\src\main\java\org\jabref\gui\preferences\xmp\XmpPrivacyTabViewModel.java,1.0001710653305054,88.36553955078125,preferences,88.36553955078125
jabref\src\test\java\org\jabref\logic\layout\format\DefaultTest.java,3.6954503059387207,0.0,model,3.6954503059387207
jabref\src\test\java\org\jabref\logic\net\URLDownloadTest.java,3.2263379096984863,0.28869950771331787,model,3.2263379096984863
jabref\src\test\java\org\jabref\model\FieldChangeTest.java,85.86540985107422,0.0,model,85.86540985107422
jabref\src\main\java\org\jabref\logic\msbib\MSBibEntry.java,24.479997634887695,3.800222873687744,model,24.479997634887695
jabref\src\test\java\org\jabref\model\pdf\FileAnnotationTest.java,85.87673950195312,0.568489670753479,model,85.87673950195312
jabref\src\main\java\org\jabref\gui\undo\UndoableRemoveEntries.java,1.0001792907714844,1.0207493305206299,preferences,1.0207493305206299
jabref\src\main\java\org\jabref\logic\importer\SearchBasedParserFetcher.java,2.5224664211273193,0.0,model,2.5224664211273193
jabref\src\test\java\org\jabref\logic\importer\util\GrobidServiceTest.java,3.742182731628418,0.0,model,3.742182731628418
jabref\src\main\java\org\jabref\logic\importer\fetcher\DoiResolution.java,2.727876901626587,1.0,model,2.727876901626587
jabref\src\main\java\org\jabref\logic\msbib\MsBibAuthor.java,2.5428597927093506,0.0,model,2.5428597927093506
jabref\src\main\java\org\jabref\logic\bst\BstVMVisitor.java,2.7857959270477295,0.5068060755729675,model,2.7857959270477295
jabref\src\test\java\org\jabref\logic\remote\RemoteSetupTest.java,2.887347936630249,0.0,model,2.887347936630249
jabref\buildSrc\src\copied\java\org\jabref\logic\journals\AbbreviationParser.java,3.1474173069000244,0.0,model,3.1474173069000244
jabref\src\test\java\org\jabref\logic\importer\fetcher\GvkFetcherTest.java,4.5556721687316895,1.4310075044631958,model,4.5556721687316895
jabref\src\main\java\org\jabref\gui\util\CustomTitledPaneSkin.java,1.0001444816589355,0.28082817792892456,model,1.0001444816589355
jabref\src\test\java\org\jabref\logic\exporter\ModsExportFormatFilesTest.java,25.38958740234375,0.8883982300758362,model,25.38958740234375
jabref\src\test\java\org\jabref\gui\externalfiles\UnlinkedFilesCrawlerTest.java,5.355184555053711,0.5958271026611328,model,5.355184555053711
jabref\src\main\java\org\jabref\model\search\rules\ContainsBasedSearchRule.java,87.11425018310547,1.9172861576080322,model,87.11425018310547
jabref\src\main\java\org\jabref\logic\cleanup\RenamePdfCleanup.java,5.0756731033325195,0.0,model,5.0756731033325195
jabref\src\main\java\org\jabref\logic\layout\format\DOIStrip.java,2.5847010612487793,0.0,model,2.5847010612487793
jabref\src\main\java\org\jabref\model\study\StudyQuery.java,90.71102142333984,0.0,model,90.71102142333984
jabref\src\main\java\org\jabref\model\search\rules\SearchRule.java,93.50501251220703,0.0,model,93.50501251220703
jabref\src\main\java\org\jabref\gui\maintable\columns\MainTableColumn.java,101.85807800292969,0.0,model,101.85807800292969
jabref\src\main\java\org\jabref\logic\exporter\AtomicFileWriter.java,3.2300641536712646,0.43965813517570496,model,3.2300641536712646
jabref\src\test\java\org\jabref\gui\externalfiles\GitIgnoreFileFilterTest.java,1.7574819326400757,0.0,model,1.7574819326400757
jabref\src\main\java\org\jabref\model\metadata\event\MetaDataChangedEvent.java,95.54071807861328,0.0,model,95.54071807861328
jabref\src\main\java\org\jabref\model\groups\AutomaticGroup.java,91.26658630371094,0.46443885564804077,model,91.26658630371094
jabref\src\test\java\org\jabref\logic\importer\fetcher\SpringerLinkTest.java,3.71301531791687,1.6497304439544678,model,3.71301531791687
jabref\src\main\java\org\jabref\logic\citationstyle\CitationStyleOutputFormat.java,2.57761812210083,0.0,model,2.57761812210083
jabref\src\test\java\org\jabref\logic\cleanup\DoiDecodeCleanupTest.java,2.480360507965088,0.0,model,2.480360507965088
jabref\src\main\java\org\jabref\model\openoffice\rangesort\FunctionalTextViewCursor.java,80.92598724365234,0.0,model,80.92598724365234
jabref\src\main\java\org\jabref\logic\formatter\casechanger\ProtectTermsFormatter.java,4.376842975616455,0.0,model,4.376842975616455
jabref\src\test\java\org\jabref\gui\mergeentries\ThreeWayMergeViewModelTest.java,1.4255783557891846,1.1139649152755737,model,1.4255783557891846
jabref\src\main\java\org\jabref\gui\push\PushToWinEdt.java,1.0002039670944214,35.0,preferences,35.0
jabref\src\main\java\org\jabref\gui\externalfiles\FindUnlinkedFilesAction.java,1.0002070665359497,1.0,model,1.0002070665359497
jabref\src\test\java\org\jabref\logic\importer\fetcher\transformers\ArXivQueryTransformerTest.java,3.2706496715545654,0.0,model,3.2706496715545654
jabref\src\main\java\org\jabref\logic\database\DatabaseMerger.java,3.4307663440704346,0.0,model,3.4307663440704346
jabref\src\main\java\org\jabref\model\search\rules\RegexBasedSearchRule.java,86.48210906982422,1.8799521923065186,model,86.48210906982422
jabref\src\main\java\org\jabref\model\database\BibDatabaseModeDetection.java,93.60785675048828,0.0,model,93.60785675048828
jabref\src\main\java\org\jabref\logic\layout\format\CSLType.java,2.5726633071899414,0.0,model,2.5726633071899414
jabref\src\main\java\org\jabref\gui\Globals.java,1.4121673107147217,1.53939950466156,preferences,1.53939950466156
jabref\src\main\java\org\jabref\gui\undo\CountingUndoManager.java,2.5671238899230957,0.0,model,2.5671238899230957
jabref\src\main\java\org\jabref\gui\collab\stringdelete\BibTexStringDeleteDetailsView.java,5.503650665283203,0.0,model,5.503650665283203
jabref\src\main\java\org\jabref\model\openoffice\style\CitedKey.java,83.64324951171875,2.0240111351013184,model,83.64324951171875
jabref\src\test\java\org\jabref\model\database\BibDatabaseContextTest.java,76.02312469482422,2.7619595527648926,model,76.02312469482422
jabref\src\main\java\org\jabref\model\openoffice\uno\UnoUndo.java,90.52830505371094,0.0,model,90.52830505371094
jabref\src\main\java\org\jabref\gui\edit\OpenBrowserAction.java,1.0002086162567139,0.0,model,1.0002086162567139
jabref\src\main\java\org\jabref\gui\fieldeditors\OwnerEditorViewModel.java,1.0002063512802124,106.25704193115234,preferences,106.25704193115234
jabref\src\test\java\org\jabref\logic\git\SlrGitHandlerTest.java,3.205409049987793,1.6889808177947998,model,3.205409049987793
jabref\src\main\java\org\jabref\gui\exporter\ExporterViewModel.java,1.0002018213272095,0.0,model,1.0002018213272095
jabref\src\main\java\org\jabref\logic\pdf\search\retrieval\PdfSearcher.java,3.503549814224243,0.0,model,3.503549814224243
jabref\src\main\java\org\jabref\logic\layout\format\RemoveLatexCommandsFormatter.java,2.5097012519836426,0.0,model,2.5097012519836426
jabref\src\main\java\org\jabref\model\entry\field\OrFields.java,90.16651153564453,0.0,model,90.16651153564453
jabref\src\main\java\org\jabref\gui\fieldeditors\LinkedFilesEditor.java,29.246994018554688,71.02854919433594,preferences,71.02854919433594
jabref\src\main\java\org\jabref\logic\integrity\UTF8Checker.java,4.9137139320373535,0.0,model,4.9137139320373535
jabref\src\test\java\org\jabref\model\event\EventListenerTest.java,93.15855407714844,0.0,model,93.15855407714844
jabref\src\test\java\org\jabref\logic\openoffice\style\OOBibStyleTest.java,3.89788556098938,0.06254684925079346,model,3.89788556098938
jabref\src\main\java\org\jabref\logic\layout\LayoutFormatterBasedFormatter.java,2.5687599182128906,0.0,model,2.5687599182128906
jabref\src\main\java\org\jabref\gui\externalfiles\ExternalFilesEntryLinker.java,1.7937806844711304,0.0,model,1.7937806844711304
jabref\src\main\java\org\jabref\model\openoffice\uno\UnoCrossRef.java,86.39608764648438,0.0,model,86.39608764648438
jabref\src\main\java\org\jabref\gui\maintable\RightClickMenu.java,1.9486232995986938,35.57502746582031,preferences,35.57502746582031
jabref\src\test\java\org\jabref\logic\formatter\bibtexfields\RemoveHyphenatedNewlinesFormatterTest.java,2.557363271713257,1.506859540939331,model,2.557363271713257
jabref\src\main\java\org\jabref\gui\libraryproperties\contentselectors\ContentSelectorViewModel.java,2.000129461288452,0.7794026136398315,model,2.000129461288452
jabref\src\main\java\org\jabref\logic\formatter\bibtexfields\ReplaceTabsBySpaceFormater.java,2.5592310428619385,0.0,model,2.5592310428619385
jabref\src\main\java\org\jabref\gui\entryeditor\OpenEntryEditorAction.java,1.0002046823501587,1.0,model,1.0002046823501587
jabref\src\main\java\org\jabref\gui\EntryTypeView.java,19.453142166137695,96.2293701171875,preferences,96.2293701171875
jabref\src\main\java\org\jabref\gui\slr\ManageStudyDefinitionView.java,15.583338737487793,35.324771881103516,preferences,35.324771881103516
jabref\src\main\java\org\jabref\gui\util\uithreadaware\UiThreadInvalidationListener.java,1.0002039670944214,0.0,model,1.0002039670944214
jabref\src\main\java\org\jabref\logic\integrity\DateChecker.java,3.6530721187591553,0.0,model,3.6530721187591553
jabref\src\main\java\org\jabref\logic\protectedterms\ProtectedTermsLoader.java,3.1400489807128906,103.84539794921875,preferences,103.84539794921875
jabref\src\main\java\org\jabref\gui\fieldeditors\KeywordsEditor.java,1.000207543373108,99.73045349121094,preferences,99.73045349121094
jabref\src\main\java\org\jabref\gui\preferences\network\CustomCertificateViewModel.java,1.6226838827133179,90.27467346191406,preferences,90.27467346191406
jabref\src\main\java\org\jabref\gui\preferences\file\FileTab.java,1.0001837015151978,92.3254623413086,preferences,92.3254623413086
jabref\src\main\java\org\jabref\gui\search\rules\describer\GrammarBasedSearchRuleDescriber.java,1.3274294137954712,0.8625437617301941,model,1.3274294137954712
jabref\src\main\java\org\jabref\model\groups\LastNameGroup.java,88.76611328125,0.0,model,88.76611328125
jabref\src\test\java\org\jabref\gui\edit\RenameFieldViewModelTest.java,2.119245767593384,0.0,model,2.119245767593384
jabref\src\main\java\org\jabref\gui\specialfields\SpecialFieldViewModel.java,1.0001771450042725,35.0,preferences,35.0
jabref\src\main\java\org\jabref\gui\collab\preamblechange\PreambleChangeDetailsView.java,3.2184832096099854,0.41738784313201904,model,3.2184832096099854
jabref\src\test\java\org\jabref\logic\layout\format\RemoveWhitespaceTest.java,2.557363271713257,0.0,model,2.557363271713257
jabref\src\main\java\org\jabref\gui\errorconsole\ErrorConsoleViewModel.java,3.3349688053131104,3.97271466255188,preferences,3.97271466255188
jabref\src\main\java\org\jabref\gui\preferences\customexporter\CustomExporterTab.java,1.0001860857009888,93.04329681396484,preferences,93.04329681396484
jabref\src\main\java\org\jabref\logic\citationkeypattern\BracketedPattern.java,4.50249719619751,0.0,model,4.50249719619751
jabref\src\main\java\org\jabref\logic\externalfiles\ExternalFilesContentImporter.java,3.2847461700439453,0.0,model,3.2847461700439453
jabref\src\main\java\org\jabref\gui\util\BaseDialog.java,5.818798542022705,0.0,model,5.818798542022705
jabref\src\main\java\org\jabref\logic\layout\LayoutFormatterPreferences.java,2.5611112117767334,0.0,model,2.5611112117767334
jabref\src\main\java\org\jabref\gui\externalfiles\DownloadFullTextAction.java,6.8270416259765625,101.84528350830078,preferences,101.84528350830078
jabref\src\main\java\org\jabref\model\openoffice\style\CitationMarkerEntry.java,93.91294860839844,0.0,model,93.91294860839844
jabref\src\main\java\org\jabref\logic\openoffice\frontend\OOFrontend.java,3.2626450061798096,1.0,model,3.2626450061798096
jabref\src\test\java\org\jabref\gui\util\comparator\RankingFieldComparatorTest.java,1.0001908540725708,0.0,model,1.0001908540725708
jabref\src\main\java\org\jabref\gui\edit\automaticfiededitor\AutomaticFieldEditorTab.java,1.00021231174469,0.0,model,1.00021231174469
jabref\src\test\java\org\jabref\logic\importer\ImporterTest.java,2.4695487022399902,0.0,model,2.4695487022399902
jabref\src\main\java\org\jabref\logic\util\strings\QuotedStringTokenizer.java,2.539350986480713,0.0,model,2.539350986480713
jabref\src\main\java\org\jabref\logic\formatter\bibtexfields\ShortenDOIFormatter.java,27.23344612121582,0.0,model,27.23344612121582
jabref\src\main\java\org\jabref\model\entry\identifier\ISBN.java,82.99491119384766,0.0,model,82.99491119384766
jabref\src\test\java\org\jabref\logic\openoffice\style\OOBibStyleTestHelper.java,3.2626450061798096,0.0,model,3.2626450061798096
jabref\src\main\java\org\jabref\model\entry\types\EntryTypeFactory.java,85.47283172607422,0.0,model,85.47283172607422
jabref\src\main\java\org\jabref\logic\importer\fileformat\InspecImporter.java,2.413682460784912,0.0,model,2.413682460784912
jabref\src\test\java\org\jabref\logic\remote\RemoteUtilTest.java,2.5224664211273193,0.0,model,2.5224664211273193
jabref\src\main\java\org\jabref\gui\groups\GroupModeViewModel.java,72.6545181274414,0.0,model,72.6545181274414
jabref\src\main\java\org\jabref\logic\net\ProgressInputStream.java,2.5290918350219727,0.41738784313201904,model,2.5290918350219727
jabref\src\test\java\org\jabref\logic\cleanup\TimeStampToCreationDateTest.java,2.3396053314208984,0.0,model,2.3396053314208984
jabref\src\test\java\org\jabref\gui\util\comparator\NumericFieldComparatorTest.java,1.0001837015151978,0.0,model,1.0001837015151978
jabref\src\main\java\org\jabref\logic\importer\fetcher\GrobidPreferences.java,2.5536651611328125,0.5893476009368896,model,2.5536651611328125
jabref\src\main\java\org\jabref\gui\logging\ApplicationInsightsWriter.java,4.146284580230713,0.0,model,4.146284580230713
jabref\src\main\java\org\jabref\logic\auxparser\DefaultAuxParser.java,4.933361530303955,0.0,model,4.933361530303955
jabref\src\main\java\org\jabref\gui\libraryproperties\LibraryPropertiesAction.java,2.0001983642578125,1.0,model,2.0001983642578125
jabref\src\main\java\org\jabref\logic\importer\ParseException.java,2.586756706237793,0.0,model,2.586756706237793
jabref\src\test\java\org\jabref\logic\bibtex\FieldContentFormatterTest.java,3.2393975257873535,0.0,model,3.2393975257873535
jabref\src\main\java\org\jabref\gui\integrity\IntegrityCheckAction.java,4.003757953643799,1.0,model,4.003757953643799
jabref\src\main\java\org\jabref\gui\undo\UndoRedoAction.java,1.0001860857009888,1.0,model,1.0001860857009888
jabref\src\test\java\org\jabref\logic\integrity\AbbreviationCheckerTest.java,2.9491143226623535,0.0,model,2.9491143226623535
jabref\src\test\java\org\jabref\testutils\category\DatabaseTest.java,2.0002100467681885,0.0,model,2.0002100467681885
jabref\src\main\java\org\jabref\model\openoffice\style\CitationGroupId.java,93.91294860839844,0.0,model,93.91294860839844
jabref\src\main\java\org\jabref\logic\integrity\ISBNChecker.java,2.5687599182128906,0.0,model,2.5687599182128906
jabref\src\main\java\org\jabref\gui\util\DefaultTaskExecutor.java,3.8399112224578857,0.0,model,3.8399112224578857
jabref\src\main\java\org\jabref\logic\importer\fetcher\transformers\ZbMathQueryTransformer.java,3.1914656162261963,0.0,model,3.1914656162261963
jabref\src\main\java\org\jabref\gui\entryeditor\PreviewSwitchAction.java,1.0002025365829468,1.0,model,1.0002025365829468
jabref\src\main\java\org\jabref\model\openoffice\style\CitationGroup.java,84.5423812866211,0.0,model,84.5423812866211
jabref\src\main\java\org\jabref\logic\bst\util\BstPurifier.java,2.5097012519836426,0.8349419236183167,model,2.5097012519836426
jabref\src\main\java\org\jabref\gui\entryeditor\LatexCitationsTab.java,3.963331699371338,35.26630783081055,preferences,35.26630783081055
jabref\src\main\java\org\jabref\gui\search\SearchResultsTable.java,92.47968292236328,35.0,model,92.47968292236328
jabref\src\test\java\org\jabref\model\entry\EntryTypeFactoryTest.java,93.70825958251953,0.0,model,93.70825958251953
jabref\src\main\java\org\jabref\model\entry\identifier\EprintIdentifier.java,94.01583862304688,0.0,model,94.01583862304688
jabref\src\main\java\org\jabref\gui\entryeditor\UserDefinedFieldsTab.java,2.0001957416534424,97.64702606201172,preferences,97.64702606201172
jabref\src\main\java\org\jabref\logic\exporter\XmpExporter.java,4.29758358001709,0.0,model,4.29758358001709
jabref\src\main\java\org\jabref\model\entry\EntryConverter.java,87.11425018310547,0.0,model,87.11425018310547
jabref\src\main\java\org\jabref\logic\importer\fileformat\medline\PersonalNameSubject.java,2.594066619873047,1.0,model,2.594066619873047
jabref\src\main\java\org\jabref\gui\mergeentries\EntriesMergeResult.java,1.0002100467681885,0.0,model,1.0002100467681885
jabref\src\main\java\org\jabref\gui\groups\GroupDialogViewModel.java,2.797215223312378,35.8697509765625,preferences,35.8697509765625
jabref\src\test\java\org\jabref\logic\integrity\BracesCorrectorTest.java,2.550015926361084,0.0,model,2.550015926361084
jabref\src\main\java\org\jabref\logic\util\io\FileFinders.java,2.5826597213745117,0.0,model,2.5826597213745117
jabref\src\test\java\org\jabref\logic\integrity\EditionCheckerTest.java,2.4592127799987793,0.0,model,2.4592127799987793
jabref\src\main\java\org\jabref\gui\libraryproperties\LibraryPropertiesView.java,4.359780788421631,0.0,model,4.359780788421631
jabref\src\main\java\org\jabref\gui\actions\SimpleCommand.java,1.0002052783966064,0.0,model,1.0002052783966064
jabref\src\main\java\org\jabref\logic\util\io\FileFinder.java,3.323206901550293,0.0,model,3.323206901550293
jabref\src\main\java\org\jabref\logic\util\DelayTaskThrottler.java,2.532467842102051,0.0,model,2.532467842102051
jabref\src\main\java\org\jabref\logic\importer\fileformat\CopacImporter.java,35.493560791015625,0.0,model,35.493560791015625
jabref\src\main\java\org\jabref\logic\integrity\ValueChecker.java,2.5983262062072754,0.0,model,2.5983262062072754
jabref\src\main\java\org\jabref\gui\preferences\externalfiletypes\ExternalFileTypesTab.java,4.520350933074951,84.9173583984375,preferences,84.9173583984375
jabref\src\main\java\org\jabref\gui\importer\ImportEntriesViewModel.java,2.439323663711548,102.19451141357422,preferences,102.19451141357422
jabref\src\main\java\org\jabref\gui\autocompleter\WordSuggestionProvider.java,2.0002052783966064,0.0,model,2.0002052783966064
jabref\src\main\java\org\jabref\model\entry\field\IEEEField.java,87.11425018310547,0.40909889340400696,model,87.11425018310547
jabref\src\test\java\org\jabref\logic\layout\format\RisMonthTest.java,2.5428597927093506,0.4350159466266632,model,2.5428597927093506
jabref\src\main\java\org\jabref\logic\importer\fileformat\mods\RecordInfo.java,30.35625457763672,0.5703750848770142,model,30.35625457763672
jabref\src\main\java\org\jabref\gui\logging\ApplicationInsightsLogEvent.java,1.0001710653305054,3.183128595352173,preferences,3.183128595352173
jabref\src\main\java\org\jabref\gui\collab\metedatachange\MetadataChange.java,2.0002005100250244,0.0,model,2.0002005100250244
jabref\src\main\java\org\jabref\gui\maintable\columns\FileColumn.java,110.52539825439453,35.0,model,110.52539825439453
jabref\src\test\java\org\jabref\logic\importer\fileformat\CitaviXmlImporterFilesTest.java,2.5428597927093506,0.0,model,2.5428597927093506
jabref\src\test\java\org\jabref\logic\layout\format\RemoveBracketsAddCommaTest.java,2.5611112117767334,0.0,model,2.5611112117767334
jabref\src\main\java\org\jabref\logic\layout\format\RemoveBrackets.java,2.5796241760253906,0.0,model,2.5796241760253906
jabref\src\main\java\org\jabref\logic\xmp\XmpUtilReader.java,3.2429428100585938,0.0,model,3.2429428100585938
jabref\src\main\java\org\jabref\logic\importer\fetcher\transformers\ScholarQueryTransformer.java,2.570704936981201,0.0,model,2.570704936981201
jabref\src\main\java\org\jabref\gui\documentviewer\PdfDocumentPageViewModel.java,1.6378976106643677,0.9206054210662842,model,1.6378976106643677
jabref\src\test\java\org\jabref\gui\mergeentries\GroupMergerTest.java,1.0001883506774902,0.0,model,1.0001883506774902
jabref\src\main\java\org\jabref\logic\remote\server\RemoteListenerServerThread.java,2.5687742233276367,0.0,model,2.5687742233276367
jabref\src\main\java\org\jabref\logic\util\strings\StringManipulator.java,2.4398486614227295,0.7454068660736084,model,2.4398486614227295
jabref\src\main\java\org\jabref\gui\openoffice\OOBibBase.java,12.889768600463867,22.98172378540039,preferences,22.98172378540039
jabref\src\test\java\org\jabref\logic\layout\format\ReplaceUnicodeLigaturesFormatterTest.java,4.036165714263916,2.8414342403411865,model,4.036165714263916
jabref\src\main\java\org\jabref\gui\entryeditor\fileannotationtab\FileAnnotationTabView.java,36.32999801635742,0.0,model,36.32999801635742
jabref\src\main\java\org\jabref\gui\util\OnlyIntegerFormatter.java,2.0002050399780273,0.0,model,2.0002050399780273
jabref\src\test\java\org\jabref\logic\importer\fileformat\RISImporterTest.java,3.246387004852295,0.0,model,3.246387004852295
jabref\src\test\java\org\jabref\logic\shared\ConnectorTest.java,3.5325052738189697,0.0,model,3.5325052738189697
jabref\src\main\java\org\jabref\logic\openoffice\style\StyleLoader.java,2.9697225093841553,0.0,model,2.9697225093841553
jabref\src\main\java\org\jabref\model\entry\identifier\Identifier.java,94.01583862304688,0.0,model,94.01583862304688
jabref\src\main\java\org\jabref\gui\sidepane\SidePaneType.java,1.000198483467102,0.0,model,1.000198483467102
jabref\src\test\java\org\jabref\logic\cleanup\ConvertToBiblatexCleanupTest.java,3.5600600242614746,0.0,model,3.5600600242614746
jabref\src\test\java\org\jabref\gui\search\GetLastSearchHistoryTest.java,1.0001792907714844,0.0,model,1.0001792907714844
jabref\src\main\java\org\jabref\architecture\AllowedToUseStandardStreams.java,1.0002145767211914,0.0,model,1.0002145767211914
jabref\src\main\java\org\jabref\logic\shared\event\UpdateRefusedEvent.java,4.367926120758057,0.0,model,4.367926120758057
jabref\src\main\java\org\jabref\gui\preferences\file\FileTabViewModel.java,1.0001883506774902,93.77934265136719,preferences,93.77934265136719
jabref\src\test\java\org\jabref\logic\util\VersionTest.java,3.1181881427764893,0.0,model,3.1181881427764893
jabref\src\test\java\org\jabref\logic\util\ExternalLinkCreatorTest.java,2.5464303493499756,0.0,model,2.5464303493499756
jabref\src\main\java\org\jabref\gui\DialogService.java,1.7499359846115112,0.0,model,1.7499359846115112
jabref\src\main\java\org\jabref\logic\layout\format\RisKeywords.java,2.5630040168762207,0.0,model,2.5630040168762207
jabref\src\main\java\org\jabref\gui\shared\PullChangesFromSharedAction.java,2.000204563140869,1.0,model,2.000204563140869
jabref\src\main\java\org\jabref\gui\openoffice\AdvancedCiteDialogViewModel.java,1.0002107620239258,0.0,model,1.0002107620239258
jabref\src\main\java\org\jabref\gui\groups\GroupsPreferences.java,1.0001908540725708,0.6020519733428955,model,1.0001908540725708
jabref\src\test\java\org\jabref\gui\search\GrammarBasedSearchRuleDescriberTest.java,1.7464486360549927,0.0,model,1.7464486360549927
jabref\src\main\java\org\jabref\logic\importer\ImportFormatReader.java,7.057464599609375,0.0,model,7.057464599609375
jabref\src\main\java\org\jabref\model\groups\ExplicitGroup.java,87.38392639160156,0.0,model,87.38392639160156
jabref\src\main\java\org\jabref\gui\maintable\MainTableColumnFactory.java,21.7545108795166,35.0,preferences,35.0
jabref\src\main\java\org\jabref\gui\util\FieldsUtil.java,1.0001945495605469,0.0,model,1.0001945495605469
jabref\src\main\java\org\jabref\gui\documentviewer\DocumentViewModel.java,1.0002107620239258,0.0,model,1.0002107620239258
jabref\src\main\java\org\jabref\logic\integrity\AmpersandChecker.java,4.300857067108154,0.0,model,4.300857067108154
jabref\src\test\java\org\jabref\gui\search\TextFlowEqualityHelper.java,1.0001908540725708,0.0,model,1.0001908540725708
jabref\src\main\java\org\jabref\logic\undo\UndoChangeEvent.java,2.5796241760253906,0.0,model,2.5796241760253906
jabref\src\main\java\org\jabref\model\entry\Author.java,67.19329833984375,0.0,model,67.19329833984375
jabref\src\test\java\org\jabref\logic\importer\fetcher\DiVATest.java,6.469344139099121,0.0,model,6.469344139099121
jabref\src\main\java\org\jabref\gui\mergeentries\newmergedialog\ThreeWayMergeView.java,2.0170798301696777,0.0,model,2.0170798301696777
jabref\src\main\java\org\jabref\gui\mergeentries\newmergedialog\fieldsmerger\FileMerger.java,1.000198483467102,0.0,model,1.000198483467102
jabref\src\main\java\org\jabref\gui\util\FileDialogConfiguration.java,1.7062458992004395,0.0,model,1.7062458992004395
jabref\src\main\java\org\jabref\logic\openoffice\OpenOfficePreferences.java,2.503549814224243,1.993521809577942,model,2.503549814224243
jabref\src\test\java\org\jabref\logic\citationstyle\CitationStyleGeneratorTest.java,16.897106170654297,3.417283296585083,model,16.897106170654297
jabref\src\main\java\org\jabref\logic\layout\format\RTFChars.java,5.64351749420166,0.4522113800048828,model,5.64351749420166
jabref\src\main\java\org\jabref\logic\importer\ImportFormatPreferences.java,2.58778977394104,0.0,model,2.58778977394104
jabref\src\main\java\org\jabref\logic\importer\util\INSPIREBibtexFilterReader.java,2.5358872413635254,0.0,model,2.5358872413635254
jabref\src\main\java\org\jabref\logic\layout\format\CreateDocBook5Authors.java,2.5726633071899414,0.0,model,2.5726633071899414
jabref\src\main\java\org\jabref\gui\cleanup\CleanupPresetPanel.java,19.17405891418457,0.46108537912368774,model,19.17405891418457
jabref\src\main\java\org\jabref\gui\util\uithreadaware\UiThreadHelper.java,1.0002096891403198,0.0,model,1.0002096891403198
jabref\src\test\java\org\jabref\performance\BibtexEntryGenerator.java,1.0001933574676514,1.2577013969421387,preferences,1.2577013969421387
jabref\src\main\java\org\jabref\logic\integrity\BracesCorrector.java,4.725162029266357,0.0,model,4.725162029266357
jabref\src\main\java\org\jabref\gui\entryeditor\EntryEditorTab.java,1.000203251838684,0.0,model,1.000203251838684
jabref\src\main\java\org\jabref\logic\layout\format\NameFormatterPreferences.java,2.5649096965789795,0.0,model,2.5649096965789795
jabref\src\test\java\org\jabref\logic\formatter\bibtexfields\UnitsToLatexFormatterTest.java,2.5687599182128906,0.0,model,2.5687599182128906
jabref\src\main\java\org\jabref\logic\integrity\CitationKeyDuplicationChecker.java,3.5611112117767334,0.0,model,3.5611112117767334
jabref\src\main\java\org\jabref\gui\maintable\columns\LinkedIdentifierColumn.java,104.27401733398438,98.892333984375,model,104.27401733398438
jabref\src\main\java\org\jabref\logic\cleanup\FileLinksCleanup.java,2.5536651611328125,0.0,model,2.5536651611328125
jabref\src\main\java\org\jabref\gui\fieldeditors\PersonsEditorViewModel.java,1.0002018213272095,104.9049072265625,preferences,104.9049072265625
jabref\src\main\java\org\jabref\logic\openoffice\style\OOProcessCitationKeyMarkers.java,2.5649096965789795,0.0,model,2.5649096965789795
jabref\src\test\java\org\jabref\logic\bst\util\BstTextPrefixerTest.java,4.370680332183838,1.9870522022247314,model,4.370680332183838
jabref\src\test\java\org\jabref\logic\formatter\bibtexfields\NormalizePagesFormatterTest.java,2.44932222366333,0.0,model,2.44932222366333
jabref\src\main\java\org\jabref\logic\bst\util\BstCaseChanger.java,32.302406311035156,0.5387664437294006,model,32.302406311035156
jabref\src\main\java\org\jabref\gui\groups\UndoableAddOrRemoveGroup.java,1.0001672506332397,0.0,model,1.0001672506332397
jabref\src\main\java\org\jabref\gui\exporter\WriteMetadataToPdfAction.java,16.359195709228516,1.0,model,16.359195709228516
jabref\src\main\java\org\jabref\gui\texparser\ParseLatexResultViewModel.java,3.1486663818359375,48.9538688659668,preferences,48.9538688659668
jabref\src\main\java\org\jabref\logic\l10n\Encodings.java,2.5611112117767334,0.0,model,2.5611112117767334
jabref\src\main\java\org\jabref\logic\cleanup\MoveFieldCleanup.java,2.5630040168762207,0.0,model,2.5630040168762207
jabref\src\test\java\org\jabref\logic\importer\fetcher\isbntobibtex\OpenLibraryIsbnFetcherTest.java,3.901226282119751,0.0,model,3.901226282119751
jabref\src\main\java\org\jabref\model\entry\LinkedFile.java,79.49949645996094,0.6495738625526428,model,79.49949645996094
jabref\src\main\java\org\jabref\logic\util\strings\UnicodeLigaturesMap.java,2.480360507965088,0.893740713596344,model,2.480360507965088
jabref\src\main\java\org\jabref\gui\libraryproperties\PropertiesTab.java,25.708473205566406,0.0,model,25.708473205566406
jabref\src\main\java\org\jabref\model\entry\field\BiblatexSoftwareField.java,86.86540985107422,0.3934709429740906,model,86.86540985107422
jabref\src\main\java\org\jabref\gui\preview\CopyCitationAction.java,1.3659424781799316,1.7183865308761597,preferences,1.7183865308761597
jabref\src\main\java\org\jabref\logic\util\strings\XmlCharsMap.java,2.376366138458252,0.0,model,2.376366138458252
jabref\src\main\java\org\jabref\logic\importer\fetcher\IEEE.java,4.758090019226074,1.0,model,4.758090019226074
jabref\src\main\java\org\jabref\gui\push\PushToVim.java,2.0001635551452637,86.51978302001953,preferences,86.51978302001953
jabref\src\main\java\org\jabref\logic\bibtex\FileFieldWriter.java,2.5290918350219727,0.0,model,2.5290918350219727
jabref\src\main\java\org\jabref\logic\help\HelpFile.java,6.541074752807617,0.5228927135467529,model,6.541074752807617
jabref\src\test\java\org\jabref\logic\layout\format\MarkdownFormatterTest.java,3.1604573726654053,0.0,model,3.1604573726654053
jabref\src\main\java\org\jabref\logic\util\Version.java,2.938021183013916,0.7799226641654968,model,2.938021183013916
jabref\src\test\java\org\jabref\logic\integrity\JournalInAbbreviationListCheckerTest.java,2.503549814224243,0.0,model,2.503549814224243
jabref\src\main\java\org\jabref\logic\integrity\HowPublishedChecker.java,3.566828489303589,0.0,model,3.566828489303589
jabref\src\main\java\org\jabref\gui\edit\automaticfiededitor\renamefield\RenameFieldViewModel.java,2.0001749992370605,0.48551636934280396,model,2.0001749992370605
jabref\src\test\java\org\jabref\logic\importer\fetcher\CrossRefTest.java,2.3188436031341553,0.0,model,2.3188436031341553
jabref\src\main\java\org\jabref\logic\layout\format\LatexToUnicodeFormatter.java,2.566828489303589,0.0,model,2.566828489303589
jabref\src\test\java\org\jabref\model\groups\WordKeywordGroupTest.java,77.2904052734375,0.0,model,77.2904052734375
jabref\src\test\java\org\jabref\model\entry\KeywordListTest.java,149.3289794921875,0.0,model,149.3289794921875
jabref\src\main\java\org\jabref\gui\fieldeditors\SimpleEditorViewModel.java,1.0002089738845825,0.0,model,1.0002089738845825
jabref\src\main\java\org\jabref\model\openoffice\style\CitationLookupResult.java,91.16651153564453,0.0,model,91.16651153564453
jabref\src\main\java\org\jabref\model\metadata\ContentSelector.java,89.10938262939453,0.0,model,89.10938262939453
jabref\src\main\java\org\jabref\logic\layout\format\AuthorLastFirstAbbrOxfordCommas.java,2.590911626815796,0.0,model,2.590911626815796
jabref\src\main\java\org\jabref\gui\util\TextFlowLimited.java,2.777987480163574,0.0,model,2.777987480163574
jabref\src\main\java\org\jabref\logic\openoffice\action\EditSeparate.java,3.4975452423095703,0.0,model,3.4975452423095703
jabref\src\main\java\org\jabref\model\database\BibDatabase.java,68.52972412109375,15.356571197509766,model,68.52972412109375
jabref\src\main\java\org\jabref\gui\mergeentries\newmergedialog\cell\ThreeWayMergeCellViewModel.java,2.2638494968414307,0.5810361504554749,model,2.2638494968414307
jabref\src\main\java\org\jabref\logic\layout\format\RemoveWhitespace.java,2.5736474990844727,0.0,model,2.5736474990844727
jabref\src\main\java\org\jabref\logic\integrity\HTMLCharacterChecker.java,2.557363271713257,0.0,model,2.557363271713257
jabref\src\main\java\org\jabref\logic\importer\fetcher\MathSciNet.java,2.4307663440704346,95.88870239257812,preferences,95.88870239257812
jabref\src\test\java\org\jabref\logic\protectedterms\ProtectedTermsLoaderTest.java,3.3184444904327393,0.43994414806365967,model,3.3184444904327393
jabref\src\main\java\org\jabref\gui\preview\PreviewViewer.java,43.799293518066406,2.5701069831848145,model,43.799293518066406
jabref\src\main\java\org\jabref\gui\entryeditor\OptionalFieldsTabBase.java,44.85524368286133,93.452392578125,preferences,93.452392578125
jabref\src\main\java\org\jabref\logic\bibtex\FieldPreferences.java,2.546414375305176,0.5395625829696655,model,2.546414375305176
jabref\src\main\java\org\jabref\logic\preferences\DOIPreferences.java,2.570704936981201,98.96589660644531,preferences,98.96589660644531
jabref\src\main\java\org\jabref\gui\importer\fetcher\WebSearchPaneViewModel.java,1.9201916456222534,35.0,preferences,35.0
jabref\src\test\java\org\jabref\logic\formatter\bibtexfields\ClearFormatterTest.java,2.5746350288391113,0.0,model,2.5746350288391113
jabref\src\main\java\org\jabref\gui\libraryproperties\contentselectors\ContentSelectorView.java,2.00016713142395,0.0,model,2.00016713142395
jabref\src\test\java\org\jabref\logic\bibtex\BibEntryAssert.java,3.136803388595581,0.0,model,3.136803388595581
