file_path,Common,Logic,Storage,UI,best_module,best_likelihood
teammates\src\e2e\java\teammates\e2e\cases\StudentHomePageE2ETest.java,0.9962642788887024,3.1600592136383057,0.4879307448863983,1.3912930488586426,Logic,3.1600592136383057
teammates\src\main\java\teammates\logic\external\EmptyAuthService.java,0.0,74.11542510986328,2.0309696197509766,2.0,Logic,74.11542510986328
teammates\src\main\java\teammates\ui\webapi\DatastoreBackupAction.java,7.935508728027344,16.750974655151367,3.357269525527954,65.04725646972656,UI,65.04725646972656
teammates\src\test\java\teammates\ui\webapi\UpdateNotificationActionTest.java,4.277692794799805,55.70648193359375,2.9098615646362305,59.02043151855469,UI,59.02043151855469
teammates\src\main\java\teammates\ui\output\InstructorData.java,0.0,1.0004535913467407,0.0,57.81499481201172,UI,57.81499481201172
teammates\src\main\java\teammates\ui\webapi\CreateNotificationAction.java,2.226620674133301,74.80870056152344,2.0502285957336426,60.10102462768555,Logic,74.80870056152344
teammates\src\main\java\teammates\logic\api\package-info.java,0.0,75.33345794677734,2.0378267765045166,0.0,Logic,75.33345794677734
teammates\src\main\java\teammates\storage\entity\BaseEntity.java,8.98105239868164,4.244901180267334,116.41712951660156,5.307867050170898,Storage,116.41712951660156
teammates\src\test\java\teammates\common\datatransfer\SessionResultsBundleTest.java,71.33831787109375,4.317440032958984,5.253806114196777,1.2856072187423706,Common,71.33831787109375
teammates\src\main\java\teammates\ui\webapi\CreateCourseAction.java,7.375660419464111,76.44792938232422,2.0302226543426514,67.19708251953125,Logic,76.44792938232422
teammates\src\e2e\java\teammates\e2e\cases\AdminHomePageE2ETest.java,4.3281145095825195,2.6727468967437744,2.3912887573242188,2.8326823711395264,Common,4.3281145095825195
teammates\src\test\java\teammates\ui\webapi\GetFeedbackQuestionRecipientsActionTest.java,7.283090591430664,65.93448638916016,4.12178897857666,53.46934509277344,Logic,65.93448638916016
teammates\src\main\java\teammates\common\datatransfer\FeedbackQuestionRecipient.java,87.36102294921875,1.0004578828811646,2.0,1.0,Common,87.36102294921875
teammates\src\main\java\teammates\common\util\package-info.java,86.18446350097656,1.000515103340149,0.0,1.1394245624542236,Common,86.18446350097656
teammates\src\main\java\teammates\common\datatransfer\QueryLogsResults.java,87.18315887451172,1.0005050897598267,2.0,1.0,Common,87.18315887451172
teammates\src\e2e\java\teammates\e2e\pageobjects\AdminSessionsPage.java,5.114099502563477,1.0004112720489502,3.278271198272705,2.638514518737793,Common,5.114099502563477
teammates\src\e2e\java\teammates\e2e\cases\axe\InstructorCourseJoinConfirmationPageAxeTest.java,1.0401222705841064,1.0004736185073853,0.282451868057251,0.577845573425293,Common,1.0401222705841064
teammates\src\test\java\teammates\logic\api\LogicExtension.java,0.0,75.52342224121094,2.0446600914001465,0.0,Logic,75.52342224121094
teammates\src\main\java\teammates\common\datatransfer\ErrorLogEntry.java,84.3514175415039,1.0004372596740723,4.436589241027832,2.074920892715454,Common,84.3514175415039
teammates\src\main\java\teammates\logic\external\MailjetService.java,0.0,70.91121673583984,1.8970260620117188,2.71893572807312,Logic,70.91121673583984
teammates\src\main\java\teammates\common\util\TimeHelper.java,80.55243682861328,1.000433325767517,2.5000784397125244,2.2084338665008545,Common,80.55243682861328
teammates\src\main\java\teammates\ui\webapi\DeleteStudentAction.java,1.0864248275756836,77.82386016845703,2.0609376430511475,60.58860778808594,Logic,77.82386016845703
teammates\src\main\java\teammates\ui\webapi\ActionFactory.java,4.371272087097168,9.540841102600098,4.112599849700928,65.71565246582031,UI,65.71565246582031
teammates\src\lnp\java\teammates\lnp\util\JMeterElements.java,6.553051948547363,19.722410202026367,6.539902687072754,8.172428131103516,Logic,19.722410202026367
teammates\src\e2e\java\teammates\e2e\cases\axe\InstructorCoursesPageAxeTest.java,1.0715709924697876,1.0004879236221313,0.5360584259033203,0.5953171253204346,Common,1.0715709924697876
teammates\src\lnp\java\teammates\lnp\cases\InstructorStudentCascadingUpdateLNPTest.java,30.134572982788086,4.785484313964844,2.220924139022827,4.812929153442383,Common,30.134572982788086
teammates\src\test\java\teammates\ui\webapi\DeleteFeedbackQuestionActionTest.java,1.847900629043579,75.56328582763672,2.27839732170105,57.61669921875,Logic,75.56328582763672
teammates\src\client\java\teammates\client\util\ClientProperties.java,0.0,2.7558717727661133,0.5256394147872925,4.087024688720703,UI,4.087024688720703
teammates\src\main\java\teammates\common\datatransfer\questions\FeedbackRankOptionsResponseDetails.java,85.23311614990234,1.0004854202270508,2.0,1.0,Common,85.23311614990234
teammates\src\main\java\teammates\common\datatransfer\questions\FeedbackConstantSumResponseDetails.java,86.28331756591797,1.0004960298538208,2.0,1.0,Common,86.28331756591797
teammates\src\test\java\teammates\ui\webapi\ResetAccountActionTest.java,0.5737923383712769,75.00387573242188,2.238523244857788,55.62520217895508,Logic,75.00387573242188
teammates\src\test\java\teammates\ui\webapi\AccountRequestSearchIndexingWorkerActionTest.java,0.9449028372764587,70.85013580322266,2.2186355590820312,59.90421676635742,Logic,70.85013580322266
teammates\src\main\java\teammates\storage\api\FeedbackResponseCommentsDb.java,35.685970306396484,14.193950653076172,83.82321166992188,1.286618947982788,Storage,83.82321166992188
teammates\src\e2e\java\teammates\e2e\util\TestProperties.java,7.692169189453125,3.0232982635498047,8.142717361450195,10.24440860748291,UI,10.24440860748291
teammates\src\main\java\teammates\common\exception\SearchServiceException.java,85.84518432617188,1.0004985332489014,0.0,0.0,Common,85.84518432617188
teammates\src\client\java\teammates\client\scripts\DataMigrationForSanitizedDataInInstructorAttributes.java,3.350564479827881,1.557793378829956,2.0,2.988652467727661,Common,3.350564479827881
teammates\src\main\java\teammates\ui\request\FeedbackSessionRespondentRemindRequest.java,1.0873541831970215,1.0004916191101074,0.0,66.49405670166016,UI,66.49405670166016
teammates\src\main\java\teammates\common\util\HttpRequest.java,88.21493530273438,1.0004867315292358,0.0,15.630712509155273,Common,88.21493530273438
teammates\src\e2e\java\teammates\e2e\cases\InstructorSessionIndividualExtensionPageE2ETest.java,5.935910701751709,3.043043851852417,4.887404441833496,3.133143901824951,Common,5.935910701751709
teammates\src\main\java\teammates\logic\api\RecaptchaVerifier.java,0.0,75.272216796875,2.0148768424987793,0.0,Logic,75.272216796875
teammates\src\test\java\teammates\ui\webapi\QueryLogsActionTest.java,1.9392329454421997,21.817583084106445,0.9175226092338562,53.58121871948242,UI,53.58121871948242
teammates\src\main\java\teammates\ui\request\CourseArchiveRequest.java,0.0,1.0005090236663818,0.0,62.16298294067383,UI,62.16298294067383
teammates\src\test\java\teammates\test\MockFilterChain.java,0.0,1.0005117654800415,0.0,1.3655493259429932,UI,1.3655493259429932
teammates\src\main\java\teammates\ui\webapi\SendLoginEmailAction.java,0.5517850518226624,27.318954467773438,2.1124801635742188,68.27252197265625,UI,68.27252197265625
teammates\src\client\java\teammates\client\scripts\DataMigrationForSanitizedDataInStudentAttributes.java,3.491734743118286,1.4797031879425049,2.0,3.043231964111328,Common,3.491734743118286
teammates\src\main\java\teammates\ui\webapi\GetFeedbackSessionSubmittedGiverSetAction.java,0.0,72.03227996826172,1.9731054306030273,61.29470443725586,Logic,72.03227996826172
teammates\src\test\java\teammates\common\datatransfer\attributes\FeedbackResponseCommentAttributesTest.java,82.81676483154297,3.4936904907226562,2.0,2.2802093029022217,Common,82.81676483154297
teammates\src\test\java\teammates\logic\api\MockRecaptchaVerifier.java,0.0,75.13056945800781,2.0323338508605957,0.0,Logic,75.13056945800781
teammates\src\main\java\teammates\common\exception\InstructorUpdateException.java,87.24711608886719,1.0005124807357788,0.0,0.0,Common,87.24711608886719
teammates\src\main\java\teammates\main\Application.java,6.516635894775391,14.009215354919434,0.3470390737056732,11.36482048034668,Logic,14.009215354919434
teammates\src\test\java\teammates\logic\api\EmailGeneratorTest.java,6.337965965270996,65.50629425048828,4.116593837738037,12.309224128723145,Logic,65.50629425048828
teammates\src\main\java\teammates\common\datatransfer\questions\FeedbackRankQuestionDetails.java,85.96971893310547,1.000492811203003,2.0,1.0,Common,85.96971893310547
teammates\src\main\java\teammates\ui\request\NotificationUpdateRequest.java,0.0,1.0005145072937012,0.0,62.451656341552734,UI,62.451656341552734
teammates\src\main\java\teammates\ui\output\FeedbackSessionLogEntryData.java,0.0,2.0004942417144775,0.0,59.8526611328125,UI,59.8526611328125
teammates\src\e2e\java\teammates\e2e\pageobjects\Browser.java,11.792815208435059,8.979887962341309,3.6491730213165283,13.487123489379883,UI,13.487123489379883
teammates\src\test\java\teammates\ui\servlets\WebApiServletTest.java,3.372028112411499,2.054567337036133,3.0,54.299652099609375,UI,54.299652099609375
teammates\src\main\java\teammates\ui\output\EmailData.java,0.0,1.0005024671554565,0.0,60.27183151245117,UI,60.27183151245117
teammates\src\test\java\teammates\common\util\TimeHelperExtension.java,86.20893096923828,1.0004806518554688,2.3632874488830566,2.2447075843811035,Common,86.20893096923828
teammates\src\main\java\teammates\ui\webapi\UpdateInstructorAction.java,0.8606773614883423,78.53813171386719,2.062408685684204,57.33760452270508,Logic,78.53813171386719
teammates\src\main\java\teammates\ui\output\FeedbackSessionPublishStatus.java,0.0,1.0005137920379639,0.0,60.841800689697266,UI,60.841800689697266
teammates\src\test\java\teammates\logic\core\DeadlineExtensionsLogicTest.java,6.737262725830078,55.071189880371094,3.820937395095825,6.1162543296813965,Logic,55.071189880371094
teammates\src\main\java\teammates\common\datatransfer\UserInfo.java,86.9227294921875,1.0005024671554565,2.0,3.0,Common,86.9227294921875
teammates\src\main\java\teammates\ui\webapi\FeedbackSessionRemindEmailWorkerAction.java,0.9160100221633911,85.39899444580078,2.3444037437438965,60.29640197753906,Logic,85.39899444580078
teammates\src\lnp\java\teammates\lnp\util\TestProperties.java,5.69572639465332,2.472398281097412,6.144004821777344,7.599798202514648,UI,7.599798202514648
teammates\src\main\java\teammates\ui\webapi\CreateAccountRequestAction.java,1.4447293281555176,70.85013580322266,1.9402685165405273,60.10970687866211,Logic,70.85013580322266
teammates\src\test\java\teammates\test\FileHelper.java,1.0,2.4557900428771973,0.3081718981266022,5.696465969085693,UI,5.696465969085693
teammates\src\main\java\teammates\logic\core\DataBundleLogic.java,36.449493408203125,62.249122619628906,5.556208610534668,1.8789474964141846,Logic,62.249122619628906
teammates\src\main\java\teammates\logic\core\UsageStatisticsLogic.java,1.606554627418518,71.51652526855469,1.9312896728515625,0.0,Logic,71.51652526855469
teammates\src\e2e\java\teammates\e2e\pageobjects\InstructorStudentListPage.java,1.7251211404800415,1.0003108978271484,1.4329406023025513,1.4820917844772339,Common,1.7251211404800415
teammates\src\main\java\teammates\ui\webapi\GetInstructorsAction.java,7.318514823913574,74.72608184814453,9.366449356079102,63.232330322265625,Logic,74.72608184814453
teammates\src\test\java\teammates\test\EmailCheckerTest.java,1.0302014350891113,1.3927994966506958,0.2482268065214157,3.174708366394043,UI,3.174708366394043
teammates\src\main\java\teammates\ui\webapi\JsonResult.java,4.542102813720703,1.0004689693450928,0.0,58.58860778808594,UI,58.58860778808594
teammates\src\test\java\teammates\ui\webapi\UpdateFeedbackResponseCommentActionTest.java,28.797733306884766,77.44001770019531,4.292224407196045,45.17817306518555,Logic,77.44001770019531
teammates\src\main\java\teammates\ui\webapi\RestoreFeedbackSessionAction.java,0.0,75.8963623046875,2.08044171333313,60.25072479248047,Logic,75.8963623046875
teammates\src\client\java\teammates\client\scripts\statistics\package-info.java,0.0,1.0005137920379639,0.0,0.0,Logic,1.0005137920379639
teammates\src\test\java\teammates\common\datatransfer\questions\FeedbackTextQuestionDetailsTest.java,74.65904235839844,1.0003790855407715,2.0,1.3378878831863403,Common,74.65904235839844
teammates\src\main\java\teammates\common\exception\package-info.java,87.45962524414062,1.000515103340149,0.0,0.0,Common,87.45962524414062
teammates\src\main\java\teammates\logic\core\FeedbackResponseCommentsLogic.java,33.80154037475586,86.17980194091797,2.343317747116089,6.457756519317627,Logic,86.17980194091797
teammates\src\main\java\teammates\storage\api\StudentsDb.java,3.0223660469055176,14.27641773223877,80.16143798828125,6.752691268920898,Storage,80.16143798828125
teammates\src\main\java\teammates\storage\entity\FeedbackResponseComment.java,2.012929916381836,2.00041127204895,98.26199340820312,0.0,Storage,98.26199340820312
teammates\src\main\java\teammates\storage\entity\Account.java,2.3297805786132812,1.0004736185073853,107.85458374023438,0.0,Storage,107.85458374023438
teammates\src\e2e\java\teammates\e2e\pageobjects\FeedbackSubmitPage.java,22.436052322387695,5.86117696762085,0.7104916572570801,6.378470420837402,Common,22.436052322387695
teammates\src\test\java\teammates\common\datatransfer\attributes\FeedbackResponseAttributesTest.java,62.08774185180664,2.60274076461792,2.0,1.6623998880386353,Common,62.08774185180664
teammates\src\main\java\teammates\common\datatransfer\attributes\InstructorAttributes.java,65.63052368164062,3.3817052841186523,2.0,1.0,Common,65.63052368164062
teammates\src\lnp\java\teammates\lnp\cases\StudentEmailUpdateLNPTest.java,5.376880645751953,1.6183439493179321,2.0,1.4109899997711182,Common,5.376880645751953
teammates\src\main\java\teammates\ui\webapi\RegenerateInstructorKeyAction.java,2.0999481678009033,64.25597381591797,1.757097601890564,62.10921096801758,Logic,64.25597381591797
teammates\src\test\java\teammates\ui\webapi\EnrollStudentsActionTest.java,1.5270452499389648,58.40736770629883,1.926649808883667,50.24601364135742,Logic,58.40736770629883
teammates\src\client\java\teammates\client\scripts\GoogleIdMigrationBaseScript.java,3.7643725872039795,18.362571716308594,6.096992492675781,3.452599287033081,Logic,18.362571716308594
teammates\src\main\java\teammates\common\datatransfer\questions\FeedbackMcqResponseDetails.java,86.09468078613281,1.000494122505188,2.0,1.0,Common,86.09468078613281
teammates\src\main\java\teammates\common\util\EmailType.java,76.6483154296875,39.399635314941406,1.003001093864441,4.386934280395508,Common,76.6483154296875
teammates\src\main\java\teammates\storage\search\SearchManagerFactory.java,0.0,1.0004916191101074,110.62905883789062,0.0,Storage,110.62905883789062
teammates\src\main\java\teammates\ui\output\JoinState.java,0.0,1.0005137920379639,0.0,60.841800689697266,UI,60.841800689697266
teammates\src\test\java\teammates\ui\webapi\RemindFeedbackSessionResultActionTest.java,0.8161823749542236,1.0004256963729858,5.031169891357422,61.63526916503906,UI,61.63526916503906
teammates\src\test\java\teammates\storage\api\FeedbackQuestionsDbTest.java,1.4936479330062866,2.486180305480957,63.15510177612305,0.0,Storage,63.15510177612305
teammates\src\test\java\teammates\ui\webapi\UpdateFeedbackQuestionActionTest.java,7.332785129547119,78.52102661132812,7.100804805755615,49.20985412597656,Logic,78.52102661132812
teammates\src\e2e\java\teammates\e2e\cases\InstructorCourseDetailsPageE2ETest.java,2.179013967514038,1.0004032850265503,0.5743811726570129,2.335831642150879,UI,2.335831642150879
teammates\src\main\java\teammates\common\datatransfer\logs\RequestLogDetails.java,83.65089416503906,17.296812057495117,2.452676773071289,3.0,Common,83.65089416503906
teammates\src\e2e\java\teammates\e2e\cases\axe\InstructorHomePageAxeTest.java,1.0688778162002563,1.0004867315292358,0.5342913866043091,0.5938209295272827,Common,1.0688778162002563
teammates\src\main\java\teammates\common\datatransfer\attributes\FeedbackResponseAttributes.java,71.74578857421875,2.500753402709961,2.0,2.257803201675415,Common,71.74578857421875
teammates\src\main\java\teammates\common\datatransfer\attributes\StudentAttributes.java,97.7748031616211,3.4839813709259033,2.0,1.0,Common,97.7748031616211
teammates\src\main\java\teammates\common\datatransfer\logs\EmailSentLogDetails.java,84.99247741699219,18.516380310058594,2.4865527153015137,1.0,Common,84.99247741699219
teammates\src\main\java\teammates\storage\api\FeedbackQuestionsDb.java,1.1862046718597412,12.113936424255371,92.2850112915039,1.2715061902999878,Storage,92.2850112915039
teammates\src\main\java\teammates\ui\output\AuthInfo.java,1.8196347951889038,1.0004854202270508,0.0,66.26887512207031,UI,66.26887512207031
teammates\src\main\java\teammates\ui\webapi\JoinCourseAction.java,2.117760181427002,82.11508178710938,2.2531847953796387,60.21432113647461,Logic,82.11508178710938
teammates\src\main\java\teammates\ui\webapi\CalculateUsageStatisticsAction.java,1.549094319343567,82.07858276367188,3.1966145038604736,59.72623062133789,Logic,82.07858276367188
teammates\src\main\java\teammates\ui\webapi\SendEmailWorkerAction.java,0.0,1.0004979372024536,0.0,60.04438018798828,UI,60.04438018798828
teammates\src\main\java\teammates\ui\output\NotificationData.java,0.0,1.0004806518554688,0.0,59.174102783203125,UI,59.174102783203125
teammates\src\main\java\teammates\common\datatransfer\logs\DefaultLogDetails.java,87.57894897460938,19.46039390563965,2.5127744674682617,1.0,Common,87.57894897460938
teammates\src\e2e\java\teammates\e2e\cases\FeedbackConstSumOptionQuestionE2ETest.java,1.4892498254776,1.000385046005249,0.30876070261001587,0.4698333442211151,Common,1.4892498254776
teammates\src\main\java\teammates\ui\webapi\DeleteFeedbackSessionAction.java,0.0,74.34158325195312,2.037252902984619,61.174102783203125,Logic,74.34158325195312
teammates\src\e2e\java\teammates\e2e\cases\FeedbackRankOptionQuestionE2ETest.java,1.240784764289856,1.0003790855407715,0.31247150897979736,1.2791314125061035,UI,1.2791314125061035
teammates\src\test\java\teammates\common\datatransfer\questions\FeedbackTextResponseDetailsTest.java,83.59762573242188,2.0004689693450928,2.0,1.0,Common,83.59762573242188
teammates\src\main\java\teammates\logic\external\GoogleRecaptchaService.java,1.534898042678833,83.43840026855469,2.5394797325134277,3.4509286880493164,Logic,83.43840026855469
teammates\src\main\java\teammates\ui\webapi\CompileLogsAction.java,1.475351095199585,1.0004782676696777,0.0,59.0546875,UI,59.0546875
teammates\src\test\java\teammates\ui\webapi\SearchAccountRequestsActionTest.java,2.0,1.0004043579101562,2.299928665161133,57.380577087402344,UI,57.380577087402344
teammates\src\main\java\teammates\ui\output\CourseSectionNamesData.java,0.0,1.0005090236663818,0.0,60.60402297973633,UI,60.60402297973633
teammates\src\main\java\teammates\common\datatransfer\questions\FeedbackQuestionType.java,84.99247741699219,3.059011936187744,2.0,1.4929927587509155,Common,84.99247741699219
teammates\src\main\java\teammates\ui\webapi\AccountRequestSearchIndexingWorkerAction.java,0.0,72.97453308105469,1.9992787837982178,59.948150634765625,Logic,72.97453308105469
teammates\src\main\java\teammates\common\datatransfer\questions\FeedbackRankRecipientsQuestionDetails.java,85.69471740722656,1.0004535913467407,2.0,2.5196444988250732,Common,85.69471740722656
teammates\src\main\java\teammates\common\datatransfer\InstructorPrivileges.java,68.18309020996094,5.325425624847412,2.278862476348877,2.5270142555236816,Common,68.18309020996094
teammates\src\main\java\teammates\ui\request\FeedbackQuestionBasicRequest.java,5.713839530944824,2.444300889968872,0.0,56.381980895996094,UI,56.381980895996094
teammates\src\test\java\teammates\common\datatransfer\CourseRosterTest.java,64.3720703125,1.0002754926681519,2.2570443153381348,3.928943634033203,Common,64.3720703125
teammates\src\main\java\teammates\common\datatransfer\NotificationStyle.java,89.82300567626953,4.472591876983643,4.177493095397949,2.0887465476989746,Common,89.82300567626953
teammates\src\e2e\java\teammates\e2e\util\Retryable.java,0.0,1.0005104541778564,0.9011478424072266,1.1289128065109253,UI,1.1289128065109253
teammates\src\test\java\teammates\common\datatransfer\attributes\StudentAttributesTest.java,88.65629577636719,4.863700866699219,2.30145001411438,2.2535433769226074,Common,88.65629577636719
teammates\src\e2e\java\teammates\e2e\util\GmailServiceMaker.java,3.749370813369751,22.306446075439453,3.8047380447387695,20.421356201171875,Logic,22.306446075439453
teammates\src\test\java\teammates\storage\search\InstructorSearchTest.java,4.9695234298706055,2.5104458332061768,83.943359375,2.2051329612731934,Storage,83.943359375
teammates\src\e2e\java\teammates\e2e\cases\InstructorCourseJoinConfirmationPageE2ETest.java,5.056779861450195,1.9494197368621826,0.5225771069526672,4.114554405212402,Common,5.056779861450195
teammates\src\client\java\teammates\client\scripts\DataMigrationForUnencryptedKeyForStudents.java,3.025791883468628,1.5864336490631104,2.0,1.0,Common,3.025791883468628
teammates\src\lnp\java\teammates\lnp\util\LNPSpecification.java,1.8770060539245605,1.0004667043685913,1.8770060539245605,1.9708188772201538,UI,1.9708188772201538
teammates\src\test\java\teammates\storage\api\package-info.java,0.0,1.9716941118240356,114.250732421875,0.0,Storage,114.250732421875
teammates\src\test\java\teammates\ui\webapi\GetDeadlineExtensionActionTest.java,0.0,1.8610817193984985,0.24116486310958862,57.933837890625,UI,57.933837890625
teammates\src\e2e\java\teammates\e2e\cases\axe\InstructorSearchPageAxeTest.java,1.060878872871399,1.0004830360412598,0.24097564816474915,0.5893770456314087,Common,1.060878872871399
teammates\src\main\java\teammates\ui\output\HasResponsesData.java,0.0,1.0005024671554565,0.0,60.27183151245117,UI,60.27183151245117
teammates\src\main\java\teammates\ui\request\MarkNotificationAsReadRequest.java,0.0,1.000494122505188,0.0,61.36587142944336,UI,61.36587142944336
teammates\src\main\java\teammates\logic\api\LogsProcessor.java,2.0542938709259033,90.58439636230469,2.6665451526641846,0.45153775811195374,Logic,90.58439636230469
teammates\src\e2e\java\teammates\e2e\util\AxeUtil.java,0.0,1.0004667043685913,0.0,1.0323158502578735,UI,1.0323158502578735
teammates\src\main\java\teammates\common\util\StdOutConsoleHandler.java,85.64551544189453,1.0005097389221191,0.0,1.1274269819259644,Common,85.64551544189453
teammates\src\main\java\teammates\common\datatransfer\questions\FeedbackRubricQuestionDetails.java,75.11675262451172,3.3533575534820557,2.0,7.659290313720703,Common,75.11675262451172
teammates\src\e2e\java\teammates\e2e\pageobjects\HomePage.java,2.5103468894958496,1.0005338191986084,0.0,0.0,Common,2.5103468894958496
teammates\src\test\java\teammates\ui\webapi\GetOngoingSessionsActionTest.java,7.676301956176758,59.76182174682617,4.213141441345215,58.68643569946289,Logic,59.76182174682617
teammates\src\main\java\teammates\common\datatransfer\logs\LogSeverity.java,86.9227294921875,19.220884323120117,2.5061216354370117,1.0,Common,86.9227294921875
teammates\src\main\java\teammates\ui\webapi\RestoreCourseAction.java,1.7237114906311035,76.89281463623047,2.033588409423828,61.53958511352539,Logic,76.89281463623047
teammates\src\test\java\teammates\storage\api\AccountsDbTest.java,2.214630126953125,4.556503772735596,86.81748962402344,3.214197874069214,Storage,86.81748962402344
teammates\src\test\java\teammates\logic\core\StudentsLogicTest.java,5.160608291625977,88.6603012084961,4.953105449676514,3.515167236328125,Logic,88.6603012084961
teammates\src\main\java\teammates\ui\request\FeedbackSessionCreateRequest.java,0.0,1.0004782676696777,0.0,60.51931381225586,UI,60.51931381225586
teammates\src\main\java\teammates\common\datatransfer\questions\FeedbackRankOptionsQuestionDetails.java,77.54656982421875,1.000385046005249,2.0,3.615703582763672,Common,77.54656982421875
teammates\src\e2e\java\teammates\e2e\util\EmailAccountTest.java,1.0936695337295532,1.0005090236663818,0.0,1.125944972038269,UI,1.125944972038269
teammates\src\test\java\teammates\ui\webapi\FeedbackSessionOpeningSoonRemindersActionTest.java,6.884408950805664,75.36526489257812,6.142148971557617,51.80350112915039,Logic,75.36526489257812
teammates\src\client\java\teammates\client\scripts\DataMigrationForGoogleIdToGmail.java,4.457728385925293,1.5966453552246094,2.0,1.5144617557525635,Common,4.457728385925293
teammates\src\e2e\java\teammates\e2e\cases\axe\InstructorCourseEditPageAxeTest.java,1.060878872871399,1.0004830360412598,0.5761769413948059,0.5893770456314087,Common,1.060878872871399
teammates\src\test\java\teammates\ui\webapi\StudentSearchIndexingWorkerActionTest.java,0.9449028372764587,70.85013580322266,2.2186355590820312,58.474891662597656,Logic,70.85013580322266
teammates\src\test\java\teammates\storage\api\AccountRequestsDbTest.java,0.8576221466064453,6.164489269256592,88.30094909667969,2.1408774852752686,Storage,88.30094909667969
teammates\src\e2e\java\teammates\e2e\util\TestDataValidityTest.java,11.154232025146484,2.192664861679077,7.822509288787842,13.590922355651855,UI,13.590922355651855
teammates\src\e2e\java\teammates\e2e\cases\axe\InstructorCourseStudentDetailsPageAxeTest.java,1.0503979921340942,1.0004782676696777,0.30599451065063477,0.5835543870925903,Common,1.0503979921340942
teammates\src\test\java\teammates\ui\webapi\GetCoursesActionTest.java,2.0327746868133545,26.04193687438965,0.9596972465515137,51.88253402709961,UI,51.88253402709961
teammates\src\main\java\teammates\ui\constants\ResourceEndpoints.java,0.0,16.43697738647461,0.6826820373535156,56.4106330871582,UI,56.4106330871582
teammates\src\e2e\java\teammates\e2e\pageobjects\InstructorNotificationsPage.java,2.5206387042999268,1.0005077123641968,0.0,2.0,Common,2.5206387042999268
teammates\src\test\java\teammates\logic\api\UserProvisionTest.java,3.9228591918945312,70.75373077392578,4.208385467529297,8.12762451171875,Logic,70.75373077392578
teammates\src\e2e\java\teammates\e2e\cases\InstructorFeedbackSessionsPageE2ETest.java,8.104321479797363,2.931814193725586,7.170413017272949,13.78802490234375,UI,13.78802490234375
teammates\src\main\java\teammates\ui\webapi\GetHasResponsesAction.java,0.8550103902816772,78.29680633544922,2.137143135070801,57.00343704223633,Logic,78.29680633544922
teammates\src\lnp\java\teammates\lnp\cases\StudentTeamUpdateLNPTest.java,5.376880645751953,1.6183439493179321,2.0,1.4109899997711182,Common,5.376880645751953
teammates\src\test\java\teammates\ui\webapi\GetActionClassesActionTest.java,6.186255931854248,1.0004256963729858,7.382915019989014,59.503761291503906,UI,59.503761291503906
teammates\src\main\java\teammates\storage\entity\Instructor.java,2.1231884956359863,1.000433325767517,101.65950012207031,2.598618984222412,Storage,101.65950012207031
teammates\src\e2e\java\teammates\e2e\cases\InstructorFeedbackEditPageE2ETest.java,8.379358291625977,1.0003108978271484,6.0497941970825195,3.989835262298584,Common,8.379358291625977
teammates\src\main\java\teammates\ui\output\SessionResultsData.java,30.75579261779785,2.7684991359710693,0.252380907535553,48.60415267944336,UI,48.60415267944336
teammates\src\main\java\teammates\ui\servlets\OAuth2CallbackServlet.java,3.65236759185791,30.285888671875,1.14528489112854,77.46904754638672,UI,77.46904754638672
teammates\src\e2e\java\teammates\e2e\pageobjects\InstructorCourseEditPage.java,7.397329807281494,8.538283348083496,1.3015027046203613,1.0,Logic,8.538283348083496
teammates\src\e2e\java\teammates\e2e\cases\axe\AdminSessionsPageAxeTest.java,1.0056878328323364,1.0004578828811646,0.29656538367271423,0.5587154030799866,Common,1.0056878328323364
teammates\src\e2e\java\teammates\e2e\cases\axe\AdminHomePageAxeTest.java,1.076998233795166,1.000490427017212,0.29246580600738525,0.5983322858810425,Common,1.076998233795166
teammates\src\lnp\java\teammates\lnp\cases\InstructorUpdateLNPTest.java,5.220315456390381,1.6170367002487183,2.0,1.3893191814422607,Common,5.220315456390381
teammates\src\main\java\teammates\storage\entity\FeedbackQuestion.java,1.9789975881576538,1.0004043579101562,97.20516967773438,0.0,Storage,97.20516967773438
teammates\src\e2e\java\teammates\e2e\cases\FeedbackNumScaleQuestionE2ETest.java,0.8457001447677612,1.000385046005249,0.31417155265808105,0.4698333442211151,Logic,1.000385046005249
teammates\src\main\java\teammates\logic\core\CoursesLogic.java,2.2587101459503174,96.53313446044922,2.6284139156341553,3.0337908267974854,Logic,96.53313446044922
teammates\src\client\java\teammates\client\scripts\DataMigrationForTextQuestionRecommendedLength.java,2.0,3.6933488845825195,2.3166749477386475,1.9060306549072266,Logic,3.6933488845825195
teammates\src\test\java\teammates\common\datatransfer\questions\FeedbackMsqQuestionDetailsTest.java,58.49930191040039,1.0002163648605347,2.3102238178253174,1.1610288619995117,Common,58.49930191040039
teammates\src\test\java\teammates\common\datatransfer\questions\FeedbackRankQuestionDetailsTest.java,84.28477478027344,1.0004758834838867,2.0,1.0,Common,84.28477478027344
teammates\src\main\java\teammates\logic\external\RecaptchaService.java,0.0,74.26314544677734,2.0350730419158936,0.0,Logic,74.26314544677734
teammates\src\test\java\teammates\logic\external\package-info.java,0.0,74.3622817993164,2.0378267765045166,0.0,Logic,74.3622817993164
teammates\src\main\java\teammates\ui\output\FeedbackQuestionData.java,4.961950302124023,2.593554735183716,0.0,55.683128356933594,UI,55.683128356933594
teammates\src\e2e\java\teammates\e2e\cases\axe\AdminAccountsPageAxeTest.java,1.0688778162002563,1.0004867315292358,0.0,0.5938209295272827,Common,1.0688778162002563
teammates\src\main\java\teammates\ui\webapi\GetSessionResponseStatsAction.java,0.0,73.9486083984375,2.026336908340454,61.481082916259766,Logic,73.9486083984375
teammates\src\main\java\teammates\storage\api\EntitiesDb.java,5.885804176330566,20.14320945739746,99.925048828125,0.8480433225631714,Storage,99.925048828125
teammates\src\main\java\teammates\ui\output\DeadlineExtensionData.java,1.417300820350647,1.000492811203003,0.0,61.78940200805664,UI,61.78940200805664
teammates\src\main\java\teammates\logic\external\GoogleCloudLoggingService.java,5.120910167694092,66.64134216308594,4.170229911804199,5.688032150268555,Logic,66.64134216308594
teammates\src\test\java\teammates\ui\webapi\GetInstructorPrivilegeActionTest.java,2.0,1.253730058670044,2.324517011642456,52.89040756225586,UI,52.89040756225586
teammates\src\e2e\java\teammates\e2e\cases\axe\InstructorCourseEnrollPageAxeTest.java,1.060878872871399,1.000516653060913,0.5761769413948059,0.5893770456314087,Common,1.060878872871399
teammates\src\main\java\teammates\common\util\HttpRequestHelper.java,80.81597137451172,4.233259201049805,0.2079925537109375,2.9466309547424316,Common,80.81597137451172
teammates\src\main\java\teammates\common\datatransfer\attributes\FeedbackSessionAttributes.java,61.389591217041016,6.9907097816467285,2.0723955631256104,3.0,Common,61.389591217041016
teammates\src\main\java\teammates\main\package-info.java,0.0,1.0005165338516235,0.0,0.0,Logic,1.0005165338516235
teammates\src\main\java\teammates\ui\webapi\GetAccountAction.java,0.0,67.91600799560547,1.8587641716003418,60.076622009277344,Logic,67.91600799560547
teammates\src\test\java\teammates\storage\api\EntitiesDbTest.java,2.9804062843322754,5.670292854309082,107.568115234375,1.13518488407135,Storage,107.568115234375
teammates\src\main\java\teammates\common\datatransfer\logs\SourceLocation.java,90.64556884765625,18.60420799255371,2.488992214202881,2.598921537399292,Common,90.64556884765625
teammates\src\test\java\teammates\test\AssertHelper.java,2.3409368991851807,1.0004712343215942,0.0,0.0,Common,2.3409368991851807
teammates\src\test\java\teammates\common\datatransfer\attributes\FeedbackQuestionAttributesTest.java,53.71131134033203,4.286446571350098,2.8953347206115723,1.1910936832427979,Common,53.71131134033203
teammates\src\lnp\java\teammates\lnp\cases\BaseLNPTestCase.java,4.852757453918457,12.847203254699707,3.1084303855895996,12.915616035461426,UI,12.915616035461426
teammates\src\e2e\java\teammates\e2e\cases\axe\InstructorStudentListPageAxeTest.java,1.0715709924697876,1.0004879236221313,0.24506643414497375,0.5953171253204346,Common,1.0715709924697876
teammates\src\e2e\java\teammates\e2e\pageobjects\InstructorCourseStudentDetailsEditPage.java,2.1885735988616943,4.158082008361816,0.0,0.0,Logic,4.158082008361816
teammates\src\main\java\teammates\ui\webapi\GetCourseAction.java,1.0291647911071777,72.44232940673828,1.9138368368148804,59.81499481201172,Logic,72.44232940673828
teammates\src\e2e\java\teammates\e2e\cases\axe\InstructorNotificationsPageAxeTest.java,1.0556124448776245,3.2752647399902344,0.23898106813430786,0.5864512920379639,Logic,3.2752647399902344
teammates\src\main\java\teammates\common\datatransfer\DataBundle.java,85.35433959960938,1.0004867315292358,2.0,1.0,Common,85.35433959960938
teammates\src\main\java\teammates\logic\core\package-info.java,0.0,74.3622817993164,2.0378267765045166,0.0,Logic,74.3622817993164
teammates\src\main\java\teammates\ui\webapi\EnrollStudentsAction.java,4.63334321975708,77.08002471923828,2.0487565994262695,58.60528564453125,Logic,77.08002471923828
teammates\src\e2e\java\teammates\e2e\pageobjects\FeedbackResultsPage.java,31.698413848876953,3.894333839416504,0.37836724519729614,5.210297584533691,Common,31.698413848876953
teammates\src\e2e\java\teammates\e2e\cases\axe\package-info.java,1.1284359693527222,1.0005137920379639,0.0,0.6269087791442871,Common,1.1284359693527222
teammates\src\e2e\java\teammates\e2e\util\MaximumRetriesExceededException.java,2.225823163986206,1.0005050897598267,0.0,2.1190178394317627,Common,2.225823163986206
teammates\src\test\java\teammates\ui\webapi\FeedbackSessionOpeningRemindersActionTest.java,6.460691452026367,74.77679443359375,7.167215347290039,57.106998443603516,Logic,74.77679443359375
teammates\src\e2e\java\teammates\e2e\pageobjects\InstructorCourseDetailsPage.java,2.3803865909576416,1.0003464221954346,0.3518666625022888,1.0,Common,2.3803865909576416
teammates\src\test\java\teammates\common\util\UrlTest.java,78.0987548828125,7.53929328918457,2.58297061920166,5.440622806549072,Common,78.0987548828125
teammates\src\main\java\teammates\ui\request\CourseCreateRequest.java,0.0,1.0005030632019043,0.0,61.84539794921875,UI,61.84539794921875
teammates\src\test\java\teammates\logic\api\EmailSenderTest.java,0.6854547262191772,65.20389556884766,2.0986571311950684,5.646879196166992,Logic,65.20389556884766
teammates\src\test\java\teammates\logic\core\InstructorsLogicTest.java,6.979465007781982,80.53325653076172,5.242818832397461,10.129240989685059,Logic,80.53325653076172
teammates\src\test\java\teammates\common\util\SanitizationHelperTest.java,69.14371490478516,4.188236236572266,0.0,6.197675704956055,Common,69.14371490478516
teammates\src\main\java\teammates\logic\core\NotificationsLogic.java,0.0,72.76457214355469,1.9731054306030273,0.0,Logic,72.76457214355469
teammates\src\main\java\teammates\ui\webapi\GetAuthInfoAction.java,0.0,22.148178100585938,0.5874367952346802,59.81499481201172,UI,59.81499481201172
teammates\src\test\java\teammates\logic\external\GoogleRecaptchaServiceTest.java,3.0624895095825195,70.83230590820312,1.8012219667434692,16.92667579650879,Logic,70.83230590820312
teammates\src\test\java\teammates\ui\webapi\BaseActionTest.java,8.262765884399414,65.17444610595703,3.985781192779541,59.482662200927734,Logic,65.17444610595703
teammates\src\main\java\teammates\storage\entity\Notification.java,4.752689838409424,1.0004256963729858,100.48716735839844,0.0,Storage,100.48716735839844
teammates\src\test\java\teammates\ui\webapi\GetAuthInfoActionTest.java,2.2244067192077637,1.0003368854522705,0.2573903501033783,59.69527816772461,UI,59.69527816772461
teammates\src\main\java\teammates\ui\webapi\UnpublishFeedbackSessionAction.java,0.0,79.612060546875,2.1836555004119873,61.482635498046875,Logic,79.612060546875
teammates\src\test\java\teammates\ui\webapi\DeleteStudentActionTest.java,0.7740064263343811,2.161534309387207,0.30244216322898865,55.683128356933594,UI,55.683128356933594
teammates\src\main\java\teammates\ui\servlets\HealthCheckServlet.java,0.0,1.0005043745040894,0.0,60.370582580566406,UI,60.370582580566406
teammates\src\client\java\teammates\client\scripts\DataMigrationForNullCommentGiverType.java,39.0380744934082,1.5889536142349243,2.0,1.9566622972488403,Common,39.0380744934082
teammates\src\test\java\teammates\ui\webapi\JsonResultTest.java,1.9526901245117188,1.000462293624878,0.0,58.25072479248047,UI,58.25072479248047
teammates\src\test\java\teammates\ui\webapi\SendErrorReportActionTest.java,1.6384856700897217,1.8701577186584473,0.21738877892494202,67.11502075195312,UI,67.11502075195312
teammates\src\main\java\teammates\ui\output\FeedbackSessionsData.java,0.0,1.0005037784576416,0.0,60.33757781982422,UI,60.33757781982422
teammates\src\main\java\teammates\ui\webapi\GetFeedbackResponseCommentAction.java,33.51558303833008,75.74040985107422,2.0193533897399902,56.990760803222656,Logic,75.74040985107422
teammates\src\test\java\teammates\storage\api\FeedbackResponsesDbTest.java,3.723785161972046,2.636270523071289,63.726078033447266,2.9906084537506104,Storage,63.726078033447266
teammates\src\test\java\teammates\common\util\StringHelperExtension.java,85.71226501464844,1.0005104541778564,0.0,1.1289128065109253,Common,85.71226501464844
teammates\src\main\java\teammates\ui\output\JoinLinkData.java,0.0,1.0005104541778564,0.0,60.6715087890625,UI,60.6715087890625
teammates\src\lnp\java\teammates\lnp\util\package-info.java,0.0,1.000515103340149,0.0,1.1394245624542236,UI,1.1394245624542236
teammates\src\main\java\teammates\ui\webapi\CreateInstructorAction.java,0.9310253858566284,74.58658599853516,1.949711799621582,58.4106330871582,Logic,74.58658599853516
teammates\src\main\java\teammates\ui\output\RegenerateKeyData.java,0.0,1.000507116317749,0.0,61.122154235839844,UI,61.122154235839844
teammates\src\main\java\teammates\ui\webapi\InstructorSearchIndexingWorkerAction.java,0.0,72.97453308105469,1.9992787837982178,59.948150634765625,Logic,72.97453308105469
teammates\src\test\java\teammates\ui\webapi\GetRegkeyValidityActionTest.java,7.395397186279297,67.24451446533203,1.9324350357055664,59.65559005737305,Logic,67.24451446533203
teammates\src\test\java\teammates\common\datatransfer\questions\FeedbackRankOptionsQuestionDetailsTest.java,69.1952896118164,1.0003191232681274,2.0,1.265098214149475,Common,69.1952896118164
teammates\src\main\java\teammates\ui\webapi\GetRegkeyValidityAction.java,1.1189595460891724,72.93219757080078,1.944823145866394,60.58860778808594,Logic,72.93219757080078
teammates\src\main\java\teammates\common\exception\EmailSendingException.java,86.83871459960938,1.000508427619934,0.0,0.0,Common,86.83871459960938
teammates\src\main\java\teammates\common\datatransfer\TeamEvalResult.java,62.87380599975586,20.64638328552246,3.1229491233825684,4.316917896270752,Common,62.87380599975586
teammates\src\main\java\teammates\ui\webapi\DeleteStudentsAction.java,0.0,74.20966339111328,2.033588409423828,61.0546875,Logic,74.20966339111328
teammates\src\main\java\teammates\storage\search\StudentSearchManager.java,2.171928644180298,1.000433325767517,101.65950012207031,1.524709939956665,Storage,101.65950012207031
teammates\src\test\java\teammates\ui\webapi\FeedbackSessionClosedRemindersActionTest.java,6.362906455993652,72.58479309082031,7.055318355560303,56.76050567626953,Logic,72.58479309082031
teammates\src\main\java\teammates\ui\webapi\GetTimeZonesAction.java,3.475736618041992,4.1461896896362305,0.0,60.93644714355469,UI,60.93644714355469
teammates\src\client\java\teammates\client\scripts\DataMigrationForTextQuestionDetailsFormat.java,2.0,1.5765655040740967,2.0,1.936532974243164,Storage,2.0
teammates\src\main\java\teammates\ui\output\FeedbackQuestionRecipientData.java,0.0,1.0004979372024536,0.0,60.04438018798828,UI,60.04438018798828
teammates\src\main\java\teammates\logic\core\AccountRequestsLogic.java,1.3618403673171997,72.05548858642578,1.9540660381317139,0.0,Logic,72.05548858642578
teammates\src\test\java\teammates\logic\api\MockEmailSender.java,0.0,74.38850402832031,2.0122435092926025,0.0,Logic,74.38850402832031
teammates\src\main\java\teammates\storage\search\AccountRequestSearchManager.java,0.0,1.0004758834838867,108.21269226074219,0.0,Storage,108.21269226074219
teammates\src\main\java\teammates\common\datatransfer\questions\FeedbackTextResponseDetails.java,86.47341918945312,2.000498056411743,2.0,1.0,Common,86.47341918945312
teammates\src\main\java\teammates\ui\servlets\LoginServlet.java,0.0,41.37786102294922,1.329587459564209,76.93423461914062,UI,76.93423461914062
teammates\src\test\java\teammates\ui\webapi\GetAccountRequestActionTest.java,0.0,63.66135787963867,1.9238606691360474,59.2806282043457,Logic,63.66135787963867
teammates\src\test\java\teammates\ui\webapi\DeleteAccountRequestActionTest.java,0.0,68.42622375488281,2.1313724517822266,59.03738021850586,Logic,68.42622375488281
teammates\src\main\java\teammates\ui\output\OngoingSessionsData.java,0.0,1.0004879236221313,0.0,59.53955841064453,UI,59.53955841064453
teammates\src\test\java\teammates\ui\request\StudentsEnrollRequestTest.java,30.948495864868164,3.3216826915740967,0.0,59.9608268737793,UI,59.9608268737793
teammates\src\test\java\teammates\ui\webapi\GetFeedbackSessionSubmittedGiverSetActionTest.java,0.0,1.0004494190216064,0.32202836871147156,59.0108528137207,UI,59.0108528137207
teammates\src\main\java\teammates\storage\api\AccountRequestsDb.java,2.503842830657959,14.179680824279785,101.19026184082031,5.008573055267334,Storage,101.19026184082031
teammates\src\e2e\java\teammates\e2e\cases\axe\StudentCourseDetailsPageAxeTest.java,1.0661981105804443,1.0004854202270508,0.5325368046760559,0.5923321843147278,Common,1.0661981105804443
teammates\src\e2e\java\teammates\e2e\pageobjects\AdminHomePage.java,2.1399991512298584,1.0004256963729858,0.39331790804862976,1.3036364316940308,Common,2.1399991512298584
teammates\src\main\java\teammates\ui\servlets\package-info.java,0.0,1.000515103340149,0.0,60.91054916381836,UI,60.91054916381836
teammates\src\main\java\teammates\ui\webapi\GetStudentAction.java,0.0,76.47581481933594,2.0965380668640137,59.191184997558594,Logic,76.47581481933594
teammates\src\test\java\teammates\ui\webapi\GetFeedbackResponseCommentActionTest.java,17.292068481445312,75.93253326416016,4.267864227294922,52.04812240600586,Logic,75.93253326416016
teammates\src\main\java\teammates\ui\webapi\InvalidHttpParameterException.java,0.0,1.0004966259002686,0.0,59.98014831542969,UI,59.98014831542969
teammates\src\main\java\teammates\ui\webapi\DeleteDataBundleAction.java,7.268054008483887,69.94781494140625,7.931356430053711,62.772911071777344,Logic,69.94781494140625
teammates\src\e2e\java\teammates\e2e\cases\FeedbackContributionQuestionE2ETest.java,0.8324571847915649,1.0003790855407715,0.31695887446403503,0.46247613430023193,Logic,1.0003790855407715
teammates\src\main\java\teammates\common\datatransfer\attributes\EntityAttributes.java,84.05348205566406,5.342348098754883,2.0,1.0,Common,84.05348205566406
teammates\src\main\java\teammates\common\datatransfer\attributes\AccountAttributes.java,78.75384521484375,3.6611328125,2.0,1.0,Common,78.75384521484375
teammates\src\test\java\teammates\test\BaseTestCase.java,6.5086164474487305,3.416569232940674,3.966571092605591,4.312134265899658,Common,6.5086164474487305
teammates\src\main\java\teammates\common\util\AppUrl.java,83.81729888916016,1.0004806518554688,0.31842121481895447,6.075445175170898,Common,83.81729888916016
teammates\src\test\java\teammates\common\datatransfer\questions\package-info.java,88.04866027832031,1.0005137920379639,2.0,1.0,Common,88.04866027832031
teammates\src\main\java\teammates\common\datatransfer\logs\FeedbackSessionAuditLogDetails.java,85.72169494628906,19.78253173828125,2.493945598602295,1.0,Common,85.72169494628906
teammates\src\test\java\teammates\test\AbstractBackDoor.java,4.025787830352783,4.358978271484375,2.2721095085144043,9.326390266418457,UI,9.326390266418457
teammates\src\e2e\java\teammates\e2e\cases\FeedbackResultsPageE2ETest.java,28.42388916015625,5.5050554275512695,0.5324290990829468,9.877547264099121,Common,28.42388916015625
teammates\src\main\java\teammates\ui\output\InstructorPrivilegeData.java,0.0,1.0005090236663818,0.0,60.60402297973633,UI,60.60402297973633
teammates\src\main\java\teammates\common\util\SanitizationHelper.java,78.44120025634766,4.300021171569824,0.0,30.253469467163086,Common,78.44120025634766
teammates\src\main\java\teammates\common\datatransfer\InstructorPrivilegesLegacy.java,86.85803985595703,1.0005017518997192,2.0,1.0,Common,86.85803985595703
teammates\src\main\java\teammates\common\datatransfer\AttributesDeletionQuery.java,79.29519653320312,1.0004256963729858,2.0,3.0,Common,79.29519653320312
teammates\src\test\java\teammates\ui\webapi\GetStudentsActionTest.java,17.8232364654541,18.772171020507812,0.6968675851821899,52.72369384765625,UI,52.72369384765625
teammates\src\test\java\teammates\ui\webapi\InstructorSearchIndexingWorkerActionTest.java,0.9449028372764587,70.85013580322266,2.2186355590820312,58.474891662597656,Logic,70.85013580322266
teammates\src\main\java\teammates\logic\external\GoogleCloudTasksService.java,4.780094146728516,81.0611801147461,3.5325851440429688,1.9713019132614136,Logic,81.0611801147461
teammates\src\test\java\teammates\common\datatransfer\questions\FeedbackQuestionDetailsTest.java,86.76787567138672,3.3627185821533203,2.2241392135620117,1.0,Common,86.76787567138672
teammates\src\main\java\teammates\storage\entity\CourseStudent.java,2.1231884956359863,1.000433325767517,101.65950012207031,2.598618984222412,Storage,101.65950012207031
teammates\src\main\java\teammates\ui\output\CommentVisibilityType.java,0.0,1.0005110502243042,0.0,60.70539093017578,UI,60.70539093017578
teammates\src\test\java\teammates\common\datatransfer\attributes\package-info.java,88.04866027832031,1.0005137920379639,2.0,1.0,Common,88.04866027832031
teammates\src\test\java\teammates\common\datatransfer\questions\FeedbackRankRecipientsQuestionDetailsTest.java,68.3638687133789,2.092952251434326,2.0,2.0472214221954346,Common,68.3638687133789
teammates\src\main\java\teammates\ui\webapi\SubmitFeedbackResponsesAction.java,3.6193959712982178,86.21257781982422,2.425969362258911,52.59344482421875,Logic,86.21257781982422
teammates\src\e2e\java\teammates\e2e\cases\InstructorFeedbackReportPageE2ETest.java,26.619115829467773,3.523226022720337,1.4112212657928467,11.019585609436035,Common,26.619115829467773
teammates\src\main\java\teammates\storage\api\NotificationsDb.java,2.5412166118621826,6.709151268005371,101.92776489257812,1.1754578351974487,Storage,101.92776489257812
teammates\src\lnp\java\teammates\lnp\cases\package-info.java,1.1314380168914795,1.000515103340149,0.0,0.6285765767097473,Common,1.1314380168914795
teammates\src\main\java\teammates\ui\constants\QuestionTypeStructures.java,1.496920108795166,4.094769477844238,0.0,58.58860778808594,UI,58.58860778808594
teammates\src\test\java\teammates\ui\webapi\FeedbackSessionResendPublishedEmailWorkerActionTest.java,1.8869409561157227,62.66223907470703,2.0034232139587402,59.39529800415039,Logic,62.66223907470703
teammates\src\main\java\teammates\ui\webapi\GetCourseJoinStatusAction.java,1.048138976097107,72.81777954101562,1.9949257373809814,58.931217193603516,Logic,72.81777954101562
teammates\src\main\java\teammates\ui\webapi\UpdateFeedbackQuestionAction.java,0.0,73.13068389892578,2.0036182403564453,58.4106330871582,Logic,73.13068389892578
teammates\src\test\java\teammates\ui\webapi\FeedbackSessionRemindParticularUsersEmailWorkerActionTest.java,2.950629472732544,65.84439086914062,2.107318162918091,57.00343704223633,Logic,65.84439086914062
teammates\src\test\java\teammates\common\util\package-info.java,86.18446350097656,1.000515103340149,0.0,1.1394245624542236,Common,86.18446350097656
teammates\src\e2e\java\teammates\e2e\cases\StudentNotificationsPageE2ETest.java,2.1008405685424805,3.509552001953125,0.32359129190444946,5.574999809265137,UI,5.574999809265137
teammates\src\e2e\java\teammates\e2e\cases\InstructorCourseStudentDetailsPageE2ETest.java,1.0250800848007202,1.0004667043685913,0.31323933601379395,0.5694888234138489,Common,1.0250800848007202
teammates\src\client\java\teammates\client\util\LoopHelper.java,0.0,1.0004979372024536,0.0,1.101334571838379,UI,1.101334571838379
teammates\src\main\java\teammates\ui\request\FeedbackSessionUpdateRequest.java,1.4416097402572632,1.0004867315292358,0.0,60.96828079223633,UI,60.96828079223633
teammates\src\test\java\teammates\ui\webapi\GetInstructorsActionTest.java,0.7295467853546143,77.58866882324219,2.445979356765747,53.465965270996094,Logic,77.58866882324219
teammates\src\main\java\teammates\common\util\StringHelper.java,82.45240020751953,15.240741729736328,5.913341999053955,7.0398173332214355,Common,82.45240020751953
teammates\src\main\java\teammates\ui\webapi\InstructorCourseJoinEmailWorkerAction.java,0.0,73.69117736816406,2.019186496734619,58.58860778808594,Logic,73.69117736816406
teammates\src\main\java\teammates\ui\webapi\GetNotificationAction.java,0.0,68.05272674560547,1.8625619411468506,60.141357421875,Logic,68.05272674560547
teammates\src\main\java\teammates\common\datatransfer\InstructorPermissionSet.java,74.54563903808594,5.231583118438721,2.157932758331299,2.292374610900879,Common,74.54563903808594
teammates\src\test\java\teammates\ui\webapi\DeleteFeedbackSessionActionTest.java,1.4228687286376953,76.90951538085938,2.4194791316986084,53.37523651123047,Logic,76.90951538085938
teammates\src\main\java\teammates\ui\webapi\GetUserCookieAction.java,1.6351826190948486,3.180724859237671,0.0,79.05461120605469,UI,79.05461120605469
teammates\src\main\java\teammates\ui\output\package-info.java,0.0,1.000515103340149,0.0,60.91054916381836,UI,60.91054916381836
teammates\src\main\java\teammates\ui\request\FeedbackQuestionUpdateRequest.java,0.0,1.0005145072937012,0.0,62.451656341552734,UI,62.451656341552734
teammates\src\e2e\java\teammates\e2e\cases\NotificationBannerE2ETest.java,0.9870156645774841,3.576727867126465,0.26803043484687805,0.5483419895172119,Logic,3.576727867126465
teammates\src\e2e\java\teammates\e2e\cases\axe\InstructorFeedbackSessionsPageAxeTest.java,1.0715709924697876,1.0004879236221313,0.5360584259033203,0.5953171253204346,Common,1.0715709924697876
teammates\src\main\java\teammates\ui\output\FeedbackResponseCommentData.java,0.0,1.0004578828811646,0.0,58.030799865722656,UI,58.030799865722656
teammates\src\main\java\teammates\ui\output\FeedbackSessionStatsData.java,0.0,1.000507116317749,0.0,60.50345230102539,UI,60.50345230102539
teammates\src\client\java\teammates\client\util\BackDoor.java,0.0,1.0005037784576416,0.0,1.1142280101776123,UI,1.1142280101776123
teammates\src\e2e\java\teammates\e2e\cases\InstructorCourseStudentDetailsEditPageE2ETest.java,29.635255813598633,1.0004714727401733,5.539739608764648,6.007269382476807,Common,29.635255813598633
teammates\src\e2e\java\teammates\e2e\pageobjects\package-info.java,0.0,1.000515103340149,0.0,0.0,Logic,1.000515103340149
teammates\src\main\java\teammates\common\datatransfer\SessionResultsBundle.java,106.05421447753906,3.6257998943328857,3.8070781230926514,3.313800573348999,Common,106.05421447753906
teammates\src\main\java\teammates\ui\webapi\GetNotificationsAction.java,2.171928644180298,75.540283203125,2.0140538215637207,59.57307052612305,Logic,75.540283203125
teammates\src\test\java\teammates\storage\search\AccountRequestSearchTest.java,2.8337531089782715,2.4845497608184814,89.13426971435547,6.548219203948975,Storage,89.13426971435547
teammates\src\test\java\teammates\common\util\TimeHelperTest.java,69.37561798095703,1.45145583152771,2.3533239364624023,1.882383108139038,Common,69.37561798095703
teammates\src\e2e\java\teammates\e2e\pageobjects\InstructorCourseEnrollPage.java,1.979825735092163,1.000385046005249,4.247434616088867,1.0,Storage,4.247434616088867
teammates\src\test\java\teammates\common\datatransfer\questions\FeedbackContributionQuestionDetailsTest.java,51.326908111572266,4.279853343963623,2.6899051666259766,1.9164279699325562,Common,51.326908111572266
teammates\src\test\java\teammates\logic\core\FeedbackResponsesLogicTest.java,13.750996589660645,77.3343505859375,4.6223835945129395,3.2580432891845703,Logic,77.3343505859375
teammates\src\main\java\teammates\ui\webapi\DeleteNotificationAction.java,0.6583602428436279,68.54090881347656,1.8761224746704102,60.90121841430664,Logic,68.54090881347656
teammates\src\test\java\teammates\ui\webapi\GetNotificationsActionTest.java,3.787515163421631,70.25305938720703,2.125620126724243,58.428611755371094,Logic,70.25305938720703
teammates\src\main\java\teammates\common\datatransfer\attributes\AccountRequestAttributes.java,78.75384521484375,3.6611328125,2.0,1.0,Common,78.75384521484375
teammates\src\test\java\teammates\ui\webapi\GetFeedbackSessionsActionTest.java,14.613011360168457,65.2965087890625,12.115524291992188,50.430267333984375,Logic,65.2965087890625
teammates\src\main\java\teammates\ui\output\ApiOutput.java,0.0,1.0005104541778564,0.0,62.1500244140625,UI,62.1500244140625
teammates\src\main\java\teammates\ui\request\StudentsEnrollRequest.java,3.4761481285095215,3.5853137969970703,0.0,59.68639373779297,UI,59.68639373779297
teammates\src\main\java\teammates\logic\core\StudentsLogic.java,2.8390140533447266,104.11898040771484,3.596891164779663,1.2014532089233398,Logic,104.11898040771484
teammates\src\main\java\teammates\ui\webapi\FeedbackSessionResendPublishedEmailWorkerAction.java,0.9160100221633911,83.62808227539062,2.2952117919921875,61.243873596191406,Logic,83.62808227539062
teammates\src\test\java\teammates\logic\core\FeedbackQuestionsLogicTest.java,16.448925018310547,90.69066619873047,5.373219966888428,7.315601825714111,Logic,90.69066619873047
teammates\src\main\java\teammates\ui\output\JoinStatus.java,0.0,1.0005104541778564,0.0,60.6715087890625,UI,60.6715087890625
teammates\src\main\java\teammates\ui\output\GeneralLogsData.java,0.0,1.0005043745040894,0.0,60.370582580566406,UI,60.370582580566406
teammates\src\client\java\teammates\client\scripts\statistics\StatisticsPerInstitute.java,3.0448012351989746,4.775242328643799,6.400469779968262,3.8289546966552734,Storage,6.400469779968262
teammates\src\main\java\teammates\common\datatransfer\attributes\NotificationAttributes.java,73.10643005371094,3.5187294483184814,2.0,1.0,Common,73.10643005371094
teammates\src\main\java\teammates\ui\webapi\RegenerateStudentKeyAction.java,2.0999481678009033,64.25597381591797,1.757097601890564,62.10921096801758,Logic,64.25597381591797
teammates\src\client\java\teammates\client\scripts\DataMigrationForStudentsAndTeamsRecipientType.java,2.0,1.5717549324035645,2.0,1.0,Storage,2.0
teammates\src\main\java\teammates\common\datatransfer\questions\FeedbackConstantSumQuestionDetails.java,72.98381042480469,1.0002886056900024,3.645831346511841,2.269871473312378,Common,72.98381042480469
teammates\src\test\java\teammates\ui\webapi\GetNotificationActionTest.java,0.0,1.9575351476669312,0.2848614752292633,57.54365158081055,UI,57.54365158081055
teammates\src\e2e\java\teammates\e2e\util\RetryManager.java,1.2644201517105103,1.0004712343215942,0.956802487373352,1.9338781833648682,UI,1.9338781833648682
teammates\src\e2e\java\teammates\e2e\pageobjects\StudentHomePage.java,2.6136474609375,2.915555477142334,1.4408910274505615,1.8443225622177124,Logic,2.915555477142334
teammates\src\main\java\teammates\ui\webapi\ArchiveCourseAction.java,0.0,83.6076889038086,2.294644832611084,62.22854232788086,Logic,83.6076889038086
teammates\src\test\java\teammates\logic\core\FeedbackResponseCommentsLogicTest.java,40.039207458496094,52.94873046875,3.643906831741333,5.050324440002441,Logic,52.94873046875
teammates\src\test\java\teammates\logic\core\BaseLogicTest.java,2.0,73.87181091308594,4.024202823638916,1.0,Logic,73.87181091308594
teammates\src\e2e\java\teammates\e2e\pageobjects\AdminSearchPage.java,2.957599639892578,4.049195289611816,0.22976984083652496,14.96407699584961,UI,14.96407699584961
teammates\src\e2e\java\teammates\e2e\cases\axe\InstructorCourseDetailsPageAxeTest.java,1.060878872871399,1.0004830360412598,0.28808847069740295,0.5893770456314087,Common,1.060878872871399
teammates\src\test\java\teammates\ui\request\package-info.java,0.0,1.000515103340149,0.0,62.48817443847656,UI,62.48817443847656
teammates\src\main\java\teammates\ui\output\AccountData.java,0.0,1.0004916191101074,0.0,59.726463317871094,UI,59.726463317871094
teammates\src\main\java\teammates\ui\output\ResponseVisibleSetting.java,3.6945409774780273,1.0005130767822266,0.0,60.807559967041016,UI,60.807559967041016
teammates\src\test\java\teammates\ui\webapi\package-info.java,0.0,1.000515103340149,0.0,60.91054916381836,UI,60.91054916381836
teammates\src\client\java\teammates\client\scripts\DataMigrationForUnencryptedKeyForInstructors.java,3.025791883468628,1.5864336490631104,2.0,1.0,Common,3.025791883468628
teammates\src\test\java\teammates\ui\webapi\DeleteAccountActionTest.java,0.0,64.25597381591797,1.9812368154525757,58.888099670410156,Logic,64.25597381591797
teammates\src\e2e\java\teammates\e2e\pageobjects\IanaTimezonePage.java,4.186087608337402,1.0005024671554565,3.1860876083374023,1.5930438041687012,Common,4.186087608337402
teammates\src\e2e\java\teammates\e2e\pageobjects\StudentCourseDetailsPage.java,1.0,1.000537395477295,0.0,0.0,Logic,1.000537395477295
teammates\src\test\java\teammates\ui\webapi\SearchInstructorsActionTest.java,2.0,1.000367522239685,2.3032021522521973,55.58583068847656,UI,55.58583068847656
teammates\src\main\java\teammates\ui\webapi\CreateFeedbackSessionLogAction.java,0.0,13.44926643371582,0.3180220127105713,58.819366455078125,UI,58.819366455078125
teammates\src\test\java\teammates\common\datatransfer\ErrorLogEntryTest.java,87.44693756103516,1.000547170639038,4.7248992919921875,78.77184295654297,Common,87.44693756103516
teammates\src\test\java\teammates\ui\servlets\package-info.java,0.0,1.000515103340149,0.0,60.91054916381836,UI,60.91054916381836
teammates\src\main\java\teammates\ui\webapi\PutDataBundleAction.java,3.1651415824890137,69.67549133300781,3.8313136100769043,60.60154724121094,Logic,69.67549133300781
teammates\src\e2e\java\teammates\e2e\cases\InstructorCourseEnrollPageE2ETest.java,34.10791015625,1.3919711112976074,0.5032156705856323,2.6008739471435547,Common,34.10791015625
teammates\src\test\java\teammates\ui\webapi\FeedbackSessionRemindEmailWorkerActionTest.java,5.290334224700928,75.43680572509766,2.2542643547058105,56.608463287353516,Logic,75.43680572509766
teammates\src\e2e\java\teammates\e2e\cases\InstructorCourseEditPageE2ETest.java,5.407540321350098,3.613966226577759,4.608728408813477,4.677704334259033,Common,5.407540321350098
teammates\src\main\java\teammates\ui\webapi\GetFeedbackSessionAction.java,0.0,62.93004608154297,1.6642746925354004,58.4106330871582,Logic,62.93004608154297
teammates\src\main\java\teammates\ui\webapi\AdminExceptionTestAction.java,3.0611228942871094,3.592146635055542,3.0,59.25072479248047,UI,59.25072479248047
teammates\src\test\java\teammates\logic\core\NotificationsLogicTest.java,6.626585960388184,63.249229431152344,4.057613372802734,7.190153121948242,Logic,63.249229431152344
teammates\src\main\java\teammates\ui\request\FeedbackResponseCommentCreateRequest.java,0.0,1.000507116317749,0.0,62.05628967285156,UI,62.05628967285156
teammates\src\lnp\java\teammates\lnp\cases\InstructorSessionResultLNPTest.java,2.605062484741211,1.5873874425888062,2.164308547973633,1.8930593729019165,Common,2.605062484741211
teammates\src\test\java\teammates\common\datatransfer\attributes\InstructorAttributesTest.java,58.213993072509766,5.959331512451172,2.0723955631256104,1.6498761177062988,Common,58.213993072509766
teammates\src\test\java\teammates\storage\api\NotificationsDbTest.java,4.933610916137695,4.751950740814209,75.8384780883789,3.1162960529327393,Storage,75.8384780883789
teammates\src\main\java\teammates\storage\api\FeedbackResponsesDb.java,2.259340286254883,11.254794120788574,81.46089172363281,3.87747859954834,Storage,81.46089172363281
teammates\src\lnp\java\teammates\lnp\cases\StudentSectionUpdateLNPTest.java,5.376880645751953,1.6183439493179321,2.0,1.4109899997711182,Common,5.376880645751953
teammates\src\main\java\teammates\ui\webapi\FeedbackSessionClosedRemindersAction.java,1.017085075378418,82.31877899169922,2.2588415145874023,60.88648986816406,Logic,82.31877899169922
teammates\src\main\java\teammates\common\datatransfer\package-info.java,88.18446350097656,1.000515103340149,2.0,1.0,Common,88.18446350097656
teammates\src\test\java\teammates\common\datatransfer\questions\FeedbackRubricQuestionDetailsTest.java,62.082828521728516,1.0002423524856567,2.2251009941101074,1.0,Common,62.082828521728516
teammates\src\main\java\teammates\ui\output\FeedbackQuestionsData.java,0.0,1.000495433807373,0.25146979093551636,59.91624069213867,UI,59.91624069213867
teammates\src\main\java\teammates\ui\output\RegkeyValidityData.java,1.2333513498306274,1.0005037784576416,0.0,60.33757781982422,UI,60.33757781982422
teammates\src\e2e\java\teammates\e2e\cases\InstructorStudentListPageE2ETest.java,5.713220119476318,3.4961318969726562,5.357820987701416,2.9043526649475098,Common,5.713220119476318
teammates\src\test\java\teammates\ui\webapi\CreateFeedbackSessionActionTest.java,4.293814182281494,60.50725555419922,1.915252685546875,49.54212951660156,Logic,60.50725555419922
teammates\src\main\java\teammates\ui\webapi\FeedbackSessionRemindParticularUsersEmailWorkerAction.java,0.9160100221633911,83.62808227539062,2.2952117919921875,61.243873596191406,Logic,83.62808227539062
teammates\src\main\java\teammates\ui\request\InstructorCreateRequest.java,0.0,1.0004758834838867,0.0,60.39387512207031,UI,60.39387512207031
teammates\src\main\java\teammates\common\util\RequestTracer.java,81.93588256835938,1.6923370361328125,0.31323933601379395,2.158079147338867,Common,81.93588256835938
teammates\src\e2e\java\teammates\e2e\pageobjects\AdminAccountsPage.java,2.1399991512298584,1.0004256963729858,0.2971218228340149,0.0,Common,2.1399991512298584
teammates\src\test\java\teammates\common\datatransfer\questions\FeedbackConstantSumQuestionDetailsTest.java,63.598846435546875,1.0002423524856567,2.0,1.1852730512619019,Common,63.598846435546875
teammates\src\main\java\teammates\storage\api\FeedbackSessionsDb.java,4.318065166473389,15.515645980834961,81.56771087646484,3.380708694458008,Storage,81.56771087646484
teammates\src\e2e\java\teammates\e2e\cases\InstructorStudentRecordsPageE2ETest.java,6.921512603759766,1.0005112886428833,6.160118103027344,5.162204265594482,Common,6.921512603759766
teammates\src\main\java\teammates\ui\webapi\RemindFeedbackSessionResultAction.java,0.0,64.68582916259766,2.9315619468688965,60.474891662597656,Logic,64.68582916259766
teammates\src\test\java\teammates\ui\webapi\DeleteFeedbackResponseCommentActionTest.java,39.421417236328125,77.34494018554688,2.3957161903381348,49.52153778076172,Logic,77.34494018554688
teammates\src\main\java\teammates\ui\constants\DefaultInstructorPermissions.java,5.122602939605713,7.252377510070801,0.0,61.090763092041016,UI,61.090763092041016
teammates\src\test\java\teammates\logic\core\CoursesLogicTest.java,3.775397300720215,70.27318572998047,5.36857795715332,3.4887442588806152,Logic,70.27318572998047
teammates\src\main\java\teammates\ui\output\SessionLinksRecoveryResponseData.java,0.0,1.000507116317749,0.0,60.50345230102539,UI,60.50345230102539
teammates\src\main\java\teammates\logic\core\FeedbackQuestionsLogic.java,2.299927234649658,83.51087188720703,2.6541779041290283,5.8471527099609375,Logic,83.51087188720703
teammates\src\main\java\teammates\common\util\EmailSendingStatus.java,84.98757934570312,1.0005030632019043,0.0,1.1127805709838867,Common,84.98757934570312
teammates\src\main\java\teammates\common\util\Url.java,84.34671020507812,5.094769477844238,0.3466709852218628,1.0373163223266602,Common,84.34671020507812
teammates\src\main\java\teammates\ui\webapi\GetAccountsAction.java,0.0,69.19065856933594,1.8663933277130127,62.20642852783203,Logic,69.19065856933594
teammates\src\main\java\teammates\ui\webapi\Action.java,2.3174328804016113,79.4446029663086,2.001284599304199,67.39558410644531,Logic,79.4446029663086
teammates\src\e2e\java\teammates\e2e\pageobjects\InstructorHomePage.java,5.115644454956055,3.046543836593628,3.1837847232818604,2.8304085731506348,Common,5.115644454956055
teammates\src\e2e\java\teammates\e2e\cases\AutomatedSessionRemindersE2ETest.java,0.9690242409706116,1.0004411935806274,0.3339957594871521,0.5383467078208923,Logic,1.0004411935806274
teammates\src\main\java\teammates\ui\webapi\BinFeedbackSessionAction.java,0.0,74.20966339111328,2.033588409423828,61.0546875,Logic,74.20966339111328
teammates\src\test\java\teammates\storage\search\StudentSearchTest.java,3.828096389770508,2.331766366958618,92.20177459716797,1.0,Storage,92.20177459716797
teammates\src\main\java\teammates\ui\webapi\GetFeedbackSessionsAction.java,2.053818702697754,77.0171890258789,2.2674436569213867,60.05358123779297,Logic,77.0171890258789
teammates\src\e2e\java\teammates\e2e\cases\TimezoneSyncerTest.java,10.15501880645752,1.3112794160842896,6.761000633239746,15.979961395263672,UI,15.979961395263672
teammates\src\test\java\teammates\ui\webapi\FeedbackSessionUnpublishedEmailWorkerActionTest.java,1.0598440170288086,64.68582916259766,1.9967119693756104,58.474891662597656,Logic,64.68582916259766
teammates\src\client\java\teammates\client\scripts\PopulateCourseSearchDocuments.java,4.79799747467041,66.2612075805664,7.710789203643799,5.215727806091309,Logic,66.2612075805664
teammates\src\main\java\teammates\storage\api\UsageStatisticsDb.java,2.8386917114257812,10.5919189453125,114.25202941894531,1.0939159393310547,Storage,114.25202941894531
teammates\src\main\java\teammates\common\datatransfer\questions\FeedbackMcqQuestionDetails.java,76.616455078125,3.4483816623687744,2.0,8.600561141967773,Common,76.616455078125
teammates\src\main\java\teammates\ui\output\NotificationsData.java,0.0,1.0005037784576416,0.0,60.33757781982422,UI,60.33757781982422
teammates\src\main\java\teammates\common\util\Config.java,69.56036376953125,22.211044311523438,6.254915714263916,5.971280097961426,Common,69.56036376953125
teammates\src\e2e\java\teammates\e2e\cases\FeedbackMsqQuestionE2ETest.java,0.7833883166313171,2.8074886798858643,0.31504470109939575,5.601733207702637,UI,5.601733207702637
teammates\src\e2e\java\teammates\e2e\cases\SystemErrorEmailReportE2ETest.java,4.92980432510376,18.524520874023438,3.821683168411255,7.5940961837768555,Logic,18.524520874023438
teammates\src\e2e\java\teammates\e2e\cases\AdminSearchPageE2ETest.java,58.11039352416992,3.7172834873199463,0.4641227722167969,1.5824962854385376,Common,58.11039352416992
teammates\src\client\java\teammates\client\scripts\DataMigrationForContributionQuestionDetailsIsZeroSum.java,2.0,5.564602375030518,2.28665828704834,1.9210293292999268,Logic,5.564602375030518
teammates\src\main\java\teammates\ui\webapi\AuthType.java,0.0,1.0005064010620117,0.0,60.4701042175293,UI,60.4701042175293
teammates\src\main\java\teammates\ui\webapi\FeedbackSessionOpeningRemindersAction.java,1.017085075378418,82.31877899169922,2.2588415145874023,60.88648986816406,Logic,82.31877899169922
teammates\src\client\java\teammates\client\scripts\IndexFeedbackSessionFields.java,2.0,1.6018857955932617,2.0,1.0,Storage,2.0
teammates\src\test\java\teammates\ui\webapi\ActionFactoryTest.java,0.8758384585380554,1.0004452466964722,0.0,70.75186157226562,UI,70.75186157226562
teammates\src\client\java\teammates\client\util\package-info.java,0.0,1.000515103340149,0.0,1.1394245624542236,UI,1.1394245624542236
teammates\src\main\java\teammates\common\util\JsonUtils.java,73.69014739990234,3.0075182914733887,0.2517445981502533,1.1359773874282837,Common,73.69014739990234
teammates\src\main\java\teammates\logic\external\package-info.java,0.0,74.3622817993164,2.0378267765045166,0.0,Logic,74.3622817993164
teammates\src\main\java\teammates\ui\webapi\GetFeedbackQuestionsAction.java,0.0,77.02645874023438,2.0563294887542725,58.04059600830078,Logic,77.02645874023438
teammates\src\main\java\teammates\ui\webapi\GenerateEmailAction.java,0.0,70.20976257324219,2.143193006515503,58.030799865722656,Logic,70.20976257324219
teammates\src\lnp\java\teammates\lnp\cases\FeedbackSessionSubmitLNPTest.java,6.678230285644531,1.6014816761016846,3.713994264602661,2.6020054817199707,Common,6.678230285644531
teammates\src\e2e\java\teammates\e2e\cases\FeedbackRankRecipientQuestionE2ETest.java,0.8324571847915649,1.0003790855407715,0.31695887446403503,0.46247613430023193,Logic,1.0003790855407715
teammates\src\e2e\java\teammates\e2e\cases\InstructorSearchPageE2ETest.java,1.7285020351409912,1.5785408020019531,0.5023065209388733,0.4852730631828308,Common,1.7285020351409912
teammates\src\main\java\teammates\ui\output\TimeZonesData.java,0.0,1.0005043745040894,0.0,60.370582580566406,UI,60.370582580566406
teammates\src\test\java\teammates\ui\webapi\CalculateUsageStatisticsActionTest.java,0.9836873412132263,65.82221221923828,2.085845947265625,59.0546875,Logic,65.82221221923828
teammates\src\main\java\teammates\ui\output\AccountRequestData.java,0.0,1.0004891157150269,0.0,59.60154724121094,UI,59.60154724121094
teammates\src\main\java\teammates\ui\webapi\GetOngoingSessionsAction.java,1.9659544229507446,72.77596282958984,2.1553614139556885,57.16598129272461,Logic,72.77596282958984
teammates\src\main\java\teammates\ui\request\InstructorPrivilegeUpdateRequest.java,0.0,1.0005037784576416,0.0,61.88031768798828,UI,61.88031768798828
teammates\src\test\java\teammates\common\datatransfer\attributes\CourseAttributesTest.java,73.06722259521484,5.823695659637451,2.0,1.0,Common,73.06722259521484
teammates\src\e2e\java\teammates\e2e\cases\axe\InstructorStudentActivityLogsPageAxeTest.java,1.0661981105804443,1.0004854202270508,0.5325368046760559,0.5923321843147278,Common,1.0661981105804443
teammates\src\main\java\teammates\ui\output\InstructorPermissionRole.java,0.0,1.0004891157150269,0.0,59.60154724121094,UI,59.60154724121094
teammates\src\test\java\teammates\ui\webapi\GetInstructorActionTest.java,1.988835096359253,74.72816467285156,3.3513987064361572,54.19837188720703,Logic,74.72816467285156
teammates\src\main\java\teammates\common\util\TzdbResourceZoneRulesProvider.java,75.62603759765625,3.5285956859588623,8.861137390136719,8.106510162353516,Common,75.62603759765625
teammates\src\main\java\teammates\ui\output\FeedbackVisibilityType.java,0.0,1.0005117654800415,0.0,60.739356994628906,UI,60.739356994628906
teammates\src\main\java\teammates\ui\webapi\ActionResult.java,0.9750289916992188,1.000508427619934,0.0,60.570411682128906,UI,60.570411682128906
teammates\src\test\java\teammates\common\datatransfer\questions\FeedbackNumericalScaleQuestionDetailsTest.java,68.1566162109375,8.043745040893555,2.601785898208618,2.2273240089416504,Common,68.1566162109375
teammates\src\e2e\java\teammates\e2e\cases\axe\InstructorSessionIndividualExtensionPageAxeTest.java,1.0556124448776245,1.0004806518554688,0.5937377214431763,0.5864512920379639,Common,1.0556124448776245
teammates\src\test\java\teammates\ui\webapi\DeleteInstructorActionTest.java,1.3737525939941406,76.35237121582031,2.404388904571533,48.872352600097656,Logic,76.35237121582031
teammates\src\e2e\java\teammates\e2e\pageobjects\AdminTimezonePage.java,5.245691299438477,1.0004879236221313,2.55885910987854,1.27942955493927,Common,5.245691299438477
teammates\src\main\java\teammates\logic\core\InstructorsLogic.java,2.203451633453369,134.207275390625,4.294734477996826,0.9935340285301208,Logic,134.207275390625
teammates\src\test\java\teammates\ui\webapi\CreateNotificationActionTest.java,2.9468801021575928,57.083988189697266,1.557878017425537,59.152950286865234,UI,59.152950286865234
teammates\src\test\java\teammates\storage\api\FeedbackSessionsDbTest.java,4.363790988922119,3.283695936203003,61.781639099121094,2.251955270767212,Storage,61.781639099121094
teammates\src\main\java\teammates\ui\webapi\DeleteFeedbackResponseCommentAction.java,23.720077514648438,78.58784484863281,2.0390031337738037,61.86749267578125,Logic,78.58784484863281
teammates\src\main\java\teammates\logic\api\EmailGenerator.java,6.380161762237549,74.9382095336914,5.367134094238281,6.741535186767578,Logic,74.9382095336914
teammates\src\main\java\teammates\ui\output\FeedbackSessionSubmittedGiverSet.java,0.7506299614906311,1.0005090236663818,0.0,62.105281829833984,UI,62.105281829833984
teammates\src\main\java\teammates\ui\webapi\FeedbackSessionOpeningSoonRemindersAction.java,1.017085075378418,82.31877899169922,2.2588415145874023,60.88648986816406,Logic,82.31877899169922
teammates\src\main\java\teammates\ui\output\ReadNotificationsData.java,0.0,1.0005090236663818,0.0,60.60402297973633,UI,60.60402297973633
teammates\src\test\java\teammates\ui\webapi\UnpublishFeedbackSessionActionTest.java,0.7945350408554077,69.24627685546875,2.155491590499878,56.04059600830078,Logic,69.24627685546875
teammates\src\main\java\teammates\ui\webapi\BasicCommentSubmissionAction.java,35.76382827758789,64.43511199951172,1.7342959642410278,58.259735107421875,Logic,64.43511199951172
teammates\src\e2e\java\teammates\e2e\cases\AdminSessionsPageE2ETest.java,5.9782280921936035,1.746525764465332,6.301370620727539,3.7580454349517822,Storage,6.301370620727539
teammates\src\main\java\teammates\ui\output\FeedbackSessionData.java,4.512558937072754,1.000356674194336,0.0,55.75989532470703,UI,55.75989532470703
teammates\src\main\java\teammates\logic\external\EmailSenderService.java,1.7189347743988037,73.92028045654297,2.0255489349365234,0.0,Logic,73.92028045654297
teammates\src\test\java\teammates\storage\search\BaseSearchTest.java,2.0,1.000507116317749,115.00557708740234,1.0,Storage,115.00557708740234
teammates\src\main\java\teammates\logic\api\UserProvision.java,5.806654453277588,72.07950592041016,1.9312896728515625,58.12822341918945,Logic,72.07950592041016
teammates\src\main\java\teammates\ui\request\Intent.java,0.0,1.0005117654800415,0.0,62.306556701660156,UI,62.306556701660156
teammates\src\e2e\java\teammates\e2e\pageobjects\InstructorStudentRecordsPage.java,2.438929557800293,1.0004916191101074,0.0,0.5078272819519043,Common,2.438929557800293
teammates\src\e2e\java\teammates\e2e\cases\axe\StudentHomePageAxeTest.java,1.0715709924697876,1.0004879236221313,0.29099199175834656,0.5953171253204346,Common,1.0715709924697876
teammates\src\test\java\teammates\ui\webapi\GetAccountsActionTest.java,0.0,2.281583786010742,0.3264431655406952,57.787071228027344,UI,57.787071228027344
teammates\src\lnp\java\teammates\lnp\cases\InstructorCourseUpdateLNPTest.java,5.769227981567383,1.6076260805130005,2.0,1.462476134300232,Common,5.769227981567383
teammates\src\client\java\teammates\client\scripts\DataMigrationForTeamNameInResponseGiver.java,4.6089630126953125,23.29945182800293,2.8455381393432617,2.807526111602783,Logic,23.29945182800293
teammates\src\test\java\teammates\architecture\ArchitectureTest.java,39.74298858642578,50.611385345458984,39.57375717163086,38.165130615234375,Logic,50.611385345458984
teammates\src\main\java\teammates\common\util\FieldValidator.java,70.72032165527344,8.329437255859375,1.1467976570129395,8.33830451965332,Common,70.72032165527344
teammates\src\main\java\teammates\storage\api\DatastoreEmulatorRunner.java,2.0,2.5431323051452637,119.77778625488281,1.0,Storage,119.77778625488281
teammates\src\test\java\teammates\ui\webapi\GetCourseJoinStatusActionTest.java,4.689053535461426,73.45155334472656,2.1365013122558594,61.97086715698242,Logic,73.45155334472656
teammates\src\test\java\teammates\ui\webapi\FeedbackSessionPublishedEmailWorkerActionTest.java,1.0598440170288086,64.68582916259766,1.9967119693756104,58.474891662597656,Logic,64.68582916259766
teammates\src\test\java\teammates\common\datatransfer\AttributesDeletionQueryTest.java,74.65904235839844,1.0003790855407715,2.0,1.0,Common,74.65904235839844
teammates\src\main\java\teammates\common\datatransfer\logs\LogDetails.java,86.98757934570312,19.244556427001953,2.506779193878174,1.0,Common,86.98757934570312
teammates\src\main\java\teammates\common\datatransfer\UserInfoCookie.java,85.77501678466797,1.0004782676696777,2.0,5.5133466720581055,Common,85.77501678466797
teammates\src\main\java\teammates\logic\external\EmptyRecaptchaService.java,0.0,74.16453552246094,2.0323338508605957,0.0,Logic,74.16453552246094
teammates\src\client\java\teammates\client\scripts\DataMigrationForInstructorFeedbackResponseComments.java,39.28094482421875,1.5790013074874878,2.244030714035034,1.94049072265625,Common,39.28094482421875
teammates\src\test\java\teammates\ui\webapi\GetSessionResultsActionTest.java,1.010360836982727,72.22698974609375,2.193924903869629,49.476097106933594,Logic,72.22698974609375
teammates\src\main\java\teammates\ui\webapi\InvalidOperationException.java,1.0482254028320312,1.0004966259002686,0.0,59.98014831542969,UI,59.98014831542969
teammates\src\test\java\teammates\ui\webapi\GetReadNotificationsActionTest.java,3.9531068801879883,2.113438844680786,0.28384023904800415,65.63084411621094,UI,65.63084411621094
teammates\src\e2e\java\teammates\e2e\cases\axe\StudentCourseJoinConfirmationPageAxeTest.java,1.0401222705841064,1.0004736185073853,0.30384770035743713,0.577845573425293,Common,1.0401222705841064
teammates\src\lnp\java\teammates\lnp\util\LNPTestData.java,2.0,1.0004736185073853,2.0,2.04746413230896,UI,2.04746413230896
teammates\src\e2e\java\teammates\e2e\cases\InstructorStudentActivityLogsPageE2ETest.java,4.033675193786621,14.663857460021973,2.4430456161499023,1.2705261707305908,Logic,14.663857460021973
teammates\src\main\java\teammates\ui\webapi\StudentSearchIndexingWorkerAction.java,0.0,72.97453308105469,1.9992787837982178,59.948150634765625,Logic,72.97453308105469
teammates\src\e2e\java\teammates\e2e\pageobjects\InstructorFeedbackResultsPage.java,35.55482864379883,3.88244891166687,2.6894516944885254,8.376492500305176,Common,35.55482864379883
teammates\src\e2e\java\teammates\e2e\cases\axe\StudentNotificationsPageAxeTest.java,1.0556124448776245,3.2752647399902344,0.23898106813430786,0.5864512920379639,Logic,3.2752647399902344
teammates\src\e2e\java\teammates\e2e\cases\InstructorCoursesPageE2ETest.java,6.905324459075928,2.9111878871917725,4.0955939292907715,4.309462070465088,Common,6.905324459075928
teammates\src\test\java\teammates\test\BaseTestCaseWithDatabaseAccess.java,7.480568885803223,3.2818868160247803,6.240563869476318,3.58622407913208,Common,7.480568885803223
teammates\src\main\java\teammates\storage\search\StudentSearchDocument.java,1.869869589805603,1.6455726623535156,108.93958282470703,1.274254560470581,Storage,108.93958282470703
teammates\src\e2e\java\teammates\e2e\pageobjects\UserNotificationsPage.java,7.793736934661865,1.0003976821899414,5.961160659790039,12.847846984863281,UI,12.847846984863281
teammates\src\test\java\teammates\common\datatransfer\attributes\BaseAttributesTest.java,87.91356658935547,1.0005124807357788,2.0,1.0,Common,87.91356658935547
teammates\src\test\java\teammates\test\MockHttpServletRequest.java,2.513549566268921,20.490346908569336,0.5168523192405701,1.031517744064331,Logic,20.490346908569336
teammates\src\test\java\teammates\logic\core\AccountsLogicTest.java,7.505953788757324,53.18336486816406,3.690338611602783,5.857226371765137,Logic,53.18336486816406
teammates\src\main\java\teammates\storage\api\InstructorsDb.java,3.0223660469055176,15.008116722106934,80.1817626953125,6.172549247741699,Storage,80.1817626953125
teammates\src\main\java\teammates\common\datatransfer\logs\QueryLogsParams.java,81.62711334228516,16.713327407836914,2.436469316482544,3.0,Common,81.62711334228516
teammates\src\main\java\teammates\ui\request\SendEmailRequest.java,0.0,1.0004806518554688,0.0,60.64599609375,UI,60.64599609375
teammates\src\test\java\teammates\ui\webapi\SendLoginEmailActionTest.java,0.5356526970863342,27.897239685058594,0.9286539554595947,61.233551025390625,UI,61.233551025390625
teammates\src\main\java\teammates\ui\webapi\FeedbackSessionUnpublishedEmailWorkerAction.java,2.5091631412506104,83.02074432373047,3.478727340698242,60.49648666381836,Logic,83.02074432373047
teammates\src\main\java\teammates\ui\webapi\GetFeedbackResponsesAction.java,37.861785888671875,76.42027282714844,8.674964904785156,60.130943298339844,Logic,76.42027282714844
teammates\src\main\java\teammates\ui\request\NotificationBasicRequest.java,1.2468202114105225,1.000462293624878,0.0,64.99125671386719,UI,64.99125671386719
teammates\src\main\java\teammates\common\exception\DeadlineExceededException.java,87.38993835449219,1.0005145072937012,0.0,0.0,Common,87.38993835449219
teammates\src\main\java\teammates\storage\api\CoursesDb.java,2.4675750732421875,14.874444007873535,99.903076171875,1.3013745546340942,Storage,99.903076171875
teammates\src\main\java\teammates\ui\request\FeedbackResponseCommentBasicRequest.java,25.690561294555664,1.0004712343215942,0.0,60.146663665771484,UI,60.146663665771484
teammates\src\main\java\teammates\ui\servlets\OriginCheckFilter.java,2.038710117340088,16.415624618530273,0.4458589553833008,59.61334991455078,UI,59.61334991455078
teammates\src\main\java\teammates\ui\webapi\GetCourseSectionNamesAction.java,0.0,74.60824584960938,2.0446600914001465,61.41651916503906,Logic,74.60824584960938
teammates\src\main\java\teammates\ui\output\CoursesData.java,0.0,1.0005037784576416,0.0,60.33757781982422,UI,60.33757781982422
teammates\src\main\java\teammates\common\datatransfer\attributes\UsageStatisticsAttributes.java,81.32410430908203,2.7098512649536133,2.0,16.951217651367188,Common,81.32410430908203
teammates\src\client\java\teammates\client\scripts\DataMigrationForSampleGoogleIdInStudentAttributes.java,2.0,1.5864336490631104,2.0,1.952567458152771,Storage,2.0
teammates\src\main\java\teammates\ui\output\FeedbackResponsesData.java,0.0,1.0004973411560059,0.0,60.01222229003906,UI,60.01222229003906
teammates\src\main\java\teammates\ui\webapi\UpdateNotificationAction.java,1.37529456615448,65.82221221923828,1.8006037473678589,59.0546875,Logic,65.82221221923828
teammates\src\test\java\teammates\common\datatransfer\attributes\DeadlineExtensionAttributesTest.java,70.11817932128906,2.7822728157043457,2.0,3.939207077026367,Common,70.11817932128906
teammates\src\test\java\teammates\test\AssertHelperTest.java,0.0,1.0005050897598267,0.25996044278144836,0.0,Logic,1.0005050897598267
teammates\src\main\java\teammates\ui\webapi\DeleteAccountAction.java,0.0,68.54090881347656,1.8761224746704102,60.370582580566406,Logic,68.54090881347656
teammates\src\test\java\teammates\ui\webapi\GetFeedbackResponsesActionTest.java,3.852915048599243,68.49929809570312,4.132584095001221,51.24431228637695,Logic,68.49929809570312
teammates\src\main\java\teammates\logic\external\MailgunService.java,0.0,78.9509506225586,3.2400264739990234,14.332965850830078,Logic,78.9509506225586
teammates\src\lnp\java\teammates\lnp\cases\FeedbackQuestionUpdateLNPTest.java,5.220315456390381,1.5947577953338623,2.0,1.3893191814422607,Common,5.220315456390381
teammates\src\test\java\teammates\ui\webapi\PublishFeedbackSessionActionTest.java,0.7545118927955627,73.47198486328125,2.3213744163513184,55.33760452270508,Logic,73.47198486328125
teammates\src\main\java\teammates\ui\webapi\DeleteCourseAction.java,1.1504318714141846,77.33389282226562,2.0446600914001465,61.41651916503906,Logic,77.33389282226562
teammates\src\main\java\teammates\storage\entity\DeadlineExtension.java,3.757448196411133,1.0004494190216064,104.13478088378906,4.695113658905029,Storage,104.13478088378906
teammates\src\test\java\teammates\ui\webapi\RestoreFeedbackSessionActionTest.java,1.144258737564087,73.31170654296875,2.008645534515381,58.25072479248047,Logic,73.31170654296875
teammates\src\test\java\teammates\ui\webapi\CreateCourseActionTest.java,4.93578577041626,71.98074340820312,2.155836820602417,61.88131332397461,Logic,71.98074340820312
teammates\src\client\java\teammates\client\scripts\statistics\CursorIterator.java,0.0,1.0004758834838867,0.0,0.0,Logic,1.0004758834838867
teammates\src\test\java\teammates\logic\api\package-info.java,0.0,75.33345794677734,2.0378267765045166,0.0,Logic,75.33345794677734
teammates\src\client\java\teammates\client\scripts\DataBundleRegenerator.java,8.223668098449707,1.4542651176452637,6.11390495300293,6.416198253631592,Common,8.223668098449707
teammates\src\main\java\teammates\ui\request\FeedbackResponsesRequest.java,0.0,1.0004806518554688,0.0,60.64599609375,UI,60.64599609375
teammates\src\test\java\teammates\ui\webapi\SessionLinksRecoveryActionTest.java,0.0,1.6057056188583374,0.29960647225379944,53.44334411621094,UI,53.44334411621094
teammates\src\main\java\teammates\logic\core\LogicStarter.java,2.397340774536133,149.44911193847656,3.964477777481079,0.0,Logic,149.44911193847656
teammates\src\test\java\teammates\logic\core\DataBundleLogicTest.java,9.187858581542969,76.29287719726562,11.797931671142578,5.929202556610107,Logic,76.29287719726562
teammates\src\main\java\teammates\common\datatransfer\FeedbackResultFetchType.java,86.4098892211914,1.0004973411560059,3.2924692630767822,1.0,Common,86.4098892211914
teammates\src\main\java\teammates\ui\output\StudentsData.java,0.0,1.0004979372024536,0.0,60.04438018798828,UI,60.04438018798828
teammates\src\main\java\teammates\common\datatransfer\logs\ExceptionLogDetails.java,85.99247741699219,18.516380310058594,2.4865527153015137,1.0,Common,85.99247741699219
teammates\src\main\java\teammates\ui\webapi\ResetAccountRequestAction.java,0.0,79.612060546875,2.1836555004119873,60.898311614990234,Logic,79.612060546875
teammates\src\main\java\teammates\ui\servlets\LogoutServlet.java,0.0,11.018951416015625,0.2782905697822571,61.84955978393555,UI,61.84955978393555
teammates\src\test\java\teammates\common\datatransfer\questions\FeedbackMcqQuestionDetailsTest.java,67.11405944824219,1.0003031492233276,2.299365282058716,1.0,Common,67.11405944824219
teammates\src\test\java\teammates\ui\webapi\BinCourseActionTest.java,9.06472110748291,75.87744140625,8.917685508728027,57.34867858886719,Logic,75.87744140625
teammates\src\test\java\teammates\ui\webapi\CreateFeedbackResponseCommentActionTest.java,38.57865905761719,77.2877426147461,4.297411918640137,45.03691864013672,Logic,77.2877426147461
teammates\src\e2e\java\teammates\e2e\pageobjects\StudentNotificationsPage.java,2.5206387042999268,1.0005077123641968,0.0,2.0,Common,2.5206387042999268
teammates\src\e2e\java\teammates\e2e\pageobjects\ErrorReportingModal.java,2.438929557800293,1.0004916191101074,0.0,13.513019561767578,UI,13.513019561767578
teammates\src\main\java\teammates\ui\webapi\SearchStudentsAction.java,2.5358927249908447,76.80252075195312,2.0355896949768066,59.60319900512695,Logic,76.80252075195312
teammates\src\main\java\teammates\common\datatransfer\logs\RequestLogUser.java,86.85803985595703,19.197275161743164,2.5054659843444824,1.0,Common,86.85803985595703
teammates\src\test\java\teammates\ui\webapi\RestoreCourseActionTest.java,1.7285313606262207,74.31517791748047,2.2162208557128906,57.3226318359375,Logic,74.31517791748047
teammates\src\main\java\teammates\ui\request\package-info.java,0.0,1.000515103340149,0.0,62.48817443847656,UI,62.48817443847656
teammates\src\test\java\teammates\ui\webapi\JoinCourseActionTest.java,3.0315141677856445,72.6468505859375,2.187872886657715,62.349185943603516,Logic,72.6468505859375
teammates\src\main\java\teammates\common\exception\EntityDoesNotExistException.java,87.11026763916016,1.0005110502243042,0.0,0.0,Common,87.11026763916016
teammates\src\test\java\teammates\ui\webapi\GetFeedbackQuestionsActionTest.java,4.143754005432129,67.38928985595703,2.0771055221557617,52.060218811035156,Logic,67.38928985595703
teammates\src\main\java\teammates\ui\servlets\WebSecurityHeaderFilter.java,6.859248161315918,1.000494122505188,6.859248161315918,65.68799591064453,UI,65.68799591064453
teammates\src\e2e\java\teammates\e2e\cases\AdminAccountsPageE2ETest.java,8.259861946105957,1.000433325767517,5.633648872375488,3.1954281330108643,Common,8.259861946105957
teammates\src\main\java\teammates\ui\output\FeedbackSessionSubmissionStatus.java,0.0,1.0005117654800415,0.0,60.739356994628906,UI,60.739356994628906
teammates\src\main\java\teammates\common\datatransfer\CourseRoster.java,78.17550659179688,3.7754151821136475,2.308274984359741,3.0,Common,78.17550659179688
teammates\src\e2e\java\teammates\e2e\cases\FeedbackMcqQuestionE2ETest.java,0.8324571847915649,2.8813841342926025,0.30688536167144775,52.89539337158203,UI,52.89539337158203
teammates\src\main\java\teammates\common\datatransfer\questions\FeedbackTextQuestionDetails.java,83.82444763183594,1.0004712343215942,2.0,1.0,Common,83.82444763183594
teammates\src\client\java\teammates\client\scripts\MockCourseWithLargeResponseScript.java,6.40092134475708,72.60774230957031,9.350865364074707,4.200460433959961,Logic,72.60774230957031
teammates\src\main\java\teammates\common\datatransfer\NotificationTargetUser.java,87.98101806640625,1.0005130767822266,2.0,1.0,Common,87.98101806640625
teammates\src\test\java\teammates\common\datatransfer\attributes\FeedbackSessionAttributesTest.java,58.04252243041992,4.4405012130737305,2.7674238681793213,3.941720485687256,Common,58.04252243041992
teammates\src\e2e\java\teammates\e2e\cases\axe\FeedbackSubmitPageAxeTest.java,1.0556124448776245,1.0004806518554688,0.5937377214431763,0.5864512920379639,Common,1.0556124448776245
teammates\src\main\java\teammates\ui\output\OngoingSession.java,1.3167550563812256,1.0004578828811646,0.0,58.030799865722656,UI,58.030799865722656
teammates\src\main\java\teammates\ui\request\InvalidHttpRequestBodyException.java,1.0911797285079956,1.000508427619934,0.0,62.12732696533203,UI,62.12732696533203
teammates\src\main\java\teammates\logic\api\EmailSender.java,0.9848402738571167,82.55299377441406,2.224217414855957,2.483077049255371,Logic,82.55299377441406
teammates\src\main\java\teammates\ui\constants\package-info.java,0.0,1.000515103340149,0.0,60.91054916381836,UI,60.91054916381836
teammates\src\test\java\teammates\ui\webapi\GetAccountActionTest.java,0.0,1.9995207786560059,0.2655651569366455,57.39529800415039,UI,57.39529800415039
teammates\src\main\java\teammates\common\datatransfer\logs\GeneralLogEntry.java,84.75423431396484,18.429424285888672,2.4841372966766357,1.0,Common,84.75423431396484
teammates\src\main\java\teammates\logic\core\FeedbackResponsesLogic.java,4.891972541809082,66.84664154052734,2.36948823928833,4.677901268005371,Logic,66.84664154052734
teammates\src\main\java\teammates\storage\entity\FeedbackSession.java,3.3129215240478516,1.000367522239685,91.53816223144531,2.2040538787841797,Storage,91.53816223144531
teammates\src\main\java\teammates\ui\output\UsageStatisticsRangeData.java,0.0,1.0005037784576416,0.0,60.33757781982422,UI,60.33757781982422
teammates\src\main\java\teammates\ui\webapi\BinCourseAction.java,1.1220996379852295,78.29744720458984,2.072606086730957,61.0546875,Logic,78.29744720458984
teammates\src\client\java\teammates\client\scripts\DataMigrationEntitiesBaseScript.java,8.405606269836426,20.51823616027832,9.274801254272461,4.144744873046875,Logic,20.51823616027832
teammates\src\main\java\teammates\ui\output\SessionVisibleSetting.java,3.700789213180542,1.0005137920379639,0.0,60.841800689697266,UI,60.841800689697266
teammates\src\test\java\teammates\ui\webapi\FeedbackSessionPublishedRemindersActionTest.java,5.849062919616699,75.48670196533203,7.4352498054504395,58.22065734863281,Logic,75.48670196533203
teammates\src\test\java\teammates\ui\webapi\CompileLogsActionTest.java,0.0,18.55101203918457,0.7506606578826904,58.259986877441406,UI,58.259986877441406
teammates\src\main\java\teammates\common\datatransfer\questions\FeedbackConstantSumDistributePointsType.java,87.90365600585938,1.0005024671554565,2.2576406002044678,1.0,Common,87.90365600585938
teammates\src\main\java\teammates\logic\external\TaskQueueService.java,1.014892339706421,74.16453552246094,2.0323338508605957,0.0,Logic,74.16453552246094
teammates\src\e2e\java\teammates\e2e\util\TestPropertiesTest.java,0.0,1.0005090236663818,0.0,1.125944972038269,UI,1.125944972038269
teammates\src\main\java\teammates\ui\constants\ApiConst.java,1.869869589805603,4.12365198135376,0.0,59.174102783203125,UI,59.174102783203125
teammates\src\main\java\teammates\storage\search\package-info.java,0.0,1.000515103340149,114.250732421875,0.0,Storage,114.250732421875
teammates\src\test\java\teammates\test\package-info.java,0.0,1.0005165338516235,0.0,0.0,Logic,1.0005165338516235
teammates\src\main\java\teammates\common\datatransfer\questions\FeedbackContributionResponseDetails.java,86.9227294921875,3.2013919353485107,2.0,1.0,Common,86.9227294921875
teammates\src\main\java\teammates\ui\webapi\FeedbackSessionClosingRemindersAction.java,0.8161823749542236,86.74459838867188,2.606027841567993,58.56397247314453,Logic,86.74459838867188
teammates\src\main\java\teammates\ui\webapi\UpdateFeedbackResponseCommentAction.java,34.34373474121094,78.58879852294922,2.044166088104248,58.457862854003906,Logic,78.58879852294922
teammates\src\main\java\teammates\ui\servlets\RequestTraceFilter.java,0.7497303485870361,13.398147583007812,32.547637939453125,64.03868103027344,UI,64.03868103027344
teammates\src\test\java\teammates\architecture\package-info.java,0.0,1.0005165338516235,0.0,0.0,Logic,1.0005165338516235
teammates\src\test\java\teammates\ui\webapi\DeleteCourseActionTest.java,1.0537006855010986,75.30487823486328,2.317901611328125,56.4106330871582,Logic,75.30487823486328
teammates\src\test\java\teammates\common\util\FieldValidatorTest.java,50.71479415893555,7.201835632324219,1.8857990503311157,10.274596214294434,Common,50.71479415893555
teammates\src\test\java\teammates\logic\api\BaseLogicTest.java,2.0,74.83023834228516,4.024202823638916,1.0,Logic,74.83023834228516
teammates\src\e2e\java\teammates\e2e\pageobjects\InstructorCourseStudentDetailsViewPage.java,2.319788932800293,1.0004667043685913,0.0,0.0,Common,2.319788932800293
teammates\src\e2e\java\teammates\e2e\cases\StudentCourseJoinConfirmationPageE2ETest.java,2.6397838592529297,1.8325539827346802,0.5518035292625427,0.5383467078208923,Common,2.6397838592529297
teammates\src\main\java\teammates\common\datatransfer\FeedbackParticipantType.java,84.05348205566406,2.3312830924987793,3.7137436866760254,2.282010316848755,Common,84.05348205566406
teammates\src\main\java\teammates\common\exception\EntityAlreadyExistsException.java,87.11026763916016,1.0005110502243042,0.0,0.0,Common,87.11026763916016
teammates\src\test\java\teammates\ui\webapi\SearchStudentsActionTest.java,2.0,1.0003464221954346,2.2620627880096436,53.426422119140625,UI,53.426422119140625
teammates\src\client\java\teammates\client\scripts\ListActiveInstructors.java,3.8834712505340576,1.5318207740783691,3.0,3.1708621978759766,Common,3.8834712505340576
teammates\src\main\java\teammates\ui\output\FeedbackSessionLogsData.java,1.3492658138275146,1.0004891157150269,0.24611090123653412,59.60154724121094,UI,59.60154724121094
teammates\src\test\java\teammates\ui\webapi\SendJoinReminderEmailActionTest.java,2.7653415203094482,70.22930908203125,2.4269816875457764,52.061424255371094,Logic,70.22930908203125
teammates\src\e2e\java\teammates\e2e\cases\axe\InstructorCourseStudentDetailsEditPageAxeTest.java,1.0503979921340942,1.0004782676696777,0.30599451065063477,0.5835543870925903,Common,1.0503979921340942
teammates\src\main\java\teammates\ui\output\StudentData.java,0.0,1.000462293624878,0.0,58.25072479248047,UI,58.25072479248047
teammates\src\e2e\java\teammates\e2e\pageobjects\InstructorCoursesPage.java,1.5249714851379395,1.0002423524856567,1.7977510690689087,1.0,Storage,1.7977510690689087
teammates\src\main\java\teammates\common\datatransfer\questions\FeedbackQuestionDetails.java,83.04801940917969,1.0004494190216064,2.0,1.0,Common,83.04801940917969
teammates\src\main\java\teammates\common\datatransfer\attributes\package-info.java,88.04866027832031,1.0005137920379639,2.0,1.0,Common,88.04866027832031
teammates\src\main\java\teammates\common\datatransfer\questions\FeedbackMsqQuestionDetails.java,69.8501968383789,2.853438377380371,2.0,7.253955364227295,Common,69.8501968383789
teammates\src\main\java\teammates\ui\servlets\AuthServlet.java,2.5456700325012207,1.0004578828811646,2.309877395629883,74.45604705810547,UI,74.45604705810547
teammates\src\main\java\teammates\ui\webapi\FeedbackSessionPublishedRemindersAction.java,0.0,68.12154388427734,1.8644733428955078,60.173851013183594,Logic,68.12154388427734
teammates\src\e2e\java\teammates\e2e\pageobjects\InstructorStudentActivityLogsPage.java,2.053861141204834,26.604204177856445,2.3332507610321045,0.0,Logic,26.604204177856445
teammates\src\main\java\teammates\ui\servlets\WebApiServlet.java,4.946957111358643,16.901086807250977,3.3534257411956787,63.541011810302734,UI,63.541011810302734
teammates\src\e2e\java\teammates\e2e\cases\FeedbackConstSumRecipientQuestionE2ETest.java,1.4612815380096436,1.0003790855407715,0.31695887446403503,0.46247613430023193,Common,1.4612815380096436
teammates\src\main\java\teammates\logic\external\EmptyEmailService.java,0.0,73.6313705444336,2.017524242401123,0.0,Logic,73.6313705444336
teammates\src\main\java\teammates\logic\external\SendgridService.java,0.7826097011566162,69.96043395996094,1.8970260620117188,5.913621425628662,Logic,69.96043395996094
teammates\src\main\java\teammates\ui\webapi\UnauthorizedAccessException.java,1.0862339735031128,1.000507116317749,0.0,60.50345230102539,UI,60.50345230102539
teammates\src\test\java\teammates\ui\webapi\GetCourseActionTest.java,2.4710426330566406,73.94347381591797,2.2408499717712402,52.3524055480957,Logic,73.94347381591797
teammates\src\e2e\java\teammates\e2e\cases\AdminNotificationsPageE2ETest.java,6.247567176818848,3.7858681678771973,5.3983659744262695,3.3100452423095703,Common,6.247567176818848
teammates\src\main\java\teammates\logic\external\LocalTaskQueueService.java,2.515509843826294,82.45043182373047,2.459364414215088,12.856158256530762,Logic,82.45043182373047
teammates\src\main\java\teammates\ui\webapi\EntityNotFoundException.java,0.0,1.000508427619934,0.0,60.570411682128906,UI,60.570411682128906
teammates\src\test\java\teammates\common\datatransfer\attributes\NotificationAttributesTest.java,68.70193481445312,5.006708145141602,2.0,1.0,Common,68.70193481445312
teammates\src\main\java\teammates\common\datatransfer\logs\package-info.java,88.04866027832031,19.63182830810547,2.5175366401672363,1.0,Common,88.04866027832031
teammates\src\main\java\teammates\storage\api\OfyHelper.java,2.0,2.581986427307129,110.14877319335938,1.8510334491729736,Storage,110.14877319335938
teammates\src\main\java\teammates\common\exception\HttpRequestFailedException.java,87.11026763916016,1.0005110502243042,0.0,0.0,Common,87.11026763916016
teammates\src\main\java\teammates\ui\webapi\SearchInstructorsAction.java,0.0,71.85836791992188,1.968274712562561,59.174102783203125,Logic,71.85836791992188
teammates\src\main\java\teammates\ui\output\SendLoginEmailResponseData.java,0.0,1.000507116317749,0.0,60.50345230102539,UI,60.50345230102539
teammates\src\client\java\teammates\client\scripts\package-info.java,0.0,1.000515103340149,0.0,0.0,Logic,1.000515103340149
teammates\src\main\java\teammates\logic\core\DeadlineExtensionsLogic.java,0.0,70.88047790527344,1.9224807024002075,2.0,Logic,70.88047790527344
teammates\src\main\java\teammates\ui\webapi\UpdateFeedbackSessionAction.java,3.5026330947875977,81.82160949707031,2.3746163845062256,55.787052154541016,Logic,81.82160949707031
teammates\src\main\java\teammates\storage\search\InstructorSearchManager.java,0.0,1.0004667043685913,106.80096435546875,0.0,Storage,106.80096435546875
teammates\src\main\java\teammates\common\datatransfer\attributes\CourseAttributes.java,78.47428894042969,9.738898277282715,2.1703665256500244,3.5150341987609863,Common,78.47428894042969
teammates\src\e2e\java\teammates\e2e\pageobjects\AppPage.java,5.3845343589782715,4.117246627807617,2.139228105545044,41.710052490234375,UI,41.710052490234375
teammates\src\test\java\teammates\ui\webapi\FeedbackSessionClosingRemindersActionTest.java,5.620617389678955,73.92938995361328,6.452413558959961,53.116416931152344,Logic,73.92938995361328
teammates\src\main\java\teammates\common\util\EmailWrapper.java,83.33335876464844,1.0004712343215942,0.0,1.042365550994873,Common,83.33335876464844
teammates\src\lnp\java\teammates\lnp\util\BackDoor.java,0.0,1.0005037784576416,0.0,1.1142280101776123,UI,1.1142280101776123
teammates\src\main\java\teammates\ui\webapi\UpdateCourseAction.java,1.0611228942871094,75.90338897705078,2.008645534515381,60.25072479248047,Logic,75.90338897705078
teammates\src\test\java\teammates\common\datatransfer\attributes\AccountAttributesTest.java,68.40675354003906,6.188981056213379,2.220924139022827,1.578629970550537,Common,68.40675354003906
teammates\src\main\java\teammates\storage\search\InstructorSearchDocument.java,1.8606330156326294,1.6437965631484985,108.57434844970703,1.2718271017074585,Storage,108.57434844970703
teammates\src\test\java\teammates\ui\webapi\GetStudentActionTest.java,1.6054774522781372,63.81015396118164,1.9195504188537598,51.7837028503418,Logic,63.81015396118164
teammates\src\main\java\teammates\ui\webapi\GetInstructorAction.java,0.0,71.9809341430664,3.0238428115844727,59.81499481201172,Logic,71.9809341430664
teammates\src\main\java\teammates\ui\output\MessageOutput.java,0.0,1.0005104541778564,0.0,60.6715087890625,UI,60.6715087890625
teammates\src\main\java\teammates\ui\webapi\SendJoinReminderEmailAction.java,0.6225342750549316,74.75564575195312,2.0487565994262695,58.18489074707031,Logic,74.75564575195312
teammates\src\test\java\teammates\ui\webapi\SubmitFeedbackResponsesActionTest.java,4.681445121765137,64.59343719482422,3.5139827728271484,44.023563385009766,Logic,64.59343719482422
teammates\src\main\java\teammates\ui\webapi\BasicFeedbackSubmissionAction.java,5.213889122009277,91.30767822265625,2.4254603385925293,58.30651092529297,Logic,91.30767822265625
teammates\src\test\java\teammates\ui\webapi\GetFeedbackSessionActionTest.java,4.4262871742248535,42.54026412963867,1.363067865371704,42.136234283447266,Logic,42.54026412963867
teammates\src\test\java\teammates\storage\api\FeedbackResponseCommentsDbTest.java,30.37175941467285,4.152307510375977,68.6767578125,2.01224684715271,Storage,68.6767578125
teammates\src\main\java\teammates\ui\webapi\DeleteInstructorAction.java,1.897672176361084,77.701416015625,2.0640125274658203,58.4106330871582,Logic,77.701416015625
teammates\src\test\java\teammates\ui\webapi\RemindFeedbackSessionSubmissionActionTest.java,0.7945350408554077,1.0004183053970337,4.938457012176514,61.20622634887695,UI,61.20622634887695
teammates\src\main\java\teammates\ui\output\NumberOfEntitiesToGiveFeedbackToSetting.java,3.700789213180542,1.0005137920379639,0.0,60.841800689697266,UI,60.841800689697266
teammates\src\main\java\teammates\ui\webapi\DeleteAccountRequestAction.java,0.0,72.47473907470703,1.9853956699371338,61.09946823120117,Logic,72.47473907470703
teammates\src\test\java\teammates\logic\api\MockUserProvision.java,1.2391501665115356,73.76835632324219,1.9954538345336914,50.03563690185547,Logic,73.76835632324219
teammates\src\lnp\java\teammates\lnp\cases\InstructorStudentEnrollmentLNPTest.java,31.45665168762207,3.492849349975586,2.0,2.697140693664551,Common,31.45665168762207
teammates\src\main\java\teammates\storage\entity\AccountRequest.java,2.2483937740325928,1.0004578828811646,105.44265747070312,2.7460992336273193,Storage,105.44265747070312
teammates\src\main\java\teammates\ui\request\FeedbackQuestionCreateRequest.java,0.0,1.0005145072937012,0.0,62.451656341552734,UI,62.451656341552734
teammates\src\test\java\teammates\logic\api\MockTaskQueuer.java,2.7875781059265137,73.43108367919922,1.9731054306030273,0.0,Logic,73.43108367919922
teammates\src\test\java\teammates\test\EmailChecker.java,0.0,1.424055814743042,0.26803043484687805,0.0,Logic,1.424055814743042
teammates\src\main\java\teammates\common\datatransfer\questions\FeedbackMsqResponseDetails.java,85.96971893310547,1.000492811203003,2.0,1.5100197792053223,Common,85.96971893310547
teammates\src\test\java\teammates\ui\webapi\DeleteStudentsActionTest.java,0.9302321076393127,4.164609432220459,0.2757088840007782,59.11455535888672,UI,59.11455535888672
teammates\src\test\java\teammates\test\TestNgXmlTest.java,8.206770896911621,4.198782444000244,9.72673225402832,4.504390716552734,Storage,9.72673225402832
teammates\src\main\java\teammates\ui\webapi\ResetAccountAction.java,0.5517850518226624,76.85997009277344,2.107208728790283,58.259735107421875,Logic,76.85997009277344
teammates\src\main\java\teammates\ui\output\AccountsData.java,0.0,1.0005037784576416,0.0,60.33757781982422,UI,60.33757781982422
teammates\src\e2e\java\teammates\e2e\cases\axe\InstructorStudentRecordsPageAxeTest.java,1.0503979921340942,1.0005130767822266,0.30599451065063477,2.240424394607544,UI,2.240424394607544
teammates\src\main\java\teammates\common\datatransfer\questions\FeedbackRankRecipientsResponseDetails.java,80.55217742919922,1.000433325767517,2.0,1.9996404647827148,Common,80.55217742919922
teammates\src\e2e\java\teammates\e2e\pageobjects\CourseJoinConfirmationPage.java,2.3517584800720215,1.0004854202270508,1.2407987117767334,5.604689598083496,UI,5.604689598083496
teammates\src\e2e\java\teammates\e2e\pageobjects\InstructorSessionIndividualExtensionPage.java,4.16726541519165,1.3665227890014648,2.651474952697754,2.7014999389648438,Common,4.16726541519165
teammates\src\main\java\teammates\ui\servlets\DevServerLoginServlet.java,0.0,21.834444046020508,0.5787220001220703,76.18742370605469,UI,76.18742370605469
teammates\src\test\java\teammates\storage\api\StudentsDbTest.java,21.849191665649414,3.477583885192871,66.38691711425781,10.749996185302734,Storage,66.38691711425781
teammates\src\test\java\teammates\ui\webapi\BinFeedbackSessionActionTest.java,1.7961441278457642,75.44214630126953,2.2624166011810303,57.20751953125,Logic,75.44214630126953
teammates\src\test\java\teammates\ui\webapi\CreateInstructorActionTest.java,1.6573967933654785,75.07296752929688,2.2942891120910645,54.43030548095703,Logic,75.07296752929688
teammates\src\main\java\teammates\common\util\FileHelper.java,85.79351806640625,2.0005011558532715,0.0,2.6781535148620605,Common,85.79351806640625
teammates\src\test\java\teammates\ui\webapi\UpdateStudentActionTest.java,20.870176315307617,69.78609466552734,2.203989028930664,52.962860107421875,Logic,69.78609466552734
teammates\src\main\java\teammates\ui\webapi\GetInstructorPrivilegeAction.java,0.0,75.09062957763672,2.0580601692199707,60.474891662597656,Logic,75.09062957763672
teammates\src\main\java\teammates\ui\output\UsageStatisticsData.java,0.0,1.0004830360412598,0.0,59.29470443725586,UI,59.29470443725586
teammates\src\main\java\teammates\common\datatransfer\logs\FeedbackSessionLogType.java,87.81404113769531,24.49015998840332,2.500922441482544,1.0,Common,87.81404113769531
teammates\src\test\java\teammates\test\TestProperties.java,5.908099174499512,2.0004782676696777,6.145118236541748,5.476496696472168,Storage,6.145118236541748
teammates\src\main\java\teammates\logic\api\AuthProxy.java,0.0,74.43235778808594,1.992920160293579,2.0,Logic,74.43235778808594
teammates\src\main\java\teammates\ui\webapi\AdminOnlyAction.java,1.2197259664535522,3.8300914764404297,0.0,62.27183151245117,UI,62.27183151245117
teammates\src\e2e\java\teammates\e2e\cases\InstructorNotificationsPageE2ETest.java,2.1008405685424805,3.509552001953125,0.32359129190444946,5.574999809265137,UI,5.574999809265137
teammates\src\test\java\teammates\ui\webapi\GetUsageStatisticsActionTest.java,0.8390422463417053,4.28759241104126,0.20216703414916992,56.793922424316406,UI,56.793922424316406
teammates\src\main\java\teammates\common\util\TaskWrapper.java,86.34458923339844,1.0004973411560059,0.0,1.099920392036438,Common,86.34458923339844
teammates\src\test\java\teammates\ui\webapi\GetCourseSectionNamesActionTest.java,2.1876370906829834,90.7047348022461,2.6914725303649902,57.98666763305664,Logic,90.7047348022461
teammates\src\main\java\teammates\storage\entity\UsageStatistics.java,2.3177309036254883,1.0004712343215942,107.49996185302734,2.8263001441955566,Storage,107.49996185302734
teammates\src\client\java\teammates\client\scripts\DataMigrationForFeedbackSessionMismatchedTimezone.java,2.0,1.5081593990325928,2.0,1.0,Storage,2.0
teammates\src\test\java\teammates\ui\webapi\UpdateInstructorPrivilegeActionTest.java,1.0159305334091187,63.51394271850586,1.9600369930267334,47.23042678833008,Logic,63.51394271850586
teammates\src\main\java\teammates\ui\request\FeedbackSessionRemindRequest.java,1.0526129007339478,1.0004758834838867,0.0,65.55171203613281,UI,65.55171203613281
teammates\src\client\java\teammates\client\scripts\TeamEvalResultCalculations.java,0.0,8.592684745788574,0.0,1.2239339351654053,Logic,8.592684745788574
teammates\src\main\java\teammates\ui\webapi\FeedbackSessionPublishedEmailWorkerAction.java,2.5091631412506104,83.02074432373047,3.478727340698242,60.49648666381836,Logic,83.02074432373047
teammates\src\e2e\java\teammates\e2e\cases\axe\AdminSearchPageAxeTest.java,1.060878872871399,2.0004830360412598,0.5290641188621521,0.5893770456314087,Logic,2.0004830360412598
teammates\src\test\java\teammates\test\ThreadHelper.java,0.0,1.0005097389221191,0.0,0.0,Logic,1.0005097389221191
teammates\src\test\java\teammates\logic\core\AccountRequestsLogicTest.java,3.1077330112457275,65.36744689941406,3.931307554244995,3.497415542602539,Logic,65.36744689941406
teammates\src\main\java\teammates\ui\request\FeedbackSessionBasicRequest.java,3.9660162925720215,1.0004183053970337,0.0,57.32170104980469,UI,57.32170104980469
teammates\src\test\java\teammates\ui\webapi\CreateFeedbackSessionLogActionTest.java,1.2348812818527222,14.48630142211914,0.5604062080383301,54.71279525756836,UI,54.71279525756836
teammates\src\main\java\teammates\ui\webapi\RemindFeedbackSessionSubmissionAction.java,0.0,64.25597381591797,2.901571750640869,60.25072479248047,Logic,64.25597381591797
teammates\src\client\java\teammates\client\scripts\DataMigrationForSanitizedDataInCourseAttributes.java,2.764617681503296,1.5765655040740967,2.0,2.529235363006592,Common,2.764617681503296
teammates\src\main\java\teammates\logic\api\Logic.java,3.4169912338256836,64.4976806640625,3.7296628952026367,3.909270763397217,Logic,64.4976806640625
teammates\src\main\java\teammates\logic\external\FirebaseAuthService.java,0.0,84.66289520263672,2.2961783409118652,3.55240535736084,Logic,84.66289520263672
teammates\src\test\java\teammates\common\datatransfer\package-info.java,88.18446350097656,1.000515103340149,2.0,1.0,Common,88.18446350097656
teammates\src\main\java\teammates\ui\output\FeedbackResponseData.java,0.0,1.0004916191101074,0.0,59.726463317871094,UI,59.726463317871094
teammates\src\test\java\teammates\test\MockHttpServletResponse.java,4.224762439727783,12.323596954345703,3.757402181625366,2.031852960586548,Logic,12.323596954345703
teammates\src\e2e\java\teammates\e2e\cases\FeedbackSubmitPageE2ETest.java,39.82158279418945,3.2019293308258057,4.353002071380615,52.92538833618164,UI,52.92538833618164
teammates\src\main\java\teammates\common\datatransfer\attributes\DeadlineExtensionAttributes.java,76.85089874267578,3.5813369750976562,2.0,3.0,Common,76.85089874267578
teammates\src\test\java\teammates\common\datatransfer\TeamEvalResultTest.java,57.06434631347656,10.414896965026855,2.0,2.362703800201416,Common,57.06434631347656
teammates\src\e2e\java\teammates\e2e\pageobjects\InstructorFeedbackSessionsPage.java,7.571565628051758,2.9401516914367676,4.393630504608154,5.052433490753174,Common,7.571565628051758
teammates\src\main\java\teammates\ui\output\ActionClasses.java,0.0,1.0005090236663818,0.0,60.60402297973633,UI,60.60402297973633
teammates\src\test\java\teammates\ui\webapi\StudentCourseJoinEmailWorkerActionTest.java,0.0,1.0004452466964722,0.3049677908420563,57.39529800415039,UI,57.39529800415039
teammates\src\main\java\teammates\ui\webapi\GetAccountRequestAction.java,0.0,67.31539154052734,1.8420804738998413,61.0694694519043,Logic,67.31539154052734
teammates\src\test\java\teammates\logic\core\UsageStatisticsLogicTest.java,4.6542067527771,71.8321533203125,5.163198471069336,1.6159543991088867,Logic,71.8321533203125
teammates\src\test\java\teammates\ui\webapi\GetTimeZonesActionTest.java,0.0,1.0004689693450928,0.6360970735549927,58.58860778808594,UI,58.58860778808594
teammates\src\e2e\java\teammates\e2e\util\package-info.java,0.0,1.000515103340149,0.0,1.1394245624542236,UI,1.1394245624542236
teammates\src\main\java\teammates\common\exception\EnrollException.java,87.11026763916016,1.0005110502243042,0.0,0.0,Common,87.11026763916016
teammates\src\test\java\teammates\ui\webapi\DeleteNotificationActionTest.java,1.7762279510498047,1.0004452466964722,0.2655651569366455,59.64609146118164,UI,59.64609146118164
teammates\src\client\java\teammates\client\connector\DatastoreClient.java,4.3302788734436035,37.697837829589844,8.033124923706055,2.720163106918335,Logic,37.697837829589844
teammates\src\e2e\java\teammates\e2e\util\EmailAccount.java,1.0426836013793945,1.0004256963729858,0.39331790804862976,6.069590091705322,UI,6.069590091705322
teammates\src\test\java\teammates\logic\api\MockLogsProcessor.java,2.3859944343566895,68.12858581542969,1.8427644968032837,0.0,Logic,68.12858581542969
teammates\src\e2e\java\teammates\e2e\cases\axe\InstructorFeedbackReportPageAxeTest.java,1.0452349185943604,1.0004758834838867,0.3049173355102539,0.5806859731674194,Common,1.0452349185943604
teammates\src\main\java\teammates\ui\webapi\GetUsageStatisticsAction.java,5.170246124267578,65.56378936767578,3.489025592803955,60.48601150512695,Logic,65.56378936767578
teammates\src\main\java\teammates\ui\webapi\CreateFeedbackQuestionAction.java,0.0,69.59317016601562,1.9053534269332886,61.32612991333008,Logic,69.59317016601562
teammates\src\main\java\teammates\ui\request\StudentUpdateRequest.java,0.0,2.000466823577881,0.0,59.90421676635742,UI,59.90421676635742
teammates\src\main\java\teammates\ui\webapi\ActionMappingException.java,1.0936695337295532,1.0005090236663818,0.0,60.60402297973633,UI,60.60402297973633
teammates\src\main\java\teammates\storage\entity\Course.java,2.2940659523010254,1.0004667043685913,106.80096435546875,0.0,Storage,106.80096435546875
teammates\src\main\java\teammates\ui\webapi\package-info.java,0.0,1.000515103340149,0.0,60.91054916381836,UI,60.91054916381836
teammates\src\main\java\teammates\ui\webapi\CreateFeedbackSessionAction.java,1.2426791191101074,82.0124282836914,2.2225570678710938,56.971473693847656,Logic,82.0124282836914
teammates\src\test\java\teammates\ui\webapi\UpdateCourseActionTest.java,7.283819675445557,74.59037017822266,8.658956527709961,56.14048385620117,Logic,74.59037017822266
teammates\src\client\java\teammates\client\scripts\SingleAccountGoogleIdMigrationScript.java,0.0,1.5940592288970947,0.0,0.0,Logic,1.5940592288970947
teammates\src\lnp\java\teammates\lnp\util\LNPResultsStatistics.java,0.0,11.062018394470215,0.27948686480522156,1.0873541831970215,Logic,11.062018394470215
teammates\src\e2e\java\teammates\e2e\cases\axe\FeedbackResultsPageAxeTest.java,1.0556124448776245,1.0004806518554688,0.5937377214431763,1.353975772857666,UI,1.353975772857666
teammates\src\lnp\java\teammates\lnp\cases\FeedbackSessionViewLNPTest.java,2.7397820949554443,1.5758202075958252,2.2353293895721436,1.9076594114303589,Common,2.7397820949554443
teammates\src\main\java\teammates\common\datatransfer\questions\FeedbackNumericalScaleResponseDetails.java,86.9227294921875,1.0005024671554565,2.0,1.0,Common,86.9227294921875
teammates\src\main\java\teammates\storage\api\DeadlineExtensionsDb.java,3.1051814556121826,12.503753662109375,94.0131607055664,5.95925235748291,Storage,94.0131607055664
teammates\src\main\java\teammates\common\datatransfer\questions\FeedbackResponseDetails.java,85.59862518310547,1.0004891157150269,2.0,1.0,Common,85.59862518310547
teammates\src\test\java\teammates\ui\webapi\CreateAccountRequestActionTest.java,4.0457868576049805,56.20520782470703,1.7852098941802979,56.47752380371094,UI,56.47752380371094
teammates\src\test\java\teammates\ui\webapi\UpdateInstructorActionTest.java,2.2112042903900146,69.73434448242188,2.043755054473877,54.3360481262207,Logic,69.73434448242188
teammates\src\main\java\teammates\common\datatransfer\FeedbackSessionLogEntry.java,86.79351806640625,1.0005011558532715,2.0,1.0,Common,86.79351806640625
teammates\src\main\java\teammates\ui\servlets\WebPageServlet.java,0.0,11.062018394470215,0.27948686480522156,62.56754684448242,UI,62.56754684448242
teammates\src\main\java\teammates\common\datatransfer\logs\InstanceLogDetails.java,86.85803985595703,19.197275161743164,2.5054659843444824,1.0,Common,86.85803985595703
teammates\src\main\java\teammates\ui\webapi\GateKeeper.java,29.922775268554688,3.2262394428253174,0.0,56.548099517822266,UI,56.548099517822266
teammates\src\e2e\java\teammates\e2e\cases\FeedbackTextQuestionE2ETest.java,0.8457001447677612,1.000385046005249,0.31417155265808105,0.4698333442211151,Logic,1.000385046005249
teammates\src\test\java\teammates\ui\servlets\OriginCheckFilterTest.java,1.4875867366790771,1.6057056188583374,0.28123143315315247,59.88036346435547,UI,59.88036346435547
teammates\src\main\java\teammates\ui\webapi\SessionLinksRecoveryAction.java,0.0,1.0004667043685913,1.1625239849090576,60.474891662597656,UI,60.474891662597656
teammates\src\main\java\teammates\ui\webapi\StudentCourseJoinEmailWorkerAction.java,0.0,71.6861801147461,1.963491678237915,59.0546875,Logic,71.6861801147461
teammates\src\test\java\teammates\ui\servlets\LegacyUrlMapperTest.java,0.9160100221633911,1.0004578828811646,0.29656538367271423,58.84930419921875,UI,58.84930419921875
teammates\src\main\java\teammates\ui\webapi\UpdateInstructorPrivilegeAction.java,0.0,84.36620330810547,2.3157153129577637,62.398948669433594,Logic,84.36620330810547
teammates\src\test\java\teammates\storage\api\DeadlineExtensionsDbTest.java,4.895219802856445,5.623834609985352,70.78199005126953,7.032059192657471,Storage,70.78199005126953
teammates\src\test\java\teammates\ui\webapi\GetFeedbackSessionLogsActionTest.java,2.8305912017822266,7.807370662689209,0.3323080539703369,51.753211975097656,UI,51.753211975097656
teammates\src\main\java\teammates\ui\webapi\UpdateStudentAction.java,3.291776657104492,76.48123931884766,2.0339317321777344,62.14121627807617,Logic,76.48123931884766
teammates\src\main\java\teammates\ui\output\FeedbackSessionLogData.java,2.4050753116607666,13.603909492492676,3.001281261444092,60.80408477783203,UI,60.80408477783203
teammates\src\main\java\teammates\storage\api\AccountsDb.java,1.382551908493042,15.263103485107422,105.1764907836914,0.7902149558067322,Storage,105.1764907836914
teammates\src\test\java\teammates\ui\webapi\InstructorCourseJoinEmailWorkerActionTest.java,0.0,62.29250717163086,2.00592303276062,57.191184997558594,Logic,62.29250717163086
teammates\src\main\java\teammates\ui\webapi\CreateAccountAction.java,19.874391555786133,82.95931243896484,17.469154357910156,65.96046447753906,Logic,82.95931243896484
teammates\src\main\java\teammates\ui\webapi\SearchAccountRequestsAction.java,0.0,66.6748275756836,1.8242872953414917,59.47788619995117,Logic,66.6748275756836
teammates\src\e2e\java\teammates\e2e\util\TestNgXmlTest.java,11.291725158691406,4.411843299865723,4.955381393432617,5.932835102081299,Common,11.291725158691406
teammates\src\e2e\java\teammates\e2e\pageobjects\AdminNotificationsPage.java,9.150355339050293,4.486263751983643,6.987868785858154,7.2250447273254395,Common,9.150355339050293
teammates\src\test\java\teammates\ui\webapi\GetHasResponsesActionTest.java,0.8686304688453674,76.02469635009766,2.370018482208252,48.64838409423828,Logic,76.02469635009766
teammates\src\client\java\teammates\client\connector\package-info.java,0.0,1.000515103340149,0.0,0.0,Logic,1.000515103340149
teammates\src\client\java\teammates\client\scripts\DataMigrationForSanitizedInstructorName.java,2.764617681503296,1.5765655040740967,2.0,2.529235363006592,Common,2.764617681503296
teammates\src\main\java\teammates\common\exception\AuthException.java,87.17860412597656,1.0005117654800415,0.0,0.0,Common,87.17860412597656
teammates\src\main\java\teammates\ui\request\NotificationCreateRequest.java,0.0,1.0005145072937012,0.0,62.451656341552734,UI,62.451656341552734
teammates\src\main\java\teammates\ui\webapi\CreateFeedbackResponseCommentAction.java,31.23344612121582,75.28382873535156,2.0120110511779785,54.94002151489258,Logic,75.28382873535156
teammates\src\main\java\teammates\ui\webapi\QueryLogsAction.java,2.21114182472229,14.428241729736328,0.2585766017436981,56.36699676513672,UI,56.36699676513672
teammates\src\main\java\teammates\logic\external\LogService.java,1.2477805614471436,73.53607177734375,2.0148768424987793,0.0,Logic,73.53607177734375
teammates\src\main\java\teammates\storage\search\SearchManager.java,30.398517608642578,16.331806182861328,88.65259552001953,5.744662284851074,Storage,88.65259552001953
teammates\src\main\java\teammates\storage\search\SearchDocument.java,1.7072480916976929,1.000507116317749,113.00557708740234,0.0,Storage,113.00557708740234
teammates\src\test\java\teammates\logic\core\package-info.java,0.0,74.3622817993164,2.0378267765045166,0.0,Logic,74.3622817993164
teammates\src\e2e\java\teammates\e2e\pageobjects\InstructorFeedbackEditPage.java,7.363889217376709,9.200163841247559,3.221229076385498,3.62689208984375,Logic,9.200163841247559
teammates\src\e2e\java\teammates\e2e\cases\BaseE2ETestCase.java,5.826076507568359,1.0003191232681274,3.1641652584075928,7.783785820007324,UI,7.783785820007324
teammates\src\e2e\java\teammates\e2e\cases\InstructorHomePageE2ETest.java,6.586478233337402,2.962864637374878,5.385735988616943,14.452221870422363,UI,14.452221870422363
teammates\src\test\java\teammates\ui\webapi\UpdateFeedbackSessionActionTest.java,7.971245765686035,74.91984558105469,2.918408155441284,47.18684005737305,Logic,74.91984558105469
teammates\src\main\java\teammates\common\util\Const.java,68.08629608154297,35.46885681152344,3.9225165843963623,8.720624923706055,Common,68.08629608154297
teammates\src\main\java\teammates\common\util\Templates.java,75.17550659179688,1.0004043579101562,0.0,6.46719217300415,Common,75.17550659179688
teammates\src\test\java\teammates\common\util\BuildPropertiesTest.java,85.44632720947266,1.0005077123641968,0.0,1.122992753982544,Common,85.44632720947266
teammates\src\test\java\teammates\ui\webapi\MarkNotificationAsReadActionTest.java,3.382981300354004,2.029618501663208,0.2705419659614563,57.81499481201172,UI,57.81499481201172
teammates\src\main\java\teammates\logic\core\FeedbackSessionsLogic.java,1.3528062105178833,116.20051574707031,3.1551928520202637,6.373465061187744,Logic,116.20051574707031
teammates\src\main\java\teammates\ui\request\AccountCreateRequest.java,0.0,1.0004689693450928,0.0,60.02485275268555,UI,60.02485275268555
teammates\src\test\java\teammates\ui\webapi\ArchiveCourseActionTest.java,0.0,73.5306396484375,2.2419517040252686,55.00343704223633,Logic,73.5306396484375
teammates\src\e2e\java\teammates\e2e\cases\package-info.java,1.1314380168914795,1.000515103340149,0.0,0.6285765767097473,Common,1.1314380168914795
teammates\src\test\java\teammates\ui\webapi\CreateAccountActionTest.java,1.996882438659668,74.606201171875,2.1552236080169678,54.736000061035156,Logic,74.606201171875
teammates\src\client\java\teammates\client\scripts\DataMigrationForConstSumForceUnevenDistribution.java,2.0,3.683290958404541,2.3158090114593506,1.8987129926681519,Logic,3.683290958404541
teammates\src\test\java\teammates\common\datatransfer\questions\FeedbackResponseDetailsTest.java,86.60096740722656,1.0004992485046387,3.1068115234375,1.0,Common,86.60096740722656
teammates\src\main\java\teammates\logic\external\LocalLoggingService.java,0.9175297617912292,75.49658966064453,2.156743049621582,3.21525502204895,Logic,75.49658966064453
teammates\src\main\java\teammates\ui\output\EnrollStudentsData.java,0.0,1.0004854202270508,0.0,59.41651916503906,UI,59.41651916503906
teammates\src\test\java\teammates\storage\api\CoursesDbTest.java,1.8539259433746338,3.3912620544433594,79.66596221923828,3.449273109436035,Storage,79.66596221923828
teammates\src\test\java\teammates\common\util\JsonUtilsTest.java,75.17550659179688,1.0004043579101562,0.2706214189529419,1.5250275135040283,Common,75.17550659179688
teammates\src\e2e\java\teammates\e2e\cases\FeedbackRubricQuestionE2ETest.java,1.4295692443847656,1.000367522239685,0.32389122247695923,1.6932148933410645,UI,1.6932148933410645
teammates\src\main\java\teammates\ui\webapi\GetDeadlineExtensionAction.java,1.1039741039276123,68.01260375976562,1.787671446800232,60.819366455078125,Logic,68.01260375976562
teammates\src\main\java\teammates\common\util\Logger.java,67.24314880371094,1.5606117248535156,1.4612170457839966,10.161530494689941,Common,67.24314880371094
teammates\src\test\java\teammates\test\BaseTestCaseWithLocalDatabaseAccess.java,3.224425792694092,78.17481231689453,5.129123687744141,1.0,Logic,78.17481231689453
teammates\src\test\java\teammates\common\datatransfer\UserInfoCookieTest.java,88.70645141601562,1.0004830360412598,4.540651321411133,18.38939094543457,Common,88.70645141601562
teammates\src\main\java\teammates\ui\output\InstructorsData.java,0.0,1.0004979372024536,0.0,60.04438018798828,UI,60.04438018798828
teammates\src\e2e\java\teammates\e2e\cases\axe\InstructorFeedbackEditPageAxeTest.java,1.0556124448776245,1.0004806518554688,0.5937377214431763,0.5864512920379639,Common,1.0556124448776245
teammates\src\main\java\teammates\common\datatransfer\questions\FeedbackRubricResponseDetails.java,86.72917175292969,1.0005005598068237,2.0,1.0,Common,86.72917175292969
teammates\src\main\java\teammates\ui\request\CourseBasicRequest.java,0.0,1.000495433807373,0.0,61.43332290649414,UI,61.43332290649414
teammates\src\main\java\teammates\ui\webapi\MarkNotificationAsReadAction.java,1.395981788635254,66.5499496459961,1.8208184242248535,61.41651916503906,Logic,66.5499496459961
teammates\src\main\java\teammates\ui\webapi\GetFeedbackQuestionRecipientsAction.java,0.0,76.14722442626953,2.030120372772217,57.39529800415039,Logic,76.14722442626953
teammates\src\e2e\java\teammates\e2e\cases\StudentCourseDetailsPageE2ETest.java,6.779092311859131,1.0005252361297607,6.36338996887207,3.4464948177337646,Common,6.779092311859131
teammates\src\main\java\teammates\ui\webapi\DeleteFeedbackQuestionAction.java,0.0,74.47443389892578,2.040943145751953,61.29470443725586,Logic,74.47443389892578
teammates\src\main\java\teammates\common\datatransfer\questions\FeedbackContributionQuestionDetails.java,74.06681823730469,11.444679260253906,2.518301010131836,5.310720443725586,Common,74.06681823730469
teammates\src\main\java\teammates\logic\core\AccountsLogic.java,2.3258936405181885,60.71498489379883,1.6262834072113037,0.5786299705505371,Logic,60.71498489379883
teammates\src\test\java\teammates\ui\webapi\CreateFeedbackQuestionActionTest.java,5.476842880249023,69.92364501953125,3.095831871032715,50.99000930786133,Logic,69.92364501953125
teammates\src\test\java\teammates\common\datatransfer\InstructorPrivilegesTest.java,60.29660415649414,1.0002243518829346,2.342586040496826,1.0,Common,60.29660415649414
teammates\src\main\java\teammates\common\datatransfer\attributes\FeedbackQuestionAttributes.java,63.86756896972656,3.36255145072937,2.0,3.0,Common,63.86756896972656
teammates\src\main\java\teammates\storage\entity\FeedbackResponse.java,2.142930746078491,1.0004372596740723,102.26155090332031,2.62208890914917,Storage,102.26155090332031
teammates\src\main\java\teammates\ui\output\FeedbackQuestionRecipientsData.java,0.0,1.0004985332489014,0.0,60.076622009277344,UI,60.076622009277344
teammates\src\e2e\java\teammates\e2e\cases\BaseFeedbackQuestionE2ETest.java,1.0452349185943604,1.0004758834838867,0.3293757438659668,0.5806859731674194,Common,1.0452349185943604
teammates\src\main\java\teammates\storage\search\AccountRequestSearchDocument.java,1.8886206150054932,1.6491544246673584,109.6810531616211,1.2791372537612915,Storage,109.6810531616211
teammates\src\e2e\java\teammates\e2e\pageobjects\DevServerLoginPage.java,2.4514076709747314,25.357568740844727,0.6765854358673096,2.0,Logic,25.357568740844727
teammates\src\test\java\teammates\storage\search\package-info.java,0.0,1.000515103340149,114.250732421875,0.0,Storage,114.250732421875
teammates\src\main\java\teammates\ui\webapi\GetCoursesAction.java,2.109299659729004,77.77562713623047,2.247772455215454,59.761409759521484,Logic,77.77562713623047
teammates\src\test\java\teammates\common\datatransfer\attributes\AccountRequestAttributesTest.java,74.1708984375,6.046886920928955,2.0,1.650200366973877,Common,74.1708984375
teammates\src\main\java\teammates\ui\servlets\LegacyUrlMapper.java,2.0279700756073,10.615060806274414,0.5042762756347656,69.09407043457031,UI,69.09407043457031
teammates\src\main\java\teammates\ui\request\FeedbackResponseCommentUpdateRequest.java,0.0,1.000507116317749,0.0,62.05628967285156,UI,62.05628967285156
teammates\src\client\java\teammates\client\scripts\statistics\FileStore.java,3.463942527770996,3.15616774559021,0.23336780071258545,5.076493740081787,UI,5.076493740081787
teammates\src\test\java\teammates\ui\servlets\WebPageServletTest.java,1.0551481246948242,1.0004985332489014,0.0,62.65380096435547,UI,62.65380096435547
teammates\src\test\java\teammates\ui\webapi\ResetAccountRequestActionTest.java,2.081090211868286,68.0852279663086,2.1024928092956543,57.696632385253906,Logic,68.0852279663086
teammates\src\main\java\teammates\ui\output\CourseArchiveData.java,0.0,1.000507116317749,0.0,60.50345230102539,UI,60.50345230102539
teammates\src\main\java\teammates\ui\webapi\GetSessionResultsAction.java,0.0,75.12035369873047,2.0047495365142822,57.00343704223633,Logic,75.12035369873047
teammates\src\main\java\teammates\logic\api\TaskQueuer.java,4.0637922286987305,71.61195373535156,4.538239479064941,5.593597412109375,Logic,71.61195373535156
teammates\src\main\java\teammates\common\exception\InvalidParametersException.java,86.4366683959961,1.0005043745040894,0.0,0.0,Common,86.4366683959961
teammates\src\main\java\teammates\ui\webapi\SendErrorReportAction.java,1.8073488473892212,10.607721328735352,0.26686787605285645,68.39399719238281,UI,68.39399719238281
teammates\src\main\java\teammates\ui\output\CourseData.java,0.0,1.0004782676696777,0.0,59.0546875,UI,59.0546875
teammates\src\test\java\teammates\common\util\StringHelperTest.java,81.52774047851562,5.281289577484131,12.442207336425781,11.384929656982422,Common,81.52774047851562
teammates\src\main\java\teammates\ui\webapi\PutDataBundleDocumentsAction.java,7.924405097961426,69.27559661865234,8.594792366027832,63.74003982543945,Logic,69.27559661865234
teammates\src\main\java\teammates\common\datatransfer\logs\LogEvent.java,86.72917175292969,19.150239944458008,2.504159450531006,1.0,Common,86.72917175292969
teammates\src\client\java\teammates\client\scripts\GenerateUsageStatisticsObjects.java,3.3421454429626465,66.17745971679688,4.76903772354126,1.0,Logic,66.17745971679688
teammates\src\main\java\teammates\storage\api\package-info.java,0.0,1.9716941118240356,114.250732421875,0.0,Storage,114.250732421875
teammates\src\e2e\java\teammates\e2e\cases\axe\AdminNotificationsPageAxeTest.java,1.076998233795166,1.000490427017212,0.29246580600738525,0.5983322858810425,Common,1.076998233795166
teammates\src\test\java\teammates\logic\core\FeedbackSessionsLogicTest.java,11.035518646240234,89.45587158203125,4.718181133270264,8.374614715576172,Logic,89.45587158203125
teammates\src\main\java\teammates\ui\output\AccountRequestsData.java,0.0,1.0005056858062744,0.0,60.43684387207031,UI,60.43684387207031
teammates\src\main\java\teammates\storage\entity\package-info.java,1.4814008474349976,1.000515103340149,114.250732421875,0.0,Storage,114.250732421875
teammates\src\main\java\teammates\logic\external\AuthService.java,0.0,74.21377563476562,2.0337016582489014,2.0,Logic,74.21377563476562
teammates\src\main\java\teammates\ui\request\ErrorReportRequest.java,0.0,1.000492811203003,0.0,62.79855728149414,UI,62.79855728149414
teammates\src\test\java\teammates\ui\webapi\GetSessionResponseStatsActionTest.java,0.0,3.6078360080718994,0.30658695101737976,59.10029983520508,UI,59.10029983520508
teammates\src\e2e\java\teammates\e2e\pageobjects\InstructorSearchPage.java,2.534971237182617,1.000356674194336,0.9853428602218628,1.5831514596939087,Common,2.534971237182617
teammates\src\e2e\java\teammates\e2e\util\BackDoor.java,0.0,1.0005037784576416,0.0,1.1142280101776123,UI,1.1142280101776123
teammates\src\main\java\teammates\common\datatransfer\attributes\FeedbackResponseCommentAttributes.java,106.19174194335938,3.4268014430999756,2.0,1.0,Common,106.19174194335938
teammates\src\client\java\teammates\client\scripts\DataMigrationForInstructorNullIsArchivedField.java,2.0,1.5814577341079712,2.2450664043426514,1.9444822072982788,Storage,2.2450664043426514
teammates\src\main\java\teammates\ui\webapi\GetFeedbackSessionLogsAction.java,7.830739974975586,83.83718872070312,5.4570770263671875,58.044132232666016,Logic,83.83718872070312
teammates\src\client\java\teammates\client\scripts\statistics\StatisticsBundle.java,2.8108582496643066,3.5199990272521973,0.0,1.777679681777954,Logic,3.5199990272521973
teammates\src\test\java\teammates\test\TestPropertiesTest.java,0.0,1.0005124807357788,0.0,0.0,Logic,1.0005124807357788
teammates\src\test\java\teammates\ui\webapi\RegenerateInstructorKeyActionTest.java,0.0,66.8244857788086,2.1389315128326416,57.82575225830078,Logic,66.8244857788086
teammates\src\test\java\teammates\storage\api\InstructorsDbTest.java,5.492140293121338,5.90942907333374,60.44145965576172,5.33458137512207,Storage,60.44145965576172
teammates\src\main\java\teammates\ui\webapi\GetReadNotificationsAction.java,0.0,67.98421478271484,1.860658884048462,62.10894775390625,Logic,67.98421478271484
teammates\src\main\java\teammates\ui\webapi\GetStudentsAction.java,2.6717488765716553,76.22380065917969,2.089538097381592,59.79356384277344,Logic,76.22380065917969
teammates\src\test\java\teammates\logic\api\MockAuthProxy.java,0.0,74.97981262207031,2.028252124786377,2.0,Logic,74.97981262207031
teammates\src\main\java\teammates\ui\webapi\GetActionClassesAction.java,1.1552937030792236,6.281749248504639,0.0,61.47788619995117,UI,61.47788619995117
teammates\src\main\java\teammates\ui\request\BasicRequest.java,0.0,1.0005090236663818,0.0,62.16298294067383,UI,62.16298294067383
teammates\src\main\java\teammates\storage\search\SearchManagerStarter.java,0.0,1.0004992485046387,111.79893493652344,0.0,Storage,111.79893493652344
teammates\src\main\java\teammates\ui\request\CourseUpdateRequest.java,0.0,1.0005145072937012,0.0,62.451656341552734,UI,62.451656341552734
teammates\src\main\java\teammates\common\datatransfer\questions\FeedbackNumericalScaleQuestionDetails.java,78.6673355102539,7.0140180587768555,2.0,1.7959423065185547,Common,78.6673355102539
teammates\src\main\java\teammates\ui\webapi\PublishFeedbackSessionAction.java,0.0,79.612060546875,2.1836555004119873,61.482635498046875,Logic,79.612060546875
teammates\src\main\java\teammates\common\datatransfer\questions\package-info.java,88.04866027832031,1.0005137920379639,2.0,1.0,Common,88.04866027832031
teammates\src\test\java\teammates\ui\webapi\RegenerateStudentKeyActionTest.java,0.0,66.8244857788086,2.1389315128326416,57.82575225830078,Logic,66.8244857788086
