file_path,cli,preferences,best_module,best_likelihood
jabref\src\test\java\org\jabref\logic\importer\fileformat\SilverPlatterImporterTest.java,0.4420062303543091,0.0,cli,0.4420062303543091
jabref\buildSrc\src\copied\java\org\jabref\logic\journals\JournalAbbreviationRepository.java,0.43274053931236267,0.28082817792892456,cli,0.43274053931236267
jabref\src\main\java\org\jabref\gui\util\UiThreadList.java,1.6109376156236976E-4,0.0,cli,1.6109376156236976E-4
jabref\src\main\java\org\jabref\logic\msbib\BibTeXConverter.java,1.1586748587433249E-4,0.0,cli,1.1586748587433249E-4
jabref\src\test\java\org\jabref\logic\importer\fileformat\CffImporterTest.java,36.43360900878906,2.279055118560791,cli,36.43360900878906
jabref\src\main\java\org\jabref\gui\theme\StyleSheetResource.java,1.7230285448022187E-4,0.0,cli,1.7230285448022187E-4
jabref\src\main\java\org\jabref\gui\libraryproperties\constants\ConstantsPropertiesView.java,28.782506942749023,35.0,preferences,35.0
jabref\src\test\java\org\jabref\logic\cleanup\FieldFormatterCleanupTest.java,1.3619712262880057E-4,0.0,cli,1.3619712262880057E-4
jabref\src\test\java\org\jabref\logic\net\ProxyTest.java,1.6595193301327527E-4,1.0,preferences,1.0
jabref\src\main\java\org\jabref\logic\exporter\ModsExporter.java,0.3562452495098114,2.046280860900879,preferences,2.046280860900879
jabref\src\main\java\org\jabref\logic\shared\OracleProcessor.java,32.75796890258789,23.34360122680664,cli,32.75796890258789
jabref\src\main\java\org\jabref\model\util\ListUtil.java,1.6993794997688383E-4,0.0,cli,1.6993794997688383E-4
jabref\src\main\java\org\jabref\model\groups\TexGroup.java,0.32092970609664917,6.708322048187256,preferences,6.708322048187256
jabref\src\test\java\org\jabref\logic\importer\fetcher\isbntobibtex\EbookDeIsbnFetcherTest.java,1.362715265713632E-4,0.0,cli,1.362715265713632E-4
jabref\src\main\java\org\jabref\gui\libraryproperties\PropertiesTabViewModel.java,1.7755346198100597E-4,0.0,cli,1.7755346198100597E-4
jabref\src\test\java\org\jabref\logic\util\strings\StringLengthComparatorTest.java,1.5800996334291995E-4,0.0,cli,1.5800996334291995E-4
jabref\src\main\java\org\jabref\logic\citationstyle\JabRefItemDataProvider.java,0.30343154072761536,0.28082817792892456,cli,0.30343154072761536
jabref\src\main\java\org\jabref\gui\externalfiles\UnlinkedFilesDialogView.java,4.321074962615967,35.0,preferences,35.0
jabref\src\main\java\org\jabref\logic\bibtex\comparator\BibtexStringComparator.java,1.6005254292394966E-4,0.0,cli,1.6005254292394966E-4
jabref\src\main\java\org\jabref\gui\entryeditor\DeprecatedFieldsTab.java,0.5787391662597656,96.18382263183594,preferences,96.18382263183594
jabref\src\test\java\org\jabref\logic\importer\fetcher\SemanticScholarTest.java,42.971397399902344,0.0,cli,42.971397399902344
jabref\src\main\java\org\jabref\logic\importer\fetcher\CiteSeer.java,1.9871643781661987,0.0,cli,1.9871643781661987
jabref\src\main\java\org\jabref\architecture\AllowedToUseAwt.java,1.7883573309518397E-4,0.0,cli,1.7883573309518397E-4
jabref\src\main\java\org\jabref\logic\layout\format\HTMLChars.java,6.729980945587158,0.6987998485565186,cli,6.729980945587158
jabref\src\test\java\org\jabref\model\openoffice\CitationEntryTest.java,1.4254706911742687E-4,0.0,cli,1.4254706911742687E-4
jabref\src\main\java\org\jabref\model\database\KeyChangeListener.java,1.459067134419456E-4,0.37214648723602295,preferences,0.37214648723602295
jabref\src\test\java\org\jabref\model\groups\AutomaticPersonsGroupTest.java,1.442073262296617E-4,0.0,cli,1.442073262296617E-4
jabref\src\main\java\org\jabref\gui\fieldeditors\AbstractEditorViewModel.java,1.5125398931559175E-4,0.0,cli,1.5125398931559175E-4
jabref\src\main\java\org\jabref\preferences\GeneralPreferences.java,1.494285388616845E-4,91.56769561767578,preferences,91.56769561767578
jabref\src\test\java\org\jabref\logic\layout\LayoutHelperTest.java,1.5902469749562442E-4,0.0,cli,1.5902469749562442E-4
jabref\src\main\java\org\jabref\logic\importer\SearchBasedFetcher.java,1.6707158647477627E-4,0.0,cli,1.6707158647477627E-4
jabref\src\test\java\org\jabref\logic\importer\fetcher\IEEETest.java,0.34014639258384705,1.0107753276824951,preferences,1.0107753276824951
jabref\src\main\java\org\jabref\gui\maintable\SmartConstrainedResizePolicy.java,18.454442977905273,0.0,cli,18.454442977905273
jabref\src\test\java\org\jabref\logic\citationkeypattern\AbstractCitationKeyPatternTest.java,1.5902469749562442E-4,0.0,cli,1.5902469749562442E-4
jabref\src\main\java\org\jabref\gui\mergeentries\newmergedialog\cell\sidebuttons\InfoButton.java,31.236940383911133,0.0,cli,31.236940383911133
jabref\src\main\java\org\jabref\logic\layout\format\NoSpaceBetweenAbbreviations.java,1.747344940667972E-4,0.0,cli,1.747344940667972E-4
jabref\src\main\java\org\jabref\gui\fieldeditors\ContextMenuAddable.java,1.7691918765194714E-4,0.0,cli,1.7691918765194714E-4
jabref\src\main\java\org\jabref\logic\formatter\bibtexfields\CleanupUrlFormatter.java,1.9147331714630127,0.0,cli,1.9147331714630127
jabref\src\main\java\org\jabref\logic\util\MetadataSerializationConfiguration.java,1.7260308959521353E-4,0.0,cli,1.7260308959521353E-4
jabref\src\main\java\org\jabref\gui\mergeentries\newmergedialog\fieldsmerger\FieldMergerFactory.java,2.684859275817871,0.0,cli,2.684859275817871
jabref\src\main\java\org\jabref\gui\mergeentries\MergeResult.java,1.7628943896852434E-4,0.0,cli,1.7628943896852434E-4
jabref\src\main\java\org\jabref\gui\entryeditor\OptionalFields2Tab.java,0.49619653820991516,97.3365249633789,preferences,97.3365249633789
jabref\src\test\java\org\jabref\logic\formatter\IdentityFormatterTest.java,1.8505111802369356E-4,0.0,cli,1.8505111802369356E-4
jabref\src\test\java\org\jabref\logic\formatter\casechanger\TitleCaseFormatterTest.java,0.9771567583084106,0.947667121887207,cli,0.9771567583084106
jabref\src\main\java\org\jabref\gui\fieldeditors\identifier\EprintIdentifierEditorViewModel.java,1.6109376156236976E-4,95.30888366699219,preferences,95.30888366699219
jabref\src\test\java\org\jabref\model\entry\identifier\MathSciNetIdTest.java,1.7290438700001687E-4,0.0,cli,1.7290438700001687E-4
jabref\src\test\java\org\jabref\logic\formatter\bibtexfields\ReplaceTabsBySpaceFormaterTest.java,1.6877969028428197E-4,0.0,cli,1.6877969028428197E-4
jabref\src\main\java\org\jabref\gui\autocompleter\AppendPersonNamesStrategy.java,1.7504328570794314E-4,0.0,cli,1.7504328570794314E-4
jabref\src\main\java\org\jabref\gui\importer\ImportCommand.java,1.621700406074524,105.57283782958984,preferences,105.57283782958984
jabref\src\test\java\org\jabref\logic\exporter\MetaDataSerializerTest.java,1.4254706911742687E-4,0.0,cli,1.4254706911742687E-4
jabref\src\test\java\org\jabref\logic\importer\fileformat\RepecNepImporterTest.java,1.494285388616845E-4,0.0,cli,1.494285388616845E-4
jabref\src\main\java\org\jabref\gui\slr\StartNewStudyAction.java,0.4420062303543091,35.51591491699219,preferences,35.51591491699219
jabref\src\main\java\org\jabref\model\openoffice\uno\UnoTextSection.java,1.550420420244336E-4,0.0,cli,1.550420420244336E-4
jabref\src\test\java\org\jabref\logic\importer\fileformat\RISImporterFilesTest.java,1.6707158647477627E-4,0.0,cli,1.6707158647477627E-4
jabref\src\main\java\org\jabref\logic\importer\util\ShortDOIServiceException.java,1.6993794997688383E-4,0.0,cli,1.6993794997688383E-4
jabref\src\test\java\org\jabref\logic\importer\fetcher\MedlineFetcherTest.java,20.4333438873291,0.5876948833465576,cli,20.4333438873291
jabref\src\test\java\org\jabref\gui\util\comparator\SpecialFieldComparatorTest.java,1.6005254292394966E-4,0.0,cli,1.6005254292394966E-4
jabref\src\main\java\org\jabref\gui\theme\StyleSheet.java,0.5124546885490417,1.3215715885162354,preferences,1.3215715885162354
jabref\src\main\java\org\jabref\gui\collab\entryadd\EntryAdd.java,0.5946023464202881,0.0,cli,0.5946023464202881
jabref\src\test\java\org\jabref\logic\importer\fetcher\JstorFetcherTest.java,70.78752899169922,0.32436639070510864,cli,70.78752899169922
jabref\src\main\java\org\jabref\gui\maintable\MainTableFieldValueFormatter.java,1.5312459436245263E-4,0.0,cli,1.5312459436245263E-4
jabref\src\test\java\org\jabref\logic\importer\fetcher\DOABFetcherTest.java,44.19606018066406,4.694064617156982,cli,44.19606018066406
jabref\src\main\java\org\jabref\gui\openoffice\OpenOfficePanel.java,18.538448333740234,49.264095306396484,preferences,49.264095306396484
jabref\src\test\java\org\jabref\logic\git\GitHandlerTest.java,23.689220428466797,2.1830313205718994,cli,23.689220428466797
jabref\src\test\java\org\jabref\model\search\rules\ContainsBasedSearchRuleTest.java,1.5125398931559175E-4,0.0,cli,1.5125398931559175E-4
jabref\src\main\java\org\jabref\gui\edit\automaticfiededitor\copyormovecontent\CopyOrMoveFieldContentTabView.java,1.009295105934143,0.0,cli,1.009295105934143
jabref\src\main\java\org\jabref\logic\importer\fileformat\MarcXmlParser.java,0.24341797828674316,0.22283977270126343,cli,0.24341797828674316
jabref\src\test\java\org\jabref\logic\layout\format\NoSpaceBetweenAbbreviationsTest.java,1.6109376156236976E-4,0.0,cli,1.6109376156236976E-4
jabref\src\main\java\org\jabref\gui\util\ZipFileChooser.java,1.1838963031768799,0.0,cli,1.1838963031768799
jabref\src\main\java\org\jabref\logic\importer\fetcher\GoogleScholar.java,1.7941454648971558,4.004269123077393,preferences,4.004269123077393
jabref\src\main\java\org\jabref\model\openoffice\ootext\OOText.java,1.6539770876988769E-4,0.0,cli,1.6539770876988769E-4
jabref\src\test\java\org\jabref\logic\exporter\HtmlExportFormatTest.java,1.8992173671722412,0.0,cli,1.8992173671722412
jabref\src\main\java\org\jabref\model\search\matchers\OrMatcher.java,1.7412017041351646E-4,0.0,cli,1.7412017041351646E-4
jabref\src\main\java\org\jabref\gui\mergeentries\newmergedialog\cell\MergedFieldCell.java,30.623315811157227,0.0,cli,30.623315811157227
jabref\src\main\java\org\jabref\model\database\event\BibDatabaseContextChangedEvent.java,1.7442679381929338E-4,0.0,cli,1.7442679381929338E-4
jabref\src\test\java\org\jabref\logic\pdf\search\indexing\PdfIndexerTest.java,0.24910400807857513,0.0,cli,0.24910400807857513
jabref\src\main\java\org\jabref\logic\layout\format\JournalAbbreviator.java,1.7290438700001687E-4,0.0,cli,1.7290438700001687E-4
jabref\src\main\java\org\jabref\gui\bibtexextractor\BibtexExtractor.java,1.4443151950836182,0.0,cli,1.4443151950836182
jabref\src\main\java\org\jabref\gui\preferences\entryeditortabs\CustomEditorFieldsTabViewModel.java,3.525987148284912,104.78406524658203,preferences,104.78406524658203
jabref\src\main\java\org\jabref\gui\AbstractViewModel.java,1.7915920761879534E-4,0.0,cli,1.7915920761879534E-4
jabref\src\main\java\org\jabref\gui\fieldeditors\JournalEditorViewModel.java,1.6877969028428197E-4,0.4697340428829193,preferences,0.4697340428829193
jabref\src\main\java\org\jabref\model\entry\field\StandardField.java,1.605484962463379,0.21159818768501282,cli,1.605484962463379
jabref\src\main\java\org\jabref\gui\importer\ImportEntriesDialog.java,48.004825592041016,79.46647644042969,preferences,79.46647644042969
jabref\src\main\java\org\jabref\model\search\rules\SentenceAnalyzer.java,1.6005254292394966E-4,0.0,cli,1.6005254292394966E-4
jabref\src\main\java\org\jabref\logic\integrity\BibTeXEntryTypeChecker.java,0.5046331882476807,0.774825930595398,preferences,0.774825930595398
jabref\src\main\java\org\jabref\gui\externalfiles\ExternalFileSorter.java,0.6603107452392578,0.0,cli,0.6603107452392578
jabref\src\test\java\org\jabref\logic\importer\fetcher\transformers\YearRangeByFilteringQueryTransformerTest.java,1.6595193301327527E-4,0.0,cli,1.6595193301327527E-4
jabref\src\main\java\org\jabref\logic\layout\format\LastPage.java,1.7230285448022187E-4,0.0,cli,1.7230285448022187E-4
jabref\src\test\java\org\jabref\logic\layout\format\AuthorFirstLastOxfordCommasTest.java,1.570081221871078E-4,0.0,cli,1.570081221871078E-4
jabref\src\test\java\org\jabref\logic\journals\AbbreviationTest.java,1.1586748587433249E-4,0.0,cli,1.1586748587433249E-4
jabref\src\main\java\org\jabref\logic\crawler\StudyRepository.java,0.6372406482696533,35.478424072265625,preferences,35.478424072265625
jabref\src\main\java\org\jabref\logic\importer\fetcher\CrossRef.java,13.084673881530762,0.0,cli,13.084673881530762
jabref\src\test\java\org\jabref\logic\cleanup\DoiCleanupTest.java,1.4254706911742687E-4,0.0,cli,1.4254706911742687E-4
jabref\src\main\java\org\jabref\gui\copyfiles\CopySingleFileAction.java,1.674025058746338,0.0,cli,1.674025058746338
jabref\src\main\java\org\jabref\model\entry\types\IEEETranEntryTypeDefinitions.java,19.056007385253906,0.0,cli,19.056007385253906
jabref\src\test\java\org\jabref\logic\layout\format\FileLinkTest.java,1.550420420244336E-4,0.0,cli,1.550420420244336E-4
jabref\src\main\java\org\jabref\logic\formatter\casechanger\UpperCaseFormatter.java,26.81235122680664,0.8339163064956665,cli,26.81235122680664
jabref\src\main\java\org\jabref\gui\maintable\ColumnPreferences.java,1.6539770876988769E-4,0.0,cli,1.6539770876988769E-4
jabref\src\main\java\org\jabref\gui\edit\ReplaceStringViewModel.java,0.8757736086845398,0.0,cli,0.8757736086845398
jabref\src\test\java\org\jabref\logic\layout\format\ReplaceTest.java,1.5312459436245263E-4,1.4579956531524658,preferences,1.4579956531524658
jabref\src\test\java\org\jabref\logic\formatter\bibtexfields\ReplaceWithEscapedDoubleQuotesTest.java,1.6539770876988769E-4,0.0,cli,1.6539770876988769E-4
jabref\src\main\java\org\jabref\logic\layout\format\FormatPagesForHTML.java,1.759762380970642E-4,0.0,cli,1.759762380970642E-4
jabref\src\main\java\org\jabref\gui\collab\DatabaseChangeDetailsViewFactory.java,1.494285388616845E-4,35.0,preferences,35.0
jabref\src\main\java\org\jabref\logic\importer\IdFetcher.java,1.7535316874273121E-4,0.0,cli,1.7535316874273121E-4
jabref\src\test\java\org\jabref\logic\integrity\ValidCitationKeyCheckerTest.java,0.5986006259918213,0.0,cli,0.5986006259918213
jabref\src\main\java\org\jabref\logic\integrity\UrlChecker.java,0.5193504691123962,0.0,cli,0.5193504691123962
jabref\src\main\java\org\jabref\logic\importer\ImporterPreferences.java,1.6707158647477627E-4,0.5964576005935669,preferences,0.5964576005935669
jabref\src\main\java\org\jabref\logic\layout\format\Ordinal.java,0.49072709679603577,0.0,cli,0.49072709679603577
jabref\src\main\java\org\jabref\gui\collab\entrychange\EntryChangeDetailsView.java,0.6102907657623291,35.0,preferences,35.0
jabref\src\main\java\org\jabref\gui\undo\AbstractUndoableJabRefEdit.java,0.6226757168769836,0.0,cli,0.6226757168769836
jabref\src\main\java\org\jabref\logic\search\SearchQuery.java,0.5785388946533203,0.0,cli,0.5785388946533203
jabref\src\main\java\org\jabref\logic\importer\fetcher\ACS.java,0.85745769739151,0.0,cli,0.85745769739151
jabref\src\test\java\org\jabref\logic\layout\format\AuthorFirstFirstTest.java,1.6993794997688383E-4,0.0,cli,1.6993794997688383E-4
jabref\src\main\java\org\jabref\logic\importer\IdParserFetcher.java,1.5125398931559175E-4,0.0,cli,1.5125398931559175E-4
jabref\src\main\java\org\jabref\gui\openoffice\ManageCitationsDialogView.java,30.799257278442383,0.0,cli,30.799257278442383
jabref\src\main\java\org\jabref\logic\layout\format\ReplaceWithEscapedDoubleQuotes.java,1.7170546925626695E-4,0.0,cli,1.7170546925626695E-4
jabref\src\main\java\org\jabref\gui\libraryproperties\general\GeneralPropertiesView.java,0.998285710811615,36.0,preferences,36.0
jabref\src\test\java\org\jabref\cli\JabRefCLITest.java,149.46511840820312,0.6396037936210632,cli,149.46511840820312
jabref\src\main\java\org\jabref\logic\cleanup\ConvertToBibtexCleanup.java,1.5125398931559175E-4,0.0,cli,1.5125398931559175E-4
jabref\src\main\java\org\jabref\gui\collab\entrychange\PreviewWithSourceTab.java,0.5124546885490417,35.0,preferences,35.0
jabref\src\main\java\org\jabref\logic\xmp\XmpUtilShared.java,1.6321736620739102E-4,0.0,cli,1.6321736620739102E-4
jabref\src\main\java\org\jabref\gui\mergeentries\newmergedialog\fieldsmerger\GroupMerger.java,1.6595193301327527E-4,0.0,cli,1.6595193301327527E-4
jabref\src\main\java\org\jabref\gui\util\StreamGobbler.java,1.7568657398223877,0.0,cli,1.7568657398223877
jabref\src\main\java\org\jabref\gui\preferences\network\NetworkTab.java,1.0111887454986572,74.22860717773438,preferences,74.22860717773438
jabref\src\main\java\org\jabref\logic\importer\fetcher\transformers\BiodiversityLibraryTransformer.java,1.7023000691551715E-4,0.0,cli,1.7023000691551715E-4
jabref\src\main\java\org\jabref\gui\help\VersionWorker.java,0.6102907657623291,0.0,cli,0.6102907657623291
jabref\src\main\java\org\jabref\logic\cleanup\DoiCleanup.java,1.459067134419456E-4,0.0,cli,1.459067134419456E-4
jabref\src\main\java\org\jabref\gui\bibtexextractor\BibtexExtractorViewModel.java,35.57378387451172,38.183128356933594,preferences,38.183128356933594
jabref\src\main\java\org\jabref\migrations\SpecialFieldsToSeparateFields.java,1.442073262296617E-4,0.0,cli,1.442073262296617E-4
jabref\src\main\java\org\jabref\gui\preferences\customentrytypes\EntryTypeViewModel.java,1.5312459436245263E-4,92.72659301757812,preferences,92.72659301757812
jabref\src\main\java\org\jabref\logic\bibtex\BibEntryWriter.java,1.1168674973305315E-4,1.2532130479812622,preferences,1.2532130479812622
jabref\src\main\java\org\jabref\gui\util\ControlHelper.java,37.57508087158203,0.0,cli,37.57508087158203
jabref\src\test\java\org\jabref\model\entry\DateTest.java,1.0779721196740866E-4,0.0,cli,1.0779721196740866E-4
jabref\src\test\java\org\jabref\model\metadata\MetaDataTest.java,1.7504328570794314E-4,0.0,cli,1.7504328570794314E-4
jabref\src\test\java\org\jabref\gui\preferences\journals\JournalAbbreviationsViewModelTabTest.java,0.2732095718383789,57.045204162597656,preferences,57.045204162597656
jabref\src\main\java\org\jabref\logic\auxparser\AuxParserResult.java,1.6539770876988769E-4,0.4541987180709839,preferences,0.4541987180709839
jabref\src\main\java\org\jabref\preferences\TelemetryPreferences.java,1.6763710300438106E-4,100.24662017822266,preferences,100.24662017822266
jabref\src\test\java\org\jabref\model\entry\EntryLinkListTest.java,0.9738925695419312,0.0,cli,0.9738925695419312
jabref\src\main\java\org\jabref\gui\MainApplication.java,1.6707158647477627E-4,104.642333984375,preferences,104.642333984375
jabref\src\main\java\org\jabref\gui\fieldeditors\LinkedFilesEditorViewModel.java,1.0571433305740356,105.68289184570312,preferences,105.68289184570312
jabref\src\main\java\org\jabref\logic\shared\DBMSType.java,1.5800996334291995E-4,0.0,cli,1.5800996334291995E-4
jabref\src\main\java\org\jabref\gui\StateManager.java,0.3119354248046875,0.47406601905822754,preferences,0.47406601905822754
jabref\src\main\java\org\jabref\gui\util\ViewModelTreeTableRowFactory.java,20.358535766601562,0.0,cli,20.358535766601562
jabref\src\main\java\org\jabref\logic\journals\JournalAbbreviationLoader.java,0.6531392335891724,0.0,cli,0.6531392335891724
jabref\src\main\java\org\jabref\logic\l10n\LocalizationKeyParams.java,25.778451919555664,0.0,cli,25.778451919555664
jabref\src\main\java\org\jabref\logic\util\CoarseChangeFilter.java,1.5312459436245263E-4,0.0,cli,1.5312459436245263E-4
jabref\src\main\java\org\jabref\gui\maintable\OpenUrlAction.java,1.9121694564819336,103.87489318847656,preferences,103.87489318847656
jabref\src\main\java\org\jabref\model\entry\field\BibField.java,1.6430030518677086E-4,0.0,cli,1.6430030518677086E-4
jabref\src\main\java\org\jabref\gui\edit\automaticfiededitor\editfieldcontent\EditFieldContentViewModel.java,1.305252080783248E-4,0.4343331456184387,preferences,0.4343331456184387
jabref\src\test\java\org\jabref\model\entry\identifier\ISSNTest.java,1.550420420244336E-4,0.0,cli,1.550420420244336E-4
jabref\src\main\java\org\jabref\gui\preferences\entryeditortabs\CustomEditorFieldsTab.java,0.48537689447402954,96.50932312011719,preferences,96.50932312011719
jabref\src\main\java\org\jabref\model\groups\AutomaticKeywordGroup.java,1.4764662773814052E-4,0.37899309396743774,preferences,0.37899309396743774
jabref\src\main\java\org\jabref\logic\groups\DefaultGroupsFactory.java,28.63673210144043,0.0,cli,28.63673210144043
jabref\src\main\java\org\jabref\gui\collab\groupchange\GroupChangeDetailsView.java,0.48014217615127563,0.0,cli,0.48014217615127563
jabref\src\main\java\org\jabref\logic\importer\fetcher\AbstractIsbnFetcher.java,0.49619653820991516,0.0,cli,0.49619653820991516
jabref\src\test\java\org\jabref\logic\integrity\BooktitleCheckerTest.java,1.6430030518677086E-4,4.323126316070557,preferences,4.323126316070557
jabref\src\test\java\org\jabref\logic\journals\AbbreviationWriterTest.java,1.6005254292394966E-4,0.0,cli,1.6005254292394966E-4
jabref\src\main\java\org\jabref\logic\util\FileType.java,1.7442679381929338E-4,0.0,cli,1.7442679381929338E-4
jabref\src\test\java\org\jabref\logic\integrity\UTF8CheckerTest.java,1.550420420244336E-4,0.0,cli,1.550420420244336E-4
jabref\src\main\java\org\jabref\model\openoffice\rangesort\RangeOverlapWithin.java,1.362715265713632E-4,0.0,cli,1.362715265713632E-4
jabref\src\test\java\org\jabref\gui\util\OpenConsoleActionTest.java,1.5800996334291995E-4,99.46073150634766,preferences,99.46073150634766
jabref\src\main\java\org\jabref\logic\importer\fileformat\EndnoteImporter.java,9.461690933676437E-5,78.76382446289062,preferences,78.76382446289062
jabref\src\main\java\org\jabref\gui\preferences\keybindings\presets\KeyBindingPreset.java,1.759762380970642E-4,100.88046264648438,preferences,100.88046264648438
jabref\src\main\java\org\jabref\gui\importer\actions\GUIPostOpenAction.java,1.7535316874273121E-4,0.0,cli,1.7535316874273121E-4
jabref\src\main\java\org\jabref\logic\pdf\EntryAnnotationImporter.java,0.6306798458099365,0.0,cli,0.6306798458099365
jabref\src\main\java\org\jabref\logic\util\WebViewStore.java,1.6214861534535885E-4,0.0,cli,1.6214861534535885E-4
jabref\src\test\java\org\jabref\logic\shared\SynchronizationEventListenerTest.java,1.7260308959521353E-4,0.0,cli,1.7260308959521353E-4
jabref\src\main\java\org\jabref\model\openoffice\util\OOResult.java,1.442073262296617E-4,0.0,cli,1.442073262296617E-4
jabref\src\main\java\org\jabref\logic\importer\fileformat\mods\Identifier.java,1.7628943896852434E-4,0.0,cli,1.7628943896852434E-4
jabref\src\main\java\org\jabref\gui\DefaultInjector.java,35.00014877319336,35.0,cli,35.00014877319336
jabref\src\test\java\org\jabref\logic\importer\fetcher\TitleFetcherTest.java,20.384994506835938,0.0,cli,20.384994506835938
jabref\src\main\java\org\jabref\logic\importer\fetcher\ArXivFetcher.java,18.58062744140625,0.27202552556991577,cli,18.58062744140625
jabref\src\main\java\org\jabref\model\util\DummyFileUpdateMonitor.java,0.5301740169525146,0.0,cli,0.5301740169525146
jabref\src\test\java\org\jabref\logic\importer\fetcher\CompositeSearchBasedFetcherTest.java,26.03767204284668,0.5556492805480957,cli,26.03767204284668
jabref\src\main\java\org\jabref\gui\undo\UndoableRemoveString.java,0.5017892122268677,0.0,cli,0.5017892122268677
jabref\src\main\java\org\jabref\logic\xmp\EncryptedPdfsNotSupportedException.java,1.7819229105953127E-4,0.0,cli,1.7819229105953127E-4
jabref\src\main\java\org\jabref\gui\mergeentries\DiffHighlighting.java,3.2138216495513916,0.5497182011604309,cli,3.2138216495513916
jabref\src\main\java\org\jabref\logic\formatter\bibtexfields\OrdinalsToSuperscriptFormatter.java,0.5829218626022339,0.0,cli,0.5829218626022339
jabref\src\main\java\org\jabref\gui\libraryproperties\constants\ConstantsItemModel.java,0.6517452597618103,0.0,cli,0.6517452597618103
jabref\src\main\java\org\jabref\gui\util\comparator\RankingFieldComparator.java,1.6820644668769091E-4,0.0,cli,1.6820644668769091E-4
jabref\src\main\java\org\jabref\model\openoffice\util\OOPair.java,1.7320674669463187E-4,0.0,cli,1.7320674669463187E-4
jabref\src\main\java\org\jabref\logic\importer\ImportException.java,1.7412017041351646E-4,0.0,cli,1.7412017041351646E-4
jabref\src\test\java\org\jabref\logic\integrity\PagesCheckerBiblatexTest.java,1.6214861534535885E-4,0.0,cli,1.6214861534535885E-4
jabref\src\main\java\org\jabref\logic\openoffice\style\OOBibStyle.java,19.564273834228516,0.1343296766281128,cli,19.564273834228516
jabref\src\main\java\org\jabref\logic\layout\format\AuthorAndToSemicolonReplacer.java,1.756641431711614E-4,0.0,cli,1.756641431711614E-4
jabref\src\test\java\org\jabref\logic\layout\format\AuthorLastFirstCommasTest.java,1.570081221871078E-4,0.0,cli,1.570081221871078E-4
jabref\src\test\java\org\jabref\gui\autocompleter\SuggestionProvidersTest.java,1.8729169096332043E-4,0.4913060665130615,preferences,0.4913060665130615
jabref\src\test\java\org\jabref\logic\citationkeypattern\MakeLabelWithoutDatabaseTest.java,1.783220359357074E-4,0.0,cli,1.783220359357074E-4
jabref\src\test\java\org\jabref\logic\formatter\bibtexfields\RemoveBracesFormatterTest.java,1.5125398931559175E-4,0.0,cli,1.5125398931559175E-4
jabref\src\main\java\org\jabref\logic\integrity\ASCIICharacterChecker.java,0.4989772439002991,0.0,cli,0.4989772439002991
jabref\src\main\java\org\jabref\logic\WatchServiceUnavailableException.java,1.7628943896852434E-4,0.0,cli,1.7628943896852434E-4
jabref\src\main\java\org\jabref\gui\libraryproperties\AbstractPropertiesTabView.java,1.7052306793630123E-4,0.0,cli,1.7052306793630123E-4
jabref\src\main\java\org\jabref\logic\layout\format\CreateDocBook4Editors.java,1.6993794997688383E-4,0.0,cli,1.6993794997688383E-4
jabref\src\main\java\org\jabref\architecture\ApacheCommonsLang3Allowed.java,1.7883573309518397E-4,0.0,cli,1.7883573309518397E-4
jabref\src\main\java\org\jabref\gui\mergeentries\newmergedialog\cell\CopyFieldValueCommand.java,67.20491027832031,35.0,cli,67.20491027832031
jabref\src\main\java\org\jabref\gui\edit\automaticfiededitor\LastAutomaticFieldEditorEdit.java,1.6763710300438106E-4,0.0,cli,1.6763710300438106E-4
jabref\src\main\java\org\jabref\model\entry\event\EntryChangedEvent.java,1.7140834825113416E-4,0.0,cli,1.7140834825113416E-4
jabref\src\main\java\org\jabref\gui\externalfiles\GitIgnoreFileFilter.java,2.364715099334717,1.802582859992981,cli,2.364715099334717
jabref\src\main\java\org\jabref\gui\sidepane\SidePaneComponent.java,0.9735472202301025,0.0,cli,0.9735472202301025
jabref\src\test\java\org\jabref\logic\layout\format\RisKeywordsTest.java,1.6214861534535885E-4,0.0,cli,1.6214861534535885E-4
jabref\src\main\java\org\jabref\logic\importer\CompositeIdFetcher.java,1.6214861534535885E-4,0.0,cli,1.6214861534535885E-4
jabref\src\main\java\org\jabref\gui\mergeentries\newmergedialog\DiffMethod.java,1.7755346198100597E-4,0.0,cli,1.7755346198100597E-4
jabref\src\test\java\org\jabref\logic\importer\fileformat\BiblioscapeImporterTest.java,2.238316297531128,0.0,cli,2.238316297531128
jabref\src\main\java\org\jabref\logic\importer\fileformat\medline\Investigator.java,1.756641431711614E-4,0.0,cli,1.756641431711614E-4
jabref\src\main\java\org\jabref\gui\preferences\customimporter\CustomImporterTabViewModel.java,0.8847498893737793,104.48400115966797,preferences,104.48400115966797
jabref\src\main\java\org\jabref\logic\remote\RemoteMessage.java,1.7723576456774026E-4,0.0,cli,1.7723576456774026E-4
jabref\src\main\java\org\jabref\architecture\AllowedToUseLogic.java,1.7883573309518397E-4,0.0,cli,1.7883573309518397E-4
jabref\src\test\java\org\jabref\logic\autosaveandbackup\BackupManagerDiscardedTest.java,1.459067134419456E-4,35.61735534667969,preferences,35.61735534667969
jabref\src\test\java\org\jabref\logic\layout\format\AuthorAndToSemicolonReplacerTest.java,1.550420420244336E-4,0.0,cli,1.550420420244336E-4
jabref\src\main\java\org\jabref\logic\layout\TextBasedPreviewLayout.java,0.46028560400009155,0.0,cli,0.46028560400009155
jabref\src\main\java\org\jabref\logic\cleanup\FieldFormatterCleanups.java,0.273596853017807,0.0,cli,0.273596853017807
jabref\src\main\java\org\jabref\gui\edit\ManageKeywordsDialog.java,0.7897602915763855,89.35263061523438,preferences,89.35263061523438
jabref\src\main\java\org\jabref\logic\importer\fetcher\DOAJFetcher.java,1.9351792335510254,89.52204132080078,preferences,89.52204132080078
jabref\src\test\java\org\jabref\logic\cleanup\EprintCleanupTest.java,1.6321736620739102E-4,0.0,cli,1.6321736620739102E-4
jabref\src\main\java\org\jabref\gui\mergeentries\newmergedialog\toolbar\ThreeWayMergeToolbar.java,1.073239803314209,35.52720642089844,preferences,35.52720642089844
jabref\src\test\java\org\jabref\gui\edit\CopyMoreActionTest.java,36.030269622802734,35.0,cli,36.030269622802734
jabref\src\main\java\org\jabref\gui\mergeentries\newmergedialog\cell\FieldValueCell.java,23.267112731933594,0.0,cli,23.267112731933594
jabref\src\main\java\org\jabref\gui\openoffice\CitationEntryViewModel.java,1.665098825469613E-4,0.0,cli,1.665098825469613E-4
jabref\src\main\java\org\jabref\gui\SendAsEMailAction.java,1.3880836963653564,36.522891998291016,preferences,36.522891998291016
jabref\src\main\java\org\jabref\logic\shared\DBMSSynchronizer.java,9.461690933676437E-5,0.20324739813804626,preferences,0.20324739813804626
jabref\src\test\java\org\jabref\logic\importer\fetcher\transformers\ZbMathQueryTransformerTest.java,1.570081221871078E-4,0.0,cli,1.570081221871078E-4
jabref\src\main\java\org\jabref\gui\mergeentries\newmergedialog\fieldsmerger\CommentMerger.java,1.7442679381929338E-4,0.0,cli,1.7442679381929338E-4
jabref\src\test\java\org\jabref\logic\layout\LayoutTest.java,0.9924049973487854,0.5745378732681274,cli,0.9924049973487854
jabref\src\main\java\org\jabref\gui\preferences\journals\JournalAbbreviationsTabViewModel.java,1.3303987979888916,77.89822387695312,preferences,77.89822387695312
jabref\src\main\java\org\jabref\gui\keyboard\CodeAreaKeyBindings.java,17.385412216186523,0.0,cli,17.385412216186523
jabref\src\main\java\org\jabref\gui\libraryproperties\keypattern\KeyPatternPropertiesView.java,0.4420062303543091,35.0,preferences,35.0
jabref\src\main\java\org\jabref\logic\pdf\search\indexing\PdfIndexer.java,0.273596853017807,0.3716466724872589,preferences,0.3716466724872589
jabref\src\main\java\org\jabref\model\entry\IdGenerator.java,1.7290438700001687E-4,0.0,cli,1.7290438700001687E-4
jabref\src\main\java\org\jabref\logic\importer\fetcher\DOABFetcher.java,1.007779355859384E-4,0.0,cli,1.007779355859384E-4
jabref\src\main\java\org\jabref\gui\documentviewer\DocumentViewerView.java,18.83681869506836,36.0,preferences,36.0
jabref\src\main\java\org\jabref\gui\documentviewer\DocumentViewerControl.java,15.114487648010254,2.0338079929351807,cli,15.114487648010254
jabref\src\main\java\org\jabref\logic\importer\PagedSearchBasedFetcher.java,1.6214861534535885E-4,0.0,cli,1.6214861534535885E-4
jabref\src\main\java\org\jabref\model\entry\types\BibtexEntryTypeDefinitions.java,12.524032592773438,0.0,cli,12.524032592773438
jabref\src\main\java\org\jabref\logic\importer\util\IdentifierParser.java,1.570081221871078E-4,0.0,cli,1.570081221871078E-4
jabref\src\main\java\org\jabref\gui\undo\UndoableFieldChange.java,0.6319388151168823,0.0,cli,0.6319388151168823
jabref\src\main\java\org\jabref\model\openoffice\util\OOTuple3.java,1.7111223132815212E-4,0.0,cli,1.7111223132815212E-4
jabref\src\test\java\org\jabref\logic\cleanup\BibtexBiblatexRoundtripTest.java,0.6884423494338989,0.0,cli,0.6884423494338989
jabref\src\main\java\org\jabref\logic\layout\format\AuthorOrgSci.java,1.665098825469613E-4,0.0,cli,1.665098825469613E-4
jabref\src\main\java\org\jabref\gui\preferences\PreferencesTab.java,1.759762380970642E-4,100.88046264648438,preferences,100.88046264648438
jabref\src\test\java\org\jabref\logic\layout\format\DOICheckTest.java,1.6430030518677086E-4,0.0,cli,1.6430030518677086E-4
jabref\src\main\java\org\jabref\logic\importer\fetcher\CollectionOfComputerScienceBibliographiesParser.java,0.9411506056785583,0.0,cli,0.9411506056785583
jabref\src\test\java\org\jabref\model\TreeNodeTest.java,5.01559698022902E-5,0.0,cli,5.01559698022902E-5
jabref\src\main\java\org\jabref\gui\autocompleter\JournalsSuggestionProvider.java,1.720036379992962E-4,0.0,cli,1.720036379992962E-4
jabref\src\main\java\org\jabref\logic\importer\fetcher\JstorFetcher.java,1.8512283563613892,0.5228927135467529,cli,1.8512283563613892
jabref\src\main\java\org\jabref\model\entry\field\FieldPriority.java,1.7723576456774026E-4,0.0,cli,1.7723576456774026E-4
jabref\src\main\java\org\jabref\logic\shared\DatabaseConnection.java,1.7723576456774026E-4,0.0,cli,1.7723576456774026E-4
jabref\src\test\java\org\jabref\logic\layout\format\AuthorAbbreviatorTest.java,1.6109376156236976E-4,0.0,cli,1.6109376156236976E-4
jabref\src\test\java\org\jabref\model\entry\BibEntryTest.java,2.498903512954712,0.3377891182899475,cli,2.498903512954712
jabref\src\test\java\org\jabref\IconsPropertiesTest.java,1.4764662773814052E-4,34.11106491088867,preferences,34.11106491088867
jabref\src\test\java\org\jabref\logic\msbib\MSBibConverterTest.java,0.37499240040779114,0.0,cli,0.37499240040779114
jabref\src\test\java\org\jabref\gui\maintable\MainTableColumnModelTest.java,1.6005254292394966E-4,0.0,cli,1.6005254292394966E-4
jabref\src\main\java\org\jabref\model\entry\event\EntriesEvent.java,1.6935683379415423E-4,0.0,cli,1.6935683379415423E-4
jabref\src\main\java\org\jabref\logic\importer\fileformat\PdfXmpImporter.java,0.4094827473163605,1.8353465795516968,preferences,1.8353465795516968
jabref\src\main\java\org\jabref\logic\remote\server\RemoteListenerServer.java,1.5125398931559175E-4,0.0,cli,1.5125398931559175E-4
jabref\src\main\java\org\jabref\model\entry\identifier\MathSciNetId.java,1.5902469749562442E-4,0.0,cli,1.5902469749562442E-4
jabref\src\main\java\org\jabref\logic\exporter\MSBibExporter.java,0.5716915130615234,0.0,cli,0.5716915130615234
jabref\src\main\java\org\jabref\gui\util\CurrentThreadTaskExecutor.java,21.51009750366211,0.0,cli,21.51009750366211
jabref\src\main\java\org\jabref\logic\formatter\IdentityFormatter.java,0.6140964031219482,0.0,cli,0.6140964031219482
jabref\src\main\java\org\jabref\logic\cleanup\CleanupJob.java,1.7660376033745706E-4,0.0,cli,1.7660376033745706E-4
jabref\src\test\java\org\jabref\gui\importer\NewEntryActionTest.java,1.5902469749562442E-4,35.0,preferences,35.0
jabref\src\main\java\org\jabref\logic\importer\fetcher\ResearchGate.java,2.878383159637451,1.522297739982605,cli,2.878383159637451
jabref\src\main\java\org\jabref\gui\EntryTypeViewModel.java,50.31484603881836,90.51210021972656,preferences,90.51210021972656
jabref\src\main\java\org\jabref\model\paging\Page.java,1.6877969028428197E-4,0.0,cli,1.6877969028428197E-4
jabref\src\main\java\org\jabref\gui\push\PushToApplications.java,0.4650941491127014,35.0,preferences,35.0
jabref\src\main\java\org\jabref\gui\copyfiles\CopyFilesResultItemViewModel.java,0.6959183216094971,0.0,cli,0.6959183216094971
jabref\src\main\java\org\jabref\logic\cleanup\Formatter.java,1.720036379992962E-4,0.0,cli,1.720036379992962E-4
jabref\src\main\java\org\jabref\gui\autocompleter\AutoCompletionTextInputBinding.java,1.2783003330696374E-4,0.0,cli,1.2783003330696374E-4
jabref\src\main\java\org\jabref\gui\util\ViewModelTreeTableCellFactory.java,34.74974060058594,0.0,cli,34.74974060058594
jabref\src\main\java\org\jabref\logic\remote\server\RemoteListenerServerManager.java,1.570081221871078E-4,0.0,cli,1.570081221871078E-4
jabref\src\test\java\org\jabref\model\search\rules\SentenceAnalyzerTest.java,1.6539770876988769E-4,0.0,cli,1.6539770876988769E-4
jabref\src\main\java\org\jabref\logic\cleanup\ISSNCleanup.java,1.6539770876988769E-4,0.0,cli,1.6539770876988769E-4
jabref\src\main\java\org\jabref\cli\AuxCommandLine.java,129.97927856445312,0.0,cli,129.97927856445312
jabref\src\main\java\org\jabref\logic\bibtex\comparator\BibStringDiff.java,1.362715265713632E-4,1.6905663013458252,preferences,1.6905663013458252
jabref\src\test\java\org\jabref\logic\citationkeypattern\CitationKeyGeneratorTest.java,3.3425581455230713,0.5321335792541504,cli,3.3425581455230713
jabref\src\test\java\org\jabref\logic\exporter\GroupSerializerTest.java,0.34014639258384705,0.47226810455322266,preferences,0.47226810455322266
jabref\src\test\java\org\jabref\gui\theme\ThemeManagerTest.java,1.375534176826477,0.48654961585998535,cli,1.375534176826477
jabref\src\test\java\org\jabref\logic\importer\OpenDatabaseTest.java,1.4468541485257447E-4,0.9119288921356201,preferences,0.9119288921356201
jabref\src\main\java\org\jabref\logic\importer\FetcherException.java,1.7290438700001687E-4,0.0,cli,1.7290438700001687E-4
jabref\src\main\java\org\jabref\logic\layout\format\Authors.java,1.379323959350586,0.3055068552494049,cli,1.379323959350586
jabref\src\main\java\org\jabref\model\texparser\LatexParserResult.java,2.6348979473114014,0.35916948318481445,cli,2.6348979473114014
jabref\src\main\java\org\jabref\gui\fieldeditors\TypeEditorViewModel.java,0.6971356868743896,0.0,cli,0.6971356868743896
jabref\src\test\java\org\jabref\logic\exporter\AtomicFileOutputStreamTest.java,1.494285388616845E-4,0.0,cli,1.494285388616845E-4
jabref\src\main\java\org\jabref\logic\importer\fileformat\CffImporter.java,28.351961135864258,1.184747338294983,cli,28.351961135864258
jabref\src\main\java\org\jabref\logic\importer\IdBasedFetcher.java,1.7660376033745706E-4,0.0,cli,1.7660376033745706E-4
jabref\src\test\java\org\jabref\logic\importer\fetcher\ArXivFetcherTest.java,142.9145050048828,16.485177993774414,cli,142.9145050048828
jabref\src\main\java\org\jabref\logic\bibtex\comparator\MetaDataDiff.java,1.362715265713632E-4,93.76628112792969,preferences,93.76628112792969
jabref\src\main\java\org\jabref\logic\importer\FetcherServerException.java,1.7290438700001687E-4,0.0,cli,1.7290438700001687E-4
jabref\src\main\java\org\jabref\model\groups\GroupHierarchyType.java,1.7052306793630123E-4,0.0,cli,1.7052306793630123E-4
jabref\src\main\java\org\jabref\gui\commonfxcontrols\CitationKeyPatternPanel.java,0.3304581046104431,82.85590362548828,preferences,82.85590362548828
jabref\src\test\java\org\jabref\logic\importer\fetcher\RfcFetcherTest.java,50.02362060546875,5.864973068237305,cli,50.02362060546875
jabref\src\main\java\org\jabref\logic\layout\format\RemoveBracketsAddComma.java,1.7140834825113416E-4,0.0,cli,1.7140834825113416E-4
jabref\src\test\java\org\jabref\logic\importer\DatabaseFileLookupTest.java,1.6539770876988769E-4,0.0,cli,1.6539770876988769E-4
jabref\src\test\java\org\jabref\logic\formatter\bibtexfields\NormalizeNamesFormatterTest.java,48.285396575927734,1.2330877780914307,cli,48.285396575927734
jabref\src\main\java\org\jabref\logic\formatter\bibtexfields\RegexFormatter.java,0.8757736086845398,0.7809008359909058,cli,0.8757736086845398
jabref\src\main\java\org\jabref\logic\importer\fileformat\ACMPortalParser.java,1.007779355859384E-4,0.0,cli,1.007779355859384E-4
jabref\src\main\java\org\jabref\logic\importer\fetcher\ApsFetcher.java,0.41715648770332336,0.0,cli,0.41715648770332336
jabref\src\main\java\org\jabref\gui\mergeentries\MergeTwoEntriesAction.java,0.4650941491127014,0.0,cli,0.4650941491127014
jabref\src\main\java\org\jabref\model\openoffice\uno\UnoSelection.java,1.4764662773814052E-4,0.0,cli,1.4764662773814052E-4
jabref\src\main\java\org\jabref\gui\citationkeypattern\GenerateCitationKeyAction.java,16.932003021240234,36.50906753540039,preferences,36.50906753540039
jabref\src\main\java\org\jabref\gui\help\NewVersionDialog.java,0.6824475526809692,0.37899309396743774,cli,0.6824475526809692
jabref\src\main\java\org\jabref\logic\bibtex\comparator\FieldComparatorStack.java,1.6935683379415423E-4,0.0,cli,1.6935683379415423E-4
jabref\src\main\java\org\jabref\gui\integrity\IntegrityCheckDialogViewModel.java,1.7442679381929338E-4,0.0,cli,1.7442679381929338E-4
jabref\src\main\java\org\jabref\logic\formatter\bibtexfields\EscapeDollarSignFormatter.java,0.602652907371521,0.0,cli,0.602652907371521
jabref\src\main\java\org\jabref\gui\shared\SharedDatabaseLoginDialogViewModel.java,45.137718200683594,40.522342681884766,cli,45.137718200683594
jabref\src\test\java\org\jabref\gui\sidepane\SidePaneViewModelTest.java,1.5736818313598633,35.0,preferences,35.0
jabref\src\test\java\org\jabref\logic\exporter\DocBook5ExporterTest.java,1.5960627933964133E-4,0.0,cli,1.5960627933964133E-4
jabref\src\test\java\org\jabref\logic\layout\format\RemoveBracketsTest.java,1.6214861534535885E-4,0.0,cli,1.6214861534535885E-4
jabref\src\main\java\org\jabref\gui\commonfxcontrols\SortCriterionViewModel.java,1.6993794997688383E-4,0.0,cli,1.6993794997688383E-4
jabref\src\main\java\org\jabref\gui\keyboard\TextInputKeyBindings.java,17.889698028564453,0.0,cli,17.889698028564453
jabref\src\test\java\org\jabref\logic\help\HelpFileTest.java,1.6707158647477627E-4,2.385507345199585,preferences,2.385507345199585
jabref\src\main\java\org\jabref\gui\edit\automaticfiededitor\AbstractAutomaticFieldEditorTabViewModel.java,1.6321736620739102E-4,0.444400429725647,preferences,0.444400429725647
jabref\src\main\java\org\jabref\model\groups\AllEntriesGroup.java,1.6877969028428197E-4,0.0,cli,1.6877969028428197E-4
jabref\src\test\java\org\jabref\logic\importer\fetcher\AbstractIsbnFetcherTest.java,1.7461218521930277E-4,0.652523934841156,preferences,0.652523934841156
jabref\src\main\java\org\jabref\logic\importer\fetcher\DBLPFetcher.java,1.5312459436245263E-4,0.0,cli,1.5312459436245263E-4
jabref\src\main\java\org\jabref\gui\openoffice\Bootstrap.java,0.45000311732292175,0.8842582106590271,preferences,0.8842582106590271
jabref\src\test\java\org\jabref\logic\formatter\bibtexfields\RemoveRedundantSpacesFormatterTest.java,1.665098825469613E-4,0.0,cli,1.665098825469613E-4
jabref\src\main\java\org\jabref\logic\preview\PreviewLayout.java,1.7290438700001687E-4,0.0,cli,1.7290438700001687E-4
jabref\src\main\java\org\jabref\gui\fieldeditors\EditorTextArea.java,35.000160217285156,0.0,cli,35.000160217285156
jabref\src\test\java\org\jabref\logic\l10n\LocalizationBundleForTest.java,0.5549575090408325,0.0,cli,0.5549575090408325
jabref\src\main\java\org\jabref\logic\layout\format\AuthorLastFirstAbbrCommas.java,1.756641431711614E-4,0.0,cli,1.756641431711614E-4
jabref\src\main\java\org\jabref\gui\duplicationFinder\DuplicateResolverDialog.java,0.6759428977966309,35.0,preferences,35.0
jabref\src\main\java\org\jabref\logic\importer\fileformat\CustomImporter.java,41.8266487121582,0.0,cli,41.8266487121582
jabref\src\test\java\org\jabref\logic\importer\fetcher\BiodiversityLibraryTest.java,0.8770326375961304,0.5387664437294006,cli,0.8770326375961304
jabref\src\main\java\org\jabref\gui\libraryproperties\LibraryPropertiesViewModel.java,1.6877969028428197E-4,0.0,cli,1.6877969028428197E-4
jabref\src\test\java\org\jabref\logic\layout\format\RemoveLatexCommandsFormatterTest.java,1.5800996334291995E-4,0.0,cli,1.5800996334291995E-4
jabref\src\main\java\org\jabref\gui\maintable\columns\SpecialFieldColumn.java,1.2524391058832407E-4,35.0,preferences,35.0
jabref\src\main\java\org\jabref\gui\preferences\table\TableTab.java,1.0140588283538818,80.06434631347656,preferences,80.06434631347656
jabref\src\main\java\org\jabref\model\openoffice\CitationEntry.java,1.6005254292394966E-4,0.0,cli,1.6005254292394966E-4
jabref\src\main\java\org\jabref\gui\fieldeditors\DateEditor.java,1.6109376156236976E-4,95.30888366699219,preferences,95.30888366699219
jabref\src\test\java\org\jabref\logic\formatter\bibtexfields\OrdinalsToSuperscriptFormatterTest.java,2.2460336685180664,1.033874750137329,cli,2.2460336685180664
jabref\src\main\java\org\jabref\gui\JabRefGUI.java,12.650057792663574,90.87483215332031,preferences,90.87483215332031
jabref\src\main\java\org\jabref\gui\groups\GroupTreeNodeViewModel.java,1.1586748587433249E-4,0.0,cli,1.1586748587433249E-4
jabref\src\main\java\org\jabref\gui\util\DroppingMouseLocation.java,1.7755346198100597E-4,0.0,cli,1.7755346198100597E-4
jabref\src\main\java\org\jabref\model\entry\types\EntryType.java,1.7723576456774026E-4,0.0,cli,1.7723576456774026E-4
jabref\src\main\java\org\jabref\model\entry\BibEntryTypesManager.java,30.870155334472656,0.0,cli,30.870155334472656
jabref\src\test\java\org\jabref\logic\integrity\CitationKeyDuplicationCheckerTest.java,0.4334004521369934,0.0,cli,0.4334004521369934
jabref\src\main\java\org\jabref\logic\formatter\bibtexfields\UnicodeToLatexFormatter.java,0.5184231996536255,0.0,cli,0.5184231996536255
jabref\src\main\java\org\jabref\gui\icon\IconTheme.java,38.5097770690918,54.04114532470703,preferences,54.04114532470703
jabref\src\main\java\org\jabref\gui\externalfiletype\StandardExternalFileType.java,25.993270874023438,0.0,cli,25.993270874023438
jabref\src\main\java\org\jabref\logic\util\io\RegExpBasedFileFinder.java,0.925439178943634,0.5697293281555176,cli,0.925439178943634
jabref\src\main\java\org\jabref\logic\texparser\TexBibEntriesResolver.java,0.37499240040779114,0.34706705808639526,cli,0.37499240040779114
jabref\src\test\java\org\jabref\model\entry\AuthorListTest.java,3.8547894954681396,0.5437410473823547,cli,3.8547894954681396
jabref\src\main\java\org\jabref\logic\openoffice\style\OOProcess.java,1.5125398931559175E-4,0.8349419236183167,preferences,0.8349419236183167
jabref\src\main\java\org\jabref\gui\cleanup\CleanupDialog.java,0.48537689447402954,0.0,cli,0.48537689447402954
jabref\src\test\java\org\jabref\logic\database\DuplicateCheckTest.java,3.5227646827697754,1.0919922590255737,cli,3.5227646827697754
jabref\src\main\java\org\jabref\logic\importer\fetcher\CustomizableKeyFetcher.java,1.7723576456774026E-4,1.0,preferences,1.0
jabref\src\test\java\org\jabref\logic\layout\format\DOIStripTest.java,1.5800996334291995E-4,0.0,cli,1.5800996334291995E-4
jabref\src\main\java\org\jabref\logic\importer\fileformat\CoinsParser.java,2.1709513664245605,0.0,cli,2.1709513664245605
jabref\src\main\java\org\jabref\logic\util\ExternalLinkCreator.java,1.6993794997688383E-4,0.0,cli,1.6993794997688383E-4
jabref\src\main\java\org\jabref\gui\copyfiles\CopyFilesDialogView.java,0.42512330412864685,0.0,cli,0.42512330412864685
jabref\src\main\java\org\jabref\logic\bst\BstEntry.java,1.7260308959521353E-4,0.9527918100357056,preferences,0.9527918100357056
jabref\src\main\java\org\jabref\gui\theme\Theme.java,1.494285388616845E-4,0.0,cli,1.494285388616845E-4
jabref\src\test\java\org\jabref\logic\importer\ImportDataTest.java,0.5124970078468323,0.5958271026611328,preferences,0.5958271026611328
jabref\src\main\java\org\jabref\logic\net\URLDownload.java,12.824155807495117,2.6785953044891357,cli,12.824155807495117
jabref\src\main\java\org\jabref\model\metadata\MetaData.java,1.2773186608683318E-4,5.738921165466309,preferences,5.738921165466309
jabref\src\test\java\org\jabref\logic\msbib\MsBibAuthorTest.java,1.5125398931559175E-4,0.0,cli,1.5125398931559175E-4
jabref\src\test\java\org\jabref\logic\util\io\BackupFileUtilTest.java,1.5800996334291995E-4,0.995110034942627,preferences,0.995110034942627
jabref\src\main\java\org\jabref\logic\formatter\bibtexfields\NormalizeMonthFormatter.java,0.5965947508811951,0.0,cli,0.5965947508811951
jabref\src\main\java\org\jabref\gui\copyfiles\CopyFilesTask.java,17.871797561645508,35.0,preferences,35.0
jabref\src\main\java\org\jabref\logic\pdf\PdfAnnotationImporter.java,1.0750797986984253,0.7391027808189392,cli,1.0750797986984253
jabref\src\main\java\org\jabref\gui\mergeentries\DiffHighlightingEllipsingTextFlow.java,1.2037337728543207E-4,0.28082817792892456,preferences,0.28082817792892456
jabref\src\test\java\org\jabref\gui\autocompleter\BibEntrySuggestionProviderTest.java,1.3333647802937776E-4,0.0,cli,1.3333647802937776E-4
jabref\src\main\java\org\jabref\logic\importer\WebFetcher.java,1.747344940667972E-4,0.0,cli,1.747344940667972E-4
jabref\src\test\java\org\jabref\logic\layout\format\AuthorNatBibTest.java,1.6214861534535885E-4,0.0,cli,1.6214861534535885E-4
jabref\src\main\java\org\jabref\gui\commonfxcontrols\CitationKeyPatternPanelItemModel.java,1.6595193301327527E-4,0.0,cli,1.6595193301327527E-4
jabref\src\main\java\org\jabref\logic\journals\Abbreviation.java,1.4254706911742687E-4,0.0,cli,1.4254706911742687E-4
jabref\src\main\java\org\jabref\logic\net\ProxyPreferences.java,1.3933866284787655E-4,1.5974699258804321,preferences,1.5974699258804321
jabref\src\main\java\org\jabref\gui\importer\ImportCustomEntryTypesDialogViewModel.java,1.570081221871078E-4,35.0,preferences,35.0
jabref\src\main\java\org\jabref\logic\layout\format\AuthorNatBib.java,1.756641431711614E-4,0.0,cli,1.756641431711614E-4
jabref\src\main\java\org\jabref\gui\openoffice\OOError.java,1.1229259967803955,3.970426321029663,preferences,3.970426321029663
jabref\src\main\java\org\jabref\model\search\GroupSearchQuery.java,1.6005254292394966E-4,0.0,cli,1.6005254292394966E-4
jabref\src\main\java\org\jabref\logic\integrity\YearChecker.java,0.5867640376091003,0.0,cli,0.5867640376091003
jabref\src\main\java\org\jabref\logic\util\OS.java,1.0001890659332275,0.0,cli,1.0001890659332275
jabref\src\main\java\org\jabref\logic\layout\format\DocBookAuthorFormatter.java,1.4764662773814052E-4,0.0,cli,1.4764662773814052E-4
jabref\src\main\java\org\jabref\model\entry\AuthorList.java,1.1168674973305315E-4,3.607933759689331,preferences,3.607933759689331
jabref\src\main\java\org\jabref\logic\importer\fetcher\TrustLevel.java,1.7290438700001687E-4,0.0,cli,1.7290438700001687E-4
jabref\src\main\java\org\jabref\gui\collab\stringchange\BibTexStringChangeDetailsView.java,0.65279620885849,0.0,cli,0.65279620885849
jabref\src\main\java\org\jabref\gui\bibtexextractor\ExtractBibtexDialog.java,2.612288236618042,84.74720764160156,preferences,84.74720764160156
jabref\src\main\java\org\jabref\logic\layout\format\AuthorAndsReplacer.java,1.6321736620739102E-4,0.0,cli,1.6321736620739102E-4
jabref\src\main\java\org\jabref\gui\ClipBoardManager.java,35.0001335144043,35.73603439331055,preferences,35.73603439331055
jabref\buildSrc\src\copied\java\org\jabref\logic\journals\Abbreviation.java,1.4254706911742687E-4,0.0,cli,1.4254706911742687E-4
jabref\src\test\java\org\jabref\logic\importer\fetcher\transformers\DefaultQueryTransformerTest.java,1.7290438700001687E-4,0.0,cli,1.7290438700001687E-4
jabref\src\main\java\org\jabref\model\util\ResultingStringState.java,1.756641431711614E-4,0.0,cli,1.756641431711614E-4
jabref\src\main\java\org\jabref\model\entry\event\EntriesEventSource.java,1.7628943896852434E-4,0.0,cli,1.7628943896852434E-4
jabref\src\main\java\org\jabref\logic\git\GitHandler.java,36.42841720581055,4.551651954650879,cli,36.42841720581055
jabref\src\test\java\org\jabref\logic\citationstyle\CitationStyleTest.java,23.199901580810547,0.0,cli,23.199901580810547
jabref\src\main\java\org\jabref\logic\layout\format\EntryTypeFormatter.java,1.7535316874273121E-4,0.0,cli,1.7535316874273121E-4
jabref\src\test\java\org\jabref\logic\importer\fetcher\SearchBasedFetcherCapabilityTest.java,1.362715265713632E-4,0.0,cli,1.362715265713632E-4
jabref\src\test\java\org\jabref\model\groups\GroupTreeNodeTest.java,9.210549354553223,0.0,cli,9.210549354553223
jabref\src\test\java\org\jabref\logic\importer\fetcher\SpringerFetcherTest.java,62.76561737060547,7.872364521026611,cli,62.76561737060547
jabref\src\main\java\org\jabref\logic\importer\fetcher\CompositeSearchBasedFetcher.java,23.931665420532227,0.5257909297943115,cli,23.931665420532227
jabref\src\main\java\org\jabref\gui\DragAndDropDataFormats.java,1.9399933808017522E-4,0.0,cli,1.9399933808017522E-4
jabref\src\main\java\org\jabref\gui\icon\JabRefIconView.java,1.494285388616845E-4,0.5500096082687378,preferences,0.5500096082687378
jabref\src\main\java\org\jabref\logic\cleanup\ConvertToBiblatexCleanup.java,1.459067134419456E-4,0.0,cli,1.459067134419456E-4
jabref\src\main\java\org\jabref\gui\importer\NewDatabaseAction.java,1.7140834825113416E-4,35.0,preferences,35.0
jabref\src\test\java\org\jabref\logic\formatter\bibtexfields\LatexCleanupFormatterTest.java,1.5800996334291995E-4,0.0,cli,1.5800996334291995E-4
jabref\src\test\java\org\jabref\gui\util\TooltipTextUtilTest.java,9.461690933676437E-5,0.0,cli,9.461690933676437E-5
jabref\src\test\java\org\jabref\gui\documentviewer\PdfDocumentViewModelTest.java,1.6877969028428197E-4,0.0,cli,1.6877969028428197E-4
jabref\src\test\java\org\jabref\logic\exporter\YamlExporterTest.java,0.6859005093574524,47.98786163330078,preferences,47.98786163330078
jabref\src\main\java\org\jabref\logic\importer\fetcher\ZbMATH.java,1.2276034976821393E-4,92.98924255371094,preferences,92.98924255371094
jabref\src\main\java\org\jabref\logic\importer\fileformat\mods\package-info.java,6.270929336547852,0.0,cli,6.270929336547852
jabref\src\main\java\org\jabref\logic\importer\fetcher\isbntobibtex\EbookDeIsbnFetcher.java,1.6214861534535885E-4,0.0,cli,1.6214861534535885E-4
jabref\src\main\java\org\jabref\logic\shared\PostgreSQLProcessor.java,35.00016403198242,25.639087677001953,cli,35.00016403198242
jabref\src\main\java\org\jabref\gui\mergeentries\DiffMode.java,0.6811161637306213,0.0,cli,0.6811161637306213
jabref\src\main\java\org\jabref\gui\importer\ImporterViewModel.java,1.6935683379415423E-4,0.0,cli,1.6935683379415423E-4
jabref\src\main\java\org\jabref\gui\Dialog.java,1.778723089955747E-4,0.0,cli,1.778723089955747E-4
jabref\src\main\java\org\jabref\logic\importer\fetcher\SemanticScholar.java,13.388077735900879,1.0,cli,13.388077735900879
jabref\src\test\java\org\jabref\logic\formatter\bibtexfields\RegexFormatterTest.java,25.181869506835938,0.7360348701477051,cli,25.181869506835938
jabref\src\test\java\org\jabref\logic\formatter\bibtexfields\NormalizeMonthFormatterTest.java,1.720036379992962E-4,0.0,cli,1.720036379992962E-4
jabref\src\main\java\org\jabref\gui\push\PushToEmacs.java,3.4607577323913574,81.5707015991211,preferences,81.5707015991211
jabref\src\test\java\org\jabref\logic\importer\fileformat\ACMPortalParserTest.java,20.940128326416016,0.0,cli,20.940128326416016
jabref\src\test\java\org\jabref\logic\importer\fetcher\AstrophysicsDataSystemTest.java,7.005939483642578,2.983159065246582,cli,7.005939483642578
jabref\src\main\java\org\jabref\logic\openoffice\action\Update.java,0.573765218257904,0.0,cli,0.573765218257904
jabref\src\main\java\org\jabref\model\openoffice\uno\UnoNamed.java,1.5902469749562442E-4,0.0,cli,1.5902469749562442E-4
jabref\src\main\java\org\jabref\preferences\InternalPreferences.java,1.6539770876988769E-4,100.31716918945312,preferences,100.31716918945312
jabref\src\main\java\org\jabref\gui\externalfiletype\ExternalFileTypes.java,0.4015122354030609,0.3716466724872589,cli,0.4015122354030609
jabref\src\test\java\org\jabref\gui\search\ContainsAndRegexBasedSearchRuleDescriberTest.java,1.3162519931793213,0.0,cli,1.3162519931793213
jabref\src\main\java\org\jabref\gui\util\IconValidationDecorator.java,1.5312459436245263E-4,0.0,cli,1.5312459436245263E-4
jabref\src\main\java\org\jabref\logic\layout\format\CreateDocBook4Authors.java,1.6993794997688383E-4,0.0,cli,1.6993794997688383E-4
jabref\src\main\java\org\jabref\logic\openoffice\backend\GetContext.java,1.5312459436245263E-4,0.0,cli,1.5312459436245263E-4
jabref\src\main\java\org\jabref\gui\collab\DatabaseChange.java,1.6109376156236976E-4,0.5810361504554749,preferences,0.5810361504554749
jabref\src\main\java\org\jabref\gui\collab\stringrename\BibTexStringRename.java,0.46028560400009155,0.8520392775535583,preferences,0.8520392775535583
jabref\src\test\java\org\jabref\logic\formatter\casechanger\CapitalizeFormatterTest.java,1.362715265713632E-4,1.8415796756744385,preferences,1.8415796756744385
jabref\src\test\java\org\jabref\logic\formatter\bibtexfields\EscapeUnderscoresFormatterTest.java,1.6820644668769091E-4,0.0,cli,1.6820644668769091E-4
jabref\src\main\java\org\jabref\model\entry\field\SpecialFieldValue.java,1.550420420244336E-4,0.0,cli,1.550420420244336E-4
jabref\src\main\java\org\jabref\logic\shared\exception\InvalidDBMSConnectionPropertiesException.java,1.756641431711614E-4,0.0,cli,1.756641431711614E-4
jabref\src\main\java\org\jabref\gui\exporter\SaveAction.java,0.5867640376091003,36.0,preferences,36.0
jabref\src\main\java\org\jabref\logic\bst\BstVMContext.java,1.6707158647477627E-4,0.922257125377655,preferences,0.922257125377655
jabref\src\main\java\org\jabref\gui\exporter\SaveAllAction.java,31.938650131225586,35.0,preferences,35.0
jabref\src\test\java\org\jabref\logic\integrity\TitleCheckerTest.java,9.181050700135529E-5,0.0,cli,9.181050700135529E-5
jabref\src\main\java\org\jabref\logic\layout\format\RisMonth.java,1.7170546925626695E-4,0.0,cli,1.7170546925626695E-4
jabref\src\main\java\org\jabref\logic\undo\UndoRedoEvent.java,1.7535316874273121E-4,0.0,cli,1.7535316874273121E-4
jabref\src\main\java\org\jabref\model\openoffice\style\CitationMarkerNumericEntry.java,1.756641431711614E-4,0.0,cli,1.756641431711614E-4
jabref\src\main\java\org\jabref\gui\fieldeditors\FieldNameLabel.java,13.494251251220703,15.588383674621582,preferences,15.588383674621582
jabref\src\test\java\org\jabref\logic\importer\fetcher\LibraryOfCongressTest.java,1.4764662773814052E-4,0.0,cli,1.4764662773814052E-4
jabref\src\main\java\org\jabref\logic\remote\client\RemoteClient.java,35.409481048583984,1.7010550498962402,cli,35.409481048583984
jabref\src\test\java\org\jabref\logic\l10n\LocalizationParser.java,2.193620204925537,0.5739977359771729,cli,2.193620204925537
jabref\src\main\java\org\jabref\model\util\FileUpdateMonitor.java,0.5365638136863708,0.0,cli,0.5365638136863708
jabref\src\main\java\org\jabref\logic\util\io\FileNameCleaner.java,1.6109376156236976E-4,0.0,cli,1.6109376156236976E-4
jabref\src\main\java\org\jabref\logic\importer\fileformat\medline\OtherId.java,1.7628943896852434E-4,0.0,cli,1.7628943896852434E-4
jabref\src\main\java\org\jabref\model\FieldChange.java,1.550420420244336E-4,0.0,cli,1.550420420244336E-4
jabref\src\main\java\org\jabref\gui\fieldeditors\identifier\BaseIdentifierEditorViewModel.java,1.1192865371704102,96.25946807861328,preferences,96.25946807861328
jabref\src\main\java\org\jabref\gui\util\comparator\NumericFieldComparator.java,1.5902469749562442E-4,0.0,cli,1.5902469749562442E-4
jabref\src\main\java\org\jabref\logic\formatter\bibtexfields\NormalizeNamesFormatter.java,0.5946023464202881,3.221742630004883,preferences,3.221742630004883
jabref\src\main\java\org\jabref\logic\util\TestEntry.java,17.456174850463867,2.6580557823181152,cli,17.456174850463867
jabref\src\test\java\org\jabref\testutils\category\GUITest.java,1.7504328570794314E-4,0.0,cli,1.7504328570794314E-4
jabref\src\main\java\org\jabref\logic\integrity\EntryLinkChecker.java,0.5573738217353821,46.8437385559082,preferences,46.8437385559082
jabref\src\test\java\org\jabref\logic\shared\DBMSConnectionTest.java,1.6993794997688383E-4,0.0,cli,1.6993794997688383E-4
jabref\src\main\java\org\jabref\model\openoffice\util\OOVoidResult.java,1.6214861534535885E-4,0.0,cli,1.6214861534535885E-4
jabref\src\main\java\org\jabref\model\pdf\FileAnnotationType.java,2.1287267208099365,0.0,cli,2.1287267208099365
jabref\src\main\java\org\jabref\gui\preferences\entry\EntryTabViewModel.java,1.550420420244336E-4,93.04329681396484,preferences,93.04329681396484
jabref\src\main\java\org\jabref\logic\bst\BstVMException.java,1.7755346198100597E-4,0.980118453502655,preferences,0.980118453502655
jabref\src\main\java\org\jabref\gui\auximport\NewSubLibraryAction.java,0.5208695530891418,1.0,preferences,1.0
jabref\src\test\java\org\jabref\logic\bst\util\BstCaseChangersTest.java,7.793997065164149E-5,5.029444694519043,preferences,5.029444694519043
jabref\src\test\java\org\jabref\gui\mergeentries\DiffHighlightingTest.java,1.2481906414031982,0.0,cli,1.2481906414031982
jabref\src\main\java\org\jabref\logic\formatter\bibtexfields\LatexCleanupFormatter.java,0.5504806637763977,0.0,cli,0.5504806637763977
jabref\src\test\java\org\jabref\model\texparser\CitationTest.java,2.2783846855163574,0.0,cli,2.2783846855163574
jabref\src\test\java\org\jabref\gui\autocompleter\FieldValueSuggestionProviderTest.java,1.0779721196740866E-4,0.24134668707847595,preferences,0.24134668707847595
jabref\src\main\java\org\jabref\gui\openoffice\ManageCitationsDialogViewModel.java,1.6430030518677086E-4,0.0,cli,1.6430030518677086E-4
jabref\src\test\java\org\jabref\gui\externalfiles\FileFilterUtilsTest.java,1.0779721196740866E-4,0.0,cli,1.0779721196740866E-4
jabref\src\main\java\org\jabref\gui\icon\JabRefMaterialDesignIcon.java,1.550420420244336E-4,0.0,cli,1.550420420244336E-4
jabref\src\main\java\org\jabref\gui\util\TaskExecutor.java,1.7023000691551715E-4,0.0,cli,1.7023000691551715E-4
jabref\src\test\java\org\jabref\logic\msbib\MsBibMappingTest.java,0.6687372326850891,0.0,cli,0.6687372326850891
jabref\src\test\java\org\jabref\logic\l10n\EncodingsTest.java,1.7111223132815212E-4,0.0,cli,1.7111223132815212E-4
jabref\src\main\java\org\jabref\gui\commonfxcontrols\SaveOrderConfigPanel.java,0.4981038272380829,0.0,cli,0.4981038272380829
jabref\src\main\java\org\jabref\logic\layout\LayoutFormatter.java,1.7755346198100597E-4,0.0,cli,1.7755346198100597E-4
jabref\src\main\java\org\jabref\gui\fieldeditors\contextmenu\EditorContextAction.java,39.46839141845703,0.952601432800293,cli,39.46839141845703
jabref\src\test\java\org\jabref\logic\exporter\BibtexDatabaseWriterTest.java,2.2394073009490967,2.3496627807617188,preferences,2.3496627807617188
jabref\src\test\java\org\jabref\logic\importer\fileformat\CopacImporterFilesTest.java,1.6109376156236976E-4,0.0,cli,1.6109376156236976E-4
jabref\src\main\java\org\jabref\gui\fieldeditors\EditorTypeEditorViewModel.java,0.6942844986915588,0.0,cli,0.6942844986915588
jabref\src\test\java\org\jabref\logic\layout\format\AuthorAndsCommaReplacerTest.java,1.6214861534535885E-4,0.0,cli,1.6214861534535885E-4
jabref\src\main\java\org\jabref\model\search\rules\FullTextSearchRule.java,1.5312459436245263E-4,1.8799521923065186,preferences,1.8799521923065186
jabref\src\main\java\org\jabref\model\search\matchers\MatcherSet.java,1.6321736620739102E-4,0.0,cli,1.6321736620739102E-4
jabref\src\main\java\org\jabref\logic\layout\format\AuthorAbbreviator.java,1.7442679381929338E-4,0.0,cli,1.7442679381929338E-4
jabref\src\main\java\org\jabref\logic\importer\fileformat\RisImporter.java,13.127647399902344,0.0,cli,13.127647399902344
jabref\src\test\java\org\jabref\logic\exporter\MsBibExportFormatTest.java,1.6595193301327527E-4,0.0,cli,1.6595193301327527E-4
jabref\src\main\java\org\jabref\logic\importer\IdBasedParserFetcher.java,1.5125398931559175E-4,0.7869418859481812,preferences,0.7869418859481812
jabref\src\main\java\org\jabref\gui\preferences\protectedterms\ProtectedTermsTabViewModel.java,1.258097529411316,104.12560272216797,preferences,104.12560272216797
jabref\src\main\java\org\jabref\gui\util\FileNodeViewModel.java,1.1468100547790527,0.0,cli,1.1468100547790527
jabref\src\main\java\org\jabref\gui\fieldeditors\EditorValidator.java,1.7140834825113416E-4,105.63729095458984,preferences,105.63729095458984
jabref\src\main\java\org\jabref\gui\journals\UndoableUnabbreviator.java,1.494285388616845E-4,0.0,cli,1.494285388616845E-4
jabref\src\test\java\org\jabref\logic\layout\format\AuthorLastFirstAbbrCommasTest.java,1.570081221871078E-4,0.0,cli,1.570081221871078E-4
jabref\src\main\java\org\jabref\logic\importer\fetcher\ACMPortalFetcher.java,1.6321736620739102E-4,0.0,cli,1.6321736620739102E-4
jabref\src\main\java\org\jabref\logic\formatter\bibtexfields\HtmlToLatexFormatter.java,0.9825817942619324,0.28082817792892456,cli,0.9825817942619324
jabref\src\main\java\org\jabref\gui\slr\ExistingStudySearchAction.java,1.4163552522659302,37.515106201171875,preferences,37.515106201171875
jabref\src\main\java\org\jabref\logic\layout\format\Iso690NamesAuthors.java,1.3933866284787655E-4,0.0,cli,1.3933866284787655E-4
jabref\src\main\java\org\jabref\gui\preferences\PreferencesDialogViewModel.java,17.05307388305664,109.39392852783203,preferences,109.39392852783203
jabref\src\test\java\org\jabref\logic\integrity\EntryLinkCheckerTest.java,1.3933866284787655E-4,0.0,cli,1.3933866284787655E-4
jabref\src\main\java\org\jabref\gui\entryeditor\RequiredFieldsTab.java,0.5573738217353821,93.55921173095703,preferences,93.55921173095703
jabref\src\main\java\org\jabref\model\entry\ParsedEntryLink.java,1.6005254292394966E-4,0.0,cli,1.6005254292394966E-4
jabref\src\main\java\org\jabref\logic\remote\RemotePreferences.java,1.665098825469613E-4,1.0,preferences,1.0
jabref\src\main\java\org\jabref\logic\importer\OutputPrinter.java,1.759762380970642E-4,0.0,cli,1.759762380970642E-4
jabref\src\test\java\org\jabref\logic\integrity\ISSNCheckerTest.java,0.4509607255458832,0.0,cli,0.4509607255458832
jabref\src\main\java\org\jabref\gui\libraryproperties\saving\SavingPropertiesViewModel.java,1.3333647802937776E-4,35.0,preferences,35.0
jabref\src\test\java\org\jabref\logic\integrity\DateCheckerTest.java,1.570081221871078E-4,0.0,cli,1.570081221871078E-4
jabref\src\test\java\org\jabref\gui\preferences\journals\AbbreviationViewModelTest.java,1.570081221871078E-4,93.77934265136719,preferences,93.77934265136719
jabref\src\main\java\org\jabref\model\search\matchers\AndMatcher.java,1.7412017041351646E-4,0.0,cli,1.7412017041351646E-4
jabref\src\main\java\org\jabref\gui\preferences\citationkeypattern\CitationKeyPatternTabViewModel.java,1.3333647802937776E-4,84.9173583984375,preferences,84.9173583984375
jabref\src\main\java\org\jabref\gui\JabRefDialogService.java,8.120567321777344,1.9036798477172852,cli,8.120567321777344
jabref\src\test\java\org\jabref\model\entry\field\StandardFieldTest.java,1.756641431711614E-4,0.0,cli,1.756641431711614E-4
jabref\src\test\java\org\jabref\logic\formatter\FormatterTest.java,1.4254706911742687E-4,0.0,cli,1.4254706911742687E-4
jabref\src\test\java\org\jabref\model\entry\identifier\ArXivIdentifierTest.java,1.007779355859384E-4,0.7516208291053772,preferences,0.7516208291053772
jabref\src\main\java\org\jabref\migrations\PostOpenMigration.java,1.7819229105953127E-4,0.0,cli,1.7819229105953127E-4
jabref\src\test\java\org\jabref\testutils\interactive\styletester\StyleTesterMain.java,1.6430030518677086E-4,0.0,cli,1.6430030518677086E-4
jabref\src\main\java\org\jabref\gui\journals\AbbreviationType.java,1.778723089955747E-4,0.0,cli,1.778723089955747E-4
jabref\src\main\java\org\jabref\gui\undo\NamedCompound.java,38.4200325012207,0.0,cli,38.4200325012207
jabref\src\main\java\org\jabref\gui\libraryproperties\constants\ConstantsPropertiesViewModel.java,0.38806697726249695,0.0,cli,0.38806697726249695
jabref\src\main\java\org\jabref\logic\integrity\JournalInAbbreviationListChecker.java,0.48537689447402954,0.0,cli,0.48537689447402954
jabref\src\main\java\org\jabref\gui\util\OptionalObjectProperty.java,1.6707158647477627E-4,0.0,cli,1.6707158647477627E-4
jabref\src\main\java\org\jabref\gui\preferences\linkedfiles\LinkedFilesTab.java,0.9981981515884399,88.36553955078125,preferences,88.36553955078125
jabref\src\main\java\org\jabref\gui\externalfiles\FileExtensionViewModel.java,0.9867273569107056,0.0,cli,0.9867273569107056
jabref\src\main\java\org\jabref\gui\logging\GuiWriter.java,1.6935683379415423E-4,0.0,cli,1.6935683379415423E-4
jabref\src\main\java\org\jabref\logic\preferences\TimestampPreferences.java,1.6214861534535885E-4,96.24336242675781,preferences,96.24336242675781
jabref\src\main\java\org\jabref\gui\entryeditor\OtherFieldsTab.java,0.5245324969291687,96.33737182617188,preferences,96.33737182617188
jabref\src\main\java\org\jabref\gui\externalfiletype\CustomExternalFileType.java,0.3405696451663971,0.0,cli,0.3405696451663971
jabref\src\main\java\org\jabref\logic\formatter\bibtexfields\RemoveRedundantSpacesFormatter.java,0.5965947508811951,0.0,cli,0.5965947508811951
jabref\src\main\java\org\jabref\model\entry\types\StandardEntryType.java,1.570081221871078E-4,46.239723205566406,preferences,46.239723205566406
jabref\src\test\java\org\jabref\gui\preview\CopyCitationActionTest.java,35.782596588134766,2.17228364944458,cli,35.782596588134766
jabref\src\main\java\org\jabref\gui\entryeditor\MathSciNetTab.java,0.42512330412864685,0.0,cli,0.42512330412864685
jabref\src\main\java\org\jabref\logic\citationkeypattern\DatabaseCitationKeyPattern.java,1.7412017041351646E-4,0.0,cli,1.7412017041351646E-4
jabref\src\main\java\org\jabref\gui\fieldeditors\JournalEditor.java,1.6005254292394966E-4,94.9190902709961,preferences,94.9190902709961
jabref\src\main\java\org\jabref\logic\openoffice\backend\NamedRangeManagerReferenceMark.java,1.6539770876988769E-4,0.0,cli,1.6539770876988769E-4
jabref\src\test\java\org\jabref\logic\importer\fetcher\GoogleScholarTest.java,28.583942413330078,0.0,cli,28.583942413330078
jabref\src\main\java\org\jabref\logic\cleanup\MoveFilesCleanup.java,0.6551990509033203,0.0,cli,0.6551990509033203
jabref\src\main\java\org\jabref\gui\util\DefaultFileUpdateMonitor.java,1.2907456159591675,0.5221285820007324,cli,1.2907456159591675
jabref\src\main\java\org\jabref\gui\icon\JabRefIcon.java,1.7504328570794314E-4,0.0,cli,1.7504328570794314E-4
jabref\src\main\java\org\jabref\gui\undo\UndoableStringChange.java,0.5829218626022339,0.0,cli,0.5829218626022339
jabref\src\main\java\org\jabref\logic\layout\format\AuthorLastFirstCommas.java,1.7535316874273121E-4,0.0,cli,1.7535316874273121E-4
jabref\src\test\java\org\jabref\logic\util\io\FileUtilTest.java,0.3983406722545624,3.170257091522217,preferences,3.170257091522217
jabref\src\main\java\org\jabref\gui\mergeentries\newmergedialog\cell\sidebuttons\ToggleMergeUnmergeButton.java,28.824453353881836,0.4913060665130615,cli,28.824453353881836
jabref\src\main\java\org\jabref\logic\cleanup\EprintCleanup.java,1.570081221871078E-4,0.0,cli,1.570081221871078E-4
jabref\src\main\java\org\jabref\model\database\BibDatabaseContext.java,0.4015122354030609,101.12500762939453,preferences,101.12500762939453
jabref\src\main\java\org\jabref\logic\layout\format\FirstPage.java,1.7351015412714332E-4,0.0,cli,1.7351015412714332E-4
jabref\src\test\java\org\jabref\logic\exporter\MSBibExportFormatFilesTest.java,0.38806697726249695,0.8810476660728455,preferences,0.8810476660728455
jabref\src\main\java\org\jabref\gui\commonfxcontrols\SaveOrderConfigPanelViewModel.java,1.5902469749562442E-4,0.0,cli,1.5902469749562442E-4
jabref\src\main\java\org\jabref\logic\formatter\bibtexfields\TrimWhitespaceFormatter.java,26.66423988342285,0.0,cli,26.66423988342285
jabref\src\main\java\org\jabref\logic\importer\fetcher\SpringerLink.java,21.51009750366211,0.0,cli,21.51009750366211
jabref\src\main\java\org\jabref\logic\importer\AuthorListParser.java,1.1119532585144043,0.5623844861984253,cli,1.1119532585144043
jabref\src\test\java\org\jabref\model\TreeNodeTestData.java,1.459067134419456E-4,0.0,cli,1.459067134419456E-4
jabref\src\main\java\org\jabref\gui\externalfiles\DateRange.java,27.501344680786133,0.0,cli,27.501344680786133
jabref\src\main\java\org\jabref\logic\openoffice\action\ManageCitations.java,1.6763710300438106E-4,0.0,cli,1.6763710300438106E-4
jabref\src\main\java\org\jabref\gui\maintable\OpenFolderAction.java,0.4420062303543091,35.0,preferences,35.0
jabref\src\main\java\org\jabref\logic\formatter\bibtexfields\NormalizePagesFormatter.java,1.1432240009307861,0.0,cli,1.1432240009307861
jabref\src\main\java\org\jabref\logic\layout\format\RisAuthors.java,1.6539770876988769E-4,0.0,cli,1.6539770876988769E-4
jabref\src\main\java\org\jabref\logic\msbib\MSBibMapping.java,8.666915528010577E-5,0.0,cli,8.666915528010577E-5
jabref\src\main\java\org\jabref\model\study\FetchResult.java,1.7442679381929338E-4,0.0,cli,1.7442679381929338E-4
jabref\src\main\java\org\jabref\logic\shared\DBMSConnection.java,0.4509607255458832,0.5224571824073792,preferences,0.5224571824073792
jabref\src\main\java\org\jabref\gui\mergeentries\newmergedialog\FieldRowView.java,0.273596853017807,0.0,cli,0.273596853017807
jabref\src\test\java\org\jabref\gui\autocompleter\AutoCompleterUtil.java,1.7504328570794314E-4,0.0,cli,1.7504328570794314E-4
jabref\src\main\java\org\jabref\model\database\event\ChangePropagation.java,1.7723576456774026E-4,0.0,cli,1.7723576456774026E-4
jabref\src\main\java\org\jabref\gui\autocompleter\SuggestionProvider.java,1.570081221871078E-4,0.0,cli,1.570081221871078E-4
jabref\src\test\java\org\jabref\logic\util\BuildInfoTest.java,1.801158068701625E-4,0.0,cli,1.801158068701625E-4
jabref\src\main\java\org\jabref\gui\maintable\BibEntryTableViewModel.java,0.30343154072761536,0.0,cli,0.30343154072761536
jabref\src\test\java\org\jabref\logic\texparser\DefaultTexParserTest.java,1.1210423707962036,1.9313498735427856,preferences,1.9313498735427856
jabref\src\main\java\org\jabref\gui\maintable\CellFactory.java,0.545628547668457,35.0,preferences,35.0
jabref\src\main\java\org\jabref\gui\FallbackExceptionHandler.java,1.6935683379415423E-4,0.0,cli,1.6935683379415423E-4
jabref\src\test\java\org\jabref\gui\edit\CopyOrMoveFieldContentTabViewModelTest.java,1.2037337728543207E-4,1.334073781967163,preferences,1.334073781967163
jabref\src\main\java\org\jabref\gui\maintable\MainTablePreferences.java,1.6707158647477627E-4,0.6190122961997986,preferences,0.6190122961997986
jabref\src\main\java\org\jabref\logic\formatter\bibtexfields\HtmlToUnicodeFormatter.java,0.5946023464202881,0.0,cli,0.5946023464202881
jabref\src\main\java\org\jabref\model\pdf\search\EnglishStemAnalyzer.java,1.6993794997688383E-4,0.0,cli,1.6993794997688383E-4
jabref\src\main\java\org\jabref\logic\citationkeypattern\AbstractCitationKeyPattern.java,1.4254706911742687E-4,0.35916948318481445,preferences,0.35916948318481445
jabref\src\test\java\org\jabref\logic\importer\AuthorListParserTest.java,26.83448028564453,0.0,cli,26.83448028564453
jabref\src\main\java\org\jabref\logic\layout\format\IfPlural.java,1.6820644668769091E-4,0.0,cli,1.6820644668769091E-4
jabref\src\main\java\org\jabref\logic\exporter\OOCalcDatabase.java,26.293378829956055,0.46108537912368774,cli,26.293378829956055
jabref\src\main\java\org\jabref\gui\theme\StyleSheetDataUrl.java,1.6993794997688383E-4,0.0,cli,1.6993794997688383E-4
jabref\buildSrc\src\copied\java\org\jabref\logic\journals\AbbreviationWriter.java,1.6595193301327527E-4,0.0,cli,1.6595193301327527E-4
jabref\src\main\java\org\jabref\gui\maintable\columns\LibraryColumn.java,0.5163387656211853,0.0,cli,0.5163387656211853
jabref\src\main\java\org\jabref\gui\commonfxcontrols\FieldFormatterCleanupsPanel.java,0.840927004814148,0.0,cli,0.840927004814148
jabref\src\test\java\org\jabref\logic\importer\fetcher\ZbMATHTest.java,1.2783003330696374E-4,0.0,cli,1.2783003330696374E-4
jabref\src\test\java\org\jabref\logic\bst\BstVMVisitorTest.java,0.3701595962047577,1.0214698314666748,preferences,1.0214698314666748
jabref\src\main\java\org\jabref\logic\cleanup\RelativePathsCleanup.java,1.550420420244336E-4,0.0,cli,1.550420420244336E-4
jabref\src\main\java\org\jabref\gui\collab\DatabaseChangeResolverFactory.java,1.6935683379415423E-4,0.0,cli,1.6935683379415423E-4
jabref\src\main\java\org\jabref\logic\integrity\DoiValidityChecker.java,0.5193504691123962,0.0,cli,0.5193504691123962
jabref\src\test\java\org\jabref\model\search\matchers\MatcherSetsTest.java,1.570081221871078E-4,0.0,cli,1.570081221871078E-4
jabref\src\main\java\org\jabref\logic\importer\fetcher\RfcFetcher.java,1.6321736620739102E-4,0.0,cli,1.6321736620739102E-4
jabref\src\main\java\org\jabref\gui\linkedfile\DeleteFileAction.java,1.657807469367981,98.2605972290039,preferences,98.2605972290039
jabref\src\test\java\org\jabref\gui\externalfiles\ImportHandlerTest.java,1.5902469749562442E-4,35.0,preferences,35.0
jabref\src\main\java\org\jabref\logic\layout\Layout.java,1.362715265713632E-4,0.0,cli,1.362715265713632E-4
jabref\src\main\java\org\jabref\gui\preferences\journals\AbbreviationsFileViewModel.java,1.4764662773814052E-4,90.27467346191406,preferences,90.27467346191406
jabref\src\main\java\org\jabref\logic\util\BackupFileType.java,1.7140834825113416E-4,0.0,cli,1.7140834825113416E-4
jabref\src\main\java\org\jabref\gui\maintable\NameDisplayPreferences.java,1.6430030518677086E-4,0.613253653049469,preferences,0.613253653049469
jabref\src\main\java\org\jabref\gui\entryeditor\PreviewTab.java,0.45557543635368347,105.81285095214844,preferences,105.81285095214844
jabref\src\test\java\org\jabref\logic\xmp\XmpUtilReaderTest.java,1.2037337728543207E-4,0.8444904088973999,preferences,0.8444904088973999
jabref\src\main\java\org\jabref\gui\preferences\externalfiletypes\ExternalFileTypesTabViewModel.java,1.061427354812622,90.6536636352539,preferences,90.6536636352539
jabref\src\main\java\org\jabref\logic\pdf\AnnotationImporter.java,1.7691918765194714E-4,0.0,cli,1.7691918765194714E-4
jabref\src\test\java\org\jabref\logic\importer\fetcher\transformers\IEEEQueryTransformerTest.java,1.362715265713632E-4,0.0,cli,1.362715265713632E-4
jabref\src\main\java\org\jabref\gui\mergeentries\newmergedialog\cell\ThreeWayMergeCell.java,30.623315811157227,0.0,cli,30.623315811157227
jabref\src\main\java\org\jabref\logic\layout\format\Iso690FormatDate.java,1.6214861534535885E-4,0.0,cli,1.6214861534535885E-4
jabref\src\main\java\org\jabref\gui\util\OptionalValueTableCellFactory.java,1.665098825469613E-4,0.0,cli,1.665098825469613E-4
jabref\src\test\java\org\jabref\logic\importer\util\GroupsParserTest.java,14.772748947143555,0.5574699640274048,cli,14.772748947143555
jabref\src\main\java\org\jabref\gui\preferences\importexport\ImportExportTab.java,0.9676843881607056,83.86489868164062,preferences,83.86489868164062
jabref\src\test\java\org\jabref\logic\bibtex\comparator\FieldComparatorTest.java,9.181050700135529E-5,0.0,cli,9.181050700135529E-5
jabref\src\main\java\org\jabref\gui\collab\entrydelete\EntryDelete.java,0.5946023464202881,0.0,cli,0.5946023464202881
jabref\src\main\java\org\jabref\gui\fieldeditors\CitationKeyEditorViewModel.java,3.5262160301208496,35.0,preferences,35.0
jabref\buildSrc\src\copied\java\org\jabref\logic\journals\AbbreviationFormat.java,1.7290438700001687E-4,0.0,cli,1.7290438700001687E-4
jabref\src\main\java\org\jabref\gui\linkedfile\LinkedFileEditDialogView.java,1.797776699066162,91.62516021728516,preferences,91.62516021728516
jabref\src\main\java\org\jabref\logic\msbib\MSBibDatabase.java,1.3333647802937776E-4,0.0,cli,1.3333647802937776E-4
jabref\src\main\java\org\jabref\logic\exporter\Exporter.java,0.6517452597618103,0.0,cli,0.6517452597618103
jabref\src\test\java\org\jabref\logic\citationkeypattern\MakeLabelWithDatabaseTest.java,1.4490346075035632E-4,106.50894165039062,preferences,106.50894165039062
jabref\src\main\java\org\jabref\logic\formatter\bibtexfields\AddBracesFormatter.java,0.5946023464202881,0.0,cli,0.5946023464202881
jabref\src\main\java\org\jabref\gui\collab\stringchange\BibTexStringChange.java,0.48537689447402954,0.0,cli,0.48537689447402954
jabref\src\test\java\org\jabref\logic\integrity\HTMLCharacterCheckerTest.java,1.4764662773814052E-4,0.0,cli,1.4764662773814052E-4
jabref\src\main\java\org\jabref\logic\exporter\BlankLineBehaviour.java,1.778723089955747E-4,0.0,cli,1.778723089955747E-4
jabref\src\test\java\org\jabref\logic\bibtex\comparator\EntryComparatorTest.java,4.171024799346924,0.0,cli,4.171024799346924
jabref\src\main\java\org\jabref\gui\util\component\DiffHighlightingTextPane.java,1.7723576456774026E-4,0.0,cli,1.7723576456774026E-4
jabref\src\main\java\org\jabref\gui\collab\entrychange\EntryChange.java,0.5644418597221375,0.0,cli,0.5644418597221375
jabref\src\main\java\org\jabref\logic\crawler\StudyYamlParser.java,1.665098825469613E-4,0.0,cli,1.665098825469613E-4
jabref\src\test\java\org\jabref\logic\exporter\ModsExportFormatTest.java,0.6397455334663391,0.7534713745117188,preferences,0.7534713745117188
jabref\src\main\java\org\jabref\logic\layout\format\DateFormatter.java,1.7052306793630123E-4,0.0,cli,1.7052306793630123E-4
jabref\src\main\java\org\jabref\preferences\MrDlibPreferences.java,1.6214861534535885E-4,96.3125228881836,preferences,96.3125228881836
jabref\src\main\java\org\jabref\gui\search\rules\describer\SearchDescribers.java,0.48537689447402954,0.0,cli,0.48537689447402954
jabref\src\main\java\org\jabref\gui\autocompleter\AutoCompleteFirstNameMode.java,1.7442679381929338E-4,0.0,cli,1.7442679381929338E-4
jabref\src\main\java\org\jabref\model\util\FileUpdateListener.java,1.7819229105953127E-4,0.0,cli,1.7819229105953127E-4
jabref\src\main\java\org\jabref\model\openoffice\uno\UnoTextRange.java,0.573765218257904,0.0,cli,0.573765218257904
jabref\src\test\java\org\jabref\logic\exporter\EmbeddedBibFilePdfExporterTest.java,1.5338923931121826,0.0,cli,1.5338923931121826
jabref\src\main\java\org\jabref\preferences\SearchPreferences.java,1.3933866284787655E-4,87.72167205810547,preferences,87.72167205810547
jabref\src\main\java\org\jabref\gui\mergeentries\MergeEntriesDialog.java,0.45557543635368347,0.0,cli,0.45557543635368347
jabref\src\test\java\org\jabref\logic\util\io\CitationKeyBasedFileFinderTest.java,1.1586748587433249E-4,0.44177675247192383,preferences,0.44177675247192383
jabref\src\main\java\org\jabref\logic\shared\event\SharedEntriesNotPresentEvent.java,1.747344940667972E-4,0.0,cli,1.747344940667972E-4
jabref\src\main\java\org\jabref\logic\formatter\minifier\TruncateFormatter.java,0.5867640376091003,0.0,cli,0.5867640376091003
jabref\src\main\java\org\jabref\gui\preferences\PreferenceTabViewModel.java,1.7628943896852434E-4,100.99771118164062,preferences,100.99771118164062
jabref\src\main\java\org\jabref\logic\layout\format\WrapFileLinks.java,1.2037337728543207E-4,0.0,cli,1.2037337728543207E-4
jabref\src\main\java\org\jabref\gui\autocompleter\BibEntrySuggestionProvider.java,1.6430030518677086E-4,1.0,preferences,1.0
jabref\src\main\java\org\jabref\gui\preferences\preview\PreviewTab.java,5.118479251861572,68.12360382080078,preferences,68.12360382080078
jabref\src\test\java\org\jabref\logic\importer\fileformat\MsBibImporterFilesTest.java,1.6109376156236976E-4,0.0,cli,1.6109376156236976E-4
jabref\src\main\java\org\jabref\gui\search\SearchResultsTableDataModel.java,0.4420062303543091,35.0,preferences,35.0
jabref\src\test\java\org\jabref\logic\importer\fetcher\ResearchGateTest.java,33.97734832763672,0.0,cli,33.97734832763672
jabref\src\test\java\org\jabref\logic\layout\format\HTMLCharsTest.java,1.1586748587433249E-4,0.6626651287078857,preferences,0.6626651287078857
jabref\src\test\java\org\jabref\logic\formatter\bibtexfields\NormalizeEnDashesFormatterTest.java,1.5902469749562442E-4,0.0,cli,1.5902469749562442E-4
jabref\src\main\java\org\jabref\model\entry\CanonicalBibEntry.java,2.087360382080078,0.0,cli,2.087360382080078
jabref\src\main\java\org\jabref\gui\util\uithreadaware\UiThreadChangeListener.java,1.6707158647477627E-4,0.0,cli,1.6707158647477627E-4
jabref\src\main\java\org\jabref\logic\citationstyle\CitationStyleCache.java,1.6109376156236976E-4,0.0,cli,1.6109376156236976E-4
jabref\src\main\java\org\jabref\gui\libraryproperties\general\GeneralPropertiesViewModel.java,1.2524391058832407E-4,36.0,preferences,36.0
jabref\src\main\java\org\jabref\model\metadata\SaveOrder.java,1.2037337728543207E-4,0.0,cli,1.2037337728543207E-4
jabref\src\test\java\org\jabref\gui\keyboard\KeyBindingsTabModelTest.java,0.24910400807857513,35.46327209472656,preferences,35.46327209472656
jabref\src\test\java\org\jabref\gui\search\GlobalSearchBarTest.java,35.00014114379883,35.0,cli,35.00014114379883
jabref\src\main\java\org\jabref\gui\preferences\PreferencesFilterDialog.java,0.9003791213035583,94.75202178955078,preferences,94.75202178955078
jabref\src\main\java\org\jabref\gui\fieldeditors\MapBasedEditorViewModel.java,1.550420420244336E-4,0.0,cli,1.550420420244336E-4
jabref\src\main\java\org\jabref\model\pdf\search\PdfSearchResults.java,1.570081221871078E-4,0.0,cli,1.570081221871078E-4
jabref\src\test\java\org\jabref\logic\importer\fetcher\transformers\DBLPQueryTransformerTest.java,1.5800996334291995E-4,0.0,cli,1.5800996334291995E-4
jabref\src\test\java\org\jabref\model\entry\IdGeneratorTest.java,1.7290438700001687E-4,0.6112050414085388,preferences,0.6112050414085388
jabref\src\main\java\org\jabref\gui\util\ColorUtil.java,1.6430030518677086E-4,0.0,cli,1.6430030518677086E-4
jabref\src\main\java\org\jabref\model\entry\field\Field.java,1.7023000691551715E-4,0.47652527689933777,preferences,0.47652527689933777
jabref\src\main\java\org\jabref\gui\keyboard\KeyBinding.java,51.89658737182617,1.8874306678771973,cli,51.89658737182617
jabref\src\test\java\org\jabref\logic\importer\ParserResultTest.java,1.7052306793630123E-4,0.0,cli,1.7052306793630123E-4
jabref\src\test\java\org\jabref\logic\exporter\CsvExportFormatTest.java,2.439255952835083,0.0,cli,2.439255952835083
jabref\src\test\java\org\jabref\logic\importer\fetcher\transformers\ScholarQueryTransformerTest.java,1.720036379992962E-4,0.0,cli,1.720036379992962E-4
jabref\src\main\java\org\jabref\logic\util\strings\RtfCharMap.java,26.008892059326172,0.0,cli,26.008892059326172
jabref\src\main\java\org\jabref\model\entry\field\SpecialField.java,1.459067134419456E-4,0.37214648723602295,preferences,0.37214648723602295
jabref\src\main\java\org\jabref\preferences\PushToApplicationPreferences.java,1.0001600980758667,95.49740600585938,preferences,95.49740600585938
jabref\src\main\java\org\jabref\model\entry\types\BiblatexSoftwareEntryType.java,1.6707158647477627E-4,0.0,cli,1.6707158647477627E-4
jabref\src\main\java\org\jabref\gui\fieldeditors\UrlEditor.java,1.570081221871078E-4,93.77934265136719,preferences,93.77934265136719
jabref\src\main\java\org\jabref\gui\icon\JabrefIconProvider.java,1.7660376033745706E-4,0.0,cli,1.7660376033745706E-4
jabref\src\main\java\org\jabref\preferences\GuiPreferences.java,1.2783003330696374E-4,83.48668670654297,preferences,83.48668670654297
jabref\src\test\java\org\jabref\logic\formatter\bibtexfields\UnicodeToLatexFormatterTest.java,1.6430030518677086E-4,0.0,cli,1.6430030518677086E-4
jabref\src\main\java\org\jabref\logic\shared\DatabaseSynchronizer.java,1.7351015412714332E-4,0.0,cli,1.7351015412714332E-4
jabref\src\test\java\org\jabref\gui\edit\ReplaceStringViewModelTest.java,0.9146581292152405,2.834289073944092,preferences,2.834289073944092
jabref\src\main\java\org\jabref\gui\externalfiles\FileDownloadTask.java,25.778451919555664,0.0,cli,25.778451919555664
jabref\src\test\java\org\jabref\logic\bibtex\FileFieldWriterTest.java,0.5504806637763977,2.1464524269104004,preferences,2.1464524269104004
jabref\src\main\java\org\jabref\logic\layout\format\AuthorLastFirstOxfordCommas.java,1.756641431711614E-4,0.0,cli,1.756641431711614E-4
jabref\src\main\java\org\jabref\gui\texparser\ParseLatexDialogViewModel.java,0.6482190489768982,35.595703125,preferences,35.595703125
jabref\src\test\java\org\jabref\architecture\TestArchitectureTest.java,11.111165046691895,35.0,preferences,35.0
jabref\src\main\java\org\jabref\gui\mergeentries\MultiMergeEntriesView.java,25.55364227294922,86.6048583984375,preferences,86.6048583984375
jabref\src\main\java\org\jabref\gui\fieldeditors\EditorTextField.java,35.00016403198242,0.0,cli,35.00016403198242
jabref\src\test\java\org\jabref\gui\autocompleter\PersonNameStringConverterTest.java,1.3333647802937776E-4,84.9173583984375,preferences,84.9173583984375
jabref\src\main\java\org\jabref\logic\exporter\TemplateExporter.java,4.244435787200928,0.0,cli,4.244435787200928
jabref\src\main\java\org\jabref\gui\sidepane\SidePaneContentFactory.java,1.6430030518677086E-4,108.46443176269531,preferences,108.46443176269531
jabref\src\test\java\org\jabref\model\entry\field\BibFieldTest.java,1.6993794997688383E-4,0.0,cli,1.6993794997688383E-4
jabref\src\test\java\org\jabref\logic\exporter\XmpExporterTest.java,56.24797058105469,0.5554262399673462,cli,56.24797058105469
jabref\src\main\java\org\jabref\gui\fieldeditors\identifier\IdentifierEditor.java,0.5009205341339111,100.33322143554688,preferences,100.33322143554688
jabref\src\main\java\org\jabref\logic\layout\format\HTMLParagraphs.java,0.47000423073768616,0.0,cli,0.47000423073768616
jabref\src\main\java\org\jabref\logic\layout\format\AuthorAndsCommaReplacer.java,1.6321736620739102E-4,0.0,cli,1.6321736620739102E-4
jabref\src\test\java\org\jabref\logic\util\FileNameCleanerTest.java,1.5125398931559175E-4,0.0,cli,1.5125398931559175E-4
jabref\src\main\java\org\jabref\logic\importer\fileformat\OvidImporter.java,2.609421730041504,0.0,cli,2.609421730041504
jabref\src\main\java\org\jabref\logic\formatter\casechanger\TitleParser.java,1.5125398931559175E-4,0.0,cli,1.5125398931559175E-4
jabref\src\main\java\org\jabref\gui\externalfiles\UnlinkedPDFFileFilter.java,1.6763710300438106E-4,0.0,cli,1.6763710300438106E-4
jabref\src\main\java\org\jabref\model\entry\Date.java,1.007779355859384E-4,0.0,cli,1.007779355859384E-4
jabref\src\test\java\org\jabref\logic\importer\fileformat\MrDLibImporterTest.java,20.80772590637207,2.1733765602111816,cli,20.80772590637207
jabref\src\test\java\org\jabref\logic\cleanup\ConvertToBibtexCleanupTest.java,0.5184499621391296,0.0,cli,0.5184499621391296
jabref\src\main\java\org\jabref\gui\exporter\ExportCommand.java,1.8446002006530762,107.045654296875,preferences,107.045654296875
jabref\src\main\java\org\jabref\gui\mergeentries\newmergedialog\diffhighlighter\SplitDiffHighlighter.java,1.3933866284787655E-4,0.0,cli,1.3933866284787655E-4
jabref\src\test\java\org\jabref\cli\AuxCommandLineTest.java,127.95513916015625,3.4861507415771484,cli,127.95513916015625
jabref\src\test\java\org\jabref\logic\auxparser\AuxParserTest.java,9.181050700135529E-5,3.505768299102783,preferences,3.505768299102783
jabref\src\main\java\org\jabref\gui\collab\entrychange\EntryWithPreviewAndSourceDetailsView.java,1.6707158647477627E-4,35.0,preferences,35.0
jabref\src\main\java\org\jabref\gui\mergeentries\newmergedialog\FieldRowViewModel.java,1.1586748587433249E-4,0.5272083282470703,preferences,0.5272083282470703
jabref\src\main\java\org\jabref\logic\openoffice\style\OOPreFormatter.java,6.710512638092041,0.6987998485565186,cli,6.710512638092041
jabref\src\test\java\org\jabref\logic\formatter\bibtexfields\RemoveDigitsFormatterTest.java,1.6820644668769091E-4,0.0,cli,1.6820644668769091E-4
jabref\src\main\java\org\jabref\gui\externalfiles\ImportFilesResultItemViewModel.java,0.698959231376648,0.0,cli,0.698959231376648
jabref\src\main\java\org\jabref\logic\openoffice\OpenOfficeFileSearch.java,0.5939826965332031,0.9069089293479919,preferences,0.9069089293479919
jabref\src\main\java\org\jabref\gui\linkedfile\AttachFileAction.java,0.9401226043701172,1.0,preferences,1.0
jabref\src\main\java\org\jabref\gui\util\component\TagBar.java,1.3933866284787655E-4,0.34706705808639526,preferences,0.34706705808639526
jabref\src\main\java\org\jabref\gui\fieldeditors\PatentTypeEditorViewModel.java,0.706672728061676,0.0,cli,0.706672728061676
jabref\src\test\java\org\jabref\logic\importer\fileformat\BibtexParserTest.java,3.386786699295044,1.6319431066513062,cli,3.386786699295044
jabref\src\main\java\org\jabref\gui\BasePanelMode.java,1.7819229105953127E-4,0.0,cli,1.7819229105953127E-4
jabref\src\test\java\org\jabref\model\paging\PageTest.java,1.6005254292394966E-4,0.0,cli,1.6005254292394966E-4
jabref\src\test\java\org\jabref\logic\importer\fileformat\MedlinePlainImporterTest.java,32.201297760009766,0.8962719440460205,cli,32.201297760009766
jabref\src\main\java\org\jabref\model\openoffice\uno\UnoReferenceMark.java,1.459067134419456E-4,0.0,cli,1.459067134419456E-4
jabref\src\main\java\org\jabref\gui\desktop\os\NativeDesktop.java,0.5046331882476807,2.401214361190796,preferences,2.401214361190796
jabref\src\main\java\org\jabref\gui\mergeentries\MergeEntriesAction.java,1.0548787117004395,1.0,cli,1.0548787117004395
jabref\src\main\java\org\jabref\gui\UpdateTimestampListener.java,1.7170546925626695E-4,35.0,preferences,35.0
jabref\src\main\java\org\jabref\logic\importer\fetcher\transformers\DefaultQueryTransformer.java,1.6993794997688383E-4,0.0,cli,1.6993794997688383E-4
jabref\src\test\java\org\jabref\logic\exporter\ExporterTest.java,1.494285388616845E-4,0.0,cli,1.494285388616845E-4
jabref\src\test\java\org\jabref\logic\formatter\bibtexfields\HtmlToLatexFormatterTest.java,1.638300745980814E-4,0.0,cli,1.638300745980814E-4
jabref\src\main\java\org\jabref\model\strings\StringUtil.java,2.4476253986358643,0.28044867515563965,cli,2.4476253986358643
jabref\src\test\java\org\jabref\logic\net\MimeTypeDetectorTest.java,1.7883573309518397E-4,0.0,cli,1.7883573309518397E-4
jabref\src\test\java\org\jabref\gui\UpdateTimestampListenerTest.java,1.442073262296617E-4,35.56880569458008,preferences,35.56880569458008
jabref\src\test\java\org\jabref\logic\formatter\casechanger\UnprotectTermsFormatterTest.java,1.494285388616845E-4,0.0,cli,1.494285388616845E-4
jabref\src\test\java\org\jabref\logic\l10n\JavaLocalizationEntryParser.java,2.49955153465271,1.3554725646972656,cli,2.49955153465271
jabref\src\test\java\org\jabref\gui\mergeentries\ThreeWayMergeCellViewModelTest.java,1.3933866284787655E-4,0.0,cli,1.3933866284787655E-4
jabref\src\main\java\org\jabref\gui\preferences\appearance\AppearanceTab.java,0.8040266633033752,89.623291015625,preferences,89.623291015625
jabref\src\main\java\org\jabref\logic\git\SlrGitHandler.java,1.2524391058832407E-4,1.9819320440292358,preferences,1.9819320440292358
jabref\src\main\java\org\jabref\logic\shared\prefs\SharedDatabasePreferences.java,1.305252080783248E-4,86.16790008544922,preferences,86.16790008544922
jabref\src\main\java\org\jabref\logic\msbib\PageNumbers.java,1.550420420244336E-4,0.0,cli,1.550420420244336E-4
jabref\src\main\java\org\jabref\model\entry\types\SystematicLiteratureReviewStudyEntryType.java,1.6763710300438106E-4,0.0,cli,1.6763710300438106E-4
jabref\src\main\java\org\jabref\gui\mergeentries\newmergedialog\ThreeWayMergeViewModel.java,1.442073262296617E-4,0.6062617301940918,preferences,0.6062617301940918
jabref\src\main\java\org\jabref\logic\importer\fetcher\transformers\YearAndYearRangeByFilteringQueryTransformer.java,1.7170546925626695E-4,0.0,cli,1.7170546925626695E-4
jabref\src\test\java\org\jabref\logic\importer\fetcher\transformers\SuffixTransformerTest.java,1.2276034976821393E-4,0.0,cli,1.2276034976821393E-4
jabref\src\main\java\org\jabref\logic\formatter\minifier\MinifyNameListFormatter.java,0.5504806637763977,5.174259185791016,preferences,5.174259185791016
jabref\src\main\java\org\jabref\logic\importer\fetcher\transformers\MedlineQueryTransformer.java,1.6430030518677086E-4,0.0,cli,1.6430030518677086E-4
jabref\src\main\java\org\jabref\logic\importer\fileformat\PdfGrobidImporter.java,1.4254706911742687E-4,1.756805181503296,preferences,1.756805181503296
jabref\src\test\java\org\jabref\model\entry\field\SpecialFieldTest.java,1.7230285448022187E-4,0.0,cli,1.7230285448022187E-4
jabref\src\main\java\org\jabref\gui\help\AboutDialogView.java,35.45097351074219,0.0,cli,35.45097351074219
jabref\src\main\java\org\jabref\logic\importer\util\ShortDOIService.java,1.570081221871078E-4,0.0,cli,1.570081221871078E-4
jabref\src\test\java\org\jabref\gui\entryeditor\fileannotationtab\FileAnnotationViewModelTest.java,33.30121612548828,1.7618290185928345,cli,33.30121612548828
jabref\src\main\java\org\jabref\model\openoffice\uno\UnoStyle.java,0.4020862877368927,0.0,cli,0.4020862877368927
jabref\src\main\java\org\jabref\logic\integrity\CitationKeyDeviationChecker.java,0.4750191271305084,0.0,cli,0.4750191271305084
jabref\src\main\java\org\jabref\gui\importer\NewEntryAction.java,35.41715621948242,105.22648620605469,preferences,105.22648620605469
jabref\src\main\java\org\jabref\logic\net\ssl\TrustStoreManager.java,1.2276034976821393E-4,0.0,cli,1.2276034976821393E-4
jabref\src\main\java\org\jabref\logic\protectedterms\ProtectedTermsPreferences.java,1.5902469749562442E-4,0.0,cli,1.5902469749562442E-4
jabref\src\main\java\org\jabref\logic\integrity\AbbreviationChecker.java,0.49619653820991516,0.0,cli,0.49619653820991516
jabref\src\main\java\org\jabref\gui\entryeditor\LatexCitationsTabViewModel.java,0.30343154072761536,35.58882522583008,preferences,35.58882522583008
jabref\src\main\java\org\jabref\gui\entryeditor\RelatedArticlesTab.java,12.868056297302246,95.80294036865234,preferences,95.80294036865234
jabref\src\main\java\org\jabref\gui\groups\UndoableMoveGroup.java,0.4509607255458832,0.0,cli,0.4509607255458832
jabref\src\main\java\org\jabref\logic\openoffice\style\OOBibStyleGetNumCitationMarker.java,1.0416946315672249E-4,0.0,cli,1.0416946315672249E-4
jabref\src\main\java\org\jabref\gui\linkedfile\LinkedFilesEditDialogViewModel.java,1.8505150079727173,0.4969378709793091,cli,1.8505150079727173
jabref\src\main\java\org\jabref\logic\layout\ParamLayoutFormatter.java,1.7755346198100597E-4,0.0,cli,1.7755346198100597E-4
jabref\src\main\java\org\jabref\gui\maintable\MainTableHeaderContextMenu.java,0.273596853017807,0.0,cli,0.273596853017807
jabref\src\main\java\org\jabref\logic\util\io\DatabaseFileLookup.java,0.6504110097885132,0.0,cli,0.6504110097885132
jabref\src\main\java\org\jabref\model\entry\types\SystematicLiteratureReviewStudyEntryTypeDefinitions.java,26.939083099365234,0.0,cli,26.939083099365234
jabref\src\test\java\org\jabref\logic\util\strings\StringManipulatorTest.java,1.1168674973305315E-4,3.127636194229126,preferences,3.127636194229126
jabref\src\test\java\org\jabref\model\entry\identifier\DOITest.java,6.9037299156188965,0.3436972498893738,cli,6.9037299156188965
jabref\src\main\java\org\jabref\logic\integrity\DatabaseChecker.java,1.7660376033745706E-4,0.0,cli,1.7660376033745706E-4
jabref\src\test\java\org\jabref\logic\importer\fileformat\PdfContentImporterFilesTest.java,0.5867640376091003,0.7372169494628906,preferences,0.7372169494628906
jabref\src\test\java\org\jabref\logic\formatter\bibtexfields\UnicodeConverterTest.java,1.6539770876988769E-4,0.0,cli,1.6539770876988769E-4
jabref\src\test\java\org\jabref\logic\formatter\bibtexfields\CleanupUrlFormatterTest.java,1.7961548292078078E-4,0.0,cli,1.7961548292078078E-4
jabref\src\test\java\org\jabref\model\entry\CanonicalBibEntryTest.java,2.879803419113159,0.0,cli,2.879803419113159
jabref\src\main\java\org\jabref\logic\texparser\DefaultLatexParser.java,34.05549240112305,0.8835535049438477,cli,34.05549240112305
jabref\src\test\java\org\jabref\logic\integrity\NoteCheckerTest.java,1.570081221871078E-4,0.0,cli,1.570081221871078E-4
jabref\src\test\java\org\jabref\logic\importer\fetcher\transformers\SpringerQueryTransformerTest.java,1.550420420244336E-4,0.0,cli,1.550420420244336E-4
jabref\src\test\java\org\jabref\gui\externalfiletype\ExternalFileTypesTest.java,17.889698028564453,0.4969378709793091,cli,17.889698028564453
jabref\src\test\java\org\jabref\logic\layout\format\CompositeFormatTest.java,1.550420420244336E-4,0.0,cli,1.550420420244336E-4
jabref\src\main\java\org\jabref\gui\exporter\ExportToClipboardAction.java,36.188133239746094,99.35860443115234,preferences,99.35860443115234
jabref\src\main\java\org\jabref\logic\formatter\casechanger\Word.java,0.4315564036369324,1.390882134437561,preferences,1.390882134437561
jabref\src\main\java\org\jabref\gui\libraryproperties\keypattern\KeyPatternPropertiesViewModel.java,1.5902469749562442E-4,35.0,preferences,35.0
jabref\src\main\java\org\jabref\gui\importer\GenerateEntryFromIdAction.java,54.453548431396484,35.32515335083008,cli,54.453548431396484
jabref\src\test\java\org\jabref\logic\importer\fileformat\EndnoteXmlImporterFilesTest.java,1.5800996334291995E-4,0.0,cli,1.5800996334291995E-4
jabref\src\main\java\org\jabref\logic\bibtex\comparator\PreambleDiff.java,1.5902469749562442E-4,0.0,cli,1.5902469749562442E-4
jabref\src\test\java\org\jabref\logic\crawler\CrawlerTest.java,28.66509246826172,37.886783599853516,preferences,37.886783599853516
jabref\src\test\java\org\jabref\logic\texparser\LatexParserTest.java,1.0587047338485718,2.0137763023376465,preferences,2.0137763023376465
jabref\src\main\java\org\jabref\logic\importer\fileformat\ModsImporter.java,1.7760460376739502,0.5508807897567749,cli,1.7760460376739502
jabref\src\main\java\org\jabref\logic\importer\fileformat\PdfEmbeddedBibFileImporter.java,0.6237481236457825,1.2959141731262207,preferences,1.2959141731262207
jabref\src\main\java\org\jabref\logic\formatter\casechanger\LowerCaseFormatter.java,26.81235122680664,0.0,cli,26.81235122680664
jabref\src\main\java\org\jabref\gui\linkedfile\AttachFileFromURLAction.java,36.6168327331543,36.0,cli,36.6168327331543
jabref\src\test\java\org\jabref\logic\util\DevelopmentStageTest.java,1.550420420244336E-4,2.9352688789367676,preferences,2.9352688789367676
jabref\src\main\java\org\jabref\gui\fieldeditors\identifier\ISBNIdentifierEditorViewModel.java,1.6763710300438106E-4,102.26710510253906,preferences,102.26710510253906
jabref\src\main\java\org\jabref\logic\layout\LayoutHelper.java,1.007779355859384E-4,92.73057556152344,preferences,92.73057556152344
jabref\src\test\java\org\jabref\migrations\PreferencesMigrationsTest.java,2.03788161277771,47.250301361083984,preferences,47.250301361083984
jabref\src\test\java\org\jabref\logic\crawler\StudyRepositoryTest.java,7.793997065164149E-5,38.04625701904297,preferences,38.04625701904297
jabref\src\main\java\org\jabref\model\study\StudyDatabase.java,1.6005254292394966E-4,0.0,cli,1.6005254292394966E-4
jabref\src\test\java\org\jabref\logic\integrity\BracketCheckerTest.java,1.550420420244336E-4,0.0,cli,1.550420420244336E-4
jabref\src\main\java\org\jabref\logic\layout\format\FileLink.java,1.022472858428955,0.0,cli,1.022472858428955
jabref\src\main\java\org\jabref\logic\importer\fileformat\PdfContentImporter.java,2.2591958045959473,1.0847179889678955,cli,2.2591958045959473
jabref\src\main\java\org\jabref\gui\preferences\entryeditor\EntryEditorTab.java,0.38806697726249695,88.36553955078125,preferences,88.36553955078125
jabref\src\test\java\org\jabref\gui\exporter\SaveDatabaseActionTest.java,0.6029155254364014,102.23196411132812,preferences,102.23196411132812
jabref\src\main\java\org\jabref\gui\preferences\PreferencesSearchHandler.java,1.4254706911742687E-4,88.36553955078125,preferences,88.36553955078125
jabref\src\test\java\org\jabref\logic\layout\format\AuthorLastFirstAbbreviatorTest.java,1.5312459436245263E-4,0.0,cli,1.5312459436245263E-4
jabref\src\test\java\org\jabref\logic\auxparser\DefaultAuxParserTest.java,1.785134372767061E-4,0.0,cli,1.785134372767061E-4
jabref\src\main\java\org\jabref\model\openoffice\uno\NoDocumentException.java,1.747344940667972E-4,0.0,cli,1.747344940667972E-4
jabref\src\main\java\org\jabref\gui\mergeentries\newmergedialog\fieldsmerger\FieldMerger.java,1.759762380970642E-4,0.0,cli,1.759762380970642E-4
jabref\src\main\java\org\jabref\gui\maintable\MainTableColumnModel.java,0.9254748225212097,0.0,cli,0.9254748225212097
jabref\src\main\java\org\jabref\gui\search\GlobalSearchResultDialogViewModel.java,1.7170546925626695E-4,35.483516693115234,preferences,35.483516693115234
jabref\src\main\java\org\jabref\logic\importer\util\JsonReader.java,1.6595193301327527E-4,0.0,cli,1.6595193301327527E-4
jabref\src\main\java\org\jabref\gui\mergeentries\newmergedialog\ShowDiffConfig.java,1.7628943896852434E-4,0.0,cli,1.7628943896852434E-4
jabref\src\main\java\org\jabref\gui\sidepane\GroupsSidePaneComponent.java,0.5504806637763977,0.5095344185829163,cli,0.5504806637763977
jabref\src\main\java\org\jabref\gui\edit\automaticfiededitor\AbstractAutomaticFieldEditorTabView.java,1.7628943896852434E-4,0.0,cli,1.7628943896852434E-4
jabref\src\test\java\org\jabref\logic\shared\security\PasswordTest.java,1.6539770876988769E-4,0.0,cli,1.6539770876988769E-4
jabref\src\main\java\org\jabref\gui\documentviewer\PageDimension.java,1.6321736620739102E-4,0.0,cli,1.6321736620739102E-4
jabref\src\test\java\org\jabref\logic\layout\format\AuthorFirstFirstCommasTest.java,1.6993794997688383E-4,0.0,cli,1.6993794997688383E-4
jabref\src\test\java\org\jabref\logic\layout\format\IfPluralTest.java,1.550420420244336E-4,1.6263700723648071,preferences,1.6263700723648071
jabref\src\main\java\org\jabref\logic\importer\util\FileFieldParser.java,1.2276034976821393E-4,0.0,cli,1.2276034976821393E-4
jabref\src\test\java\org\jabref\logic\layout\format\AuthorLF_FFTest.java,1.6993794997688383E-4,0.0,cli,1.6993794997688383E-4
jabref\src\main\java\org\jabref\logic\preferences\FetcherApiKey.java,1.6707158647477627E-4,98.83349609375,preferences,98.83349609375
jabref\src\main\java\org\jabref\logic\pdf\search\indexing\DocumentReader.java,1.0001158714294434,0.0,cli,1.0001158714294434
jabref\src\test\java\org\jabref\model\strings\StringUtilTest.java,1.665418028831482,1.2361125946044922,cli,1.665418028831482
jabref\src\main\java\org\jabref\logic\importer\fileformat\PdfMergeMetadataImporter.java,0.4896063208580017,1.0374234914779663,preferences,1.0374234914779663
jabref\src\main\java\org\jabref\gui\preferences\groups\GroupsTab.java,0.48014217615127563,96.1039047241211,preferences,96.1039047241211
jabref\src\main\java\org\jabref\logic\layout\format\Replace.java,1.6877969028428197E-4,0.0,cli,1.6877969028428197E-4
jabref\src\test\java\org\jabref\gui\autocompleter\AppendPersonNamesStrategyTest.java,1.6993794997688383E-4,0.0,cli,1.6993794997688383E-4
jabref\src\test\java\org\jabref\gui\entryeditor\SourceTabTest.java,42.1444206237793,0.0,cli,42.1444206237793
jabref\src\main\java\org\jabref\logic\util\BuildInfo.java,1.3933866284787655E-4,0.0,cli,1.3933866284787655E-4
jabref\src\test\java\org\jabref\model\groups\AutomaticKeywordGroupTest.java,1.550420420244336E-4,0.5933809876441956,preferences,0.5933809876441956
jabref\src\main\java\org\jabref\logic\exporter\AtomicFileOutputStream.java,0.6566795110702515,0.28082817792892456,cli,0.6566795110702515
jabref\src\test\java\org\jabref\logic\shared\SynchronizationSimulatorTest.java,35.00011444091797,0.0,cli,35.00011444091797
jabref\src\main\java\org\jabref\gui\edit\automaticfiededitor\AutomaticFieldEditorDialog.java,0.41715648770332336,0.0,cli,0.41715648770332336
jabref\src\main\java\org\jabref\logic\exporter\BibWriter.java,1.6595193301327527E-4,0.0,cli,1.6595193301327527E-4
jabref\src\test\java\org\jabref\testutils\interactive\styletester\StyleTesterView.java,1.570081221871078E-4,0.0,cli,1.570081221871078E-4
jabref\src\main\java\org\jabref\logic\citationstyle\JabRefLocaleProvider.java,0.602652907371521,0.0,cli,0.602652907371521
jabref\src\main\java\org\jabref\logic\bst\util\BstNameFormatter.java,9.181050700135529E-5,0.5068060755729675,preferences,0.5068060755729675
jabref\src\test\java\org\jabref\gui\edit\ManageKeywordsViewModelTest.java,1.2037337728543207E-4,0.7745462656021118,preferences,0.7745462656021118
jabref\src\main\java\org\jabref\logic\shared\security\Password.java,23.218774795532227,0.0,cli,23.218774795532227
jabref\src\main\java\org\jabref\model\strings\UnicodeToReadableCharMap.java,8.207310747820884E-5,0.0,cli,8.207310747820884E-5
jabref\src\main\java\org\jabref\logic\importer\fetcher\LibraryOfCongress.java,1.6877969028428197E-4,0.0,cli,1.6877969028428197E-4
jabref\src\main\java\org\jabref\logic\util\io\FileUtil.java,1.7728369235992432,0.8363056182861328,cli,1.7728369235992432
jabref\src\main\java\org\jabref\logic\importer\fileformat\BibtexImporter.java,2.660735845565796,1.1284980773925781,cli,2.660735845565796
jabref\src\test\java\org\jabref\gui\theme\ThemeTest.java,1.3933866284787655E-4,0.0,cli,1.3933866284787655E-4
jabref\src\main\java\org\jabref\gui\journals\UndoableAbbreviator.java,1.5125398931559175E-4,0.0,cli,1.5125398931559175E-4
jabref\src\main\java\org\jabref\logic\bibtex\comparator\EntryComparator.java,1.2783003330696374E-4,0.0,cli,1.2783003330696374E-4
jabref\src\main\java\org\jabref\gui\preferences\entryeditor\EntryEditorTabViewModel.java,0.45954710245132446,82.85590362548828,preferences,82.85590362548828
jabref\src\main\java\org\jabref\gui\remote\CLIMessageHandler.java,110.66669464111328,35.0,cli,110.66669464111328
jabref\src\main\java\org\jabref\logic\importer\fetcher\transformers\SpringerQueryTransformer.java,1.6707158647477627E-4,0.0,cli,1.6707158647477627E-4
jabref\src\main\java\org\jabref\model\entry\field\FieldProperty.java,1.7081713303923607E-4,0.0,cli,1.7081713303923607E-4
jabref\src\main\java\org\jabref\gui\slr\EditExistingStudyAction.java,1.366410255432129,1.5257909297943115,preferences,1.5257909297943115
jabref\src\main\java\org\jabref\logic\layout\format\RemoveTilde.java,1.665098825469613E-4,0.0,cli,1.665098825469613E-4
jabref\src\main\java\org\jabref\model\openoffice\style\CitationMarkerNormEntry.java,1.7660376033745706E-4,0.0,cli,1.7660376033745706E-4
jabref\src\main\java\org\jabref\logic\formatter\bibtexfields\RemoveNewlinesFormatter.java,28.710617065429688,0.0,cli,28.710617065429688
jabref\src\main\java\org\jabref\logic\shared\DatabaseNotSupportedException.java,1.7504328570794314E-4,0.0,cli,1.7504328570794314E-4
jabref\src\main\java\org\jabref\logic\formatter\bibtexfields\ClearFormatter.java,0.6109244227409363,0.0,cli,0.6109244227409363
jabref\src\main\java\org\jabref\gui\groups\UndoableModifySubtree.java,1.6005254292394966E-4,0.0,cli,1.6005254292394966E-4
jabref\src\test\java\org\jabref\logic\formatter\bibtexfields\ShortenDOIFormatterTest.java,1.6993794997688383E-4,0.0,cli,1.6993794997688383E-4
jabref\src\main\java\org\jabref\logic\xmp\DublinCoreExtractor.java,0.2112766057252884,0.0,cli,0.2112766057252884
jabref\src\main\java\org\jabref\logic\importer\fileformat\medline\ArticleId.java,1.7628943896852434E-4,0.0,cli,1.7628943896852434E-4
jabref\src\test\java\org\jabref\logic\layout\format\AuthorOrgSciTest.java,1.4764662773814052E-4,0.0,cli,1.4764662773814052E-4
jabref\src\main\java\org\jabref\gui\mergeentries\newmergedialog\GroupDiffMode.java,1.7535316874273121E-4,0.0,cli,1.7535316874273121E-4
jabref\src\test\java\org\jabref\logic\bibtex\comparator\MetaDataDiffTest.java,1.6877969028428197E-4,0.0,cli,1.6877969028428197E-4
jabref\src\main\java\org\jabref\gui\help\HelpAction.java,1.6935683379415423E-4,0.0,cli,1.6935683379415423E-4
jabref\src\test\java\org\jabref\logic\importer\fetcher\transformers\JstorQueryTransformerTest.java,1.570081221871078E-4,0.0,cli,1.570081221871078E-4
jabref\src\main\java\org\jabref\gui\menus\FileHistoryMenu.java,1.2936092615127563,0.0,cli,1.2936092615127563
jabref\src\main\java\org\jabref\model\groups\GroupEntryChanger.java,1.6935683379415423E-4,0.0,cli,1.6935683379415423E-4
jabref\src\main\java\org\jabref\logic\bibtex\comparator\FieldComparator.java,1.2524391058832407E-4,0.0,cli,1.2524391058832407E-4
jabref\src\test\java\org\jabref\logic\importer\fetcher\isbntobibtex\DoiToBibtexConverterComIsbnFetcherTest.java,1.3933866284787655E-4,0.0,cli,1.3933866284787655E-4
jabref\src\main\java\org\jabref\gui\fieldeditors\WriteMetadataToPdfCommand.java,1.2460942268371582,104.88129425048828,preferences,104.88129425048828
jabref\src\main\java\org\jabref\logic\layout\format\GetOpenOfficeType.java,1.6109376156236976E-4,0.0,cli,1.6109376156236976E-4
jabref\src\test\java\org\jabref\logic\importer\fileformat\PdfEmbeddedBibFileImporterTest.java,2.7236151695251465,2.2951889038085938,cli,2.7236151695251465
jabref\src\main\java\org\jabref\model\TreeNode.java,9.461690933676437E-5,0.40649479627609253,preferences,0.40649479627609253
jabref\src\main\java\org\jabref\gui\externalfiles\AutoSetFileLinksUtil.java,0.6427052021026611,0.0,cli,0.6427052021026611
jabref\src\main\java\org\jabref\logic\layout\format\AuthorFirstAbbrLastOxfordCommas.java,1.7535316874273121E-4,0.0,cli,1.7535316874273121E-4
jabref\src\test\java\org\jabref\logic\formatter\casechanger\SentenceCaseFormatterTest.java,1.442073262296617E-4,0.9403549432754517,preferences,0.9403549432754517
jabref\src\main\java\org\jabref\logic\importer\FetcherClientException.java,1.7290438700001687E-4,0.0,cli,1.7290438700001687E-4
jabref\src\test\java\org\jabref\logic\exporter\DocbookExporterTest.java,1.949727177619934,0.0,cli,1.949727177619934
jabref\src\main\java\org\jabref\gui\autocompleter\StringSuggestionProvider.java,1.6993794997688383E-4,0.0,cli,1.6993794997688383E-4
jabref\src\test\java\org\jabref\gui\fieldeditors\LinkedFilesEditorViewModelTest.java,0.5680435299873352,35.0,preferences,35.0
jabref\src\main\java\org\jabref\gui\autocompleter\ReplaceStrategy.java,1.7628943896852434E-4,0.0,cli,1.7628943896852434E-4
jabref\src\main\java\org\jabref\logic\cleanup\TimeStampToModificationDate.java,1.442073262296617E-4,0.0,cli,1.442073262296617E-4
jabref\src\main\java\org\jabref\model\openoffice\uno\UnoTextDocument.java,1.4764662773814052E-4,0.0,cli,1.4764662773814052E-4
jabref\src\main\java\org\jabref\gui\preferences\importexport\ImportExportTabViewModel.java,28.149986267089844,77.81231689453125,preferences,77.81231689453125
jabref\src\main\java\org\jabref\logic\net\ProxyAuthenticator.java,1.6539770876988769E-4,2.651122570037842,preferences,2.651122570037842
jabref\src\test\java\org\jabref\logic\integrity\AmpersandCheckerTest.java,20.2373104095459,0.0,cli,20.2373104095459
jabref\src\main\java\org\jabref\gui\groups\GroupTreeView.java,38.74234390258789,35.0,cli,38.74234390258789
jabref\src\main\java\org\jabref\gui\fieldeditors\PersonsEditor.java,1.5902469749562442E-4,99.76093292236328,preferences,99.76093292236328
jabref\src\main\java\org\jabref\model\openoffice\ootext\OOTextIntoOO.java,0.6291956305503845,0.49222996830940247,cli,0.6291956305503845
jabref\src\main\java\org\jabref\logic\importer\fileformat\SilverPlatterImporter.java,0.4981038272380829,0.0,cli,0.4981038272380829
jabref\src\test\java\org\jabref\logic\importer\FulltextFetchersTest.java,1.4254706911742687E-4,0.564905047416687,preferences,0.564905047416687
jabref\src\main\java\org\jabref\gui\openoffice\AdvancedCiteDialogView.java,0.9705895185470581,0.7452554702758789,cli,0.9705895185470581
jabref\src\main\java\org\jabref\gui\icon\InternalMaterialDesignIcon.java,1.4764662773814052E-4,0.0,cli,1.4764662773814052E-4
jabref\src\main\java\org\jabref\logic\externalfiles\LinkedFileHandler.java,0.5695322751998901,0.0,cli,0.5695322751998901
jabref\src\main\java\org\jabref\model\entry\Month.java,0.45954710245132446,0.42536476254463196,cli,0.45954710245132446
jabref\src\main\java\org\jabref\logic\util\io\FileNameUniqueness.java,2.552849531173706,0.0,cli,2.552849531173706
jabref\src\test\java\org\jabref\logic\importer\fileformat\MsBibImporterTest.java,0.6549429297447205,0.0,cli,0.6549429297447205
jabref\src\main\java\org\jabref\gui\mergeentries\newmergedialog\fieldsmerger\KeywordMerger.java,1.6993794997688383E-4,0.0,cli,1.6993794997688383E-4
jabref\src\test\java\org\jabref\logic\integrity\BibStringCheckerTest.java,1.5312459436245263E-4,0.0,cli,1.5312459436245263E-4
jabref\src\main\java\org\jabref\gui\exporter\CreateModifyExporterDialogViewModel.java,1.036702275276184,104.88129425048828,preferences,104.88129425048828
jabref\src\main\java\org\jabref\logic\importer\fetcher\ScienceDirect.java,16.032880783081055,5.343527793884277,cli,16.032880783081055
jabref\src\test\java\org\jabref\model\entry\BibEntryTypesManagerTest.java,29.799724578857422,0.0,cli,29.799724578857422
jabref\src\main\java\org\jabref\gui\externalfiles\AutoLinkFilesAction.java,20.820253372192383,101.45394897460938,preferences,101.45394897460938
jabref\src\test\java\org\jabref\logic\cleanup\ISSNCleanupTest.java,1.5312459436245263E-4,0.0,cli,1.5312459436245263E-4
jabref\src\test\java\org\jabref\logic\importer\fetcher\ACMPortalFetcherTest.java,1.630573533475399E-4,0.0,cli,1.630573533475399E-4
jabref\src\test\java\org\jabref\logic\integrity\YearCheckerTest.java,1.459067134419456E-4,0.0,cli,1.459067134419456E-4
jabref\src\test\java\org\jabref\logic\util\io\RegExpBasedFileFinderTest.java,23.296493530273438,0.0,cli,23.296493530273438
jabref\src\main\java\org\jabref\model\openoffice\style\CitationMarkerNumericBibEntry.java,1.7660376033745706E-4,0.0,cli,1.7660376033745706E-4
jabref\src\main\java\org\jabref\logic\integrity\CitationKeyChecker.java,0.48014217615127563,0.0,cli,0.48014217615127563
jabref\src\main\java\org\jabref\logic\layout\format\AuthorFirstFirst.java,1.756641431711614E-4,0.0,cli,1.756641431711614E-4
jabref\src\main\java\org\jabref\gui\collab\groupchange\GroupChange.java,23.371461868286133,0.0,cli,23.371461868286133
jabref\src\main\java\org\jabref\model\search\SearchMatcher.java,1.7723576456774026E-4,0.0,cli,1.7723576456774026E-4
jabref\src\main\java\org\jabref\gui\importer\ParserResultWarningDialog.java,0.5644418597221375,0.0,cli,0.5644418597221375
jabref\src\main\java\org\jabref\gui\fieldeditors\OwnerEditor.java,1.6109376156236976E-4,100.36980438232422,preferences,100.36980438232422
jabref\src\main\java\org\jabref\logic\importer\fetcher\BibsonomyScraper.java,1.5800996334291995E-4,0.0,cli,1.5800996334291995E-4
jabref\src\main\java\org\jabref\gui\groups\GroupNodeViewModel.java,0.21961387991905212,35.31484603881836,preferences,35.31484603881836
jabref\src\test\java\org\jabref\logic\importer\fetcher\IacrEprintFetcherTest.java,10.076842308044434,0.16975098848342896,cli,10.076842308044434
jabref\src\main\java\org\jabref\model\entry\identifier\ArXivIdentifier.java,1.362715265713632E-4,0.0,cli,1.362715265713632E-4
jabref\src\main\java\org\jabref\logic\msbib\MSBibConverter.java,0.3744876980781555,0.38244783878326416,preferences,0.38244783878326416
jabref\src\main\java\org\jabref\gui\groups\GroupDialogView.java,1.0950818061828613,35.28839874267578,preferences,35.28839874267578
jabref\src\main\java\org\jabref\gui\edit\automaticfiededitor\AutomaticFieldEditorAction.java,0.5178402066230774,1.0,preferences,1.0
jabref\src\test\java\org\jabref\logic\layout\format\AuthorAndsReplacerTest.java,1.5800996334291995E-4,0.0,cli,1.5800996334291995E-4
jabref\src\test\java\org\jabref\logic\importer\fileformat\BiblioscapeImporterTypesTest.java,1.459067134419456E-4,0.0,cli,1.459067134419456E-4
jabref\src\test\java\org\jabref\gui\fieldeditors\LinkedFileViewModelTest.java,0.482233464717865,99.83885955810547,preferences,99.83885955810547
jabref\src\main\java\org\jabref\logic\importer\fetcher\transformers\CollectionOfComputerScienceBibliographiesQueryTransformer.java,1.6763710300438106E-4,0.0,cli,1.6763710300438106E-4
jabref\src\main\java\org\jabref\gui\importer\GenerateEntryFromIdDialog.java,0.4509607255458832,35.0,preferences,35.0
jabref\src\test\java\org\jabref\logic\layout\format\OrdinalTest.java,1.494285388616845E-4,1.0207493305206299,preferences,1.0207493305206299
jabref\src\test\java\org\jabref\logic\openoffice\style\StyleLoaderTest.java,1.0416946315672249E-4,108.578369140625,preferences,108.578369140625
jabref\src\main\java\org\jabref\gui\mergeentries\newmergedialog\diffhighlighter\UnifiedDiffHighlighter.java,1.2037337728543207E-4,0.0,cli,1.2037337728543207E-4
jabref\src\test\java\org\jabref\model\database\BibDatabaseTest.java,20.342670440673828,0.20718351006507874,cli,20.342670440673828
jabref\src\main\java\org\jabref\logic\layout\format\AuthorLF_FF.java,1.7442679381929338E-4,0.0,cli,1.7442679381929338E-4
jabref\src\main\java\org\jabref\gui\externalfiletype\UnknownExternalFileType.java,0.5148459076881409,0.0,cli,0.5148459076881409
jabref\src\main\java\org\jabref\gui\autocompleter\AutoCompletionInput.java,1.7504328570794314E-4,0.0,cli,1.7504328570794314E-4
jabref\src\test\java\org\jabref\logic\integrity\HowPublishedCheckerTest.java,1.570081221871078E-4,0.0,cli,1.570081221871078E-4
jabref\src\main\java\org\jabref\model\entry\BibEntry.java,0.7778677344322205,15.17935848236084,preferences,15.17935848236084
jabref\src\main\java\org\jabref\gui\menus\ChangeEntryTypeMenu.java,25.727365493774414,0.0,cli,25.727365493774414
jabref\src\main\java\org\jabref\logic\integrity\FieldChecker.java,1.665098825469613E-4,0.0,cli,1.665098825469613E-4
jabref\src\main\java\org\jabref\model\texparser\Citation.java,2.391101121902466,0.0,cli,2.391101121902466
jabref\src\main\java\org\jabref\gui\preferences\protectedterms\ProtectedTermsTab.java,5.322996616363525,80.34517669677734,preferences,80.34517669677734
jabref\src\main\java\org\jabref\logic\integrity\TitleChecker.java,0.9398474097251892,0.0,cli,0.9398474097251892
jabref\src\main\java\org\jabref\logic\pdf\search\indexing\IndexingTaskManager.java,19.647859573364258,0.5050603151321411,cli,19.647859573364258
jabref\src\main\java\org\jabref\gui\autocompleter\EmptySuggestionProvider.java,1.7081713303923607E-4,0.0,cli,1.7081713303923607E-4
jabref\src\main\java\org\jabref\gui\preferences\keybindings\presets\BashKeyBindingPreset.java,36.23667526245117,91.33382415771484,preferences,91.33382415771484
jabref\src\main\java\org\jabref\gui\mergeentries\newmergedialog\cell\HeaderCell.java,34.35123825073242,0.0,cli,34.35123825073242
jabref\src\test\java\org\jabref\logic\l10n\LanguageTest.java,1.6993794997688383E-4,0.0,cli,1.6993794997688383E-4
jabref\src\main\java\org\jabref\logic\exporter\OpenOfficeDocumentCreator.java,18.026865005493164,0.0,cli,18.026865005493164
jabref\src\main\java\org\jabref\gui\util\RecursiveTreeItem.java,27.30930519104004,0.0,cli,27.30930519104004
jabref\src\main\java\org\jabref\gui\desktop\os\DefaultDesktop.java,0.6782376766204834,2.9445691108703613,preferences,2.9445691108703613
jabref\src\main\java\org\jabref\model\groups\event\GroupUpdatedEvent.java,1.7504328570794314E-4,0.0,cli,1.7504328570794314E-4
jabref\src\main\java\org\jabref\logic\importer\fetcher\ComplexSearchQuery.java,17.339292526245117,0.8065444231033325,cli,17.339292526245117
jabref\src\test\java\org\jabref\logic\importer\fetcher\DoiFetcherTest.java,1.0779721196740866E-4,0.0,cli,1.0779721196740866E-4
jabref\src\main\java\org\jabref\logic\citationkeypattern\CitationKeyPatternPreferences.java,1.362715265713632E-4,0.6540877223014832,preferences,0.6540877223014832
jabref\src\main\java\org\jabref\logic\cleanup\CleanupWorker.java,1.4764662773814052E-4,0.0,cli,1.4764662773814052E-4
jabref\src\main\java\org\jabref\logic\util\io\FileHistory.java,0.6668261885643005,0.42165952920913696,cli,0.6668261885643005
jabref\src\main\java\org\jabref\gui\entryeditor\fileannotationtab\FileAnnotationViewModel.java,0.6454424858093262,0.610045313835144,cli,0.6454424858093262
jabref\src\test\java\org\jabref\logic\importer\fileformat\PdfMergeMetadataImporterTest.java,1.8244589567184448,0.5228927135467529,cli,1.8244589567184448
jabref\src\main\java\org\jabref\logic\msbib\MSBibEntryType.java,1.7351015412714332E-4,0.816478431224823,preferences,0.816478431224823
jabref\src\main\java\org\jabref\logic\exporter\SaveException.java,1.0742624998092651,0.0,cli,1.0742624998092651
jabref\src\main\java\org\jabref\model\openoffice\rangesort\RangeOverlapKind.java,1.7691918765194714E-4,0.0,cli,1.7691918765194714E-4
jabref\src\test\java\org\jabref\model\entry\AuthorTest.java,1.362715265713632E-4,0.0,cli,1.362715265713632E-4
jabref\src\main\java\org\jabref\logic\bst\util\BstTextPrefixer.java,1.5800996334291995E-4,0.8722357749938965,preferences,0.8722357749938965
jabref\src\main\java\org\jabref\gui\importer\actions\OpenDatabaseAction.java,36.16543197631836,35.0,cli,36.16543197631836
jabref\src\main\java\org\jabref\logic\undo\AddUndoableActionEvent.java,1.7535316874273121E-4,0.0,cli,1.7535316874273121E-4
jabref\src\main\java\org\jabref\logic\importer\fetcher\isbntobibtex\IsbnFetcher.java,0.37499240040779114,0.0,cli,0.37499240040779114
jabref\src\test\java\org\jabref\logic\cleanup\TimeStampToModificationDateTest.java,1.3933866284787655E-4,0.0,cli,1.3933866284787655E-4
jabref\src\main\java\org\jabref\logic\importer\fetcher\MrDLibFetcher.java,1.362715265713632E-4,101.57506561279297,preferences,101.57506561279297
jabref\src\main\java\org\jabref\model\entry\types\BiblatexAPAEntryTypeDefinitions.java,20.746719360351562,0.0,cli,20.746719360351562
jabref\src\main\java\org\jabref\model\openoffice\uno\UnoScreenRefresh.java,1.7290438700001687E-4,0.0,cli,1.7290438700001687E-4
jabref\src\main\java\org\jabref\preferences\FilePreferences.java,1.4254706911742687E-4,91.68478393554688,preferences,91.68478393554688
jabref\src\main\java\org\jabref\model\groups\SearchGroup.java,1.494285388616845E-4,0.0,cli,1.494285388616845E-4
jabref\src\test\java\org\jabref\logic\importer\fetcher\FulltextFetcherTest.java,1.6763710300438106E-4,0.46443885564804077,preferences,0.46443885564804077
jabref\src\main\java\org\jabref\gui\preferences\externalfiletypes\EditExternalFileTypeEntryDialog.java,0.530787467956543,90.27467346191406,preferences,90.27467346191406
jabref\src\main\java\org\jabref\cli\SystemOutputPrinter.java,132.115966796875,0.0,cli,132.115966796875
jabref\src\main\java\org\jabref\gui\actions\ActionFactory.java,4.947693824768066,0.0,cli,4.947693824768066
jabref\src\main\java\org\jabref\logic\importer\fileformat\EndnoteXmlImporter.java,0.18344417214393616,79.1734619140625,preferences,79.1734619140625
jabref\src\main\java\org\jabref\gui\fieldeditors\DateEditorViewModel.java,1.6321736620739102E-4,0.0,cli,1.6321736620739102E-4
jabref\src\test\java\org\jabref\logic\importer\fetcher\transformers\InfixTransformerTest.java,1.2276034976821393E-4,0.0,cli,1.2276034976821393E-4
jabref\src\main\java\org\jabref\gui\maintable\OpenExternalFileAction.java,1.020699381828308,36.0,preferences,36.0
jabref\src\main\java\org\jabref\logic\importer\fileformat\mods\Name.java,1.7628943896852434E-4,0.0,cli,1.7628943896852434E-4
jabref\src\main\java\org\jabref\logic\layout\format\ShortMonthFormatter.java,1.7320674669463187E-4,0.0,cli,1.7320674669463187E-4
jabref\src\test\java\org\jabref\model\groups\TexGroupTest.java,3.960467576980591,3.203963279724121,cli,3.960467576980591
jabref\src\main\java\org\jabref\gui\edit\automaticfiededitor\AutomaticFieldEditorViewModel.java,1.6539770876988769E-4,0.0,cli,1.6539770876988769E-4
jabref\src\main\java\org\jabref\gui\preferences\journals\AbbreviationViewModel.java,1.4254706911742687E-4,88.95287322998047,preferences,88.95287322998047
jabref\src\main\java\org\jabref\gui\externalfiles\UnlinkedFilesCrawler.java,19.698110580444336,0.0,cli,19.698110580444336
jabref\src\main\java\org\jabref\logic\crawler\Crawler.java,1.6430030518677086E-4,35.74525451660156,preferences,35.74525451660156
jabref\src\main\java\org\jabref\gui\fieldeditors\UrlEditorViewModel.java,1.6800895929336548,0.0,cli,1.6800895929336548
jabref\src\test\java\org\jabref\model\entry\field\FieldFactoryTest.java,31.236940383911133,0.0,cli,31.236940383911133
jabref\src\main\java\org\jabref\gui\desktop\os\Windows.java,0.3627701997756958,2.007260799407959,preferences,2.007260799407959
jabref\src\test\java\org\jabref\logic\shared\DBMSProcessorTest.java,6.226250843610615E-5,0.0,cli,6.226250843610615E-5
jabref\src\test\java\org\jabref\logic\exporter\FieldFormatterCleanupsTest.java,7.793997065164149E-5,0.0,cli,7.793997065164149E-5
jabref\src\test\java\org\jabref\gui\preferences\keybindings\KeyBindingViewModelTest.java,1.6005254292394966E-4,95.34956359863281,preferences,95.34956359863281
jabref\src\main\java\org\jabref\model\openoffice\style\CompareCitation.java,1.6877969028428197E-4,0.0,cli,1.6877969028428197E-4
jabref\src\test\java\org\jabref\logic\util\io\FileHistoryTest.java,1.4254706911742687E-4,0.0,cli,1.4254706911742687E-4
jabref\src\main\java\org\jabref\gui\edit\automaticfiededitor\renamefield\RenameFieldTabView.java,0.8838574290275574,0.0,cli,0.8838574290275574
jabref\src\main\java\org\jabref\model\openoffice\uno\UnoCursor.java,1.6430030518677086E-4,0.0,cli,1.6430030518677086E-4
jabref\src\main\java\org\jabref\gui\collab\entrychange\EntryChangeResolver.java,0.5754003524780273,0.0,cli,0.5754003524780273
jabref\src\main\java\org\jabref\logic\importer\fetcher\transformers\GVKQueryTransformer.java,23.689220428466797,1.8021992444992065,cli,23.689220428466797
jabref\src\main\java\org\jabref\gui\fieldeditors\YesNoEditorViewModel.java,1.6993794997688383E-4,0.0,cli,1.6993794997688383E-4
jabref\src\main\java\org\jabref\gui\preferences\xmp\XmpPrivacyTab.java,1.092712640762329,84.9173583984375,preferences,84.9173583984375
jabref\src\main\java\org\jabref\gui\preferences\journals\JournalAbbreviationsTab.java,2.0515787601470947,74.34469604492188,preferences,74.34469604492188
jabref\src\test\java\org\jabref\logic\cleanup\MoveFilesCleanupTest.java,0.6028949022293091,0.6165255308151245,preferences,0.6165255308151245
jabref\src\test\java\org\jabref\logic\importer\fetcher\ACSTest.java,44.7624626159668,0.0,cli,44.7624626159668
jabref\src\main\java\org\jabref\model\entry\field\UnknownField.java,1.6109376156236976E-4,0.4350159466266632,preferences,0.4350159466266632
jabref\src\main\java\org\jabref\gui\importer\fetcher\LookupIdentifierAction.java,1.0439784526824951,1.0,cli,1.0439784526824951
jabref\src\main\java\org\jabref\logic\importer\fetcher\GvkFetcher.java,1.6109376156236976E-4,0.0,cli,1.6109376156236976E-4
jabref\src\main\java\org\jabref\logic\integrity\BibStringChecker.java,0.9601210951805115,0.0,cli,0.9601210951805115
jabref\src\main\java\org\jabref\gui\auximport\FromAuxDialog.java,1.4740017652511597,88.36553955078125,preferences,88.36553955078125
jabref\src\main\java\org\jabref\logic\formatter\casechanger\SentenceCaseFormatter.java,0.5829218626022339,0.0,cli,0.5829218626022339
jabref\src\test\java\org\jabref\logic\importer\fileformat\PdfContentImporterTest.java,3.1792876720428467,1.8978372812271118,cli,3.1792876720428467
jabref\src\main\java\org\jabref\gui\fieldeditors\LinkedEntriesEditor.java,32.072547912597656,0.0,cli,32.072547912597656
jabref\src\main\java\org\jabref\gui\util\ViewModelTreeCellFactory.java,31.216228485107422,0.0,cli,31.216228485107422
jabref\src\main\java\org\jabref\migrations\CustomEntryTypePreferenceMigration.java,1.459067134419456E-4,0.0,cli,1.459067134419456E-4
jabref\src\test\java\org\jabref\logic\importer\fetcher\OpenAccessDoiTest.java,1.6214861534535885E-4,0.0,cli,1.6214861534535885E-4
jabref\src\test\java\org\jabref\logic\shared\DBMSConnectionPropertiesTest.java,1.883168297354132E-4,2.629356861114502,preferences,2.629356861114502
jabref\src\main\java\org\jabref\gui\fieldeditors\PaginationEditorViewModel.java,2.852221727371216,0.0,cli,2.852221727371216
jabref\src\main\java\org\jabref\gui\mergeentries\newmergedialog\PersonsNameFieldRowView.java,0.46028560400009155,0.4260196387767792,cli,0.46028560400009155
jabref\src\main\java\org\jabref\logic\importer\util\GrobidService.java,25.73617935180664,1.3124281167984009,cli,25.73617935180664
jabref\src\main\java\org\jabref\logic\layout\LayoutEntry.java,6.487227801699191E-5,95.2118148803711,preferences,95.2118148803711
jabref\src\main\java\org\jabref\logic\exporter\OpenDocumentRepresentation.java,20.70561981201172,0.29995453357696533,cli,20.70561981201172
jabref\src\test\java\org\jabref\logic\protectedterms\ProtectedTermsListTest.java,34.57844924926758,0.0,cli,34.57844924926758
jabref\src\main\java\org\jabref\logic\importer\Parser.java,1.7320674669463187E-4,0.0,cli,1.7320674669463187E-4
jabref\src\main\java\org\jabref\logic\exporter\BibDatabaseWriter.java,11.308723449707031,94.75453186035156,preferences,94.75453186035156
jabref\src\test\java\org\jabref\logic\importer\fetcher\INSPIREFetcherTest.java,1.2037337728543207E-4,0.0,cli,1.2037337728543207E-4
jabref\src\main\java\org\jabref\logic\importer\fileformat\IsiImporter.java,0.4521954357624054,0.0,cli,0.4521954357624054
jabref\src\main\java\org\jabref\logic\layout\format\ReplaceUnicodeLigaturesFormatter.java,0.5791297554969788,1.6989575624465942,preferences,1.6989575624465942
jabref\src\main\java\org\jabref\gui\push\AbstractPushToApplication.java,28.377758026123047,82.85590362548828,preferences,82.85590362548828
jabref\src\test\java\org\jabref\logic\citationkeypattern\BracketedPatternTest.java,7.78912944952026E-5,0.22961807250976562,preferences,0.22961807250976562
jabref\src\test\java\org\jabref\logic\formatter\bibtexfields\EscapeDollarSignFormatterTest.java,1.5902469749562442E-4,0.0,cli,1.5902469749562442E-4
jabref\src\main\java\org\jabref\logic\openoffice\frontend\UpdateBibliography.java,1.4254706911742687E-4,0.0,cli,1.4254706911742687E-4
jabref\src\main\java\org\jabref\gui\shared\ConnectToSharedDatabaseCommand.java,1.7320674669463187E-4,0.0,cli,1.7320674669463187E-4
jabref\src\main\java\org\jabref\gui\entryeditor\EntryEditor.java,0.7385395765304565,36.16975021362305,preferences,36.16975021362305
jabref\src\test\java\org\jabref\logic\net\URLUtilTest.java,1.5125398931559175E-4,0.0,cli,1.5125398931559175E-4
jabref\src\main\java\org\jabref\gui\preferences\linkedfiles\LinkedFilesTabViewModel.java,0.6607884168624878,97.51363372802734,preferences,97.51363372802734
jabref\src\main\java\org\jabref\model\pdf\FileAnnotation.java,1.305252080783248E-4,0.0,cli,1.305252080783248E-4
jabref\src\test\java\org\jabref\logic\formatter\minifier\MinifyNameListFormatterTest.java,1.5312459436245263E-4,0.0,cli,1.5312459436245263E-4
jabref\src\main\java\org\jabref\gui\copyfiles\CopyFilesResultListDependency.java,1.7351015412714332E-4,0.0,cli,1.7351015412714332E-4
jabref\src\main\java\org\jabref\logic\exporter\OpenDocumentSpreadsheetCreator.java,0.97237229347229,0.0,cli,0.97237229347229
jabref\src\main\java\org\jabref\gui\entryeditor\EntryEditorPreferences.java,1.4254706911742687E-4,0.6509522795677185,preferences,0.6509522795677185
jabref\src\main\java\org\jabref\logic\bibtex\FieldContentFormatter.java,1.754757285118103,101.62255096435547,preferences,101.62255096435547
jabref\src\main\java\org\jabref\logic\integrity\FileChecker.java,1.8474842309951782,0.0,cli,1.8474842309951782
jabref\src\main\java\org\jabref\logic\importer\util\GroupsParser.java,9.4906644821167,0.0,cli,9.4906644821167
jabref\src\main\java\org\jabref\logic\integrity\BooktitleChecker.java,0.5133616924285889,1.8557066917419434,preferences,1.8557066917419434
jabref\src\test\java\org\jabref\logic\importer\fileformat\MedlineImporterTest.java,1.6763710300438106E-4,0.0,cli,1.6763710300438106E-4
jabref\src\main\java\org\jabref\gui\edit\ManageKeywordsAction.java,1.0946305990219116,1.0,cli,1.0946305990219116
jabref\src\main\java\org\jabref\gui\push\PushToApplication.java,1.720036379992962E-4,0.0,cli,1.720036379992962E-4
jabref\src\main\java\org\jabref\gui\maintable\SearchShortScienceAction.java,1.0152455568313599,36.0,preferences,36.0
jabref\src\main\java\org\jabref\model\entry\types\UnknownEntryType.java,1.6539770876988769E-4,0.0,cli,1.6539770876988769E-4
jabref\src\test\java\org\jabref\model\database\BibDatabaseModeDetectionTest.java,1.3933866284787655E-4,0.0,cli,1.3933866284787655E-4
jabref\src\test\java\org\jabref\logic\remote\RemotePreferencesTest.java,1.6539770876988769E-4,110.12859344482422,preferences,110.12859344482422
jabref\src\main\java\org\jabref\logic\citationstyle\CSLAdapter.java,1.6005254292394966E-4,0.0,cli,1.6005254292394966E-4
jabref\src\main\java\org\jabref\gui\maintable\PersistenceVisualStateTable.java,1.550420420244336E-4,105.27604675292969,preferences,105.27604675292969
jabref\src\main\java\org\jabref\logic\importer\fetcher\transformers\DBLPQueryTransformer.java,1.6763710300438106E-4,0.0,cli,1.6763710300438106E-4
jabref\src\main\java\org\jabref\gui\OpenConsoleAction.java,0.47000423073768616,36.0,preferences,36.0
jabref\src\main\java\org\jabref\gui\preferences\general\GeneralTabViewModel.java,0.8968444466590881,84.9173583984375,preferences,84.9173583984375
jabref\src\main\java\org\jabref\gui\shared\SharedDatabaseLoginDialogView.java,1.1088039875030518,37.40070724487305,preferences,37.40070724487305
jabref\src\main\java\org\jabref\logic\journals\AbbreviationParser.java,0.6531237363815308,0.0,cli,0.6531237363815308
jabref\src\main\java\org\jabref\gui\WaitForSaveFinishedDialog.java,26.66423988342285,0.0,cli,26.66423988342285
jabref\src\jmh\java\org\jabref\benchmarks\Benchmarks.java,1.2524391058832407E-4,0.7391027808189392,preferences,0.7391027808189392
jabref\src\main\java\org\jabref\model\openoffice\util\OOListUtil.java,1.6005254292394966E-4,0.0,cli,1.6005254292394966E-4
jabref\src\main\java\org\jabref\gui\preferences\protectedterms\ProtectedTermsListItemModel.java,1.6763710300438106E-4,97.75852966308594,preferences,97.75852966308594
jabref\src\main\java\org\jabref\logic\importer\PagedSearchBasedParserFetcher.java,1.494285388616845E-4,0.0,cli,1.494285388616845E-4
jabref\src\main\java\org\jabref\logic\openoffice\backend\Codec52.java,0.5124546885490417,0.35916948318481445,cli,0.5124546885490417
jabref\src\main\java\org\jabref\gui\preferences\keybindings\KeyBindingsTab.java,0.8757736086845398,87.1644058227539,preferences,87.1644058227539
jabref\src\main\java\org\jabref\logic\util\io\CitationKeyBasedFileFinder.java,0.9768710732460022,0.5221285820007324,cli,0.9768710732460022
jabref\src\main\java\org\jabref\logic\importer\fileformat\CitaviXmlImporter.java,1.9613357782363892,87.35746765136719,preferences,87.35746765136719
jabref\src\main\java\org\jabref\model\entry\identifier\DOI.java,0.573363721370697,1.4138715267181396,preferences,1.4138715267181396
jabref\src\main\java\org\jabref\logic\integrity\FieldCheckers.java,0.3627701997756958,0.0,cli,0.3627701997756958
jabref\src\main\java\org\jabref\logic\importer\fetcher\transformers\DefaultLuceneQueryTransformer.java,1.6707158647477627E-4,0.0,cli,1.6707158647477627E-4
jabref\src\main\java\org\jabref\logic\bibtex\comparator\IdComparator.java,1.7381462384946644E-4,0.0,cli,1.7381462384946644E-4
jabref\src\test\java\org\jabref\logic\bibtex\comparator\BibDatabaseDiffTest.java,3.7232437133789062,0.0,cli,3.7232437133789062
jabref\src\test\java\org\jabref\logic\layout\LayoutEntryTest.java,37.09922409057617,0.0,cli,37.09922409057617
jabref\src\main\java\org\jabref\gui\preferences\externalfiletypes\EditExternalFileTypeViewModel.java,1.5125398931559175E-4,91.62516021728516,preferences,91.62516021728516
jabref\src\test\java\org\jabref\logic\importer\ImportFormatReaderParameterlessTest.java,0.5716915130615234,0.0,cli,0.5716915130615234
jabref\src\main\java\org\jabref\gui\autocompleter\AppendWordsStrategy.java,1.665098825469613E-4,0.0,cli,1.665098825469613E-4
jabref\src\main\java\org\jabref\gui\push\PushToTexmaker.java,1.0001704692840576,35.0,preferences,35.0
jabref\src\main\java\org\jabref\logic\formatter\bibtexfields\RemoveBracesFormatter.java,0.5644418597221375,0.0,cli,0.5644418597221375
jabref\src\main\java\org\jabref\gui\undo\UndoableKeyChange.java,0.6336730122566223,0.0,cli,0.6336730122566223
jabref\src\main\java\org\jabref\gui\preferences\keybindings\KeyBindingsTabViewModel.java,27.143131256103516,104.95162200927734,preferences,104.95162200927734
jabref\src\main\java\org\jabref\logic\integrity\PersonNamesChecker.java,0.616128146648407,0.0,cli,0.616128146648407
jabref\src\test\java\org\jabref\logic\crawler\StudyYamlParserTest.java,1.609898026799783E-4,0.0,cli,1.609898026799783E-4
jabref\src\test\java\org\jabref\model\entry\MonthTest.java,0.5698045492172241,0.3811032176017761,cli,0.5698045492172241
jabref\src\main\java\org\jabref\preferences\SidePanePreferences.java,1.6430030518677086E-4,97.0560531616211,preferences,97.0560531616211
jabref\src\main\java\org\jabref\logic\exporter\BibtexDatabaseWriter.java,1.2783003330696374E-4,1.0,preferences,1.0
jabref\src\test\java\org\jabref\logic\shared\DBMSTypeTest.java,1.362715265713632E-4,0.0,cli,1.362715265713632E-4
jabref\src\main\java\org\jabref\gui\util\ViewModelListCellFactory.java,35.208255767822266,0.0,cli,35.208255767822266
jabref\src\test\java\org\jabref\logic\formatter\bibtexfields\TrimWhitespaceFormatterTest.java,1.459067134419456E-4,0.0,cli,1.459067134419456E-4
jabref\src\test\java\org\jabref\logic\bst\util\BstNameFormatterTest.java,9.461690933676437E-5,1.5256989002227783,preferences,1.5256989002227783
jabref\src\main\java\org\jabref\model\openoffice\uno\UnoUserDefinedProperty.java,0.627245306968689,1.0,preferences,1.0
jabref\src\main\java\org\jabref\model\openoffice\style\Citation.java,1.3333647802937776E-4,0.0,cli,1.3333647802937776E-4
jabref\src\main\java\org\jabref\gui\preferences\customentrytypes\CustomEntryTypesTab.java,53.31610870361328,69.37122344970703,preferences,69.37122344970703
jabref\src\test\java\org\jabref\logic\importer\fetcher\transformers\CollectionOfComputerScienceBibliographiesQueryTransformerTest.java,1.570081221871078E-4,0.0,cli,1.570081221871078E-4
jabref\src\test\java\org\jabref\model\database\KeyChangeListenerTest.java,1.362715265713632E-4,0.0,cli,1.362715265713632E-4
jabref\src\main\java\org\jabref\model\openoffice\backend\NamedRangeManager.java,1.7081713303923607E-4,0.0,cli,1.7081713303923607E-4
jabref\src\test\java\org\jabref\logic\shared\DBMSSynchronizerTest.java,9.760029206518084E-5,0.0,cli,9.760029206518084E-5
jabref\src\main\java\org\jabref\gui\help\AboutDialogViewModel.java,35.545658111572266,0.5861366987228394,cli,35.545658111572266
jabref\src\test\java\org\jabref\logic\integrity\PagesCheckerBibtexTest.java,1.6214861534535885E-4,0.0,cli,1.6214861534535885E-4
jabref\src\main\java\org\jabref\model\entry\types\IEEETranEntryType.java,1.665098825469613E-4,0.0,cli,1.665098825469613E-4
jabref\src\test\java\org\jabref\logic\bst\BstFunctionsTest.java,17.324052810668945,1.1630594730377197,cli,17.324052810668945
jabref\src\main\java\org\jabref\gui\preferences\keybindings\KeyBindingViewModel.java,19.610567092895508,87.0265884399414,preferences,87.0265884399414
jabref\src\main\java\org\jabref\logic\importer\FulltextFetchers.java,0.8096753358840942,0.4343331456184387,cli,0.8096753358840942
jabref\src\main\java\org\jabref\logic\integrity\MonthChecker.java,0.5644418597221375,0.41738784313201904,cli,0.5644418597221375
jabref\src\main\java\org\jabref\gui\texparser\ParseLatexAction.java,0.5133616924285889,1.0,preferences,1.0
jabref\src\main\java\org\jabref\gui\util\ViewModelTextFieldTableCellVisualizationFactory.java,20.384994506835938,0.0,cli,20.384994506835938
jabref\src\main\java\org\jabref\gui\edit\ManageKeywordsDisplayType.java,1.778723089955747E-4,0.0,cli,1.778723089955747E-4
jabref\src\main\java\org\jabref\logic\journals\JournalAbbreviationPreferences.java,1.6877969028428197E-4,0.4697340428829193,preferences,0.4697340428829193
jabref\src\main\java\org\jabref\logic\bibtex\comparator\CrossRefEntryComparator.java,1.6993794997688383E-4,0.0,cli,1.6993794997688383E-4
jabref\src\main\java\org\jabref\logic\bibtex\comparator\BibEntryDiff.java,1.7320674669463187E-4,0.0,cli,1.7320674669463187E-4
jabref\src\main\java\org\jabref\model\openoffice\style\ComparableCitation.java,1.7660376033745706E-4,0.0,cli,1.7660376033745706E-4
jabref\src\test\java\org\jabref\logic\importer\fileformat\CopacImporterTest.java,1.6539770876988769E-4,0.0,cli,1.6539770876988769E-4
jabref\src\main\java\org\jabref\gui\mergeentries\newmergedialog\cell\FieldValueCellViewModel.java,31.236940383911133,0.5921711325645447,cli,31.236940383911133
jabref\src\test\java\org\jabref\gui\autocompleter\PersonNameSuggestionProviderTest.java,1.0779721196740866E-4,0.0,cli,1.0779721196740866E-4
jabref\src\test\java\org\jabref\logic\importer\fetcher\BvbFetcherTest.java,5.857125759124756,0.7897599339485168,cli,5.857125759124756
jabref\src\main\java\org\jabref\logic\importer\fileformat\MedlinePlainImporter.java,93.5554428100586,14.344249725341797,cli,93.5554428100586
jabref\src\test\java\org\jabref\logic\util\io\FileNameUniquenessTest.java,0.46923622488975525,0.0,cli,0.46923622488975525
jabref\src\main\java\org\jabref\gui\openoffice\StyleSelectDialogView.java,0.45954710245132446,35.0,preferences,35.0
jabref\src\main\java\org\jabref\logic\net\ProxyRegisterer.java,1.570081221871078E-4,0.0,cli,1.570081221871078E-4
jabref\src\main\java\org\jabref\gui\importer\actions\MergeReviewIntoCommentConfirmationDialog.java,2.82021427154541,0.0,cli,2.82021427154541
jabref\src\main\java\org\jabref\gui\importer\fetcher\WebSearchPaneView.java,0.8757736086845398,100.33322143554688,preferences,100.33322143554688
jabref\src\main\java\org\jabref\gui\autocompleter\SuggestionProviders.java,1.6109376156236976E-4,0.4350159466266632,preferences,0.4350159466266632
jabref\src\main\java\org\jabref\logic\formatter\bibtexfields\UnitsToLatexFormatter.java,0.4898941218852997,0.0,cli,0.4898941218852997
jabref\src\test\java\org\jabref\logic\l10n\LocalizationTest.java,1.185778260231018,76.1256103515625,preferences,76.1256103515625
jabref\src\main\java\org\jabref\gui\fieldeditors\FieldEditors.java,1.1586748587433249E-4,106.97840881347656,preferences,106.97840881347656
jabref\src\main\java\org\jabref\logic\citationstyle\CitationStyle.java,16.100330352783203,1.806961178779602,cli,16.100330352783203
jabref\src\test\java\org\jabref\logic\layout\format\AuthorFirstAbbrLastCommasTest.java,1.570081221871078E-4,0.0,cli,1.570081221871078E-4
jabref\src\main\java\org\jabref\logic\net\ssl\SSLPreferences.java,1.7442679381929338E-4,0.0,cli,1.7442679381929338E-4
jabref\src\test\java\org\jabref\logic\bst\util\BstPurifierTest.java,1.5125398931559175E-4,2.145395040512085,preferences,2.145395040512085
jabref\src\main\java\org\jabref\gui\autocompleter\ContentSelectorSuggestionProvider.java,1.6820644668769091E-4,0.0,cli,1.6820644668769091E-4
jabref\src\test\java\org\jabref\model\groups\SearchGroupTest.java,1.459067134419456E-4,0.0,cli,1.459067134419456E-4
jabref\src\main\java\org\jabref\preferences\JabRefPreferences.java,2.6851425170898438,102.81623840332031,preferences,102.81623840332031
jabref\src\test\java\org\jabref\logic\importer\fetcher\CollectionOfComputerScienceBibliographiesParserTest.java,0.6500241160392761,0.9289470911026001,preferences,0.9289470911026001
jabref\src\main\java\org\jabref\gui\preview\PreviewPanel.java,36.57018280029297,89.5754165649414,preferences,89.5754165649414
jabref\src\main\java\org\jabref\migrations\MergeReviewIntoCommentMigration.java,2.6830480098724365,1.0,cli,2.6830480098724365
jabref\src\test\java\org\jabref\logic\importer\fileformat\PdfXmpImporterTest.java,0.639260470867157,1.2590761184692383,preferences,1.2590761184692383
jabref\src\main\java\org\jabref\gui\search\SearchDisplayMode.java,1.1798679828643799,0.0,cli,1.1798679828643799
jabref\src\main\java\org\jabref\logic\importer\fileformat\PdfVerbatimBibTextImporter.java,1.3627701997756958,0.9069089293479919,cli,1.3627701997756958
jabref\src\main\java\org\jabref\model\entry\KeywordList.java,1.2037337728543207E-4,0.28082817792892456,preferences,0.28082817792892456
jabref\src\main\java\org\jabref\logic\importer\fileformat\medline\MeshHeading.java,1.759762380970642E-4,0.0,cli,1.759762380970642E-4
jabref\src\main\java\org\jabref\gui\undo\UndoableInsertString.java,0.4989772439002991,0.0,cli,0.4989772439002991
jabref\src\test\java\org\jabref\logic\journals\AbbreviationsTest.java,1.7081713303923607E-4,0.0,cli,1.7081713303923607E-4
jabref\src\test\java\org\jabref\logic\l10n\JavaLocalizationEntryParserTest.java,32.43533706665039,82.4568099975586,preferences,82.4568099975586
jabref\src\test\java\org\jabref\logic\importer\fileformat\MedlineImporterFilesTest.java,1.5312459436245263E-4,0.0,cli,1.5312459436245263E-4
jabref\src\test\java\org\jabref\logic\bst\util\BstWidthCalculatorTest.java,1.494285388616845E-4,1.830133080482483,preferences,1.830133080482483
jabref\src\main\java\org\jabref\model\openoffice\style\CitedKeys.java,31.216228485107422,0.0,cli,31.216228485107422
jabref\src\main\java\org\jabref\logic\texparser\LatexParser.java,1.747344940667972E-4,0.0,cli,1.747344940667972E-4
jabref\src\main\java\org\jabref\gui\openoffice\DetectOpenOfficeInstallation.java,1.2473211288452148,0.6941341161727905,cli,1.2473211288452148
jabref\src\main\java\org\jabref\logic\autosaveandbackup\BackupManager.java,0.6591363549232483,97.82793426513672,preferences,97.82793426513672
jabref\src\main\java\org\jabref\logic\importer\fetcher\SpringerFetcher.java,2.1532058715820312,1.0,cli,2.1532058715820312
jabref\src\main\java\org\jabref\model\util\TreeCollector.java,1.3933866284787655E-4,0.34706705808639526,preferences,0.34706705808639526
jabref\src\main\java\org\jabref\gui\undo\UndoableInsertEntries.java,0.6680543422698975,0.0,cli,0.6680543422698975
jabref\src\main\java\org\jabref\gui\groups\GroupDialogHeader.java,1.778723089955747E-4,0.0,cli,1.778723089955747E-4
jabref\src\main\java\org\jabref\gui\actions\ActionHelper.java,0.3513195216655731,36.0,preferences,36.0
jabref\src\main\java\org\jabref\logic\formatter\bibtexfields\EscapeUnderscoresFormatter.java,0.6088353395462036,0.0,cli,0.6088353395462036
jabref\src\main\java\org\jabref\logic\formatter\bibtexfields\RemoveHyphenatedNewlinesFormatter.java,28.5617618560791,0.6812981367111206,cli,28.5617618560791
jabref\src\main\java\org\jabref\logic\importer\util\MetaDataParser.java,1.29556143283844,2.725310802459717,preferences,2.725310802459717
jabref\src\main\java\org\jabref\logic\util\io\XMLUtil.java,1.4254706911742687E-4,3.0311622619628906,preferences,3.0311622619628906
jabref\src\main\java\org\jabref\gui\importer\GrobidOptInDialogHelper.java,0.6336860656738281,105.50042724609375,preferences,105.50042724609375
jabref\src\main\java\org\jabref\gui\sidepane\SidePaneViewModel.java,1.1586748587433249E-4,35.0,preferences,35.0
jabref\src\main\java\org\jabref\logic\exporter\ExporterFactory.java,0.5366778373718262,35.441776275634766,preferences,35.441776275634766
jabref\src\test\java\org\jabref\logic\pdf\search\retrieval\PdfSearcherTest.java,1.2783003330696374E-4,0.0,cli,1.2783003330696374E-4
jabref\src\main\java\org\jabref\model\openoffice\rangesort\RangeOverlap.java,0.6815395951271057,0.0,cli,0.6815395951271057
jabref\src\main\java\org\jabref\logic\citationstyle\CitationStylePreviewLayout.java,1.6707158647477627E-4,0.0,cli,1.6707158647477627E-4
jabref\src\main\java\org\jabref\model\openoffice\style\CompareCitedKey.java,1.6214861534535885E-4,0.0,cli,1.6214861534535885E-4
jabref\src\main\java\org\jabref\logic\openoffice\backend\Backend52.java,22.46780776977539,1.4724323749542236,cli,22.46780776977539
jabref\src\main\java\org\jabref\preferences\PreferencesFilter.java,1.4254706911742687E-4,104.21916198730469,preferences,104.21916198730469
jabref\src\test\java\org\jabref\logic\journals\JournalAbbreviationRepositoryTest.java,5.751804351806641,0.3297784626483917,cli,5.751804351806641
jabref\src\main\java\org\jabref\logic\importer\fetcher\isbntobibtex\OpenLibraryIsbnFetcher.java,14.97344970703125,1.0,cli,14.97344970703125
jabref\src\test\java\org\jabref\migrations\ConvertMarkingToGroupsTest.java,1.6321736620739102E-4,0.0,cli,1.6321736620739102E-4
jabref\src\test\java\org\jabref\logic\integrity\PersonNamesCheckerTest.java,1.7451448366045952E-4,0.0,cli,1.7451448366045952E-4
jabref\src\main\java\org\jabref\model\search\rules\SearchRules.java,1.6539770876988769E-4,0.0,cli,1.6539770876988769E-4
jabref\src\main\java\org\jabref\gui\collab\DatabaseChangeMonitor.java,1.6510450839996338,35.0,preferences,35.0
jabref\src\main\java\org\jabref\logic\xmp\XmpUtilWriter.java,1.3745087385177612,0.38244783878326416,cli,1.3745087385177612
jabref\src\test\java\org\jabref\logic\bibtex\comparator\BibStringDiffTest.java,1.2037337728543207E-4,0.0,cli,1.2037337728543207E-4
jabref\src\main\java\org\jabref\logic\shared\DatabaseLocation.java,1.778723089955747E-4,0.0,cli,1.778723089955747E-4
jabref\src\main\java\org\jabref\gui\libraryproperties\saving\SavingPropertiesView.java,1.0152455568313599,35.0,preferences,35.0
jabref\src\test\java\org\jabref\logic\bibtex\comparator\GroupDiffTest.java,27.234935760498047,0.0,cli,27.234935760498047
jabref\src\main\java\org\jabref\gui\desktop\JabRefDesktop.java,52.27255630493164,67.62818145751953,preferences,67.62818145751953
jabref\src\main\java\org\jabref\logic\layout\StringInt.java,1.747344940667972E-4,0.0,cli,1.747344940667972E-4
jabref\src\main\java\org\jabref\gui\documentviewer\DocumentPageViewModel.java,1.7660376033745706E-4,0.0,cli,1.7660376033745706E-4
jabref\src\main\java\org\jabref\gui\util\FileFilterConverter.java,1.115261435508728,0.0,cli,1.115261435508728
jabref\src\test\java\org\jabref\model\search\rules\GrammarBasedSearchRuleTest.java,1.2524391058832407E-4,0.0,cli,1.2524391058832407E-4
jabref\src\main\java\org\jabref\logic\shared\DBMSProcessor.java,5.762594810221344E-5,0.4675867259502411,preferences,0.4675867259502411
jabref\src\main\java\org\jabref\gui\util\BindingsHelper.java,8.666915528010577E-5,0.0,cli,8.666915528010577E-5
jabref\buildSrc\src\copied\java\org\jabref\logic\journals\JournalAbbreviationPreferences.java,1.6935683379415423E-4,0.0,cli,1.6935683379415423E-4
jabref\src\test\java\org\jabref\logic\layout\format\FirstPageTest.java,1.6763710300438106E-4,0.0,cli,1.6763710300438106E-4
jabref\src\main\java\org\jabref\logic\layout\format\CreateDocBook5Editors.java,1.6993794997688383E-4,0.0,cli,1.6993794997688383E-4
jabref\src\main\java\org\jabref\gui\util\CustomRatingSkin.java,1.7442679381929338E-4,0.0,cli,1.7442679381929338E-4
jabref\src\main\java\org\jabref\gui\preferences\keybindings\presets\NewEntryBindingPreset.java,0.42512330412864685,91.62516021728516,preferences,91.62516021728516
jabref\src\main\java\org\jabref\gui\edit\ReplaceStringView.java,1.1156373023986816,0.0,cli,1.1156373023986816
jabref\src\main\java\org\jabref\gui\util\component\TemporalAccessorPicker.java,1.362715265713632E-4,0.5498274564743042,preferences,0.5498274564743042
jabref\src\main\java\org\jabref\model\entry\field\FieldFactory.java,1.2650854587554932,0.6039732694625854,cli,1.2650854587554932
jabref\src\main\java\org\jabref\model\openoffice\rangesort\RangeSortVisual.java,1.362715265713632E-4,0.0,cli,1.362715265713632E-4
jabref\src\test\java\org\jabref\gui\mergeentries\FieldRowViewModelTest.java,9.181050700135529E-5,0.6487327814102173,preferences,0.6487327814102173
jabref\src\main\java\org\jabref\gui\actions\StandardActions.java,64.41121673583984,53.077476501464844,cli,64.41121673583984
jabref\src\main\java\org\jabref\logic\importer\fetcher\CollectionOfComputerScienceBibliographiesFetcher.java,1.4764662773814052E-4,0.0,cli,1.4764662773814052E-4
jabref\src\main\java\org\jabref\gui\specialfields\SpecialFieldAction.java,0.8772921562194824,36.31520462036133,preferences,36.31520462036133
jabref\src\main\java\org\jabref\logic\importer\fetcher\IacrEprintFetcher.java,23.265323638916016,0.0,cli,23.265323638916016
jabref\src\main\java\org\jabref\model\groups\WordKeywordGroup.java,1.1586748587433249E-4,0.5272083282470703,preferences,0.5272083282470703
jabref\src\main\java\org\jabref\model\openoffice\style\CitationPath.java,1.7442679381929338E-4,0.0,cli,1.7442679381929338E-4
jabref\src\main\java\org\jabref\gui\util\component\Tag.java,0.4650941491127014,0.4304707944393158,cli,0.4650941491127014
jabref\src\main\java\org\jabref\model\database\KeyCollisionException.java,1.7230285448022187E-4,0.0,cli,1.7230285448022187E-4
jabref\src\main\java\org\jabref\gui\texparser\ParseLatexDialogView.java,0.89681476354599,35.0,preferences,35.0
jabref\src\test\java\org\jabref\gui\util\ColorUtilTest.java,1.5312459436245263E-4,0.0,cli,1.5312459436245263E-4
jabref\src\main\java\org\jabref\gui\auximport\AuxParserResultViewModel.java,1.0932018756866455,0.0,cli,1.0932018756866455
jabref\src\test\java\org\jabref\logic\texparser\TexBibEntriesResolverTest.java,1.0416946315672249E-4,0.23054268956184387,preferences,0.23054268956184387
jabref\src\main\java\org\jabref\logic\l10n\LocalizationLocator.java,1.7628943896852434E-4,0.0,cli,1.7628943896852434E-4
jabref\src\main\java\org\jabref\cli\ArgumentProcessor.java,160.9765167236328,77.56044006347656,cli,160.9765167236328
jabref\src\main\java\org\jabref\logic\preferences\OwnerPreferences.java,1.6539770876988769E-4,97.51233673095703,preferences,97.51233673095703
jabref\src\main\java\org\jabref\cli\Launcher.java,105.44049072265625,108.32707977294922,preferences,108.32707977294922
jabref\src\test\java\org\jabref\logic\exporter\XmpPdfExporterTest.java,1.5338923931121826,0.0,cli,1.5338923931121826
jabref\src\main\java\org\jabref\preferences\AppearancePreferences.java,1.6321736620739102E-4,96.6904525756836,preferences,96.6904525756836
jabref\src\main\java\org\jabref\model\util\MultiKeyMap.java,1.5902469749562442E-4,0.0,cli,1.5902469749562442E-4
jabref\src\main\java\org\jabref\logic\importer\QueryParser.java,1.6539770876988769E-4,0.4541987180709839,preferences,0.4541987180709839
jabref\src\main\java\org\jabref\gui\importer\ImportAction.java,0.9147480130195618,35.665767669677734,preferences,35.665767669677734
jabref\src\test\java\org\jabref\logic\importer\fetcher\GrobidCitationFetcherTest.java,9.760029206518084E-5,0.0,cli,9.760029206518084E-5
jabref\src\test\java\org\jabref\logic\TypedBibEntryTest.java,1.4764662773814052E-4,0.0,cli,1.4764662773814052E-4
jabref\src\test\java\org\jabref\model\entry\CrossrefTest.java,0.5057703852653503,24.874919891357422,preferences,24.874919891357422
jabref\src\test\java\org\jabref\logic\importer\fetcher\ScienceDirectTest.java,49.10224533081055,0.0,cli,49.10224533081055
jabref\src\main\java\org\jabref\gui\util\ValueTableCellFactory.java,16.37129020690918,0.0,cli,16.37129020690918
jabref\src\test\java\org\jabref\logic\importer\fetcher\CollectionOfComputerScienceBibliographiesFetcherTest.java,13.543411254882812,2.561923027038574,cli,13.543411254882812
jabref\src\main\java\org\jabref\gui\util\uithreadaware\UiThreadListChangeListener.java,1.6877969028428197E-4,0.0,cli,1.6877969028428197E-4
jabref\src\main\java\org\jabref\logic\layout\format\Number.java,1.747344940667972E-4,0.0,cli,1.747344940667972E-4
jabref\src\main\java\org\jabref\gui\groups\GroupViewMode.java,1.778723089955747E-4,0.0,cli,1.778723089955747E-4
jabref\src\test\java\org\jabref\logic\importer\WebFetchersTest.java,3.2551779747009277,0.6244101524353027,cli,3.2551779747009277
jabref\src\test\java\org\jabref\testutils\category\FetcherTest.java,1.747344940667972E-4,0.0,cli,1.747344940667972E-4
jabref\src\main\java\org\jabref\gui\fieldeditors\SimpleEditor.java,1.550420420244336E-4,101.7586669921875,preferences,101.7586669921875
jabref\src\main\java\org\jabref\logic\importer\fetcher\BvbFetcher.java,1.6214861534535885E-4,0.0,cli,1.6214861534535885E-4
jabref\src\main\java\org\jabref\logic\formatter\casechanger\TitleCaseFormatter.java,23.316980361938477,0.6654401421546936,cli,23.316980361938477
jabref\src\test\java\org\jabref\logic\l10n\LocalizationKeyParamsTest.java,51.685546875,0.0,cli,51.685546875
jabref\src\main\java\org\jabref\logic\importer\util\MediaTypes.java,1.747344940667972E-4,0.0,cli,1.747344940667972E-4
jabref\src\test\java\org\jabref\logic\integrity\ISBNCheckerTest.java,0.5504806637763977,0.0,cli,0.5504806637763977
jabref\src\main\java\org\jabref\logic\importer\fetcher\OpenAccessDoi.java,1.6528813284821808E-4,0.0,cli,1.6528813284821808E-4
jabref\src\main\java\org\jabref\logic\openoffice\action\EditInsert.java,32.90928268432617,2.5176548957824707,cli,32.90928268432617
jabref\src\main\java\org\jabref\logic\openoffice\NoDocumentFoundException.java,1.756641431711614E-4,0.0,cli,1.756641431711614E-4
jabref\src\test\java\org\jabref\logic\importer\ImportFormatReaderIntegrationTest.java,0.639260470867157,0.5569824576377869,cli,0.639260470867157
jabref\src\main\java\org\jabref\logic\protectedterms\ProtectedTermsList.java,1.442073262296617E-4,0.0,cli,1.442073262296617E-4
jabref\src\test\java\org\jabref\logic\integrity\MonthCheckerTest.java,21.91324806213379,0.0,cli,21.91324806213379
jabref\src\main\java\org\jabref\logic\shared\exception\OfflineLockException.java,1.7052306793630123E-4,0.0,cli,1.7052306793630123E-4
jabref\src\main\java\org\jabref\gui\fieldeditors\MonthEditorViewModel.java,1.6109376156236976E-4,0.0,cli,1.6109376156236976E-4
jabref\src\main\java\org\jabref\gui\DragAndDropHelper.java,0.49072709679603577,0.0,cli,0.49072709679603577
jabref\src\test\java\org\jabref\gui\groups\GroupNodeViewModelTest.java,8.666915528010577E-5,35.0,preferences,35.0
jabref\src\main\java\org\jabref\logic\journals\AbbreviationFormat.java,1.7320674669463187E-4,0.0,cli,1.7320674669463187E-4
jabref\src\test\java\org\jabref\logic\xmp\XmpUtilWriterTest.java,1.7239367961883545,0.0,cli,1.7239367961883545
jabref\src\test\java\org\jabref\gui\autocompleter\ContentSelectorSuggestionProviderTest.java,1.2276034976821393E-4,0.0,cli,1.2276034976821393E-4
jabref\src\test\java\org\jabref\logic\importer\BibDatabaseFilesTest.java,1.7543691501487046E-4,0.7293499112129211,preferences,0.7293499112129211
jabref\src\main\java\org\jabref\model\openoffice\backend\NamedRange.java,1.6820644668769091E-4,0.0,cli,1.6820644668769091E-4
jabref\src\main\java\org\jabref\logic\bibtex\comparator\GroupDiff.java,1.6539770876988769E-4,0.0,cli,1.6539770876988769E-4
jabref\src\main\java\org\jabref\cli\JabRefCLI.java,164.66812133789062,73.384765625,cli,164.66812133789062
jabref\src\test\java\org\jabref\logic\cleanup\RenamePdfCleanupTest.java,0.6360865831375122,0.4658665657043457,cli,0.6360865831375122
jabref\src\main\java\org\jabref\gui\search\GlobalSearchBar.java,44.46124267578125,36.0,cli,44.46124267578125
jabref\src\main\java\org\jabref\gui\collab\DatabaseChangeListener.java,1.7723576456774026E-4,0.0,cli,1.7723576456774026E-4
jabref\src\test\java\org\jabref\logic\layout\format\RTFCharsTest.java,6.9037299156188965,0.6873944997787476,cli,6.9037299156188965
jabref\src\main\java\org\jabref\logic\cleanup\FieldFormatterCleanup.java,1.3933866284787655E-4,0.34706705808639526,preferences,0.34706705808639526
jabref\src\main\java\org\jabref\model\openoffice\uno\UnoProperties.java,1.4764662773814052E-4,0.0,cli,1.4764662773814052E-4
jabref\src\test\java\org\jabref\gui\util\ControlHelperTest.java,1.550420420244336E-4,0.0,cli,1.550420420244336E-4
jabref\src\main\java\org\jabref\logic\util\UpdateField.java,1.3333647802937776E-4,0.0,cli,1.3333647802937776E-4
jabref\src\main\java\org\jabref\gui\autocompleter\AutoCompletionStrategy.java,1.7755346198100597E-4,0.0,cli,1.7755346198100597E-4
jabref\src\test\java\org\jabref\logic\formatter\casechanger\LowerCaseFormatterTest.java,1.6321736620739102E-4,1.629356861114502,preferences,1.629356861114502
jabref\src\main\java\org\jabref\model\openoffice\style\ComparableCitedKey.java,1.7660376033745706E-4,0.0,cli,1.7660376033745706E-4
jabref\src\main\java\org\jabref\gui\preferences\nameformatter\NameFormatterTab.java,0.46923622488975525,83.86489868164062,preferences,83.86489868164062
jabref\src\test\java\org\jabref\logic\importer\fetcher\PagedSearchFetcherTest.java,1.6877969028428197E-4,0.0,cli,1.6877969028428197E-4
jabref\src\main\java\org\jabref\logic\layout\format\ToUpperCase.java,1.747344940667972E-4,0.0,cli,1.747344940667972E-4
jabref\src\main\java\org\jabref\logic\formatter\casechanger\UnprotectTermsFormatter.java,25.006980895996094,0.0,cli,25.006980895996094
jabref\src\main\java\org\jabref\gui\help\SearchForUpdateAction.java,1.7023000691551715E-4,0.0,cli,1.7023000691551715E-4
jabref\src\main\java\org\jabref\model\entry\EntryLinkList.java,0.8978176116943359,0.0,cli,0.8978176116943359
jabref\src\main\java\org\jabref\logic\shared\DBMSConnectionProperties.java,1.2037337728543207E-4,2.8236193656921387,preferences,2.8236193656921387
jabref\src\main\java\org\jabref\model\entry\field\InternalField.java,29.65250015258789,0.41738784313201904,cli,29.65250015258789
jabref\src\test\java\org\jabref\logic\importer\util\JsonReaderTest.java,1.6214861534535885E-4,0.0,cli,1.6214861534535885E-4
jabref\src\main\java\org\jabref\model\entry\BibEntryType.java,1.2783003330696374E-4,0.6307833790779114,preferences,0.6307833790779114
jabref\src\main\java\org\jabref\logic\TypedBibEntry.java,1.6321736620739102E-4,0.0,cli,1.6321736620739102E-4
jabref\src\test\java\org\jabref\logic\formatter\bibtexfields\RemoveNewlinesFormatterTest.java,1.000161051750183,0.0,cli,1.000161051750183
jabref\src\main\java\org\jabref\preferences\ExternalApplicationsPreferences.java,1.5125398931559175E-4,92.25382232666016,preferences,92.25382232666016
jabref\src\main\java\org\jabref\gui\fieldeditors\FieldEditorFX.java,1.7260308959521353E-4,0.0,cli,1.7260308959521353E-4
jabref\src\main\java\org\jabref\gui\journals\AbbreviateAction.java,0.9393977522850037,1.2808282375335693,preferences,1.2808282375335693
jabref\src\main\java\org\jabref\gui\importer\actions\MergeReviewIntoCommentAction.java,1.6707158647477627E-4,1.0,preferences,1.0
jabref\src\main\java\org\jabref\logic\layout\format\CompositeFormat.java,1.6763710300438106E-4,0.0,cli,1.6763710300438106E-4
jabref\src\main\java\org\jabref\logic\shared\exception\NotASharedDatabaseException.java,1.756641431711614E-4,0.0,cli,1.756641431711614E-4
jabref\src\main\java\org\jabref\model\study\QueryResult.java,1.7381462384946644E-4,0.0,cli,1.7381462384946644E-4
jabref\src\main\java\org\jabref\model\entry\identifier\ARK.java,1.6877969028428197E-4,0.0,cli,1.6877969028428197E-4
jabref\src\main\java\org\jabref\gui\icon\JabRefIkonHandler.java,1.6935683379415423E-4,0.0,cli,1.6935683379415423E-4
jabref\src\main\java\org\jabref\logic\util\io\AutoLinkPreferences.java,1.550420420244336E-4,0.5650973320007324,preferences,0.5650973320007324
jabref\src\main\java\org\jabref\model\entry\types\BiblatexEntryTypeDefinitions.java,3.5499117374420166,14.083744049072266,preferences,14.083744049072266
jabref\src\test\java\org\jabref\logic\search\SearchQueryTest.java,7.793997065164149E-5,0.0,cli,7.793997065164149E-5
jabref\src\main\java\org\jabref\logic\openoffice\frontend\RangeForOverlapCheck.java,0.6687372326850891,0.0,cli,0.6687372326850891
jabref\src\main\java\org\jabref\gui\entryeditor\SourceTab.java,14.470954895019531,2.222346782684326,cli,14.470954895019531
jabref\src\main\java\org\jabref\gui\collab\DatabaseChangeDetailsView.java,1.747344940667972E-4,0.0,cli,1.747344940667972E-4
jabref\src\main\java\org\jabref\logic\formatter\bibtexfields\NormalizeEnDashesFormatter.java,0.602652907371521,0.0,cli,0.602652907371521
jabref\src\main\java\org\jabref\gui\documentviewer\DocumentViewerViewModel.java,0.5640693306922913,35.580711364746094,preferences,35.580711364746094
jabref\src\main\java\org\jabref\gui\fieldeditors\contextmenu\EditorMenus.java,1.1263489723205566,0.0,cli,1.1263489723205566
jabref\src\main\java\org\jabref\model\openoffice\rangesort\RangeSort.java,0.4094827473163605,0.0,cli,0.4094827473163605
jabref\src\main\java\org\jabref\logic\util\strings\HTMLUnicodeConversionMaps.java,36.64944076538086,1.2458007335662842,cli,36.64944076538086
jabref\src\main\java\org\jabref\logic\formatter\bibtexfields\NormalizeDateFormatter.java,0.5965947508811951,0.0,cli,0.5965947508811951
jabref\src\main\java\org\jabref\gui\backup\BackupResolverDialog.java,36.271488189697266,1.3566511869430542,cli,36.271488189697266
jabref\src\main\java\org\jabref\logic\importer\fetcher\transformers\AbstractQueryTransformer.java,1.2037337728543207E-4,0.0,cli,1.2037337728543207E-4
jabref\src\main\java\org\jabref\gui\bibtexextractor\ExtractBibtexAction.java,0.5046331882476807,36.0,preferences,36.0
jabref\src\main\java\org\jabref\gui\help\ErrorConsoleAction.java,1.7504328570794314E-4,0.0,cli,1.7504328570794314E-4
jabref\src\main\java\org\jabref\gui\preferences\external\ExternalTab.java,1.002194881439209,87.1644058227539,preferences,87.1644058227539
jabref\src\main\java\org\jabref\logic\exporter\MetaDataSerializer.java,1.7488712072372437,2.389817714691162,preferences,2.389817714691162
jabref\src\main\java\org\jabref\logic\layout\format\AuthorFirstFirstCommas.java,1.7535316874273121E-4,0.0,cli,1.7535316874273121E-4
jabref\src\test\java\org\jabref\gui\util\FileDialogConfigurationTest.java,0.39495226740837097,0.0,cli,0.39495226740837097
jabref\src\main\java\org\jabref\gui\mergeentries\newmergedialog\cell\FieldNameCell.java,31.727500915527344,0.0,cli,31.727500915527344
jabref\src\main\java\org\jabref\model\entry\field\AMSField.java,1.550420420244336E-4,0.40909889340400696,preferences,0.40909889340400696
jabref\src\main\java\org\jabref\gui\keyboard\KeyBindingCategory.java,1.3033560514450073,0.0,cli,1.3033560514450073
jabref\src\main\java\org\jabref\logic\layout\format\MarkdownFormatter.java,1.6430030518677086E-4,0.0,cli,1.6430030518677086E-4
jabref\src\main\java\org\jabref\logic\l10n\Language.java,1.3933866284787655E-4,1.439375877380371,preferences,1.439375877380371
jabref\src\test\java\org\jabref\logic\l10n\LocalizationEntry.java,4.730277061462402,0.0,cli,4.730277061462402
jabref\src\main\java\org\jabref\gui\maintable\MainTable.java,36.322086334228516,35.544273376464844,cli,36.322086334228516
jabref\src\main\java\org\jabref\logic\importer\fetcher\INSPIREFetcher.java,1.4254706911742687E-4,88.36553955078125,preferences,88.36553955078125
jabref\src\main\java\org\jabref\gui\openoffice\StyleSelectItemViewModel.java,0.6662343144416809,0.4567162096500397,cli,0.6662343144416809
jabref\src\test\java\org\jabref\gui\libraryproperties\contentselectors\ContentSelectorViewModelTest.java,0.6271209716796875,0.5783376693725586,cli,0.6271209716796875
jabref\src\main\java\org\jabref\logic\xmp\DocumentInformationExtractor.java,1.494285388616845E-4,0.9124122262001038,preferences,0.9124122262001038
jabref\src\main\java\org\jabref\logic\l10n\LocalizationKey.java,1.6763710300438106E-4,0.0,cli,1.6763710300438106E-4
jabref\src\main\java\org\jabref\gui\preferences\appearance\AppearanceTabViewModel.java,1.1356709003448486,100.8477783203125,preferences,100.8477783203125
jabref\src\test\java\org\jabref\logic\importer\fetcher\CompositeIdFetcherTest.java,26.390274047851562,2.541205406188965,cli,26.390274047851562
jabref\src\main\java\org\jabref\logic\cleanup\TimeStampToCreationDate.java,1.442073262296617E-4,0.0,cli,1.442073262296617E-4
jabref\src\test\java\org\jabref\logic\formatter\bibtexfields\AddBracesFormatterTest.java,1.5125398931559175E-4,0.0,cli,1.5125398931559175E-4
jabref\src\test\java\org\jabref\logic\layout\format\LastPageTest.java,1.6707158647477627E-4,0.0,cli,1.6707158647477627E-4
jabref\src\main\java\org\jabref\logic\bibtex\comparator\BibDatabaseDiff.java,1.2524391058832407E-4,1.6990807056427002,preferences,1.6990807056427002
jabref\src\main\java\org\jabref\model\entry\BibtexString.java,0.5939826965332031,0.0,cli,0.5939826965332031
jabref\src\main\java\org\jabref\model\openoffice\uno\UnoBookmark.java,1.5312459436245263E-4,0.0,cli,1.5312459436245263E-4
jabref\src\main\java\org\jabref\gui\undo\UndoableChangeType.java,0.6218675374984741,0.0,cli,0.6218675374984741
jabref\src\test\java\org\jabref\logic\search\DatabaseSearcherTest.java,1.1586748587433249E-4,0.0,cli,1.1586748587433249E-4
jabref\src\main\java\org\jabref\gui\JabRefFrame.java,50.43746566772461,45.16148376464844,cli,50.43746566772461
jabref\src\main\java\org\jabref\model\entry\BibEntryTypeBuilder.java,1.362715265713632E-4,0.5498274564743042,preferences,0.5498274564743042
jabref\src\test\java\org\jabref\logic\importer\QueryParserTest.java,1.3333647802937776E-4,0.0,cli,1.3333647802937776E-4
jabref\src\main\java\org\jabref\gui\collab\stringdelete\BibTexStringDelete.java,0.48014217615127563,0.0,cli,0.48014217615127563
jabref\src\main\java\org\jabref\gui\externalfiles\ChainedFilters.java,1.6877969028428197E-4,0.0,cli,1.6877969028428197E-4
jabref\src\main\java\org\jabref\gui\errorconsole\LogEventViewModel.java,1.6321736620739102E-4,0.0,cli,1.6321736620739102E-4
jabref\src\main\java\org\jabref\gui\entryeditor\fileannotationtab\FileAnnotationTabViewModel.java,1.002194881439209,0.34706705808639526,cli,1.002194881439209
jabref\src\test\java\org\jabref\logic\importer\fileformat\ModsImporterFilesTest.java,1.6430030518677086E-4,0.0,cli,1.6430030518677086E-4
jabref\src\test\java\org\jabref\logic\importer\fetcher\transformers\YearAndYearRangeByFilteringQueryTransformerTest.java,1.665098825469613E-4,0.0,cli,1.665098825469613E-4
jabref\src\test\java\org\jabref\logic\autosaveandbackup\BackupManagerTest.java,1.1586748587433249E-4,1.0516752004623413,preferences,1.0516752004623413
jabref\src\main\java\org\jabref\preferences\ImportExportPreferences.java,1.4764662773814052E-4,90.89789581298828,preferences,90.89789581298828
jabref\src\main\java\org\jabref\gui\importer\ImportCustomEntryTypesDialog.java,0.9837279915809631,35.0,preferences,35.0
jabref\src\main\java\org\jabref\logic\layout\format\CurrentDate.java,1.720036379992962E-4,0.0,cli,1.720036379992962E-4
jabref\src\main\java\org\jabref\model\entry\identifier\ISSN.java,0.4509607255458832,0.0,cli,0.4509607255458832
jabref\src\main\java\org\jabref\logic\bst\BstPreviewLayout.java,1.4918262958526611,0.7960433959960938,cli,1.4918262958526611
jabref\src\main\java\org\jabref\logic\JabRefException.java,1.6595193301327527E-4,0.0,cli,1.6595193301327527E-4
jabref\src\main\java\org\jabref\logic\importer\fileformat\PicaXmlParser.java,7.793997065164149E-5,0.0,cli,7.793997065164149E-5
jabref\src\main\java\org\jabref\logic\importer\fetcher\TitleFetcher.java,1.6214861534535885E-4,103.4847640991211,preferences,103.4847640991211
jabref\src\main\java\org\jabref\gui\externalfiles\ImportHandler.java,47.02254104614258,35.301475524902344,cli,47.02254104614258
jabref\src\main\java\org\jabref\gui\copyfiles\CopyFilesDialogViewModel.java,1.7290438700001687E-4,0.0,cli,1.7290438700001687E-4
jabref\src\main\java\org\jabref\gui\util\ViewModelTableRowFactory.java,21.093111038208008,0.0,cli,21.093111038208008
jabref\src\test\java\org\jabref\logic\importer\fetcher\MedraTest.java,1.2276034976821393E-4,0.0,cli,1.2276034976821393E-4
jabref\src\main\java\org\jabref\logic\importer\fetcher\GrobidCitationFetcher.java,1.4764662773814052E-4,0.0,cli,1.4764662773814052E-4
jabref\src\main\java\org\jabref\model\openoffice\rangesort\RangeSortable.java,1.756641431711614E-4,0.0,cli,1.756641431711614E-4
jabref\src\main\java\org\jabref\logic\integrity\ISSNChecker.java,0.602652907371521,0.0,cli,0.602652907371521
jabref\src\main\java\org\jabref\model\pdf\search\SearchFieldConstants.java,1.7230285448022187E-4,0.0,cli,1.7230285448022187E-4
jabref\src\main\java\org\jabref\gui\specialfields\SpecialFieldMenuItemFactory.java,3.537200689315796,35.0,preferences,35.0
jabref\src\test\java\org\jabref\logic\pdf\PdfAnnotationImporterTest.java,0.2384316772222519,0.0,cli,0.2384316772222519
jabref\src\test\java\org\jabref\logic\layout\format\ToUpperCaseTest.java,1.6539770876988769E-4,0.0,cli,1.6539770876988769E-4
jabref\src\main\java\org\jabref\model\texparser\LatexBibEntriesResolverResult.java,1.5902469749562442E-4,0.4260196387767792,preferences,0.4260196387767792
jabref\src\main\java\org\jabref\preferences\BibEntryPreferences.java,1.7290438700001687E-4,100.21971130371094,preferences,100.21971130371094
jabref\src\main\java\org\jabref\gui\externalfiletype\ExternalFileType.java,1.7290438700001687E-4,0.0,cli,1.7290438700001687E-4
jabref\src\main\java\org\jabref\gui\desktop\os\OSX.java,0.5941925644874573,4.9239959716796875,preferences,4.9239959716796875
jabref\src\test\java\org\jabref\logic\layout\format\WrapContentTest.java,1.570081221871078E-4,1.4849052429199219,preferences,1.4849052429199219
jabref\src\main\java\org\jabref\gui\util\DirectoryDialogConfiguration.java,1.6595193301327527E-4,0.0,cli,1.6595193301327527E-4
jabref\src\main\java\org\jabref\logic\importer\fetcher\Medra.java,17.889698028564453,0.0,cli,17.889698028564453
jabref\src\test\java\org\jabref\architecture\MainArchitectureTest.java,142.14369201660156,97.70568084716797,cli,142.14369201660156
jabref\src\main\java\org\jabref\migrations\PreferencesMigrations.java,12.437699317932129,119.23670959472656,preferences,119.23670959472656
jabref\src\main\java\org\jabref\logic\journals\JournalAbbreviationRepository.java,0.43274053931236267,0.28082817792892456,cli,0.43274053931236267
jabref\src\test\java\org\jabref\gui\util\RecursiveTreeItemTest.java,1.5312459436245263E-4,0.0,cli,1.5312459436245263E-4
jabref\src\test\java\org\jabref\logic\layout\format\AuthorLastFirstAbbrOxfordCommasTest.java,1.570081221871078E-4,0.0,cli,1.570081221871078E-4
jabref\src\main\java\org\jabref\gui\collab\stringadd\BibTexStringAdd.java,0.48537689447402954,0.0,cli,0.48537689447402954
jabref\src\main\java\org\jabref\logic\openoffice\action\EditMerge.java,9.760029206518084E-5,0.3510207533836365,preferences,0.3510207533836365
jabref\src\main\java\org\jabref\logic\layout\format\AuthorFirstAbbrLastCommas.java,1.756641431711614E-4,0.0,cli,1.756641431711614E-4
jabref\src\test\java\org\jabref\model\entry\BibtexStringTest.java,0.664474606513977,0.9317331314086914,preferences,0.9317331314086914
jabref\src\main\java\org\jabref\logic\importer\fetcher\BiodiversityLibrary.java,9.760029206518084E-5,1.0,preferences,1.0
jabref\src\main\java\org\jabref\gui\documentviewer\PdfDocumentViewModel.java,1.6595193301327527E-4,0.4567162096500397,preferences,0.4567162096500397
jabref\src\main\java\org\jabref\gui\autocompleter\AutoCompletePreferences.java,1.5800996334291995E-4,0.5998605489730835,preferences,0.5998605489730835
jabref\src\main\java\org\jabref\logic\pdf\TextExtractor.java,1.3933866284787655E-4,0.7809008359909058,preferences,0.7809008359909058
jabref\src\main\java\org\jabref\logic\importer\OpenDatabase.java,1.6595193301327527E-4,0.0,cli,1.6595193301327527E-4
jabref\src\main\java\org\jabref\gui\edit\ManageKeywordsViewModel.java,0.3627701997756958,1.0,preferences,1.0
jabref\src\main\java\org\jabref\gui\edit\automaticfiededitor\MoveFieldValueAction.java,1.550420420244336E-4,0.0,cli,1.550420420244336E-4
jabref\src\main\java\org\jabref\logic\layout\format\ToLowerCase.java,1.747344940667972E-4,0.0,cli,1.747344940667972E-4
jabref\src\test\java\org\jabref\logic\importer\fetcher\ApsFetcherTest.java,1.550420420244336E-4,0.0,cli,1.550420420244336E-4
jabref\src\main\java\org\jabref\logic\openoffice\style\OOFormatBibliography.java,0.30343154072761536,0.0,cli,0.30343154072761536
jabref\src\main\java\org\jabref\logic\openoffice\frontend\UpdateCitationMarkers.java,1.362715265713632E-4,0.0,cli,1.362715265713632E-4
jabref\src\test\java\org\jabref\logic\importer\fileformat\IsiImporterTest.java,0.6418653726577759,0.15722477436065674,cli,0.6418653726577759
jabref\src\main\java\org\jabref\gui\preferences\preview\PreviewTabViewModel.java,44.94943618774414,61.65031051635742,preferences,61.65031051635742
jabref\src\main\java\org\jabref\logic\integrity\TypeChecker.java,0.49619653820991516,0.0,cli,0.49619653820991516
jabref\src\main\java\org\jabref\gui\fieldeditors\contextmenu\ProtectedTermsMenu.java,1.2093724012374878,0.0,cli,1.2093724012374878
jabref\src\main\java\org\jabref\model\openoffice\rangesort\RangeSortEntry.java,1.6763710300438106E-4,0.0,cli,1.6763710300438106E-4
jabref\src\test\java\org\jabref\logic\importer\fetcher\DBLPFetcherTest.java,1.4254706911742687E-4,0.0,cli,1.4254706911742687E-4
jabref\src\main\java\org\jabref\gui\slr\StudyDatabaseItem.java,1.5902469749562442E-4,0.5291675329208374,preferences,0.5291675329208374
jabref\src\test\java\org\jabref\logic\importer\fetcher\MathSciNetTest.java,40.358917236328125,0.0,cli,40.358917236328125
jabref\src\main\java\org\jabref\logic\layout\AbstractParamLayoutFormatter.java,1.570081221871078E-4,0.0,cli,1.570081221871078E-4
jabref\src\main\java\org\jabref\logic\openoffice\style\OOProcessAuthorYearMarkers.java,31.20587730407715,2.912210464477539,cli,31.20587730407715
jabref\src\test\java\org\jabref\gui\externalfiles\AutoSetFileLinksUtilTest.java,1.5312459436245263E-4,0.0,cli,1.5312459436245263E-4
jabref\src\main\java\org\jabref\logic\bst\util\BstWidthCalculator.java,9.181050700135529E-5,0.5068060755729675,preferences,0.5068060755729675
jabref\src\main\java\org\jabref\model\entry\event\FieldChangedEvent.java,1.5125398931559175E-4,0.0,cli,1.5125398931559175E-4
jabref\src\main\java\org\jabref\gui\sidepane\TogglePaneAction.java,1.6820644668769091E-4,0.0,cli,1.6820644668769091E-4
jabref\src\main\java\org\jabref\gui\groups\MoveGroupChange.java,1.7081713303923607E-4,0.0,cli,1.7081713303923607E-4
jabref\src\test\java\org\jabref\logic\layout\format\NameFormatterTest.java,0.6045211553573608,0.0,cli,0.6045211553573608
jabref\src\main\java\org\jabref\logic\openoffice\style\OOProcessNumericMarkers.java,1.665098825469613E-4,0.9191564321517944,preferences,0.9191564321517944
jabref\src\test\java\org\jabref\logic\importer\fileformat\OvidImporterTest.java,0.5936133861541748,0.33716756105422974,cli,0.5936133861541748
jabref\src\main\java\org\jabref\logic\importer\fileformat\RepecNepImporter.java,1.957748532295227,0.0,cli,1.957748532295227
jabref\src\test\java\org\jabref\logic\importer\fileformat\CitaviXmlImporterTest.java,1.6877969028428197E-4,0.0,cli,1.6877969028428197E-4
jabref\src\main\java\org\jabref\logic\util\StandardFileType.java,82.67679595947266,1.567419409751892,cli,82.67679595947266
jabref\src\test\java\org\jabref\migrations\ConvertLegacyExplicitGroupsTest.java,1.5125398931559175E-4,0.0,cli,1.5125398931559175E-4
jabref\src\test\java\org\jabref\logic\layout\format\HTMLParagraphsTest.java,1.5125398931559175E-4,0.0,cli,1.5125398931559175E-4
jabref\src\main\java\org\jabref\logic\importer\ImportCleanup.java,1.6993794997688383E-4,0.0,cli,1.6993794997688383E-4
jabref\src\main\java\org\jabref\logic\integrity\NoBibtexFieldChecker.java,31.30339241027832,0.5650973320007324,cli,31.30339241027832
jabref\src\test\java\org\jabref\logic\integrity\CitationKeyCheckerTest.java,0.41715648770332336,0.0,cli,0.41715648770332336
jabref\src\main\java\org\jabref\model\groups\GroupTreeNode.java,1.0416946315672249E-4,0.0,cli,1.0416946315672249E-4
jabref\src\test\java\org\jabref\gui\importer\fetcher\WebSearchPaneViewModelTest.java,1.5312459436245263E-4,35.0,preferences,35.0
jabref\src\test\java\org\jabref\logic\integrity\TypeCheckerTest.java,1.6430030518677086E-4,0.0,cli,1.6430030518677086E-4
jabref\src\main\java\org\jabref\gui\util\OpenHyperlinksInExternalBrowser.java,35.00015640258789,0.0,cli,35.00015640258789
jabref\src\main\java\org\jabref\logic\net\ssl\SSLCertificate.java,1.442073262296617E-4,0.0,cli,1.442073262296617E-4
jabref\src\test\java\org\jabref\logic\importer\fileformat\CustomImporterTest.java,1.899092603707686E-4,0.0,cli,1.899092603707686E-4
jabref\src\test\java\org\jabref\cli\ArgumentProcessorTest.java,115.76385498046875,35.9371223449707,cli,115.76385498046875
jabref\src\test\java\org\jabref\logic\bibtex\BibEntryWriterTest.java,1.474400520324707,22.16617774963379,preferences,22.16617774963379
jabref\src\main\java\org\jabref\logic\importer\fileformat\MedlineImporter.java,0.0748620331287384,8.014728546142578,preferences,8.014728546142578
jabref\src\main\java\org\jabref\logic\bibtex\InvalidFieldValueException.java,1.7691918765194714E-4,0.0,cli,1.7691918765194714E-4
jabref\src\main\java\org\jabref\logic\bst\BstVM.java,2.109255075454712,0.9121100902557373,cli,2.109255075454712
jabref\src\main\java\org\jabref\logic\integrity\NoteChecker.java,0.5046331882476807,0.0,cli,0.5046331882476807
jabref\src\test\java\org\jabref\logic\pdf\EntryAnnotationImporterTest.java,0.47000423073768616,0.0,cli,0.47000423073768616
jabref\src\main\java\org\jabref\logic\layout\format\Default.java,1.7381462384946644E-4,0.0,cli,1.7381462384946644E-4
jabref\src\test\java\org\jabref\logic\layout\format\EntryTypeFormatterTest.java,1.6820644668769091E-4,0.0,cli,1.6820644668769091E-4
jabref\src\test\java\org\jabref\logic\integrity\DoiValidityCheckerTest.java,1.494285388616845E-4,0.6404961943626404,preferences,0.6404961943626404
jabref\src\test\java\org\jabref\logic\formatter\bibtexfields\EscapeAmpersandsFormatterTest.java,1.6109376156236976E-4,0.0,cli,1.6109376156236976E-4
jabref\src\main\java\org\jabref\gui\edit\CopyMoreAction.java,38.11448287963867,36.568416595458984,cli,38.11448287963867
jabref\src\test\java\org\jabref\logic\layout\format\AuthorsTest.java,1.7694904804229736,0.23562023043632507,cli,1.7694904804229736
jabref\src\main\java\org\jabref\logic\auxparser\AuxParser.java,1.7723576456774026E-4,0.0,cli,1.7723576456774026E-4
jabref\src\main\java\org\jabref\gui\preferences\external\ExternalTabViewModel.java,1.1817940473556519,102.59130859375,preferences,102.59130859375
jabref\src\test\java\org\jabref\logic\integrity\NoBibTexFieldCheckerTest.java,1.6125465631484985,0.0,cli,1.6125465631484985
jabref\src\main\java\org\jabref\logic\importer\fetcher\transformers\ResearchGateQueryTransformer.java,1.6707158647477627E-4,0.0,cli,1.6707158647477627E-4
jabref\src\main\java\org\jabref\gui\push\PushToLyx.java,2.5718207359313965,88.36553955078125,preferences,88.36553955078125
jabref\src\test\java\org\jabref\logic\citationstyle\CitationStyleCacheTest.java,1.6993794997688383E-4,0.0,cli,1.6993794997688383E-4
jabref\src\main\java\org\jabref\gui\autocompleter\PersonNameSuggestionProvider.java,1.550420420244336E-4,0.0,cli,1.550420420244336E-4
jabref\src\main\java\org\jabref\model\search\matchers\NotMatcher.java,1.7320674669463187E-4,0.0,cli,1.7320674669463187E-4
jabref\src\main\java\org\jabref\gui\util\DialogWindowState.java,1.720036379992962E-4,0.0,cli,1.720036379992962E-4
jabref\src\main\java\org\jabref\gui\actions\Action.java,1.747344940667972E-4,0.0,cli,1.747344940667972E-4
jabref\src\main\java\org\jabref\gui\push\PushToLyxSettings.java,1.522397518157959,99.2816162109375,preferences,99.2816162109375
jabref\src\test\java\org\jabref\logic\util\UpdateFieldTest.java,7.420315523631871E-5,0.0,cli,7.420315523631871E-5
jabref\src\test\java\org\jabref\model\entry\identifier\ISBNTest.java,1.4254706911742687E-4,0.0,cli,1.4254706911742687E-4
jabref\src\main\java\org\jabref\gui\texparser\ParseLatexResultView.java,0.42512330412864685,48.9538688659668,preferences,48.9538688659668
jabref\src\main\java\org\jabref\logic\cleanup\UpgradePdfPsToFileCleanup.java,0.5995287299156189,0.0,cli,0.5995287299156189
jabref\src\main\java\org\jabref\gui\edit\automaticfiededitor\NotificationPaneAdapter.java,1.6877969028428197E-4,0.0,cli,1.6877969028428197E-4
jabref\src\main\java\org\jabref\logic\exporter\GroupSerializer.java,9.461690933676437E-5,0.0,cli,9.461690933676437E-5
jabref\src\test\java\org\jabref\logic\bibtex\comparator\CrossRefEntryComparatorTest.java,1.550420420244336E-4,0.0,cli,1.550420420244336E-4
jabref\src\main\java\org\jabref\logic\remote\Protocol.java,0.3750099837779999,0.0,cli,0.3750099837779999
jabref\src\main\java\org\jabref\logic\importer\EntryBasedFetcher.java,1.7628943896852434E-4,0.0,cli,1.7628943896852434E-4
jabref\src\main\java\org\jabref\gui\mergeentries\FetchAndMergeEntry.java,0.8928956985473633,39.62114334106445,preferences,39.62114334106445
jabref\src\main\java\org\jabref\gui\specialfields\SpecialFieldValueViewModel.java,1.084261178970337,4.173637866973877,preferences,4.173637866973877
jabref\src\main\java\org\jabref\logic\shared\DatabaseConnectionProperties.java,1.747344940667972E-4,0.0,cli,1.747344940667972E-4
jabref\src\main\java\org\jabref\gui\dialogs\BackupUIManager.java,1.4254706911742687E-4,35.0,preferences,35.0
jabref\src\main\java\org\jabref\gui\errorconsole\ErrorConsoleView.java,53.57057571411133,0.0,cli,53.57057571411133
jabref\src\main\java\org\jabref\gui\groups\GroupTreeViewModel.java,26.673133850097656,74.85903930664062,preferences,74.85903930664062
jabref\src\main\java\org\jabref\model\entry\identifier\IacrEprint.java,0.41715648770332336,0.0,cli,0.41715648770332336
jabref\src\test\java\org\jabref\logic\importer\fileformat\InspecImporterTest.java,1.2524391058832407E-4,0.0,cli,1.2524391058832407E-4
jabref\src\main\java\org\jabref\gui\shared\SharedDatabaseUIManager.java,12.689148902893066,35.0,preferences,35.0
jabref\src\main\java\org\jabref\gui\slr\SlrStudyAndDirectory.java,1.7260308959521353E-4,0.5743507146835327,preferences,0.5743507146835327
jabref\src\main\java\org\jabref\logic\integrity\EditionChecker.java,0.6319388151168823,0.0,cli,0.6319388151168823
jabref\src\main\java\org\jabref\gui\preferences\network\NetworkTabViewModel.java,52.35097122192383,97.94073486328125,preferences,97.94073486328125
jabref\src\test\java\org\jabref\logic\importer\util\ShortDOIServiceTest.java,1.6993794997688383E-4,0.0,cli,1.6993794997688383E-4
jabref\src\main\java\org\jabref\gui\preferences\groups\GroupsTabViewModel.java,1.6109376156236976E-4,95.30888366699219,preferences,95.30888366699219
jabref\src\test\java\org\jabref\logic\layout\format\ToLowerCaseTest.java,1.6214861534535885E-4,0.0,cli,1.6214861534535885E-4
jabref\src\main\java\org\jabref\logic\logging\LogMessages.java,1.7260308959521353E-4,0.0,cli,1.7260308959521353E-4
jabref\src\main\java\org\jabref\logic\layout\format\AuthorFirstLastOxfordCommas.java,1.756641431711614E-4,0.0,cli,1.756641431711614E-4
jabref\src\test\java\org\jabref\gui\groups\GroupDialogViewModelTest.java,1.362715265713632E-4,35.0,preferences,35.0
jabref\src\test\java\org\jabref\logic\layout\format\DateFormatterTest.java,1.5312459436245263E-4,0.0,cli,1.5312459436245263E-4
jabref\src\main\java\org\jabref\gui\push\PushToEmacsSettings.java,0.4989772439002991,104.642333984375,preferences,104.642333984375
jabref\src\main\java\org\jabref\gui\collab\ChangeScanner.java,0.4750191271305084,35.0,preferences,35.0
jabref\src\main\java\org\jabref\model\entry\field\BiblatexApaField.java,1.494285388616845E-4,0.38609635829925537,preferences,0.38609635829925537
jabref\src\test\java\org\jabref\model\database\DuplicationCheckerTest.java,1.305252080783248E-4,0.0,cli,1.305252080783248E-4
jabref\src\main\java\org\jabref\gui\sidepane\SidePane.java,1.570081221871078E-4,35.0,preferences,35.0
jabref\src\test\java\org\jabref\logic\openoffice\style\OOPreFormatterTest.java,1.362715265713632E-4,0.8354737758636475,preferences,0.8354737758636475
jabref\src\main\java\org\jabref\logic\util\strings\StringSimilarity.java,1.7170546925626695E-4,0.0,cli,1.7170546925626695E-4
jabref\src\main\java\org\jabref\model\openoffice\uno\CreationException.java,1.7660376033745706E-4,0.0,cli,1.7660376033745706E-4
jabref\src\main\java\org\jabref\gui\collab\ExternalChangesResolverViewModel.java,1.494285388616845E-4,0.0,cli,1.494285388616845E-4
jabref\src\main\java\org\jabref\logic\formatter\bibtexfields\RemoveDigitsFormatter.java,0.6067605018615723,0.0,cli,0.6067605018615723
jabref\src\test\java\org\jabref\model\groups\ExplicitGroupTest.java,1.3933866284787655E-4,0.0,cli,1.3933866284787655E-4
jabref\src\main\java\org\jabref\migrations\ConvertLegacyExplicitGroups.java,1.6005254292394966E-4,0.0,cli,1.6005254292394966E-4
jabref\src\main\java\org\jabref\gui\documentviewer\ShowDocumentViewerAction.java,0.5178402066230774,99.94904327392578,preferences,99.94904327392578
jabref\src\main\java\org\jabref\model\openoffice\style\NonUniqueCitationMarker.java,1.7755346198100597E-4,0.0,cli,1.7755346198100597E-4
jabref\src\test\java\org\jabref\logic\layout\format\WrapFileLinksTest.java,0.6605596542358398,88.33506774902344,preferences,88.33506774902344
jabref\src\main\java\org\jabref\logic\bibtex\FieldWriter.java,1.774985671043396,101.09088897705078,preferences,101.09088897705078
jabref\src\main\java\org\jabref\logic\autosaveandbackup\AutosaveManager.java,1.550420420244336E-4,1.0,preferences,1.0
jabref\src\test\java\org\jabref\logic\bibtex\comparator\PreambleDiffTest.java,1.5902469749562442E-4,0.0,cli,1.5902469749562442E-4
jabref\src\main\java\org\jabref\model\database\BibDatabaseMode.java,1.7081713303923607E-4,0.0,cli,1.7081713303923607E-4
jabref\src\main\java\org\jabref\gui\actions\Sources.java,1.778723089955747E-4,0.0,cli,1.778723089955747E-4
jabref\src\test\java\org\jabref\support\CIServerCondition.java,46.85532760620117,0.0,cli,46.85532760620117
jabref\src\test\java\org\jabref\model\entry\field\UnknownFieldTest.java,1.7351015412714332E-4,0.0,cli,1.7351015412714332E-4
jabref\src\main\java\org\jabref\logic\util\io\BackupFileUtil.java,0.4898941218852997,0.5569824576377869,preferences,0.5569824576377869
jabref\src\main\java\org\jabref\logic\importer\fileformat\BibtexParser.java,5.241332530975342,0.4657742977142334,cli,5.241332530975342
jabref\src\test\java\org\jabref\logic\shared\TestManager.java,1.7614499665796757E-4,0.0,cli,1.7614499665796757E-4
jabref\src\test\java\org\jabref\logic\util\strings\StringSimilarityTest.java,1.6707158647477627E-4,0.0,cli,1.6707158647477627E-4
jabref\src\main\java\org\jabref\logic\exporter\EmbeddedBibFilePdfExporter.java,0.9014637470245361,0.705638587474823,cli,0.9014637470245361
jabref\src\main\java\org\jabref\logic\importer\fetcher\DiVA.java,1.6321736620739102E-4,0.0,cli,1.6321736620739102E-4
jabref\src\main\java\org\jabref\logic\citationstyle\CitationStyleGenerator.java,0.6102737188339233,0.0,cli,0.6102737188339233
jabref\src\main\java\org\jabref\gui\theme\ThemeManager.java,0.7343515157699585,0.9289717674255371,preferences,0.9289717674255371
jabref\src\main\java\org\jabref\gui\preferences\customentrytypes\FieldViewModel.java,0.5573738217353821,93.04329681396484,preferences,93.04329681396484
jabref\src\test\java\org\jabref\logic\l10n\LocalizationConsistencyTest.java,7.10950231552124,1.6169835329055786,cli,7.10950231552124
jabref\src\test\java\org\jabref\gui\edit\EditFieldContentTabViewModelTest.java,0.46923622488975525,0.654066264629364,preferences,0.654066264629364
jabref\src\main\java\org\jabref\gui\cleanup\CleanupAction.java,0.9863355755805969,107.80268859863281,preferences,107.80268859863281
jabref\src\main\java\org\jabref\gui\fieldeditors\GenderEditorViewModel.java,0.6912025213241577,0.0,cli,0.6912025213241577
jabref\src\main\java\org\jabref\logic\layout\format\AuthorLastFirst.java,1.756641431711614E-4,0.0,cli,1.756641431711614E-4
jabref\src\main\java\org\jabref\gui\push\PushToApplicationCommand.java,18.827909469604492,36.0,preferences,36.0
jabref\src\main\java\org\jabref\model\entry\event\FieldAddedOrRemovedEvent.java,1.7535316874273121E-4,0.0,cli,1.7535316874273121E-4
jabref\src\main\java\org\jabref\logic\importer\fetcher\transformers\IEEEQueryTransformer.java,1.5125398931559175E-4,0.0,cli,1.5125398931559175E-4
jabref\src\main\java\org\jabref\logic\importer\fileformat\BiblioscapeImporter.java,4.0247111320495605,0.0,cli,4.0247111320495605
jabref\src\main\java\org\jabref\gui\exporter\CreateModifyExporterDialogView.java,0.45557543635368347,94.15440368652344,preferences,94.15440368652344
jabref\src\test\java\org\jabref\logic\importer\fetcher\DOAJFetcherTest.java,1.687104344367981,4.968761444091797,preferences,4.968761444091797
jabref\src\main\java\org\jabref\logic\importer\WebFetchers.java,1.0416946315672249E-4,1.6750118732452393,preferences,1.6750118732452393
jabref\src\test\java\org\jabref\logic\bibtex\FieldWriterTest.java,15.623007774353027,1.460801362991333,cli,15.623007774353027
jabref\src\main\java\org\jabref\logic\formatter\casechanger\CapitalizeFormatter.java,26.08785629272461,0.0,cli,26.08785629272461
jabref\src\main\java\org\jabref\gui\maintable\columns\FieldColumn.java,1.6321736620739102E-4,0.0,cli,1.6321736620739102E-4
jabref\src\main\java\org\jabref\logic\layout\format\AuthorLastFirstAbbreviator.java,1.756641431711614E-4,0.0,cli,1.756641431711614E-4
jabref\src\main\java\org\jabref\logic\importer\FetcherResult.java,1.7381462384946644E-4,0.0,cli,1.7381462384946644E-4
jabref\src\main\java\org\jabref\preferences\CleanupPreferences.java,1.494285388616845E-4,91.3278579711914,preferences,91.3278579711914
jabref\src\test\java\org\jabref\logic\integrity\CitationKeyDeviationCheckerTest.java,0.47000423073768616,0.0,cli,0.47000423073768616
jabref\src\main\java\org\jabref\model\openoffice\style\PageInfo.java,1.5800996334291995E-4,0.0,cli,1.5800996334291995E-4
jabref\src\main\java\org\jabref\gui\fieldeditors\identifier\DoiIdentifierEditorViewModel.java,0.42512330412864685,100.81082916259766,preferences,100.81082916259766
jabref\src\main\java\org\jabref\gui\desktop\os\Linux.java,0.8506797552108765,63.472496032714844,preferences,63.472496032714844
jabref\src\main\java\org\jabref\preferences\PreviewPreferences.java,1.5312459436245263E-4,92.83499908447266,preferences,92.83499908447266
jabref\src\main\java\org\jabref\gui\mergeentries\newmergedialog\diffhighlighter\DiffHighlighter.java,1.3018134832382202,0.0,cli,1.3018134832382202
jabref\src\main\java\org\jabref\gui\JabRefExecutorService.java,4.326827049255371,0.4658665657043457,cli,4.326827049255371
jabref\src\test\java\org\jabref\logic\bibtex\comparator\BibtexStringComparatorTest.java,1.3333647802937776E-4,0.0,cli,1.3333647802937776E-4
jabref\src\main\java\org\jabref\gui\util\BackgroundTask.java,35.807701110839844,0.4532068967819214,cli,35.807701110839844
jabref\src\main\java\org\jabref\logic\layout\format\AuthorFirstLastCommas.java,1.7535316874273121E-4,0.0,cli,1.7535316874273121E-4
jabref\src\main\java\org\jabref\gui\autocompleter\FieldValueSuggestionProvider.java,1.7111223132815212E-4,0.0,cli,1.7111223132815212E-4
jabref\src\main\java\org\jabref\gui\maintable\MainTableDataModel.java,0.5009205341339111,35.0,preferences,35.0
jabref\src\main\java\org\jabref\gui\fieldeditors\OptionEditor.java,1.570081221871078E-4,0.0,cli,1.570081221871078E-4
jabref\src\test\java\org\jabref\logic\layout\format\LatexToUnicodeFormatterTest.java,31.112030029296875,0.6300835609436035,cli,31.112030029296875
jabref\src\main\java\org\jabref\logic\journals\AbbreviationWriter.java,1.665098825469613E-4,0.0,cli,1.665098825469613E-4
jabref\src\main\java\org\jabref\logic\search\DatabaseSearcher.java,1.6539770876988769E-4,0.0,cli,1.6539770876988769E-4
jabref\src\main\java\org\jabref\gui\texparser\CitationsDisplay.java,2.7303123474121094,0.3357536196708679,cli,2.7303123474121094
jabref\src\main\java\org\jabref\gui\entryeditor\fileannotationtab\FulltextSearchResultsTab.java,2.1599531173706055,35.0,preferences,35.0
jabref\src\main\java\org\jabref\logic\remote\server\RemoteMessageHandler.java,1.7691918765194714E-4,0.0,cli,1.7691918765194714E-4
jabref\src\main\java\org\jabref\gui\util\uithreadaware\UiThreadStringProperty.java,0.5680435299873352,0.5257909297943115,cli,0.5680435299873352
jabref\src\test\java\org\jabref\logic\importer\fileformat\PdfVerbatimBibTextImporterTest.java,0.6517452597618103,0.0,cli,0.6517452597618103
jabref\src\test\java\org\jabref\gui\slr\ManageStudyDefinitionViewModelTest.java,1.4254706911742687E-4,0.4743368923664093,preferences,0.4743368923664093
jabref\src\main\java\org\jabref\gui\externalfiles\FileFilterUtils.java,0.6135032773017883,0.0,cli,0.6135032773017883
jabref\src\main\java\org\jabref\model\openoffice\uno\UnoNameAccess.java,1.7230285448022187E-4,0.0,cli,1.7230285448022187E-4
jabref\src\main\java\org\jabref\model\metadata\ContentSelectors.java,1.494285388616845E-4,0.0,cli,1.494285388616845E-4
jabref\src\main\java\org\jabref\model\entry\types\BiblatexApaEntryType.java,1.665098825469613E-4,0.0,cli,1.665098825469613E-4
jabref\src\main\java\org\jabref\gui\preferences\protectedterms\NewProtectedTermsFileDialog.java,1.322719693183899,90.27467346191406,preferences,90.27467346191406
jabref\src\main\java\org\jabref\model\openoffice\uno\UnoCast.java,4.652966022491455,0.0,cli,4.652966022491455
jabref\src\main\java\org\jabref\logic\formatter\Formatters.java,33.91474533081055,0.568489670753479,cli,33.91474533081055
jabref\src\test\java\org\jabref\logic\integrity\UrlCheckerTest.java,0.48014217615127563,0.0,cli,0.48014217615127563
jabref\src\main\java\org\jabref\model\schema\DublinCoreSchemaCustom.java,1.570081221871078E-4,0.0,cli,1.570081221871078E-4
jabref\src\main\java\org\jabref\gui\search\GlobalSearchResultDialog.java,0.3627701997756958,35.0,preferences,35.0
jabref\src\main\java\org\jabref\logic\integrity\PagesChecker.java,0.4509607255458832,0.0,cli,0.4509607255458832
jabref\src\main\java\org\jabref\logic\layout\format\DOICheck.java,1.7111223132815212E-4,0.0,cli,1.7111223132815212E-4
jabref\src\main\java\org\jabref\gui\collab\preamblechange\PreambleChange.java,0.49619653820991516,0.0,cli,0.49619653820991516
jabref\src\test\java\org\jabref\logic\importer\fetcher\CiteSeerTest.java,1.442073262296617E-4,0.0,cli,1.442073262296617E-4
jabref\src\main\java\org\jabref\model\entry\types\BiblatexSoftwareEntryTypeDefinitions.java,15.603978157043457,0.0,cli,15.603978157043457
jabref\src\test\java\org\jabref\logic\layout\format\AuthorFirstLastCommasTest.java,1.4764662773814052E-4,0.0,cli,1.4764662773814052E-4
jabref\src\main\java\org\jabref\gui\util\RadioButtonCell.java,1.550420420244336E-4,0.0,cli,1.550420420244336E-4
jabref\src\test\java\org\jabref\logic\layout\format\ShortMonthFormatterTest.java,1.6430030518677086E-4,0.0,cli,1.6430030518677086E-4
jabref\src\main\java\org\jabref\logic\integrity\BracketChecker.java,0.5965947508811951,0.0,cli,0.5965947508811951
jabref\src\test\java\org\jabref\logic\remote\RemoteCommunicationTest.java,72.01639556884766,0.6654401421546936,cli,72.01639556884766
jabref\src\main\java\org\jabref\gui\fieldeditors\LinkedFileViewModel.java,8.810827255249023,105.12733459472656,preferences,105.12733459472656
jabref\src\main\java\org\jabref\gui\util\TooltipTextUtil.java,0.3875294029712677,1.179307222366333,preferences,1.179307222366333
jabref\src\main\java\org\jabref\logic\importer\fetcher\DoiFetcher.java,26.077268600463867,85.97438049316406,preferences,85.97438049316406
jabref\src\main\java\org\jabref\gui\exporter\SaveDatabaseAction.java,12.412466049194336,95.1513671875,preferences,95.1513671875
jabref\src\main\java\org\jabref\gui\FXDialog.java,1.5312459436245263E-4,0.0,cli,1.5312459436245263E-4
jabref\src\main\java\org\jabref\gui\preferences\customentrytypes\CustomEntryTypeViewModel.java,1.7504328570794314E-4,100.53118896484375,preferences,100.53118896484375
jabref\src\main\java\org\jabref\gui\preferences\nameformatter\NameFormatterItemModel.java,1.6539770876988769E-4,96.920166015625,preferences,96.920166015625
jabref\src\main\java\org\jabref\gui\help\AboutAction.java,1.7320674669463187E-4,0.0,cli,1.7320674669463187E-4
jabref\src\main\java\org\jabref\model\groups\KeywordGroup.java,1.6005254292394966E-4,0.0,cli,1.6005254292394966E-4
jabref\src\main\java\org\jabref\model\search\matchers\MatcherSets.java,1.7412017041351646E-4,0.0,cli,1.7412017041351646E-4
jabref\src\main\java\org\jabref\logic\util\UnknownFileType.java,0.46028560400009155,0.0,cli,0.46028560400009155
jabref\src\main\java\org\jabref\gui\slr\ManageStudyDefinitionViewModel.java,1.0261682271957397,0.8387653231620789,cli,1.0261682271957397
jabref\src\main\java\org\jabref\gui\preferences\table\TableTabViewModel.java,0.4163273572921753,96.82452392578125,preferences,96.82452392578125
jabref\src\test\java\org\jabref\logic\exporter\OpenOfficeDocumentCreatorTest.java,0.4678417146205902,0.5773990154266357,preferences,0.5773990154266357
jabref\src\main\java\org\jabref\gui\groups\GroupDescriptions.java,18.57447624206543,0.0,cli,18.57447624206543
jabref\src\main\java\org\jabref\gui\citationkeypattern\GenerateCitationKeySingleAction.java,0.48537689447402954,35.0,preferences,35.0
jabref\src\main\java\org\jabref\gui\actions\JabRefAction.java,5.07824182510376,0.0,cli,5.07824182510376
jabref\src\main\java\org\jabref\gui\fieldeditors\TextInputControlBehavior.java,1.1168674973305315E-4,0.0,cli,1.1168674973305315E-4
jabref\src\main\java\org\jabref\logic\shared\event\ConnectionLostEvent.java,1.7535316874273121E-4,0.0,cli,1.7535316874273121E-4
jabref\src\main\java\org\jabref\logic\importer\fileformat\MsBibImporter.java,1.459067134419456E-4,0.0,cli,1.459067134419456E-4
jabref\src\main\java\org\jabref\gui\importer\actions\CheckForNewEntryTypesAction.java,1.6005254292394966E-4,0.0,cli,1.6005254292394966E-4
jabref\src\main\java\org\jabref\gui\collab\metedatachange\MetadataChangeDetailsView.java,1.290302038192749,37.11643981933594,preferences,37.11643981933594
jabref\src\main\java\org\jabref\logic\l10n\Localization.java,7.883054256439209,0.3058445155620575,cli,7.883054256439209
jabref\src\main\java\org\jabref\logic\integrity\IntegrityCheck.java,1.459067134419456E-4,0.0,cli,1.459067134419456E-4
jabref\src\main\java\org\jabref\gui\search\rules\describer\ContainsAndRegexBasedSearchRuleDescriber.java,0.6344980001449585,0.0,cli,0.6344980001449585
jabref\src\main\java\org\jabref\gui\entryeditor\FieldsEditorTab.java,13.084673881530762,100.06550598144531,preferences,100.06550598144531
jabref\src\main\java\org\jabref\gui\collab\DatabaseChangesResolverDialog.java,0.5009205341339111,35.0,preferences,35.0
jabref\src\test\java\org\jabref\logic\formatter\casechanger\ProtectTermsFormatterTest.java,1.550420420244336E-4,0.0,cli,1.550420420244336E-4
jabref\src\main\java\org\jabref\gui\push\PushToTeXstudio.java,1.5104188919067383,35.78371047973633,preferences,35.78371047973633
jabref\src\main\java\org\jabref\logic\openoffice\action\ExportCited.java,0.41715648770332336,0.38609635829925537,cli,0.41715648770332336
jabref\src\main\java\org\jabref\gui\util\CustomLocalDragboard.java,1.570081221871078E-4,0.0,cli,1.570081221871078E-4
jabref\src\main\java\org\jabref\gui\util\uithreadaware\UiThreadBinding.java,1.6005254292394966E-4,0.0,cli,1.6005254292394966E-4
jabref\src\main\java\org\jabref\model\strings\LatexToUnicodeAdapter.java,1.6321736620739102E-4,0.0,cli,1.6321736620739102E-4
jabref\src\main\java\org\jabref\logic\database\DuplicateCheck.java,0.615278959274292,0.32809287309646606,cli,0.615278959274292
jabref\src\main\java\org\jabref\gui\push\PushToVimSettings.java,0.49619653820991516,104.51178741455078,preferences,104.51178741455078
jabref\src\main\java\org\jabref\gui\groups\UndoableChangeEntriesOfGroup.java,0.5104188323020935,0.0,cli,0.5104188323020935
jabref\src\main\java\org\jabref\logic\openoffice\style\OOBibStyleGetCitationMarker.java,50.76247787475586,1.5427753925323486,cli,50.76247787475586
jabref\src\main\java\org\jabref\logic\importer\fetcher\transformers\JstorQueryTransformer.java,1.6214861534535885E-4,0.0,cli,1.6214861534535885E-4
jabref\src\main\java\org\jabref\gui\edit\EditAction.java,0.530787467956543,2.830721855163574,preferences,2.830721855163574
jabref\src\main\java\org\jabref\gui\preferences\general\GeneralTab.java,0.9542004466056824,90.94176483154297,preferences,90.94176483154297
jabref\src\test\java\org\jabref\support\DisabledOnCIServer.java,1.7535316874273121E-4,0.0,cli,1.7535316874273121E-4
jabref\src\main\java\org\jabref\gui\search\SearchTextField.java,0.5223975777626038,0.0,cli,0.5223975777626038
jabref\src\main\java\org\jabref\gui\preferences\customimporter\CustomImporterTab.java,0.5942084193229675,93.20362091064453,preferences,93.20362091064453
jabref\src\main\java\org\jabref\gui\dialogs\AutosaveUiManager.java,1.7023000691551715E-4,0.0,cli,1.7023000691551715E-4
jabref\src\main\java\org\jabref\gui\integrity\IntegrityCheckDialog.java,0.32092970609664917,0.0,cli,0.32092970609664917
jabref\src\main\java\org\jabref\model\groups\RegexKeywordGroup.java,0.4334004521369934,0.0,cli,0.4334004521369934
jabref\src\test\java\org\jabref\logic\layout\format\AuthorLastFirstTest.java,1.570081221871078E-4,0.0,cli,1.570081221871078E-4
jabref\src\main\java\org\jabref\gui\preferences\citationkeypattern\CitationKeyPatternTab.java,0.38806697726249695,88.36553955078125,preferences,88.36553955078125
jabref\src\main\java\org\jabref\model\ChainNode.java,1.4764662773814052E-4,0.7579861879348755,preferences,0.7579861879348755
jabref\src\main\java\org\jabref\logic\shared\MySQLProcessor.java,2.466187870595604E-4,35.14228057861328,preferences,35.14228057861328
jabref\src\test\java\org\jabref\logic\l10n\LocalizationKeyTest.java,2.915358066558838,0.9069592952728271,cli,2.915358066558838
jabref\src\main\java\org\jabref\model\openoffice\rangesort\RangeHolder.java,1.7723576456774026E-4,0.0,cli,1.7723576456774026E-4
jabref\src\test\java\org\jabref\model\entry\KeywordTest.java,1.6539770876988769E-4,0.4541987180709839,preferences,0.4541987180709839
jabref\src\main\java\org\jabref\logic\shared\listener\OracleNotificationListener.java,1.7412017041351646E-4,0.0,cli,1.7412017041351646E-4
jabref\src\main\java\org\jabref\gui\menus\ChangeEntryTypeAction.java,0.48014217615127563,0.0,cli,0.48014217615127563
jabref\src\test\java\org\jabref\logic\integrity\ASCIICharacterCheckerTest.java,1.4764662773814052E-4,0.0,cli,1.4764662773814052E-4
jabref\src\test\java\org\jabref\logic\formatter\bibtexfields\NormalizeDateFormatterTest.java,1.2524391058832407E-4,0.0,cli,1.2524391058832407E-4
jabref\src\test\java\org\jabref\model\entry\identifier\IacrEprintTest.java,1.6005254292394966E-4,0.0,cli,1.6005254292394966E-4
jabref\src\main\java\org\jabref\gui\collab\stringrename\BibTexStringRenameDetailsView.java,1.6935683379415423E-4,0.0,cli,1.6935683379415423E-4
jabref\src\main\java\org\jabref\gui\fieldeditors\URLUtil.java,1.033751368522644,0.0,cli,1.033751368522644
jabref\src\main\java\org\jabref\gui\preferences\customexporter\CustomExporterTabViewModel.java,1.5125398931559175E-4,105.72801208496094,preferences,105.72801208496094
jabref\src\main\java\org\jabref\logic\integrity\ValidCitationKeyChecker.java,0.6088353395462036,0.0,cli,0.6088353395462036
jabref\src\main\java\org\jabref\gui\preferences\customentrytypes\CustomEntryTypesTabViewModel.java,0.5366778373718262,78.6437759399414,preferences,78.6437759399414
jabref\buildSrc\src\copied\java\org\jabref\logic\journals\JournalAbbreviationLoader.java,0.6493273973464966,0.0,cli,0.6493273973464966
jabref\src\test\java\org\jabref\logic\importer\fetcher\isbntobibtex\IsbnFetcherTest.java,1.5960627933964133E-4,0.5387542247772217,preferences,0.5387542247772217
jabref\src\main\java\org\jabref\logic\formatter\casechanger\Title.java,1.6430030518677086E-4,0.0,cli,1.6430030518677086E-4
jabref\src\main\java\org\jabref\logic\exporter\XmpPdfExporter.java,0.49072709679603577,0.0,cli,0.49072709679603577
jabref\src\main\java\org\jabref\gui\fieldeditors\OptionEditorViewModel.java,1.720036379992962E-4,0.0,cli,1.720036379992962E-4
jabref\src\test\java\org\jabref\logic\database\DatabaseMergerTest.java,8.666915528010577E-5,0.0,cli,8.666915528010577E-5
jabref\src\test\java\org\jabref\logic\crawler\StudyDatabaseToFetcherConverterTest.java,1.4764662773814052E-4,35.0,preferences,35.0
jabref\src\main\java\org\jabref\logic\exporter\SaveConfiguration.java,24.17912483215332,0.0,cli,24.17912483215332
jabref\src\main\java\module-info.java,101.0061264038086,1.636955738067627,cli,101.0061264038086
jabref\src\main\java\org\jabref\logic\shared\exception\SharedEntryNotPresentException.java,1.7260308959521353E-4,0.0,cli,1.7260308959521353E-4
jabref\src\test\java\org\jabref\logic\layout\format\RemoveTildeTest.java,0.5716915130615234,0.0,cli,0.5716915130615234
jabref\src\test\java\org\jabref\migrations\SpecialFieldsToSeparateFieldsTest.java,1.8485914915800095E-4,0.0,cli,1.8485914915800095E-4
jabref\src\main\java\org\jabref\model\openoffice\uno\UnoRedlines.java,0.4650941491127014,0.0,cli,0.4650941491127014
jabref\src\test\java\org\jabref\logic\layout\format\AuthorLastFirstOxfordCommasTest.java,1.570081221871078E-4,0.0,cli,1.570081221871078E-4
jabref\src\test\java\org\jabref\gui\autocompleter\DefaultAutoCompleterTest.java,1.2037337728543207E-4,0.0,cli,1.2037337728543207E-4
jabref\src\test\java\org\jabref\logic\layout\format\AuthorLF_FFAbbrTest.java,1.6993794997688383E-4,0.0,cli,1.6993794997688383E-4
jabref\src\test\java\org\jabref\logic\layout\format\AuthorFirstAbbrLastOxfordCommasTest.java,1.570081221871078E-4,0.0,cli,1.570081221871078E-4
jabref\src\main\java\org\jabref\model\openoffice\ootext\OOFormat.java,0.4420062303543091,0.0,cli,0.4420062303543091
jabref\src\main\java\org\jabref\gui\duplicationFinder\DuplicateSearch.java,0.8516520857810974,36.573997497558594,preferences,36.573997497558594
jabref\src\main\java\org\jabref\logic\layout\format\XMLChars.java,1.4254706911742687E-4,0.0,cli,1.4254706911742687E-4
jabref\src\main\java\org\jabref\logic\importer\Importer.java,1.2276034976821393E-4,0.0,cli,1.2276034976821393E-4
jabref\src\main\java\org\jabref\logic\crawler\StudyFetcher.java,45.53315353393555,0.0,cli,45.53315353393555
jabref\src\main\java\org\jabref\model\openoffice\rangesort\RangeOverlapBetween.java,0.5009205341339111,0.0,cli,0.5009205341339111
jabref\src\main\java\org\jabref\logic\util\strings\StringLengthComparator.java,1.7290438700001687E-4,0.0,cli,1.7290438700001687E-4
jabref\src\main\java\org\jabref\gui\search\rules\describer\SearchDescriber.java,1.7628943896852434E-4,0.0,cli,1.7628943896852434E-4
jabref\src\main\java\org\jabref\gui\util\comparator\SpecialFieldComparator.java,1.6993794997688383E-4,0.0,cli,1.6993794997688383E-4
jabref\src\main\java\org\jabref\logic\layout\format\NotFoundFormatter.java,0.5254805684089661,0.0,cli,0.5254805684089661
jabref\src\main\java\org\jabref\gui\commonfxcontrols\FieldFormatterCleanupsPanelViewModel.java,1.570081221871078E-4,0.0,cli,1.570081221871078E-4
jabref\src\test\java\org\jabref\logic\importer\util\FileFieldParserTest.java,0.6415096521377563,1.836205005645752,preferences,1.836205005645752
jabref\src\main\java\org\jabref\logic\layout\format\WrapContent.java,1.6820644668769091E-4,0.0,cli,1.6820644668769091E-4
jabref\src\main\java\org\jabref\gui\edit\ReplaceStringAction.java,0.5178402066230774,1.0,preferences,1.0
jabref\src\main\java\org\jabref\migrations\ConvertMarkingToGroups.java,0.7759914398193359,0.0,cli,0.7759914398193359
jabref\src\main\java\org\jabref\gui\openoffice\StyleSelectDialogViewModel.java,2.7232253551483154,35.0,preferences,35.0
jabref\src\main\java\org\jabref\logic\importer\fetcher\isbntobibtex\DoiToBibtexConverterComIsbnFetcher.java,18.454442977905273,0.0,cli,18.454442977905273
jabref\src\main\java\org\jabref\logic\integrity\EntryChecker.java,1.7660376033745706E-4,0.0,cli,1.7660376033745706E-4
jabref\src\main\java\org\jabref\gui\mergeentries\newmergedialog\ThreeWayMergeHeaderView.java,0.48014217615127563,0.0,cli,0.48014217615127563
jabref\src\main\java\org\jabref\gui\specialfields\SpecialFieldsPreferences.java,1.7260308959521353E-4,0.48780936002731323,preferences,0.48780936002731323
jabref\src\test\java\org\jabref\gui\commonfxcontrols\SaveOrderPanelViewModelTest.java,1.4254706911742687E-4,0.0,cli,1.4254706911742687E-4
jabref\src\main\java\org\jabref\gui\util\NoSelectionModel.java,1.6430030518677086E-4,0.0,cli,1.6430030518677086E-4
jabref\src\main\java\org\jabref\model\database\BibDatabases.java,1.7320674669463187E-4,0.0,cli,1.7320674669463187E-4
jabref\src\main\java\org\jabref\logic\importer\fileformat\MrDLibImporter.java,17.947235107421875,0.0,cli,17.947235107421875
jabref\src\main\java\org\jabref\gui\openoffice\OOBibBaseConnect.java,0.5044358968734741,0.9622085094451904,preferences,0.9622085094451904
jabref\src\main\java\org\jabref\gui\collab\DatabaseChangeList.java,1.4254706911742687E-4,0.0,cli,1.4254706911742687E-4
jabref\src\main\java\org\jabref\gui\push\PushToApplicationSettings.java,1.489894151687622,103.05764770507812,preferences,103.05764770507812
jabref\src\main\java\org\jabref\gui\util\uithreadaware\UiThreadObservableList.java,1.2524391058832407E-4,0.4167592227458954,preferences,0.4167592227458954
jabref\src\main\java\org\jabref\logic\importer\fetcher\transformers\YearRangeByFilteringQueryTransformer.java,1.6877969028428197E-4,0.0,cli,1.6877969028428197E-4
jabref\src\main\java\org\jabref\gui\theme\StyleSheetFile.java,0.37499240040779114,1.3272862434387207,preferences,1.3272862434387207
jabref\src\main\java\org\jabref\model\entry\Keyword.java,1.4254706911742687E-4,0.4743368923664093,preferences,0.4743368923664093
jabref\src\test\java\org\jabref\logic\bst\BstVMTest.java,17.33932876586914,0.8108459711074829,cli,17.33932876586914
jabref\src\main\java\org\jabref\logic\layout\format\FormatPagesForXML.java,1.756641431711614E-4,0.0,cli,1.756641431711614E-4
jabref\src\main\java\org\jabref\logic\layout\format\DocBookVersion.java,1.7723576456774026E-4,0.0,cli,1.7723576456774026E-4
jabref\src\main\java\org\jabref\model\database\event\AutosaveEvent.java,1.778723089955747E-4,0.0,cli,1.778723089955747E-4
jabref\src\main\java\org\jabref\model\database\event\EntriesRemovedEvent.java,1.7351015412714332E-4,0.0,cli,1.7351015412714332E-4
jabref\src\test\java\org\jabref\logic\importer\fileformat\BiblioscapeImporterFilesTest.java,1.6595193301327527E-4,0.0,cli,1.6595193301327527E-4
jabref\src\main\java\org\jabref\gui\cleanup\CleanupSingleAction.java,1.02029550075531,107.93699645996094,preferences,107.93699645996094
jabref\src\main\java\org\jabref\gui\autocompleter\PersonNameStringConverter.java,1.6005254292394966E-4,100.0639419555664,preferences,100.0639419555664
jabref\src\test\java\org\jabref\logic\importer\fileformat\EndnoteImporterTest.java,0.5708057284355164,1.0397942066192627,preferences,1.0397942066192627
jabref\src\main\java\org\jabref\model\study\Study.java,1.442073262296617E-4,0.0,cli,1.442073262296617E-4
jabref\src\main\java\org\jabref\gui\mergeentries\newmergedialog\cell\OpenExternalLinkAction.java,32.1910285949707,0.0,cli,32.1910285949707
jabref\src\main\java\org\jabref\logic\citationkeypattern\GlobalCitationKeyPattern.java,1.7290438700001687E-4,0.0,cli,1.7290438700001687E-4
jabref\src\main\java\org\jabref\gui\edit\CopyDoiUrlAction.java,36.26188278198242,0.0,cli,36.26188278198242
jabref\src\main\java\org\jabref\logic\layout\format\NameFormatter.java,2.035679578781128,0.0,cli,2.035679578781128
jabref\src\main\java\org\jabref\logic\importer\ParserResult.java,0.6020179986953735,0.46366065740585327,cli,0.6020179986953735
jabref\src\main\java\org\jabref\gui\LibraryTab.java,1.1373109817504883,35.80549240112305,preferences,35.80549240112305
jabref\src\test\java\org\jabref\migrations\MergeReviewIntoCommentActionMigrationTest.java,2.7102818489074707,1.9754633903503418,cli,2.7102818489074707
jabref\src\main\java\org\jabref\gui\fieldeditors\contextmenu\DefaultMenu.java,0.5640693306922913,0.46366065740585327,cli,0.5640693306922913
jabref\src\main\java\org\jabref\logic\layout\format\CreateBibORDFAuthors.java,1.5312459436245263E-4,2.1915817260742188,preferences,2.1915817260742188
jabref\src\main\java\org\jabref\gui\entryeditor\fileannotationtab\FileAnnotationTab.java,1.2341824769973755,0.0,cli,1.2341824769973755
jabref\src\main\java\org\jabref\logic\openoffice\backend\NamedRangeReferenceMark.java,7.793997065164149E-5,0.0,cli,7.793997065164149E-5
jabref\src\main\java\org\jabref\model\database\event\EntriesAddedEvent.java,1.7023000691551715E-4,0.0,cli,1.7023000691551715E-4
jabref\src\test\java\org\jabref\logic\bst\BstPreviewLayoutTest.java,2.1119046211242676,2.1787919998168945,preferences,2.1787919998168945
jabref\src\main\java\org\jabref\logic\shared\DBMSConnectionPropertiesBuilder.java,1.5902469749562442E-4,2.8061559200286865,preferences,2.8061559200286865
jabref\src\main\java\org\jabref\logic\importer\FulltextFetcher.java,1.7504328570794314E-4,0.0,cli,1.7504328570794314E-4
jabref\src\main\java\org\jabref\logic\bst\BstFunctions.java,48.70600891113281,2.688300371170044,cli,48.70600891113281
jabref\src\main\java\org\jabref\gui\collab\stringadd\BibTexStringAddDetailsView.java,0.6336730122566223,0.0,cli,0.6336730122566223
jabref\src\test\java\org\jabref\logic\cleanup\CleanupWorkerTest.java,1.0302186012268066,0.5966102480888367,cli,1.0302186012268066
jabref\src\main\java\org\jabref\gui\preferences\PreferencesDialogView.java,0.8525460362434387,92.76628112792969,preferences,92.76628112792969
jabref\src\main\java\org\jabref\gui\keyboard\KeyBindingRepository.java,1.2276034976821393E-4,0.0,cli,1.2276034976821393E-4
jabref\src\main\java\org\jabref\gui\fieldeditors\LinkedEntriesEditorViewModel.java,1.6214861534535885E-4,0.0,cli,1.6214861534535885E-4
jabref\src\main\java\org\jabref\logic\crawler\StudyDatabaseToFetcherConverter.java,1.6214861534535885E-4,0.43965813517570496,preferences,0.43965813517570496
jabref\src\main\java\org\jabref\gui\externalfiles\UnlinkedFilesDialogViewModel.java,1.3247486352920532,104.23277282714844,preferences,104.23277282714844
jabref\src\main\java\org\jabref\logic\shared\listener\PostgresSQLNotificationListener.java,1.6539770876988769E-4,0.0,cli,1.6539770876988769E-4
jabref\src\main\java\org\jabref\gui\preferences\ShowPreferencesAction.java,1.720036379992962E-4,99.39323425292969,preferences,99.39323425292969
jabref\src\test\java\org\jabref\logic\formatter\casechanger\UpperCaseFormatterTest.java,1.6214861534535885E-4,1.7849555015563965,preferences,1.7849555015563965
jabref\src\main\java\org\jabref\gui\preferences\nameformatter\NameFormatterTabViewModel.java,1.494285388616845E-4,100.34693908691406,preferences,100.34693908691406
jabref\src\main\java\org\jabref\model\openoffice\style\CitationType.java,1.7504328570794314E-4,0.0,cli,1.7504328570794314E-4
jabref\src\test\java\org\jabref\logic\pdf\search\indexing\DocumentReaderTest.java,1.7775627374649048,0.9517532587051392,cli,1.7775627374649048
jabref\src\main\java\org\jabref\gui\preferences\AbstractPreferenceTabView.java,1.6820644668769091E-4,97.9716796875,preferences,97.9716796875
jabref\src\test\java\org\jabref\gui\exporter\ExportToClipboardActionTest.java,35.95248031616211,101.72289276123047,preferences,101.72289276123047
jabref\src\main\java\org\jabref\logic\importer\fetcher\AstrophysicsDataSystem.java,8.666915528010577E-5,82.28752899169922,preferences,82.28752899169922
jabref\src\main\java\org\jabref\model\groups\AbstractGroup.java,1.362715265713632E-4,0.0,cli,1.362715265713632E-4
jabref\src\test\java\org\jabref\gui\groups\GroupTreeViewModelTest.java,15.114487648010254,35.0,preferences,35.0
jabref\src\test\java\org\jabref\logic\importer\fileformat\ImporterTestEngine.java,1.494285388616845E-4,0.6404961943626404,preferences,0.6404961943626404
jabref\src\main\java\org\jabref\gui\preferences\externalfiletypes\ExternalFileTypeItemViewModel.java,0.4650941491127014,94.9190902709961,preferences,94.9190902709961
jabref\src\test\java\org\jabref\logic\importer\fetcher\transformers\GVKQueryTransformerTest.java,24.689716339111328,1.8783138990402222,cli,24.689716339111328
jabref\src\main\java\org\jabref\gui\entryeditor\OptionalFieldsTab.java,0.4989772439002991,97.54681396484375,preferences,97.54681396484375
jabref\src\main\java\org\jabref\gui\texparser\ReferenceViewModel.java,1.6595193301327527E-4,0.0,cli,1.6595193301327527E-4
jabref\src\test\java\org\jabref\logic\integrity\IntegrityCheckTest.java,0.8126795291900635,1.1473435163497925,preferences,1.1473435163497925
jabref\src\main\java\org\jabref\gui\util\JabRefResourceLocator.java,3.6207056045532227,0.0,cli,3.6207056045532227
jabref\src\main\java\org\jabref\model\openoffice\style\CitationGroups.java,57.61697006225586,2.54288649559021,cli,57.61697006225586
jabref\src\main\java\org\jabref\model\groups\AutomaticPersonsGroup.java,1.5902469749562442E-4,0.4260196387767792,preferences,0.4260196387767792
jabref\src\main\java\org\jabref\logic\xmp\XmpPreferences.java,1.6763710300438106E-4,0.5578259229660034,preferences,0.5578259229660034
jabref\src\main\java\org\jabref\gui\copyfiles\CopyFilesAction.java,1.0324257612228394,36.0,preferences,36.0
jabref\src\main\java\org\jabref\gui\preferences\entry\EntryTab.java,0.9687279462814331,91.62516021728516,preferences,91.62516021728516
jabref\src\main\java\org\jabref\gui\mergeentries\MultiMergeEntriesViewModel.java,1.4764662773814052E-4,0.6122680902481079,preferences,0.6122680902481079
jabref\src\test\java\org\jabref\logic\formatter\bibtexfields\HtmlToUnicodeFormatterTest.java,1.5800996334291995E-4,0.0,cli,1.5800996334291995E-4
jabref\src\main\java\org\jabref\gui\undo\UndoablePreambleChange.java,0.5104188323020935,0.0,cli,0.5104188323020935
jabref\src\main\java\org\jabref\logic\pdf\FileAnnotationCache.java,1.5800996334291995E-4,0.0,cli,1.5800996334291995E-4
jabref\src\main\java\org\jabref\gui\fieldeditors\CitationKeyEditor.java,1.570081221871078E-4,105.63300323486328,preferences,105.63300323486328
jabref\src\main\java\org\jabref\model\util\OptionalUtil.java,1.3333647802937776E-4,0.0,cli,1.3333647802937776E-4
jabref\src\main\java\org\jabref\gui\edit\automaticfiededitor\editfieldcontent\EditFieldContentTabView.java,1.0324257612228394,0.0,cli,1.0324257612228394
jabref\src\main\java\org\jabref\logic\importer\EntryBasedParserFetcher.java,1.5902469749562442E-4,0.0,cli,1.5902469749562442E-4
jabref\src\main\java\org\jabref\logic\formatter\bibtexfields\EscapeAmpersandsFormatter.java,3.8960089683532715,0.0,cli,3.8960089683532715
jabref\src\test\java\org\jabref\model\search\rules\MockSearchMatcher.java,1.747344940667972E-4,0.0,cli,1.747344940667972E-4
jabref\src\main\java\org\jabref\preferences\PreferencesService.java,0.5867640376091003,96.1039047241211,preferences,96.1039047241211
jabref\src\main\java\org\jabref\logic\integrity\IntegrityMessage.java,0.45557543635368347,0.0,cli,0.45557543635368347
jabref\src\main\java\org\jabref\model\openoffice\style\OODataModel.java,3.993894497398287E-4,0.4541987180709839,preferences,0.4541987180709839
jabref\src\main\java\org\jabref\logic\remote\RemoteUtil.java,1.7628943896852434E-4,0.0,cli,1.7628943896852434E-4
jabref\src\test\java\org\jabref\logic\importer\fetcher\MrDLibFetcherTest.java,39.39608383178711,0.0,cli,39.39608383178711
jabref\src\main\java\org\jabref\gui\mergeentries\MergeWithFetchedEntryAction.java,1.0152455568313599,39.53699493408203,preferences,39.53699493408203
jabref\src\main\java\org\jabref\logic\layout\format\AuthorLF_FFAbbr.java,1.7442679381929338E-4,0.0,cli,1.7442679381929338E-4
jabref\src\test\java\org\jabref\logic\integrity\DoiDuplicationCheckerTest.java,0.6517452597618103,1.3574306964874268,preferences,1.3574306964874268
jabref\src\main\java\org\jabref\logic\importer\fetcher\transformers\ArXivQueryTransformer.java,24.953187942504883,0.0,cli,24.953187942504883
jabref\src\test\java\org\jabref\logic\importer\fileformat\BibtexImporterTest.java,0.482233464717865,3.4547393321990967,preferences,3.4547393321990967
jabref\src\main\java\org\jabref\logic\protectedterms\ProtectedTermsParser.java,3.77862811088562,0.0,cli,3.77862811088562
jabref\src\main\java\org\jabref\logic\integrity\DoiDuplicationChecker.java,0.4650941491127014,0.9685593247413635,preferences,0.9685593247413635
jabref\src\test\java\org\jabref\logic\importer\fileformat\PdfGrobidImporterTest.java,0.6549429297447205,0.6063998937606812,cli,0.6549429297447205
jabref\src\main\java\org\jabref\logic\citationkeypattern\CitationKeyGenerator.java,1.2037337728543207E-4,0.6318634152412415,preferences,0.6318634152412415
jabref\src\main\java\org\jabref\gui\search\SearchFieldRightClickMenu.java,0.5640693306922913,0.7691677808761597,preferences,0.7691677808761597
jabref\src\main\java\org\jabref\logic\importer\fetcher\MedlineFetcher.java,0.5240386724472046,0.0,cli,0.5240386724472046
jabref\src\main\java\org\jabref\gui\commonfxcontrols\CitationKeyPatternPanelViewModel.java,0.4094827473163605,0.0,cli,0.4094827473163605
jabref\src\main\java\org\jabref\model\search\rules\GrammarBasedSearchRule.java,2.2046329975128174,1.2032759189605713,cli,2.2046329975128174
jabref\src\main\java\org\jabref\gui\collab\DatabaseChangeResolver.java,1.7442679381929338E-4,0.0,cli,1.7442679381929338E-4
jabref\src\main\java\org\jabref\gui\edit\automaticfiededitor\copyormovecontent\CopyOrMoveFieldContentTabViewModel.java,1.2524391058832407E-4,0.0,cli,1.2524391058832407E-4
jabref\src\test\java\org\jabref\logic\importer\fetcher\DoiResolutionTest.java,1.4254706911742687E-4,0.0,cli,1.4254706911742687E-4
jabref\src\main\java\org\jabref\model\pdf\search\SearchResult.java,1.4254706911742687E-4,0.0,cli,1.4254706911742687E-4
jabref\src\main\java\org\jabref\model\entry\SharedBibEntryData.java,1.6539770876988769E-4,0.0,cli,1.6539770876988769E-4
jabref\src\main\java\org\jabref\gui\search\RebuildFulltextSearchIndexAction.java,1.0444905757904053,1.0,cli,1.0444905757904053
jabref\src\test\java\org\jabref\logic\importer\fetcher\PicaXmlParserTest.java,1.4254706911742687E-4,0.8810476660728455,preferences,0.8810476660728455
jabref\src\test\java\org\jabref\logic\formatter\minifier\TruncateFormatterTest.java,1.570081221871078E-4,0.0,cli,1.570081221871078E-4
jabref\src\main\java\org\jabref\architecture\AllowedToUseSwing.java,1.7883573309518397E-4,0.0,cli,1.7883573309518397E-4
jabref\src\main\java\org\jabref\gui\preferences\xmp\XmpPrivacyTabViewModel.java,0.573765218257904,88.36553955078125,preferences,88.36553955078125
jabref\src\test\java\org\jabref\logic\layout\format\DefaultTest.java,1.6214861534535885E-4,0.0,cli,1.6214861534535885E-4
jabref\src\test\java\org\jabref\logic\net\URLDownloadTest.java,41.52006912231445,0.28869950771331787,cli,41.52006912231445
jabref\src\test\java\org\jabref\model\FieldChangeTest.java,1.5125398931559175E-4,0.0,cli,1.5125398931559175E-4
jabref\src\main\java\org\jabref\logic\msbib\MSBibEntry.java,7.080826617311686E-5,3.800222873687744,preferences,3.800222873687744
jabref\src\test\java\org\jabref\model\pdf\FileAnnotationTest.java,1.4764662773814052E-4,0.568489670753479,preferences,0.568489670753479
jabref\src\main\java\org\jabref\gui\undo\UndoableRemoveEntries.java,0.664727509021759,1.0207493305206299,preferences,1.0207493305206299
jabref\src\main\java\org\jabref\logic\importer\SearchBasedParserFetcher.java,1.550420420244336E-4,0.0,cli,1.550420420244336E-4
jabref\src\test\java\org\jabref\logic\importer\util\GrobidServiceTest.java,0.4502499997615814,0.0,cli,0.4502499997615814
jabref\src\main\java\org\jabref\logic\importer\fetcher\DoiResolution.java,1.1586748587433249E-4,1.0,preferences,1.0
jabref\src\main\java\org\jabref\logic\bst\BstVMVisitor.java,9.181050700135529E-5,0.5068060755729675,preferences,0.5068060755729675
jabref\src\main\java\org\jabref\logic\msbib\MsBibAuthor.java,1.6109376156236976E-4,0.0,cli,1.6109376156236976E-4
jabref\src\test\java\org\jabref\logic\remote\RemoteSetupTest.java,26.83448028564453,0.0,cli,26.83448028564453
jabref\buildSrc\src\copied\java\org\jabref\logic\journals\AbbreviationParser.java,0.6531237363815308,0.0,cli,0.6531237363815308
jabref\src\test\java\org\jabref\logic\importer\fetcher\GvkFetcherTest.java,1.3921639919281006,1.4310075044631958,preferences,1.4310075044631958
jabref\src\main\java\org\jabref\gui\util\CustomTitledPaneSkin.java,0.6045211553573608,0.28082817792892456,cli,0.6045211553573608
jabref\src\test\java\org\jabref\logic\exporter\ModsExportFormatFilesTest.java,1.305252080783248E-4,0.8883982300758362,preferences,0.8883982300758362
jabref\src\test\java\org\jabref\gui\externalfiles\UnlinkedFilesCrawlerTest.java,1.4254706911742687E-4,0.5958271026611328,preferences,0.5958271026611328
jabref\src\main\java\org\jabref\model\search\rules\ContainsBasedSearchRule.java,1.550420420244336E-4,1.9172861576080322,preferences,1.9172861576080322
jabref\src\main\java\org\jabref\logic\cleanup\RenamePdfCleanup.java,0.6688307523727417,0.0,cli,0.6688307523727417
jabref\src\main\java\org\jabref\logic\layout\format\DOIStrip.java,1.7351015412714332E-4,0.0,cli,1.7351015412714332E-4
jabref\src\main\java\org\jabref\model\study\StudyQuery.java,1.6595193301327527E-4,0.0,cli,1.6595193301327527E-4
jabref\src\main\java\org\jabref\gui\maintable\columns\MainTableColumn.java,1.6430030518677086E-4,0.0,cli,1.6430030518677086E-4
jabref\src\main\java\org\jabref\model\search\rules\SearchRule.java,1.7442679381929338E-4,0.0,cli,1.7442679381929338E-4
jabref\src\main\java\org\jabref\logic\exporter\AtomicFileWriter.java,0.6576195955276489,0.43965813517570496,cli,0.6576195955276489
jabref\src\test\java\org\jabref\gui\externalfiles\GitIgnoreFileFilterTest.java,1.570081221871078E-4,0.0,cli,1.570081221871078E-4
jabref\src\main\java\org\jabref\model\metadata\event\MetaDataChangedEvent.java,1.7504328570794314E-4,0.0,cli,1.7504328570794314E-4
jabref\src\main\java\org\jabref\model\groups\AutomaticGroup.java,1.6763710300438106E-4,0.46443885564804077,preferences,0.46443885564804077
jabref\src\test\java\org\jabref\logic\importer\fetcher\SpringerLinkTest.java,98.77316284179688,1.6497304439544678,cli,98.77316284179688
jabref\src\main\java\org\jabref\logic\citationstyle\CitationStyleOutputFormat.java,1.000171422958374,0.0,cli,1.000171422958374
jabref\src\test\java\org\jabref\logic\cleanup\DoiDecodeCleanupTest.java,1.4254706911742687E-4,0.0,cli,1.4254706911742687E-4
jabref\src\main\java\org\jabref\model\openoffice\rangesort\FunctionalTextViewCursor.java,1.362715265713632E-4,0.0,cli,1.362715265713632E-4
jabref\src\main\java\org\jabref\logic\formatter\casechanger\ProtectTermsFormatter.java,0.5716915130615234,0.0,cli,0.5716915130615234
jabref\src\test\java\org\jabref\gui\mergeentries\ThreeWayMergeViewModelTest.java,1.362715265713632E-4,1.1139649152755737,preferences,1.1139649152755737
jabref\src\main\java\org\jabref\gui\push\PushToWinEdt.java,1.0001699924468994,35.0,preferences,35.0
jabref\src\main\java\org\jabref\gui\externalfiles\FindUnlinkedFilesAction.java,0.5270358324050903,1.0,preferences,1.0
jabref\src\test\java\org\jabref\logic\importer\fetcher\transformers\ArXivQueryTransformerTest.java,25.22234344482422,0.0,cli,25.22234344482422
jabref\src\main\java\org\jabref\logic\database\DatabaseMerger.java,1.2783003330696374E-4,0.0,cli,1.2783003330696374E-4
jabref\src\main\java\org\jabref\model\search\rules\RegexBasedSearchRule.java,0.4334004521369934,1.8799521923065186,preferences,1.8799521923065186
jabref\src\main\java\org\jabref\model\database\BibDatabaseModeDetection.java,1.7170546925626695E-4,0.0,cli,1.7170546925626695E-4
jabref\src\main\java\org\jabref\logic\layout\format\CSLType.java,1.6993794997688383E-4,0.0,cli,1.6993794997688383E-4
jabref\src\main\java\org\jabref\gui\Globals.java,35.000152587890625,1.53939950466156,cli,35.000152587890625
jabref\src\main\java\org\jabref\gui\undo\CountingUndoManager.java,0.6456924080848694,0.0,cli,0.6456924080848694
jabref\src\main\java\org\jabref\gui\collab\stringdelete\BibTexStringDeleteDetailsView.java,0.6336730122566223,0.0,cli,0.6336730122566223
jabref\src\main\java\org\jabref\model\openoffice\style\CitedKey.java,34.62357711791992,2.0240111351013184,cli,34.62357711791992
jabref\src\test\java\org\jabref\model\database\BibDatabaseContextTest.java,0.6705883741378784,2.7619595527648926,preferences,2.7619595527648926
jabref\src\main\java\org\jabref\model\openoffice\uno\UnoUndo.java,1.6539770876988769E-4,0.0,cli,1.6539770876988769E-4
jabref\src\main\java\org\jabref\gui\edit\OpenBrowserAction.java,1.7381462384946644E-4,0.0,cli,1.7381462384946644E-4
jabref\src\main\java\org\jabref\gui\fieldeditors\OwnerEditorViewModel.java,1.720036379992962E-4,106.25704193115234,preferences,106.25704193115234
jabref\src\test\java\org\jabref\logic\git\SlrGitHandlerTest.java,2.2945876121520996,1.6889808177947998,cli,2.2945876121520996
jabref\src\main\java\org\jabref\gui\exporter\ExporterViewModel.java,1.6820644668769091E-4,0.0,cli,1.6820644668769091E-4
jabref\src\main\java\org\jabref\logic\pdf\search\retrieval\PdfSearcher.java,1.494285388616845E-4,0.0,cli,1.494285388616845E-4
jabref\src\main\java\org\jabref\logic\layout\format\RemoveLatexCommandsFormatter.java,2.5035219192504883,0.0,cli,2.5035219192504883
jabref\src\main\java\org\jabref\model\entry\field\OrFields.java,1.6430030518677086E-4,0.0,cli,1.6430030518677086E-4
jabref\src\main\java\org\jabref\gui\fieldeditors\LinkedFilesEditor.java,40.157440185546875,71.02854919433594,preferences,71.02854919433594
jabref\src\test\java\org\jabref\model\event\EventListenerTest.java,1.6707158647477627E-4,0.0,cli,1.6707158647477627E-4
jabref\src\main\java\org\jabref\logic\integrity\UTF8Checker.java,0.4750191271305084,0.0,cli,0.4750191271305084
jabref\src\test\java\org\jabref\logic\openoffice\style\OOBibStyleTest.java,75.46421813964844,0.06254684925079346,cli,75.46421813964844
jabref\src\main\java\org\jabref\logic\layout\LayoutFormatterBasedFormatter.java,1.6877969028428197E-4,0.0,cli,1.6877969028428197E-4
jabref\src\main\java\org\jabref\gui\externalfiles\ExternalFilesEntryLinker.java,0.6596642136573792,0.0,cli,0.6596642136573792
jabref\src\main\java\org\jabref\model\openoffice\uno\UnoCrossRef.java,0.6517452597618103,0.0,cli,0.6517452597618103
jabref\src\main\java\org\jabref\gui\maintable\RightClickMenu.java,35.00010299682617,35.57502746582031,preferences,35.57502746582031
jabref\src\test\java\org\jabref\logic\formatter\bibtexfields\RemoveHyphenatedNewlinesFormatterTest.java,1.6539770876988769E-4,1.506859540939331,preferences,1.506859540939331
jabref\src\main\java\org\jabref\gui\libraryproperties\contentselectors\ContentSelectorViewModel.java,0.6435040831565857,0.7794026136398315,preferences,0.7794026136398315
jabref\src\main\java\org\jabref\logic\formatter\bibtexfields\ReplaceTabsBySpaceFormater.java,0.5965947508811951,0.0,cli,0.5965947508811951
jabref\src\main\java\org\jabref\gui\entryeditor\OpenEntryEditorAction.java,0.5163387656211853,1.0,preferences,1.0
jabref\src\main\java\org\jabref\gui\EntryTypeView.java,23.021841049194336,96.2293701171875,preferences,96.2293701171875
jabref\src\main\java\org\jabref\gui\slr\ManageStudyDefinitionView.java,12.805633544921875,35.324771881103516,preferences,35.324771881103516
jabref\src\main\java\org\jabref\gui\util\uithreadaware\UiThreadInvalidationListener.java,1.6993794997688383E-4,0.0,cli,1.6993794997688383E-4
jabref\src\main\java\org\jabref\logic\integrity\DateChecker.java,0.5163387656211853,0.0,cli,0.5163387656211853
jabref\src\main\java\org\jabref\logic\protectedterms\ProtectedTermsLoader.java,1.2667237520217896,103.84539794921875,preferences,103.84539794921875
jabref\src\main\java\org\jabref\gui\fieldeditors\KeywordsEditor.java,1.7290438700001687E-4,99.73045349121094,preferences,99.73045349121094
jabref\src\main\java\org\jabref\gui\preferences\network\CustomCertificateViewModel.java,1.4764662773814052E-4,90.27467346191406,preferences,90.27467346191406
jabref\src\main\java\org\jabref\gui\preferences\file\FileTab.java,1.4714562892913818,92.3254623413086,preferences,92.3254623413086
jabref\src\main\java\org\jabref\gui\search\rules\describer\GrammarBasedSearchRuleDescriber.java,0.6587820053100586,0.8625437617301941,preferences,0.8625437617301941
jabref\src\main\java\org\jabref\model\groups\LastNameGroup.java,1.6005254292394966E-4,0.0,cli,1.6005254292394966E-4
jabref\src\test\java\org\jabref\gui\edit\RenameFieldViewModelTest.java,1.2037337728543207E-4,0.0,cli,1.2037337728543207E-4
jabref\src\main\java\org\jabref\gui\specialfields\SpecialFieldViewModel.java,1.4764662773814052E-4,35.0,preferences,35.0
jabref\src\main\java\org\jabref\gui\collab\preamblechange\PreambleChangeDetailsView.java,0.6456924080848694,0.41738784313201904,cli,0.6456924080848694
jabref\src\test\java\org\jabref\logic\layout\format\RemoveWhitespaceTest.java,1.6539770876988769E-4,0.0,cli,1.6539770876988769E-4
jabref\src\main\java\org\jabref\gui\errorconsole\ErrorConsoleViewModel.java,52.995845794677734,3.97271466255188,cli,52.995845794677734
jabref\src\main\java\org\jabref\gui\preferences\customexporter\CustomExporterTab.java,0.8838574290275574,93.04329681396484,preferences,93.04329681396484
jabref\src\main\java\org\jabref\logic\citationkeypattern\BracketedPattern.java,4.2986860275268555,0.0,cli,4.2986860275268555
jabref\src\main\java\org\jabref\logic\externalfiles\ExternalFilesContentImporter.java,0.6088353395462036,0.0,cli,0.6088353395462036
jabref\src\main\java\org\jabref\gui\util\BaseDialog.java,0.5573886036872864,0.0,cli,0.5573886036872864
jabref\src\main\java\org\jabref\logic\layout\LayoutFormatterPreferences.java,1.665098825469613E-4,0.0,cli,1.665098825469613E-4
jabref\src\main\java\org\jabref\gui\externalfiles\DownloadFullTextAction.java,16.50327491760254,101.84528350830078,preferences,101.84528350830078
jabref\src\main\java\org\jabref\model\openoffice\style\CitationMarkerEntry.java,1.756641431711614E-4,0.0,cli,1.756641431711614E-4
jabref\src\main\java\org\jabref\logic\openoffice\frontend\OOFrontend.java,0.5264401435852051,1.0,preferences,1.0
jabref\src\test\java\org\jabref\gui\util\comparator\RankingFieldComparatorTest.java,1.5902469749562442E-4,0.0,cli,1.5902469749562442E-4
jabref\src\main\java\org\jabref\gui\edit\automaticfiededitor\AutomaticFieldEditorTab.java,1.7691918765194714E-4,0.0,cli,1.7691918765194714E-4
jabref\src\test\java\org\jabref\logic\importer\ImporterTest.java,0.37499240040779114,0.0,cli,0.37499240040779114
jabref\src\main\java\org\jabref\logic\util\strings\QuotedStringTokenizer.java,1.6005254292394966E-4,0.0,cli,1.6005254292394966E-4
jabref\src\main\java\org\jabref\model\entry\identifier\ISBN.java,1.4254706911742687E-4,0.0,cli,1.4254706911742687E-4
jabref\src\main\java\org\jabref\logic\formatter\bibtexfields\ShortenDOIFormatter.java,0.5867640376091003,0.0,cli,0.5867640376091003
jabref\src\test\java\org\jabref\logic\openoffice\style\OOBibStyleTestHelper.java,7.793997065164149E-5,0.0,cli,7.793997065164149E-5
jabref\src\main\java\org\jabref\model\entry\types\EntryTypeFactory.java,27.884477615356445,0.0,cli,27.884477615356445
jabref\src\test\java\org\jabref\logic\remote\RemoteUtilTest.java,1.550420420244336E-4,0.0,cli,1.550420420244336E-4
jabref\src\main\java\org\jabref\logic\importer\fileformat\InspecImporter.java,0.3119354248046875,0.0,cli,0.3119354248046875
jabref\src\main\java\org\jabref\gui\groups\GroupModeViewModel.java,0.5986006259918213,0.0,cli,0.5986006259918213
jabref\src\main\java\org\jabref\logic\net\ProgressInputStream.java,0.4509607255458832,0.41738784313201904,cli,0.4509607255458832
jabref\src\test\java\org\jabref\logic\cleanup\TimeStampToCreationDateTest.java,1.007779355859384E-4,0.0,cli,1.007779355859384E-4
jabref\src\test\java\org\jabref\gui\util\comparator\NumericFieldComparatorTest.java,1.5312459436245263E-4,0.0,cli,1.5312459436245263E-4
jabref\src\main\java\org\jabref\logic\importer\fetcher\GrobidPreferences.java,1.6430030518677086E-4,0.5893476009368896,preferences,0.5893476009368896
jabref\src\main\java\org\jabref\gui\logging\ApplicationInsightsWriter.java,35.00015640258789,0.0,cli,35.00015640258789
jabref\src\main\java\org\jabref\logic\auxparser\DefaultAuxParser.java,3.557805299758911,0.0,cli,3.557805299758911
jabref\src\main\java\org\jabref\gui\libraryproperties\LibraryPropertiesAction.java,0.49072709679603577,1.0,preferences,1.0
jabref\src\main\java\org\jabref\logic\importer\ParseException.java,1.7412017041351646E-4,0.0,cli,1.7412017041351646E-4
jabref\src\test\java\org\jabref\logic\bibtex\FieldContentFormatterTest.java,0.8256444334983826,0.0,cli,0.8256444334983826
jabref\src\main\java\org\jabref\gui\integrity\IntegrityCheckAction.java,21.346540451049805,1.0,cli,21.346540451049805
jabref\src\main\java\org\jabref\gui\undo\UndoRedoAction.java,1.0828930139541626,1.0,cli,1.0828930139541626
jabref\src\test\java\org\jabref\logic\integrity\AbbreviationCheckerTest.java,1.442073262296617E-4,0.0,cli,1.442073262296617E-4
jabref\src\test\java\org\jabref\testutils\category\DatabaseTest.java,1.7504328570794314E-4,0.0,cli,1.7504328570794314E-4
jabref\src\main\java\org\jabref\model\openoffice\style\CitationGroupId.java,1.756641431711614E-4,0.0,cli,1.756641431711614E-4
jabref\src\main\java\org\jabref\logic\integrity\ISBNChecker.java,0.6067605018615723,0.0,cli,0.6067605018615723
jabref\src\main\java\org\jabref\gui\util\DefaultTaskExecutor.java,28.892412185668945,0.0,cli,28.892412185668945
jabref\src\main\java\org\jabref\logic\importer\fetcher\transformers\ZbMathQueryTransformer.java,1.6430030518677086E-4,0.0,cli,1.6430030518677086E-4
jabref\src\main\java\org\jabref\gui\entryeditor\PreviewSwitchAction.java,0.5075095891952515,1.0,preferences,1.0
jabref\src\main\java\org\jabref\model\openoffice\style\CitationGroup.java,2.678136224858463E-4,0.0,cli,2.678136224858463E-4
jabref\src\main\java\org\jabref\logic\bst\util\BstPurifier.java,1.5125398931559175E-4,0.8349419236183167,preferences,0.8349419236183167
jabref\src\main\java\org\jabref\gui\entryeditor\LatexCitationsTab.java,0.9000046849250793,35.26630783081055,preferences,35.26630783081055
jabref\src\main\java\org\jabref\gui\search\SearchResultsTable.java,0.4334004521369934,35.0,preferences,35.0
jabref\src\main\java\org\jabref\gui\entryeditor\UserDefinedFieldsTab.java,1.6321736620739102E-4,97.64702606201172,preferences,97.64702606201172
jabref\src\test\java\org\jabref\model\entry\EntryTypeFactoryTest.java,1.7504328570794314E-4,0.0,cli,1.7504328570794314E-4
jabref\src\main\java\org\jabref\model\entry\identifier\EprintIdentifier.java,1.759762380970642E-4,0.0,cli,1.759762380970642E-4
jabref\src\main\java\org\jabref\model\entry\EntryConverter.java,1.550420420244336E-4,0.0,cli,1.550420420244336E-4
jabref\src\main\java\org\jabref\logic\importer\fileformat\medline\PersonalNameSubject.java,1.7628943896852434E-4,1.0,preferences,1.0
jabref\src\main\java\org\jabref\logic\exporter\XmpExporter.java,0.6930628418922424,0.0,cli,0.6930628418922424
jabref\src\main\java\org\jabref\gui\mergeentries\EntriesMergeResult.java,1.7504328570794314E-4,0.0,cli,1.7504328570794314E-4
jabref\src\main\java\org\jabref\gui\groups\GroupDialogViewModel.java,8.975759506225586,35.8697509765625,preferences,35.8697509765625
jabref\src\test\java\org\jabref\logic\integrity\BracesCorrectorTest.java,1.6321736620739102E-4,0.0,cli,1.6321736620739102E-4
jabref\src\main\java\org\jabref\logic\util\io\FileFinders.java,1.7290438700001687E-4,0.0,cli,1.7290438700001687E-4
jabref\src\test\java\org\jabref\logic\integrity\EditionCheckerTest.java,0.4898941218852997,0.0,cli,0.4898941218852997
jabref\src\main\java\org\jabref\gui\libraryproperties\LibraryPropertiesView.java,1.1008082628250122,0.0,cli,1.1008082628250122
jabref\src\main\java\org\jabref\gui\actions\SimpleCommand.java,1.5193504095077515,0.0,cli,1.5193504095077515
jabref\src\main\java\org\jabref\logic\util\io\FileFinder.java,1.7442679381929338E-4,0.0,cli,1.7442679381929338E-4
jabref\src\main\java\org\jabref\logic\util\DelayTaskThrottler.java,4.404210567474365,0.0,cli,4.404210567474365
jabref\src\main\java\org\jabref\logic\importer\fileformat\CopacImporter.java,3.973559617996216,0.0,cli,3.973559617996216
jabref\src\main\java\org\jabref\logic\integrity\ValueChecker.java,1.7755346198100597E-4,0.0,cli,1.7755346198100597E-4
jabref\src\main\java\org\jabref\gui\preferences\externalfiletypes\ExternalFileTypesTab.java,0.7025057077407837,84.9173583984375,preferences,84.9173583984375
jabref\src\main\java\org\jabref\gui\importer\ImportEntriesViewModel.java,0.8506797552108765,102.19451141357422,preferences,102.19451141357422
jabref\src\main\java\org\jabref\gui\autocompleter\WordSuggestionProvider.java,1.7111223132815212E-4,0.0,cli,1.7111223132815212E-4
jabref\src\main\java\org\jabref\model\entry\field\IEEEField.java,1.550420420244336E-4,0.40909889340400696,preferences,0.40909889340400696
jabref\src\test\java\org\jabref\logic\layout\format\RisMonthTest.java,1.6109376156236976E-4,0.4350159466266632,preferences,0.4350159466266632
jabref\src\main\java\org\jabref\logic\importer\fileformat\mods\RecordInfo.java,1.7140834825113416E-4,0.5703750848770142,preferences,0.5703750848770142
jabref\src\main\java\org\jabref\gui\logging\ApplicationInsightsLogEvent.java,1.0001425743103027,3.183128595352173,preferences,3.183128595352173
jabref\src\main\java\org\jabref\gui\collab\metedatachange\MetadataChange.java,0.4989772439002991,0.0,cli,0.4989772439002991
jabref\src\main\java\org\jabref\gui\maintable\columns\FileColumn.java,1.0140026807785034,35.0,preferences,35.0
jabref\src\test\java\org\jabref\logic\importer\fileformat\CitaviXmlImporterFilesTest.java,1.6109376156236976E-4,0.0,cli,1.6109376156236976E-4
jabref\src\test\java\org\jabref\logic\layout\format\RemoveBracketsAddCommaTest.java,1.665098825469613E-4,0.0,cli,1.665098825469613E-4
jabref\src\main\java\org\jabref\logic\layout\format\RemoveBrackets.java,1.720036379992962E-4,0.0,cli,1.720036379992962E-4
jabref\src\main\java\org\jabref\logic\xmp\XmpUtilReader.java,1.3333647802937776E-4,0.0,cli,1.3333647802937776E-4
jabref\src\main\java\org\jabref\logic\importer\fetcher\transformers\ScholarQueryTransformer.java,1.6935683379415423E-4,0.0,cli,1.6935683379415423E-4
jabref\src\main\java\org\jabref\gui\documentviewer\PdfDocumentPageViewModel.java,1.5125398931559175E-4,0.9206054210662842,preferences,0.9206054210662842
jabref\src\test\java\org\jabref\gui\mergeentries\GroupMergerTest.java,1.570081221871078E-4,0.0,cli,1.570081221871078E-4
jabref\src\main\java\org\jabref\logic\remote\server\RemoteListenerServerThread.java,1.8055357213597745E-4,0.0,cli,1.8055357213597745E-4
jabref\src\main\java\org\jabref\logic\util\strings\StringManipulator.java,1.305252080783248E-4,0.7454068660736084,preferences,0.7454068660736084
jabref\src\main\java\org\jabref\gui\openoffice\OOBibBase.java,1.0415987968444824,22.98172378540039,preferences,22.98172378540039
jabref\src\test\java\org\jabref\logic\layout\format\ReplaceUnicodeLigaturesFormatterTest.java,1.6321736620739102E-4,2.8414342403411865,preferences,2.8414342403411865
jabref\src\main\java\org\jabref\gui\entryeditor\fileannotationtab\FileAnnotationTabView.java,1.2403346300125122,0.0,cli,1.2403346300125122
jabref\src\main\java\org\jabref\gui\util\OnlyIntegerFormatter.java,1.7081713303923607E-4,0.0,cli,1.7081713303923607E-4
jabref\src\test\java\org\jabref\logic\importer\fileformat\RISImporterTest.java,0.6366948485374451,0.0,cli,0.6366948485374451
jabref\src\test\java\org\jabref\logic\shared\ConnectorTest.java,1.8915135296992958E-4,0.0,cli,1.8915135296992958E-4
jabref\src\main\java\org\jabref\logic\openoffice\style\StyleLoader.java,1.080824851989746,0.0,cli,1.080824851989746
jabref\src\main\java\org\jabref\model\entry\identifier\Identifier.java,1.759762380970642E-4,0.0,cli,1.759762380970642E-4
jabref\src\main\java\org\jabref\gui\sidepane\SidePaneType.java,0.5946023464202881,0.0,cli,0.5946023464202881
jabref\src\test\java\org\jabref\logic\cleanup\ConvertToBiblatexCleanupTest.java,1.5489764336962253E-4,0.0,cli,1.5489764336962253E-4
jabref\src\test\java\org\jabref\gui\search\GetLastSearchHistoryTest.java,1.494285388616845E-4,0.0,cli,1.494285388616845E-4
jabref\src\main\java\org\jabref\architecture\AllowedToUseStandardStreams.java,1.7883573309518397E-4,0.0,cli,1.7883573309518397E-4
jabref\src\main\java\org\jabref\logic\shared\event\UpdateRefusedEvent.java,1.7111223132815212E-4,0.0,cli,1.7111223132815212E-4
jabref\src\main\java\org\jabref\gui\preferences\file\FileTabViewModel.java,0.5644418597221375,93.77934265136719,preferences,93.77934265136719
jabref\src\test\java\org\jabref\logic\util\VersionTest.java,21.020925521850586,0.0,cli,21.020925521850586
jabref\src\test\java\org\jabref\logic\util\ExternalLinkCreatorTest.java,1.7543691501487046E-4,0.0,cli,1.7543691501487046E-4
jabref\src\main\java\org\jabref\logic\layout\format\RisKeywords.java,1.6707158647477627E-4,0.0,cli,1.6707158647477627E-4
jabref\src\main\java\org\jabref\gui\DialogService.java,0.3627701997756958,0.0,cli,0.3627701997756958
jabref\src\main\java\org\jabref\gui\shared\PullChangesFromSharedAction.java,0.5163387656211853,1.0,preferences,1.0
jabref\src\main\java\org\jabref\gui\openoffice\AdvancedCiteDialogViewModel.java,1.756641431711614E-4,0.0,cli,1.756641431711614E-4
jabref\src\main\java\org\jabref\gui\groups\GroupsPreferences.java,1.5902469749562442E-4,0.6020519733428955,preferences,0.6020519733428955
jabref\src\test\java\org\jabref\gui\search\GrammarBasedSearchRuleDescriberTest.java,0.7464330196380615,0.0,cli,0.7464330196380615
jabref\src\main\java\org\jabref\logic\importer\ImportFormatReader.java,57.37145233154297,0.0,cli,57.37145233154297
jabref\src\main\java\org\jabref\model\groups\ExplicitGroup.java,1.5125398931559175E-4,0.0,cli,1.5125398931559175E-4
jabref\src\main\java\org\jabref\gui\maintable\MainTableColumnFactory.java,0.3622952103614807,35.0,preferences,35.0
jabref\src\main\java\org\jabref\gui\util\FieldsUtil.java,0.6576195955276489,0.0,cli,0.6576195955276489
jabref\src\main\java\org\jabref\gui\documentviewer\DocumentViewModel.java,1.756641431711614E-4,0.0,cli,1.756641431711614E-4
jabref\src\main\java\org\jabref\logic\integrity\AmpersandChecker.java,0.48537689447402954,0.0,cli,0.48537689447402954
jabref\src\test\java\org\jabref\gui\search\TextFlowEqualityHelper.java,1.5902469749562442E-4,0.0,cli,1.5902469749562442E-4
jabref\src\main\java\org\jabref\model\entry\Author.java,9.461690933676437E-5,0.0,cli,9.461690933676437E-5
jabref\src\main\java\org\jabref\logic\undo\UndoChangeEvent.java,1.720036379992962E-4,0.0,cli,1.720036379992962E-4
jabref\src\test\java\org\jabref\logic\importer\fetcher\DiVATest.java,1.3933866284787655E-4,0.0,cli,1.3933866284787655E-4
jabref\src\main\java\org\jabref\gui\mergeentries\newmergedialog\ThreeWayMergeView.java,1.0763978958129883,0.0,cli,1.0763978958129883
jabref\src\main\java\org\jabref\gui\mergeentries\newmergedialog\fieldsmerger\FileMerger.java,1.6539770876988769E-4,0.0,cli,1.6539770876988769E-4
jabref\src\main\java\org\jabref\gui\util\FileDialogConfiguration.java,1.3933866284787655E-4,0.0,cli,1.3933866284787655E-4
jabref\src\main\java\org\jabref\logic\openoffice\OpenOfficePreferences.java,1.494285388616845E-4,1.993521809577942,preferences,1.993521809577942
jabref\src\test\java\org\jabref\logic\citationstyle\CitationStyleGeneratorTest.java,10.555692672729492,3.417283296585083,cli,10.555692672729492
jabref\src\main\java\org\jabref\logic\layout\format\RTFChars.java,6.148737907409668,0.4522113800048828,cli,6.148737907409668
jabref\src\main\java\org\jabref\logic\importer\ImportFormatPreferences.java,1.7442679381929338E-4,0.0,cli,1.7442679381929338E-4
jabref\src\main\java\org\jabref\logic\layout\format\CreateDocBook5Authors.java,1.6993794997688383E-4,0.0,cli,1.6993794997688383E-4
jabref\src\main\java\org\jabref\logic\importer\util\INSPIREBibtexFilterReader.java,2.760789632797241,0.0,cli,2.760789632797241
jabref\src\main\java\org\jabref\gui\cleanup\CleanupPresetPanel.java,1.1993649005889893,0.46108537912368774,cli,1.1993649005889893
jabref\src\test\java\org\jabref\performance\BibtexEntryGenerator.java,1.6109376156236976E-4,1.2577013969421387,preferences,1.2577013969421387
jabref\src\main\java\org\jabref\gui\util\uithreadaware\UiThreadHelper.java,1.747344940667972E-4,0.0,cli,1.747344940667972E-4
jabref\src\main\java\org\jabref\logic\integrity\BracesCorrector.java,1.6707158647477627E-4,0.0,cli,1.6707158647477627E-4
jabref\src\main\java\org\jabref\gui\entryeditor\EntryEditorTab.java,1.6935683379415423E-4,0.0,cli,1.6935683379415423E-4
jabref\src\main\java\org\jabref\logic\layout\format\NameFormatterPreferences.java,1.6763710300438106E-4,0.0,cli,1.6763710300438106E-4
jabref\src\test\java\org\jabref\logic\formatter\bibtexfields\UnitsToLatexFormatterTest.java,1.6877969028428197E-4,0.0,cli,1.6877969028428197E-4
jabref\src\main\java\org\jabref\logic\integrity\CitationKeyDuplicationChecker.java,0.49619653820991516,0.0,cli,0.49619653820991516
jabref\src\main\java\org\jabref\gui\maintable\columns\LinkedIdentifierColumn.java,1.198156714439392,98.892333984375,preferences,98.892333984375
jabref\src\main\java\org\jabref\logic\cleanup\FileLinksCleanup.java,0.6366948485374451,0.0,cli,0.6366948485374451
jabref\src\main\java\org\jabref\gui\fieldeditors\PersonsEditorViewModel.java,1.6820644668769091E-4,104.9049072265625,preferences,104.9049072265625
jabref\src\main\java\org\jabref\logic\openoffice\style\OOProcessCitationKeyMarkers.java,1.6763710300438106E-4,0.0,cli,1.6763710300438106E-4
jabref\src\test\java\org\jabref\logic\bst\util\BstTextPrefixerTest.java,1.5902469749562442E-4,1.9870522022247314,preferences,1.9870522022247314
jabref\src\test\java\org\jabref\logic\formatter\bibtexfields\NormalizePagesFormatterTest.java,1.3333647802937776E-4,0.0,cli,1.3333647802937776E-4
jabref\src\main\java\org\jabref\logic\bst\util\BstCaseChanger.java,9.760029206518084E-5,0.5387664437294006,preferences,0.5387664437294006
jabref\src\main\java\org\jabref\gui\groups\UndoableAddOrRemoveGroup.java,0.6020179986953735,0.0,cli,0.6020179986953735
jabref\src\main\java\org\jabref\gui\exporter\WriteMetadataToPdfAction.java,14.416606903076172,1.0,cli,14.416606903076172
jabref\src\main\java\org\jabref\gui\texparser\ParseLatexResultViewModel.java,0.42512330412864685,48.9538688659668,preferences,48.9538688659668
jabref\src\main\java\org\jabref\logic\l10n\Encodings.java,1.665098825469613E-4,0.0,cli,1.665098825469613E-4
jabref\src\main\java\org\jabref\logic\cleanup\MoveFieldCleanup.java,1.6707158647477627E-4,0.0,cli,1.6707158647477627E-4
jabref\src\test\java\org\jabref\logic\importer\fetcher\isbntobibtex\OpenLibraryIsbnFetcherTest.java,0.7513110637664795,0.0,cli,0.7513110637664795
jabref\src\main\java\org\jabref\model\entry\LinkedFile.java,1.9433526992797852,0.6495738625526428,cli,1.9433526992797852
jabref\src\main\java\org\jabref\logic\util\strings\UnicodeLigaturesMap.java,1.4254706911742687E-4,0.893740713596344,preferences,0.893740713596344
jabref\src\main\java\org\jabref\gui\libraryproperties\PropertiesTab.java,1.7660376033745706E-4,0.0,cli,1.7660376033745706E-4
jabref\src\main\java\org\jabref\model\entry\field\BiblatexSoftwareField.java,1.5125398931559175E-4,0.3934709429740906,preferences,0.3934709429740906
jabref\src\main\java\org\jabref\gui\preview\CopyCitationAction.java,35.623748779296875,1.7183865308761597,cli,35.623748779296875
jabref\src\main\java\org\jabref\logic\util\strings\XmlCharsMap.java,1.1168674973305315E-4,0.0,cli,1.1168674973305315E-4
jabref\src\main\java\org\jabref\logic\importer\fetcher\IEEE.java,1.7759355306625366,1.0,cli,1.7759355306625366
jabref\src\main\java\org\jabref\gui\push\PushToVim.java,1.9566166400909424,86.51978302001953,preferences,86.51978302001953
jabref\src\main\java\org\jabref\logic\bibtex\FileFieldWriter.java,1.570081221871078E-4,0.0,cli,1.570081221871078E-4
jabref\src\main\java\org\jabref\logic\help\HelpFile.java,0.3405696451663971,0.5228927135467529,preferences,0.5228927135467529
jabref\src\test\java\org\jabref\logic\layout\format\MarkdownFormatterTest.java,1.6109376156236976E-4,0.0,cli,1.6109376156236976E-4
jabref\src\main\java\org\jabref\logic\util\Version.java,0.24910400807857513,0.7799226641654968,preferences,0.7799226641654968
jabref\src\main\java\org\jabref\gui\edit\automaticfiededitor\renamefield\RenameFieldViewModel.java,1.459067134419456E-4,0.48551636934280396,preferences,0.48551636934280396
jabref\src\test\java\org\jabref\logic\integrity\JournalInAbbreviationListCheckerTest.java,1.494285388616845E-4,0.0,cli,1.494285388616845E-4
jabref\src\main\java\org\jabref\logic\integrity\HowPublishedChecker.java,0.5046331882476807,0.0,cli,0.5046331882476807
jabref\src\test\java\org\jabref\logic\importer\fetcher\CrossRefTest.java,9.461690933676437E-5,0.0,cli,9.461690933676437E-5
jabref\src\main\java\org\jabref\logic\layout\format\LatexToUnicodeFormatter.java,0.6046997308731079,0.0,cli,0.6046997308731079
jabref\src\test\java\org\jabref\model\groups\WordKeywordGroupTest.java,23.65351104736328,0.0,cli,23.65351104736328
jabref\src\test\java\org\jabref\model\entry\KeywordListTest.java,1.9098106713499874E-4,0.0,cli,1.9098106713499874E-4
jabref\src\main\java\org\jabref\gui\fieldeditors\SimpleEditorViewModel.java,1.7412017041351646E-4,0.0,cli,1.7412017041351646E-4
jabref\src\main\java\org\jabref\model\openoffice\style\CitationLookupResult.java,1.6430030518677086E-4,0.0,cli,1.6430030518677086E-4
jabref\src\main\java\org\jabref\model\metadata\ContentSelector.java,1.6109376156236976E-4,0.0,cli,1.6109376156236976E-4
jabref\src\main\java\org\jabref\logic\layout\format\AuthorLastFirstAbbrOxfordCommas.java,1.7535316874273121E-4,0.0,cli,1.7535316874273121E-4
jabref\src\main\java\org\jabref\gui\util\TextFlowLimited.java,99.14493560791016,0.0,cli,99.14493560791016
jabref\src\main\java\org\jabref\logic\openoffice\action\EditSeparate.java,0.4094827473163605,0.0,cli,0.4094827473163605
jabref\src\main\java\org\jabref\model\database\BibDatabase.java,0.295051634311676,15.356571197509766,preferences,15.356571197509766
jabref\src\main\java\org\jabref\gui\mergeentries\newmergedialog\cell\ThreeWayMergeCellViewModel.java,30.424097061157227,0.5810361504554749,cli,30.424097061157227
jabref\src\main\java\org\jabref\logic\layout\format\RemoveWhitespace.java,1.7023000691551715E-4,0.0,cli,1.7023000691551715E-4
jabref\src\main\java\org\jabref\logic\integrity\HTMLCharacterChecker.java,0.9812887907028198,0.0,cli,0.9812887907028198
jabref\src\main\java\org\jabref\logic\importer\fetcher\MathSciNet.java,1.8259536027908325,95.88870239257812,preferences,95.88870239257812
jabref\src\test\java\org\jabref\logic\protectedterms\ProtectedTermsLoaderTest.java,2.2336111068725586,0.43994414806365967,cli,2.2336111068725586
jabref\src\main\java\org\jabref\gui\preview\PreviewViewer.java,51.79008865356445,2.5701069831848145,cli,51.79008865356445
jabref\src\main\java\org\jabref\gui\entryeditor\OptionalFieldsTabBase.java,0.4420062303543091,93.452392578125,preferences,93.452392578125
jabref\src\main\java\org\jabref\logic\bibtex\FieldPreferences.java,1.6214861534535885E-4,0.5395625829696655,preferences,0.5395625829696655
jabref\src\main\java\org\jabref\logic\preferences\DOIPreferences.java,1.6935683379415423E-4,98.96589660644531,preferences,98.96589660644531
jabref\src\main\java\org\jabref\gui\importer\fetcher\WebSearchPaneViewModel.java,35.6068115234375,35.0,cli,35.6068115234375
jabref\src\test\java\org\jabref\logic\formatter\bibtexfields\ClearFormatterTest.java,1.7052306793630123E-4,0.0,cli,1.7052306793630123E-4
jabref\src\test\java\org\jabref\logic\bibtex\BibEntryAssert.java,1.3333647802937776E-4,0.0,cli,1.3333647802937776E-4
jabref\src\main\java\org\jabref\gui\libraryproperties\contentselectors\ContentSelectorView.java,1.02029550075531,0.0,cli,1.02029550075531
