file_path,app,backends,bin,concurrency,events,fixups,loaders,security,utils,worker,best_module,best_likelihood
celery\t\integration\worker_config.py,8.787238121032715,4.05128288269043,11.877965927124023,3.511812210083008,4.228070259094238,4.986095905303955,6.056807041168213,1.0008935928344727,4.6839599609375,97.15774536132812,worker,97.15774536132812
celery\t\unit\backends\test_base.py,114.06620788574219,174.15670776367188,114.16542053222656,28.623498916625977,26.944393157958984,17.93149185180664,23.71450424194336,66.99366760253906,40.43916702270508,44.10174560546875,backends,174.15670776367188
celery\t\integration\test_connection_recovery.py,57.86953353881836,2.7473559379577637,5.141918659210205,3.781522274017334,1.0010650157928467,2.8964717388153076,2.0459272861480713,1.349352478981018,4.7975592613220215,2.9272940158843994,app,57.86953353881836
celery\t\integration\test_tasks.py,93.92662048339844,88.73877716064453,117.50033569335938,34.62705993652344,36.597652435302734,7.875997543334961,71.2525863647461,13.631872177124023,41.586463928222656,124.67703247070312,worker,124.67703247070312
celery\t\unit\tasks\test_states.py,7.471182346343994,5.70120906829834,13.550092697143555,4.172069549560547,12.75674819946289,1.808488368988037,10.032511711120605,3.0868539810180664,3.5689101219177246,10.793680191040039,bin,13.550092697143555
celery\t\unit\utils\test_collections.py,52.37735366821289,5.667052745819092,156.87869262695312,7.482574939727783,4.8388824462890625,7.326236248016357,22.797807693481445,8.481264114379883,69.45218658447266,19.377490997314453,bin,156.87869262695312
celery\t\unit\bin\proj\app2.py,47.961669921875,0.0,99.16194152832031,0.6683458685874939,1.0009167194366455,1.0009167194366455,1.358290672302246,1.0009167194366455,2.671428918838501,1.0009167194366455,bin,99.16194152832031
celery\t\unit\security\__init__.py,4.309186935424805,1.2389847040176392,5.310091018676758,1.0683931112289429,2.0692975521087646,2.0692975521087646,2.0692975521087646,129.9753875732422,3.668178081512451,3.3082823753356934,security,129.9753875732422
celery\t\smoke\tests\quorum_queues\test_default_queue_type.py,78.14582824707031,13.25494384765625,21.320186614990234,5.101011276245117,6.550294876098633,1.6204452514648438,12.149544715881348,6.789853572845459,8.338912010192871,109.16364288330078,worker,109.16364288330078
celery\t\unit\utils\test_nodenames.py,2.8597073554992676,5.430928707122803,9.352818489074707,1.1859543323516846,2.8707659244537354,1.0009034872055054,3.902012825012207,4.501575469970703,88.7088394165039,72.91358184814453,utils,88.7088394165039
celery\celery\apps\multi.py,74.25701141357422,36.16460418701172,80.45500183105469,5.900213718414307,12.981971740722656,4.500514030456543,31.579133987426758,3.5362770557403564,46.882999420166016,84.83330535888672,worker,84.83330535888672
celery\t\unit\fixups\__init__.py,2.1749229431152344,0.1730874627828598,3.1758406162261963,0.0,1.000917673110962,141.13821411132812,1.000917673110962,1.000917673110962,1.174005150794983,1.174005150794983,fixups,141.13821411132812
celery\t\unit\backends\test_s3.py,75.58981323242188,146.07997131347656,12.03626537322998,4.116033554077148,13.060787200927734,8.043549537658691,6.4063239097595215,11.655488014221191,16.30734634399414,8.76810073852539,backends,146.07997131347656
celery\examples\celery_http_gateway\settings.py,76.4653091430664,140.13087463378906,19.74228858947754,4.791625022888184,6.9214324951171875,9.341386795043945,108.3661117553711,10.807062149047852,40.48602294921875,23.92949867248535,backends,140.13087463378906
celery\t\unit\tasks\unit_tasks.py,6.144681453704834,4.142862319946289,9.256800651550293,4.142862319946289,1.0009095668792725,1.0009095668792725,7.215203285217285,3.072340726852417,3.787534236907959,7.235092639923096,bin,9.256800651550293
celery\celery\bin\base.py,78.320068359375,19.820592880249023,129.40419006347656,10.035213470458984,13.485681533813477,10.635788917541504,41.5107421875,15.833377838134766,22.710643768310547,46.35104751586914,bin,129.40419006347656
celery\t\unit\tasks\test_stamping.py,81.23934936523438,29.627750396728516,98.5550537109375,9.697325706481934,8.112404823303223,5.218238830566406,70.42571258544922,8.260252952575684,13.359941482543945,21.27385139465332,bin,98.5550537109375
celery\t\unit\events\test_cursesmon.py,66.09716796875,6.224287986755371,84.51367950439453,6.341158866882324,93.14934539794922,2.5738699436187744,11.89041519165039,3.5584940910339355,10.017343521118164,77.91633605957031,events,93.14934539794922
celery\celery\bin\celery.py,98.96448516845703,69.2871322631836,166.14004516601562,18.489330291748047,112.68572998046875,20.40489959716797,76.82344055175781,12.648721694946289,36.637535095214844,130.7506561279297,bin,166.14004516601562
celery\celery\worker\state.py,59.07769012451172,14.252972602844238,31.431419372558594,7.595755577087402,26.422780990600586,5.001848220825195,42.58938217163086,5.566257953643799,20.266082763671875,91.04533386230469,worker,91.04533386230469
celery\t\smoke\tests\failover\test_worker_failover.py,68.45877075195312,13.568044662475586,17.686643600463867,4.4735517501831055,8.248992919921875,1.6707584857940674,10.606719970703125,3.6293857097625732,8.688825607299805,100.07393646240234,worker,100.07393646240234
celery\t\unit\bin\test_control.py,74.02294158935547,15.05566120147705,151.13165283203125,8.973755836486816,117.23817443847656,4.42922830581665,9.625455856323242,9.061524391174316,18.11655044555664,103.54861450195312,bin,151.13165283203125
celery\t\smoke\tests\test_control.py,65.00064849853516,4.009177207946777,15.354386329650879,2.338205099105835,13.297338485717773,4.681131362915039,8.302180290222168,2.734604597091675,7.953125953674316,83.82894134521484,worker,83.82894134521484
celery\celery\bin\control.py,65.25102233886719,6.129348278045654,124.92105102539062,7.323755741119385,9.596903800964355,3.5887374877929688,5.160031795501709,7.650800704956055,13.33290958404541,14.480916976928711,bin,124.92105102539062
celery\celery\fixups\__init__.py,2.175363779067993,0.1732824742794037,3.1764042377471924,0.0,1.0010405778884888,141.2556610107422,1.0010405778884888,1.0010405778884888,1.1743230819702148,1.1743230819702148,fixups,141.2556610107422
celery\celery\app\builtins.py,80.57823181152344,70.90966796875,100.52462768554688,12.1692476272583,5.9142584800720215,2.503117084503174,15.79422378540039,12.499717712402344,16.860502243041992,74.3045654296875,bin,100.52462768554688
celery\extra\release\sphinx2rst_config.py,3.3413774967193604,3.0122532844543457,5.875736236572266,0.0,3.6069045066833496,1.842539668083191,5.7536540031433105,1.4872634410858154,9.781484603881836,4.419337272644043,utils,9.781484603881836
celery\t\unit\utils\__init__.py,2.1749229431152344,0.1730874627828598,3.1758406162261963,0.0,1.000917673110962,1.000917673110962,1.000917673110962,1.000917673110962,86.98430633544922,1.174005150794983,utils,86.98430633544922
celery\celery\worker\request.py,95.85001373291016,66.12210083007812,38.35960006713867,21.71905517578125,204.5145721435547,5.6544976234436035,90.46670532226562,12.825353622436523,25.781200408935547,100.60222625732422,events,204.5145721435547
celery\celery\backends\arangodb.py,61.579158782958984,134.0509490966797,44.60822296142578,4.356913089752197,5.194327354431152,2.4559404850006104,7.942149639129639,5.624064922332764,9.11584186553955,9.366186141967773,backends,134.0509490966797
celery\celery\security\certificate.py,11.19050121307373,44.7244873046875,28.181215286254883,5.9884419441223145,2.3772366046905518,2.3772366046905518,3.211519718170166,129.538330078125,8.269526481628418,4.971649169921875,security,129.538330078125
celery\t\unit\worker\test_revoke.py,8.261507034301758,0.8943931460380554,10.5429105758667,1.7324494123458862,8.105460166931152,1.0008975267410278,3.7868316173553467,1.343737006187439,3.7641406059265137,72.25059509277344,worker,72.25059509277344
celery\celery\beat.py,90.2501220703125,66.83644104003906,85.38117218017578,18.7081298828125,75.34962463378906,8.52799129486084,19.464881896972656,15.921978950500488,26.403352737426758,28.81879425048828,app,90.2501220703125
celery\celery\utils\deprecated.py,8.858163833618164,4.6233906745910645,31.999717712402344,8.00938606262207,5.007242202758789,4.146170616149902,6.61033296585083,3.4543395042419434,89.09191131591797,6.89190673828125,utils,89.09191131591797
celery\t\unit\app\test_annotations.py,73.18824005126953,7.33542537689209,7.279548645019531,4.922957897186279,1.0008190870285034,1.5179526805877686,6.938502788543701,3.497180461883545,7.139685153961182,5.976185321807861,app,73.18824005126953
celery\celery\contrib\testing\worker.py,80.421630859375,16.801488876342773,34.28013610839844,146.91163635253906,59.232398986816406,6.311307907104492,31.476762771606445,9.35832691192627,25.324331283569336,113.66741180419922,concurrency,146.91163635253906
celery\t\unit\bin\proj\daemon_config.py,7.036020755767822,1.572063684463501,143.9876251220703,3.193419933319092,113.42779541015625,1.000842809677124,6.035449028015137,1.6911702156066895,7.511430263519287,77.12705993652344,bin,143.9876251220703
celery\t\unit\worker\test_consumer.py,115.7330322265625,31.938087463378906,136.3872528076172,104.2239990234375,157.227783203125,14.37977123260498,40.0877571105957,18.034990310668945,32.030033111572266,153.86256408691406,events,157.227783203125
celery\celery\app\utils.py,95.82935333251953,75.31494140625,70.01637268066406,15.111189842224121,98.47722625732422,9.132240295410156,71.51350402832031,15.395000457763672,89.32862091064453,40.23921585083008,events,98.47722625732422
celery\docs\conf.py,83.08036041259766,62.55129623413086,123.51988983154297,106.37718200683594,14.351401329040527,131.16549682617188,20.732646942138672,8.429145812988281,107.62752532958984,106.8929214477539,fixups,131.16549682617188
celery\celery\backends\redis.py,83.3072280883789,144.3008575439453,115.0834732055664,19.96904182434082,75.76695251464844,4.920734405517578,13.628568649291992,24.993751525878906,21.157224655151367,22.154342651367188,backends,144.3008575439453
celery\t\unit\backends\test_arangodb.py,70.46062469482422,148.06399536132812,48.87105941772461,11.536703109741211,6.844276428222656,5.738365650177002,43.09938430786133,9.018799781799316,16.177082061767578,14.848146438598633,backends,148.06399536132812
celery\t\unit\worker\test_components.py,16.407541275024414,14.757210731506348,23.60488510131836,26.214078903198242,101.61730194091797,4.422150135040283,13.338563919067383,5.7331013679504395,16.571496963500977,85.92394256591797,events,101.61730194091797
celery\docs\_ext\celerydocs.py,103.22007751464844,117.54010009765625,53.40610122680664,23.885894775390625,156.96810913085938,111.58094787597656,132.4359893798828,106.11162567138672,105.57240295410156,91.45095825195312,events,156.96810913085938
celery\examples\django\demoapp\models.py,5.913576126098633,1.9558794498443604,5.312793731689453,11.44493293762207,2.9567878246307373,5.988580226898193,4.4258575439453125,2.9567878246307373,6.622986793518066,4.912667274475098,concurrency,11.44493293762207
celery\examples\django\manage.py,7.381847381591797,2.879523754119873,25.323787689208984,7.212123394012451,3.3948025703430176,8.302495956420898,6.613064765930176,3.7281649112701416,11.43820858001709,7.024145126342773,bin,25.323787689208984
celery\t\integration\__init__.py,2.1751198768615723,0.1732824742794037,3.1760387420654297,3.2024028301239014,1.0009187459945679,3.003103017807007,1.0009187459945679,1.0009187459945679,1.174201250076294,1.174201250076294,concurrency,3.2024028301239014
celery\examples\django\demoapp\migrations\0001_initial.py,9.372000694274902,5.400670051574707,5.318309307098389,12.204050064086914,3.890432596206665,5.955783367156982,4.366098403930664,7.976659297943115,5.700843811035156,4.020007133483887,concurrency,12.204050064086914
celery\t\unit\utils\test_imports.py,74.32612609863281,15.270923614501953,106.77908325195312,17.346994400024414,9.335044860839844,11.308786392211914,22.082700729370117,8.74411392211914,112.541015625,77.34304809570312,utils,112.541015625
celery\t\unit\utils\test_serialization.py,15.64681625366211,9.673123359680176,52.29766082763672,13.817708015441895,6.399304389953613,5.965996265411377,11.096271514892578,14.062332153320312,108.06156158447266,13.283432006835938,utils,108.06156158447266
celery\celery\app\base.py,130.8208770751953,144.1719207763672,176.0435791015625,38.191375732421875,125.31250762939453,226.56448364257812,160.3130645751953,117.90475463867188,55.967735290527344,144.56678771972656,fixups,226.56448364257812
celery\examples\django\demoapp\migrations\__init__.py,2.1747262477874756,0.17289286851882935,3.175642967224121,0.0,1.0009167194366455,4.050981044769287,1.0009167194366455,1.0009167194366455,1.17380952835083,1.17380952835083,fixups,4.050981044769287
celery\t\unit\app\test_builtins.py,80.38401794433594,66.92801666259766,24.416526794433594,6.582695960998535,2.858097553253174,2.0221738815307617,12.926182746887207,4.21626091003418,12.112812042236328,85.48930358886719,worker,85.48930358886719
celery\t\smoke\tests\test_consumer.py,73.91754150390625,52.919063568115234,40.14104461669922,116.85763549804688,4.482551097869873,1.4811640977859497,17.441347122192383,11.034096717834473,14.251376152038574,112.58706665039062,concurrency,116.85763549804688
celery\examples\eventlet\celeryconfig.py,10.20240592956543,10.51463508605957,15.314539909362793,6.261045932769775,8.298107147216797,1.000894546508789,10.184259414672852,2.7574429512023926,7.089153289794922,91.75376892089844,worker,91.75376892089844
celery\t\smoke\operations\task_termination.py,46.21415328979492,3.264859676361084,11.176456451416016,3.264859676361084,2.9188385009765625,2.6012613773345947,7.816128253936768,2.63327956199646,9.396502494812012,79.22401428222656,worker,79.22401428222656
celery\celery\security\__init__.py,66.41885375976562,7.0382866859436035,11.291833877563477,5.2231059074401855,5.335748195648193,2.313894033432007,7.863415241241455,167.1992645263672,5.999154567718506,8.560630798339844,security,167.1992645263672
celery\t\unit\contrib\proj\__init__.py,3.4749231338500977,0.17289286851882935,3.175642967224121,0.6683458685874939,1.0009167194366455,1.0009167194366455,1.0009167194366455,1.0009167194366455,1.17380952835083,2.4740066528320312,app,3.4749231338500977
celery\t\unit\utils\test_annotations.py,20.848968505859375,8.783777236938477,10.30480670928955,10.542210578918457,1.8057551383972168,4.891202926635742,5.139993667602539,8.097550392150879,81.1910400390625,6.825082302093506,utils,81.1910400390625
celery\celery\app\amqp.py,84.95255279541016,24.944293975830078,103.503173828125,15.906904220581055,123.30662536621094,2.343189239501953,58.25136184692383,10.999643325805664,16.245498657226562,11.560663223266602,events,123.30662536621094
celery\examples\quorum-queues\myapp.py,85.79902648925781,14.9393892288208,36.73249435424805,92.7088623046875,8.377250671386719,2.2390570640563965,15.512476921081543,5.801678657531738,10.560908317565918,107.40825653076172,worker,107.40825653076172
celery\celery\loaders\base.py,88.75777435302734,105.52171325683594,46.90740203857422,20.651317596435547,7.135865688323975,9.055730819702148,129.3829345703125,9.387941360473633,29.525842666625977,94.17019653320312,loaders,129.3829345703125
celery\t\unit\contrib\test_worker.py,90.94786834716797,55.989768981933594,25.40441131591797,27.0424861907959,47.387535095214844,5.0048956871032715,20.495206832885742,8.944947242736816,22.116727828979492,106.2454833984375,worker,106.2454833984375
celery\t\unit\app\test_amqp.py,98.16624450683594,15.863338470458984,89.49571228027344,16.063093185424805,68.73530578613281,3.229696035385132,51.977622985839844,17.140737533569336,14.173420906066895,81.74496459960938,app,98.16624450683594
celery\celery\bin\graph.py,80.75646209716797,60.21208572387695,118.85326385498047,95.54337310791016,10.623767852783203,2.7817461490631104,7.886900901794434,3.687481641769409,47.088279724121094,140.71701049804688,worker,140.71701049804688
celery\celery\worker\__init__.py,2.1751673221588135,0.1730874627828598,7.3705220222473145,0.0,2.7755038738250732,1.001039981842041,2.7755038738250732,1.001039981842041,2.948591470718384,68.603759765625,worker,68.603759765625
celery\t\unit\utils\test_sysinfo.py,12.017834663391113,10.546367645263672,8.901582717895508,10.358475685119629,6.06519889831543,3.3119473457336426,7.940881252288818,4.6565937995910645,89.977783203125,13.356009483337402,utils,89.977783203125
celery\t\unit\events\test_snapshot.py,64.77285766601562,1.6798256635665894,31.178823471069336,2.1807103157043457,118.54391479492188,1.000884771347046,7.6361589431762695,1.7469075918197632,13.13399600982666,4.872970104217529,events,118.54391479492188
celery\t\unit\worker\__init__.py,2.1749229431152344,0.1730874627828598,7.370155334472656,0.0,2.775381565093994,1.000917673110962,2.775381565093994,1.000917673110962,2.9484691619873047,68.6036376953125,worker,68.6036376953125
celery\t\unit\contrib\test_migrate.py,101.66194152832031,13.175692558288574,84.98560333251953,9.383407592773438,18.19451904296875,6.374582290649414,45.87595748901367,19.848520278930664,13.085820198059082,18.52511978149414,app,101.66194152832031
celery\examples\pydantic\__init__.py,2.1751198768615723,0.1732824742794037,3.1760387420654297,0.0,1.0009187459945679,1.0009187459945679,1.0009187459945679,1.0009187459945679,1.174201250076294,1.174201250076294,bin,3.1760387420654297
celery\t\unit\utils\test_pickle.py,9.665705680847168,3.377521514892578,5.705292701721191,5.364287376403809,4.865594863891602,1.866201639175415,42.18398666381836,7.142215728759766,84.49069213867188,5.4210991859436035,utils,84.49069213867188
celery\celery\result.py,93.21625518798828,94.54267120361328,29.886045455932617,15.209433555603027,25.99555015563965,5.513605117797852,51.713253021240234,13.835556983947754,20.2713565826416,94.784423828125,worker,94.784423828125
celery\celery\utils\text.py,20.41261863708496,9.246110916137695,28.050626754760742,13.87706470489502,9.031975746154785,6.024065971374512,12.146513938903809,9.453913688659668,83.68548583984375,13.728300094604492,utils,83.68548583984375
celery\t\unit\backends\test_elasticsearch.py,81.90784454345703,157.58819580078125,26.64133071899414,69.1446533203125,17.284025192260742,7.3432440757751465,25.981319427490234,17.909950256347656,22.733980178833008,24.477937698364258,backends,157.58819580078125
celery\t\benchmarks\bench_worker.py,88.1460189819336,46.52151107788086,36.463653564453125,103.40269470214844,13.286314964294434,8.609620094299316,21.177846908569336,10.197875022888184,22.13045883178711,130.05886840820312,worker,130.05886840820312
celery\celery\apps\worker.py,106.33268737792969,50.56955337524414,79.21156311035156,128.65516662597656,120.52674102783203,13.543044090270996,150.9593963623047,21.712411880493164,35.876502990722656,101.10492706298828,loaders,150.9593963623047
celery\t\unit\contrib\proj\conf.py,7.136608600616455,0.6495499610900879,6.0444254875183105,1.811034083366394,3.318662166595459,4.704935073852539,2.1598434448242188,2.4899144172668457,3.7818710803985596,4.242021560668945,app,7.136608600616455
celery\celery\contrib\testing\manager.py,81.52896118164062,67.96746063232422,63.30653762817383,8.007719993591309,17.7567195892334,7.157273769378662,14.91342830657959,6.1615424156188965,67.81866455078125,88.70670318603516,worker,88.70670318603516
celery\celery\events\__init__.py,5.904025077819824,0.17192651331424713,6.9050612449646,2.253384590148926,150.35826110839844,1.0010359287261963,1.0010359287261963,1.0010359287261963,4.902989387512207,1.1729625463485718,events,150.35826110839844
celery\t\unit\events\test_dumper.py,17.095176696777344,11.226040840148926,68.25396728515625,7.553897857666016,148.9712677001953,1.7612000703811646,13.797009468078613,3.390443801879883,11.20329475402832,110.05203247070312,events,148.9712677001953
celery\t\unit\backends\test_cosmosdbsql.py,66.28620147705078,130.17355346679688,38.66413879394531,9.319217681884766,9.552559852600098,4.735379695892334,7.121840000152588,7.435190677642822,14.522042274475098,9.905985832214355,backends,130.17355346679688
celery\t\integration\test_worker.py,90.48959350585938,21.132423400878906,53.26814270019531,107.04452514648438,7.787609577178955,69.85879516601562,22.000232696533203,12.528594970703125,20.29755210876465,109.5172348022461,worker,109.5172348022461
celery\t\smoke\signals.py,3.4809179306030273,1.1983305215835571,10.51198673248291,0.0,4.867674827575684,1.0008533000946045,7.723423480987549,1.0008533000946045,3.198622703552246,76.67403411865234,worker,76.67403411865234
celery\celery\contrib\abortable.py,6.670229434967041,59.73772430419922,7.775641441345215,3.8518598079681396,7.263492107391357,1.00100839138031,6.152881622314453,2.718299627304077,2.099011182785034,11.640737533569336,backends,59.73772430419922
celery\celery\bin\amqp.py,72.32274627685547,10.612363815307617,138.01243591308594,6.461565971374512,2.353090286254883,1.0006924867630005,3.68584942817688,10.1993408203125,5.723652362823486,26.315649032592773,bin,138.01243591308594
celery\t\integration\test_canvas.py,90.65617370605469,87.76456451416016,42.49399948120117,19.020099639892578,13.335564613342285,9.59341812133789,59.750091552734375,20.26205062866211,51.04921340942383,34.359493255615234,app,90.65617370605469
celery\t\integration\test_serialization.py,64.29459381103516,54.628868103027344,38.05638885498047,9.770429611206055,4.840948104858398,5.601332187652588,8.311346054077148,18.125106811523438,16.20388412475586,122.58683776855469,worker,122.58683776855469
celery\celery\app\__init__.py,77.35347747802734,7.087092399597168,56.45408248901367,10.819965362548828,8.602446556091309,3.274966239929199,10.722269058227539,5.403532981872559,12.101860046386719,14.818278312683105,app,77.35347747802734
celery\celery\canvas.py,89.1535415649414,56.839881896972656,53.25215530395508,18.04268455505371,10.748468399047852,6.618106842041016,69.52136993408203,8.966230392456055,14.303130149841309,69.00232696533203,app,89.1535415649414
celery\celery\platforms.py,78.82706451416016,15.242496490478516,76.83794403076172,16.264707565307617,15.688864707946777,8.570162773132324,11.681108474731445,129.01773071289062,52.157981872558594,58.9243278503418,security,129.01773071289062
celery\celery\fixups\django.py,99.30564880371094,40.995025634765625,33.83586120605469,33.10445785522461,17.156902313232422,220.28701782226562,67.69054412841797,12.449296951293945,113.52974700927734,118.254150390625,fixups,220.28701782226562
celery\celery\app\log.py,72.3604736328125,9.52282428741455,15.584298133850098,9.15634536743164,13.649222373962402,4.678272724151611,58.422298431396484,7.2368245124816895,13.788859367370605,78.36946868896484,worker,78.36946868896484
celery\t\unit\bin\proj\app_with_custom_cmds.py,61.82081985473633,4.17384147644043,120.3895492553711,3.724888563156128,9.222723007202148,2.900468349456787,3.0763683319091797,1.0010097026824951,6.377114772796631,72.3309326171875,bin,120.3895492553711
celery\t\unit\tasks\__init__.py,5.049956321716309,3.0481209754943848,7.780068874359131,2.8750336170196533,1.000917673110962,1.000917673110962,5.3134684562683105,2.438434600830078,1.174005150794983,5.632394790649414,bin,7.780068874359131
celery\t\unit\utils\test_dispatcher.py,18.652395248413086,11.847902297973633,20.99079704284668,2.0743539333343506,8.729745864868164,2.74534273147583,3.0612056255340576,2.630333185195923,106.11616516113281,4.749403476715088,utils,106.11616516113281
celery\t\unit\bin\test_daemonization.py,57.48062515258789,2.1151909828186035,143.64927673339844,3.348618984222412,95.64512634277344,1.6436524391174316,6.45865535736084,2.554262399673462,9.10094165802002,68.41944885253906,bin,143.64927673339844
celery\celery\contrib\django\__init__.py,3.476827621459961,0.1730874627828598,3.1762073040008545,0.0,1.001039981842041,4.053411960601807,1.001039981842041,1.001039981842041,1.174127459526062,2.47578763961792,fixups,4.053411960601807
celery\celery\worker\consumer\events.py,61.67945861816406,6.28558349609375,43.64101028442383,7.497974395751953,204.74830627441406,1.5627402067184448,10.746793746948242,2.6806414127349854,9.439458847045898,83.09141540527344,events,204.74830627441406
celery\celery\contrib\__init__.py,3.4784905910491943,0.1732824742794037,3.1764042377471924,0.0,1.0010405778884888,1.0010405778884888,1.0010405778884888,1.0010405778884888,1.1743230819702148,2.477449893951416,app,3.4784905910491943
celery\t\unit\utils\test_utils.py,3.865323066711426,6.873101711273193,29.7716121673584,1.2040177583694458,1.000842809677124,1.000842809677124,3.299715280532837,1.6028516292572021,92.16187286376953,3.895901679992676,utils,92.16187286376953
celery\t\unit\utils\test_threads.py,5.761001110076904,3.8321967124938965,35.241851806640625,6.051555633544922,7.670007705688477,1.4942365884780884,3.5685431957244873,1.6582354307174683,94.27316284179688,6.315659523010254,utils,94.27316284179688
celery\t\unit\contrib\django\__init__.py,3.4749231338500977,0.17289286851882935,3.175642967224121,0.0,1.0009167194366455,4.050981044769287,1.0009167194366455,1.0009167194366455,1.17380952835083,2.4740066528320312,fixups,4.050981044769287
celery\t\unit\concurrency\test_concurrency.py,59.17940139770508,14.82990550994873,47.296234130859375,200.85540771484375,92.95938110351562,5.378007411956787,11.065587997436523,4.937704563140869,21.12958335876465,54.32794952392578,concurrency,200.85540771484375
celery\celery\app\autoretry.py,66.27713012695312,9.940775871276855,11.322726249694824,5.972074508666992,1.000950813293457,6.488495349884033,6.6770243644714355,2.7441463470458984,7.0193328857421875,11.232583045959473,app,66.27713012695312
celery\celery\app\events.py,65.4586410522461,7.403678894042969,11.329673767089844,6.200987339019775,116.50914001464844,1.0011072158813477,1.0011072158813477,1.0011072158813477,5.678181171417236,3.927671432495117,events,116.50914001464844
celery\t\smoke\tests\quorum_queues\test_qos.py,77.33204650878906,22.917240142822266,33.90048599243164,105.4373779296875,6.027828693389893,1.68956458568573,13.336688041687012,8.065722465515137,9.902010917663574,107.46483612060547,worker,107.46483612060547
celery\celery\events\receiver.py,79.98609924316406,6.838585376739502,24.758548736572266,6.357758522033691,149.5164337158203,1.9105007648468018,11.045233726501465,8.81914234161377,11.565918922424316,71.3255844116211,events,149.5164337158203
celery\t\unit\app\test_beat.py,98.56953430175781,55.44874954223633,90.52178192138672,14.992560386657715,32.52768325805664,6.897824764251709,32.09326934814453,10.144749641418457,26.62295913696289,20.367908477783203,app,98.56953430175781
celery\t\unit\app\__init__.py,53.6331787109375,0.4865780472755432,3.1758406162261963,0.0,1.000917673110962,1.000917673110962,1.000917673110962,1.000917673110962,2.6442410945892334,1.174005150794983,app,53.6331787109375
celery\t\unit\backends\test_database.py,90.11666870117188,161.8196258544922,142.34861755371094,26.392528533935547,45.83689498901367,11.911458969116211,28.26913070678711,10.14522647857666,21.81774139404297,122.7610855102539,backends,161.8196258544922
celery\t\unit\worker\test_state.py,31.477252960205078,14.62645149230957,85.9021224975586,15.010075569152832,14.963560104370117,10.355687141418457,51.345985412597656,7.610642433166504,22.67070770263672,96.79182434082031,worker,96.79182434082031
celery\t\unit\apps\test_multi.py,72.02336120605469,8.049509048461914,63.98130416870117,8.290618896484375,15.329093933105469,5.095932960510254,14.534002304077148,3.8984932899475098,39.80607986450195,76.01008605957031,worker,76.01008605957031
celery\examples\stamping\revoke_example.py,7.645851135253906,12.257043838500977,9.159212112426758,5.142831325531006,5.4536566734313965,1.0008256435394287,59.25789260864258,2.974327325820923,3.6766557693481445,8.390815734863281,loaders,59.25789260864258
celery\celery\backends\gcs.py,73.14078521728516,140.34254455566406,46.39110565185547,15.535961151123047,14.80492877960205,13.659369468688965,14.978943824768066,15.645169258117676,18.390968322753906,19.129934310913086,backends,140.34254455566406
celery\celery\utils\debug.py,47.093414306640625,3.1118412017822266,34.883731842041016,4.857506275177002,13.360763549804688,5.709235668182373,6.742027282714844,3.376588821411133,111.89839935302734,5.427413463592529,utils,111.89839935302734
celery\t\unit\test_canvas.py,62.3323974609375,11.426837921142578,13.357061386108398,10.894063949584961,2.593533754348755,1.000842809677124,9.059514045715332,3.8253514766693115,7.00091552734375,69.40943908691406,worker,69.40943908691406
celery\celery\concurrency\base.py,83.29363250732422,20.912572860717773,21.1672420501709,124.94866180419922,54.469871520996094,6.034953594207764,17.430997848510742,6.918948173522949,21.297290802001953,61.795799255371094,concurrency,124.94866180419922
celery\examples\gevent\celeryconfig.py,11.928906440734863,50.64078903198242,11.450231552124023,5.261174201965332,39.757835388183594,1.0008964538574219,8.436878204345703,2.759108543395996,7.225526332855225,24.592378616333008,backends,50.64078903198242
celery\t\unit\backends\test_rpc.py,86.1849594116211,123.4136962890625,67.12128448486328,17.001279830932617,118.48358154296875,3.26619553565979,13.785197257995605,5.772022724151611,50.348819732666016,70.68566131591797,backends,123.4136962890625
celery\examples\next-steps\proj\tasks.py,65.92337799072266,4.593899726867676,9.640050888061523,4.8792338371276855,1.0008964538574219,1.0008964538574219,7.339272499084473,3.1136884689331055,3.2415921688079834,7.310400009155273,app,65.92337799072266
celery\celery\_state.py,85.98234558105469,12.349384307861328,19.3709774017334,9.048933982849121,11.709478378295898,120.20033264160156,63.29182052612305,5.138435363769531,30.940168380737305,80.99272155761719,fixups,120.20033264160156
celery\t\smoke\conftest.py,79.5466079711914,61.14702606201172,116.98806762695312,12.285633087158203,5.6520843505859375,11.367206573486328,11.305208206176758,5.948626518249512,14.531607627868652,126.66687774658203,worker,126.66687774658203
celery\t\unit\bin\proj\daemon.py,58.03758239746094,0.837730884552002,106.773193359375,0.751517653465271,1.001030683517456,1.001030683517456,1.4028778076171875,1.001030683517456,3.1707022190093994,1.001030683517456,bin,106.773193359375
celery\celery\worker\consumer\tasks.py,73.83174133300781,16.387081146240234,28.271360397338867,99.76078033447266,11.100157737731934,3.5572867393493652,13.025074005126953,10.434438705444336,8.753106117248535,112.97872924804688,worker,112.97872924804688
celery\t\unit\contrib\test_pytest.py,47.13594055175781,7.471711158752441,10.588141441345215,3.223703384399414,5.454193115234375,3.921959638595581,6.52822732925415,3.584557056427002,7.816484451293945,26.988767623901367,app,47.13594055175781
celery\t\unit\worker\test_request.py,105.52225494384766,84.01161193847656,66.29188537597656,27.689186096191406,179.4588165283203,10.01070785522461,85.85438537597656,19.127065658569336,41.88118362426758,113.41293334960938,events,179.4588165283203
celery\celery\utils\saferepr.py,50.26209259033203,4.472228050231934,43.046485900878906,3.0142338275909424,5.440375804901123,5.588131427764893,4.063461780548096,3.2785751819610596,72.56629180908203,7.660516262054443,utils,72.56629180908203
celery\celery\worker\consumer\consumer.py,110.04244995117188,39.910316467285156,75.02703094482422,24.761484146118164,166.5548095703125,14.505646705627441,106.45228576660156,15.961702346801758,29.74358367919922,140.671630859375,events,166.5548095703125
celery\t\integration\test_mem_leak_in_exception_handling.py,73.91743469238281,53.1866455078125,114.73856353759766,13.35474681854248,6.153852462768555,8.127492904663086,16.83431053161621,11.130562782287598,31.906023025512695,33.3328857421875,bin,114.73856353759766
celery\t\unit\security\test_security.py,78.96785736083984,9.872214317321777,51.29519271850586,11.285659790039062,5.942811489105225,6.2068610191345215,12.781100273132324,164.68992614746094,12.746066093444824,14.118671417236328,security,164.68992614746094
celery\celery\bin\call.py,61.76958084106445,8.281302452087402,114.72026062011719,4.708501815795898,3.8550891876220703,2.986452102661133,9.155150413513184,4.8366827964782715,9.041337013244629,6.498134136199951,bin,114.72026062011719
celery\t\unit\contrib\proj\xyzzy.py,60.033416748046875,3.512781858444214,5.451715469360352,3.8234963417053223,1.0010359287261963,1.0010359287261963,5.739365100860596,2.5804789066314697,2.5318796634674072,5.887434005737305,app,60.033416748046875
celery\examples\celery_http_gateway\manage.py,5.937810897827148,2.089996814727783,32.274749755859375,1.3268667459487915,3.6547577381134033,6.6819963455200195,5.37299108505249,2.7058277130126953,6.9712347984313965,3.5497958660125732,bin,32.274749755859375
celery\celery\utils\annotations.py,16.10841941833496,2.4183688163757324,3.334186553955078,1.5147652626037598,1.0009828805923462,1.5573220252990723,1.0009828805923462,1.943248987197876,83.4655990600586,1.0009828805923462,utils,83.4655990600586
celery\celery\contrib\migrate.py,98.68130493164062,18.695276260375977,31.613018035888672,12.796904563903809,18.09868621826172,4.1734161376953125,59.978614807128906,20.586688995361328,11.349724769592285,83.61009216308594,app,98.68130493164062
celery\t\unit\utils\test_text.py,74.85808563232422,9.268317222595215,93.878662109375,4.8511962890625,1.0007754564285278,1.0007754564285278,8.091352462768555,4.2929368019104,84.25594329833984,8.508183479309082,bin,93.878662109375
celery\t\smoke\workers\other.py,57.66441345214844,1.3338133096694946,101.82061767578125,3.1904006004333496,4.7639994621276855,8.991157531738281,5.284657001495361,1.8065367937088013,11.415356636047363,124.4500732421875,worker,124.4500732421875
celery\t\unit\tasks\test_result.py,106.94988250732422,102.14766693115234,79.04129791259766,20.33852195739746,22.97364616394043,10.438481330871582,52.1462287902832,16.98550033569336,26.31618309020996,83.44226837158203,app,106.94988250732422
celery\celery\worker\consumer\gossip.py,94.7589340209961,16.16576385498047,39.02290725708008,17.75273323059082,168.5563507080078,4.493040084838867,87.00035095214844,16.933378219604492,20.20870590209961,130.7244415283203,events,168.5563507080078
celery\t\unit\bin\__init__.py,2.1749229431152344,0.1730874627828598,99.40386199951172,0.0,1.000917673110962,1.000917673110962,1.3586938381195068,1.000917673110962,1.5317813158035278,1.174005150794983,bin,99.40386199951172
celery\celery\bin\list.py,68.1568603515625,5.012193202972412,118.39136505126953,2.0,2.3488881587982178,1.0009949207305908,5.680191516876221,5.422680377960205,5.57853364944458,4.748320579528809,bin,118.39136505126953
celery\celery\worker\consumer\connection.py,3.3874523639678955,1.3167881965637207,12.19154167175293,0.41653233766555786,4.4007110595703125,1.5981985330581665,6.2186760902404785,1.0009998083114624,3.622441291809082,89.04683685302734,worker,89.04683685302734
celery\celery\states.py,5.33560848236084,6.192047119140625,8.593724250793457,4.713676452636719,12.869375228881836,1.9230949878692627,3.4499590396881104,1.7912416458129883,2.609800100326538,6.818619251251221,events,12.869375228881836
celery\docs\changelog_formatter.py,51.040489196777344,5.890162944793701,38.367225646972656,9.444049835205078,9.079575538635254,12.465858459472656,13.22840690612793,11.699402809143066,28.556684494018555,9.351078987121582,app,51.040489196777344
celery\t\unit\utils\test_local.py,54.56886672973633,7.2520012855529785,53.276676177978516,11.684185028076172,6.610413074493408,6.883503437042236,12.50352668762207,7.398115634918213,84.0078353881836,11.995916366577148,utils,84.0078353881836
celery\t\smoke\tasks.py,44.62894821166992,19.140600204467773,94.69862365722656,10.111603736877441,1.0009334087371826,2.2412102222442627,7.684728145599365,4.150728225708008,89.57762908935547,12.093235969543457,bin,94.69862365722656
celery\celery\worker\components.py,76.66865539550781,15.964165687561035,79.07979583740234,149.23074340820312,185.0428924560547,6.573572158813477,18.65101432800293,7.398502826690674,30.513648986816406,96.49483489990234,events,185.0428924560547
celery\t\unit\events\__init__.py,4.614504337310791,0.1730874627828598,5.615421772003174,0.9597208499908447,97.43250274658203,1.000917673110962,1.000917673110962,1.000917673110962,3.613586664199829,1.174005150794983,events,97.43250274658203
celery\t\unit\app\test_control.py,92.0127944946289,24.267948150634766,100.72501373291016,21.056625366210938,111.19659423828125,6.7337775230407715,65.55254364013672,12.940049171447754,45.29816818237305,27.56658172607422,events,111.19659423828125
celery\t\unit\security\test_key.py,4.76277494430542,2.7611100673675537,5.763607501983643,3.0633764266967773,2.8875043392181396,2.8875043392181396,3.9636499881744385,134.77496337890625,5.604815483093262,3.7619423866271973,security,134.77496337890625
celery\celery\bin\purge.py,69.01678466796875,13.805081367492676,152.25140380859375,6.01710319519043,5.421888828277588,3.1793532371520996,10.864480972290039,16.224197387695312,12.340713500976562,12.047074317932129,bin,152.25140380859375
celery\celery\bin\shell.py,78.87887573242188,13.107504844665527,171.3077850341797,122.71880340576172,56.9760627746582,6.843689441680908,59.88325119018555,8.807395935058594,21.71544647216797,18.46198272705078,bin,171.3077850341797
celery\t\unit\backends\test_mongodb.py,76.39983367919922,189.32730102539062,112.83303833007812,11.56483268737793,12.937644958496094,7.990527153015137,26.191194534301758,7.437333106994629,29.854747772216797,77.51716613769531,backends,189.32730102539062
celery\t\unit\backends\test_filesystem.py,77.18231201171875,86.61864471435547,51.0738410949707,7.920245170593262,13.968596458435059,8.209935188293457,39.17282485961914,13.528509140014648,31.916418075561523,14.995076179504395,backends,86.61864471435547
celery\t\unit\contrib\test_rdb.py,10.844157218933105,6.282083034515381,85.00749206542969,7.238330841064453,7.504289150238037,3.645716428756714,6.31311559677124,4.168298244476318,6.6267409324646,7.4115777015686035,bin,85.00749206542969
celery\t\unit\test_generics.py,62.955177307128906,15.965802192687988,17.372543334960938,6.4088053703308105,4.226141929626465,3.0927209854125977,10.391229629516602,6.0149383544921875,7.6443023681640625,23.510509490966797,app,62.955177307128906
celery\celery\backends\database\session.py,5.855082988739014,85.40947723388672,84.85791015625,12.393465042114258,2.671586275100708,2.581575393676758,5.87281608581543,2.323641300201416,10.060811996459961,28.281824111938477,backends,85.40947723388672
celery\t\unit\worker\test_control.py,95.2417221069336,64.30828094482422,101.69794464111328,24.939634323120117,170.46029663085938,6.476500511169434,99.02071380615234,15.896560668945312,30.362937927246094,119.44828033447266,events,170.46029663085938
celery\celery\contrib\sphinx.py,80.2984390258789,9.788750648498535,31.761676788330078,16.93817138671875,6.352999210357666,4.390761375427246,12.843559265136719,5.252663612365723,16.036441802978516,27.56433868408203,app,80.2984390258789
celery\celery\utils\__init__.py,6.787161350250244,9.563364028930664,33.7618522644043,3.783618688583374,2.753469467163086,1.5854939222335815,7.9403181076049805,5.298588275909424,88.15758514404297,71.3207778930664,utils,88.15758514404297
celery\t\unit\security\test_serialization.py,53.365203857421875,5.670877933502197,25.58428382873535,4.527188301086426,4.987849235534668,3.5921123027801514,6.094747066497803,128.41416931152344,12.266046524047852,7.046388149261475,security,128.41416931152344
celery\t\unit\backends\test_consul.py,55.75605010986328,128.12957763671875,6.1429762840271,4.0419487953186035,1.0007997751235962,1.5582284927368164,3.0902950763702393,5.640550136566162,7.418612003326416,2.178436279296875,backends,128.12957763671875
celery\examples\django\proj\celery.py,69.36090850830078,12.554859161376953,87.4207992553711,11.373180389404297,3.3647820949554443,6.762348175048828,10.706463813781738,5.43320894241333,8.429207801818848,14.816570281982422,bin,87.4207992553711
celery\t\unit\tasks\test_chord.py,85.50745391845703,67.20941162109375,78.32038116455078,10.103489875793457,4.905288219451904,5.552671432495117,30.001953125,6.614168167114258,39.287845611572266,17.426959991455078,app,85.50745391845703
celery\examples\gevent\tasks.py,9.321951866149902,12.61834716796875,13.173338890075684,9.277576446533203,38.96128845214844,1.0008896589279175,6.969946384429932,3.7162258625030518,2.2023212909698486,11.125887870788574,events,38.96128845214844
celery\t\unit\backends\test_couchbase.py,70.98775482177734,140.1753692626953,15.305570602416992,11.555316925048828,17.132070541381836,7.056884765625,46.6900749206543,8.040605545043945,22.14671516418457,15.3563814163208,backends,140.1753692626953
celery\celery\backends\couchdb.py,8.056388854980469,91.27570343017578,6.886015892028809,3.2997958660125732,2.836944341659546,3.7793989181518555,5.280562400817871,6.019469738006592,6.1509108543396,7.342331886291504,backends,91.27570343017578
celery\t\smoke\workers\dev.py,11.177521705627441,0.9634642004966736,102.05703735351562,3.9836349487304688,4.735230445861816,9.305685043334961,5.6875319480896,2.195056676864624,10.5407075881958,124.1075439453125,worker,124.1075439453125
celery\t\unit\contrib\test_abortable.py,66.78903198242188,11.821318626403809,8.125120162963867,5.9840874671936035,1.000832438468933,1.000832438468933,7.854781627655029,3.285482168197632,6.340259075164795,10.461263656616211,app,66.78903198242188
celery\celery\utils\objects.py,11.250146865844727,3.8482401371002197,11.146539688110352,11.810934066772461,3.5875158309936523,3.5875158309936523,4.9096455574035645,7.789323329925537,91.7547836303711,7.462069988250732,utils,91.7547836303711
celery\celery\app\task.py,99.22296142578125,75.64558410644531,108.02657318115234,26.02176284790039,128.31219482421875,7.700243949890137,84.94120788574219,17.79861068725586,30.097698211669922,95.89537048339844,events,128.31219482421875
celery\examples\stamping\visitors.py,6.553566932678223,5.515285491943359,8.199557304382324,3.972221851348877,6.667269229888916,1.8017094135284424,62.381263732910156,2.986874580383301,3.3606643676757812,7.650667190551758,loaders,62.381263732910156
celery\celery\app\trace.py,83.1650390625,66.29029846191406,44.96752166748047,19.224163055419922,31.618846893310547,3.627974510192871,104.92996215820312,42.858306884765625,22.832422256469727,101.14291381835938,loaders,104.92996215820312
celery\celery\worker\strategy.py,83.56137084960938,12.266580581665039,32.078433990478516,12.965560913085938,200.19552612304688,1.0007768869400024,68.26532745361328,8.567252159118652,18.18985366821289,71.62779235839844,events,200.19552612304688
celery\celery\worker\control.py,92.58654022216797,47.34320068359375,158.8657989501953,26.669858932495117,165.5316925048828,14.33742618560791,73.17022705078125,17.458755493164062,36.48305892944336,111.71797943115234,events,165.5316925048828
celery\t\smoke\tests\quorum_queues\__init__.py,2.174530029296875,0.1726987361907959,7.559181213378906,0.0,1.0009156465530396,1.0009156465530396,1.0009156465530396,1.0009156465530396,1.537955641746521,1.5228418111801147,bin,7.559181213378906
celery\t\smoke\tests\test_canvas.py,61.32661056518555,65.6417007446289,27.448623657226562,12.13317584991455,5.21316385269165,1.9107178449630737,20.242433547973633,7.119449615478516,9.23253059387207,89.8399887084961,worker,89.8399887084961
celery\t\integration\test_security.py,76.7200927734375,64.15447998046875,54.283084869384766,13.73631477355957,46.94707489013672,6.9405694007873535,13.266561508178711,225.74176025390625,24.221385955810547,86.50924682617188,security,225.74176025390625
celery\t\unit\worker\test_bootsteps.py,58.432769775390625,6.556325912475586,38.57583999633789,7.183088302612305,10.135537147521973,4.371392726898193,13.575735092163086,3.364217519760132,17.78594207763672,87.25411987304688,worker,87.25411987304688
celery\t\unit\worker\test_loops.py,87.99417877197266,16.864452362060547,69.0447769165039,20.988344192504883,147.58322143554688,7.971685886383057,70.4593734741211,17.620105743408203,39.614383697509766,86.93285369873047,events,147.58322143554688
celery\celery\worker\worker.py,93.99663543701172,24.929317474365234,44.92563247680664,139.25196838378906,148.65110778808594,13.525947570800781,82.03882598876953,14.150185585021973,55.5887336730957,122.01362609863281,events,148.65110778808594
celery\celery\backends\dynamodb.py,74.46399688720703,90.07300567626953,44.82025146484375,8.855135917663574,15.491631507873535,13.337891578674316,8.888907432556152,20.096590042114258,52.004371643066406,15.788538932800293,backends,90.07300567626953
celery\celery\utils\graph.py,67.5426025390625,14.438841819763184,90.32367706298828,12.343433380126953,13.217589378356934,9.57747745513916,8.441605567932129,6.466729640960693,87.02953338623047,20.901880264282227,bin,90.32367706298828
celery\celery\backends\database\models.py,12.354159355163574,97.85928344726562,20.05975914001465,13.184046745300293,15.657026290893555,2.5105061531066895,11.196619033813477,8.442913055419922,10.240702629089355,81.88206481933594,backends,97.85928344726562
celery\t\smoke\tests\test_thread_safe.py,73.1458740234375,5.603735446929932,20.36741065979004,17.78466033935547,9.458312034606934,1.0011439323425293,11.9371976852417,4.0527215003967285,12.248688697814941,105.1106185913086,worker,105.1106185913086
celery\t\smoke\tests\stamping\__init__.py,2.1747262477874756,0.17289286851882935,3.874882936477661,0.0,1.0009167194366455,1.0009167194366455,1.0009167194366455,1.0009167194366455,1.538560390472412,1.5234295129776,bin,3.874882936477661
celery\t\unit\contrib\django\test_task.py,54.59950637817383,13.839963912963867,13.659111976623535,11.797635078430176,3.543354034423828,7.589503288269043,12.551648139953613,5.922759532928467,11.976412773132324,12.596378326416016,app,54.59950637817383
celery\t\smoke\tests\test_worker.py,71.8788833618164,42.85213851928711,32.38094711303711,74.69998931884766,12.77485179901123,6.0142645835876465,16.9455623626709,15.190999984741211,15.096770286560059,113.63629150390625,worker,113.63629150390625
celery\celery\concurrency\asynpool.py,78.88809204101562,26.510717391967773,117.66463470458984,79.23527526855469,145.236572265625,10.996999740600586,72.81244659423828,15.588659286499023,55.5395393371582,126.24567413330078,events,145.236572265625
celery\t\unit\bin\test_beat.py,64.52708435058594,8.571627616882324,120.0223388671875,2.202951431274414,1.0011155605316162,4.685355186462402,15.111958503723145,1.7590001821517944,8.510690689086914,2.842135190963745,bin,120.0223388671875
celery\celery\events\dispatcher.py,72.32191467285156,7.757310390472412,62.41405487060547,10.923894882202148,164.55953979492188,3.4291388988494873,48.77910614013672,8.032770156860352,13.693791389465332,6.88375186920166,events,164.55953979492188
celery\t\unit\backends\test_cassandra.py,79.4048080444336,93.42670440673828,34.13018035888672,24.72855567932129,22.206951141357422,8.500420570373535,45.137672424316406,22.787338256835938,26.614849090576172,24.00218391418457,backends,93.42670440673828
celery\t\smoke\tests\failover\__init__.py,2.1747262477874756,0.17289286851882935,3.874882936477661,0.0,1.0009167194366455,1.0009167194366455,1.0009167194366455,1.0009167194366455,1.538560390472412,1.5234295129776,bin,3.874882936477661
celery\t\smoke\tests\__init__.py,2.1749229431152344,0.1730874627828598,3.8758676052093506,0.0,1.000917673110962,1.000917673110962,1.000917673110962,1.000917673110962,1.5391665697097778,1.52401864528656,bin,3.8758676052093506
celery\t\unit\conftest.py,100.04757690429688,81.78927612304688,186.84849548339844,29.84620475769043,21.603260040283203,13.359885215759277,71.31354522705078,19.053537368774414,43.25745391845703,122.16352081298828,bin,186.84849548339844
celery\celery\utils\collections.py,62.02939224243164,13.527220726013184,106.22736358642578,7.062040328979492,7.1667938232421875,7.760074615478516,9.163448333740234,9.181702613830566,71.11116790771484,12.013134956359863,bin,106.22736358642578
celery\examples\eventlet\webcrawler.py,46.66606521606445,10.141664505004883,8.441073417663574,9.015166282653809,5.96771240234375,1.000832438468933,7.199967384338379,3.208974599838257,39.230506896972656,8.49748420715332,app,46.66606521606445
celery\t\unit\app\test_log.py,84.28560638427734,14.058194160461426,41.985469818115234,21.957908630371094,23.45429801940918,12.207263946533203,52.192481994628906,15.35258674621582,127.38550567626953,74.69192504882812,utils,127.38550567626953
celery\celery\exceptions.py,10.29810905456543,52.1188850402832,14.0956449508667,8.182199478149414,7.922321319580078,1.0008925199508667,7.164717197418213,46.76609802246094,7.068756103515625,50.77448654174805,backends,52.1188850402832
celery\t\integration\test_backend.py,58.825347900390625,52.07097625732422,8.79947280883789,4.2115960121154785,7.87711763381958,8.175909042358398,4.311707496643066,4.83506441116333,5.070640563964844,6.133328914642334,app,58.825347900390625
celery\t\unit\utils\test_iso8601.py,5.03473424911499,3.855165481567383,4.708084583282471,0.7119640111923218,2.183656692504883,3.3220694065093994,2.0686466693878174,3.678051471710205,78.79206085205078,7.714790344238281,utils,78.79206085205078
celery\t\unit\app\test_celery.py,54.133567810058594,1.5477402210235596,6.856953144073486,1.2451471090316772,1.001141905784607,1.001141905784607,3.386871337890625,1.6237155199050903,3.6134700775146484,2.246289014816284,app,54.133567810058594
celery\examples\celery_http_gateway\urls.py,46.92510223388672,4.155475616455078,8.646232604980469,3.4557251930236816,4.728893756866455,1.8251259326934814,7.008714199066162,2.7290077209472656,26.481874465942383,6.190377712249756,app,46.92510223388672
celery\celery\worker\pidbox.py,65.03593444824219,8.853342056274414,32.97970962524414,12.390495300292969,142.29205322265625,1.6809444427490234,10.448444366455078,6.694744110107422,13.203974723815918,70.5569839477539,events,142.29205322265625
celery\celery\app\defaults.py,80.32512664794922,88.30590057373047,69.2696762084961,82.58814239501953,140.9287567138672,7.951241493225098,20.101009368896484,133.17510986328125,25.863862991333008,98.43659210205078,events,140.9287567138672
celery\t\smoke\tests\test_signals.py,70.48786163330078,41.64142990112305,18.45279884338379,5.317030429840088,9.406166076660156,1.001135230064392,15.997777938842773,3.311404228210449,7.8461456298828125,84.91062927246094,worker,84.91062927246094
celery\celery\worker\heartbeat.py,13.088189125061035,3.9990458488464355,17.554855346679688,5.0136942863464355,110.56494140625,2.847018003463745,9.285916328430176,2.1620335578918457,11.541969299316406,81.85523223876953,events,110.56494140625
celery\celery\app\control.py,92.24684143066406,25.399938583374023,86.39810943603516,23.953983306884766,105.71598815917969,5.471288681030273,63.574493408203125,10.252364158630371,23.927181243896484,28.307132720947266,events,105.71598815917969
celery\examples\periodic-tasks\myapp.py,74.94998931884766,6.094015598297119,17.607135772705078,4.26038932800293,6.042040824890137,2.600682258605957,10.532193183898926,3.1317391395568848,7.209928512573242,27.29430389404297,app,74.94998931884766
celery\t\unit\apps\__init__.py,48.147090911865234,0.1730874627828598,3.1758406162261963,0.0,1.000917673110962,1.000917673110962,1.000917673110962,1.000917673110962,2.4874956607818604,1.174005150794983,app,48.147090911865234
celery\celery\backends\base.py,98.98403930664062,152.8231201171875,75.10476684570312,26.390892028808594,30.946226119995117,14.545639991760254,51.05982971191406,64.84416961669922,35.452110290527344,86.10794067382812,backends,152.8231201171875
celery\t\unit\concurrency\__init__.py,2.1749229431152344,0.1730874627828598,3.1758406162261963,103.69924926757812,1.000917673110962,1.000917673110962,1.000917673110962,1.000917673110962,1.174005150794983,1.174005150794983,concurrency,103.69924926757812
celery\t\smoke\__init__.py,2.1751198768615723,0.1732824742794037,3.1760387420654297,0.0,1.0009187459945679,1.0009187459945679,1.0009187459945679,1.0009187459945679,1.174201250076294,1.174201250076294,bin,3.1760387420654297
celery\t\smoke\workers\__init__.py,2.1749229431152344,0.1730874627828598,8.794266700744629,0.0,2.6463043689727783,1.000917673110962,2.6463043689727783,1.000917673110962,2.8193917274475098,63.69869613647461,worker,63.69869613647461
celery\celery\worker\autoscale.py,12.08106803894043,6.865896701812744,67.7391357421875,135.4944610595703,47.656707763671875,1.000869631767273,12.089334487915039,7.501579284667969,6.827996730804443,86.02373504638672,concurrency,135.4944610595703
celery\celery\concurrency\solo.py,47.131229400634766,3.7253715991973877,13.667542457580566,116.07449340820312,3.429051160812378,1.6903362274169922,8.075629234313965,3.1076574325561523,6.887279033660889,72.3539810180664,concurrency,116.07449340820312
celery\celery\backends\rpc.py,92.31172943115234,150.78167724609375,82.94120788574219,23.0494384765625,102.77042388916016,3.5346450805664062,14.110872268676758,18.778114318847656,18.805997848510742,23.57707405090332,backends,150.78167724609375
celery\celery\loaders\default.py,13.5288724899292,4.769662857055664,10.653908729553223,9.535293579101562,5.250826835632324,8.766169548034668,163.19879150390625,7.46059513092041,17.859216690063477,26.776443481445312,loaders,163.19879150390625
celery\t\unit\concurrency\test_thread.py,55.87388229370117,10.799762725830078,13.154495239257812,103.49201965332031,59.23934555053711,3.738945960998535,15.544825553894043,3.0008230209350586,11.960618019104004,8.862322807312012,concurrency,103.49201965332031
celery\t\smoke\operations\worker_kill.py,56.153690338134766,0.2890893220901489,12.260880470275879,0.0,13.674727439880371,4.562649250030518,7.045323371887207,1.000846266746521,5.718747138977051,105.51773834228516,worker,105.51773834228516
celery\celery\utils\threads.py,48.00444030761719,7.2353196144104,13.639701843261719,10.805672645568848,56.95368194580078,3.9576892852783203,9.89366626739502,3.3767731189727783,85.363037109375,8.848666191101074,utils,85.363037109375
celery\t\unit\contrib\test_sphinx.py,69.53779602050781,7.408862590789795,35.86179733276367,17.735952377319336,5.54318904876709,6.913224220275879,14.465886116027832,6.714829444885254,17.100435256958008,13.200493812561035,app,69.53779602050781
celery\celery\utils\time.py,30.96309471130371,18.514680862426758,56.157867431640625,9.999210357666016,12.51408863067627,9.373461723327637,12.049994468688965,8.80553150177002,106.72537994384766,13.750028610229492,utils,106.72537994384766
celery\examples\resultgraph\tasks.py,56.159690856933594,60.7142219543457,19.519142150878906,7.627678394317627,2.508042335510254,1.0007754564285278,10.246543884277344,6.492561340332031,37.355918884277344,13.88974380493164,backends,60.7142219543457
celery\celery\backends\azureblockblob.py,53.10374450683594,106.66011810302734,7.421956539154053,1.6263322830200195,1.000869631767273,3.173565626144409,4.32987117767334,4.147642135620117,6.922642707824707,4.547073841094971,backends,106.66011810302734
celery\examples\stamping\config.py,53.349937438964844,46.29572677612305,5.191177845001221,0.0,1.5138821601867676,1.0010359287261963,1.5138821601867676,1.0010359287261963,3.920712471008301,20.489192962646484,app,53.349937438964844
celery\celery\utils\static\__init__.py,6.385058403015137,0.16965071856975555,7.488239765167236,1.7707641124725342,5.753252983093262,5.264412879943848,3.6619014739990234,2.399650812149048,88.78827667236328,3.1961445808410645,utils,88.78827667236328
celery\celery\contrib\testing\app.py,83.70262908935547,62.02351379394531,16.846435546875,2.003584146499634,9.86154842376709,1.0010722875595093,10.07811450958252,1.3480346202850342,33.92148971557617,100.68302154541016,worker,100.68302154541016
celery\examples\next-steps\setup.py,42.09526443481445,7.530385971069336,57.23564910888672,10.44882869720459,7.4223456382751465,4.419891834259033,7.4221625328063965,3.1787092685699463,8.596342086791992,13.830686569213867,bin,57.23564910888672
celery\examples\django\proj\__init__.py,53.5960693359375,0.4854852855205536,3.175814628601074,0.667595386505127,1.001038670539856,4.048801422119141,1.001038670539856,1.001038670539856,2.6429171562194824,1.1737374067306519,app,53.5960693359375
celery\examples\next-steps\proj\__init__.py,2.1747262477874756,0.17289286851882935,3.540393590927124,0.6683458685874939,1.0009167194366455,1.0009167194366455,1.0009167194366455,1.0009167194366455,1.7209358215332031,1.17380952835083,bin,3.540393590927124
celery\t\integration\test_loader.py,75.77973175048828,8.378092765808105,17.047473907470703,15.681171417236328,3.715801239013672,6.423679828643799,76.02925872802734,6.686069488525391,16.09712028503418,19.8195858001709,loaders,76.02925872802734
celery\t\unit\backends\test_couchdb.py,78.87065887451172,154.00079345703125,23.765031814575195,14.580074310302734,24.854572296142578,8.492563247680664,90.53526306152344,7.280521869659424,21.442398071289062,22.834049224853516,backends,154.00079345703125
celery\t\unit\app\test_registry.py,74.00647735595703,14.348817825317383,36.11989974975586,12.705436706542969,3.179391860961914,3.179391860961914,14.312483787536621,6.414179801940918,13.664200782775879,15.48742389678955,app,74.00647735595703
celery\t\unit\utils\test_objects.py,4.984551906585693,0.8958882689476013,26.798540115356445,1.2982444763183594,1.000901460647583,1.000901460647583,2.0312371253967285,1.3443467617034912,86.76640319824219,1.896789789199829,utils,86.76640319824219
celery\examples\stamping\examples.py,40.478546142578125,3.4769701957702637,8.058255195617676,4.863457202911377,6.152755260467529,1.000787377357483,6.8366379737854,2.7392725944519043,2.621182680130005,5.80061674118042,app,40.478546142578125
celery\examples\next-steps\proj\celery.py,65.01372528076172,51.38045883178711,13.65158462524414,3.640944719314575,2.7550177574157715,2.6283466815948486,8.46103572845459,2.4284934997558594,7.4813008308410645,25.678075790405273,app,65.01372528076172
celery\celery\backends\consul.py,14.45947265625,82.41657257080078,10.646184921264648,7.284040927886963,2.034714460372925,8.950798988342285,3.2059240341186523,6.877162456512451,4.29633092880249,5.9741668701171875,backends,82.41657257080078
celery\celery\backends\filesystem.py,66.50623321533203,120.84563446044922,36.880069732666016,6.9283013343811035,7.456897735595703,7.406114101409912,9.289525985717773,8.023900985717773,17.22888946533203,9.722037315368652,backends,120.84563446044922
celery\celery\utils\nodenames.py,7.928402900695801,9.27499008178711,31.80358123779297,0.7070935368537903,2.918972969055176,1.0009949207305908,3.991032123565674,6.347182750701904,83.01668548583984,75.45601654052734,utils,83.01668548583984
celery\celery\bootsteps.py,62.65910720825195,10.701793670654297,75.37468719482422,14.13991928100586,49.65288162231445,5.900190830230713,13.90652084350586,4.9224772453308105,22.865224838256836,94.12223052978516,worker,94.12223052978516
celery\t\smoke\tests\stamping\test_revoke.py,64.08946990966797,46.498043060302734,18.732881546020508,3.656740188598633,9.312283515930176,1.0011428594589233,61.583499908447266,2.8295130729675293,10.25005054473877,86.38813018798828,worker,86.38813018798828
celery\celery\contrib\testing\tasks.py,7.319441795349121,4.02578592300415,10.75118350982666,4.6896538734436035,1.0010849237442017,1.0010849237442017,7.039763927459717,3.0139780044555664,4.031493186950684,8.331250190734863,bin,10.75118350982666
celery\t\unit\utils\test_timer2.py,13.219033241271973,6.115324974060059,19.042226791381836,7.240602493286133,58.106624603271484,3.742112398147583,6.875074863433838,2.5481925010681152,96.1797866821289,5.56133508682251,utils,96.1797866821289
celery\t\unit\worker\test_autoscale.py,70.50255584716797,17.2708797454834,73.79863739013672,134.6744842529297,65.33543395996094,3.7440719604492188,20.876720428466797,14.268978118896484,18.421632766723633,99.57652282714844,concurrency,134.6744842529297
celery\celery\events\dumper.py,71.10475158691406,7.162909507751465,24.18598747253418,9.093456268310547,166.1715850830078,6.814323902130127,18.0612735748291,5.957883834838867,19.665834426879883,82.13941955566406,events,166.1715850830078
celery\celery\utils\timer2.py,58.308013916015625,7.167659282684326,21.031702041625977,9.72370433807373,53.438941955566406,3.0503525733947754,9.481165885925293,3.6375813484191895,86.8373031616211,9.140644073486328,utils,86.8373031616211
celery\celery\bin\__init__.py,2.175363779067993,0.1732824742794037,99.4734115600586,0.0,1.0010405778884888,1.0010405778884888,1.3592199087142944,1.0010405778884888,1.5325024127960205,1.1743230819702148,bin,99.4734115600586
celery\t\unit\security\case.py,3.0497307777404785,2.430075168609619,3.2924561500549316,0.5794430375099182,1.0009115934371948,1.0009115934371948,2.8700761795043945,127.71402740478516,1.0009115934371948,2.0488193035125732,security,127.71402740478516
celery\t\smoke\tests\stamping\conftest.py,11.251252174377441,3.6358509063720703,16.473115921020508,3.0534908771514893,7.029117584228516,1.0011048316955566,8.044756889343262,2.527850389480591,4.2545881271362305,99.68684387207031,worker,99.68684387207031
celery\t\smoke\tests\stamping\test_visitor.py,12.431473731994629,12.02773666381836,14.93938159942627,4.421955108642578,4.582075119018555,1.0008125305175781,48.4372673034668,5.083844184875488,6.390511512756348,81.18004608154297,worker,81.18004608154297
celery\celery\worker\consumer\control.py,59.41150665283203,6.487321376800537,40.19418716430664,9.817919731140137,5.808050632476807,1.7029132843017578,10.457487106323242,5.100606918334961,5.15314245223999,86.20578002929688,worker,86.20578002929688
celery\examples\pydantic\tasks.py,71.34275817871094,6.077957630157471,11.674084663391113,4.105269432067871,1.5015580654144287,1.0010217428207397,7.659461975097656,3.0536563396453857,3.528433322906494,26.368087768554688,app,71.34275817871094
celery\celery\concurrency\__init__.py,6.820895195007324,8.918686866760254,13.908252716064453,146.12281799316406,49.59952163696289,1.001150131225586,6.730470180511475,3.957780361175537,8.354606628417969,73.63530731201172,concurrency,146.12281799316406
celery\t\unit\app\test_loaders.py,92.05748748779297,117.51561737060547,80.1239013671875,23.866640090942383,8.033023834228516,12.555355072021484,198.48744201660156,13.851536750793457,36.788978576660156,105.73821258544922,loaders,198.48744201660156
celery\celery\worker\consumer\agent.py,53.55352020263672,0.4952639043331146,8.633811950683594,0.0,7.208084583282471,1.001019835472107,2.861635446548462,1.001019835472107,4.508360385894775,75.33319854736328,worker,75.33319854736328
celery\t\unit\bin\test_worker.py,82.2745132446289,23.33909797668457,137.90423583984375,98.10894775390625,8.941978454589844,9.410820007324219,16.77313232421875,6.746297836303711,10.539741516113281,97.0738296508789,bin,137.90423583984375
celery\celery\contrib\rdb.py,19.346832275390625,6.613117218017578,81.25568389892578,6.723367214202881,15.324414253234863,4.853474140167236,9.806729316711426,3.2620434761047363,6.711822509765625,11.474250793457031,bin,81.25568389892578
celery\t\unit\utils\test_saferepr.py,10.677587509155273,17.199352264404297,76.50751495361328,3.2336857318878174,2.7873048782348633,2.0097687244415283,4.835912227630615,5.363261699676514,74.02932739257812,4.885052680969238,bin,76.50751495361328
celery\t\unit\app\test_routes.py,84.31767272949219,11.426799774169922,68.73339080810547,8.515815734863281,1.0010346174240112,1.2633363008499146,10.316778182983398,7.048610687255859,7.782116889953613,10.506185531616211,app,84.31767272949219
celery\celery\app\registry.py,78.9048080444336,11.10669231414795,19.033933639526367,16.44134521484375,5.847860813140869,13.354083061218262,12.793951034545898,7.702662467956543,13.009675979614258,18.10193634033203,app,78.9048080444336
celery\t\smoke\operations\worker_restart.py,55.4718017578125,0.29029443860054016,11.891955375671387,5.691959381103516,13.350259780883789,3.8198130130767822,4.355675220489502,1.0008498430252075,5.0207366943359375,107.3369140625,worker,107.3369140625
celery\t\unit\bin\proj\app.py,58.969032287597656,0.8564857244491577,102.58031463623047,3.83079195022583,2.7651760578155518,2.974313497543335,3.118184804916382,1.0010319948196411,4.913055896759033,68.03850555419922,bin,102.58031463623047
celery\t\unit\tasks\test_canvas.py,93.74755859375,55.13209915161133,142.00390625,12.293294906616211,15.199700355529785,9.319085121154785,46.1034049987793,10.438004493713379,34.82393264770508,25.43548011779785,bin,142.00390625
celery\t\smoke\workers\latest.py,61.61927032470703,0.6980013847351074,29.866323471069336,0.3443380296230316,4.1245808601379395,8.725171089172363,5.084474086761475,1.5778157711029053,8.861945152282715,122.468017578125,worker,122.468017578125
celery\celery\__init__.py,82.39231872558594,15.789336204528809,49.49030685424805,138.76388549804688,56.372100830078125,8.112129211425781,17.4296817779541,7.542257308959961,95.22669219970703,18.967144012451172,concurrency,138.76388549804688
celery\celery\concurrency\prefork.py,82.02247619628906,15.340982437133789,30.56410026550293,125.215576171875,78.09133911132812,9.45250129699707,71.4144058227539,11.584747314453125,25.06927490234375,105.67620086669922,concurrency,125.215576171875
celery\celery\utils\quorum_queues.py,61.34181594848633,1.869277834892273,10.781856536865234,1.2800824642181396,1.5736873149871826,1.0010179281234741,1.5736873149871826,1.0010179281234741,87.49150085449219,22.7624568939209,utils,87.49150085449219
celery\celery\concurrency\thread.py,55.14118194580078,7.80025577545166,13.768144607543945,123.14119720458984,3.5283358097076416,1.5654323101043701,8.903915405273438,3.4108290672302246,11.170260429382324,67.63727569580078,concurrency,123.14119720458984
celery\celery\bin\beat.py,68.23887634277344,10.537752151489258,145.1432647705078,1.9340271949768066,4.078298568725586,8.40317440032959,16.69040870666504,2.638291835784912,15.197815895080566,24.679290771484375,bin,145.1432647705078
celery\examples\stamping\myapp.py,57.20502853393555,6.166478633880615,11.458191871643066,3.6466739177703857,4.475210189819336,2.5863075256347656,60.751888275146484,4.610373497009277,6.699790000915527,7.985588073730469,loaders,60.751888275146484
celery\t\unit\bin\celery.py,2.002079963684082,0.0,99.23114013671875,0.0,1.001039981842041,1.001039981842041,1.358816146850586,1.001039981842041,1.358816146850586,1.001039981842041,bin,99.23114013671875
celery\celery\security\serialization.py,50.27834701538086,6.714466094970703,11.06100082397461,7.213748455047607,7.143733978271484,4.641470432281494,35.591224670410156,160.97860717773438,13.577285766601562,9.369476318359375,security,160.97860717773438
celery\celery\apps\beat.py,82.83365631103516,4.75515604019165,18.029245376586914,5.078238487243652,7.325314521789551,5.831450939178467,70.82779693603516,5.688140869140625,20.207408905029297,75.7173843383789,app,82.83365631103516
celery\t\unit\events\test_events.py,93.47927856445312,20.976503372192383,64.77787780761719,13.673977851867676,262.9074401855469,4.0384321212768555,29.490751266479492,13.46576976776123,30.192968368530273,79.1297378540039,events,262.9074401855469
celery\celery\utils\serialization.py,57.46030807495117,9.464499473571777,33.35837936401367,15.903651237487793,10.25179386138916,9.126174926757812,52.675079345703125,17.38616180419922,92.93775177001953,13.41776180267334,utils,92.93775177001953
celery\celery\utils\abstract.py,68.49907684326172,4.7934417724609375,8.812958717346191,3.5874733924865723,1.0009552240371704,1.9161936044692993,5.514285087585449,2.9004404544830322,85.45594787597656,6.370048522949219,utils,85.45594787597656
celery\t\smoke\tests\quorum_queues\test_quorum_queues.py,64.99048614501953,9.33459758758545,20.03952407836914,1.3120242357254028,6.554281711578369,4.729483127593994,11.493500709533691,1.7570745944976807,8.366907119750977,106.37763214111328,worker,106.37763214111328
celery\celery\backends\mongodb.py,69.09373474121094,135.86947631835938,97.23782348632812,14.492895126342773,16.629358291625977,4.7032151222229,12.886616706848145,6.373032093048096,12.937634468078613,79.58743286132812,backends,135.86947631835938
celery\celery\worker\consumer\delayed_delivery.py,72.72756958007812,15.895241737365723,112.4187240600586,7.86912727355957,8.341647148132324,7.5829644203186035,16.868375778198242,7.009194374084473,45.099544525146484,96.09910583496094,bin,112.4187240600586
celery\t\unit\fixups\test_django.py,103.2488784790039,43.92182922363281,45.662147521972656,121.63131713867188,13.51308536529541,274.30322265625,61.07223129272461,13.430668830871582,85.85035705566406,111.18750762939453,fixups,274.30322265625
celery\t\unit\__init__.py,2.1751198768615723,0.1732824742794037,3.1760387420654297,0.0,1.0009187459945679,1.0009187459945679,1.0009187459945679,1.0009187459945679,1.174201250076294,1.174201250076294,bin,3.1760387420654297
celery\celery\bin\logtool.py,20.99374008178711,19.21714210510254,123.42838287353516,8.21784782409668,13.497746467590332,9.03248405456543,15.375107765197754,6.797901630401611,12.612201690673828,12.62698745727539,bin,123.42838287353516
celery\t\smoke\tests\failover\test_broker_failover.py,50.872982025146484,12.438974380493164,16.405536651611328,1.4934637546539307,7.55665397644043,9.036478042602539,6.997997283935547,1.7504273653030396,12.061800003051758,103.75104522705078,worker,103.75104522705078
celery\t\unit\backends\test_asynchronous.py,74.91948699951172,146.59974670410156,42.531673431396484,18.61802101135254,183.28591918945312,9.955028533935547,17.17060661315918,6.726378440856934,89.26793670654297,32.30146789550781,events,183.28591918945312
celery\t\unit\app\test_preload_cli.py,62.03680419921875,11.264293670654297,174.27308654785156,3.6452765464782715,2.3515307903289795,1.0010954141616821,4.539769172668457,2.310826063156128,6.049169540405273,5.209609031677246,bin,174.27308654785156
celery\t\unit\bin\proj\scheduler.py,3.3262455463409424,1.4307531118392944,99.17819213867188,4.222761154174805,1.0009125471115112,1.0009125471115112,2.2268240451812744,2.0352871417999268,1.599016547203064,3.069661855697632,bin,99.17819213867188
celery\t\unit\app\test_app.py,142.0487060546875,115.28581237792969,174.05865478515625,40.22707748413086,49.51651382446289,144.82940673828125,83.89143371582031,113.49226379394531,105.90787506103516,145.87881469726562,bin,174.05865478515625
celery\t\skip.py,2.654120683670044,2.727682113647461,5.959503650665283,3.103524923324585,1.3791879415512085,1.0008964538574219,2.9577951431274414,4.156907558441162,1.9793035984039307,16.02829933166504,worker,16.02829933166504
celery\celery\events\state.py,71.35218048095703,25.826467514038086,68.70358276367188,19.25067138671875,182.50933837890625,8.424662590026855,29.03801155090332,12.284635543823242,23.807886123657227,135.40524291992188,events,182.50933837890625
celery\celery\app\routes.py,59.906455993652344,5.77609920501709,14.271303176879883,3.8037643432617188,1.0008925199508667,1.0008925199508667,6.62606954574585,2.7300801277160645,3.7332355976104736,5.539681911468506,app,59.906455993652344
celery\celery\backends\database\__init__.py,70.7886734008789,136.48550415039062,37.29754638671875,7.945104598999023,17.615428924560547,4.2809319496154785,13.457245826721191,5.354831218719482,16.75303077697754,20.746809005737305,backends,136.48550415039062
celery\celery\events\cursesmon.py,88.91928100585938,23.42011833190918,170.14747619628906,15.245591163635254,138.6066131591797,9.926155090332031,24.96224594116211,8.865796089172363,27.250350952148438,152.8848419189453,bin,170.14747619628906
celery\t\unit\backends\test_gcs.py,85.11033630371094,154.87228393554688,38.13709259033203,11.575950622558594,13.330584526062012,7.482463836669922,13.629788398742676,9.309308052062988,19.176729202270508,25.56119155883789,backends,154.87228393554688
celery\t\unit\worker\test_heartbeat.py,45.55666732788086,7.805463790893555,41.44649124145508,5.606889247894287,63.36072540283203,4.036015033721924,9.254497528076172,8.329689025878906,14.048036575317383,81.71529388427734,worker,81.71529388427734
celery\examples\eventlet\tasks.py,7.1450629234313965,8.065171241760254,11.771500587463379,7.369558334350586,5.000888824462891,1.000888705253601,6.966709613800049,2.9894955158233643,6.724722862243652,9.213349342346191,bin,11.771500587463379
celery\t\__init__.py,2.1753175258636475,0.1734779328107834,3.1762373447418213,0.0,1.0009198188781738,1.0009198188781738,1.0009198188781738,1.0009198188781738,1.1743977069854736,1.1743977069854736,bin,3.1762373447418213
celery\celery\utils\sysinfo.py,4.187656879425049,11.775476455688477,5.928828239440918,0.0,4.413323402404785,1.0009828805923462,1.0009828805923462,1.0009828805923462,82.43340301513672,2.3338804244995117,utils,82.43340301513672
celery\celery\__main__.py,2.0020639896392822,0.5547391176223755,5.334214687347412,102.82379150390625,1.0010319948196411,2.2736849784851074,3.332150459289551,1.3818386793136597,4.598451137542725,1.0010319948196411,concurrency,102.82379150390625
celery\celery\bin\upgrade.py,56.529945373535156,4.037032604217529,140.72048950195312,8.869552612304688,13.951079368591309,20.210542678833008,13.885659217834473,9.211545944213867,18.828784942626953,7.1723432540893555,bin,140.72048950195312
celery\celery\security\utils.py,2.0020344257354736,2.5835185050964355,4.0030517578125,0.0,1.0010172128677368,1.0010172128677368,1.0010172128677368,135.52976989746094,85.17000579833984,1.0010172128677368,security,135.52976989746094
celery\t\unit\utils\test_platforms.py,79.55013275146484,13.247310638427734,83.11946105957031,18.45018196105957,19.48537254333496,12.592885971069336,14.477258682250977,57.78919982910156,104.21244812011719,49.86735916137695,utils,104.21244812011719
celery\t\smoke\tests\test_tasks.py,78.59705352783203,18.05355453491211,27.948049545288086,95.25653076171875,11.23562240600586,5.293312072753906,16.064071655273438,7.838136196136475,18.45623016357422,90.04576873779297,concurrency,95.25653076171875
celery\celery\contrib\pytest.py,80.92025756835938,12.165287017822266,25.1412410736084,20.425329208374023,7.321286678314209,7.569121837615967,77.77855682373047,6.638757705688477,19.938600540161133,113.50416564941406,worker,113.50416564941406
celery\t\unit\utils\test_functional.py,56.052791595458984,8.111770629882812,121.3370132446289,6.413537979125977,4.994772911071777,6.030578136444092,7.780072212219238,4.619912624359131,69.13972473144531,7.102565765380859,bin,121.3370132446289
celery\t\smoke\tests\quorum_queues\test_native_delayed_delivery_binding.py,77.5553207397461,4.385711669921875,54.81687927246094,3.827430009841919,8.270158767700195,1.7238802909851074,10.706941604614258,5.825305938720703,6.528280735015869,108.56214141845703,worker,108.56214141845703
celery\t\smoke\tests\test_dedup_chain_dispatch.py,71.98614501953125,14.248157501220703,24.94830322265625,5.270082950592041,5.8231892585754395,1.6212353706359863,11.203631401062012,3.9462292194366455,9.067312240600586,85.74595642089844,worker,85.74595642089844
celery\celery\contrib\testing\__init__.py,3.476827621459961,0.1730874627828598,3.1762073040008545,0.0,1.001039981842041,1.001039981842041,1.001039981842041,1.001039981842041,1.174127459526062,2.47578763961792,app,3.476827621459961
celery\t\smoke\tests\quorum_queues\conftest.py,64.96279907226562,4.205783843994141,106.25115203857422,7.493648052215576,8.827322959899902,8.506786346435547,11.430920600891113,5.674396991729736,12.308732032775879,149.59170532226562,worker,149.59170532226562
celery\t\unit\concurrency\test_solo.py,51.06306076049805,2.9253921508789062,15.23377513885498,105.45233154296875,4.4615912437438965,1.7619686126708984,7.773943901062012,2.3586807250976562,5.139247417449951,78.35091400146484,concurrency,105.45233154296875
celery\examples\django\demoapp\views.py,2.001835346221924,0.0,3.0027530193328857,0.0,1.000917673110962,4.053289890289307,1.000917673110962,1.000917673110962,1.000917673110962,1.000917673110962,fixups,4.053289890289307
celery\examples\celery_http_gateway\tasks.py,6.027856349945068,4.02578592300415,9.555869102478027,4.02578592300415,1.0010353326797485,1.0010353326797485,7.039714336395264,3.0139284133911133,1.0010353326797485,7.039714336395264,bin,9.555869102478027
celery\celery\security\key.py,4.391080856323242,47.98916244506836,7.2236809730529785,4.640676498413086,2.9072299003601074,2.9072299003601074,3.239919900894165,142.48764038085938,10.046308517456055,3.3900833129882812,security,142.48764038085938
celery\t\smoke\tests\quorum_queues\test_native_delayed_delivery.py,101.93334197998047,26.721506118774414,37.522125244140625,37.146331787109375,12.12498950958252,8.412358283996582,24.343393325805664,12.50914192199707,14.69208812713623,116.75263977050781,worker,116.75263977050781
celery\celery\utils\term.py,27.219287872314453,10.449283599853516,28.296104431152344,11.875371932983398,5.048974514007568,7.370054721832275,4.231103897094727,7.196555137634277,82.14761352539062,5.928084373474121,utils,82.14761352539062
celery\celery\events\event.py,9.756272315979004,5.531024932861328,8.88410472869873,3.509472131729126,155.30819702148438,2.8145864009857178,2.99522066116333,4.844473838806152,8.727178573608398,3.4833531379699707,events,155.30819702148438
celery\examples\django\demoapp\__init__.py,2.1749229431152344,0.1730874627828598,3.1758406162261963,0.0,1.000917673110962,4.053289890289307,1.000917673110962,1.000917673110962,1.174005150794983,1.174005150794983,fixups,4.053289890289307
celery\celery\concurrency\eventlet.py,65.25189208984375,11.60372543334961,22.150747299194336,122.68128967285156,11.488313674926758,6.944509983062744,15.441825866699219,8.012788772583008,20.955167770385742,13.678394317626953,concurrency,122.68128967285156
celery\celery\backends\cosmosdbsql.py,54.87213134765625,117.69855499267578,12.081348419189453,2.713646411895752,4.3952836990356445,2.4126944541931152,6.413017749786377,4.0005974769592285,8.47962474822998,4.462402820587158,backends,117.69855499267578
celery\t\unit\concurrency\test_eventlet.py,69.049072265625,16.248817443847656,23.53627586364746,137.6239776611328,9.438495635986328,7.475788593292236,14.930293083190918,8.884249687194824,20.72740364074707,15.221108436584473,concurrency,137.6239776611328
celery\extra\release\attribution.py,6.702134609222412,0.0,32.55770492553711,0.0,1.0008533000946045,4.352224349975586,2.9989235401153564,1.0008533000946045,6.052402019500732,1.0008533000946045,bin,32.55770492553711
celery\celery\bin\multi.py,29.46704864501953,11.418914794921875,160.0712127685547,9.411320686340332,18.485885620117188,11.063838958740234,12.593372344970703,5.363901615142822,53.6543083190918,11.483391761779785,bin,160.0712127685547
celery\examples\eventlet\bulk_task_producer.py,67.9322280883789,11.628920555114746,9.375716209411621,8.031668663024902,47.83252716064453,1.7091655731201172,6.678053855895996,2.7016403675079346,6.101144313812256,5.4578962326049805,app,67.9322280883789
celery\t\unit\utils\test_graph.py,57.700233459472656,5.081492900848389,8.050592422485352,1.6074638366699219,1.5660059452056885,1.000787377357483,2.658003568649292,2.372610092163086,88.84815216064453,24.15166473388672,utils,88.84815216064453
celery\celery\bin\migrate.py,15.572914123535156,9.694252014160156,130.43673706054688,6.991854667663574,10.848161697387695,3.881030321121216,12.424407005310059,12.286240577697754,35.18941116333008,29.638648986816406,bin,130.43673706054688
celery\celery\worker\consumer\mingle.py,70.41078186035156,8.928754806518555,20.536352157592773,9.381806373596191,144.97610473632812,2.6106574535369873,7.460750102996826,7.25395393371582,14.434852600097656,74.57884216308594,events,144.97610473632812
celery\t\unit\tasks\test_trace.py,93.08478546142578,80.10584259033203,93.60456848144531,11.729255676269531,31.29977798461914,4.659723281860352,48.84456253051758,7.547210216522217,21.02086639404297,107.51703643798828,worker,107.51703643798828
celery\celery\utils\iso8601.py,3.748192071914673,1.4827120304107666,4.257779598236084,0.0,1.9016194343566895,1.0009419918060303,1.4544183015823364,1.0009419918060303,80.6019515991211,1.6645984649658203,utils,80.6019515991211
celery\celery\loaders\__init__.py,55.57546615600586,0.6727729439735413,3.57002592086792,0.0,1.0011062622070312,1.0011062622070312,171.36224365234375,1.0011062622070312,7.960270404815674,1.1701973676681519,loaders,171.36224365234375
celery\t\unit\events\test_state.py,65.87625122070312,20.417299270629883,94.7749252319336,16.68512535095215,181.6438446044922,5.913071632385254,38.96745300292969,10.451478004455566,51.56209945678711,166.0160675048828,events,181.6438446044922
celery\celery\backends\asynchronous.py,80.6737289428711,131.7620849609375,38.600364685058594,20.014827728271484,217.06008911132812,7.8980488777160645,20.383211135864258,11.67647933959961,54.10622024536133,20.002532958984375,events,217.06008911132812
celery\t\unit\worker\test_strategy.py,83.29033660888672,13.55220890045166,52.88701629638672,9.433423042297363,151.97459411621094,3.361645460128784,68.54771423339844,11.012066841125488,21.063724517822266,88.29227447509766,events,151.97459411621094
celery\t\integration\test_database_backend.py,69.48018646240234,117.63514709472656,40.059852600097656,13.562247276306152,8.114208221435547,8.7160062789917,10.4625244140625,5.182404518127441,11.011192321777344,12.069130897521973,backends,117.63514709472656
celery\celery\bin\worker.py,85.52729034423828,27.070802688598633,181.37527465820312,130.93850708007812,106.46915435791016,11.38493537902832,28.984567642211914,48.31145477294922,37.492454528808594,165.9181365966797,bin,181.37527465820312
celery\examples\django\demoapp\tasks.py,16.019865036010742,8.610413551330566,91.03343963623047,8.449808120727539,1.9756810665130615,3.877875804901123,8.7584228515625,4.34204626083374,5.654907703399658,10.247040748596191,bin,91.03343963623047
celery\t\smoke\tests\stamping\tasks.py,8.901215553283691,5.438695430755615,92.66686248779297,4.784674644470215,2.848755121231079,1.0008641481399536,10.531149864196777,3.3932015895843506,7.090386867523193,82.5577163696289,bin,92.66686248779297
celery\celery\contrib\testing\mocks.py,60.56435775756836,6.876170635223389,11.710798263549805,4.120809078216553,1.000900387763977,1.000900387763977,53.29661560058594,8.002786636352539,6.888472080230713,6.459239482879639,app,60.56435775756836
celery\examples\app\myapp.py,70.84536743164062,5.140469551086426,11.730310440063477,3.3038346767425537,3.7931876182556152,2.626506805419922,9.132097244262695,2.6529428958892822,6.186316013336182,25.36830711364746,app,70.84536743164062
celery\t\unit\security\test_certificate.py,13.419692993164062,3.2219111919403076,28.314199447631836,3.4180715084075928,2.3725082874298096,3.0468826293945312,5.091526985168457,132.74087524414062,8.736607551574707,5.594419479370117,security,132.74087524414062
celery\celery\contrib\django\task.py,47.6948356628418,3.302196979522705,5.630818843841553,3.302196979522705,1.0010242462158203,3.9994189739227295,5.954319953918457,2.652122735977173,3.623183488845825,6.058971881866455,app,47.6948356628418
celery\t\unit\app\test_schedules.py,74.4510498046875,12.295093536376953,61.49626922607422,16.281164169311523,39.053993225097656,5.169432640075684,24.31804084777832,6.82200813293457,11.767287254333496,16.56670570373535,app,74.4510498046875
celery\celery\bin\events.py,71.04074096679688,7.035653591156006,140.7767791748047,11.996294021606445,118.02991485595703,5.770519733428955,14.031940460205078,5.653829097747803,21.000303268432617,31.938720703125,bin,140.7767791748047
celery\t\unit\contrib\proj\foo.py,60.32080078125,3.839155912399292,46.2368049621582,4.478203773498535,1.0010340213775635,1.0010340213775635,5.972906112670898,2.658324718475342,5.486854076385498,6.268543720245361,app,60.32080078125
celery\t\integration\test_inspect.py,83.18016052246094,44.98578643798828,70.16399383544922,96.1476821899414,10.024820327758789,5.583903789520264,15.436397552490234,11.533458709716797,11.529032707214355,107.40946960449219,worker,107.40946960449219
celery\examples\security\mysecureapp.py,65.02877044677734,56.630096435546875,20.226768493652344,6.305830478668213,55.23088455200195,3.5904719829559326,11.88496208190918,157.37408447265625,12.012236595153809,97.14362335205078,security,157.37408447265625
celery\t\smoke\tests\stamping\workers\__init__.py,2.174530029296875,0.1726987361907959,9.486445426940918,0.0,2.644852876663208,1.0009156465530396,2.644852876663208,1.0009156465530396,3.1818928718566895,63.992454528808594,worker,63.992454528808594
celery\t\integration\conftest.py,77.91521453857422,70.36176300048828,42.88148880004883,20.926586151123047,8.590346336364746,10.580757141113281,19.238447189331055,12.489139556884766,45.166465759277344,109.76768493652344,worker,109.76768493652344
celery\t\unit\app\test_trace.py,57.60855484008789,5.854422569274902,6.398228168487549,4.784454822540283,6.688007354736328,1.3699156045913696,4.523556709289551,2.9481637477874756,34.8315544128418,10.542567253112793,app,57.60855484008789
celery\t\smoke\operations\__init__.py,2.1749229431152344,0.1730874627828598,3.1758406162261963,0.0,1.000917673110962,1.000917673110962,1.000917673110962,1.000917673110962,1.174005150794983,1.174005150794983,bin,3.1758406162261963
celery\celery\utils\imports.py,76.56107330322266,10.904136657714844,64.08784484863281,17.353200912475586,7.586103439331055,10.894460678100586,21.268535614013672,8.691099166870117,99.64057159423828,16.872438430786133,utils,99.64057159423828
celery\celery\apps\__init__.py,48.15989685058594,0.1732824742794037,3.1764042377471924,0.0,1.0010405778884888,1.0010405778884888,1.0010405778884888,1.0010405778884888,2.4881668090820312,1.1743230819702148,app,48.15989685058594
celery\examples\celery_http_gateway\__init__.py,2.174971342086792,0.17289286851882935,3.1760106086730957,0.0,1.0010392665863037,1.0010392665863037,1.0010392665863037,1.0010392665863037,1.1739321947097778,1.1739321947097778,bin,3.1760106086730957
celery\t\unit\concurrency\test_pool.py,47.86763000488281,6.183576583862305,7.822177410125732,106.01817321777344,3.861801862716675,2.2614567279815674,6.523519039154053,3.509434223175049,5.609166622161865,6.370330333709717,concurrency,106.01817321777344
celery\t\unit\bin\proj\pyramid_celery_app.py,74.26561737060547,3.2027206420898438,137.67503356933594,5.896024703979492,6.065286159515381,10.867242813110352,11.927366256713867,3.884242534637451,10.68249797821045,68.28901672363281,bin,137.67503356933594
celery\t\unit\backends\test_azureblockblob.py,72.3545150756836,128.03086853027344,30.049774169921875,10.771111488342285,12.887224197387695,7.529452800750732,9.05215072631836,11.535701751708984,17.08466148376465,27.07685089111328,backends,128.03086853027344
celery\t\unit\app\test_defaults.py,77.71792602539062,9.347306251525879,38.22808837890625,14.361217498779297,6.4396233558654785,6.322843551635742,14.057466506958008,10.903270721435547,15.815464973449707,29.715620040893555,app,77.71792602539062
celery\examples\quorum-queues\declare_queue.py,10.460426330566406,1.4533970355987549,82.13288116455078,0.0,1.0008848905563354,1.0008848905563354,1.0008848905563354,1.6538631916046143,1.38698410987854,1.5520788431167603,bin,82.13288116455078
celery\celery\loaders\app.py,53.42337417602539,0.3127865493297577,3.0031158924102783,0.0,1.001038670539856,1.001038670539856,96.99884033203125,1.001038670539856,5.2130126953125,1.001038670539856,loaders,96.99884033203125
celery\celery\local.py,86.34481048583984,23.524682998657227,79.973876953125,21.89417266845703,9.718062400817871,10.710975646972656,24.753671646118164,15.31364631652832,25.82108497619629,25.494001388549805,app,86.34481048583984
celery\t\unit\backends\__init__.py,2.1749229431152344,81.74732208251953,3.1758406162261963,0.0,1.000917673110962,1.000917673110962,1.000917673110962,1.000917673110962,3.2777817249298096,1.174005150794983,backends,81.74732208251953
celery\t\unit\app\test_utils.py,65.71663665771484,6.569517135620117,32.95935821533203,5.422670364379883,5.555578231811523,3.5444180965423584,10.49945068359375,10.657999992370605,86.2027587890625,8.396546363830566,utils,86.2027587890625
celery\t\unit\utils\test_term.py,19.988121032714844,20.44508934020996,69.66875457763672,12.26682186126709,5.653830051422119,7.703651428222656,6.854498863220215,7.997387886047363,85.11772155761719,8.245333671569824,utils,85.11772155761719
celery\celery\utils\dispatch\signal.py,48.832279205322266,16.538511276245117,42.79167175292969,6.935037136077881,6.229911804199219,4.148252010345459,7.091006278991699,4.735835075378418,79.9501953125,9.335532188415527,utils,79.9501953125
celery\examples\django\proj\urls.py,2.001833438873291,0.7390822768211365,3.0027499198913574,0.6683458685874939,1.0009167194366455,4.050981044769287,1.0009167194366455,1.0009167194366455,26.377506256103516,1.0009167194366455,utils,26.377506256103516
celery\t\unit\utils\test_deprecated.py,3.142512798309326,2.420581340789795,5.852645397186279,1.7495346069335938,1.0009597539901733,1.0009597539901733,2.73254656791687,1.3529484272003174,90.9109878540039,2.3237457275390625,utils,90.9109878540039
celery\celery\concurrency\gevent.py,60.14273452758789,6.762800216674805,16.951736450195312,96.8653793334961,40.76966857910156,2.6788711547851562,9.327119827270508,3.196946144104004,8.507719039916992,6.532893657684326,concurrency,96.8653793334961
celery\celery\backends\elasticsearch.py,60.06649398803711,128.9923858642578,13.054156303405762,43.13599395751953,15.082486152648926,2.882091522216797,5.459523677825928,12.959644317626953,13.77770709991455,11.200578689575195,backends,128.9923858642578
celery\celery\worker\consumer\__init__.py,11.342031478881836,4.11076545715332,18.052692413330078,4.8895111083984375,104.41558074951172,2.074188470840454,8.140275955200195,3.5073182582855225,7.5105390548706055,76.62788391113281,events,104.41558074951172
celery\celery\worker\consumer\heart.py,7.007579803466797,1.5549752712249756,18.019153594970703,3.361786127090454,143.52584838867188,3.067922592163086,7.233585834503174,2.366016387939453,12.120084762573242,75.8761215209961,events,143.52584838867188
celery\t\smoke\tests\stamping\test_hybrid_cluster.py,55.15983963012695,13.633843421936035,26.22037696838379,6.622465133666992,11.465607643127441,3.3311502933502197,50.007381439208984,7.441018104553223,11.098468780517578,113.07477569580078,worker,113.07477569580078
celery\t\unit\worker\test_native_delayed_delivery.py,90.12317657470703,30.823163986206055,128.96786499023438,9.844023704528809,9.19459056854248,8.735426902770996,20.7886905670166,14.365447998046875,58.02716827392578,109.60542297363281,bin,128.96786499023438
celery\t\smoke\tests\stamping\workers\legacy.py,61.61927032470703,0.6980013847351074,15.400614738464355,0.3443380296230316,4.1245808601379395,8.725171089172363,5.084474086761475,1.5778157711029053,7.61952018737793,122.49333953857422,worker,122.49333953857422
celery\t\smoke\tests\stamping\signals.py,6.444531440734863,4.779653072357178,9.275794982910156,3.64904522895813,3.3230137825012207,1.0008753538131714,59.607635498046875,4.613248825073242,2.8419930934906006,7.695158004760742,loaders,59.607635498046875
celery\t\smoke\tests\quorum_queues\test_cycle_detection.py,48.63795471191406,16.14590835571289,21.914939880371094,4.079941749572754,2.921555280685425,1.0011109113693237,9.041467666625977,3.041081666946411,6.7266435623168945,79.28190612792969,worker,79.28190612792969
celery\celery\backends\couchbase.py,57.27061080932617,124.57001495361328,7.591012954711914,5.039294719696045,4.797081470489502,1.0009334087371826,4.545454978942871,7.714876651763916,8.939306259155273,5.896819591522217,backends,124.57001495361328
celery\examples\stamping\tasks.py,63.14716720581055,6.885939121246338,96.11993408203125,5.0687665939331055,6.45365571975708,1.0007106065750122,62.86396789550781,3.38808012008667,5.0120978355407715,12.636106491088867,bin,96.11993408203125
celery\t\unit\utils\test_time.py,51.803688049316406,5.758106231689453,12.904824256896973,1.6010875701904297,6.340031147003174,3.883975028991699,6.682854175567627,3.3493385314941406,83.20556640625,8.482986450195312,utils,83.20556640625
celery\celery\bin\result.py,62.075782775878906,53.022850036621094,122.30789184570312,5.5654683113098145,3.633805274963379,2.285912036895752,10.385934829711914,4.426187515258789,7.6741461753845215,8.658003807067871,bin,122.30789184570312
celery\celery\utils\functional.py,67.53955078125,15.019353866577148,64.6557388305664,14.49095344543457,5.311377048492432,9.902276039123535,6.54271125793457,11.72578239440918,84.4036636352539,11.006776809692383,utils,84.4036636352539
celery\celery\utils\log.py,23.910903930664062,12.516788482666016,22.162649154663086,12.827130317687988,13.410989761352539,4.338542461395264,60.419960021972656,8.955018997192383,123.77235412597656,77.00114440917969,utils,123.77235412597656
celery\celery\app\backends.py,62.11738586425781,175.61770629882812,9.258378982543945,8.246028900146484,7.111969947814941,7.43692684173584,68.21473693847656,5.653961658477783,16.570035934448242,7.776528835296631,backends,175.61770629882812
celery\t\unit\bin\proj\__init__.py,2.419450044631958,0.6626347303390503,99.51376342773438,0.6653540134429932,1.0010366439819336,1.0010366439819336,1.3568108081817627,1.0010366439819336,1.7710083723068237,1.1731555461883545,bin,99.51376342773438
celery\examples\tutorial\tasks.py,71.3094711303711,5.961264133453369,14.298318862915039,4.129542350769043,2.7666165828704834,2.6391043663024902,10.387516021728516,3.0658013820648193,6.193905830383301,27.13858985900879,app,71.3094711303711
celery\examples\django\proj\settings.py,81.98890686035156,148.29713439941406,46.08638000488281,6.378902435302734,5.3845601081848145,8.38996410369873,8.156466484069824,123.05720520019531,33.7967414855957,27.28860092163086,backends,148.29713439941406
celery\celery\backends\s3.py,65.50155639648438,112.72405242919922,42.80010223388672,1.9258356094360352,1.0009249448776245,1.0009249448776245,2.9969322681427,6.587910175323486,8.334449768066406,2.993459939956665,backends,112.72405242919922
celery\setup.py,31.14977264404297,18.84743881225586,59.383914947509766,14.573105812072754,44.01333999633789,26.85599708557129,11.248712539672852,10.096633911132812,39.34022903442383,11.45163345336914,bin,59.383914947509766
celery\t\unit\concurrency\test_prefork.py,96.37271881103516,71.90674591064453,72.00666809082031,121.70008850097656,80.06493377685547,13.560827255249023,109.70012664794922,13.742403984069824,38.186195373535156,122.9662094116211,worker,122.9662094116211
celery\examples\django\proj\wsgi.py,49.58135223388672,2.398547887802124,5.4012675285339355,7.321535110473633,3.399454355239868,6.709017276763916,4.564910888671875,3.399454355239868,7.963459014892578,5.798002243041992,app,49.58135223388672
celery\t\integration\tasks.py,69.89250946044922,51.0589485168457,143.2754669189453,16.763900756835938,16.20250129699707,8.39745807647705,51.28769302368164,16.91462516784668,19.244503021240234,42.87564468383789,bin,143.2754669189453
celery\t\unit\worker\test_worker.py,114.90484619140625,29.749095916748047,175.9359893798828,107.15615844726562,189.0614013671875,11.25730037689209,33.82481384277344,18.07651138305664,100.26786804199219,165.060546875,events,189.0614013671875
celery\t\unit\utils\test_debug.py,7.7779011726379395,3.1639914512634277,29.588268280029297,1.2825590372085571,2.00108003616333,1.00108003616333,3.4514777660369873,1.6423596143722534,97.73339080810547,5.761199951171875,utils,97.73339080810547
celery\t\unit\backends\test_cache.py,88.5687255859375,184.97491455078125,95.82331085205078,27.061565399169922,18.160112380981445,12.748286247253418,25.217609405517578,12.332350730895996,29.17053985595703,101.77804565429688,backends,184.97491455078125
celery\t\integration\django_settings.py,51.68192672729492,135.99493408203125,6.476554870605469,3.4385454654693604,1.4978435039520264,6.721464157104492,6.299333095550537,1.001101016998291,9.037941932678223,21.65691566467285,backends,135.99493408203125
celery\celery\app\annotations.py,62.744712829589844,3.6762850284576416,6.209502696990967,3.384775400161743,1.0009973049163818,1.5432231426239014,6.078160762786865,3.2356109619140625,3.036951780319214,4.905063629150391,app,62.744712829589844
celery\celery\signals.py,70.57906341552734,17.800193786621094,22.92172622680664,19.84137725830078,13.512238502502441,3.831005334854126,51.10855484008789,10.493600845336914,21.5119571685791,94.723876953125,worker,94.723876953125
celery\celery\backends\__init__.py,2.175363779067993,81.79548645019531,3.1764042377471924,0.0,1.0010405778884888,1.0010405778884888,1.0010405778884888,1.0010405778884888,3.2793431282043457,1.1743230819702148,backends,81.79548645019531
celery\celery\backends\cache.py,69.02384185791016,166.71786499023438,10.9212007522583,6.6509528160095215,1.000884771347046,7.884753704071045,2.5964837074279785,6.7095818519592285,9.623367309570312,8.89892864227295,backends,166.71786499023438
celery\t\unit\backends\test_dynamodb.py,95.22290802001953,158.85833740234375,51.45055389404297,15.968713760375977,18.50519371032715,10.255810737609863,32.87833023071289,16.465879440307617,55.02317810058594,24.058170318603516,backends,158.85833740234375
celery\t\unit\backends\test_redis.py,100.68490600585938,169.54612731933594,102.9271011352539,24.25359344482422,93.99598693847656,9.176830291748047,31.343730926513672,27.013639450073242,30.96228790283203,82.66570281982422,backends,169.54612731933594
celery\celery\events\snapshot.py,70.75377655029297,2.620643377304077,13.163546562194824,3.1166670322418213,158.04310607910156,1.001452922821045,6.732336521148682,1.4179672002792358,13.541807174682617,5.799134731292725,events,158.04310607910156
celery\t\unit\test_loops.py,9.288393020629883,4.584599494934082,14.760942459106445,11.276590347290039,101.7973861694336,2.320589542388916,13.830588340759277,3.615102529525757,12.366918563842773,76.51367950439453,events,101.7973861694336
celery\t\unit\tasks\test_context.py,11.858848571777344,9.44974422454834,30.827985763549805,5.463038444519043,1.0006474256515503,1.7349107265472412,56.67474365234375,3.3028078079223633,5.73907995223999,11.867931365966797,loaders,56.67474365234375
celery\celery\utils\dispatch\__init__.py,2.174971342086792,0.17289286851882935,6.477811336517334,0.0,1.0010392665863037,1.0010392665863037,1.0010392665863037,1.0010392665863037,86.92710876464844,1.1739321947097778,utils,86.92710876464844
celery\celery\worker\loops.py,15.566922187805176,14.007296562194824,18.805198669433594,19.923248291015625,160.42617797851562,1.606952428817749,14.961286544799805,13.059572219848633,11.582700729370117,86.22832489013672,events,160.42617797851562
celery\celery\schedules.py,84.90284729003906,20.299623489379883,70.48175048828125,10.233094215393066,150.13624572753906,3.988522529602051,8.209334373474121,5.7783966064453125,14.725058555603027,13.935690879821777,events,150.13624572753906
celery\t\unit\app\test_backends.py,81.69877624511719,162.5371856689453,35.66372299194336,129.42185974121094,19.0906982421875,5.9454450607299805,80.73135375976562,7.143937587738037,29.159639358520508,98.23064422607422,backends,162.5371856689453
celery\t\smoke\workers\alt.py,64.69964599609375,1.5489879846572876,101.73957824707031,3.1904006004333496,4.762362957000732,8.991157531738281,5.283020496368408,1.8065367937088013,10.23353099822998,124.54414367675781,worker,124.54414367675781
celery\celery\backends\cassandra.py,60.15146255493164,118.19864654541016,37.38312530517578,11.861021995544434,18.77988052368164,2.058619499206543,13.18467903137207,17.21727752685547,9.95005989074707,15.537261962890625,backends,118.19864654541016
celery\t\integration\serialization_config.py,4.7131757736206055,5.751286506652832,10.675832748413086,4.665320873260498,53.25271987915039,2.965456962585449,3.361579179763794,8.048526763916016,7.524772644042969,72.01394653320312,worker,72.01394653320312
celery\t\smoke\tests\quorum_queues\test_chord_unlock_routing.py,74.32077026367188,21.315940856933594,22.511716842651367,8.604267120361328,7.950867176055908,4.784483909606934,12.615788459777832,5.47838830947876,37.18275451660156,85.496826171875,worker,85.496826171875
celery\t\unit\bin\test_multi.py,2.584533214569092,0.5826999545097351,99.74464416503906,0.5826999545097351,1.0009167194366455,1.0009167194366455,2.2323405742645264,1.292266607284546,1.9054168462753296,1.5836166143417358,bin,99.74464416503906
celery\t\unit\concurrency\test_gevent.py,66.51606750488281,12.631818771362305,20.021045684814453,117.36541748046875,55.411373138427734,6.399591445922852,11.664896011352539,7.852563858032227,17.260848999023438,11.49440860748291,concurrency,117.36541748046875
celery\t\unit\contrib\__init__.py,3.476583242416382,0.1730874627828598,3.1758406162261963,0.0,1.000917673110962,1.000917673110962,1.000917673110962,1.000917673110962,1.174005150794983,2.47566556930542,app,3.476583242416382
celery\t\unit\tasks\test_tasks.py,109.55018615722656,67.24668884277344,144.6044921875,17.891921997070312,88.88423919677734,7.963237285614014,67.72239685058594,17.005146026611328,71.43024444580078,26.189043045043945,bin,144.6044921875
celery\t\unit\app\test_exceptions.py,55.587364196777344,8.999908447265625,5.330235004425049,1.3447297811508179,1.0008498430252075,1.0008498430252075,41.85563278198242,6.242329120635986,6.104491233825684,3.3254640102386475,app,55.587364196777344
