file_path,model,preferences,best_module,best_likelihood
jabref\src\test\java\org\jabref\logic\importer\fileformat\SilverPlatterImporterTest.java,0.07207046917506627,0.0,model,0.07207046917506627
jabref\buildSrc\src\copied\java\org\jabref\logic\journals\JournalAbbreviationRepository.java,0.07889887264796666,0.008023662226540702,model,0.07889887264796666
jabref\src\main\java\org\jabref\gui\util\UiThreadList.java,0.028576953070504323,0.0,model,0.028576953070504323
jabref\src\main\java\org\jabref\logic\msbib\BibTeXConverter.java,0.06829870087759836,0.0,model,0.06829870087759836
jabref\src\test\java\org\jabref\logic\importer\fileformat\CffImporterTest.java,0.3494622094290597,0.06511586053030831,model,0.3494622094290597
jabref\src\main\java\org\jabref\gui\theme\StyleSheetResource.java,0.028577334540230887,0.0,model,0.028577334540230887
jabref\src\main\java\org\jabref\gui\libraryproperties\constants\ConstantsPropertiesView.java,0.05714733260018485,1.0,preferences,1.0
jabref\src\test\java\org\jabref\logic\cleanup\FieldFormatterCleanupTest.java,0.13616165433611188,0.0,model,0.13616165433611188
jabref\src\test\java\org\jabref\logic\net\ProxyTest.java,0.07312088693891253,0.02857142857142857,model,0.07312088693891253
jabref\src\main\java\org\jabref\logic\exporter\ModsExporter.java,1.0425469534737724,0.058465167454310824,model,1.0425469534737724
jabref\src\main\java\org\jabref\logic\shared\OracleProcessor.java,0.23347467694963728,0.6669600350516183,preferences,0.6669600350516183
jabref\src\main\java\org\jabref\model\util\ListUtil.java,3220.879592895508,0.0,model,3220.879592895508
jabref\src\main\java\org\jabref\model\groups\TexGroup.java,2762.4130249023438,0.1916663442339216,model,2762.4130249023438
jabref\src\test\java\org\jabref\logic\importer\fetcher\isbntobibtex\EbookDeIsbnFetcherTest.java,0.10704137938363212,0.0,model,0.10704137938363212
jabref\src\main\java\org\jabref\gui\libraryproperties\PropertiesTabViewModel.java,35.007455945014954,0.0,model,35.007455945014954
jabref\src\test\java\org\jabref\logic\util\strings\StringLengthComparatorTest.java,0.08504576001848493,0.0,model,0.08504576001848493
jabref\src\main\java\org\jabref\logic\citationstyle\JabRefItemDataProvider.java,0.1597757339477539,0.008023662226540702,model,0.1597757339477539
jabref\src\main\java\org\jabref\gui\externalfiles\UnlinkedFilesDialogView.java,0.03565303598131452,1.0,preferences,1.0
jabref\src\main\java\org\jabref\logic\bibtex\comparator\BibtexStringComparator.java,0.07255288532802037,0.0,model,0.07255288532802037
jabref\src\main\java\org\jabref\gui\entryeditor\DeprecatedFieldsTab.java,1.2377449035644532,2.7481092180524556,preferences,2.7481092180524556
jabref\src\test\java\org\jabref\logic\importer\fetcher\SemanticScholarTest.java,1.0830827985491072,0.0,model,1.0830827985491072
jabref\src\main\java\org\jabref\logic\importer\fetcher\CiteSeer.java,0.0710272925240653,0.0,model,0.0710272925240653
jabref\src\main\java\org\jabref\architecture\AllowedToUseAwt.java,0.028577559334891183,0.0,model,0.028577559334891183
jabref\src\main\java\org\jabref\logic\layout\format\HTMLChars.java,0.06873253413609096,0.019965709958757672,model,0.06873253413609096
jabref\src\test\java\org\jabref\model\openoffice\CitationEntryTest.java,2904.821891784668,0.0,model,2904.821891784668
jabref\src\main\java\org\jabref\model\database\KeyChangeListener.java,3045.6729125976562,0.010632756778172084,model,3045.6729125976562
jabref\src\test\java\org\jabref\model\groups\AutomaticPersonsGroupTest.java,3570.362892150879,0.0,model,3570.362892150879
jabref\src\main\java\org\jabref\gui\fieldeditors\AbstractEditorViewModel.java,35.006354451179504,0.0,model,35.006354451179504
jabref\src\test\java\org\jabref\logic\layout\LayoutHelperTest.java,0.07245392118181501,0.0,model,0.07245392118181501
jabref\src\main\java\org\jabref\logic\importer\SearchBasedFetcher.java,0.07322868619646344,0.0,model,0.07322868619646344
jabref\src\main\java\org\jabref\preferences\GeneralPreferences.java,0.028576551164899554,3204.8693466186523,preferences,3204.8693466186523
jabref\src\test\java\org\jabref\logic\importer\fetcher\IEEETest.java,0.10796420914786202,0.02887929507664272,model,0.10796420914786202
jabref\src\main\java\org\jabref\gui\maintable\SmartConstrainedResizePolicy.java,0.07900618144444056,0.0,model,0.07900618144444056
jabref\src\main\java\org\jabref\gui\mergeentries\newmergedialog\cell\sidebuttons\InfoButton.java,0.02857709952763149,0.0,model,0.02857709952763149
jabref\src\test\java\org\jabref\logic\citationkeypattern\AbstractCitationKeyPatternTest.java,0.07245392118181501,0.0,model,0.07245392118181501
jabref\src\main\java\org\jabref\gui\fieldeditors\ContextMenuAddable.java,0.028577494621276855,0.0,model,0.028577494621276855
jabref\src\main\java\org\jabref\logic\layout\format\NoSpaceBetweenAbbreviations.java,0.07396648270743233,0.0,model,0.07396648270743233
jabref\src\main\java\org\jabref\logic\formatter\bibtexfields\CleanupUrlFormatter.java,0.07207299641200475,0.0,model,0.07207299641200475
jabref\src\main\java\org\jabref\gui\mergeentries\newmergedialog\fieldsmerger\FieldMergerFactory.java,0.028577024596078054,0.0,model,0.028577024596078054
jabref\src\main\java\org\jabref\logic\util\MetadataSerializationConfiguration.java,0.07376126561846053,0.0,model,0.07376126561846053
jabref\src\main\java\org\jabref\gui\mergeentries\MergeResult.java,0.028577474185398646,0.0,model,0.028577474185398646
jabref\src\main\java\org\jabref\gui\entryeditor\OptionalFields2Tab.java,0.05714856556483677,2.7810435703822542,preferences,2.7810435703822542
jabref\src\test\java\org\jabref\logic\formatter\IdentityFormatterTest.java,0.0739668369293213,0.0,model,0.0739668369293213
jabref\src\test\java\org\jabref\logic\formatter\casechanger\TitleCaseFormatterTest.java,0.10233251026698521,0.02707620348249163,model,0.10233251026698521
jabref\src\main\java\org\jabref\gui\fieldeditors\identifier\EprintIdentifierEditorViewModel.java,35.0067675113678,2.7231109619140623,model,35.0067675113678
jabref\src\test\java\org\jabref\model\entry\identifier\MathSciNetIdTest.java,3255.1089477539062,0.0,model,3255.1089477539062
jabref\src\main\java\org\jabref\gui\autocompleter\AppendPersonNamesStrategy.java,0.028577429907662526,0.0,model,0.028577429907662526
jabref\src\test\java\org\jabref\logic\formatter\bibtexfields\ReplaceTabsBySpaceFormaterTest.java,0.0733931405203683,0.0,model,0.0733931405203683
jabref\src\main\java\org\jabref\gui\importer\ImportCommand.java,0.04866645676749093,3.0163667951311384,preferences,3.0163667951311384
jabref\src\test\java\org\jabref\logic\exporter\MetaDataSerializerTest.java,0.07086744308471679,0.0,model,0.07086744308471679
jabref\src\test\java\org\jabref\logic\importer\fileformat\RepecNepImporterTest.java,0.07152999469212123,0.0,model,0.07152999469212123
jabref\src\main\java\org\jabref\gui\slr\StartNewStudyAction.java,0.043386646679469516,1.0147404261997768,preferences,1.0147404261997768
jabref\src\main\java\org\jabref\model\openoffice\uno\UnoTextSection.java,3069.326858520508,0.0,model,3069.326858520508
jabref\src\test\java\org\jabref\logic\importer\fileformat\RISImporterFilesTest.java,0.07322868619646344,0.0,model,0.07322868619646344
jabref\src\main\java\org\jabref\logic\importer\util\ShortDOIServiceException.java,0.07350466591971261,0.0,model,0.07350466591971261
jabref\src\test\java\org\jabref\logic\importer\fetcher\MedlineFetcherTest.java,0.1710651397705078,0.01679128238133022,model,0.1710651397705078
jabref\src\test\java\org\jabref\gui\util\comparator\SpecialFieldComparatorTest.java,0.02857691560472761,0.0,model,0.02857691560472761
jabref\src\main\java\org\jabref\gui\theme\StyleSheet.java,0.10237912450517928,0.03775918824332101,model,0.10237912450517928
jabref\src\main\java\org\jabref\gui\collab\entryadd\EntryAdd.java,0.057148524693080356,0.0,model,0.057148524693080356
jabref\src\test\java\org\jabref\logic\importer\fetcher\JstorFetcherTest.java,0.6065393175397601,0.009267611163003104,model,0.6065393175397601
jabref\src\main\java\org\jabref\gui\maintable\MainTableFieldValueFormatter.java,0.028576677186148508,0.0,model,0.028576677186148508
jabref\src\test\java\org\jabref\logic\importer\fetcher\DOABFetcherTest.java,1.7299003601074219,0.13411613191877092,model,1.7299003601074219
jabref\src\main\java\org\jabref\gui\openoffice\OpenOfficePanel.java,2.6396030970982145,1.4075455801827568,model,2.6396030970982145
jabref\src\test\java\org\jabref\logic\git\GitHandlerTest.java,0.12594287054879325,0.062372323444911414,model,0.12594287054879325
jabref\src\main\java\org\jabref\gui\edit\automaticfiededitor\copyormovecontent\CopyOrMoveFieldContentTabView.java,0.6343965802873884,0.0,model,0.6343965802873884
jabref\src\test\java\org\jabref\model\search\rules\ContainsBasedSearchRuleTest.java,3005.2893447875977,0.0,model,3005.2893447875977
jabref\src\main\java\org\jabref\logic\importer\fileformat\MarcXmlParser.java,0.7912774222237723,0.0063668506486075265,model,0.7912774222237723
jabref\src\test\java\org\jabref\logic\layout\format\NoSpaceBetweenAbbreviationsTest.java,0.07265313693455287,0.0,model,0.07265313693455287
jabref\src\main\java\org\jabref\gui\util\ZipFileChooser.java,0.15305450984409877,0.0,model,0.15305450984409877
jabref\src\main\java\org\jabref\logic\importer\fetcher\GoogleScholar.java,0.46085455758231025,0.11440768923078265,model,0.46085455758231025
jabref\src\main\java\org\jabref\model\openoffice\ootext\OOText.java,3261.9296646118164,0.0,model,3261.9296646118164
jabref\src\test\java\org\jabref\logic\exporter\HtmlExportFormatTest.java,0.12216341836111887,0.0,model,0.12216341836111887
jabref\src\main\java\org\jabref\gui\mergeentries\newmergedialog\cell\MergedFieldCell.java,0.02857698713030134,0.0,model,0.02857698713030134
jabref\src\main\java\org\jabref\model\search\matchers\OrMatcher.java,3269.1375732421875,0.0,model,3269.1375732421875
jabref\src\main\java\org\jabref\model\database\event\BibDatabaseContextChangedEvent.java,3371.585578918457,0.0,model,3371.585578918457
jabref\src\test\java\org\jabref\logic\pdf\search\indexing\PdfIndexerTest.java,0.12017503465924945,0.0,model,0.12017503465924945
jabref\src\main\java\org\jabref\logic\layout\format\JournalAbbreviator.java,0.07379027775355748,0.0,model,0.07379027775355748
jabref\src\main\java\org\jabref\gui\bibtexextractor\BibtexExtractor.java,0.028575124059404645,0.0,model,0.028575124059404645
jabref\src\main\java\org\jabref\gui\preferences\entryeditortabs\CustomEditorFieldsTabViewModel.java,69.40413355827332,3667.442283630371,preferences,3667.442283630371
jabref\src\main\java\org\jabref\gui\AbstractViewModel.java,35.0075227022171,0.0,model,35.0075227022171
jabref\src\main\java\org\jabref\gui\fieldeditors\JournalEditorViewModel.java,35.00708878040314,0.013420972653797695,model,35.00708878040314
jabref\src\main\java\org\jabref\model\entry\field\StandardField.java,2568.3960342407227,0.006045662505286081,model,2568.3960342407227
jabref\src\main\java\org\jabref\gui\importer\ImportEntriesDialog.java,0.6363113948277065,2.270470755440848,preferences,2.270470755440848
jabref\src\main\java\org\jabref\model\search\rules\SentenceAnalyzer.java,3106.81396484375,0.0,model,3106.81396484375
jabref\src\main\java\org\jabref\logic\integrity\BibTeXEntryTypeChecker.java,0.15874715532575334,0.022137883731297086,model,0.15874715532575334
jabref\src\main\java\org\jabref\gui\externalfiles\ExternalFileSorter.java,0.0285773583820888,0.0,model,0.0285773583820888
jabref\src\test\java\org\jabref\logic\importer\fetcher\transformers\YearRangeByFilteringQueryTransformerTest.java,0.07312088693891253,0.0,model,0.07312088693891253
jabref\src\main\java\org\jabref\logic\layout\format\LastPage.java,0.0737323556627546,0.0,model,0.0737323556627546
jabref\src\test\java\org\jabref\logic\layout\format\AuthorFirstLastOxfordCommasTest.java,0.0722597667149135,0.0,model,0.0722597667149135
jabref\src\test\java\org\jabref\logic\journals\AbbreviationTest.java,0.06829870087759836,0.0,model,0.06829870087759836
jabref\src\main\java\org\jabref\logic\crawler\StudyRepository.java,0.17301930018833706,1.0136692592075893,preferences,1.0136692592075893
jabref\src\main\java\org\jabref\logic\importer\fetcher\CrossRef.java,0.11456662586757115,0.0,model,0.11456662586757115
jabref\src\test\java\org\jabref\logic\cleanup\DoiCleanupTest.java,0.07086744308471679,0.0,model,0.07086744308471679
jabref\src\main\java\org\jabref\gui\copyfiles\CopySingleFileAction.java,0.1219484874180385,0.0,model,0.1219484874180385
jabref\src\main\java\org\jabref\model\entry\types\IEEETranEntryTypeDefinitions.java,2861.3917922973633,0.0,model,2861.3917922973633
jabref\src\test\java\org\jabref\logic\layout\format\FileLinkTest.java,0.07207046917506627,0.0,model,0.07207046917506627
jabref\src\main\java\org\jabref\logic\formatter\casechanger\UpperCaseFormatter.java,0.09462601797921318,0.023826180185590472,model,0.09462601797921318
jabref\src\main\java\org\jabref\gui\edit\ReplaceStringViewModel.java,35.00585377216339,0.0,model,35.00585377216339
jabref\src\main\java\org\jabref\gui\maintable\ColumnPreferences.java,0.02857709952763149,0.0,model,0.02857709952763149
jabref\src\test\java\org\jabref\logic\formatter\bibtexfields\ReplaceWithEscapedDoubleQuotesTest.java,0.0730675220489502,0.0,model,0.0730675220489502
jabref\src\main\java\org\jabref\logic\layout\format\FormatPagesForHTML.java,0.07408603940691266,0.0,model,0.07408603940691266
jabref\src\test\java\org\jabref\logic\layout\format\ReplaceTest.java,0.10970117024012975,0.041657018661499026,model,0.10970117024012975
jabref\src\main\java\org\jabref\gui\collab\DatabaseChangeDetailsViewFactory.java,0.057147979736328125,1.0,preferences,1.0
jabref\src\test\java\org\jabref\logic\integrity\ValidCitationKeyCheckerTest.java,0.07317460605076381,0.0,model,0.07317460605076381
jabref\src\main\java\org\jabref\logic\importer\IdFetcher.java,0.07402604648045132,0.0,model,0.07402604648045132
jabref\src\main\java\org\jabref\logic\integrity\UrlChecker.java,0.07361772400992257,0.0,model,0.07361772400992257
jabref\src\main\java\org\jabref\logic\importer\ImporterPreferences.java,0.07322868619646344,20.87601602077484,preferences,20.87601602077484
jabref\src\main\java\org\jabref\logic\layout\format\Ordinal.java,0.0730675220489502,0.0,model,0.0730675220489502
jabref\src\main\java\org\jabref\gui\collab\entrychange\EntryChangeDetailsView.java,0.05715197835649763,1.0,preferences,1.0
jabref\src\main\java\org\jabref\gui\undo\AbstractUndoableJabRefEdit.java,0.0285773686000279,0.0,model,0.0285773686000279
jabref\src\main\java\org\jabref\logic\importer\fetcher\ACS.java,0.07245392118181501,0.0,model,0.07245392118181501
jabref\src\main\java\org\jabref\logic\search\SearchQuery.java,0.08543337413242885,0.0,model,0.08543337413242885
jabref\src\test\java\org\jabref\logic\layout\format\AuthorFirstFirstTest.java,0.07350466591971261,0.0,model,0.07350466591971261
jabref\src\main\java\org\jabref\logic\importer\IdParserFetcher.java,0.0717057500566755,0.0,model,0.0717057500566755
jabref\src\main\java\org\jabref\gui\openoffice\ManageCitationsDialogView.java,0.537228284563337,0.0,model,0.537228284563337
jabref\src\main\java\org\jabref\logic\layout\format\ReplaceWithEscapedDoubleQuotes.java,0.0736748422895159,0.0,model,0.0736748422895159
jabref\src\test\java\org\jabref\cli\JabRefCLITest.java,0.5650788988385882,0.01827439410345895,model,0.5650788988385882
jabref\src\main\java\org\jabref\gui\libraryproperties\general\GeneralPropertiesView.java,0.057147918428693496,1.0285714285714285,preferences,1.0285714285714285
jabref\src\main\java\org\jabref\logic\cleanup\ConvertToBibtexCleanup.java,0.10346999168395996,0.0,model,0.10346999168395996
jabref\src\main\java\org\jabref\gui\collab\entrychange\PreviewWithSourceTab.java,0.028576316152300153,1.0,preferences,1.0
jabref\src\main\java\org\jabref\logic\xmp\XmpUtilShared.java,0.23966870989118302,0.0,model,0.23966870989118302
jabref\src\main\java\org\jabref\gui\mergeentries\newmergedialog\fieldsmerger\GroupMerger.java,0.028577119963509697,0.0,model,0.028577119963509697
jabref\src\main\java\org\jabref\gui\util\StreamGobbler.java,0.028577194895063128,0.0,model,0.028577194895063128
jabref\src\main\java\org\jabref\gui\preferences\network\NetworkTab.java,0.15864655630929128,2598.001251220703,preferences,2598.001251220703
jabref\src\main\java\org\jabref\gui\help\VersionWorker.java,0.048080488613673616,0.0,model,0.048080488613673616
jabref\src\main\java\org\jabref\logic\importer\fetcher\transformers\BiodiversityLibraryTransformer.java,0.0735327856881278,0.0,model,0.0735327856881278
jabref\src\main\java\org\jabref\logic\cleanup\DoiCleanup.java,0.07119090897696359,0.0,model,0.07119090897696359
jabref\src\main\java\org\jabref\gui\bibtexextractor\BibtexExtractorViewModel.java,35.006704926490784,1.090946524483817,model,35.006704926490784
jabref\src\main\java\org\jabref\migrations\SpecialFieldsToSeparateFields.java,0.028576374053955078,0.0,model,0.028576374053955078
jabref\src\main\java\org\jabref\gui\preferences\customentrytypes\EntryTypeViewModel.java,35.00642955303192,3245.4307556152344,preferences,3245.4307556152344
jabref\src\main\java\org\jabref\logic\bibtex\BibEntryWriter.java,0.09646760395595005,0.03580608708517892,model,0.09646760395595005
jabref\src\main\java\org\jabref\gui\util\ControlHelper.java,0.8030920846121652,0.0,model,0.8030920846121652
jabref\src\test\java\org\jabref\model\entry\DateTest.java,2554.0814208984375,0.0,model,2554.0814208984375
jabref\src\test\java\org\jabref\model\metadata\MetaDataTest.java,3279.7890853881836,0.0,model,3279.7890853881836
jabref\src\test\java\org\jabref\gui\preferences\journals\JournalAbbreviationsViewModelTabTest.java,78.70150923728943,1996.582145690918,preferences,1996.582145690918
jabref\src\main\java\org\jabref\logic\auxparser\AuxParserResult.java,0.0730675220489502,0.01297710623059954,model,0.0730675220489502
jabref\src\test\java\org\jabref\model\entry\EntryLinkListTest.java,3019.225845336914,0.0,model,3019.225845336914
jabref\src\main\java\org\jabref\preferences\TelemetryPreferences.java,0.02857717445918492,3508.631706237793,preferences,3508.631706237793
jabref\src\main\java\org\jabref\gui\MainApplication.java,0.02857715742928641,2.989780970982143,preferences,2.989780970982143
jabref\src\main\java\org\jabref\gui\fieldeditors\LinkedFilesEditorViewModel.java,94.37711000442505,3.0195111955915177,model,94.37711000442505
jabref\src\main\java\org\jabref\logic\shared\DBMSType.java,0.10092765263148716,0.0,model,0.10092765263148716
jabref\src\main\java\org\jabref\gui\StateManager.java,0.6644311087472098,0.013544743401663645,model,0.6644311087472098
jabref\src\main\java\org\jabref\gui\util\ViewModelTreeTableRowFactory.java,138.5827362537384,0.0,model,138.5827362537384
jabref\src\main\java\org\jabref\logic\journals\JournalAbbreviationLoader.java,0.12364427021571568,0.0,model,0.12364427021571568
jabref\src\main\java\org\jabref\logic\l10n\LocalizationKeyParams.java,0.15691024235316686,0.0,model,0.15691024235316686
jabref\src\main\java\org\jabref\logic\util\CoarseChangeFilter.java,0.16897055762154714,0.0,model,0.16897055762154714
jabref\src\main\java\org\jabref\gui\maintable\OpenUrlAction.java,0.07171681267874581,2.9678540910993303,preferences,2.9678540910993303
jabref\src\main\java\org\jabref\model\entry\field\BibField.java,3155.8279037475586,0.0,model,3155.8279037475586
jabref\src\main\java\org\jabref\gui\edit\automaticfiededitor\editfieldcontent\EditFieldContentViewModel.java,70.00548243522644,0.012409518446241106,model,70.00548243522644
jabref\src\test\java\org\jabref\model\entry\identifier\ISSNTest.java,3048.9987564086914,0.0,model,3048.9987564086914
jabref\src\main\java\org\jabref\gui\preferences\entryeditortabs\CustomEditorFieldsTab.java,0.02857706206185477,3377.8263092041016,preferences,3377.8263092041016
jabref\src\main\java\org\jabref\logic\groups\DefaultGroupsFactory.java,0.09684756142752511,0.0,model,0.09684756142752511
jabref\src\main\java\org\jabref\model\groups\AutomaticKeywordGroup.java,2963.6646270751953,0.010828374113355363,model,2963.6646270751953
jabref\src\main\java\org\jabref\gui\collab\groupchange\GroupChangeDetailsView.java,0.09420960971287319,0.0,model,0.09420960971287319
jabref\src\main\java\org\jabref\logic\importer\fetcher\AbstractIsbnFetcher.java,0.07317460605076381,0.0,model,0.07317460605076381
jabref\src\test\java\org\jabref\logic\integrity\BooktitleCheckerTest.java,0.07296186174665178,0.12351789474487304,preferences,0.12351789474487304
jabref\src\test\java\org\jabref\logic\journals\AbbreviationWriterTest.java,0.09442785126822335,0.0,model,0.09442785126822335
jabref\src\main\java\org\jabref\logic\util\FileType.java,0.07393685068402972,0.0,model,0.07393685068402972
jabref\src\test\java\org\jabref\logic\integrity\UTF8CheckerTest.java,0.15042501177106585,0.0,model,0.15042501177106585
jabref\src\main\java\org\jabref\model\openoffice\rangesort\RangeOverlapWithin.java,2832.409553527832,0.0,model,2832.409553527832
jabref\src\test\java\org\jabref\gui\util\OpenConsoleActionTest.java,0.028576847485133578,2.841735185895647,preferences,2.841735185895647
jabref\src\main\java\org\jabref\logic\importer\fileformat\EndnoteImporter.java,0.3693603788103376,2.250394984654018,preferences,2.250394984654018
jabref\src\main\java\org\jabref\gui\preferences\keybindings\presets\KeyBindingPreset.java,0.02857746056147984,3530.816192626953,preferences,3530.816192626953
jabref\src\main\java\org\jabref\gui\importer\actions\GUIPostOpenAction.java,0.028577440125601632,0.0,model,0.028577440125601632
jabref\src\main\java\org\jabref\logic\pdf\EntryAnnotationImporter.java,0.1208589826311384,0.0,model,0.1208589826311384
jabref\src\main\java\org\jabref\logic\util\WebViewStore.java,0.07275469643729074,0.0,model,0.07275469643729074
jabref\src\test\java\org\jabref\logic\shared\SynchronizationEventListenerTest.java,0.15898397990635463,0.0,model,0.15898397990635463
jabref\src\main\java\org\jabref\logic\importer\fileformat\mods\Identifier.java,0.890392575945173,0.0,model,0.890392575945173
jabref\src\main\java\org\jabref\model\openoffice\util\OOResult.java,2923.9793395996094,0.0,model,2923.9793395996094
jabref\src\main\java\org\jabref\gui\DefaultInjector.java,0.028576551164899554,1.0,preferences,1.0
jabref\src\test\java\org\jabref\logic\importer\fetcher\TitleFetcherTest.java,0.07086744308471679,0.0,model,0.07086744308471679
jabref\src\main\java\org\jabref\logic\importer\fetcher\ArXivFetcher.java,0.7964264460972377,0.007772157873426165,model,0.7964264460972377
jabref\src\main\java\org\jabref\model\util\DummyFileUpdateMonitor.java,3285.736083984375,0.0,model,3285.736083984375
jabref\src\test\java\org\jabref\logic\importer\fetcher\CompositeSearchBasedFetcherTest.java,0.08484921455383301,0.01587569372994559,model,0.08484921455383301
jabref\src\main\java\org\jabref\gui\undo\UndoableRemoveString.java,0.02857717445918492,0.0,model,0.02857717445918492
jabref\src\main\java\org\jabref\logic\xmp\EncryptedPdfsNotSupportedException.java,0.07429940359933036,0.0,model,0.07429940359933036
jabref\src\main\java\org\jabref\gui\mergeentries\DiffHighlighting.java,0.9243644714355469,0.015706234318869455,model,0.9243644714355469
jabref\src\main\java\org\jabref\logic\formatter\bibtexfields\OrdinalsToSuperscriptFormatter.java,0.07275469643729074,0.0,model,0.07275469643729074
jabref\src\main\java\org\jabref\gui\libraryproperties\constants\ConstantsItemModel.java,35.00598728656769,0.0,model,35.00598728656769
jabref\src\main\java\org\jabref\gui\util\comparator\RankingFieldComparator.java,0.028577194895063128,0.0,model,0.028577194895063128
jabref\src\main\java\org\jabref\logic\importer\ImportException.java,0.07390733446393694,0.0,model,0.07390733446393694
jabref\src\main\java\org\jabref\model\openoffice\util\OOPair.java,3258.5976791381836,0.0,model,3258.5976791381836
jabref\src\test\java\org\jabref\logic\integrity\PagesCheckerBiblatexTest.java,0.1013261250087193,0.0,model,0.1013261250087193
jabref\src\main\java\org\jabref\logic\openoffice\style\OOBibStyle.java,1.0997269766671316,0.003837990760803223,model,1.0997269766671316
jabref\src\main\java\org\jabref\logic\layout\format\AuthorAndToSemicolonReplacer.java,0.07405599185398647,0.0,model,0.07405599185398647
jabref\src\test\java\org\jabref\logic\layout\format\AuthorLastFirstCommasTest.java,0.0722597667149135,0.0,model,0.0722597667149135
jabref\src\test\java\org\jabref\gui\autocompleter\SuggestionProvidersTest.java,0.07772932733808245,0.014037316186087473,model,0.07772932733808245
jabref\src\test\java\org\jabref\logic\citationkeypattern\MakeLabelWithoutDatabaseTest.java,0.0720712661743164,0.0,model,0.0720712661743164
jabref\src\test\java\org\jabref\logic\formatter\bibtexfields\RemoveBracesFormatterTest.java,0.0717057500566755,0.0,model,0.0717057500566755
jabref\src\main\java\org\jabref\logic\integrity\ASCIICharacterChecker.java,0.07322868619646344,0.0,model,0.07322868619646344
jabref\src\main\java\org\jabref\logic\WatchServiceUnavailableException.java,0.0741161891392299,0.0,model,0.0741161891392299
jabref\src\main\java\org\jabref\gui\libraryproperties\AbstractPropertiesTabView.java,0.7221551622663226,0.0,model,0.7221551622663226
jabref\src\main\java\org\jabref\logic\layout\format\CreateDocBook4Editors.java,0.07350466591971261,0.0,model,0.07350466591971261
jabref\src\main\java\org\jabref\architecture\ApacheCommonsLang3Allowed.java,0.028577559334891183,0.0,model,0.028577559334891183
jabref\src\main\java\org\jabref\gui\mergeentries\newmergedialog\cell\CopyFieldValueCommand.java,0.02857727663857596,1.0,preferences,1.0
jabref\src\main\java\org\jabref\gui\edit\automaticfiededitor\LastAutomaticFieldEditorEdit.java,0.02857717445918492,0.0,model,0.02857717445918492
jabref\src\main\java\org\jabref\model\entry\event\EntryChangedEvent.java,3300.6504440307617,0.0,model,3300.6504440307617
jabref\src\main\java\org\jabref\gui\externalfiles\GitIgnoreFileFilter.java,0.051889320782252724,0.05150236742837089,model,0.051889320782252724
jabref\src\main\java\org\jabref\gui\sidepane\SidePaneComponent.java,1.2335326058523997,0.0,model,1.2335326058523997
jabref\src\test\java\org\jabref\logic\layout\format\RisKeywordsTest.java,0.07275469643729074,0.0,model,0.07275469643729074
jabref\src\main\java\org\jabref\logic\importer\CompositeIdFetcher.java,0.07275469643729074,0.0,model,0.07275469643729074
jabref\src\main\java\org\jabref\gui\mergeentries\newmergedialog\DiffMethod.java,0.028577515057155063,0.0,model,0.028577515057155063
jabref\src\test\java\org\jabref\logic\importer\fileformat\BiblioscapeImporterTest.java,0.17278852462768554,0.0,model,0.17278852462768554
jabref\src\main\java\org\jabref\logic\importer\fileformat\medline\Investigator.java,0.07405599185398647,0.0,model,0.07405599185398647
jabref\src\main\java\org\jabref\gui\preferences\customimporter\CustomImporterTabViewModel.java,61.11742436885834,3656.940040588379,preferences,3656.940040588379
jabref\src\main\java\org\jabref\logic\remote\RemoteMessage.java,0.07420730590820312,0.0,model,0.07420730590820312
jabref\src\main\java\org\jabref\architecture\AllowedToUseLogic.java,0.028577559334891183,0.0,model,0.028577559334891183
jabref\src\test\java\org\jabref\logic\layout\format\AuthorAndToSemicolonReplacerTest.java,0.13799544743129186,0.0,model,0.13799544743129186
jabref\src\test\java\org\jabref\logic\autosaveandbackup\BackupManagerDiscardedTest.java,0.11733865737915039,1.0176387241908482,preferences,1.0176387241908482
jabref\src\main\java\org\jabref\logic\layout\TextBasedPreviewLayout.java,0.10102534975324358,0.0,model,0.10102534975324358
jabref\src\main\java\org\jabref\logic\cleanup\FieldFormatterCleanups.java,0.08164612906319754,0.0,model,0.08164612906319754
jabref\src\main\java\org\jabref\gui\edit\ManageKeywordsDialog.java,0.15142653329031808,2.5529323032924105,preferences,2.5529323032924105
jabref\src\main\java\org\jabref\logic\importer\fetcher\DOAJFetcher.java,0.08676962171282088,2.5577726091657365,preferences,2.5577726091657365
jabref\src\test\java\org\jabref\logic\cleanup\EprintCleanupTest.java,0.0925191947392055,0.0,model,0.0925191947392055
jabref\src\main\java\org\jabref\gui\mergeentries\newmergedialog\toolbar\ThreeWayMergeToolbar.java,0.057146828515189034,1.0150630405970982,preferences,1.0150630405970982
jabref\src\test\java\org\jabref\gui\edit\CopyMoreActionTest.java,0.10893645286560058,1.0,preferences,1.0
jabref\src\main\java\org\jabref\gui\mergeentries\newmergedialog\cell\FieldValueCell.java,0.4737189156668527,0.0,model,0.4737189156668527
jabref\src\main\java\org\jabref\gui\openoffice\CitationEntryViewModel.java,35.00699281692505,0.0,model,35.00699281692505
jabref\src\main\java\org\jabref\gui\SendAsEMailAction.java,0.6336074829101562,1.043511199951172,preferences,1.043511199951172
jabref\src\main\java\org\jabref\logic\shared\DBMSSynchronizer.java,0.25434300558907647,0.005807068518229893,model,0.25434300558907647
jabref\src\test\java\org\jabref\logic\importer\fetcher\transformers\ZbMathQueryTransformerTest.java,0.08919036047799246,0.0,model,0.08919036047799246
jabref\src\main\java\org\jabref\gui\mergeentries\newmergedialog\fieldsmerger\CommentMerger.java,0.028577409471784318,0.0,model,0.028577409471784318
jabref\src\test\java\org\jabref\logic\layout\LayoutTest.java,0.4225546428135463,0.016415367807660786,model,0.4225546428135463
jabref\src\main\java\org\jabref\gui\preferences\journals\JournalAbbreviationsTabViewModel.java,58.43789458274841,2726.4378356933594,preferences,2726.4378356933594
jabref\src\main\java\org\jabref\gui\keyboard\CodeAreaKeyBindings.java,0.1070394720349993,0.0,model,0.1070394720349993
jabref\src\main\java\org\jabref\gui\libraryproperties\keypattern\KeyPatternPropertiesView.java,0.057148170471191403,1.0,preferences,1.0
jabref\src\main\java\org\jabref\logic\pdf\search\indexing\PdfIndexer.java,0.11402850832257952,0.010618476356778825,model,0.11402850832257952
jabref\src\main\java\org\jabref\model\entry\IdGenerator.java,3255.1089477539062,0.0,model,3255.1089477539062
jabref\src\main\java\org\jabref\logic\importer\fetcher\DOABFetcher.java,0.11362725666591099,0.0,model,0.11362725666591099
jabref\src\main\java\org\jabref\gui\documentviewer\DocumentViewerView.java,1.7080691746303014,1.0285714285714285,model,1.7080691746303014
jabref\src\main\java\org\jabref\gui\documentviewer\DocumentViewerControl.java,0.08432772500174386,0.058108799798148016,model,0.08432772500174386
jabref\src\main\java\org\jabref\logic\importer\PagedSearchBasedFetcher.java,0.07275469643729074,0.0,model,0.07275469643729074
jabref\src\main\java\org\jabref\model\entry\types\BibtexEntryTypeDefinitions.java,2435.380172729492,0.0,model,2435.380172729492
jabref\src\main\java\org\jabref\logic\importer\util\IdentifierParser.java,0.0722597667149135,0.0,model,0.0722597667149135
jabref\src\main\java\org\jabref\gui\undo\UndoableFieldChange.java,0.028576615878513883,0.0,model,0.028576615878513883
jabref\src\main\java\org\jabref\model\openoffice\util\OOTuple3.java,3234.4294357299805,0.0,model,3234.4294357299805
jabref\src\test\java\org\jabref\logic\cleanup\BibtexBiblatexRoundtripTest.java,0.1571030752999442,0.0,model,0.1571030752999442
jabref\src\main\java\org\jabref\logic\layout\format\AuthorOrgSci.java,0.07317460605076381,0.0,model,0.07317460605076381
jabref\src\main\java\org\jabref\gui\preferences\PreferencesTab.java,0.7302079336983817,3530.816192626953,preferences,3530.816192626953
jabref\src\test\java\org\jabref\logic\layout\format\DOICheckTest.java,0.07296186174665178,0.0,model,0.07296186174665178
jabref\src\main\java\org\jabref\logic\importer\fetcher\CollectionOfComputerScienceBibliographiesParser.java,0.07152999469212123,0.0,model,0.07152999469212123
jabref\src\test\java\org\jabref\model\TreeNodeTest.java,2978.718376159668,0.0,model,2978.718376159668
jabref\src\main\java\org\jabref\gui\autocompleter\JournalsSuggestionProvider.java,0.05714875629970006,0.0,model,0.05714875629970006
jabref\src\main\java\org\jabref\logic\importer\fetcher\JstorFetcher.java,0.16169827325003489,0.014939791815621512,model,0.16169827325003489
jabref\src\main\java\org\jabref\model\entry\field\FieldPriority.java,3305.087661743164,0.0,model,3305.087661743164
jabref\src\main\java\org\jabref\logic\shared\DatabaseConnection.java,0.10277873447963169,0.0,model,0.10277873447963169
jabref\src\test\java\org\jabref\logic\layout\format\AuthorAbbreviatorTest.java,0.07265313693455287,0.0,model,0.07265313693455287
jabref\src\test\java\org\jabref\model\entry\BibEntryTest.java,1845.536231994629,0.009651117665427072,model,1845.536231994629
jabref\src\test\java\org\jabref\IconsPropertiesTest.java,0.04945620128086635,0.9746018545968193,preferences,0.9746018545968193
jabref\src\test\java\org\jabref\logic\msbib\MSBibConverterTest.java,0.11653887884957449,0.0,model,0.11653887884957449
jabref\src\test\java\org\jabref\gui\maintable\MainTableColumnModelTest.java,35.00672161579132,0.0,model,35.00672161579132
jabref\src\main\java\org\jabref\model\entry\event\EntriesEvent.java,3448.806571960449,0.0,model,3448.806571960449
jabref\src\main\java\org\jabref\logic\importer\fileformat\PdfXmpImporter.java,0.16028039114815848,0.05243847370147705,model,0.16028039114815848
jabref\src\main\java\org\jabref\logic\remote\server\RemoteListenerServer.java,0.1110548632485526,0.0,model,0.1110548632485526
jabref\src\main\java\org\jabref\model\entry\identifier\MathSciNetId.java,3094.954147338867,0.0,model,3094.954147338867
jabref\src\main\java\org\jabref\logic\exporter\MSBibExporter.java,0.1164478029523577,0.0,model,0.1164478029523577
jabref\src\main\java\org\jabref\gui\util\CurrentThreadTaskExecutor.java,0.0549152067729405,0.0,model,0.0549152067729405
jabref\src\main\java\org\jabref\logic\formatter\IdentityFormatter.java,0.07358969960893903,0.0,model,0.07358969960893903
jabref\src\main\java\org\jabref\logic\cleanup\CleanupJob.java,0.074146454674857,0.0,model,0.074146454674857
jabref\src\test\java\org\jabref\gui\importer\NewEntryActionTest.java,0.05004162107195173,1.0,preferences,1.0
jabref\src\main\java\org\jabref\logic\importer\fetcher\ResearchGate.java,0.06625267437526158,0.043494221142360144,model,0.06625267437526158
jabref\src\main\java\org\jabref\gui\EntryTypeViewModel.java,152.405424118042,2.586060006277902,model,152.405424118042
jabref\src\main\java\org\jabref\model\paging\Page.java,3207.514533996582,0.0,model,3207.514533996582
jabref\src\main\java\org\jabref\gui\push\PushToApplications.java,0.02857691560472761,1.0,preferences,1.0
jabref\src\main\java\org\jabref\gui\copyfiles\CopyFilesResultItemViewModel.java,55.603304505348206,0.0,model,55.603304505348206
jabref\src\main\java\org\jabref\logic\cleanup\Formatter.java,0.07370354788643974,0.0,model,0.07370354788643974
jabref\src\main\java\org\jabref\gui\autocompleter\AutoCompletionTextInputBinding.java,0.028575812067304338,0.0,model,0.028575812067304338
jabref\src\main\java\org\jabref\gui\util\ViewModelTreeTableCellFactory.java,733.1561660766602,0.0,model,733.1561660766602
jabref\src\main\java\org\jabref\logic\remote\server\RemoteListenerServerManager.java,0.10489143644060407,0.0,model,0.10489143644060407
jabref\src\main\java\org\jabref\logic\cleanup\ISSNCleanup.java,0.0730675220489502,0.0,model,0.0730675220489502
jabref\src\test\java\org\jabref\model\search\rules\SentenceAnalyzerTest.java,3168.490676879883,0.0,model,3168.490676879883
jabref\src\main\java\org\jabref\cli\AuxCommandLine.java,0.07396188463483538,0.0,model,0.07396188463483538
jabref\src\main\java\org\jabref\logic\bibtex\comparator\BibStringDiff.java,0.07026322228567941,0.048301894324166435,model,0.07026322228567941
jabref\src\test\java\org\jabref\logic\citationkeypattern\CitationKeyGeneratorTest.java,1.4771749223981585,0.015203816550118583,model,1.4771749223981585
jabref\src\test\java\org\jabref\logic\exporter\GroupSerializerTest.java,0.08020390101841518,0.013493374415806362,model,0.08020390101841518
jabref\src\test\java\org\jabref\gui\theme\ThemeManagerTest.java,1.1371707371303013,0.013901417595999582,model,1.1371707371303013
jabref\src\test\java\org\jabref\logic\importer\OpenDatabaseTest.java,0.0891026428767613,0.02605511120387486,model,0.0891026428767613
jabref\src\main\java\org\jabref\logic\importer\FetcherException.java,0.07379027775355748,0.0,model,0.07379027775355748
jabref\src\main\java\org\jabref\logic\layout\format\Authors.java,0.13432907376970563,0.00872876729284014,model,0.13432907376970563
jabref\src\main\java\org\jabref\model\texparser\LatexParserResult.java,2932.5175857543945,0.010261985233851842,model,2932.5175857543945
jabref\src\main\java\org\jabref\gui\fieldeditors\TypeEditorViewModel.java,126.10408782958984,0.0,model,126.10408782958984
jabref\src\test\java\org\jabref\logic\exporter\AtomicFileOutputStreamTest.java,0.10894982474190848,0.0,model,0.10894982474190848
jabref\src\main\java\org\jabref\logic\importer\fileformat\CffImporter.java,0.6005415780203683,0.03384992395128523,model,0.6005415780203683
jabref\src\main\java\org\jabref\logic\importer\IdBasedFetcher.java,0.074146454674857,0.0,model,0.074146454674857
jabref\src\test\java\org\jabref\logic\importer\fetcher\ArXivFetcherTest.java,2.489501953125,0.47100508553641185,model,2.489501953125
jabref\src\main\java\org\jabref\logic\importer\FetcherServerException.java,0.07379027775355748,0.0,model,0.07379027775355748
jabref\src\main\java\org\jabref\logic\bibtex\comparator\MetaDataDiff.java,1.0527901785714286,2.679036603655134,preferences,2.679036603655134
jabref\src\main\java\org\jabref\model\groups\GroupHierarchyType.java,3227.631149291992,0.0,model,3227.631149291992
jabref\src\main\java\org\jabref\gui\commonfxcontrols\CitationKeyPatternPanel.java,0.07609511784144811,2.367311532156808,preferences,2.367311532156808
jabref\src\test\java\org\jabref\logic\importer\fetcher\RfcFetcherTest.java,0.1774430138724191,0.1675706590924944,model,0.1774430138724191
jabref\src\main\java\org\jabref\logic\layout\format\RemoveBracketsAddComma.java,0.07364623206002371,0.0,model,0.07364623206002371
jabref\src\test\java\org\jabref\logic\importer\DatabaseFileLookupTest.java,0.10163895062037877,0.0,model,0.10163895062037877
jabref\src\test\java\org\jabref\logic\formatter\bibtexfields\NormalizeNamesFormatterTest.java,0.0639603546687535,0.03523107937404087,model,0.0639603546687535
jabref\src\main\java\org\jabref\logic\formatter\bibtexfields\RegexFormatter.java,0.14462169919695173,0.022311452456883023,model,0.14462169919695173
jabref\src\main\java\org\jabref\logic\importer\fileformat\ACMPortalParser.java,0.23820931570870535,0.0,model,0.23820931570870535
jabref\src\main\java\org\jabref\logic\importer\fetcher\ApsFetcher.java,0.8217432294573103,0.0,model,0.8217432294573103
jabref\src\main\java\org\jabref\gui\mergeentries\MergeTwoEntriesAction.java,0.05714834758213588,0.0,model,0.05714834758213588
jabref\src\main\java\org\jabref\model\openoffice\uno\UnoSelection.java,2963.6646270751953,0.0,model,2963.6646270751953
jabref\src\main\java\org\jabref\gui\citationkeypattern\GenerateCitationKeyAction.java,0.5636413029261997,1.043116215297154,preferences,1.043116215297154
jabref\src\main\java\org\jabref\gui\help\NewVersionDialog.java,0.11640283039637975,0.010828374113355363,model,0.11640283039637975
jabref\src\main\java\org\jabref\logic\bibtex\comparator\FieldComparatorStack.java,0.11750733511788504,0.0,model,0.11750733511788504
jabref\src\main\java\org\jabref\gui\integrity\IntegrityCheckDialogViewModel.java,35.00732660293579,0.0,model,35.00732660293579
jabref\src\main\java\org\jabref\logic\formatter\bibtexfields\EscapeDollarSignFormatter.java,0.07328313418797085,0.0,model,0.07328313418797085
jabref\src\main\java\org\jabref\gui\shared\SharedDatabaseLoginDialogViewModel.java,191.00669145584106,1.157781219482422,model,191.00669145584106
jabref\src\test\java\org\jabref\gui\sidepane\SidePaneViewModelTest.java,90.07981538772583,1.0,model,90.07981538772583
jabref\src\test\java\org\jabref\logic\exporter\DocBook5ExporterTest.java,2.1574855259486605,0.0,model,2.1574855259486605
jabref\src\main\java\org\jabref\gui\commonfxcontrols\SortCriterionViewModel.java,35.00713884830475,0.0,model,35.00713884830475
jabref\src\test\java\org\jabref\logic\layout\format\RemoveBracketsTest.java,0.07275469643729074,0.0,model,0.07275469643729074
jabref\src\main\java\org\jabref\gui\keyboard\TextInputKeyBindings.java,0.15809753962925502,0.0,model,0.15809753962925502
jabref\src\test\java\org\jabref\logic\help\HelpFileTest.java,0.07322868619646344,0.06815735271998814,model,0.07322868619646344
jabref\src\main\java\org\jabref\model\groups\AllEntriesGroup.java,3207.514533996582,0.0,model,3207.514533996582
jabref\src\main\java\org\jabref\gui\edit\automaticfiededitor\AbstractAutomaticFieldEditorTabViewModel.java,80.40677189826965,0.012697155135018484,model,80.40677189826965
jabref\src\test\java\org\jabref\logic\importer\fetcher\AbstractIsbnFetcherTest.java,0.07265360014779228,0.0186435409954616,model,0.07265360014779228
jabref\src\main\java\org\jabref\logic\importer\fetcher\DBLPFetcher.java,0.07188585826328822,0.0,model,0.07188585826328822
jabref\src\main\java\org\jabref\gui\openoffice\Bootstrap.java,0.10094946452549526,0.025264520304543632,model,0.10094946452549526
jabref\src\test\java\org\jabref\logic\formatter\bibtexfields\RemoveRedundantSpacesFormatterTest.java,0.07317460605076381,0.0,model,0.07317460605076381
jabref\src\main\java\org\jabref\logic\preview\PreviewLayout.java,0.10236170632498605,0.0,model,0.10236170632498605
jabref\src\main\java\org\jabref\gui\fieldeditors\EditorTextArea.java,0.11303909165518625,0.0,model,0.11303909165518625
jabref\src\test\java\org\jabref\logic\l10n\LocalizationBundleForTest.java,0.07426859310695104,0.0,model,0.07426859310695104
jabref\src\main\java\org\jabref\logic\layout\format\AuthorLastFirstAbbrCommas.java,0.07405599185398647,0.0,model,0.07405599185398647
jabref\src\main\java\org\jabref\logic\importer\fileformat\CustomImporter.java,0.08914433888026646,0.0,model,0.08914433888026646
jabref\src\main\java\org\jabref\gui\duplicationFinder\DuplicateResolverDialog.java,0.09508171081542968,1.0,preferences,1.0
jabref\src\test\java\org\jabref\logic\importer\fetcher\BiodiversityLibraryTest.java,0.12881204060145787,0.01539332696369716,model,0.12881204060145787
jabref\src\main\java\org\jabref\gui\libraryproperties\LibraryPropertiesViewModel.java,70.007084608078,0.0,model,70.007084608078
jabref\src\test\java\org\jabref\logic\layout\format\RemoveLatexCommandsFormatterTest.java,0.0723562240600586,0.0,model,0.0723562240600586
jabref\src\main\java\org\jabref\gui\maintable\columns\SpecialFieldColumn.java,3.2390378679547993,1.0,model,3.2390378679547993
jabref\src\main\java\org\jabref\gui\preferences\table\TableTab.java,0.07887570517403739,2802.2521209716797,preferences,2802.2521209716797
jabref\src\main\java\org\jabref\model\openoffice\CitationEntry.java,3106.81396484375,0.0,model,3106.81396484375
jabref\src\main\java\org\jabref\gui\fieldeditors\DateEditor.java,0.028576953070504323,2.7231109619140623,preferences,2.7231109619140623
jabref\src\test\java\org\jabref\logic\formatter\bibtexfields\OrdinalsToSuperscriptFormatterTest.java,0.07135843549455916,0.02953927857535226,model,0.07135843549455916
jabref\src\main\java\org\jabref\gui\JabRefGUI.java,0.27502373286655973,2.5964237758091517,preferences,2.5964237758091517
jabref\src\main\java\org\jabref\gui\util\DroppingMouseLocation.java,0.028577515057155063,0.0,model,0.028577515057155063
jabref\src\main\java\org\jabref\gui\groups\GroupTreeNodeViewModel.java,2698.8428115844727,0.0,model,2698.8428115844727
jabref\src\main\java\org\jabref\model\entry\types\EntryType.java,3305.087661743164,0.0,model,3305.087661743164
jabref\src\main\java\org\jabref\model\entry\BibEntryTypesManager.java,4448.394470214844,0.0,model,4448.394470214844
jabref\src\test\java\org\jabref\logic\integrity\CitationKeyDuplicationCheckerTest.java,0.07188585826328822,0.0,model,0.07188585826328822
jabref\src\main\java\org\jabref\logic\formatter\bibtexfields\UnicodeToLatexFormatter.java,0.8792843409946987,0.0,model,0.8792843409946987
jabref\src\main\java\org\jabref\gui\icon\IconTheme.java,0.698524638584682,1.544032723563058,preferences,1.544032723563058
jabref\src\main\java\org\jabref\gui\externalfiletype\StandardExternalFileType.java,0.13842554092407228,0.0,model,0.13842554092407228
jabref\src\main\java\org\jabref\logic\util\io\RegExpBasedFileFinder.java,0.09157229151044573,0.01627798080444336,model,0.09157229151044573
jabref\src\main\java\org\jabref\logic\texparser\TexBibEntriesResolver.java,0.20691626412527903,0.009916201659611294,model,0.20691626412527903
jabref\src\test\java\org\jabref\model\entry\AuthorListTest.java,1835.5181121826172,0.015535458496638706,model,1835.5181121826172
jabref\src\main\java\org\jabref\logic\openoffice\style\OOProcess.java,0.1124241556440081,0.023855483531951903,model,0.1124241556440081
jabref\src\main\java\org\jabref\gui\cleanup\CleanupDialog.java,0.09461376326424735,0.0,model,0.09461376326424735
jabref\src\test\java\org\jabref\logic\database\DuplicateCheckTest.java,0.24129526955740793,0.031199778829302107,model,0.24129526955740793
jabref\src\main\java\org\jabref\logic\importer\fetcher\CustomizableKeyFetcher.java,0.07420730590820312,0.02857142857142857,model,0.07420730590820312
jabref\src\test\java\org\jabref\logic\layout\format\DOIStripTest.java,0.0723562240600586,0.0,model,0.0723562240600586
jabref\src\main\java\org\jabref\logic\importer\fileformat\CoinsParser.java,0.14658797127859932,0.0,model,0.14658797127859932
jabref\src\main\java\org\jabref\logic\util\ExternalLinkCreator.java,0.07350466591971261,0.0,model,0.07350466591971261
jabref\src\main\java\org\jabref\gui\copyfiles\CopyFilesDialogView.java,0.028576615878513883,0.0,model,0.028576615878513883
jabref\src\main\java\org\jabref\logic\bst\BstEntry.java,0.07376126561846053,0.0272226231438773,model,0.07376126561846053
jabref\src\main\java\org\jabref\gui\theme\Theme.java,0.0465771096093314,0.0,model,0.0465771096093314
jabref\src\test\java\org\jabref\logic\importer\ImportDataTest.java,0.09803218841552734,0.017023631504603794,model,0.09803218841552734
jabref\src\main\java\org\jabref\logic\net\URLDownload.java,0.5824988773890905,0.07653129441397531,model,0.5824988773890905
jabref\src\test\java\org\jabref\logic\msbib\MsBibAuthorTest.java,0.0717057500566755,0.0,model,0.0717057500566755
jabref\src\main\java\org\jabref\model\metadata\MetaData.java,3931.6371154785156,0.16396917615618026,model,3931.6371154785156
jabref\src\test\java\org\jabref\logic\util\io\BackupFileUtilTest.java,0.09514190128871373,0.028431715284075055,model,0.09514190128871373
jabref\src\main\java\org\jabref\logic\formatter\bibtexfields\NormalizeMonthFormatter.java,0.07312088693891253,0.0,model,0.07312088693891253
jabref\src\main\java\org\jabref\gui\copyfiles\CopyFilesTask.java,0.1026310920715332,1.0,preferences,1.0
jabref\src\main\java\org\jabref\logic\pdf\PdfAnnotationImporter.java,0.109295654296875,0.02111722230911255,model,0.109295654296875
jabref\src\test\java\org\jabref\gui\autocompleter\BibEntrySuggestionProviderTest.java,0.05714742796761649,0.0,model,0.05714742796761649
jabref\src\main\java\org\jabref\gui\mergeentries\DiffHighlightingEllipsingTextFlow.java,0.7369391305106027,0.008023662226540702,model,0.7369391305106027
jabref\src\main\java\org\jabref\logic\importer\WebFetcher.java,0.07396648270743233,0.0,model,0.07396648270743233
jabref\src\test\java\org\jabref\logic\layout\format\AuthorNatBibTest.java,0.07275469643729074,0.0,model,0.07275469643729074
jabref\src\main\java\org\jabref\gui\commonfxcontrols\CitationKeyPatternPanelItemModel.java,35.00697195529938,0.0,model,35.00697195529938
jabref\src\main\java\org\jabref\logic\journals\Abbreviation.java,0.07086744308471679,0.0,model,0.07086744308471679
jabref\src\main\java\org\jabref\logic\net\ProxyPreferences.java,0.070558534349714,55.911447405815125,preferences,55.911447405815125
jabref\src\main\java\org\jabref\logic\layout\format\AuthorNatBib.java,0.07405599185398647,0.0,model,0.07405599185398647
jabref\src\main\java\org\jabref\gui\importer\ImportCustomEntryTypesDialogViewModel.java,1701.4115715026855,1.0,model,1701.4115715026855
jabref\src\main\java\org\jabref\gui\openoffice\OOError.java,0.09417158535548618,0.11344075202941895,preferences,0.11344075202941895
jabref\src\main\java\org\jabref\model\search\GroupSearchQuery.java,3106.81396484375,0.0,model,3106.81396484375
jabref\src\main\java\org\jabref\logic\integrity\YearChecker.java,0.07285759789603097,0.0,model,0.07285759789603097
jabref\src\main\java\org\jabref\logic\util\OS.java,0.07370413371494838,0.0,model,0.07370413371494838
jabref\src\main\java\org\jabref\logic\layout\format\DocBookAuthorFormatter.java,0.07135843549455916,0.0,model,0.07135843549455916
jabref\src\main\java\org\jabref\logic\importer\fetcher\TrustLevel.java,0.14777190344674246,0.0,model,0.14777190344674246
jabref\src\main\java\org\jabref\model\entry\AuthorList.java,2548.730697631836,0.10308382170540946,model,2548.730697631836
jabref\src\main\java\org\jabref\gui\collab\stringchange\BibTexStringChangeDetailsView.java,0.09304783684866769,0.0,model,0.09304783684866769
jabref\src\main\java\org\jabref\gui\bibtexextractor\ExtractBibtexDialog.java,0.09121408462524414,2.4213487897600445,preferences,2.4213487897600445
jabref\src\main\java\org\jabref\logic\layout\format\AuthorAndsReplacer.java,0.07285759789603097,0.0,model,0.07285759789603097
jabref\src\main\java\org\jabref\gui\ClipBoardManager.java,0.13388334001813615,1.021029554094587,preferences,1.021029554094587
jabref\buildSrc\src\copied\java\org\jabref\logic\journals\Abbreviation.java,0.07086744308471679,0.0,model,0.07086744308471679
jabref\src\test\java\org\jabref\logic\importer\fetcher\transformers\DefaultQueryTransformerTest.java,0.07379027775355748,0.0,model,0.07379027775355748
jabref\src\main\java\org\jabref\model\util\ResultingStringState.java,3286.9532012939453,0.0,model,3286.9532012939453
jabref\src\main\java\org\jabref\model\entry\event\EntriesEventSource.java,3358.7607192993164,0.0,model,3358.7607192993164
jabref\src\main\java\org\jabref\logic\git\GitHandler.java,0.1317386899675642,0.13004719870431083,model,0.1317386899675642
jabref\src\test\java\org\jabref\logic\citationstyle\CitationStyleTest.java,0.07188585826328822,0.0,model,0.07188585826328822
jabref\src\main\java\org\jabref\logic\layout\format\EntryTypeFormatter.java,0.07402604648045132,0.0,model,0.07402604648045132
jabref\src\test\java\org\jabref\logic\importer\fetcher\SearchBasedFetcherCapabilityTest.java,0.07026322228567941,0.0,model,0.07026322228567941
jabref\src\test\java\org\jabref\model\groups\GroupTreeNodeTest.java,3310.2984619140625,0.0,model,3310.2984619140625
jabref\src\test\java\org\jabref\logic\importer\fetcher\SpringerFetcherTest.java,2.054276384626116,0.22492470060076034,model,2.054276384626116
jabref\src\main\java\org\jabref\logic\importer\fetcher\CompositeSearchBasedFetcher.java,0.0723562240600586,0.015022597994123187,model,0.0723562240600586
jabref\src\main\java\org\jabref\gui\DragAndDropDataFormats.java,2.9338261195591517,0.0,model,2.9338261195591517
jabref\src\main\java\org\jabref\gui\icon\JabRefIconView.java,0.028576551164899554,0.01571456023624965,model,0.028576551164899554
jabref\src\main\java\org\jabref\logic\cleanup\ConvertToBiblatexCleanup.java,0.1060511793409075,0.0,model,0.1060511793409075
jabref\src\main\java\org\jabref\gui\importer\NewDatabaseAction.java,0.028577303886413573,1.0,preferences,1.0
jabref\src\test\java\org\jabref\logic\formatter\bibtexfields\LatexCleanupFormatterTest.java,0.11042482512337821,0.0,model,0.11042482512337821
jabref\src\test\java\org\jabref\gui\util\TooltipTextUtilTest.java,0.05028714111873082,0.0,model,0.05028714111873082
jabref\src\test\java\org\jabref\gui\documentviewer\PdfDocumentViewModelTest.java,59.913358092308044,0.0,model,59.913358092308044
jabref\src\test\java\org\jabref\logic\exporter\YamlExporterTest.java,0.1430816650390625,1.371081760951451,preferences,1.371081760951451
jabref\src\main\java\org\jabref\logic\importer\fetcher\ZbMATH.java,0.11435388837541853,2.6568355015345984,preferences,2.6568355015345984
jabref\src\main\java\org\jabref\logic\importer\fileformat\mods\package-info.java,0.9221248081752232,0.0,model,0.9221248081752232
jabref\src\main\java\org\jabref\logic\importer\fetcher\isbntobibtex\EbookDeIsbnFetcher.java,0.07275469643729074,0.0,model,0.07275469643729074
jabref\src\main\java\org\jabref\logic\shared\PostgreSQLProcessor.java,0.23455775124686104,0.7325453622000558,preferences,0.7325453622000558
jabref\src\main\java\org\jabref\gui\mergeentries\DiffMode.java,0.02857709952763149,0.0,model,0.02857709952763149
jabref\src\main\java\org\jabref\gui\importer\ImporterViewModel.java,35.00711381435394,0.0,model,35.00711381435394
jabref\src\main\java\org\jabref\gui\Dialog.java,0.02857752868107387,0.0,model,0.02857752868107387
jabref\src\main\java\org\jabref\logic\importer\fetcher\SemanticScholar.java,0.12353394372122628,0.02857142857142857,model,0.12353394372122628
jabref\src\test\java\org\jabref\logic\formatter\bibtexfields\RegexFormatterTest.java,0.131081976209368,0.021029567718505858,model,0.131081976209368
jabref\src\test\java\org\jabref\logic\formatter\bibtexfields\NormalizeMonthFormatterTest.java,0.07370354788643974,0.0,model,0.07370354788643974
jabref\src\main\java\org\jabref\gui\push\PushToEmacs.java,0.06759835651942663,2.330591474260603,preferences,2.330591474260603
jabref\src\test\java\org\jabref\logic\importer\fileformat\ACMPortalParserTest.java,1.4423112051827567,0.0,model,1.4423112051827567
jabref\src\test\java\org\jabref\logic\importer\fetcher\AstrophysicsDataSystemTest.java,2.0584187098911833,0.08523311614990234,model,2.0584187098911833
jabref\src\main\java\org\jabref\logic\openoffice\action\Update.java,0.09943887165614537,0.0,model,0.09943887165614537
jabref\src\main\java\org\jabref\model\openoffice\uno\UnoNamed.java,3094.954147338867,0.0,model,3094.954147338867
jabref\src\main\java\org\jabref\preferences\InternalPreferences.java,0.05086058207920619,3511.1009216308594,preferences,3511.1009216308594
jabref\src\main\java\org\jabref\gui\externalfiletype\ExternalFileTypes.java,0.03774189267839704,0.010618476356778825,model,0.03774189267839704
jabref\src\test\java\org\jabref\gui\search\ContainsAndRegexBasedSearchRuleDescriberTest.java,0.08801157815115793,0.0,model,0.08801157815115793
jabref\src\main\java\org\jabref\gui\util\IconValidationDecorator.java,0.8483612605503628,0.0,model,0.8483612605503628
jabref\src\main\java\org\jabref\logic\layout\format\CreateDocBook4Authors.java,0.07350466591971261,0.0,model,0.07350466591971261
jabref\src\main\java\org\jabref\logic\openoffice\backend\GetContext.java,0.07188585826328822,0.0,model,0.07188585826328822
jabref\src\main\java\org\jabref\gui\collab\DatabaseChange.java,0.057148381641932894,0.016601032870156424,model,0.057148381641932894
jabref\src\main\java\org\jabref\gui\collab\stringrename\BibTexStringRename.java,0.11757856096540178,0.024343979358673096,model,0.11757856096540178
jabref\src\test\java\org\jabref\logic\formatter\casechanger\CapitalizeFormatterTest.java,0.07026322228567941,0.05261656216212681,model,0.07026322228567941
jabref\src\test\java\org\jabref\logic\formatter\bibtexfields\EscapeUnderscoresFormatterTest.java,0.12019553865705218,0.0,model,0.12019553865705218
jabref\src\main\java\org\jabref\logic\shared\exception\InvalidDBMSConnectionPropertiesException.java,0.07405599185398647,0.0,model,0.07405599185398647
jabref\src\main\java\org\jabref\model\entry\field\SpecialFieldValue.java,3048.9987564086914,0.0,model,3048.9987564086914
jabref\src\main\java\org\jabref\gui\exporter\SaveAction.java,0.028577024596078054,1.0285714285714285,preferences,1.0285714285714285
jabref\src\main\java\org\jabref\logic\bst\BstVMContext.java,0.09615795271737235,0.026350203582218717,model,0.09615795271737235
jabref\src\main\java\org\jabref\gui\exporter\SaveAllAction.java,0.053740286827087404,1.0,preferences,1.0
jabref\src\main\java\org\jabref\logic\layout\format\RisMonth.java,0.0736748422895159,0.0,model,0.0736748422895159
jabref\src\test\java\org\jabref\logic\integrity\TitleCheckerTest.java,0.09455389976501465,0.0,model,0.09455389976501465
jabref\src\main\java\org\jabref\logic\undo\UndoRedoEvent.java,0.07402604648045132,0.0,model,0.07402604648045132
jabref\src\main\java\org\jabref\model\openoffice\style\CitationMarkerNumericEntry.java,3286.9532012939453,0.0,model,3286.9532012939453
jabref\src\main\java\org\jabref\gui\fieldeditors\FieldNameLabel.java,0.6988377162388393,0.4453823907034738,model,0.6988377162388393
jabref\src\test\java\org\jabref\logic\importer\fetcher\LibraryOfCongressTest.java,2.158113316127232,0.0,model,2.158113316127232
jabref\src\main\java\org\jabref\logic\remote\client\RemoteClient.java,0.07135843549455916,0.04860157285417829,model,0.07135843549455916
jabref\src\test\java\org\jabref\logic\l10n\LocalizationParser.java,0.11584976741245814,0.01639993531363351,model,0.11584976741245814
jabref\src\main\java\org\jabref\model\util\FileUpdateMonitor.java,3299.948959350586,0.0,model,3299.948959350586
jabref\src\main\java\org\jabref\logic\util\io\FileNameCleaner.java,0.07265313693455287,0.0,model,0.07265313693455287
jabref\src\main\java\org\jabref\logic\importer\fileformat\medline\OtherId.java,0.0741161891392299,0.0,model,0.0741161891392299
jabref\src\main\java\org\jabref\model\FieldChange.java,3048.9987564086914,0.0,model,3048.9987564086914
jabref\src\main\java\org\jabref\gui\fieldeditors\identifier\BaseIdentifierEditorViewModel.java,95.61081647872925,2.750270516531808,model,95.61081647872925
jabref\src\main\java\org\jabref\gui\util\comparator\NumericFieldComparator.java,0.028576881544930596,0.0,model,0.028576881544930596
jabref\src\main\java\org\jabref\logic\formatter\bibtexfields\NormalizeNamesFormatter.java,0.0730675220489502,0.09204978942871093,preferences,0.09204978942871093
jabref\src\main\java\org\jabref\logic\util\TestEntry.java,0.13989761897495814,0.07594445092337472,model,0.13989761897495814
jabref\src\test\java\org\jabref\testutils\category\GUITest.java,0.028577429907662526,0.0,model,0.028577429907662526
jabref\src\main\java\org\jabref\logic\integrity\EntryLinkChecker.java,0.10064189774649483,1.3383925301688058,preferences,1.3383925301688058
jabref\src\test\java\org\jabref\logic\shared\DBMSConnectionTest.java,0.10207609449114119,0.0,model,0.10207609449114119
jabref\src\main\java\org\jabref\model\openoffice\util\OOVoidResult.java,3131.000099182129,0.0,model,3131.000099182129
jabref\src\main\java\org\jabref\model\pdf\FileAnnotationType.java,3071.684989929199,0.0,model,3071.684989929199
jabref\src\main\java\org\jabref\logic\bst\BstVMException.java,0.07423789160592216,0.028003384385790142,model,0.07423789160592216
jabref\src\main\java\org\jabref\gui\preferences\entry\EntryTabViewModel.java,35.00651299953461,3256.5153884887695,preferences,3256.5153884887695
jabref\src\main\java\org\jabref\gui\auximport\NewSubLibraryAction.java,0.028577303886413573,0.02857142857142857,model,0.028577303886413573
jabref\src\test\java\org\jabref\logic\bst\util\BstCaseChangersTest.java,0.1716043881007603,0.14369841984340123,model,0.1716043881007603
jabref\src\test\java\org\jabref\gui\mergeentries\DiffHighlightingTest.java,0.06423467908586775,0.0,model,0.06423467908586775
jabref\src\main\java\org\jabref\logic\formatter\bibtexfields\LatexCleanupFormatter.java,0.6771023341587612,0.0,model,0.6771023341587612
jabref\src\test\java\org\jabref\model\texparser\CitationTest.java,2860.605926513672,0.0,model,2860.605926513672
jabref\src\test\java\org\jabref\gui\autocompleter\FieldValueSuggestionProviderTest.java,0.05714655603681292,0.006895619630813599,model,0.05714655603681292
jabref\src\main\java\org\jabref\gui\openoffice\ManageCitationsDialogViewModel.java,35.006901025772095,0.0,model,35.006901025772095
jabref\src\test\java\org\jabref\gui\externalfiles\FileFilterUtilsTest.java,0.05117744037083217,0.0,model,0.05117744037083217
jabref\src\main\java\org\jabref\gui\util\TaskExecutor.java,0.02857726642063686,0.0,model,0.02857726642063686
jabref\src\main\java\org\jabref\gui\icon\JabRefMaterialDesignIcon.java,0.9983028956821987,0.0,model,0.9983028956821987
jabref\src\test\java\org\jabref\logic\msbib\MsBibMappingTest.java,0.07322868619646344,0.0,model,0.07322868619646344
jabref\src\test\java\org\jabref\logic\l10n\EncodingsTest.java,0.07361772400992257,0.0,model,0.07361772400992257
jabref\src\main\java\org\jabref\gui\commonfxcontrols\SaveOrderConfigPanel.java,0.5483549390520368,0.0,model,0.5483549390520368
jabref\src\main\java\org\jabref\logic\layout\LayoutFormatter.java,0.07423789160592216,0.0,model,0.07423789160592216
jabref\src\main\java\org\jabref\gui\fieldeditors\contextmenu\EditorContextAction.java,0.07347026552472796,0.027217183794294084,model,0.07347026552472796
jabref\src\test\java\org\jabref\logic\exporter\BibtexDatabaseWriterTest.java,0.14738409859793528,0.06713322230747767,model,0.14738409859793528
jabref\src\main\java\org\jabref\gui\fieldeditors\EditorTypeEditorViewModel.java,35.0067675113678,0.0,model,35.0067675113678
jabref\src\test\java\org\jabref\logic\importer\fileformat\CopacImporterFilesTest.java,0.07265313693455287,0.0,model,0.07265313693455287
jabref\src\test\java\org\jabref\logic\layout\format\AuthorAndsCommaReplacerTest.java,0.07275469643729074,0.0,model,0.07275469643729074
jabref\src\main\java\org\jabref\model\search\rules\FullTextSearchRule.java,3061.8738174438477,0.05371291978018625,model,3061.8738174438477
jabref\src\main\java\org\jabref\logic\layout\format\AuthorAbbreviator.java,0.07393685068402972,0.0,model,0.07393685068402972
jabref\src\main\java\org\jabref\logic\importer\fileformat\RisImporter.java,0.14052367891584125,0.0,model,0.14052367891584125
jabref\src\main\java\org\jabref\model\search\matchers\MatcherSet.java,3143.332290649414,0.0,model,3143.332290649414
jabref\src\test\java\org\jabref\logic\exporter\MsBibExportFormatTest.java,0.1249215807233538,0.0,model,0.1249215807233538
jabref\src\main\java\org\jabref\logic\importer\IdBasedParserFetcher.java,0.681322751726423,0.022484053884233746,model,0.681322751726423
jabref\src\main\java\org\jabref\gui\preferences\protectedterms\ProtectedTermsTabViewModel.java,52.103057503700256,3644.396095275879,preferences,3644.396095275879
jabref\src\main\java\org\jabref\gui\util\FileNodeViewModel.java,64.42674160003662,0.0,model,64.42674160003662
jabref\src\main\java\org\jabref\gui\fieldeditors\EditorValidator.java,0.028577303886413573,3.018208312988281,preferences,3.018208312988281
jabref\src\main\java\org\jabref\gui\journals\UndoableUnabbreviator.java,0.057147979736328125,0.0,model,0.057147979736328125
jabref\src\test\java\org\jabref\logic\layout\format\AuthorLastFirstAbbrCommasTest.java,0.0722597667149135,0.0,model,0.0722597667149135
jabref\src\main\java\org\jabref\logic\importer\fetcher\ACMPortalFetcher.java,0.07285759789603097,0.0,model,0.07285759789603097
jabref\src\main\java\org\jabref\logic\formatter\bibtexfields\HtmlToLatexFormatter.java,0.6730735778808594,0.008023662226540702,model,0.6730735778808594
jabref\src\main\java\org\jabref\gui\slr\ExistingStudySearchAction.java,0.1456458500453404,1.0718601771763392,preferences,1.0718601771763392
jabref\src\main\java\org\jabref\logic\layout\format\Iso690NamesAuthors.java,0.070558534349714,0.0,model,0.070558534349714
jabref\src\main\java\org\jabref\gui\preferences\PreferencesDialogViewModel.java,118.01921486854553,3828.787498474121,preferences,3828.787498474121
jabref\src\test\java\org\jabref\logic\integrity\EntryLinkCheckerTest.java,0.21977879660470145,0.0,model,0.21977879660470145
jabref\src\main\java\org\jabref\gui\entryeditor\RequiredFieldsTab.java,0.057148170471191403,2.673120335170201,preferences,2.673120335170201
jabref\src\main\java\org\jabref\model\entry\ParsedEntryLink.java,3141.81396484375,0.0,model,3141.81396484375
jabref\src\main\java\org\jabref\logic\remote\RemotePreferences.java,0.07317460605076381,35.0,preferences,35.0
jabref\src\main\java\org\jabref\logic\importer\OutputPrinter.java,0.07408603940691266,0.0,model,0.07408603940691266
jabref\src\test\java\org\jabref\logic\integrity\ISSNCheckerTest.java,0.0722597667149135,0.0,model,0.0722597667149135
jabref\src\test\java\org\jabref\logic\integrity\DateCheckerTest.java,0.0722597667149135,0.0,model,0.0722597667149135
jabref\src\main\java\org\jabref\gui\libraryproperties\saving\SavingPropertiesViewModel.java,70.0055992603302,1.0,model,70.0055992603302
jabref\src\test\java\org\jabref\gui\preferences\journals\AbbreviationViewModelTest.java,35.00659227371216,3282.2769927978516,preferences,3282.2769927978516
jabref\src\main\java\org\jabref\model\search\matchers\AndMatcher.java,3269.1375732421875,0.0,model,3269.1375732421875
jabref\src\main\java\org\jabref\gui\preferences\citationkeypattern\CitationKeyPatternTabViewModel.java,35.0055992603302,2972.1075439453125,preferences,2972.1075439453125
jabref\src\main\java\org\jabref\gui\JabRefDialogService.java,0.42264957427978517,0.054390852791922434,model,0.42264957427978517
jabref\src\test\java\org\jabref\model\entry\field\StandardFieldTest.java,3286.9532012939453,0.0,model,3286.9532012939453
jabref\src\test\java\org\jabref\logic\formatter\FormatterTest.java,0.07086744308471679,0.0,model,0.07086744308471679
jabref\src\test\java\org\jabref\model\entry\identifier\ArXivIdentifierTest.java,2447.8175735473633,0.021474880831582204,model,2447.8175735473633
jabref\src\main\java\org\jabref\migrations\PostOpenMigration.java,0.028577538899012975,0.0,model,0.028577538899012975
jabref\src\test\java\org\jabref\testutils\interactive\styletester\StyleTesterMain.java,0.02857706206185477,0.0,model,0.02857706206185477
jabref\src\main\java\org\jabref\gui\journals\AbbreviationType.java,0.02857752868107387,0.0,model,0.02857752868107387
jabref\src\main\java\org\jabref\gui\undo\NamedCompound.java,0.028577024596078054,0.0,model,0.028577024596078054
jabref\src\main\java\org\jabref\gui\libraryproperties\constants\ConstantsPropertiesViewModel.java,70.00598311424255,0.0,model,70.00598311424255
jabref\src\main\java\org\jabref\logic\integrity\JournalInAbbreviationListChecker.java,0.07296186174665178,0.0,model,0.07296186174665178
jabref\src\main\java\org\jabref\gui\util\OptionalObjectProperty.java,0.02857715742928641,0.0,model,0.02857715742928641
jabref\src\main\java\org\jabref\gui\preferences\linkedfiles\LinkedFilesTab.java,0.028576316152300153,3092.7938842773438,preferences,3092.7938842773438
jabref\src\main\java\org\jabref\gui\externalfiles\FileExtensionViewModel.java,55.260764956474304,0.0,model,55.260764956474304
jabref\src\main\java\org\jabref\gui\logging\GuiWriter.java,0.06551191466195243,0.0,model,0.06551191466195243
jabref\src\main\java\org\jabref\logic\preferences\TimestampPreferences.java,0.07275469643729074,3368.5176849365234,preferences,3368.5176849365234
jabref\src\main\java\org\jabref\gui\entryeditor\OtherFieldsTab.java,1.2280451093401228,2.752496337890625,preferences,2.752496337890625
jabref\src\main\java\org\jabref\gui\externalfiletype\CustomExternalFileType.java,0.05321877343314035,0.0,model,0.05321877343314035
jabref\src\main\java\org\jabref\logic\formatter\bibtexfields\RemoveRedundantSpacesFormatter.java,0.07312088693891253,0.0,model,0.07312088693891253
jabref\src\test\java\org\jabref\gui\preview\CopyCitationActionTest.java,0.033707594871520995,0.062065247126988,preferences,0.062065247126988
jabref\src\main\java\org\jabref\model\entry\types\StandardEntryType.java,3106.684989929199,1.3211349487304687,model,3106.684989929199
jabref\src\main\java\org\jabref\gui\entryeditor\MathSciNetTab.java,0.04453706400735038,0.0,model,0.04453706400735038
jabref\src\main\java\org\jabref\logic\citationkeypattern\DatabaseCitationKeyPattern.java,0.10247876303536552,0.0,model,0.10247876303536552
jabref\src\main\java\org\jabref\logic\openoffice\backend\NamedRangeManagerReferenceMark.java,0.0730675220489502,0.0,model,0.0730675220489502
jabref\src\main\java\org\jabref\gui\fieldeditors\JournalEditor.java,0.02857691560472761,2.7119740077427457,preferences,2.7119740077427457
jabref\src\test\java\org\jabref\logic\importer\fetcher\GoogleScholarTest.java,2.1160243443080358,0.0,model,2.1160243443080358
jabref\src\main\java\org\jabref\logic\cleanup\MoveFilesCleanup.java,0.10122456550598144,0.0,model,0.10122456550598144
jabref\src\main\java\org\jabref\gui\util\DefaultFileUpdateMonitor.java,0.1262150764465332,0.014917959485735212,model,0.1262150764465332
jabref\src\main\java\org\jabref\gui\icon\JabRefIcon.java,0.7238262721470424,0.0,model,0.7238262721470424
jabref\src\main\java\org\jabref\gui\undo\UndoableStringChange.java,0.02857698713030134,0.0,model,0.02857698713030134
jabref\src\main\java\org\jabref\logic\layout\format\AuthorLastFirstCommas.java,0.07402604648045132,0.0,model,0.07402604648045132
jabref\src\test\java\org\jabref\logic\util\io\FileUtilTest.java,0.08805131231035505,0.0905787740434919,preferences,0.0905787740434919
jabref\src\main\java\org\jabref\gui\mergeentries\newmergedialog\cell\sidebuttons\ToggleMergeUnmergeButton.java,0.028576489857264926,0.014037316186087473,model,0.028576489857264926
jabref\src\main\java\org\jabref\logic\cleanup\EprintCleanup.java,0.0722597667149135,0.0,model,0.0722597667149135
jabref\src\main\java\org\jabref\model\database\BibDatabaseContext.java,3285.1809310913086,2.889285932268415,model,3285.1809310913086
jabref\src\main\java\org\jabref\logic\layout\format\FirstPage.java,0.07384860174996512,0.0,model,0.07384860174996512
jabref\src\test\java\org\jabref\logic\exporter\MSBibExportFormatFilesTest.java,0.1220475605555943,0.025172790459224156,model,0.1220475605555943
jabref\src\main\java\org\jabref\gui\commonfxcontrols\SaveOrderConfigPanelViewModel.java,35.00667989253998,0.0,model,35.00667989253998
jabref\src\main\java\org\jabref\logic\formatter\bibtexfields\TrimWhitespaceFormatter.java,0.09445267404828753,0.0,model,0.09445267404828753
jabref\src\main\java\org\jabref\logic\importer\fetcher\SpringerLink.java,0.07135843549455916,0.0,model,0.07135843549455916
jabref\src\main\java\org\jabref\logic\importer\AuthorListParser.java,0.08390749522617885,0.016068128177097865,model,0.08390749522617885
jabref\src\test\java\org\jabref\model\TreeNodeTestData.java,4037.8822708129883,0.0,model,4037.8822708129883
jabref\src\main\java\org\jabref\gui\externalfiles\DateRange.java,0.06406605584280832,0.0,model,0.06406605584280832
jabref\src\main\java\org\jabref\logic\formatter\bibtexfields\NormalizePagesFormatter.java,0.07245392118181501,0.0,model,0.07245392118181501
jabref\src\main\java\org\jabref\logic\openoffice\action\ManageCitations.java,0.07328313418797085,0.0,model,0.07328313418797085
jabref\src\main\java\org\jabref\gui\maintable\OpenFolderAction.java,0.057148170471191403,1.0,preferences,1.0
jabref\src\main\java\org\jabref\logic\layout\format\RisAuthors.java,0.0730675220489502,0.0,model,0.0730675220489502
jabref\src\main\java\org\jabref\logic\msbib\MSBibMapping.java,0.09499492645263671,0.0,model,0.09499492645263671
jabref\src\main\java\org\jabref\model\study\FetchResult.java,3272.675437927246,0.0,model,3272.675437927246
jabref\src\main\java\org\jabref\logic\shared\DBMSConnection.java,0.7305727277483259,0.014927348068782261,model,0.7305727277483259
jabref\src\main\java\org\jabref\gui\mergeentries\newmergedialog\FieldRowView.java,0.04365044321332659,0.0,model,0.04365044321332659
jabref\src\test\java\org\jabref\gui\autocompleter\AutoCompleterUtil.java,0.028577429907662526,0.0,model,0.028577429907662526
jabref\src\main\java\org\jabref\model\database\event\ChangePropagation.java,3405.027198791504,0.0,model,3405.027198791504
jabref\src\main\java\org\jabref\gui\autocompleter\SuggestionProvider.java,0.028576810019356864,0.0,model,0.028576810019356864
jabref\src\main\java\org\jabref\gui\maintable\BibEntryTableViewModel.java,82.45882153511047,0.0,model,82.45882153511047
jabref\src\test\java\org\jabref\logic\util\BuildInfoTest.java,0.07333836555480958,0.0,model,0.07333836555480958
jabref\src\test\java\org\jabref\logic\texparser\DefaultTexParserTest.java,0.1617464338030134,0.055181424958365304,model,0.1617464338030134
jabref\src\main\java\org\jabref\gui\maintable\CellFactory.java,0.4810275486537388,1.0,preferences,1.0
jabref\src\main\java\org\jabref\gui\FallbackExceptionHandler.java,0.028577235766819545,0.0,model,0.028577235766819545
jabref\src\test\java\org\jabref\gui\edit\CopyOrMoveFieldContentTabViewModelTest.java,77.50283360481262,0.03811639377049037,model,77.50283360481262
jabref\src\main\java\org\jabref\gui\maintable\MainTablePreferences.java,0.02857715742928641,21.66543036699295,preferences,21.66543036699295
jabref\src\main\java\org\jabref\logic\formatter\bibtexfields\HtmlToUnicodeFormatter.java,0.7583481924874442,0.0,model,0.7583481924874442
jabref\src\main\java\org\jabref\model\pdf\search\EnglishStemAnalyzer.java,3220.879592895508,0.0,model,3220.879592895508
jabref\src\test\java\org\jabref\logic\importer\AuthorListParserTest.java,0.10366642815726144,0.0,model,0.10366642815726144
jabref\src\main\java\org\jabref\logic\citationkeypattern\AbstractCitationKeyPattern.java,0.14599640710013254,0.010261985233851842,model,0.14599640710013254
jabref\src\main\java\org\jabref\logic\layout\format\IfPlural.java,0.0733379568372454,0.0,model,0.0733379568372454
jabref\src\main\java\org\jabref\logic\exporter\OOCalcDatabase.java,0.06717240469796316,0.013173867974962507,model,0.06717240469796316
jabref\src\main\java\org\jabref\gui\theme\StyleSheetDataUrl.java,0.057148681368146624,0.0,model,0.057148681368146624
jabref\buildSrc\src\copied\java\org\jabref\logic\journals\AbbreviationWriter.java,0.09460971014840262,0.0,model,0.09460971014840262
jabref\src\main\java\org\jabref\gui\commonfxcontrols\FieldFormatterCleanupsPanel.java,0.08386762482779367,0.0,model,0.08386762482779367
jabref\src\main\java\org\jabref\gui\maintable\columns\LibraryColumn.java,2.634800938197545,0.0,model,2.634800938197545
jabref\src\test\java\org\jabref\logic\importer\fetcher\ZbMATHTest.java,0.06945046697344098,0.0,model,0.06945046697344098
jabref\src\test\java\org\jabref\logic\bst\BstVMVisitorTest.java,1.572347913469587,0.02918485232761928,model,1.572347913469587
jabref\src\main\java\org\jabref\logic\cleanup\RelativePathsCleanup.java,0.11931867599487304,0.0,model,0.11931867599487304
jabref\src\main\java\org\jabref\gui\collab\DatabaseChangeResolverFactory.java,0.05714866093226841,0.0,model,0.05714866093226841
jabref\src\main\java\org\jabref\logic\integrity\DoiValidityChecker.java,0.07361772400992257,0.0,model,0.07361772400992257
jabref\src\test\java\org\jabref\model\search\matchers\MatcherSetsTest.java,3071.684989929199,0.0,model,3071.684989929199
jabref\src\main\java\org\jabref\logic\importer\fetcher\RfcFetcher.java,0.07285759789603097,0.0,model,0.07285759789603097
jabref\src\main\java\org\jabref\gui\linkedfile\DeleteFileAction.java,0.07164748055594308,2.8074456351143975,preferences,2.8074456351143975
jabref\src\test\java\org\jabref\gui\externalfiles\ImportHandlerTest.java,0.14904609407697406,1.0,preferences,1.0
jabref\src\main\java\org\jabref\logic\layout\Layout.java,0.11098935944693429,0.0,model,0.11098935944693429
jabref\src\main\java\org\jabref\gui\preferences\journals\AbbreviationsFileViewModel.java,63.76754343509674,3159.613571166992,preferences,3159.613571166992
jabref\src\main\java\org\jabref\logic\util\BackupFileType.java,0.07364623206002371,0.0,model,0.07364623206002371
jabref\src\main\java\org\jabref\gui\maintable\NameDisplayPreferences.java,0.02857706206185477,21.463877856731415,preferences,21.463877856731415
jabref\src\main\java\org\jabref\gui\entryeditor\PreviewTab.java,0.05714827265058245,3.023224312918527,preferences,3.023224312918527
jabref\src\test\java\org\jabref\logic\xmp\XmpUtilReaderTest.java,0.10683879852294922,0.02412829739706857,model,0.10683879852294922
jabref\src\main\java\org\jabref\gui\preferences\externalfiletypes\ExternalFileTypesTabViewModel.java,73.72410893440247,3172.8782272338867,preferences,3172.8782272338867
jabref\src\main\java\org\jabref\logic\pdf\AnnotationImporter.java,0.09548897743225097,0.0,model,0.09548897743225097
jabref\src\test\java\org\jabref\logic\importer\fetcher\transformers\IEEEQueryTransformerTest.java,0.07026322228567941,0.0,model,0.07026322228567941
jabref\src\main\java\org\jabref\gui\mergeentries\newmergedialog\cell\ThreeWayMergeCell.java,0.05327642645154681,0.0,model,0.05327642645154681
jabref\src\main\java\org\jabref\logic\layout\format\Iso690FormatDate.java,0.10856350490025111,0.0,model,0.10856350490025111
jabref\src\main\java\org\jabref\gui\util\OptionalValueTableCellFactory.java,0.7995710645403181,0.0,model,0.7995710645403181
jabref\src\test\java\org\jabref\logic\importer\util\GroupsParserTest.java,0.15926015036446708,0.01592771325792585,model,0.15926015036446708
jabref\src\main\java\org\jabref\gui\preferences\importexport\ImportExportTab.java,0.028575904028756278,2935.271453857422,preferences,2935.271453857422
jabref\src\test\java\org\jabref\logic\bibtex\comparator\FieldComparatorTest.java,0.1464315686907087,0.0,model,0.1464315686907087
jabref\src\main\java\org\jabref\gui\collab\entrydelete\EntryDelete.java,0.13521829332624163,0.0,model,0.13521829332624163
jabref\src\main\java\org\jabref\gui\fieldeditors\CitationKeyEditorViewModel.java,70.00706791877747,1.0,model,70.00706791877747
jabref\buildSrc\src\copied\java\org\jabref\logic\journals\AbbreviationFormat.java,0.07379027775355748,0.0,model,0.07379027775355748
jabref\src\main\java\org\jabref\gui\linkedfile\LinkedFileEditDialogView.java,0.06394413539341517,2.6178617204938615,preferences,2.6178617204938615
jabref\src\main\java\org\jabref\logic\exporter\Exporter.java,0.1212791851588658,0.0,model,0.1212791851588658
jabref\src\main\java\org\jabref\logic\msbib\MSBibDatabase.java,0.8013420649937221,0.0,model,0.8013420649937221
jabref\src\test\java\org\jabref\logic\citationkeypattern\MakeLabelWithDatabaseTest.java,0.09088117054530552,3.0431126185825894,preferences,3.0431126185825894
jabref\src\main\java\org\jabref\logic\formatter\bibtexfields\AddBracesFormatter.java,0.0730675220489502,0.0,model,0.0730675220489502
jabref\src\main\java\org\jabref\gui\collab\stringchange\BibTexStringChange.java,0.057148490633283346,0.0,model,0.057148490633283346
jabref\src\test\java\org\jabref\logic\integrity\HTMLCharacterCheckerTest.java,0.07135843549455916,0.0,model,0.07135843549455916
jabref\src\main\java\org\jabref\logic\exporter\BlankLineBehaviour.java,0.07426859310695104,0.0,model,0.07426859310695104
jabref\src\test\java\org\jabref\logic\bibtex\comparator\EntryComparatorTest.java,0.08301916122436523,0.0,model,0.08301916122436523
jabref\src\main\java\org\jabref\gui\util\component\DiffHighlightingTextPane.java,0.02857750483921596,0.0,model,0.02857750483921596
jabref\src\main\java\org\jabref\gui\collab\entrychange\EntryChange.java,0.05714823859078544,0.0,model,0.05714823859078544
jabref\src\main\java\org\jabref\logic\crawler\StudyYamlParser.java,0.09323282923017229,0.0,model,0.09323282923017229
jabref\src\test\java\org\jabref\logic\exporter\ModsExportFormatTest.java,0.12307630266462054,0.02152775355747768,model,0.12307630266462054
jabref\src\main\java\org\jabref\logic\layout\format\DateFormatter.java,0.10437348910740443,0.0,model,0.10437348910740443
jabref\src\main\java\org\jabref\preferences\MrDlibPreferences.java,0.02857698713030134,3370.938301086426,preferences,3370.938301086426
jabref\src\main\java\org\jabref\gui\search\rules\describer\SearchDescribers.java,0.02857706206185477,0.0,model,0.02857706206185477
jabref\src\main\java\org\jabref\gui\autocompleter\AutoCompleteFirstNameMode.java,0.05714883804321289,0.0,model,0.05714883804321289
jabref\src\test\java\org\jabref\logic\exporter\EmbeddedBibFilePdfExporterTest.java,0.1372258595057896,0.0,model,0.1372258595057896
jabref\src\main\java\org\jabref\model\openoffice\uno\UnoTextRange.java,2928.374366760254,0.0,model,2928.374366760254
jabref\src\main\java\org\jabref\model\util\FileUpdateListener.java,3316.1247634887695,0.0,model,3316.1247634887695
jabref\src\main\java\org\jabref\gui\mergeentries\MergeEntriesDialog.java,0.08877921104431152,0.0,model,0.08877921104431152
jabref\src\main\java\org\jabref\preferences\SearchPreferences.java,0.028576207160949708,3070.2585220336914,preferences,3070.2585220336914
jabref\src\test\java\org\jabref\logic\util\io\CitationKeyBasedFileFinderTest.java,0.10396303449358259,0.012622192927769253,model,0.10396303449358259
jabref\src\main\java\org\jabref\logic\shared\event\SharedEntriesNotPresentEvent.java,0.26499246869768417,0.0,model,0.26499246869768417
jabref\src\main\java\org\jabref\logic\formatter\minifier\TruncateFormatter.java,0.08894546372549875,0.0,model,0.08894546372549875
jabref\src\main\java\org\jabref\gui\preferences\PreferenceTabViewModel.java,35.00740587711334,3534.919891357422,preferences,3534.919891357422
jabref\src\main\java\org\jabref\logic\layout\format\WrapFileLinks.java,0.08821707453046526,0.0,model,0.08821707453046526
jabref\src\main\java\org\jabref\gui\autocompleter\BibEntrySuggestionProvider.java,0.057148490633283346,0.02857142857142857,model,0.057148490633283346
jabref\src\main\java\org\jabref\gui\preferences\preview\PreviewTab.java,0.5187701089041573,2384.3261337280273,preferences,2384.3261337280273
jabref\src\test\java\org\jabref\logic\importer\fileformat\MsBibImporterFilesTest.java,0.07265313693455287,0.0,model,0.07265313693455287
jabref\src\main\java\org\jabref\gui\search\SearchResultsTableDataModel.java,35.00651299953461,1.0,model,35.00651299953461
jabref\src\test\java\org\jabref\logic\importer\fetcher\ResearchGateTest.java,1.664833504813058,0.0,model,1.664833504813058
jabref\src\test\java\org\jabref\logic\layout\format\HTMLCharsTest.java,0.10134202412196568,0.01893328939165388,model,0.10134202412196568
jabref\src\test\java\org\jabref\logic\formatter\bibtexfields\NormalizeEnDashesFormatterTest.java,1.0724539620535714,0.0,model,1.0724539620535714
jabref\src\main\java\org\jabref\model\entry\CanonicalBibEntry.java,3005.2893447875977,0.0,model,3005.2893447875977
jabref\src\main\java\org\jabref\gui\util\uithreadaware\UiThreadChangeListener.java,0.02857715742928641,0.0,model,0.02857715742928641
jabref\src\main\java\org\jabref\logic\citationstyle\CitationStyleCache.java,0.10122456550598144,0.0,model,0.10122456550598144
jabref\src\main\java\org\jabref\gui\libraryproperties\general\GeneralPropertiesViewModel.java,88.4870970249176,1.0285714285714285,model,88.4870970249176
jabref\src\main\java\org\jabref\model\metadata\SaveOrder.java,2738.520088195801,0.0,model,2738.520088195801
jabref\src\test\java\org\jabref\gui\keyboard\KeyBindingsTabModelTest.java,3565.4946899414062,1.013236345563616,model,3565.4946899414062
jabref\src\test\java\org\jabref\gui\search\GlobalSearchBarTest.java,0.028576316152300153,1.0,preferences,1.0
jabref\src\main\java\org\jabref\gui\preferences\PreferencesFilterDialog.java,0.22691500527518135,3316.3207626342773,preferences,3316.3207626342773
jabref\src\main\java\org\jabref\gui\fieldeditors\MapBasedEditorViewModel.java,35.00651299953461,0.0,model,35.00651299953461
jabref\src\test\java\org\jabref\logic\importer\fetcher\transformers\DBLPQueryTransformerTest.java,0.0723562240600586,0.0,model,0.0723562240600586
jabref\src\main\java\org\jabref\model\pdf\search\PdfSearchResults.java,3071.684989929199,0.0,model,3071.684989929199
jabref\src\test\java\org\jabref\model\entry\IdGeneratorTest.java,3255.1089477539062,0.01746300118310111,model,3255.1089477539062
jabref\src\main\java\org\jabref\gui\util\ColorUtil.java,0.02857706206185477,0.0,model,0.02857706206185477
jabref\src\main\java\org\jabref\model\entry\field\Field.java,3224.2497634887695,0.013615007911409651,model,3224.2497634887695
jabref\src\main\java\org\jabref\gui\keyboard\KeyBinding.java,1.0516972133091518,0.05392659051077706,model,1.0516972133091518
jabref\src\test\java\org\jabref\logic\importer\ParserResultTest.java,0.07356100082397461,0.0,model,0.07356100082397461
jabref\src\test\java\org\jabref\logic\exporter\CsvExportFormatTest.java,0.12065251214163644,0.0,model,0.12065251214163644
jabref\src\test\java\org\jabref\logic\importer\fetcher\transformers\ScholarQueryTransformerTest.java,0.07370354788643974,0.0,model,0.07370354788643974
jabref\src\main\java\org\jabref\logic\util\strings\RtfCharMap.java,0.06598247119358608,0.0,model,0.06598247119358608
jabref\src\main\java\org\jabref\model\entry\field\SpecialField.java,2943.588066101074,0.010632756778172084,model,2943.588066101074
jabref\src\main\java\org\jabref\preferences\PushToApplicationPreferences.java,0.02857691560472761,3342.409210205078,preferences,3342.409210205078
jabref\src\main\java\org\jabref\model\entry\types\BiblatexSoftwareEntryType.java,3222.8051376342773,0.0,model,3222.8051376342773
jabref\src\main\java\org\jabref\gui\fieldeditors\UrlEditor.java,0.06609412602015904,2.6794097900390623,preferences,2.6794097900390623
jabref\src\main\java\org\jabref\gui\icon\JabrefIconProvider.java,0.028577484403337752,0.0,model,0.028577484403337752
jabref\src\main\java\org\jabref\preferences\GuiPreferences.java,0.07322021893092565,2922.034034729004,preferences,2922.034034729004
jabref\src\test\java\org\jabref\logic\formatter\bibtexfields\UnicodeToLatexFormatterTest.java,0.07296186174665178,0.0,model,0.07296186174665178
jabref\src\main\java\org\jabref\logic\shared\DatabaseSynchronizer.java,0.1024200303213937,0.0,model,0.1024200303213937
jabref\src\main\java\org\jabref\gui\externalfiles\FileDownloadTask.java,0.11708927154541016,0.0,model,0.11708927154541016
jabref\src\test\java\org\jabref\gui\edit\ReplaceStringViewModelTest.java,72.91628837585449,0.08097968782697405,model,72.91628837585449
jabref\src\test\java\org\jabref\logic\bibtex\FileFieldWriterTest.java,0.08640737533569336,0.06132721219744001,model,0.08640737533569336
jabref\src\main\java\org\jabref\logic\layout\format\AuthorLastFirstOxfordCommas.java,0.07405599185398647,0.0,model,0.07405599185398647
jabref\src\main\java\org\jabref\gui\texparser\ParseLatexDialogViewModel.java,98.29176068305969,1.0170200892857142,model,98.29176068305969
jabref\src\test\java\org\jabref\architecture\TestArchitectureTest.java,2.597059631347656,1.0,model,2.597059631347656
jabref\src\main\java\org\jabref\gui\mergeentries\MultiMergeEntriesView.java,1.2020272391183036,2.474424525669643,preferences,2.474424525669643
jabref\src\main\java\org\jabref\gui\fieldeditors\EditorTextField.java,0.11518502916608538,0.0,model,0.11518502916608538
jabref\src\main\java\org\jabref\logic\exporter\TemplateExporter.java,0.11474405016217913,0.0,model,0.11474405016217913
jabref\src\test\java\org\jabref\gui\autocompleter\PersonNameStringConverterTest.java,0.05714742796761649,2.426210239955357,preferences,2.426210239955357
jabref\src\test\java\org\jabref\model\entry\field\BibFieldTest.java,3220.879592895508,0.0,model,3220.879592895508
jabref\src\test\java\org\jabref\logic\exporter\XmpExporterTest.java,0.11537057331630161,0.015869321141924176,model,0.11537057331630161
jabref\src\main\java\org\jabref\gui\sidepane\SidePaneContentFactory.java,0.6537018367222377,3.0989837646484375,preferences,3.0989837646484375
jabref\src\main\java\org\jabref\gui\fieldeditors\identifier\IdentifierEditor.java,2.064719935825893,2.8666634695870536,preferences,2.8666634695870536
jabref\src\main\java\org\jabref\logic\layout\format\HTMLParagraphs.java,0.10106895991734095,0.0,model,0.10106895991734095
jabref\src\main\java\org\jabref\logic\layout\format\AuthorAndsCommaReplacer.java,0.07285759789603097,0.0,model,0.07285759789603097
jabref\src\test\java\org\jabref\logic\util\FileNameCleanerTest.java,0.0717057500566755,0.0,model,0.0717057500566755
jabref\src\main\java\org\jabref\logic\importer\fileformat\OvidImporter.java,0.07684204918997628,0.0,model,0.07684204918997628
jabref\src\main\java\org\jabref\logic\formatter\casechanger\TitleParser.java,0.0717057500566755,0.0,model,0.0717057500566755
jabref\src\main\java\org\jabref\gui\externalfiles\UnlinkedPDFFileFilter.java,0.07879335539681571,0.0,model,0.07879335539681571
jabref\src\main\java\org\jabref\model\entry\Date.java,2503.3358001708984,0.0,model,2503.3358001708984
jabref\src\test\java\org\jabref\logic\importer\fileformat\MrDLibImporterTest.java,0.16551126752580916,0.062096473148890906,model,0.16551126752580916
jabref\src\test\java\org\jabref\logic\cleanup\ConvertToBibtexCleanupTest.java,0.13049377713884627,0.0,model,0.13049377713884627
jabref\src\main\java\org\jabref\gui\exporter\ExportCommand.java,0.15646779196602958,3.058447265625,preferences,3.058447265625
jabref\src\main\java\org\jabref\gui\mergeentries\newmergedialog\diffhighlighter\SplitDiffHighlighter.java,0.05020538057599749,0.0,model,0.05020538057599749
jabref\src\test\java\org\jabref\cli\AuxCommandLineTest.java,0.04466488701956613,0.09960430690220425,preferences,0.09960430690220425
jabref\src\test\java\org\jabref\logic\auxparser\AuxParserTest.java,0.08708556720188686,0.10016480854579381,preferences,0.10016480854579381
jabref\src\main\java\org\jabref\gui\collab\entrychange\EntryWithPreviewAndSourceDetailsView.java,0.09566377912248884,1.0,preferences,1.0
jabref\src\main\java\org\jabref\gui\mergeentries\newmergedialog\FieldRowViewModel.java,59.690293073654175,0.015063095092773437,model,59.690293073654175
jabref\src\main\java\org\jabref\logic\openoffice\style\OOPreFormatter.java,0.09730396270751954,0.019965709958757672,model,0.09730396270751954
jabref\src\main\java\org\jabref\gui\externalfiles\ImportFilesResultItemViewModel.java,54.9294239282608,0.0,model,54.9294239282608
jabref\src\test\java\org\jabref\logic\formatter\bibtexfields\RemoveDigitsFormatterTest.java,0.09604201998029437,0.0,model,0.09604201998029437
jabref\src\main\java\org\jabref\logic\openoffice\OpenOfficeFileSearch.java,0.09435738154820034,0.025911683695656912,model,0.09435738154820034
jabref\src\main\java\org\jabref\gui\linkedfile\AttachFileAction.java,0.08624112946646555,0.02857142857142857,model,0.08624112946646555
jabref\src\main\java\org\jabref\gui\util\component\TagBar.java,0.10445220811026437,0.009916201659611294,model,0.10445220811026437
jabref\src\main\java\org\jabref\gui\fieldeditors\PatentTypeEditorViewModel.java,35.00627517700195,0.0,model,35.00627517700195
jabref\src\test\java\org\jabref\logic\importer\fileformat\BibtexParserTest.java,1.7668623788016182,0.046626945904323036,model,1.7668623788016182
jabref\src\main\java\org\jabref\gui\BasePanelMode.java,0.028577538899012975,0.0,model,0.028577538899012975
jabref\src\test\java\org\jabref\model\paging\PageTest.java,3106.81396484375,0.0,model,3106.81396484375
jabref\src\test\java\org\jabref\logic\importer\fileformat\MedlinePlainImporterTest.java,0.10521274975367954,0.0256077698298863,model,0.10521274975367954
jabref\src\main\java\org\jabref\model\openoffice\uno\UnoReferenceMark.java,2943.588066101074,0.0,model,2943.588066101074
jabref\src\main\java\org\jabref\gui\mergeentries\MergeEntriesAction.java,0.051972031593322754,0.02857142857142857,model,0.051972031593322754
jabref\src\main\java\org\jabref\gui\desktop\os\NativeDesktop.java,0.08809315136500767,0.0686061246054513,model,0.08809315136500767
jabref\src\main\java\org\jabref\gui\UpdateTimestampListener.java,0.08324574742998396,1.0,preferences,1.0
jabref\src\main\java\org\jabref\logic\importer\fetcher\transformers\DefaultQueryTransformer.java,0.07350466591971261,0.0,model,0.07350466591971261
jabref\src\test\java\org\jabref\logic\exporter\ExporterTest.java,0.12112831388201033,0.0,model,0.12112831388201033
jabref\src\test\java\org\jabref\logic\formatter\bibtexfields\HtmlToLatexFormatterTest.java,0.0852787971496582,0.0,model,0.0852787971496582
jabref\src\main\java\org\jabref\model\strings\StringUtil.java,2111.89453125,0.008012819290161132,model,2111.89453125
jabref\src\test\java\org\jabref\logic\net\MimeTypeDetectorTest.java,0.07436135155814035,0.0,model,0.07436135155814035
jabref\src\test\java\org\jabref\logic\formatter\casechanger\UnprotectTermsFormatterTest.java,0.07152999469212123,0.0,model,0.07152999469212123
jabref\src\test\java\org\jabref\gui\UpdateTimestampListenerTest.java,0.07768353734697614,1.0162515912737164,preferences,1.0162515912737164
jabref\src\test\java\org\jabref\logic\l10n\JavaLocalizationEntryParser.java,0.08463668823242188,0.03872778756277902,model,0.08463668823242188
jabref\src\test\java\org\jabref\gui\mergeentries\ThreeWayMergeCellViewModelTest.java,35.00585377216339,0.0,model,35.00585377216339
jabref\src\main\java\org\jabref\gui\preferences\appearance\AppearanceTab.java,0.028576431955610004,3136.815185546875,preferences,3136.815185546875
jabref\src\main\java\org\jabref\logic\git\SlrGitHandler.java,0.09171363285609654,0.056626629829406736,model,0.09171363285609654
jabref\src\main\java\org\jabref\logic\shared\prefs\SharedDatabasePreferences.java,0.7897690909249442,3015.8765029907227,preferences,3015.8765029907227
jabref\src\main\java\org\jabref\logic\msbib\PageNumbers.java,0.6413305010114397,0.0,model,0.6413305010114397
jabref\src\main\java\org\jabref\model\entry\types\SystematicLiteratureReviewStudyEntryType.java,3194.330520629883,0.0,model,3194.330520629883
jabref\src\main\java\org\jabref\logic\importer\fetcher\transformers\YearAndYearRangeByFilteringQueryTransformer.java,0.0943589414869036,0.0,model,0.0943589414869036
jabref\src\main\java\org\jabref\gui\mergeentries\newmergedialog\ThreeWayMergeViewModel.java,35.00605821609497,0.017321763719831195,model,35.00605821609497
jabref\src\test\java\org\jabref\logic\importer\fetcher\transformers\SuffixTransformerTest.java,0.06896235602242606,0.0,model,0.06896235602242606
jabref\src\main\java\org\jabref\logic\formatter\minifier\MinifyNameListFormatter.java,0.6771023341587612,0.14783597673688617,model,0.6771023341587612
jabref\src\main\java\org\jabref\logic\importer\fetcher\transformers\MedlineQueryTransformer.java,0.07296186174665178,0.0,model,0.07296186174665178
jabref\src\main\java\org\jabref\gui\help\AboutDialogView.java,0.11247432572501047,0.0,model,0.11247432572501047
jabref\src\test\java\org\jabref\model\entry\field\SpecialFieldTest.java,3248.1678009033203,0.0,model,3248.1678009033203
jabref\src\main\java\org\jabref\logic\importer\fileformat\PdfGrobidImporter.java,0.1583423478262765,0.05019443375723703,model,0.1583423478262765
jabref\src\main\java\org\jabref\logic\importer\util\ShortDOIService.java,0.0722597667149135,0.0,model,0.0722597667149135
jabref\src\test\java\org\jabref\gui\entryeditor\fileannotationtab\FileAnnotationViewModelTest.java,133.63141298294067,0.05033797195979527,model,133.63141298294067
jabref\src\main\java\org\jabref\logic\integrity\CitationKeyDeviationChecker.java,0.07275469643729074,0.0,model,0.07275469643729074
jabref\src\main\java\org\jabref\model\openoffice\uno\UnoStyle.java,2960.0915145874023,0.0,model,2960.0915145874023
jabref\src\main\java\org\jabref\gui\importer\NewEntryAction.java,0.057147979736328125,3.0064710344587056,preferences,3.0064710344587056
jabref\src\main\java\org\jabref\logic\net\ssl\TrustStoreManager.java,0.1450827053615025,0.0,model,0.1450827053615025
jabref\src\main\java\org\jabref\logic\protectedterms\ProtectedTermsPreferences.java,0.07245392118181501,0.0,model,0.07245392118181501
jabref\src\main\java\org\jabref\logic\integrity\AbbreviationChecker.java,0.07317460605076381,0.0,model,0.07317460605076381
jabref\src\main\java\org\jabref\gui\entryeditor\LatexCitationsTabViewModel.java,126.68641090393066,1.0168235778808594,model,126.68641090393066
jabref\src\main\java\org\jabref\gui\entryeditor\RelatedArticlesTab.java,0.7236383165631975,2.737226867675781,preferences,2.737226867675781
jabref\src\main\java\org\jabref\gui\groups\UndoableMoveGroup.java,1.4410478864397323,0.0,model,1.4410478864397323
jabref\src\main\java\org\jabref\logic\openoffice\style\OOBibStyleGetNumCitationMarker.java,0.6042207445417132,0.0,model,0.6042207445417132
jabref\src\main\java\org\jabref\gui\linkedfile\LinkedFilesEditDialogViewModel.java,97.61431694030762,0.014198224885123116,model,97.61431694030762
jabref\src\main\java\org\jabref\logic\layout\ParamLayoutFormatter.java,0.07423789160592216,0.0,model,0.07423789160592216
jabref\src\main\java\org\jabref\gui\maintable\MainTableHeaderContextMenu.java,2.450265284946987,0.0,model,2.450265284946987
jabref\src\main\java\org\jabref\logic\util\io\DatabaseFileLookup.java,0.12282040459769113,0.0,model,0.12282040459769113
jabref\src\main\java\org\jabref\model\entry\types\SystematicLiteratureReviewStudyEntryTypeDefinitions.java,3168.5544967651367,0.0,model,3168.5544967651367
jabref\src\test\java\org\jabref\model\entry\identifier\DOITest.java,2007.7933502197266,0.00981992142541068,model,2007.7933502197266
jabref\src\test\java\org\jabref\logic\util\strings\StringManipulatorTest.java,0.06789617538452149,0.08936103412083217,preferences,0.08936103412083217
jabref\src\main\java\org\jabref\logic\integrity\DatabaseChecker.java,0.10271788324628557,0.0,model,0.10271788324628557
jabref\src\test\java\org\jabref\logic\importer\fileformat\PdfContentImporterFilesTest.java,0.07285759789603097,0.021063341413225446,model,0.07285759789603097
jabref\src\test\java\org\jabref\logic\formatter\bibtexfields\CleanupUrlFormatterTest.java,0.07226311819893973,0.0,model,0.07226311819893973
jabref\src\test\java\org\jabref\logic\formatter\bibtexfields\UnicodeConverterTest.java,0.08635035923549107,0.0,model,0.08635035923549107
jabref\src\test\java\org\jabref\model\entry\CanonicalBibEntryTest.java,2984.225845336914,0.0,model,2984.225845336914
jabref\src\main\java\org\jabref\logic\texparser\DefaultLatexParser.java,0.12584667205810546,0.025244385855538506,model,0.12584667205810546
jabref\src\test\java\org\jabref\logic\integrity\NoteCheckerTest.java,0.14894415991646903,0.0,model,0.14894415991646903
jabref\src\test\java\org\jabref\logic\importer\fetcher\transformers\SpringerQueryTransformerTest.java,0.10528978620256696,0.0,model,0.10528978620256696
jabref\src\test\java\org\jabref\gui\externalfiletype\ExternalFileTypesTest.java,0.08315026419503348,0.014198224885123116,model,0.08315026419503348
jabref\src\test\java\org\jabref\logic\layout\format\CompositeFormatTest.java,0.07207046917506627,0.0,model,0.07207046917506627
jabref\src\main\java\org\jabref\gui\exporter\ExportToClipboardAction.java,0.4781739371163504,2.8388172694614955,preferences,2.8388172694614955
jabref\src\main\java\org\jabref\logic\formatter\casechanger\Word.java,0.20513663973127091,0.03973948955535889,model,0.20513663973127091
jabref\src\main\java\org\jabref\gui\libraryproperties\keypattern\KeyPatternPropertiesViewModel.java,70.00667572021484,1.0,model,70.00667572021484
jabref\src\main\java\org\jabref\gui\importer\GenerateEntryFromIdAction.java,0.11186867441449846,1.0092900957380022,preferences,1.0092900957380022
jabref\src\test\java\org\jabref\logic\importer\fileformat\EndnoteXmlImporterFilesTest.java,0.0723562240600586,0.0,model,0.0723562240600586
jabref\src\main\java\org\jabref\logic\bibtex\comparator\PreambleDiff.java,0.07245392118181501,0.0,model,0.07245392118181501
jabref\src\test\java\org\jabref\logic\crawler\CrawlerTest.java,0.15291987827845982,1.0824795314243862,preferences,1.0824795314243862
jabref\src\main\java\org\jabref\logic\importer\fileformat\ModsImporter.java,0.6100172315325055,0.015739451135907856,model,0.6100172315325055
jabref\src\test\java\org\jabref\logic\texparser\LatexParserTest.java,0.1839167867388044,0.057536465781075616,model,0.1839167867388044
jabref\src\main\java\org\jabref\logic\importer\fileformat\PdfEmbeddedBibFileImporter.java,0.7189363752092633,0.03702611923217773,model,0.7189363752092633
jabref\src\main\java\org\jabref\logic\formatter\casechanger\LowerCaseFormatter.java,0.09462601797921318,0.0,model,0.09462601797921318
jabref\src\main\java\org\jabref\gui\linkedfile\AttachFileFromURLAction.java,0.07122579302106585,1.0285714285714285,preferences,1.0285714285714285
jabref\src\test\java\org\jabref\logic\util\DevelopmentStageTest.java,0.09355161530630929,0.08386482511247907,model,0.09355161530630929
jabref\src\main\java\org\jabref\gui\fieldeditors\identifier\ISBNIdentifierEditorViewModel.java,35.007038712501526,2.9219172886439733,model,35.007038712501526
jabref\src\main\java\org\jabref\logic\layout\LayoutHelper.java,0.08282254082815987,2.649445016043527,preferences,2.649445016043527
jabref\src\test\java\org\jabref\migrations\PreferencesMigrationsTest.java,0.07886206081935337,1653.7605476379395,preferences,1653.7605476379395
jabref\src\test\java\org\jabref\logic\crawler\StudyRepositoryTest.java,0.14382408687046597,1.087035914829799,preferences,1.087035914829799
jabref\src\main\java\org\jabref\model\study\StudyDatabase.java,3106.81396484375,0.0,model,3106.81396484375
jabref\src\test\java\org\jabref\logic\integrity\BracketCheckerTest.java,0.07207046917506627,0.0,model,0.07207046917506627
jabref\src\main\java\org\jabref\logic\layout\format\FileLink.java,0.09486636434282575,0.0,model,0.09486636434282575
jabref\src\main\java\org\jabref\logic\importer\fileformat\PdfContentImporter.java,0.1289895875113351,0.030991942541939873,model,0.1289895875113351
jabref\src\main\java\org\jabref\gui\preferences\entryeditor\EntryEditorTab.java,0.028576316152300153,3092.7938842773438,preferences,3092.7938842773438
jabref\src\test\java\org\jabref\gui\exporter\SaveDatabaseActionTest.java,0.09040266445704868,2.9209132603236605,preferences,2.9209132603236605
jabref\src\test\java\org\jabref\logic\layout\format\AuthorLastFirstAbbreviatorTest.java,0.07188585826328822,0.0,model,0.07188585826328822
jabref\src\main\java\org\jabref\gui\preferences\PreferencesSearchHandler.java,0.7185680389404296,3092.7938842773438,preferences,3092.7938842773438
jabref\src\test\java\org\jabref\logic\auxparser\DefaultAuxParserTest.java,0.07433032308306013,0.0,model,0.07433032308306013
jabref\src\main\java\org\jabref\model\openoffice\uno\NoDocumentException.java,3276.226119995117,0.0,model,3276.226119995117
jabref\src\main\java\org\jabref\gui\maintable\MainTableColumnModel.java,35.005056858062744,0.0,model,35.005056858062744
jabref\src\main\java\org\jabref\gui\mergeentries\newmergedialog\fieldsmerger\FieldMerger.java,0.02857746056147984,0.0,model,0.02857746056147984
jabref\src\main\java\org\jabref\gui\search\GlobalSearchResultDialogViewModel.java,35.00720977783203,1.0138147626604352,model,35.00720977783203
jabref\src\main\java\org\jabref\gui\mergeentries\newmergedialog\ShowDiffConfig.java,0.028577474185398646,0.0,model,0.028577474185398646
jabref\src\main\java\org\jabref\logic\importer\util\JsonReader.java,0.07312088693891253,0.0,model,0.07312088693891253
jabref\src\main\java\org\jabref\gui\sidepane\GroupsSidePaneComponent.java,1.4327576773507253,0.014558126245226179,model,1.4327576773507253
jabref\src\main\java\org\jabref\gui\edit\automaticfiededitor\AbstractAutomaticFieldEditorTabView.java,0.028577474185398646,0.0,model,0.028577474185398646
jabref\src\test\java\org\jabref\logic\shared\security\PasswordTest.java,0.0730675220489502,0.0,model,0.0730675220489502
jabref\src\main\java\org\jabref\gui\documentviewer\PageDimension.java,0.028577024596078054,0.0,model,0.028577024596078054
jabref\src\test\java\org\jabref\logic\layout\format\AuthorFirstFirstCommasTest.java,0.07350466591971261,0.0,model,0.07350466591971261
jabref\src\test\java\org\jabref\logic\layout\format\IfPluralTest.java,0.10645372526986259,0.0464677163532802,model,0.10645372526986259
jabref\src\test\java\org\jabref\logic\layout\format\AuthorLF_FFTest.java,0.07350466591971261,0.0,model,0.07350466591971261
jabref\src\main\java\org\jabref\logic\importer\util\FileFieldParser.java,0.08997979164123535,0.0,model,0.08997979164123535
jabref\src\main\java\org\jabref\logic\preferences\FetcherApiKey.java,0.07322868619646344,3459.17236328125,preferences,3459.17236328125
jabref\src\main\java\org\jabref\logic\pdf\search\indexing\DocumentReader.java,0.1167679922921317,0.0,model,0.1167679922921317
jabref\src\test\java\org\jabref\model\strings\StringUtilTest.java,2838.126907348633,0.03531750270298549,model,2838.126907348633
jabref\src\main\java\org\jabref\logic\importer\fileformat\PdfMergeMetadataImporter.java,0.14766787120274136,0.02964067118508475,model,0.14766787120274136
jabref\src\main\java\org\jabref\gui\preferences\groups\GroupsTab.java,0.028577024596078054,3363.6366653442383,preferences,3363.6366653442383
jabref\src\main\java\org\jabref\logic\layout\format\Replace.java,0.0733931405203683,0.0,model,0.0733931405203683
jabref\src\test\java\org\jabref\gui\autocompleter\AppendPersonNamesStrategyTest.java,0.028577256202697753,0.0,model,0.028577256202697753
jabref\src\test\java\org\jabref\gui\entryeditor\SourceTabTest.java,0.10218349184308734,0.0,model,0.10218349184308734
jabref\src\test\java\org\jabref\logic\shared\SynchronizationSimulatorTest.java,0.09687012944902693,0.0,model,0.09687012944902693
jabref\src\main\java\org\jabref\logic\util\BuildInfo.java,0.09990790912083217,0.0,model,0.09990790912083217
jabref\src\main\java\org\jabref\logic\exporter\AtomicFileOutputStream.java,0.7112034388950893,0.008023662226540702,model,0.7112034388950893
jabref\src\test\java\org\jabref\model\groups\AutomaticKeywordGroupTest.java,3048.9987564086914,0.01695374250411987,model,3048.9987564086914
jabref\src\main\java\org\jabref\gui\edit\automaticfiededitor\AutomaticFieldEditorDialog.java,0.072809294291905,0.0,model,0.072809294291905
jabref\src\main\java\org\jabref\logic\exporter\BibWriter.java,0.07312088693891253,0.0,model,0.07312088693891253
jabref\src\test\java\org\jabref\testutils\interactive\styletester\StyleTesterView.java,0.028576810019356864,0.0,model,0.028576810019356864
jabref\src\main\java\org\jabref\logic\citationstyle\JabRefLocaleProvider.java,0.07328313418797085,0.0,model,0.07328313418797085
jabref\src\main\java\org\jabref\logic\bst\util\BstNameFormatter.java,0.15270163672310966,0.014480173587799072,model,0.15270163672310966
jabref\src\test\java\org\jabref\gui\edit\ManageKeywordsViewModelTest.java,130.09676933288574,0.02212989330291748,model,130.09676933288574
jabref\src\main\java\org\jabref\logic\shared\security\Password.java,0.07207046917506627,0.0,model,0.07207046917506627
jabref\src\main\java\org\jabref\model\strings\UnicodeToReadableCharMap.java,2207.0250129699707,0.0,model,2207.0250129699707
jabref\src\main\java\org\jabref\logic\importer\fetcher\LibraryOfCongress.java,0.0733931405203683,0.0,model,0.0733931405203683
jabref\src\main\java\org\jabref\logic\util\io\FileUtil.java,0.14146178109305246,0.023894446236746653,model,0.14146178109305246
jabref\src\main\java\org\jabref\logic\importer\fileformat\BibtexImporter.java,0.08612414768763951,0.03224280221121652,model,0.08612414768763951
jabref\src\test\java\org\jabref\gui\theme\ThemeTest.java,0.047477926526750834,0.0,model,0.047477926526750834
jabref\src\main\java\org\jabref\gui\journals\UndoableAbbreviator.java,0.057148041043962754,0.0,model,0.057148041043962754
jabref\src\main\java\org\jabref\logic\bibtex\comparator\EntryComparator.java,0.10270577839442661,0.0,model,0.10270577839442661
jabref\src\main\java\org\jabref\gui\preferences\entryeditor\EntryEditorTabViewModel.java,70.00536561012268,2899.95662689209,preferences,2899.95662689209
jabref\src\main\java\org\jabref\gui\remote\CLIMessageHandler.java,0.9914861406598773,1.0,preferences,1.0
jabref\src\main\java\org\jabref\logic\importer\fetcher\transformers\SpringerQueryTransformer.java,0.09830725533621652,0.0,model,0.09830725533621652
jabref\src\main\java\org\jabref\model\entry\field\FieldProperty.java,3262.907257080078,0.0,model,3262.907257080078
jabref\src\main\java\org\jabref\gui\slr\EditExistingStudyAction.java,0.07789000783647809,0.04359402656555176,model,0.07789000783647809
jabref\src\main\java\org\jabref\logic\layout\format\RemoveTilde.java,0.07317460605076381,0.0,model,0.07317460605076381
jabref\src\main\java\org\jabref\model\openoffice\style\CitationMarkerNormEntry.java,3297.7951049804688,0.0,model,3297.7951049804688
jabref\src\main\java\org\jabref\logic\formatter\bibtexfields\RemoveNewlinesFormatter.java,0.0942810194832938,0.0,model,0.0942810194832938
jabref\src\main\java\org\jabref\logic\formatter\bibtexfields\ClearFormatter.java,0.07350466591971261,0.0,model,0.07350466591971261
jabref\src\main\java\org\jabref\logic\shared\DatabaseNotSupportedException.java,0.2039585522242955,0.0,model,0.2039585522242955
jabref\src\main\java\org\jabref\gui\groups\UndoableModifySubtree.java,0.02857691560472761,0.0,model,0.02857691560472761
jabref\src\test\java\org\jabref\logic\formatter\bibtexfields\ShortenDOIFormatterTest.java,0.07350466591971261,0.0,model,0.07350466591971261
jabref\src\main\java\org\jabref\logic\xmp\DublinCoreExtractor.java,0.11816928046090262,0.0,model,0.11816928046090262
jabref\src\main\java\org\jabref\logic\importer\fileformat\medline\ArticleId.java,0.0741161891392299,0.0,model,0.0741161891392299
jabref\src\test\java\org\jabref\logic\layout\format\AuthorOrgSciTest.java,0.07135843549455916,0.0,model,0.07135843549455916
jabref\src\main\java\org\jabref\gui\mergeentries\newmergedialog\GroupDiffMode.java,0.028577440125601632,0.0,model,0.028577440125601632
jabref\src\test\java\org\jabref\logic\bibtex\comparator\MetaDataDiffTest.java,0.09776379040309362,0.0,model,0.09776379040309362
jabref\src\main\java\org\jabref\gui\help\HelpAction.java,0.028577235766819545,0.0,model,0.028577235766819545
jabref\src\test\java\org\jabref\logic\importer\fetcher\transformers\JstorQueryTransformerTest.java,0.0722597667149135,0.0,model,0.0722597667149135
jabref\src\main\java\org\jabref\gui\menus\FileHistoryMenu.java,0.08237806728907994,0.0,model,0.08237806728907994
jabref\src\main\java\org\jabref\model\groups\GroupEntryChanger.java,3214.17423248291,0.0,model,3214.17423248291
jabref\src\main\java\org\jabref\logic\bibtex\comparator\FieldComparator.java,0.06920147623334612,0.0,model,0.06920147623334612
jabref\src\test\java\org\jabref\logic\importer\fetcher\isbntobibtex\DoiToBibtexConverterComIsbnFetcherTest.java,0.11983979088919504,0.0,model,0.11983979088919504
jabref\src\main\java\org\jabref\gui\fieldeditors\WriteMetadataToPdfCommand.java,0.08006537301199777,2.996608407156808,preferences,2.996608407156808
jabref\src\main\java\org\jabref\logic\layout\format\GetOpenOfficeType.java,0.07265313693455287,0.0,model,0.07265313693455287
jabref\src\test\java\org\jabref\logic\importer\fileformat\PdfEmbeddedBibFileImporterTest.java,0.09223814691816057,0.06557682582310267,model,0.09223814691816057
jabref\src\main\java\org\jabref\gui\externalfiles\AutoSetFileLinksUtil.java,0.07653433935982841,0.0,model,0.07653433935982841
jabref\src\main\java\org\jabref\model\TreeNode.java,2947.3785400390625,0.011614137036459787,model,2947.3785400390625
jabref\src\main\java\org\jabref\logic\layout\format\AuthorFirstAbbrLastOxfordCommas.java,0.07402604648045132,0.0,model,0.07402604648045132
jabref\src\test\java\org\jabref\logic\formatter\casechanger\SentenceCaseFormatterTest.java,0.0710272925240653,0.026867284093584333,model,0.0710272925240653
jabref\src\main\java\org\jabref\logic\importer\FetcherClientException.java,0.07379027775355748,0.0,model,0.07379027775355748
jabref\src\test\java\org\jabref\logic\exporter\DocbookExporterTest.java,0.11819438934326172,0.0,model,0.11819438934326172
jabref\src\main\java\org\jabref\gui\autocompleter\StringSuggestionProvider.java,0.028577256202697753,0.0,model,0.028577256202697753
jabref\src\test\java\org\jabref\gui\fieldeditors\LinkedFilesEditorViewModelTest.java,74.65802550315857,1.0,model,74.65802550315857
jabref\src\main\java\org\jabref\gui\autocompleter\ReplaceStrategy.java,0.028577474185398646,0.0,model,0.028577474185398646
jabref\src\main\java\org\jabref\logic\cleanup\TimeStampToModificationDate.java,0.11762587683541434,0.0,model,0.11762587683541434
jabref\src\main\java\org\jabref\model\openoffice\uno\UnoTextDocument.java,2963.6646270751953,0.0,model,2963.6646270751953
jabref\src\main\java\org\jabref\gui\preferences\importexport\ImportExportTabViewModel.java,35.00468969345093,2723.4310913085938,preferences,2723.4310913085938
jabref\src\main\java\org\jabref\logic\net\ProxyAuthenticator.java,0.0730675220489502,0.07574635914393833,preferences,0.07574635914393833
jabref\src\test\java\org\jabref\logic\integrity\AmpersandCheckerTest.java,0.6182851518903459,0.0,model,0.6182851518903459
jabref\src\main\java\org\jabref\gui\groups\GroupTreeView.java,2.8287887573242188,1.0,model,2.8287887573242188
jabref\src\main\java\org\jabref\gui\fieldeditors\PersonsEditor.java,0.028576881544930596,2.8503123692103793,preferences,2.8503123692103793
jabref\src\main\java\org\jabref\model\openoffice\ootext\OOTextIntoOO.java,1949.7100448608398,0.014063713380268641,model,1949.7100448608398
jabref\src\main\java\org\jabref\logic\importer\fileformat\SilverPlatterImporter.java,0.06717240469796316,0.0,model,0.06717240469796316
jabref\src\test\java\org\jabref\logic\importer\FulltextFetchersTest.java,0.07086744308471679,0.016140144211905343,model,0.07086744308471679
jabref\src\main\java\org\jabref\gui\openoffice\AdvancedCiteDialogView.java,0.06369943618774414,0.021293013436453682,model,0.06369943618774414
jabref\src\main\java\org\jabref\gui\icon\InternalMaterialDesignIcon.java,0.5559443337576729,0.0,model,0.5559443337576729
jabref\src\main\java\org\jabref\logic\externalfiles\LinkedFileHandler.java,1.3941204616001674,0.0,model,1.3941204616001674
jabref\src\main\java\org\jabref\logic\util\io\FileNameUniqueness.java,0.09105129923139299,0.0,model,0.09105129923139299
jabref\src\main\java\org\jabref\model\entry\Month.java,2766.709518432617,0.012153278929846627,model,2766.709518432617
jabref\src\test\java\org\jabref\logic\importer\fileformat\MsBibImporterTest.java,0.09297473771231515,0.0,model,0.09297473771231515
jabref\src\main\java\org\jabref\gui\mergeentries\newmergedialog\fieldsmerger\KeywordMerger.java,0.028577256202697753,0.0,model,0.028577256202697753
jabref\src\test\java\org\jabref\logic\integrity\BibStringCheckerTest.java,0.07188585826328822,0.0,model,0.07188585826328822
jabref\src\main\java\org\jabref\gui\exporter\CreateModifyExporterDialogViewModel.java,74.45006847381592,2.996608407156808,model,74.45006847381592
jabref\src\main\java\org\jabref\logic\importer\fetcher\ScienceDirect.java,0.5249284471784319,0.15267222268240793,model,0.5249284471784319
jabref\src\test\java\org\jabref\model\entry\BibEntryTypesManagerTest.java,4232.972984313965,0.0,model,4232.972984313965
jabref\src\main\java\org\jabref\gui\externalfiles\AutoLinkFilesAction.java,0.6039120265415736,2.8986842564174107,preferences,2.8986842564174107
jabref\src\test\java\org\jabref\logic\cleanup\ISSNCleanupTest.java,0.07188585826328822,0.0,model,0.07188585826328822
jabref\src\test\java\org\jabref\logic\importer\fetcher\ACMPortalFetcherTest.java,0.7993646349225726,0.0,model,0.7993646349225726
jabref\src\test\java\org\jabref\logic\integrity\YearCheckerTest.java,0.13113543646676198,0.0,model,0.13113543646676198
jabref\src\test\java\org\jabref\logic\util\io\RegExpBasedFileFinderTest.java,1.6412490844726562,0.0,model,1.6412490844726562
jabref\src\main\java\org\jabref\model\openoffice\style\CitationMarkerNumericBibEntry.java,3297.7951049804688,0.0,model,3297.7951049804688
jabref\src\main\java\org\jabref\logic\integrity\CitationKeyChecker.java,0.07285759789603097,0.0,model,0.07285759789603097
jabref\src\main\java\org\jabref\logic\layout\format\AuthorFirstFirst.java,0.07405599185398647,0.0,model,0.07405599185398647
jabref\src\main\java\org\jabref\gui\collab\groupchange\GroupChange.java,0.07573300089154925,0.0,model,0.07573300089154925
jabref\src\main\java\org\jabref\gui\importer\ParserResultWarningDialog.java,0.05714823859078544,0.0,model,0.05714823859078544
jabref\src\main\java\org\jabref\model\search\SearchMatcher.java,3305.087661743164,0.0,model,3305.087661743164
jabref\src\main\java\org\jabref\gui\fieldeditors\OwnerEditor.java,0.028576953070504323,2.867708696637835,preferences,2.867708696637835
jabref\src\main\java\org\jabref\logic\importer\fetcher\BibsonomyScraper.java,0.0723562240600586,0.0,model,0.0723562240600586
jabref\src\test\java\org\jabref\logic\importer\fetcher\IacrEprintFetcherTest.java,0.18848085403442383,0.0048500282423836845,model,0.18848085403442383
jabref\src\main\java\org\jabref\gui\groups\GroupNodeViewModel.java,70.00397205352783,1.008995601109096,model,70.00397205352783
jabref\src\main\java\org\jabref\model\entry\identifier\ArXivIdentifier.java,2832.409553527832,0.0,model,2832.409553527832
jabref\src\main\java\org\jabref\logic\msbib\MSBibConverter.java,0.07553809029715401,0.010927081108093262,model,0.07553809029715401
jabref\src\main\java\org\jabref\gui\groups\GroupDialogView.java,0.1196469715663365,1.008239964076451,preferences,1.008239964076451
jabref\src\main\java\org\jabref\gui\edit\automaticfiededitor\AutomaticFieldEditorAction.java,0.028577286856515068,0.02857142857142857,model,0.028577286856515068
jabref\src\test\java\org\jabref\logic\layout\format\AuthorAndsReplacerTest.java,0.0723562240600586,0.0,model,0.0723562240600586
jabref\src\test\java\org\jabref\logic\importer\fileformat\BiblioscapeImporterTypesTest.java,0.1840794563293457,0.0,model,0.1840794563293457
jabref\src\test\java\org\jabref\gui\fieldeditors\LinkedFileViewModelTest.java,134.5011007785797,2.852538844517299,model,134.5011007785797
jabref\src\main\java\org\jabref\logic\importer\fetcher\transformers\CollectionOfComputerScienceBibliographiesQueryTransformer.java,0.07328313418797085,0.0,model,0.07328313418797085
jabref\src\main\java\org\jabref\gui\importer\GenerateEntryFromIdDialog.java,0.028576810019356864,1.0,preferences,1.0
jabref\src\test\java\org\jabref\logic\layout\format\OrdinalTest.java,0.07152999469212123,0.02916426658630371,model,0.07152999469212123
jabref\src\test\java\org\jabref\logic\openoffice\style\StyleLoaderTest.java,0.08515357971191406,3.1022391183035714,preferences,3.1022391183035714
jabref\src\main\java\org\jabref\gui\mergeentries\newmergedialog\diffhighlighter\UnifiedDiffHighlighter.java,0.05026943343026297,0.0,model,0.05026943343026297
jabref\src\test\java\org\jabref\model\database\BibDatabaseTest.java,2561.0546112060547,0.00591952885900225,model,2561.0546112060547
jabref\src\main\java\org\jabref\logic\layout\format\AuthorLF_FF.java,0.07393685068402972,0.0,model,0.07393685068402972
jabref\src\main\java\org\jabref\gui\externalfiletype\UnknownExternalFileType.java,0.02857726642063686,0.0,model,0.02857726642063686
jabref\src\main\java\org\jabref\gui\autocompleter\AutoCompletionInput.java,0.028577429907662526,0.0,model,0.028577429907662526
jabref\src\test\java\org\jabref\logic\integrity\HowPublishedCheckerTest.java,0.14894415991646903,0.0,model,0.14894415991646903
jabref\src\main\java\org\jabref\model\entry\BibEntry.java,2005.8350944519043,0.43369595663888116,model,2005.8350944519043
jabref\src\main\java\org\jabref\gui\menus\ChangeEntryTypeMenu.java,0.08613425663539341,0.0,model,0.08613425663539341
jabref\src\main\java\org\jabref\logic\integrity\FieldChecker.java,0.07317460605076381,0.0,model,0.07317460605076381
jabref\src\main\java\org\jabref\model\texparser\Citation.java,2916.718292236328,0.0,model,2916.718292236328
jabref\src\main\java\org\jabref\gui\preferences\protectedterms\ProtectedTermsTab.java,0.13716257640293666,2812.081184387207,preferences,2812.081184387207
jabref\src\main\java\org\jabref\logic\integrity\TitleChecker.java,0.10122456550598144,0.0,model,0.10122456550598144
jabref\src\main\java\org\jabref\logic\pdf\search\indexing\IndexingTaskManager.java,0.12114917210170201,0.014430294718061175,model,0.12114917210170201
jabref\src\main\java\org\jabref\gui\autocompleter\EmptySuggestionProvider.java,0.028577286856515068,0.0,model,0.028577286856515068
jabref\src\main\java\org\jabref\gui\preferences\keybindings\presets\BashKeyBindingPreset.java,0.0779639652797154,3196.6838455200195,preferences,3196.6838455200195
jabref\src\main\java\org\jabref\gui\mergeentries\newmergedialog\cell\HeaderCell.java,0.02857715742928641,0.0,model,0.02857715742928641
jabref\src\test\java\org\jabref\logic\l10n\LanguageTest.java,0.07350466591971261,0.0,model,0.07350466591971261
jabref\src\main\java\org\jabref\logic\exporter\OpenOfficeDocumentCreator.java,0.14583804266793388,0.0,model,0.14583804266793388
jabref\src\main\java\org\jabref\gui\util\RecursiveTreeItem.java,0.8476049150739398,0.0,model,0.8476049150739398
jabref\src\main\java\org\jabref\gui\desktop\os\DefaultDesktop.java,0.08284544263567244,0.08413054602486747,preferences,0.08413054602486747
jabref\src\main\java\org\jabref\model\groups\event\GroupUpdatedEvent.java,3343.925132751465,0.0,model,3343.925132751465
jabref\src\main\java\org\jabref\logic\importer\fetcher\ComplexSearchQuery.java,0.07391382626124791,0.02304412637438093,model,0.07391382626124791
jabref\src\main\java\org\jabref\logic\cleanup\CleanupWorker.java,0.09992986406598772,0.0,model,0.09992986406598772
jabref\src\test\java\org\jabref\logic\importer\fetcher\DoiFetcherTest.java,1.7594395228794644,0.0,model,1.7594395228794644
jabref\src\main\java\org\jabref\logic\citationkeypattern\CitationKeyPatternPreferences.java,0.07026322228567941,22.89307028055191,preferences,22.89307028055191
jabref\src\main\java\org\jabref\logic\util\io\FileHistory.java,0.09607689721243722,0.012047415120261057,model,0.09607689721243722
jabref\src\main\java\org\jabref\gui\entryeditor\fileannotationtab\FileAnnotationViewModel.java,86.98349952697754,0.017429866109575545,model,86.98349952697754
jabref\src\test\java\org\jabref\logic\importer\fileformat\PdfMergeMetadataImporterTest.java,0.11762394223894392,0.014939791815621512,model,0.11762394223894392
jabref\src\main\java\org\jabref\logic\exporter\SaveException.java,0.07153085981096541,0.0,model,0.07153085981096541
jabref\src\main\java\org\jabref\logic\msbib\MSBibEntryType.java,0.07384860174996512,0.023327955177852085,model,0.07384860174996512
jabref\src\main\java\org\jabref\model\openoffice\rangesort\RangeOverlapKind.java,3301.43497467041,0.0,model,3301.43497467041
jabref\src\test\java\org\jabref\model\entry\AuthorTest.java,2832.409553527832,0.0,model,2832.409553527832
jabref\src\main\java\org\jabref\logic\bst\util\BstTextPrefixer.java,0.0723562240600586,0.024921022142682756,model,0.0723562240600586
jabref\src\main\java\org\jabref\gui\importer\actions\OpenDatabaseAction.java,0.07917537008013044,1.0,preferences,1.0
jabref\src\main\java\org\jabref\logic\undo\AddUndoableActionEvent.java,0.07402604648045132,0.0,model,0.07402604648045132
jabref\src\main\java\org\jabref\logic\importer\fetcher\isbntobibtex\IsbnFetcher.java,0.070558534349714,0.0,model,0.070558534349714
jabref\src\test\java\org\jabref\logic\cleanup\TimeStampToModificationDateTest.java,0.070558534349714,0.0,model,0.070558534349714
jabref\src\main\java\org\jabref\logic\importer\fetcher\MrDLibFetcher.java,0.09883465085710798,2.9021447317940847,preferences,2.9021447317940847
jabref\src\main\java\org\jabref\model\entry\types\BiblatexAPAEntryTypeDefinitions.java,2982.562789916992,0.0,model,2982.562789916992
jabref\src\main\java\org\jabref\model\openoffice\uno\UnoScreenRefresh.java,3255.1089477539062,0.0,model,3255.1089477539062
jabref\src\main\java\org\jabref\preferences\FilePreferences.java,0.05041663646697998,3208.9674377441406,preferences,3208.9674377441406
jabref\src\main\java\org\jabref\cli\SystemOutputPrinter.java,0.028577303886413573,0.0,model,0.028577303886413573
jabref\src\main\java\org\jabref\model\groups\SearchGroup.java,2984.225845336914,0.0,model,2984.225845336914
jabref\src\test\java\org\jabref\logic\importer\fetcher\FulltextFetcherTest.java,0.07328313418797085,0.013269681589944023,model,0.07328313418797085
jabref\src\main\java\org\jabref\gui\preferences\externalfiletypes\EditExternalFileTypeEntryDialog.java,0.08042856625148229,3159.613571166992,preferences,3159.613571166992
jabref\src\main\java\org\jabref\gui\actions\ActionFactory.java,0.7016895294189454,0.0,model,0.7016895294189454
jabref\src\main\java\org\jabref\logic\importer\fileformat\EndnoteXmlImporter.java,0.17777382986886162,2.262098911830357,preferences,2.262098911830357
jabref\src\main\java\org\jabref\gui\fieldeditors\DateEditorViewModel.java,77.41543173789978,0.0,model,77.41543173789978
jabref\src\test\java\org\jabref\logic\importer\fetcher\transformers\InfixTransformerTest.java,0.06896235602242606,0.0,model,0.06896235602242606
jabref\src\main\java\org\jabref\gui\maintable\OpenExternalFileAction.java,0.09850039482116699,1.0285714285714285,preferences,1.0285714285714285
jabref\src\main\java\org\jabref\logic\importer\fileformat\mods\Name.java,0.890392575945173,0.0,model,0.890392575945173
jabref\src\main\java\org\jabref\logic\layout\format\ShortMonthFormatter.java,0.07381938525608607,0.0,model,0.07381938525608607
jabref\src\test\java\org\jabref\model\groups\TexGroupTest.java,3177.8561782836914,0.09154180799211775,model,3177.8561782836914
jabref\src\main\java\org\jabref\gui\edit\automaticfiededitor\AutomaticFieldEditorViewModel.java,70.00694274902344,0.0,model,70.00694274902344
jabref\src\main\java\org\jabref\gui\preferences\journals\AbbreviationViewModel.java,35.00598728656769,3113.3505630493164,preferences,3113.3505630493164
jabref\src\main\java\org\jabref\gui\externalfiles\UnlinkedFilesCrawler.java,0.10471889632088797,0.0,model,0.10471889632088797
jabref\src\main\java\org\jabref\logic\crawler\Crawler.java,0.08922514915466309,1.021292986188616,preferences,1.021292986188616
jabref\src\main\java\org\jabref\gui\fieldeditors\UrlEditorViewModel.java,35.00685513019562,0.0,model,35.00685513019562
jabref\src\test\java\org\jabref\model\entry\field\FieldFactoryTest.java,3186.6889572143555,0.0,model,3186.6889572143555
jabref\src\main\java\org\jabref\gui\desktop\os\Windows.java,0.07801575660705566,0.05735030855451311,model,0.07801575660705566
jabref\src\test\java\org\jabref\logic\shared\DBMSProcessorTest.java,0.10446879523141044,0.0,model,0.10446879523141044
jabref\src\test\java\org\jabref\logic\exporter\FieldFormatterCleanupsTest.java,0.064647000176566,0.0,model,0.064647000176566
jabref\src\main\java\org\jabref\model\openoffice\style\CompareCitation.java,3207.514533996582,0.0,model,3207.514533996582
jabref\src\test\java\org\jabref\gui\preferences\keybindings\KeyBindingViewModelTest.java,35.00672161579132,3337.2347259521484,preferences,3337.2347259521484
jabref\src\main\java\org\jabref\gui\edit\automaticfiededitor\renamefield\RenameFieldTabView.java,0.09126533099583217,0.0,model,0.09126533099583217
jabref\src\test\java\org\jabref\logic\util\io\FileHistoryTest.java,0.09510397229875837,0.0,model,0.09510397229875837
jabref\src\main\java\org\jabref\model\openoffice\uno\UnoCursor.java,3155.8279037475586,0.0,model,3155.8279037475586
jabref\src\main\java\org\jabref\gui\collab\entrychange\EntryChangeResolver.java,0.05714881760733468,0.0,model,0.05714881760733468
jabref\src\main\java\org\jabref\logic\importer\fetcher\transformers\GVKQueryTransformer.java,0.09159777505057198,0.051491406985691615,model,0.09159777505057198
jabref\src\main\java\org\jabref\gui\fieldeditors\YesNoEditorViewModel.java,35.00713884830475,0.0,model,35.00713884830475
jabref\src\main\java\org\jabref\gui\preferences\journals\JournalAbbreviationsTab.java,0.04929755755833217,2602.0643615722656,preferences,2602.0643615722656
jabref\src\main\java\org\jabref\gui\preferences\xmp\XmpPrivacyTab.java,0.08126147815159389,2972.1075439453125,preferences,2972.1075439453125
jabref\src\test\java\org\jabref\logic\cleanup\MoveFilesCleanupTest.java,0.11924249104091099,0.017615015166146414,model,0.11924249104091099
jabref\src\test\java\org\jabref\logic\importer\fetcher\ACSTest.java,0.0723562240600586,0.0,model,0.0723562240600586
jabref\src\main\java\org\jabref\model\entry\field\UnknownField.java,3118.8283920288086,0.01242902704647609,model,3118.8283920288086
jabref\src\main\java\org\jabref\gui\importer\fetcher\LookupIdentifierAction.java,0.6589485168457031,0.02857142857142857,model,0.6589485168457031
jabref\src\main\java\org\jabref\logic\importer\fetcher\GvkFetcher.java,0.07265313693455287,0.0,model,0.07265313693455287
jabref\src\main\java\org\jabref\logic\integrity\BibStringChecker.java,0.07285759789603097,0.0,model,0.07285759789603097
jabref\src\main\java\org\jabref\gui\auximport\FromAuxDialog.java,0.07153196334838867,2.5247297014508927,preferences,2.5247297014508927
jabref\src\main\java\org\jabref\logic\formatter\casechanger\SentenceCaseFormatter.java,0.07275469643729074,0.0,model,0.07275469643729074
jabref\src\test\java\org\jabref\logic\importer\fileformat\PdfContentImporterTest.java,0.22934603009905133,0.05422392232077462,model,0.22934603009905133
jabref\src\main\java\org\jabref\gui\fieldeditors\LinkedEntriesEditor.java,0.0939204284123012,0.0,model,0.0939204284123012
jabref\src\main\java\org\jabref\gui\util\ViewModelTreeCellFactory.java,739.96413230896,0.0,model,739.96413230896
jabref\src\main\java\org\jabref\migrations\CustomEntryTypePreferenceMigration.java,0.028576431955610004,0.0,model,0.028576431955610004
jabref\src\test\java\org\jabref\logic\importer\fetcher\OpenAccessDoiTest.java,0.07275469643729074,0.0,model,0.07275469643729074
jabref\src\main\java\org\jabref\gui\fieldeditors\PaginationEditorViewModel.java,35.0067675113678,0.0,model,35.0067675113678
jabref\src\test\java\org\jabref\logic\shared\DBMSConnectionPropertiesTest.java,0.07285846301487514,0.07512448174612862,preferences,0.07512448174612862
jabref\src\main\java\org\jabref\gui\mergeentries\newmergedialog\PersonsNameFieldRowView.java,0.028576881544930596,0.012171989679336548,model,0.028576881544930596
jabref\src\main\java\org\jabref\logic\importer\util\GrobidService.java,0.9777268545968192,0.037497946194240024,model,0.9777268545968192
jabref\src\main\java\org\jabref\logic\layout\LayoutEntry.java,0.16744303022112164,2.720337568010603,preferences,2.720337568010603
jabref\src\main\java\org\jabref\logic\exporter\OpenDocumentRepresentation.java,0.10775649206978934,0.008570129530770437,model,0.10775649206978934
jabref\src\test\java\org\jabref\logic\protectedterms\ProtectedTermsListTest.java,0.10652147701808384,0.0,model,0.10652147701808384
jabref\src\main\java\org\jabref\logic\importer\Parser.java,0.10239081382751465,0.0,model,0.10239081382751465
jabref\src\main\java\org\jabref\logic\exporter\BibDatabaseWriter.java,0.5343595777239118,2.7072723388671873,preferences,2.7072723388671873
jabref\src\test\java\org\jabref\logic\importer\fetcher\INSPIREFetcherTest.java,0.07889887264796666,0.0,model,0.07889887264796666
jabref\src\main\java\org\jabref\logic\importer\fileformat\IsiImporter.java,0.16264711107526506,0.0,model,0.16264711107526506
jabref\src\main\java\org\jabref\logic\layout\format\ReplaceUnicodeLigaturesFormatter.java,0.10666298185076033,0.04854164464133126,model,0.10666298185076033
jabref\src\main\java\org\jabref\gui\push\AbstractPushToApplication.java,0.09778058188302176,2.367311532156808,preferences,2.367311532156808
jabref\src\test\java\org\jabref\logic\citationkeypattern\BracketedPatternTest.java,1.7407667977469308,0.006560516357421875,model,1.7407667977469308
jabref\src\test\java\org\jabref\logic\formatter\bibtexfields\EscapeDollarSignFormatterTest.java,0.12178773880004883,0.0,model,0.12178773880004883
jabref\src\main\java\org\jabref\logic\openoffice\frontend\UpdateBibliography.java,0.07086744308471679,0.0,model,0.07086744308471679
jabref\src\main\java\org\jabref\gui\shared\ConnectToSharedDatabaseCommand.java,0.0285773686000279,0.0,model,0.0285773686000279
jabref\src\main\java\org\jabref\gui\entryeditor\EntryEditor.java,1.4199375697544643,1.0334214346749442,model,1.4199375697544643
jabref\src\test\java\org\jabref\logic\net\URLUtilTest.java,0.0717057500566755,0.0,model,0.0717057500566755
jabref\src\main\java\org\jabref\gui\preferences\linkedfiles\LinkedFilesTabViewModel.java,61.173149943351746,3412.977180480957,preferences,3412.977180480957
jabref\src\main\java\org\jabref\gui\copyfiles\CopyFilesResultListDependency.java,0.028577378817967007,0.0,model,0.028577378817967007
jabref\src\test\java\org\jabref\logic\formatter\minifier\MinifyNameListFormatterTest.java,0.07188585826328822,0.0,model,0.07188585826328822
jabref\src\main\java\org\jabref\logic\exporter\OpenDocumentSpreadsheetCreator.java,0.13185736792428152,0.0,model,0.13185736792428152
jabref\src\main\java\org\jabref\model\pdf\FileAnnotation.java,2787.0712661743164,0.0,model,2787.0712661743164
jabref\src\main\java\org\jabref\gui\entryeditor\EntryEditorPreferences.java,0.028576316152300153,22.783329784870148,preferences,22.783329784870148
jabref\src\main\java\org\jabref\logic\bibtex\FieldContentFormatter.java,0.0730675220489502,2.903501456124442,preferences,2.903501456124442
jabref\src\main\java\org\jabref\logic\integrity\FileChecker.java,0.09205891745431083,0.0,model,0.09205891745431083
jabref\src\main\java\org\jabref\logic\importer\util\GroupsParser.java,0.15494917460850308,0.0,model,0.15494917460850308
jabref\src\main\java\org\jabref\logic\integrity\BooktitleChecker.java,0.07350466591971261,0.05302019119262695,model,0.07350466591971261
jabref\src\test\java\org\jabref\logic\importer\fileformat\MedlineImporterTest.java,0.07328313418797085,0.0,model,0.07328313418797085
jabref\src\main\java\org\jabref\gui\edit\ManageKeywordsAction.java,0.047206272397722515,0.02857142857142857,model,0.047206272397722515
jabref\src\main\java\org\jabref\gui\push\PushToApplication.java,0.05714875629970006,0.0,model,0.05714875629970006
jabref\src\main\java\org\jabref\gui\maintable\SearchShortScienceAction.java,0.20644712448120117,1.0285714285714285,preferences,1.0285714285714285
jabref\src\main\java\org\jabref\model\entry\types\UnknownEntryType.java,3168.490676879883,0.0,model,3168.490676879883
jabref\src\test\java\org\jabref\model\database\BibDatabaseModeDetectionTest.java,2936.0399627685547,0.0,model,2936.0399627685547
jabref\src\test\java\org\jabref\logic\remote\RemotePreferencesTest.java,0.0730675220489502,3854.5007705688477,preferences,3854.5007705688477
jabref\src\main\java\org\jabref\logic\citationstyle\CSLAdapter.java,0.22218750544956753,0.0,model,0.22218750544956753
jabref\src\main\java\org\jabref\logic\importer\fetcher\transformers\DBLPQueryTransformer.java,0.07328313418797085,0.0,model,0.07328313418797085
jabref\src\main\java\org\jabref\gui\maintable\PersistenceVisualStateTable.java,0.028576745305742536,3.0078870500837054,preferences,3.0078870500837054
jabref\src\main\java\org\jabref\gui\OpenConsoleAction.java,0.07655416216169085,1.0285714285714285,preferences,1.0285714285714285
jabref\src\main\java\org\jabref\gui\preferences\general\GeneralTabViewModel.java,1212.67915725708,2972.1075439453125,preferences,2972.1075439453125
jabref\src\main\java\org\jabref\gui\shared\SharedDatabaseLoginDialogView.java,0.12107035773141044,1.0685916355678013,preferences,1.0685916355678013
jabref\src\main\java\org\jabref\gui\WaitForSaveFinishedDialog.java,0.06049424580165318,0.0,model,0.06049424580165318
jabref\src\main\java\org\jabref\logic\journals\AbbreviationParser.java,0.08992620876857213,0.0,model,0.08992620876857213
jabref\src\main\java\org\jabref\model\openoffice\util\OOListUtil.java,3106.81396484375,0.0,model,3106.81396484375
jabref\src\jmh\java\org\jabref\benchmarks\Benchmarks.java,0.06789982659476144,0.02111722230911255,model,0.06789982659476144
jabref\src\main\java\org\jabref\gui\preferences\protectedterms\ProtectedTermsListItemModel.java,35.007038712501526,3421.548538208008,preferences,3421.548538208008
jabref\src\main\java\org\jabref\logic\importer\PagedSearchBasedParserFetcher.java,0.07152999469212123,0.0,model,0.07152999469212123
jabref\src\main\java\org\jabref\logic\openoffice\backend\Codec52.java,0.872178486415318,0.010261985233851842,model,0.872178486415318
jabref\src\main\java\org\jabref\gui\preferences\keybindings\KeyBindingsTab.java,0.0597726685660226,3050.7542037963867,preferences,3050.7542037963867
jabref\src\main\java\org\jabref\logic\util\io\CitationKeyBasedFileFinder.java,0.09413141523088728,0.014917959485735212,model,0.09413141523088728
jabref\src\main\java\org\jabref\logic\importer\fileformat\CitaviXmlImporter.java,0.2828401838030134,2.4959276471819196,preferences,2.4959276471819196
jabref\src\main\java\org\jabref\model\entry\identifier\DOI.java,2528.506202697754,0.04039632933480399,model,2528.506202697754
jabref\src\main\java\org\jabref\logic\integrity\FieldCheckers.java,0.11706671033586774,0.0,model,0.11706671033586774
jabref\src\main\java\org\jabref\logic\importer\fetcher\transformers\DefaultLuceneQueryTransformer.java,0.07322868619646344,0.0,model,0.07322868619646344
jabref\src\main\java\org\jabref\logic\bibtex\comparator\IdComparator.java,0.09733895574297224,0.0,model,0.09733895574297224
jabref\src\test\java\org\jabref\logic\layout\LayoutEntryTest.java,0.08653637341090611,0.0,model,0.08653637341090611
jabref\src\test\java\org\jabref\logic\bibtex\comparator\BibDatabaseDiffTest.java,0.1947671345302037,0.0,model,0.1947671345302037
jabref\src\main\java\org\jabref\gui\preferences\externalfiletypes\EditExternalFileTypeViewModel.java,705.7107448577881,3206.8806076049805,preferences,3206.8806076049805
jabref\src\test\java\org\jabref\logic\importer\ImportFormatReaderParameterlessTest.java,0.09329225676400321,0.0,model,0.09329225676400321
jabref\src\main\java\org\jabref\gui\autocompleter\AppendWordsStrategy.java,0.028577136993408202,0.0,model,0.028577136993408202
jabref\src\main\java\org\jabref\gui\push\PushToTexmaker.java,0.02857727663857596,1.0,preferences,1.0
jabref\src\main\java\org\jabref\gui\undo\UndoableKeyChange.java,0.028577024596078054,0.0,model,0.028577024596078054
jabref\src\main\java\org\jabref\logic\formatter\bibtexfields\RemoveBracesFormatter.java,0.0722597667149135,0.0,model,0.0722597667149135
jabref\src\main\java\org\jabref\gui\preferences\keybindings\KeyBindingsTabViewModel.java,110.6717836856842,3673.306770324707,preferences,3673.306770324707
jabref\src\main\java\org\jabref\logic\integrity\PersonNamesChecker.java,0.10083119528634207,0.0,model,0.10083119528634207
jabref\src\test\java\org\jabref\logic\crawler\StudyYamlParserTest.java,0.09161931446620396,0.0,model,0.09161931446620396
jabref\src\test\java\org\jabref\model\entry\MonthTest.java,1918.1684684753418,0.010888663360050746,model,1918.1684684753418
jabref\src\main\java\org\jabref\preferences\SidePanePreferences.java,0.02857706206185477,3396.9618606567383,preferences,3396.9618606567383
jabref\src\main\java\org\jabref\logic\exporter\BibtexDatabaseWriter.java,1.0196852547781807,0.02857142857142857,model,1.0196852547781807
jabref\src\test\java\org\jabref\logic\shared\DBMSTypeTest.java,0.09883465085710798,0.0,model,0.09883465085710798
jabref\src\main\java\org\jabref\gui\util\ViewModelListCellFactory.java,612.3681545257568,0.0,model,612.3681545257568
jabref\src\test\java\org\jabref\logic\formatter\bibtexfields\TrimWhitespaceFormatterTest.java,0.07119090897696359,0.0,model,0.07119090897696359
jabref\src\main\java\org\jabref\model\openoffice\uno\UnoUserDefinedProperty.java,2807.5152587890625,0.02857142857142857,model,2807.5152587890625
jabref\src\test\java\org\jabref\logic\bst\util\BstNameFormatterTest.java,0.11798572540283203,0.043591397149222236,model,0.11798572540283203
jabref\src\main\java\org\jabref\model\openoffice\style\Citation.java,2833.542823791504,0.0,model,2833.542823791504
jabref\src\main\java\org\jabref\gui\preferences\customentrytypes\CustomEntryTypesTab.java,1.2084075927734375,2427.992820739746,preferences,2427.992820739746
jabref\src\test\java\org\jabref\logic\importer\fetcher\transformers\CollectionOfComputerScienceBibliographiesQueryTransformerTest.java,0.0722597667149135,0.0,model,0.0722597667149135
jabref\src\test\java\org\jabref\model\database\KeyChangeListenerTest.java,3052.069854736328,0.0,model,3052.069854736328
jabref\src\main\java\org\jabref\model\openoffice\backend\NamedRangeManager.java,3231.0245513916016,0.0,model,3231.0245513916016
jabref\src\test\java\org\jabref\logic\shared\DBMSSynchronizerTest.java,0.09511134283883231,0.0,model,0.09511134283883231
jabref\src\main\java\org\jabref\gui\help\AboutDialogViewModel.java,35.00684678554535,0.016746762820652555,model,35.00684678554535
jabref\src\test\java\org\jabref\logic\integrity\PagesCheckerBibtexTest.java,0.1013261250087193,0.0,model,0.1013261250087193
jabref\src\main\java\org\jabref\model\entry\types\IEEETranEntryType.java,3181.32381439209,0.0,model,3181.32381439209
jabref\src\test\java\org\jabref\logic\bst\BstFunctionsTest.java,1.3728607177734375,0.03323027065822056,model,1.3728607177734375
jabref\src\main\java\org\jabref\gui\preferences\keybindings\KeyBindingViewModel.java,1242.3101425170898,3045.930595397949,preferences,3045.930595397949
jabref\src\main\java\org\jabref\logic\importer\FulltextFetchers.java,0.0943528311593192,0.012409518446241106,model,0.0943528311593192
jabref\src\main\java\org\jabref\logic\integrity\MonthChecker.java,0.10083119528634207,0.011925366946629115,model,0.10083119528634207
jabref\src\main\java\org\jabref\gui\util\ViewModelTextFieldTableCellVisualizationFactory.java,65.58326423168182,0.0,model,65.58326423168182
jabref\src\main\java\org\jabref\gui\texparser\ParseLatexAction.java,0.057148681368146624,0.02857142857142857,model,0.057148681368146624
jabref\src\main\java\org\jabref\gui\edit\ManageKeywordsDisplayType.java,0.02857752868107387,0.0,model,0.02857752868107387
jabref\src\main\java\org\jabref\logic\journals\JournalAbbreviationPreferences.java,0.0733931405203683,16.440691500902176,preferences,16.440691500902176
jabref\src\main\java\org\jabref\logic\bibtex\comparator\CrossRefEntryComparator.java,0.07350466591971261,0.0,model,0.07350466591971261
jabref\src\main\java\org\jabref\logic\bibtex\comparator\BibEntryDiff.java,0.07381938525608607,0.0,model,0.07381938525608607
jabref\src\main\java\org\jabref\model\openoffice\style\ComparableCitation.java,3297.7951049804688,0.0,model,3297.7951049804688
jabref\src\test\java\org\jabref\logic\importer\fileformat\CopacImporterTest.java,0.0953510080065046,0.0,model,0.0953510080065046
jabref\src\main\java\org\jabref\gui\mergeentries\newmergedialog\cell\FieldValueCellViewModel.java,35.00694692134857,0.016919175216129848,model,35.00694692134857
jabref\src\test\java\org\jabref\gui\autocompleter\PersonNameSuggestionProviderTest.java,0.06588360922677176,0.0,model,0.06588360922677176
jabref\src\test\java\org\jabref\logic\importer\fetcher\BvbFetcherTest.java,0.6858978271484375,0.022564569541386196,model,0.6858978271484375
jabref\src\main\java\org\jabref\logic\importer\fileformat\MedlinePlainImporter.java,1.489848436628069,0.40983570643833706,model,1.489848436628069
jabref\src\test\java\org\jabref\logic\util\io\FileNameUniquenessTest.java,0.09124768120901926,0.0,model,0.09124768120901926
jabref\src\main\java\org\jabref\gui\openoffice\StyleSelectDialogView.java,0.06681013788495745,1.0,preferences,1.0
jabref\src\main\java\org\jabref\gui\importer\actions\MergeReviewIntoCommentConfirmationDialog.java,0.07315066201346261,0.0,model,0.07315066201346261
jabref\src\main\java\org\jabref\logic\net\ProxyRegisterer.java,0.08736973490033831,0.0,model,0.08736973490033831
jabref\src\main\java\org\jabref\gui\importer\fetcher\WebSearchPaneView.java,0.10445220811026437,2.8666634695870536,preferences,2.8666634695870536
jabref\src\main\java\org\jabref\gui\autocompleter\SuggestionProviders.java,0.057148381641932894,0.01242902704647609,model,0.057148381641932894
jabref\src\main\java\org\jabref\logic\formatter\bibtexfields\UnitsToLatexFormatter.java,0.3898331778390067,0.0,model,0.3898331778390067
jabref\src\test\java\org\jabref\logic\l10n\LocalizationTest.java,0.15799290793282644,2.1750174386160714,preferences,2.1750174386160714
jabref\src\main\java\org\jabref\gui\fieldeditors\FieldEditors.java,0.13258598872593472,3.0565259660993305,preferences,3.0565259660993305
jabref\src\main\java\org\jabref\logic\citationstyle\CitationStyle.java,0.7951095581054688,0.051627462250845774,model,0.7951095581054688
jabref\src\test\java\org\jabref\logic\layout\format\AuthorFirstAbbrLastCommasTest.java,0.0722597667149135,0.0,model,0.0722597667149135
jabref\src\main\java\org\jabref\logic\net\ssl\SSLPreferences.java,0.07393685068402972,0.0,model,0.07393685068402972
jabref\src\main\java\org\jabref\gui\autocompleter\ContentSelectorSuggestionProvider.java,0.028577194895063128,0.0,model,0.028577194895063128
jabref\src\test\java\org\jabref\logic\bst\util\BstPurifierTest.java,0.10778525216238839,0.061297001157488144,model,0.10778525216238839
jabref\src\test\java\org\jabref\model\groups\SearchGroupTest.java,2968.9881134033203,0.0,model,2968.9881134033203
jabref\src\main\java\org\jabref\preferences\JabRefPreferences.java,0.37038211822509765,3598.568344116211,preferences,3598.568344116211
jabref\src\test\java\org\jabref\logic\importer\fetcher\CollectionOfComputerScienceBibliographiesParserTest.java,0.07188585826328822,0.02654134546007429,model,0.07188585826328822
jabref\src\main\java\org\jabref\gui\preview\PreviewPanel.java,1.938342503138951,2.559297616141183,preferences,2.559297616141183
jabref\src\main\java\org\jabref\migrations\MergeReviewIntoCommentMigration.java,0.028576207160949708,0.02857142857142857,model,0.028576207160949708
jabref\src\main\java\org\jabref\gui\search\SearchDisplayMode.java,0.028577215330941336,0.0,model,0.028577215330941336
jabref\src\test\java\org\jabref\logic\importer\fileformat\PdfXmpImporterTest.java,0.20942538125174387,0.03597360338483538,model,0.20942538125174387
jabref\src\main\java\org\jabref\logic\importer\fileformat\PdfVerbatimBibTextImporter.java,0.15459756851196288,0.025911683695656912,model,0.15459756851196288
jabref\src\main\java\org\jabref\model\entry\KeywordList.java,2648.9642333984375,0.008023662226540702,model,2648.9642333984375
jabref\src\main\java\org\jabref\gui\undo\UndoableInsertString.java,0.02857715742928641,0.0,model,0.02857715742928641
jabref\src\main\java\org\jabref\logic\importer\fileformat\medline\MeshHeading.java,0.07408603940691266,0.0,model,0.07408603940691266
jabref\src\test\java\org\jabref\logic\journals\AbbreviationsTest.java,0.07358931132725306,0.0,model,0.07358931132725306
jabref\src\test\java\org\jabref\logic\l10n\JavaLocalizationEntryParserTest.java,1.0680068969726562,2.3559088570731026,preferences,2.3559088570731026
jabref\src\test\java\org\jabref\logic\importer\fileformat\MedlineImporterFilesTest.java,0.07188585826328822,0.0,model,0.07188585826328822
jabref\src\main\java\org\jabref\model\openoffice\style\CitedKeys.java,3077.244529724121,0.0,model,3077.244529724121
jabref\src\test\java\org\jabref\logic\bst\util\BstWidthCalculatorTest.java,0.10506282533918108,0.052289516585213795,model,0.10506282533918108
jabref\src\main\java\org\jabref\logic\texparser\LatexParser.java,0.09501546451023647,0.0,model,0.09501546451023647
jabref\src\main\java\org\jabref\gui\openoffice\DetectOpenOfficeInstallation.java,0.5926567077636719,0.019832403319222588,model,0.5926567077636719
jabref\src\main\java\org\jabref\logic\autosaveandbackup\BackupManager.java,0.16562038149152483,2.7950838361467634,preferences,2.7950838361467634
jabref\src\main\java\org\jabref\logic\importer\fetcher\SpringerFetcher.java,0.14615858622959682,0.02857142857142857,model,0.14615858622959682
jabref\src\main\java\org\jabref\model\util\TreeCollector.java,3817.7044677734375,0.009916201659611294,model,3817.7044677734375
jabref\src\main\java\org\jabref\gui\undo\UndoableInsertEntries.java,0.057148041043962754,0.0,model,0.057148041043962754
jabref\src\main\java\org\jabref\gui\groups\GroupDialogHeader.java,0.02857752868107387,0.0,model,0.02857752868107387
jabref\src\main\java\org\jabref\logic\formatter\bibtexfields\EscapeUnderscoresFormatter.java,0.07344871248517718,0.0,model,0.07344871248517718
jabref\src\main\java\org\jabref\gui\actions\ActionHelper.java,0.06891843250819615,1.0285714285714285,preferences,1.0285714285714285
jabref\src\main\java\org\jabref\logic\formatter\bibtexfields\RemoveHyphenatedNewlinesFormatter.java,0.09411102022443499,0.01946566104888916,model,0.09411102022443499
jabref\src\main\java\org\jabref\logic\importer\util\MetaDataParser.java,0.16111176354544504,0.07786602292742048,model,0.16111176354544504
jabref\src\main\java\org\jabref\logic\util\io\XMLUtil.java,1.835909162248884,0.0866046360560826,model,1.835909162248884
jabref\src\main\java\org\jabref\gui\importer\GrobidOptInDialogHelper.java,0.028577470779418947,3.0142979213169645,preferences,3.0142979213169645
jabref\src\main\java\org\jabref\gui\sidepane\SidePaneViewModel.java,35.00486493110657,1.0,model,35.00486493110657
jabref\src\main\java\org\jabref\logic\exporter\ExporterFactory.java,0.06829870087759836,1.0126221793038503,preferences,1.0126221793038503
jabref\src\test\java\org\jabref\logic\pdf\search\retrieval\PdfSearcherTest.java,0.12582668576921735,0.0,model,0.12582668576921735
jabref\src\main\java\org\jabref\model\openoffice\rangesort\RangeOverlap.java,3255.1089477539062,0.0,model,3255.1089477539062
jabref\src\main\java\org\jabref\logic\citationstyle\CitationStylePreviewLayout.java,0.10180011476789202,0.0,model,0.10180011476789202
jabref\src\main\java\org\jabref\model\openoffice\style\CompareCitedKey.java,3131.000099182129,0.0,model,3131.000099182129
jabref\src\main\java\org\jabref\logic\openoffice\backend\Backend52.java,0.16841340746198383,0.042069496427263535,model,0.16841340746198383
jabref\src\main\java\org\jabref\preferences\PreferencesFilter.java,0.028576316152300153,3647.670669555664,preferences,3647.670669555664
jabref\src\test\java\org\jabref\logic\journals\JournalAbbreviationRepositoryTest.java,0.08527956008911133,0.00942224178995405,model,0.08527956008911133
jabref\src\main\java\org\jabref\logic\importer\fetcher\isbntobibtex\OpenLibraryIsbnFetcher.java,0.08807729993547712,0.02857142857142857,model,0.08807729993547712
jabref\src\test\java\org\jabref\migrations\ConvertMarkingToGroupsTest.java,0.028577024596078054,0.0,model,0.028577024596078054
jabref\src\test\java\org\jabref\logic\integrity\PersonNamesCheckerTest.java,0.11169543947492327,0.0,model,0.11169543947492327
jabref\src\main\java\org\jabref\model\search\rules\SearchRules.java,3168.490676879883,0.0,model,3168.490676879883
jabref\src\main\java\org\jabref\gui\collab\DatabaseChangeMonitor.java,0.11967389242989676,1.0,preferences,1.0
jabref\src\main\java\org\jabref\logic\xmp\XmpUtilWriter.java,0.13597523825509208,0.010927081108093262,model,0.13597523825509208
jabref\src\test\java\org\jabref\logic\bibtex\comparator\BibStringDiffTest.java,0.06873253413609096,0.0,model,0.06873253413609096
jabref\src\main\java\org\jabref\logic\shared\DatabaseLocation.java,0.1028400216783796,0.0,model,0.1028400216783796
jabref\src\test\java\org\jabref\logic\bibtex\comparator\GroupDiffTest.java,0.09325977052961076,0.0,model,0.09325977052961076
jabref\src\main\java\org\jabref\gui\libraryproperties\saving\SavingPropertiesView.java,0.05714823859078544,1.0,preferences,1.0
jabref\src\main\java\org\jabref\gui\desktop\JabRefDesktop.java,0.12260919298444475,1.9322337559291294,preferences,1.9322337559291294
jabref\src\main\java\org\jabref\gui\documentviewer\DocumentPageViewModel.java,35.007418394088745,0.0,model,35.007418394088745
jabref\src\main\java\org\jabref\logic\layout\StringInt.java,0.0919994422367641,0.0,model,0.0919994422367641
jabref\src\main\java\org\jabref\gui\util\FileFilterConverter.java,0.060748597553798134,0.0,model,0.060748597553798134
jabref\src\test\java\org\jabref\model\search\rules\GrammarBasedSearchRuleTest.java,2705.1641845703125,0.0,model,2705.1641845703125
jabref\src\main\java\org\jabref\logic\shared\DBMSProcessor.java,0.24130164555140904,0.013359620741435459,model,0.24130164555140904
jabref\src\main\java\org\jabref\gui\util\BindingsHelper.java,0.5515455518450055,0.0,model,0.5515455518450055
jabref\buildSrc\src\copied\java\org\jabref\logic\journals\JournalAbbreviationPreferences.java,0.07344871248517718,0.0,model,0.07344871248517718
jabref\src\test\java\org\jabref\logic\layout\format\FirstPageTest.java,0.07328313418797085,0.0,model,0.07328313418797085
jabref\src\main\java\org\jabref\logic\layout\format\CreateDocBook5Editors.java,0.07350466591971261,0.0,model,0.07350466591971261
jabref\src\main\java\org\jabref\gui\util\CustomRatingSkin.java,0.7196359906877791,0.0,model,0.7196359906877791
jabref\src\main\java\org\jabref\gui\preferences\keybindings\presets\NewEntryBindingPreset.java,0.07957329068865095,3206.8806076049805,preferences,3206.8806076049805
jabref\src\main\java\org\jabref\gui\edit\ReplaceStringView.java,0.10694019453866141,0.0,model,0.10694019453866141
jabref\src\main\java\org\jabref\gui\util\component\TemporalAccessorPicker.java,0.13074241365705216,0.015709355899265833,model,0.13074241365705216
jabref\src\main\java\org\jabref\model\entry\field\FieldFactory.java,2477.326126098633,0.01725637912750244,model,2477.326126098633
jabref\src\main\java\org\jabref\model\openoffice\rangesort\RangeSortVisual.java,2832.409553527832,0.0,model,2832.409553527832
jabref\src\test\java\org\jabref\gui\mergeentries\FieldRowViewModelTest.java,76.9318675994873,0.01853522232600621,model,76.9318675994873
jabref\src\main\java\org\jabref\gui\actions\StandardActions.java,0.45389793940952844,1.5164993286132813,preferences,1.5164993286132813
jabref\src\main\java\org\jabref\logic\importer\fetcher\CollectionOfComputerScienceBibliographiesFetcher.java,0.11580335072108677,0.0,model,0.11580335072108677
jabref\src\main\java\org\jabref\gui\specialfields\SpecialFieldAction.java,0.028575904028756278,1.0375772748674665,preferences,1.0375772748674665
jabref\src\main\java\org\jabref\logic\importer\fetcher\IacrEprintFetcher.java,0.14025301252092634,0.0,model,0.14025301252092634
jabref\src\main\java\org\jabref\model\groups\WordKeywordGroup.java,2631.9715881347656,0.015063095092773437,model,2631.9715881347656
jabref\src\main\java\org\jabref\model\openoffice\style\CitationPath.java,3272.675437927246,0.0,model,3272.675437927246
jabref\src\main\java\org\jabref\gui\util\component\Tag.java,0.06727021081107003,0.012299165555409023,model,0.06727021081107003
jabref\src\main\java\org\jabref\model\database\KeyCollisionException.java,3283.1678009033203,0.0,model,3283.1678009033203
jabref\src\main\java\org\jabref\gui\texparser\ParseLatexDialogView.java,0.08637425558907645,1.0,preferences,1.0
jabref\src\main\java\org\jabref\gui\auximport\AuxParserResultViewModel.java,35.00627517700195,0.0,model,35.00627517700195
jabref\src\test\java\org\jabref\gui\util\ColorUtilTest.java,0.028576677186148508,0.0,model,0.028576677186148508
jabref\src\main\java\org\jabref\logic\l10n\LocalizationLocator.java,0.0741161891392299,0.0,model,0.0741161891392299
jabref\src\test\java\org\jabref\logic\texparser\TexBibEntriesResolverTest.java,0.11782129832676479,0.0065869339874812536,model,0.11782129832676479
jabref\src\main\java\org\jabref\cli\ArgumentProcessor.java,0.8088069915771484,2.2160125732421876,preferences,2.2160125732421876
jabref\src\main\java\org\jabref\logic\preferences\OwnerPreferences.java,0.0730675220489502,3412.931785583496,preferences,3412.931785583496
jabref\src\main\java\org\jabref\cli\Launcher.java,0.6504391806466239,3.0950594220842635,preferences,3.0950594220842635
jabref\src\test\java\org\jabref\logic\exporter\XmpPdfExporterTest.java,0.1372258595057896,0.0,model,0.1372258595057896
jabref\src\main\java\org\jabref\preferences\AppearancePreferences.java,0.028577024596078054,3384.165840148926,preferences,3384.165840148926
jabref\src\main\java\org\jabref\model\util\MultiKeyMap.java,3094.954147338867,0.0,model,3094.954147338867
jabref\src\main\java\org\jabref\logic\importer\QueryParser.java,0.0730675220489502,0.01297710623059954,model,0.0730675220489502
jabref\src\main\java\org\jabref\gui\importer\ImportAction.java,0.08023607390267508,1.0190219334193638,preferences,1.0190219334193638
jabref\src\test\java\org\jabref\logic\TypedBibEntryTest.java,0.07135843549455916,0.0,model,0.07135843549455916
jabref\src\test\java\org\jabref\logic\importer\fetcher\GrobidCitationFetcherTest.java,0.13203680855887276,0.0,model,0.13203680855887276
jabref\src\test\java\org\jabref\model\entry\CrossrefTest.java,1973.9008522033691,0.7107119968959263,model,1973.9008522033691
jabref\src\test\java\org\jabref\logic\importer\fetcher\ScienceDirectTest.java,0.07135843549455916,0.0,model,0.07135843549455916
jabref\src\main\java\org\jabref\gui\util\ValueTableCellFactory.java,0.6607490539550781,0.0,model,0.6607490539550781
jabref\src\test\java\org\jabref\logic\importer\fetcher\CollectionOfComputerScienceBibliographiesFetcherTest.java,1.3619195120675223,0.07319780077253069,model,1.3619195120675223
jabref\src\main\java\org\jabref\gui\util\uithreadaware\UiThreadListChangeListener.java,0.028577215330941336,0.0,model,0.028577215330941336
jabref\src\main\java\org\jabref\logic\layout\format\Number.java,0.07396648270743233,0.0,model,0.07396648270743233
jabref\src\main\java\org\jabref\gui\groups\GroupViewMode.java,0.02857752868107387,0.0,model,0.02857752868107387
jabref\src\test\java\org\jabref\logic\importer\WebFetchersTest.java,0.1638606207711356,0.01784029006958008,model,0.1638606207711356
jabref\src\test\java\org\jabref\testutils\category\FetcherTest.java,0.028577419689723424,0.0,model,0.028577419689723424
jabref\src\main\java\org\jabref\gui\fieldeditors\SimpleEditor.java,0.028576745305742536,2.9073904854910713,preferences,2.9073904854910713
jabref\src\main\java\org\jabref\logic\importer\fetcher\BvbFetcher.java,0.07275469643729074,0.0,model,0.07275469643729074
jabref\src\main\java\org\jabref\logic\formatter\casechanger\TitleCaseFormatter.java,0.09047074999128069,0.019012575490134104,model,0.09047074999128069
jabref\src\test\java\org\jabref\logic\l10n\LocalizationKeyParamsTest.java,1.4185361589704242,0.0,model,1.4185361589704242
jabref\src\test\java\org\jabref\logic\integrity\ISBNCheckerTest.java,0.07188585826328822,0.0,model,0.07188585826328822
jabref\src\main\java\org\jabref\logic\importer\util\MediaTypes.java,0.07396648270743233,0.0,model,0.07396648270743233
jabref\src\main\java\org\jabref\logic\importer\fetcher\OpenAccessDoi.java,0.10372938428606306,0.0,model,0.10372938428606306
jabref\src\main\java\org\jabref\logic\openoffice\action\EditInsert.java,0.12885701315743583,0.07193299702235631,model,0.12885701315743583
jabref\src\main\java\org\jabref\logic\openoffice\NoDocumentFoundException.java,0.07405599185398647,0.0,model,0.07405599185398647
jabref\src\test\java\org\jabref\logic\importer\ImportFormatReaderIntegrationTest.java,0.2188425200326102,0.015913784503936768,model,0.2188425200326102
jabref\src\main\java\org\jabref\logic\protectedterms\ProtectedTermsList.java,0.08839889253888811,0.0,model,0.08839889253888811
jabref\src\test\java\org\jabref\logic\integrity\MonthCheckerTest.java,0.13897564751761302,0.0,model,0.13897564751761302
jabref\src\main\java\org\jabref\logic\shared\exception\OfflineLockException.java,0.16268539428710938,0.0,model,0.16268539428710938
jabref\src\main\java\org\jabref\gui\fieldeditors\MonthEditorViewModel.java,70.0067675113678,0.0,model,70.0067675113678
jabref\src\main\java\org\jabref\gui\DragAndDropHelper.java,0.04501967089516776,0.0,model,0.04501967089516776
jabref\src\main\java\org\jabref\logic\journals\AbbreviationFormat.java,0.07381938525608607,0.0,model,0.07381938525608607
jabref\src\test\java\org\jabref\logic\xmp\XmpUtilWriterTest.java,0.11340702601841518,0.0,model,0.11340702601841518
jabref\src\test\java\org\jabref\gui\groups\GroupNodeViewModelTest.java,2546.3712310791016,1.0,model,2546.3712310791016
jabref\src\test\java\org\jabref\gui\autocompleter\ContentSelectorSuggestionProviderTest.java,0.057147066933768136,0.0,model,0.057147066933768136
jabref\src\test\java\org\jabref\logic\importer\BibDatabaseFilesTest.java,0.07275515283857073,0.02083856889179775,model,0.07275515283857073
jabref\src\main\java\org\jabref\model\openoffice\backend\NamedRange.java,3200.900230407715,0.0,model,3200.900230407715
jabref\src\main\java\org\jabref\logic\bibtex\comparator\GroupDiff.java,0.0730675220489502,0.0,model,0.0730675220489502
jabref\src\main\java\org\jabref\cli\JabRefCLI.java,0.11584986277988979,2.0967075892857143,preferences,2.0967075892857143
jabref\src\test\java\org\jabref\logic\cleanup\RenamePdfCleanupTest.java,0.09273492268153599,0.013310473305838448,model,0.09273492268153599
jabref\src\main\java\org\jabref\gui\search\GlobalSearchBar.java,0.3005830492292132,1.0285714285714285,preferences,1.0285714285714285
jabref\src\main\java\org\jabref\gui\collab\DatabaseChangeListener.java,0.05714893341064453,0.0,model,0.05714893341064453
jabref\src\test\java\org\jabref\logic\layout\format\RTFCharsTest.java,0.18454880033220564,0.01963984285082136,model,0.18454880033220564
jabref\src\main\java\org\jabref\logic\cleanup\FieldFormatterCleanup.java,0.070558534349714,0.009916201659611294,model,0.070558534349714
jabref\src\test\java\org\jabref\gui\util\ControlHelperTest.java,0.028576745305742536,0.0,model,0.028576745305742536
jabref\src\main\java\org\jabref\model\openoffice\uno\UnoProperties.java,2963.6646270751953,0.0,model,2963.6646270751953
jabref\src\main\java\org\jabref\logic\util\UpdateField.java,0.06998063496180944,0.0,model,0.06998063496180944
jabref\src\main\java\org\jabref\gui\autocompleter\AutoCompletionStrategy.java,0.028577515057155063,0.0,model,0.028577515057155063
jabref\src\main\java\org\jabref\model\openoffice\style\ComparableCitedKey.java,3297.7951049804688,0.0,model,3297.7951049804688
jabref\src\test\java\org\jabref\logic\formatter\casechanger\LowerCaseFormatterTest.java,0.07285759789603097,0.04655305317470006,model,0.07285759789603097
jabref\src\main\java\org\jabref\gui\preferences\nameformatter\NameFormatterTab.java,0.08663300786699568,2935.271453857422,preferences,2935.271453857422
jabref\src\test\java\org\jabref\logic\importer\fetcher\PagedSearchFetcherTest.java,0.0733931405203683,0.0,model,0.0733931405203683
jabref\src\main\java\org\jabref\logic\layout\format\ToUpperCase.java,0.07396648270743233,0.0,model,0.07396648270743233
jabref\src\main\java\org\jabref\logic\formatter\casechanger\UnprotectTermsFormatter.java,0.1456453459603446,0.0,model,0.1456453459603446
jabref\src\main\java\org\jabref\gui\help\SearchForUpdateAction.java,0.02857726642063686,0.0,model,0.02857726642063686
jabref\src\main\java\org\jabref\model\entry\EntryLinkList.java,3216.32381439209,0.0,model,3216.32381439209
jabref\src\main\java\org\jabref\logic\shared\DBMSConnectionProperties.java,0.09730396270751954,0.08067483901977539,model,0.09730396270751954
jabref\src\main\java\org\jabref\model\entry\field\InternalField.java,3101.338005065918,0.011925366946629115,model,3101.338005065918
jabref\src\test\java\org\jabref\logic\importer\util\JsonReaderTest.java,0.07275469643729074,0.0,model,0.07275469643729074
jabref\src\main\java\org\jabref\model\entry\BibEntryType.java,4138.222351074219,0.018022382259368898,model,4138.222351074219
jabref\src\test\java\org\jabref\logic\formatter\bibtexfields\RemoveNewlinesFormatterTest.java,0.07265313693455287,0.0,model,0.07265313693455287
jabref\src\main\java\org\jabref\logic\TypedBibEntry.java,1.459206281389509,0.0,model,1.459206281389509
jabref\src\main\java\org\jabref\preferences\ExternalApplicationsPreferences.java,0.028576615878513883,3228.8837814331055,preferences,3228.8837814331055
jabref\src\main\java\org\jabref\gui\fieldeditors\FieldEditorFX.java,0.028577344758169993,0.0,model,0.028577344758169993
jabref\src\main\java\org\jabref\gui\journals\AbbreviateAction.java,0.12257661819458007,0.036595092500959124,model,0.12257661819458007
jabref\src\main\java\org\jabref\gui\importer\actions\MergeReviewIntoCommentAction.java,0.02857715742928641,0.02857142857142857,model,0.02857715742928641
jabref\src\main\java\org\jabref\logic\layout\format\CompositeFormat.java,0.07328313418797085,0.0,model,0.07328313418797085
jabref\src\main\java\org\jabref\logic\shared\exception\NotASharedDatabaseException.java,0.10262742042541503,0.0,model,0.10262742042541503
jabref\src\main\java\org\jabref\model\study\QueryResult.java,3265.611991882324,0.0,model,3265.611991882324
jabref\src\main\java\org\jabref\model\entry\identifier\ARK.java,3207.514533996582,0.0,model,3207.514533996582
jabref\src\main\java\org\jabref\gui\icon\JabRefIkonHandler.java,0.028577235766819545,0.0,model,0.028577235766819545
jabref\src\main\java\org\jabref\logic\util\io\AutoLinkPreferences.java,0.07207046917506627,19.778406620025635,preferences,19.778406620025635
jabref\src\main\java\org\jabref\model\entry\types\BiblatexEntryTypeDefinitions.java,1729.292984008789,0.40239268711635046,model,1729.292984008789
jabref\src\main\java\org\jabref\logic\openoffice\frontend\RangeForOverlapCheck.java,0.07322868619646344,0.0,model,0.07322868619646344
jabref\src\test\java\org\jabref\logic\search\SearchQueryTest.java,0.07516713823590959,0.0,model,0.07516713823590959
jabref\src\main\java\org\jabref\gui\entryeditor\SourceTab.java,1.3102955409458705,0.06349562236240931,model,1.3102955409458705
jabref\src\main\java\org\jabref\gui\collab\DatabaseChangeDetailsView.java,0.05714884485517229,0.0,model,0.05714884485517229
jabref\src\main\java\org\jabref\logic\formatter\bibtexfields\NormalizeEnDashesFormatter.java,1.073283168247768,0.0,model,1.073283168247768
jabref\src\main\java\org\jabref\gui\documentviewer\DocumentViewerViewModel.java,96.50159120559692,1.0165917532784599,model,96.50159120559692
jabref\src\main\java\org\jabref\gui\fieldeditors\contextmenu\EditorMenus.java,0.07025279998779296,0.0,model,0.07025279998779296
jabref\src\main\java\org\jabref\model\openoffice\rangesort\RangeSort.java,2980.4716873168945,0.0,model,2980.4716873168945
jabref\src\main\java\org\jabref\logic\util\strings\HTMLUnicodeConversionMaps.java,0.146500791822161,0.035594306673322404,model,0.146500791822161
jabref\src\main\java\org\jabref\logic\formatter\bibtexfields\NormalizeDateFormatter.java,0.10796478816441127,0.0,model,0.10796478816441127
jabref\src\main\java\org\jabref\gui\backup\BackupResolverDialog.java,0.07769444329398019,0.03876146248408726,model,0.07769444329398019
jabref\src\main\java\org\jabref\logic\importer\fetcher\transformers\AbstractQueryTransformer.java,0.06873253413609096,0.0,model,0.06873253413609096
jabref\src\main\java\org\jabref\gui\bibtexextractor\ExtractBibtexAction.java,0.028577194895063128,1.0285714285714285,preferences,1.0285714285714285
jabref\src\main\java\org\jabref\gui\help\ErrorConsoleAction.java,0.028577429907662526,0.0,model,0.028577429907662526
jabref\src\main\java\org\jabref\gui\preferences\external\ExternalTab.java,0.028576207160949708,3050.7542037963867,preferences,3050.7542037963867
jabref\src\main\java\org\jabref\logic\exporter\MetaDataSerializer.java,0.9034823281424386,0.0682805061340332,model,0.9034823281424386
jabref\src\main\java\org\jabref\logic\layout\format\AuthorFirstFirstCommas.java,0.07402604648045132,0.0,model,0.07402604648045132
jabref\src\test\java\org\jabref\gui\util\FileDialogConfigurationTest.java,0.049167823791503903,0.0,model,0.049167823791503903
jabref\src\main\java\org\jabref\gui\mergeentries\newmergedialog\cell\FieldNameCell.java,0.06645539828709193,0.0,model,0.06645539828709193
jabref\src\main\java\org\jabref\gui\keyboard\KeyBindingCategory.java,0.02857715742928641,0.0,model,0.02857715742928641
jabref\src\main\java\org\jabref\model\entry\field\AMSField.java,3048.9987564086914,0.011688539811543056,model,3048.9987564086914
jabref\src\main\java\org\jabref\logic\layout\format\MarkdownFormatter.java,0.6980866568429129,0.0,model,0.6980866568429129
jabref\src\main\java\org\jabref\logic\l10n\Language.java,0.070558534349714,0.0411250250680106,model,0.070558534349714
jabref\src\test\java\org\jabref\logic\l10n\LocalizationEntry.java,0.09546724728175572,0.0,model,0.09546724728175572
jabref\src\main\java\org\jabref\gui\maintable\MainTable.java,3.6541368756975445,1.0155506678989956,model,3.6541368756975445
jabref\src\main\java\org\jabref\logic\importer\fetcher\INSPIREFetcher.java,0.07086744308471679,2.5247297014508927,preferences,2.5247297014508927
jabref\src\main\java\org\jabref\gui\openoffice\StyleSelectItemViewModel.java,813.5181522369385,0.013049034561429704,model,813.5181522369385
jabref\src\test\java\org\jabref\gui\libraryproperties\contentselectors\ContentSelectorViewModelTest.java,70.00486493110657,0.01652393341064453,model,70.00486493110657
jabref\src\main\java\org\jabref\logic\l10n\LocalizationKey.java,0.07328313418797085,0.0,model,0.07328313418797085
jabref\src\main\java\org\jabref\logic\xmp\DocumentInformationExtractor.java,0.07152999469212123,0.026068920748574392,model,0.07152999469212123
jabref\src\test\java\org\jabref\logic\importer\fetcher\CompositeIdFetcherTest.java,2.4995274135044645,0.07260586874825614,model,2.4995274135044645
jabref\src\main\java\org\jabref\gui\preferences\appearance\AppearanceTabViewModel.java,48.177287578582764,3529.6722412109375,preferences,3529.6722412109375
jabref\src\main\java\org\jabref\logic\cleanup\TimeStampToCreationDate.java,0.11762587683541434,0.0,model,0.11762587683541434
jabref\src\test\java\org\jabref\logic\formatter\bibtexfields\AddBracesFormatterTest.java,0.0717057500566755,0.0,model,0.0717057500566755
jabref\src\test\java\org\jabref\logic\layout\format\LastPageTest.java,0.07322868619646344,0.0,model,0.07322868619646344
jabref\src\main\java\org\jabref\logic\bibtex\comparator\BibDatabaseDiff.java,1.0366846357073103,0.04854516301836286,model,1.0366846357073103
jabref\src\main\java\org\jabref\model\entry\BibtexString.java,2885.067367553711,0.0,model,2885.067367553711
jabref\src\main\java\org\jabref\model\openoffice\uno\UnoBookmark.java,3026.8738174438477,0.0,model,3026.8738174438477
jabref\src\main\java\org\jabref\gui\undo\UndoableChangeType.java,0.028576881544930596,0.0,model,0.028576881544930596
jabref\src\test\java\org\jabref\logic\search\DatabaseSearcherTest.java,0.09687012944902693,0.0,model,0.09687012944902693
jabref\src\main\java\org\jabref\gui\JabRefFrame.java,0.2778888157435826,1.290328107561384,preferences,1.290328107561384
jabref\src\main\java\org\jabref\model\entry\BibEntryTypeBuilder.java,2832.409553527832,0.015709355899265833,model,2832.409553527832
jabref\src\test\java\org\jabref\logic\importer\QueryParserTest.java,0.06998063496180944,0.0,model,0.06998063496180944
jabref\src\main\java\org\jabref\gui\collab\stringdelete\BibTexStringDelete.java,0.12018600191388812,0.0,model,0.12018600191388812
jabref\src\main\java\org\jabref\gui\externalfiles\ChainedFilters.java,0.050327178410121375,0.0,model,0.050327178410121375
jabref\src\main\java\org\jabref\gui\errorconsole\LogEventViewModel.java,40.255494117736816,0.0,model,40.255494117736816
jabref\src\main\java\org\jabref\gui\entryeditor\fileannotationtab\FileAnnotationTabViewModel.java,131.9950771331787,0.009916201659611294,model,131.9950771331787
jabref\src\test\java\org\jabref\logic\importer\fileformat\ModsImporterFilesTest.java,0.6980866568429129,0.0,model,0.6980866568429129
jabref\src\test\java\org\jabref\logic\importer\fetcher\transformers\YearAndYearRangeByFilteringQueryTransformerTest.java,0.07317460605076381,0.0,model,0.07317460605076381
jabref\src\test\java\org\jabref\logic\autosaveandbackup\BackupManagerTest.java,0.1354571751185826,0.030047862870352608,model,0.1354571751185826
jabref\src\main\java\org\jabref\preferences\ImportExportPreferences.java,0.051445174217224124,3181.42635345459,preferences,3181.42635345459
jabref\src\main\java\org\jabref\gui\importer\ImportCustomEntryTypesDialog.java,1.3050982883998326,1.0,model,1.3050982883998326
jabref\src\main\java\org\jabref\logic\layout\format\CurrentDate.java,0.07370354788643974,0.0,model,0.07370354788643974
jabref\src\main\java\org\jabref\model\entry\identifier\ISSN.java,3071.684989929199,0.0,model,3071.684989929199
jabref\src\main\java\org\jabref\logic\bst\BstPreviewLayout.java,0.15113233838762555,0.022744097028459823,model,0.15113233838762555
jabref\src\main\java\org\jabref\logic\JabRefException.java,0.07312088693891253,0.0,model,0.07312088693891253
jabref\src\main\java\org\jabref\logic\importer\fileformat\PicaXmlParser.java,0.8597805568150112,0.0,model,0.8597805568150112
jabref\src\main\java\org\jabref\gui\externalfiles\ImportHandler.java,0.5651878901890346,1.0086135864257812,preferences,1.0086135864257812
jabref\src\main\java\org\jabref\logic\importer\fetcher\TitleFetcher.java,0.07275469643729074,2.956707545689174,preferences,2.956707545689174
jabref\src\main\java\org\jabref\gui\copyfiles\CopyFilesDialogViewModel.java,35.00726401805878,0.0,model,35.00726401805878
jabref\src\main\java\org\jabref\gui\util\ViewModelTableRowFactory.java,139.27093625068665,0.0,model,139.27093625068665
jabref\src\test\java\org\jabref\logic\importer\fetcher\MedraTest.java,0.07941364560808455,0.0,model,0.07941364560808455
jabref\src\main\java\org\jabref\logic\importer\fetcher\GrobidCitationFetcher.java,0.07135843549455916,0.0,model,0.07135843549455916
jabref\src\main\java\org\jabref\model\openoffice\rangesort\RangeSortable.java,3286.9532012939453,0.0,model,3286.9532012939453
jabref\src\main\java\org\jabref\logic\integrity\ISSNChecker.java,0.07328313418797085,0.0,model,0.07328313418797085
jabref\src\main\java\org\jabref\model\pdf\search\SearchFieldConstants.java,3275.2058029174805,0.0,model,3275.2058029174805
jabref\src\main\java\org\jabref\gui\specialfields\SpecialFieldMenuItemFactory.java,0.028576431955610004,1.0,preferences,1.0
jabref\src\test\java\org\jabref\logic\pdf\PdfAnnotationImporterTest.java,0.08615315982273647,0.0,model,0.08615315982273647
jabref\src\test\java\org\jabref\logic\layout\format\ToUpperCaseTest.java,0.0730675220489502,0.0,model,0.0730675220489502
jabref\src\main\java\org\jabref\model\texparser\LatexBibEntriesResolverResult.java,3118.4209060668945,0.012171989679336548,model,3118.4209060668945
jabref\src\main\java\org\jabref\preferences\BibEntryPreferences.java,0.0285773583820888,3507.689895629883,preferences,3507.689895629883
jabref\src\main\java\org\jabref\gui\externalfiletype\ExternalFileType.java,0.0285773583820888,0.0,model,0.0285773583820888
jabref\src\main\java\org\jabref\gui\desktop\os\OSX.java,0.08052035059247697,0.14068559919084822,preferences,0.14068559919084822
jabref\src\test\java\org\jabref\logic\layout\format\WrapContentTest.java,0.10862581389290946,0.042425864083426336,model,0.10862581389290946
jabref\src\main\java\org\jabref\gui\util\DirectoryDialogConfiguration.java,0.050902298518589566,0.0,model,0.050902298518589566
jabref\src\main\java\org\jabref\logic\importer\fetcher\Medra.java,0.08682614053998675,0.0,model,0.08682614053998675
jabref\src\test\java\org\jabref\architecture\MainArchitectureTest.java,2.928872462681362,2.7915908813476564,model,2.928872462681362
jabref\src\main\java\org\jabref\migrations\PreferencesMigrations.java,0.7423163277762277,4173.28483581543,preferences,4173.28483581543
jabref\src\main\java\org\jabref\logic\journals\JournalAbbreviationRepository.java,0.07889887264796666,0.008023662226540702,model,0.07889887264796666
jabref\src\test\java\org\jabref\gui\util\RecursiveTreeItemTest.java,0.874802235194615,0.0,model,0.874802235194615
jabref\src\test\java\org\jabref\logic\layout\format\AuthorLastFirstAbbrOxfordCommasTest.java,0.0722597667149135,0.0,model,0.0722597667149135
jabref\src\main\java\org\jabref\gui\collab\stringadd\BibTexStringAdd.java,0.057148490633283346,0.0,model,0.057148490633283346
jabref\src\main\java\org\jabref\logic\openoffice\action\EditMerge.java,0.06653991426740374,0.010029164382389613,model,0.06653991426740374
jabref\src\main\java\org\jabref\logic\layout\format\AuthorFirstAbbrLastCommas.java,0.07405599185398647,0.0,model,0.07405599185398647
jabref\src\test\java\org\jabref\model\entry\BibtexStringTest.java,2725.5905532836914,0.026620946611676896,model,2725.5905532836914
jabref\src\main\java\org\jabref\logic\importer\fetcher\BiodiversityLibrary.java,0.09598896162850516,0.02857142857142857,model,0.09598896162850516
jabref\src\main\java\org\jabref\gui\documentviewer\PdfDocumentViewModel.java,35.00697195529938,0.013049034561429704,model,35.00697195529938
jabref\src\main\java\org\jabref\gui\autocompleter\AutoCompletePreferences.java,0.028576847485133578,20.995119214057922,preferences,20.995119214057922
jabref\src\main\java\org\jabref\logic\importer\OpenDatabase.java,0.08965459551130023,0.0,model,0.08965459551130023
jabref\src\main\java\org\jabref\logic\pdf\TextExtractor.java,0.08936610221862792,0.022311452456883023,model,0.08936610221862792
jabref\src\main\java\org\jabref\gui\edit\ManageKeywordsViewModel.java,35.00572443008423,0.02857142857142857,model,35.00572443008423
jabref\src\main\java\org\jabref\gui\edit\automaticfiededitor\MoveFieldValueAction.java,0.028576745305742536,0.0,model,0.028576745305742536
jabref\src\main\java\org\jabref\logic\layout\format\ToLowerCase.java,0.07396648270743233,0.0,model,0.07396648270743233
jabref\src\test\java\org\jabref\logic\importer\fetcher\ApsFetcherTest.java,0.07207046917506627,0.0,model,0.07207046917506627
jabref\src\main\java\org\jabref\logic\openoffice\style\OOFormatBibliography.java,0.11180445807320731,0.0,model,0.11180445807320731
jabref\src\main\java\org\jabref\logic\openoffice\frontend\UpdateCitationMarkers.java,0.07026322228567941,0.0,model,0.07026322228567941
jabref\src\test\java\org\jabref\logic\importer\fileformat\IsiImporterTest.java,0.1529703140258789,0.004492136410304479,model,0.1529703140258789
jabref\src\main\java\org\jabref\gui\preferences\preview\PreviewTabViewModel.java,309.8795223236084,2157.7608680725098,preferences,2157.7608680725098
jabref\src\main\java\org\jabref\gui\fieldeditors\contextmenu\ProtectedTermsMenu.java,0.07142701148986816,0.0,model,0.07142701148986816
jabref\src\main\java\org\jabref\logic\integrity\TypeChecker.java,0.07317460605076381,0.0,model,0.07317460605076381
jabref\src\main\java\org\jabref\model\openoffice\rangesort\RangeSortEntry.java,3194.330520629883,0.0,model,3194.330520629883
jabref\src\test\java\org\jabref\logic\importer\fetcher\DBLPFetcherTest.java,0.07086744308471679,0.0,model,0.07086744308471679
jabref\src\test\java\org\jabref\logic\importer\fetcher\MathSciNetTest.java,0.06896235602242606,0.0,model,0.06896235602242606
jabref\src\main\java\org\jabref\gui\slr\StudyDatabaseItem.java,0.028576881544930596,0.015119072369166783,model,0.028576881544930596
jabref\src\main\java\org\jabref\logic\layout\AbstractParamLayoutFormatter.java,0.0722597667149135,0.0,model,0.0722597667149135
jabref\src\main\java\org\jabref\logic\openoffice\style\OOProcessAuthorYearMarkers.java,0.07026322228567941,0.08320601327078683,preferences,0.08320601327078683
jabref\src\test\java\org\jabref\gui\externalfiles\AutoSetFileLinksUtilTest.java,0.0954347951071603,0.0,model,0.0954347951071603
jabref\src\main\java\org\jabref\logic\bst\util\BstWidthCalculator.java,0.06598247119358608,0.014480173587799072,model,0.06598247119358608
jabref\src\main\java\org\jabref\gui\sidepane\TogglePaneAction.java,0.028577194895063128,0.0,model,0.028577194895063128
jabref\src\main\java\org\jabref\gui\groups\MoveGroupChange.java,0.028577286856515068,0.0,model,0.028577286856515068
jabref\src\test\java\org\jabref\logic\layout\format\NameFormatterTest.java,0.7731807708740235,0.0,model,0.7731807708740235
jabref\src\main\java\org\jabref\model\entry\event\FieldChangedEvent.java,3078.1580352783203,0.0,model,3078.1580352783203
jabref\src\main\java\org\jabref\logic\openoffice\style\OOProcessNumericMarkers.java,0.07317460605076381,0.026261612347194128,model,0.07317460605076381
jabref\src\test\java\org\jabref\logic\importer\fileformat\OvidImporterTest.java,0.08563030106680734,0.009633358887263707,model,0.08563030106680734
jabref\src\main\java\org\jabref\logic\importer\fileformat\RepecNepImporter.java,0.0841757025037493,0.0,model,0.0841757025037493
jabref\src\test\java\org\jabref\logic\importer\fileformat\CitaviXmlImporterTest.java,0.0733931405203683,0.0,model,0.0733931405203683
jabref\src\main\java\org\jabref\logic\util\StandardFileType.java,0.1572019032069615,0.044783411707196914,model,0.1572019032069615
jabref\src\test\java\org\jabref\migrations\ConvertLegacyExplicitGroupsTest.java,0.028576615878513883,0.0,model,0.028576615878513883
jabref\src\test\java\org\jabref\logic\layout\format\HTMLParagraphsTest.java,0.10623905999319894,0.0,model,0.10623905999319894
jabref\src\main\java\org\jabref\logic\importer\ImportCleanup.java,0.07350466591971261,0.0,model,0.07350466591971261
jabref\src\main\java\org\jabref\logic\integrity\NoBibtexFieldChecker.java,0.1743278775896345,0.016145638057163784,model,0.1743278775896345
jabref\src\test\java\org\jabref\logic\integrity\CitationKeyCheckerTest.java,0.07152999469212123,0.0,model,0.07152999469212123
jabref\src\test\java\org\jabref\logic\integrity\TypeCheckerTest.java,0.07296186174665178,0.0,model,0.07296186174665178
jabref\src\main\java\org\jabref\model\groups\GroupTreeNode.java,2496.990394592285,0.0,model,2496.990394592285
jabref\src\test\java\org\jabref\gui\importer\fetcher\WebSearchPaneViewModelTest.java,35.00642955303192,1.0,model,35.00642955303192
jabref\src\main\java\org\jabref\gui\util\OpenHyperlinksInExternalBrowser.java,0.8797624860491071,0.0,model,0.8797624860491071
jabref\src\main\java\org\jabref\logic\net\ssl\SSLCertificate.java,0.08839889253888811,0.0,model,0.08839889253888811
jabref\src\test\java\org\jabref\logic\importer\fileformat\CustomImporterTest.java,0.11103860991341727,0.0,model,0.11103860991341727
jabref\src\test\java\org\jabref\cli\ArgumentProcessorTest.java,1.0794467381068638,1.02677492414202,model,1.0794467381068638
jabref\src\test\java\org\jabref\logic\bibtex\BibEntryWriterTest.java,0.10558560916355678,0.6333193642752512,preferences,0.6333193642752512
jabref\src\main\java\org\jabref\logic\importer\fileformat\MedlineImporter.java,0.0901768548148019,0.22899224417550224,preferences,0.22899224417550224
jabref\src\main\java\org\jabref\logic\bibtex\InvalidFieldValueException.java,0.07417682238987514,0.0,model,0.07417682238987514
jabref\src\main\java\org\jabref\logic\bst\BstVM.java,0.24345158168247769,0.026060288293021067,model,0.24345158168247769
jabref\src\main\java\org\jabref\logic\integrity\NoteChecker.java,0.0733379568372454,0.0,model,0.0733379568372454
jabref\src\test\java\org\jabref\logic\pdf\EntryAnnotationImporterTest.java,0.13827599116734096,0.0,model,0.13827599116734096
jabref\src\main\java\org\jabref\logic\layout\format\Default.java,0.07387791361127581,0.0,model,0.07387791361127581
jabref\src\test\java\org\jabref\logic\layout\format\EntryTypeFormatterTest.java,0.0733379568372454,0.0,model,0.0733379568372454
jabref\src\test\java\org\jabref\logic\formatter\bibtexfields\EscapeAmpersandsFormatterTest.java,0.12340232304164342,0.0,model,0.12340232304164342
jabref\src\test\java\org\jabref\logic\integrity\DoiValidityCheckerTest.java,0.07152999469212123,0.01829989126750401,model,0.07152999469212123
jabref\src\main\java\org\jabref\gui\edit\CopyMoreAction.java,0.06863375391278947,1.0448119027273997,preferences,1.0448119027273997
jabref\src\test\java\org\jabref\logic\layout\format\AuthorsTest.java,0.4568734850202288,0.006732006583895002,model,0.4568734850202288
jabref\src\main\java\org\jabref\logic\auxparser\AuxParser.java,0.09268712997436523,0.0,model,0.09268712997436523
jabref\src\main\java\org\jabref\gui\preferences\external\ExternalTabViewModel.java,35.00486493110657,3590.69580078125,preferences,3590.69580078125
jabref\src\test\java\org\jabref\logic\integrity\NoBibTexFieldCheckerTest.java,0.15162297657557897,0.0,model,0.15162297657557897
jabref\src\main\java\org\jabref\logic\importer\fetcher\transformers\ResearchGateQueryTransformer.java,0.07322868619646344,0.0,model,0.07322868619646344
jabref\src\main\java\org\jabref\gui\push\PushToLyx.java,0.05714774131774902,2.5247297014508927,preferences,2.5247297014508927
jabref\src\test\java\org\jabref\logic\citationstyle\CitationStyleCacheTest.java,0.10207609449114119,0.0,model,0.10207609449114119
jabref\src\main\java\org\jabref\gui\autocompleter\PersonNameSuggestionProvider.java,0.057148170471191403,0.0,model,0.057148170471191403
jabref\src\main\java\org\jabref\model\search\matchers\NotMatcher.java,3258.5976791381836,0.0,model,3258.5976791381836
jabref\src\main\java\org\jabref\gui\util\DialogWindowState.java,0.02857732432229178,0.0,model,0.02857732432229178
jabref\src\main\java\org\jabref\gui\actions\Action.java,0.028577419689723424,0.0,model,0.028577419689723424
jabref\src\main\java\org\jabref\gui\push\PushToLyxSettings.java,0.04608120237077985,2.8366176060267856,preferences,2.8366176060267856
jabref\src\test\java\org\jabref\logic\util\UpdateFieldTest.java,0.07243126460484096,0.0,model,0.07243126460484096
jabref\src\main\java\org\jabref\logic\cleanup\UpgradePdfPsToFileCleanup.java,0.09359198297773089,0.0,model,0.09359198297773089
jabref\src\test\java\org\jabref\model\entry\identifier\ISBNTest.java,2904.821891784668,0.0,model,2904.821891784668
jabref\src\main\java\org\jabref\gui\texparser\ParseLatexResultView.java,0.13752155303955077,1.3986819675990514,preferences,1.3986819675990514
jabref\src\main\java\org\jabref\gui\edit\automaticfiededitor\NotificationPaneAdapter.java,0.8386524745396206,0.0,model,0.8386524745396206
jabref\src\main\java\org\jabref\logic\exporter\GroupSerializer.java,0.6701521737234933,0.0,model,0.6701521737234933
jabref\src\test\java\org\jabref\logic\bibtex\comparator\CrossRefEntryComparatorTest.java,0.07207046917506627,0.0,model,0.07207046917506627
jabref\src\main\java\org\jabref\logic\remote\Protocol.java,0.14126037870134625,0.0,model,0.14126037870134625
jabref\src\main\java\org\jabref\logic\importer\EntryBasedFetcher.java,0.0741161891392299,0.0,model,0.0741161891392299
jabref\src\main\java\org\jabref\gui\specialfields\SpecialFieldValueViewModel.java,52.251596450805664,0.11924679619925363,model,52.251596450805664
jabref\src\main\java\org\jabref\gui\mergeentries\FetchAndMergeEntry.java,0.08104955809456961,1.1320326668875558,preferences,1.1320326668875558
jabref\src\main\java\org\jabref\logic\shared\DatabaseConnectionProperties.java,0.10253791127886092,0.0,model,0.10253791127886092
jabref\src\main\java\org\jabref\gui\errorconsole\ErrorConsoleView.java,0.15866704668317522,0.0,model,0.15866704668317522
jabref\src\main\java\org\jabref\gui\dialogs\BackupUIManager.java,0.07759802682059151,1.0,preferences,1.0
jabref\src\main\java\org\jabref\gui\groups\GroupTreeViewModel.java,151.160786151886,2.1388296944754464,model,151.160786151886
jabref\src\main\java\org\jabref\model\entry\identifier\IacrEprint.java,2984.225845336914,0.0,model,2984.225845336914
jabref\src\test\java\org\jabref\logic\importer\fileformat\InspecImporterTest.java,0.06920147623334612,0.0,model,0.06920147623334612
jabref\src\main\java\org\jabref\gui\shared\SharedDatabaseUIManager.java,0.1392303466796875,1.0,preferences,1.0
jabref\src\main\java\org\jabref\logic\integrity\EditionChecker.java,0.10027717862810408,0.0,model,0.10027717862810408
jabref\src\main\java\org\jabref\gui\slr\SlrStudyAndDirectory.java,0.04936957359313965,0.016410020419529506,model,0.04936957359313965
jabref\src\main\java\org\jabref\gui\preferences\network\NetworkTabViewModel.java,80.72595477104187,3427.9257202148438,preferences,3427.9257202148438
jabref\src\test\java\org\jabref\logic\importer\util\ShortDOIServiceTest.java,0.07350466591971261,0.0,model,0.07350466591971261
jabref\src\test\java\org\jabref\logic\layout\format\ToLowerCaseTest.java,0.07275469643729074,0.0,model,0.07275469643729074
jabref\src\main\java\org\jabref\logic\logging\LogMessages.java,0.1253873552594866,0.0,model,0.1253873552594866
jabref\src\main\java\org\jabref\gui\preferences\groups\GroupsTabViewModel.java,35.0067675113678,3335.8109283447266,preferences,3335.8109283447266
jabref\src\main\java\org\jabref\logic\layout\format\AuthorFirstLastOxfordCommas.java,0.07405599185398647,0.0,model,0.07405599185398647
jabref\src\test\java\org\jabref\gui\groups\GroupDialogViewModelTest.java,77.64699578285217,1.0,model,77.64699578285217
jabref\src\test\java\org\jabref\logic\layout\format\DateFormatterTest.java,0.09629271371023995,0.0,model,0.09629271371023995
jabref\src\main\java\org\jabref\gui\push\PushToEmacsSettings.java,0.02857715742928641,2.989780970982143,preferences,2.989780970982143
jabref\src\main\java\org\jabref\gui\collab\ChangeScanner.java,0.05714841570172991,1.0,preferences,1.0
jabref\src\main\java\org\jabref\model\entry\field\BiblatexApaField.java,3009.9089431762695,0.011031324522835867,model,3009.9089431762695
jabref\src\test\java\org\jabref\model\database\DuplicationCheckerTest.java,2820.6658935546875,0.0,model,2820.6658935546875
jabref\src\main\java\org\jabref\gui\sidepane\SidePane.java,0.028576810019356864,1.0,preferences,1.0
jabref\src\main\java\org\jabref\logic\util\strings\StringSimilarity.java,0.0736748422895159,0.0,model,0.0736748422895159
jabref\src\test\java\org\jabref\logic\openoffice\style\OOPreFormatterTest.java,0.11122641563415528,0.023870679310389928,model,0.11122641563415528
jabref\src\main\java\org\jabref\model\openoffice\uno\CreationException.java,3297.7951049804688,0.0,model,3297.7951049804688
jabref\src\main\java\org\jabref\gui\collab\ExternalChangesResolverViewModel.java,70.00627517700195,0.0,model,70.00627517700195
jabref\src\main\java\org\jabref\logic\formatter\bibtexfields\RemoveDigitsFormatter.java,0.0733931405203683,0.0,model,0.0733931405203683
jabref\src\main\java\org\jabref\migrations\ConvertLegacyExplicitGroups.java,0.8926586151123047,0.0,model,0.8926586151123047
jabref\src\test\java\org\jabref\model\groups\ExplicitGroupTest.java,2867.800750732422,0.0,model,2867.800750732422
jabref\src\main\java\org\jabref\gui\documentviewer\ShowDocumentViewerAction.java,0.028577286856515068,2.8556869506835936,preferences,2.8556869506835936
jabref\src\main\java\org\jabref\model\openoffice\style\NonUniqueCitationMarker.java,3308.753433227539,0.0,model,3308.753433227539
jabref\src\test\java\org\jabref\logic\layout\format\WrapFileLinksTest.java,0.08375039100646972,2.5238590785435266,preferences,2.5238590785435266
jabref\src\main\java\org\jabref\logic\bibtex\FieldWriter.java,0.06752287319728306,2.888311113630022,preferences,2.888311113630022
jabref\src\main\java\org\jabref\logic\autosaveandbackup\AutosaveManager.java,0.16426728112357003,0.02857142857142857,model,0.16426728112357003
jabref\src\test\java\org\jabref\logic\bibtex\comparator\PreambleDiffTest.java,0.07245392118181501,0.0,model,0.07245392118181501
jabref\src\main\java\org\jabref\gui\actions\Sources.java,0.02857752868107387,0.0,model,0.02857752868107387
jabref\src\main\java\org\jabref\model\database\BibDatabaseMode.java,3316.4382553100586,0.0,model,3316.4382553100586
jabref\src\test\java\org\jabref\support\CIServerCondition.java,0.02857709952763149,0.0,model,0.02857709952763149
jabref\src\test\java\org\jabref\model\entry\field\UnknownFieldTest.java,3262.0986938476562,0.0,model,3262.0986938476562
jabref\src\main\java\org\jabref\logic\util\io\BackupFileUtil.java,0.10599738529750279,0.015913784503936768,model,0.10599738529750279
jabref\src\main\java\org\jabref\logic\importer\fileformat\BibtexParser.java,0.10901465415954589,0.013307837077549525,model,0.10901465415954589
jabref\src\test\java\org\jabref\logic\shared\TestManager.java,0.06998209953308106,0.0,model,0.06998209953308106
jabref\src\test\java\org\jabref\logic\util\strings\StringSimilarityTest.java,0.07322868619646344,0.0,model,0.07322868619646344
jabref\src\main\java\org\jabref\logic\exporter\EmbeddedBibFilePdfExporter.java,0.12014547075544085,0.02016110249928066,model,0.12014547075544085
jabref\src\main\java\org\jabref\logic\importer\fetcher\DiVA.java,0.094975859778268,0.0,model,0.094975859778268
jabref\src\main\java\org\jabref\logic\citationstyle\CitationStyleGenerator.java,0.21038593564714705,0.0,model,0.21038593564714705
jabref\src\main\java\org\jabref\gui\theme\ThemeManager.java,0.06719094003949846,0.026542050497872487,model,0.06719094003949846
jabref\src\test\java\org\jabref\logic\l10n\LocalizationConsistencyTest.java,0.11089866501944405,0.04619952951158796,model,0.11089866501944405
jabref\src\main\java\org\jabref\gui\preferences\customentrytypes\FieldViewModel.java,35.00651299953461,3256.5153884887695,preferences,3256.5153884887695
jabref\src\test\java\org\jabref\gui\edit\EditFieldContentTabViewModelTest.java,63.897252678871155,0.01868760756083897,model,63.897252678871155
jabref\src\main\java\org\jabref\gui\cleanup\CleanupAction.java,0.06885764939444405,3.0800768171037944,preferences,3.0800768171037944
jabref\src\main\java\org\jabref\gui\fieldeditors\GenderEditorViewModel.java,80.05644679069519,0.0,model,80.05644679069519
jabref\src\main\java\org\jabref\logic\layout\format\AuthorLastFirst.java,0.07405599185398647,0.0,model,0.07405599185398647
jabref\src\main\java\org\jabref\gui\push\PushToApplicationCommand.java,1.3417241777692521,1.0285714285714285,model,1.3417241777692521
jabref\src\main\java\org\jabref\model\entry\event\FieldAddedOrRemovedEvent.java,3347.614402770996,0.0,model,3347.614402770996
jabref\src\main\java\org\jabref\logic\importer\fetcher\transformers\IEEEQueryTransformer.java,0.08992620876857213,0.0,model,0.08992620876857213
jabref\src\main\java\org\jabref\logic\importer\fileformat\BiblioscapeImporter.java,0.1142733097076416,0.0,model,0.1142733097076416
jabref\src\test\java\org\jabref\logic\importer\fetcher\DOAJFetcherTest.java,0.7484032767159599,0.14196461268833704,model,0.7484032767159599
jabref\src\main\java\org\jabref\gui\exporter\CreateModifyExporterDialogView.java,0.06647812979561941,2.6901258196149556,preferences,2.6901258196149556
jabref\src\test\java\org\jabref\logic\bibtex\FieldWriterTest.java,0.14417591094970703,0.041737181799752374,model,0.14417591094970703
jabref\src\main\java\org\jabref\logic\importer\WebFetchers.java,0.10408977099827357,0.04785748209272112,model,0.10408977099827357
jabref\src\main\java\org\jabref\logic\formatter\casechanger\CapitalizeFormatter.java,0.09377589906964984,0.0,model,0.09377589906964984
jabref\src\main\java\org\jabref\logic\layout\format\AuthorLastFirstAbbreviator.java,0.07405599185398647,0.0,model,0.07405599185398647
jabref\src\main\java\org\jabref\gui\maintable\columns\FieldColumn.java,2.7174996512276786,0.0,model,2.7174996512276786
jabref\src\main\java\org\jabref\logic\importer\FetcherResult.java,0.07387791361127581,0.0,model,0.07387791361127581
jabref\src\main\java\org\jabref\preferences\CleanupPreferences.java,0.028576551164899554,3196.475028991699,preferences,3196.475028991699
jabref\src\test\java\org\jabref\logic\integrity\CitationKeyDeviationCheckerTest.java,0.07265313693455287,0.0,model,0.07265313693455287
jabref\src\main\java\org\jabref\model\openoffice\style\PageInfo.java,3083.24520111084,0.0,model,3083.24520111084
jabref\src\main\java\org\jabref\gui\fieldeditors\identifier\DoiIdentifierEditorViewModel.java,35.006354451179504,2.880309404645647,model,35.006354451179504
jabref\src\main\java\org\jabref\gui\desktop\os\Linux.java,0.08218070438929967,1.8134998866489955,preferences,1.8134998866489955
jabref\src\main\java\org\jabref\gui\mergeentries\newmergedialog\diffhighlighter\DiffHighlighter.java,0.028576677186148508,0.0,model,0.028576677186148508
jabref\src\main\java\org\jabref\preferences\PreviewPreferences.java,0.028576677186148508,3249.224967956543,preferences,3249.224967956543
jabref\src\main\java\org\jabref\gui\JabRefExecutorService.java,0.17355175018310548,0.013310473305838448,model,0.17355175018310548
jabref\src\test\java\org\jabref\logic\bibtex\comparator\BibtexStringComparatorTest.java,0.09709717205592565,0.0,model,0.09709717205592565
jabref\src\main\java\org\jabref\gui\util\BackgroundTask.java,0.6082205091203962,0.012948768479483468,model,0.6082205091203962
jabref\src\main\java\org\jabref\logic\layout\format\AuthorFirstLastCommas.java,0.07402604648045132,0.0,model,0.07402604648045132
jabref\src\main\java\org\jabref\gui\autocompleter\FieldValueSuggestionProvider.java,0.05714872223990304,0.0,model,0.05714872223990304
jabref\src\main\java\org\jabref\gui\maintable\MainTableDataModel.java,825.3545379638672,1.0,model,825.3545379638672
jabref\src\main\java\org\jabref\gui\fieldeditors\OptionEditor.java,0.1191091673714774,0.0,model,0.1191091673714774
jabref\src\test\java\org\jabref\logic\layout\format\LatexToUnicodeFormatterTest.java,0.18151509421212333,0.018002387455531527,model,0.18151509421212333
jabref\src\main\java\org\jabref\logic\journals\AbbreviationWriter.java,0.09471515927995955,0.0,model,0.09471515927995955
jabref\src\main\java\org\jabref\logic\search\DatabaseSearcher.java,0.1867191859654018,0.0,model,0.1867191859654018
jabref\src\main\java\org\jabref\gui\texparser\CitationsDisplay.java,0.7282833644321987,0.009592960562024798,model,0.7282833644321987
jabref\src\main\java\org\jabref\gui\entryeditor\fileannotationtab\FulltextSearchResultsTab.java,0.09055718694414411,1.0,preferences,1.0
jabref\src\main\java\org\jabref\logic\remote\server\RemoteMessageHandler.java,0.07417682238987514,0.0,model,0.07417682238987514
jabref\src\main\java\org\jabref\gui\util\uithreadaware\UiThreadStringProperty.java,0.028576847485133578,0.015022597994123187,model,0.028576847485133578
jabref\src\test\java\org\jabref\logic\importer\fileformat\PdfVerbatimBibTextImporterTest.java,0.0913177217755999,0.0,model,0.0913177217755999
jabref\src\test\java\org\jabref\gui\slr\ManageStudyDefinitionViewModelTest.java,106.96912884712219,0.013552482639040266,model,106.96912884712219
jabref\src\main\java\org\jabref\gui\externalfiles\FileFilterUtils.java,0.0596498966217041,0.0,model,0.0596498966217041
jabref\src\main\java\org\jabref\model\openoffice\uno\UnoNameAccess.java,3248.1678009033203,0.0,model,3248.1678009033203
jabref\src\main\java\org\jabref\model\metadata\ContentSelectors.java,2984.225845336914,0.0,model,2984.225845336914
jabref\src\main\java\org\jabref\model\entry\types\BiblatexApaEntryType.java,3181.32381439209,0.0,model,3181.32381439209
jabref\src\main\java\org\jabref\model\openoffice\uno\UnoCast.java,3258.5976791381836,0.0,model,3258.5976791381836
jabref\src\main\java\org\jabref\gui\preferences\protectedterms\NewProtectedTermsFileDialog.java,0.09424911226545062,3159.613571166992,preferences,3159.613571166992
jabref\src\main\java\org\jabref\logic\formatter\Formatters.java,0.09904381888253348,0.016242562021527972,model,0.09904381888253348
jabref\src\test\java\org\jabref\logic\integrity\UrlCheckerTest.java,0.07285759789603097,0.0,model,0.07285759789603097
jabref\src\main\java\org\jabref\model\schema\DublinCoreSchemaCustom.java,3099.449577331543,0.0,model,3099.449577331543
jabref\src\main\java\org\jabref\gui\search\GlobalSearchResultDialog.java,2.371323939732143,1.0,model,2.371323939732143
jabref\src\main\java\org\jabref\logic\integrity\PagesChecker.java,0.10083119528634207,0.0,model,0.10083119528634207
jabref\src\main\java\org\jabref\gui\collab\preamblechange\PreambleChange.java,0.05714856556483677,0.0,model,0.05714856556483677
jabref\src\main\java\org\jabref\logic\layout\format\DOICheck.java,0.07361772400992257,0.0,model,0.07361772400992257
jabref\src\test\java\org\jabref\logic\importer\fetcher\CiteSeerTest.java,0.0710272925240653,0.0,model,0.0710272925240653
jabref\src\main\java\org\jabref\model\entry\types\BiblatexSoftwareEntryTypeDefinitions.java,2810.4098510742188,0.0,model,2810.4098510742188
jabref\src\main\java\org\jabref\gui\util\RadioButtonCell.java,0.028576745305742536,0.0,model,0.028576745305742536
jabref\src\test\java\org\jabref\logic\layout\format\AuthorFirstLastCommasTest.java,0.07135843549455916,0.0,model,0.07135843549455916
jabref\src\test\java\org\jabref\logic\layout\format\ShortMonthFormatterTest.java,0.07296186174665178,0.0,model,0.07296186174665178
jabref\src\main\java\org\jabref\logic\integrity\BracketChecker.java,0.07312088693891253,0.0,model,0.07312088693891253
jabref\src\test\java\org\jabref\logic\remote\RemoteCommunicationTest.java,0.10324669565473284,0.019012575490134104,model,0.10324669565473284
jabref\src\main\java\org\jabref\gui\fieldeditors\LinkedFileViewModel.java,716.738166809082,3.003638131277902,model,716.738166809082
jabref\src\main\java\org\jabref\gui\util\TooltipTextUtil.java,0.06427622522626604,0.033694492067609515,model,0.06427622522626604
jabref\src\main\java\org\jabref\logic\importer\fetcher\DoiFetcher.java,0.12198178427559989,2.456410871233259,preferences,2.456410871233259
jabref\src\main\java\org\jabref\gui\exporter\SaveDatabaseAction.java,1.2652047293526785,2.7186104910714284,preferences,2.7186104910714284
jabref\src\main\java\org\jabref\gui\FXDialog.java,0.11815606525966099,0.0,model,0.11815606525966099
jabref\src\main\java\org\jabref\gui\preferences\customentrytypes\CustomEntryTypeViewModel.java,35.0073516368866,3518.5916137695312,preferences,3518.5916137695312
jabref\src\main\java\org\jabref\gui\preferences\nameformatter\NameFormatterItemModel.java,35.00694692134857,3392.205810546875,preferences,3392.205810546875
jabref\src\main\java\org\jabref\gui\help\AboutAction.java,0.0285773686000279,0.0,model,0.0285773686000279
jabref\src\main\java\org\jabref\model\groups\KeywordGroup.java,3106.81396484375,0.0,model,3106.81396484375
jabref\src\main\java\org\jabref\model\search\matchers\MatcherSets.java,3269.1375732421875,0.0,model,3269.1375732421875
jabref\src\main\java\org\jabref\logic\util\UnknownFileType.java,0.07245392118181501,0.0,model,0.07245392118181501
jabref\src\main\java\org\jabref\gui\slr\ManageStudyDefinitionViewModel.java,96.24067068099976,0.02396472351891654,model,96.24067068099976
jabref\src\main\java\org\jabref\gui\preferences\table\TableTabViewModel.java,35.00397205352783,3388.8583374023438,preferences,3388.8583374023438
jabref\src\test\java\org\jabref\logic\exporter\OpenOfficeDocumentCreatorTest.java,0.1602748189653669,0.016497114726475307,model,0.1602748189653669
jabref\src\main\java\org\jabref\gui\groups\GroupDescriptions.java,0.04317963123321533,0.0,model,0.04317963123321533
jabref\src\main\java\org\jabref\gui\citationkeypattern\GenerateCitationKeySingleAction.java,0.057148490633283346,1.0,preferences,1.0
jabref\src\main\java\org\jabref\gui\actions\JabRefAction.java,0.06086062022617885,0.0,model,0.06086062022617885
jabref\src\main\java\org\jabref\gui\fieldeditors\TextInputControlBehavior.java,0.028575256892613,0.0,model,0.028575256892613
jabref\src\main\java\org\jabref\logic\shared\event\ConnectionLostEvent.java,0.1264746802193778,0.0,model,0.1264746802193778
jabref\src\main\java\org\jabref\logic\importer\fileformat\MsBibImporter.java,0.07119090897696359,0.0,model,0.07119090897696359
jabref\src\main\java\org\jabref\gui\importer\actions\CheckForNewEntryTypesAction.java,1.3378620692661831,0.0,model,1.3378620692661831
jabref\src\main\java\org\jabref\gui\collab\metedatachange\MetadataChangeDetailsView.java,1.1401807512555804,1.060469709123884,model,1.1401807512555804
jabref\src\main\java\org\jabref\logic\l10n\Localization.java,0.06945153645106725,0.0087384147303445,model,0.06945153645106725
jabref\src\main\java\org\jabref\logic\integrity\IntegrityCheck.java,0.09976233754839216,0.0,model,0.09976233754839216
jabref\src\main\java\org\jabref\gui\search\rules\describer\ContainsAndRegexBasedSearchRuleDescriber.java,0.07777019909449986,0.0,model,0.07777019909449986
jabref\src\main\java\org\jabref\gui\entryeditor\FieldsEditorTab.java,1.3214012145996095,2.8590144566127234,preferences,2.8590144566127234
jabref\src\main\java\org\jabref\gui\collab\DatabaseChangesResolverDialog.java,0.11785178865705218,1.0,preferences,1.0
jabref\src\test\java\org\jabref\logic\formatter\casechanger\ProtectTermsFormatterTest.java,0.07207046917506627,0.0,model,0.07207046917506627
jabref\src\main\java\org\jabref\gui\push\PushToTeXstudio.java,0.06551191466195243,1.0223917279924666,preferences,1.0223917279924666
jabref\src\main\java\org\jabref\logic\openoffice\action\ExportCited.java,0.13028670719691685,0.011031324522835867,model,0.13028670719691685
jabref\src\main\java\org\jabref\gui\util\CustomLocalDragboard.java,0.12199399130684989,0.0,model,0.12199399130684989
jabref\src\main\java\org\jabref\gui\util\uithreadaware\UiThreadBinding.java,0.02857691560472761,0.0,model,0.02857691560472761
jabref\src\main\java\org\jabref\model\strings\LatexToUnicodeAdapter.java,3195.347366333008,0.0,model,3195.347366333008
jabref\src\main\java\org\jabref\logic\database\DuplicateCheck.java,0.19970038277762278,0.009374082088470459,model,0.19970038277762278
jabref\src\main\java\org\jabref\gui\push\PushToVimSettings.java,0.028577136993408202,2.986051068987165,preferences,2.986051068987165
jabref\src\main\java\org\jabref\gui\groups\UndoableChangeEntriesOfGroup.java,0.6859583718436105,0.0,model,0.6859583718436105
jabref\src\main\java\org\jabref\logic\openoffice\style\OOBibStyleGetCitationMarker.java,0.09709642274039132,0.04407929692949567,model,0.09709642274039132
jabref\src\main\java\org\jabref\logic\importer\fetcher\transformers\JstorQueryTransformer.java,0.07275469643729074,0.0,model,0.07275469643729074
jabref\src\main\java\org\jabref\gui\edit\EditAction.java,0.16480234691074916,0.08087776729038783,model,0.16480234691074916
jabref\src\main\java\org\jabref\gui\preferences\general\GeneralTab.java,0.028576551164899554,3182.961769104004,preferences,3182.961769104004
jabref\src\main\java\org\jabref\gui\search\SearchTextField.java,0.02857731410435268,0.0,model,0.02857731410435268
jabref\src\test\java\org\jabref\support\DisabledOnCIServer.java,0.028577440125601632,0.0,model,0.028577440125601632
jabref\src\main\java\org\jabref\gui\preferences\customimporter\CustomImporterTab.java,0.046577654566083634,3262.1267318725586,preferences,3262.1267318725586
jabref\src\main\java\org\jabref\gui\dialogs\AutosaveUiManager.java,0.0714102131979806,0.0,model,0.0714102131979806
jabref\src\main\java\org\jabref\gui\integrity\IntegrityCheckDialog.java,0.08695519992283413,0.0,model,0.08695519992283413
jabref\src\main\java\org\jabref\model\groups\RegexKeywordGroup.java,3026.8738174438477,0.0,model,3026.8738174438477
jabref\src\test\java\org\jabref\logic\layout\format\AuthorLastFirstTest.java,0.0722597667149135,0.0,model,0.0722597667149135
jabref\src\main\java\org\jabref\gui\preferences\citationkeypattern\CitationKeyPatternTab.java,0.028576316152300153,3092.7938842773438,preferences,3092.7938842773438
jabref\src\main\java\org\jabref\model\ChainNode.java,3982.248954772949,0.021656748226710727,model,3982.248954772949
jabref\src\main\java\org\jabref\logic\shared\MySQLProcessor.java,0.09913293974740164,1.004065159388951,preferences,1.004065159388951
jabref\src\test\java\org\jabref\logic\l10n\LocalizationKeyTest.java,0.15844815117972239,0.025913122722080777,model,0.15844815117972239
jabref\src\main\java\org\jabref\model\openoffice\rangesort\RangeHolder.java,3305.087661743164,0.0,model,3305.087661743164
jabref\src\test\java\org\jabref\model\entry\KeywordTest.java,3168.490676879883,0.01297710623059954,model,3168.490676879883
jabref\src\main\java\org\jabref\logic\shared\listener\OracleNotificationListener.java,0.14698467254638672,0.0,model,0.14698467254638672
jabref\src\main\java\org\jabref\gui\menus\ChangeEntryTypeAction.java,0.028577024596078054,0.0,model,0.028577024596078054
jabref\src\test\java\org\jabref\logic\integrity\ASCIICharacterCheckerTest.java,0.1460494041442871,0.0,model,0.1460494041442871
jabref\src\test\java\org\jabref\logic\formatter\bibtexfields\NormalizeDateFormatterTest.java,0.06920147623334612,0.0,model,0.06920147623334612
jabref\src\main\java\org\jabref\gui\fieldeditors\URLUtil.java,0.028576316152300153,0.0,model,0.028576316152300153
jabref\src\main\java\org\jabref\gui\collab\stringrename\BibTexStringRenameDetailsView.java,0.09654714039393834,0.0,model,0.09654714039393834
jabref\src\test\java\org\jabref\model\entry\identifier\IacrEprintTest.java,3106.81396484375,0.0,model,3106.81396484375
jabref\src\main\java\org\jabref\gui\preferences\customexporter\CustomExporterTabViewModel.java,35.006354451179504,3700.480422973633,preferences,3700.480422973633
jabref\src\main\java\org\jabref\logic\integrity\ValidCitationKeyChecker.java,0.07344871248517718,0.0,model,0.07344871248517718
jabref\src\main\java\org\jabref\gui\preferences\customentrytypes\CustomEntryTypesTabViewModel.java,1146.3162231445312,2752.532157897949,preferences,2752.532157897949
jabref\buildSrc\src\copied\java\org\jabref\logic\journals\JournalAbbreviationLoader.java,0.12274270738874163,0.0,model,0.12274270738874163
jabref\src\main\java\org\jabref\logic\formatter\casechanger\Title.java,0.07296186174665178,0.0,model,0.07296186174665178
jabref\src\main\java\org\jabref\logic\exporter\XmpPdfExporter.java,0.11808152879987444,0.0,model,0.11808152879987444
jabref\src\test\java\org\jabref\logic\importer\fetcher\isbntobibtex\IsbnFetcherTest.java,0.08387041773114885,0.015392977850777763,model,0.08387041773114885
jabref\src\main\java\org\jabref\gui\fieldeditors\OptionEditorViewModel.java,35.007222294807434,0.0,model,35.007222294807434
jabref\src\test\java\org\jabref\logic\database\DatabaseMergerTest.java,0.1088360173361642,0.0,model,0.1088360173361642
jabref\src\test\java\org\jabref\logic\crawler\StudyDatabaseToFetcherConverterTest.java,0.09223814691816057,1.0,preferences,1.0
jabref\src\main\java\org\jabref\logic\exporter\SaveConfiguration.java,0.09219185284205846,0.0,model,0.09219185284205846
jabref\src\main\java\module-info.java,0.8845558166503906,0.04677016394478934,model,0.8845558166503906
jabref\src\main\java\org\jabref\logic\shared\exception\SharedEntryNotPresentException.java,0.10233269418988909,0.0,model,0.10233269418988909
jabref\src\test\java\org\jabref\logic\layout\format\RemoveTildeTest.java,0.07245392118181501,0.0,model,0.07245392118181501
jabref\src\test\java\org\jabref\migrations\SpecialFieldsToSeparateFieldsTest.java,0.02857776709965297,0.0,model,0.02857776709965297
jabref\src\main\java\org\jabref\model\openoffice\uno\UnoRedlines.java,3204.625015258789,0.0,model,3204.625015258789
jabref\src\test\java\org\jabref\logic\layout\format\AuthorLastFirstOxfordCommasTest.java,0.0722597667149135,0.0,model,0.0722597667149135
jabref\src\test\java\org\jabref\gui\autocompleter\DefaultAutoCompleterTest.java,0.0571469851902553,0.0,model,0.0571469851902553
jabref\src\test\java\org\jabref\logic\layout\format\AuthorLF_FFAbbrTest.java,0.07350466591971261,0.0,model,0.07350466591971261
jabref\src\test\java\org\jabref\logic\layout\format\AuthorFirstAbbrLastOxfordCommasTest.java,0.0722597667149135,0.0,model,0.0722597667149135
jabref\src\main\java\org\jabref\model\openoffice\ootext\OOFormat.java,3048.9987564086914,0.0,model,3048.9987564086914
jabref\src\main\java\org\jabref\gui\duplicationFinder\DuplicateSearch.java,0.057146310806274414,1.0449713570731027,preferences,1.0449713570731027
jabref\src\main\java\org\jabref\logic\layout\format\XMLChars.java,0.9991385323660714,0.0,model,0.9991385323660714
jabref\src\main\java\org\jabref\logic\importer\Importer.java,0.1637249265398298,0.0,model,0.1637249265398298
jabref\src\main\java\org\jabref\logic\crawler\StudyFetcher.java,0.08640737533569336,0.0,model,0.08640737533569336
jabref\src\main\java\org\jabref\model\openoffice\rangesort\RangeOverlapBetween.java,2867.800750732422,0.0,model,2867.800750732422
jabref\src\main\java\org\jabref\gui\search\rules\describer\SearchDescriber.java,0.028577474185398646,0.0,model,0.028577474185398646
jabref\src\main\java\org\jabref\logic\util\strings\StringLengthComparator.java,0.07379027775355748,0.0,model,0.07379027775355748
jabref\src\main\java\org\jabref\gui\util\comparator\SpecialFieldComparator.java,0.028577256202697753,0.0,model,0.028577256202697753
jabref\src\main\java\org\jabref\logic\layout\format\NotFoundFormatter.java,0.0737323556627546,0.0,model,0.0737323556627546
jabref\src\main\java\org\jabref\gui\commonfxcontrols\FieldFormatterCleanupsPanelViewModel.java,123.38078618049622,0.0,model,123.38078618049622
jabref\src\test\java\org\jabref\logic\importer\util\FileFieldParserTest.java,0.11957736696515764,0.0524630001613072,model,0.11957736696515764
jabref\src\main\java\org\jabref\logic\layout\format\WrapContent.java,0.0733379568372454,0.0,model,0.0733379568372454
jabref\src\main\java\org\jabref\gui\edit\ReplaceStringAction.java,0.028577286856515068,0.02857142857142857,model,0.028577286856515068
jabref\src\main\java\org\jabref\migrations\ConvertMarkingToGroups.java,0.028576316152300153,0.0,model,0.028576316152300153
jabref\src\main\java\org\jabref\gui\openoffice\StyleSelectDialogViewModel.java,88.61932635307312,1.0,model,88.61932635307312
jabref\src\main\java\org\jabref\logic\importer\fetcher\isbntobibtex\DoiToBibtexConverterComIsbnFetcher.java,0.15460985728672572,0.0,model,0.15460985728672572
jabref\src\main\java\org\jabref\logic\integrity\EntryChecker.java,0.074146454674857,0.0,model,0.074146454674857
jabref\src\main\java\org\jabref\gui\mergeentries\newmergedialog\ThreeWayMergeHeaderView.java,0.028577024596078054,0.0,model,0.028577024596078054
jabref\src\main\java\org\jabref\gui\specialfields\SpecialFieldsPreferences.java,0.028577344758169993,17.073327600955963,preferences,17.073327600955963
jabref\src\test\java\org\jabref\gui\commonfxcontrols\SaveOrderPanelViewModelTest.java,35.00598728656769,0.0,model,35.00598728656769
jabref\src\main\java\org\jabref\gui\util\NoSelectionModel.java,35.006901025772095,0.0,model,35.006901025772095
jabref\src\main\java\org\jabref\logic\importer\fileformat\MrDLibImporter.java,0.16686578478131975,0.0,model,0.16686578478131975
jabref\src\main\java\org\jabref\model\database\BibDatabases.java,3434.0222549438477,0.0,model,3434.0222549438477
jabref\src\main\java\org\jabref\gui\openoffice\OOBibBaseConnect.java,0.07439261163984026,0.02749167169843401,model,0.07439261163984026
jabref\src\main\java\org\jabref\gui\collab\DatabaseChangeList.java,0.05714774131774902,0.0,model,0.05714774131774902
jabref\src\main\java\org\jabref\gui\push\PushToApplicationSettings.java,0.05047522612980434,2.9445042201450895,preferences,2.9445042201450895
jabref\src\main\java\org\jabref\logic\importer\fetcher\transformers\YearRangeByFilteringQueryTransformer.java,0.0733931405203683,0.0,model,0.0733931405203683
jabref\src\main\java\org\jabref\gui\util\uithreadaware\UiThreadObservableList.java,0.07210540090288435,0.011907406364168439,model,0.07210540090288435
jabref\src\main\java\org\jabref\gui\theme\StyleSheetFile.java,0.16245159421648298,0.03792246409824916,model,0.16245159421648298
jabref\src\main\java\org\jabref\model\entry\Keyword.java,2904.821891784668,0.013552482639040266,model,2904.821891784668
jabref\src\test\java\org\jabref\logic\bst\BstVMTest.java,2.15900137765067,0.023167027745928083,model,2.15900137765067
jabref\src\main\java\org\jabref\logic\layout\format\FormatPagesForXML.java,0.07405599185398647,0.0,model,0.07405599185398647
jabref\src\main\java\org\jabref\logic\layout\format\DocBookVersion.java,0.07420730590820312,0.0,model,0.07420730590820312
jabref\src\main\java\org\jabref\model\database\event\AutosaveEvent.java,3412.605209350586,0.0,model,3412.605209350586
jabref\src\main\java\org\jabref\model\database\event\EntriesRemovedEvent.java,3530.139274597168,0.0,model,3530.139274597168
jabref\src\test\java\org\jabref\logic\importer\fileformat\BiblioscapeImporterFilesTest.java,0.07312088693891253,0.0,model,0.07312088693891253
jabref\src\main\java\org\jabref\gui\cleanup\CleanupSingleAction.java,0.05714763232639858,3.0839141845703124,preferences,3.0839141845703124
jabref\src\main\java\org\jabref\gui\autocompleter\PersonNameStringConverter.java,0.05714834758213588,2.85896977015904,preferences,2.85896977015904
jabref\src\test\java\org\jabref\logic\importer\fileformat\EndnoteImporterTest.java,0.22553652354649134,0.029708405903407505,model,0.22553652354649134
jabref\src\main\java\org\jabref\model\study\Study.java,2958.9793395996094,0.0,model,2958.9793395996094
jabref\src\main\java\org\jabref\gui\mergeentries\newmergedialog\cell\OpenExternalLinkAction.java,0.028577136993408202,0.0,model,0.028577136993408202
jabref\src\main\java\org\jabref\gui\edit\CopyDoiUrlAction.java,0.07357958384922572,0.0,model,0.07357958384922572
jabref\src\main\java\org\jabref\logic\citationkeypattern\GlobalCitationKeyPattern.java,0.07379027775355748,0.0,model,0.07379027775355748
jabref\src\main\java\org\jabref\logic\layout\format\NameFormatter.java,0.12786851610456193,0.0,model,0.12786851610456193
jabref\src\main\java\org\jabref\logic\importer\ParserResult.java,0.1843160356794085,0.01324744735445295,model,0.1843160356794085
jabref\src\main\java\org\jabref\gui\LibraryTab.java,1.6449923924037388,1.0230140686035156,model,1.6449923924037388
jabref\src\test\java\org\jabref\migrations\MergeReviewIntoCommentActionMigrationTest.java,0.04176594189235142,0.05644181115286691,preferences,0.05644181115286691
jabref\src\main\java\org\jabref\gui\fieldeditors\contextmenu\DefaultMenu.java,0.0755082471030099,0.01324744735445295,model,0.0755082471030099
jabref\src\main\java\org\jabref\logic\layout\format\CreateBibORDFAuthors.java,0.07188585826328822,0.06261662074497767,model,0.07188585826328822
jabref\src\main\java\org\jabref\gui\entryeditor\fileannotationtab\FileAnnotationTab.java,0.02857709952763149,0.0,model,0.02857709952763149
jabref\src\main\java\org\jabref\logic\openoffice\backend\NamedRangeReferenceMark.java,0.08610185895647321,0.0,model,0.08610185895647321
jabref\src\main\java\org\jabref\model\database\event\EntriesAddedEvent.java,3489.684944152832,0.0,model,3489.684944152832
jabref\src\test\java\org\jabref\logic\bst\BstPreviewLayoutTest.java,0.9221188136509486,0.062251199994768414,model,0.9221188136509486
jabref\src\main\java\org\jabref\logic\importer\FulltextFetcher.java,0.0739962100982666,0.0,model,0.0739962100982666
jabref\src\main\java\org\jabref\logic\bst\BstFunctions.java,0.161760561806815,0.07680858203342983,model,0.161760561806815
jabref\src\main\java\org\jabref\logic\shared\DBMSConnectionPropertiesBuilder.java,0.10102534975324358,0.08017588342939104,model,0.10102534975324358
jabref\src\main\java\org\jabref\gui\collab\stringadd\BibTexStringAddDetailsView.java,0.09420960971287319,0.0,model,0.09420960971287319
jabref\src\test\java\org\jabref\logic\cleanup\CleanupWorkerTest.java,0.11392336572919573,0.017046007088252477,model,0.11392336572919573
jabref\src\main\java\org\jabref\gui\preferences\PreferencesDialogView.java,0.11344988686697824,3246.819839477539,preferences,3246.819839477539
jabref\src\main\java\org\jabref\gui\fieldeditors\LinkedEntriesEditorViewModel.java,70.00680923461914,0.0,model,70.00680923461914
jabref\src\main\java\org\jabref\gui\keyboard\KeyBindingRepository.java,0.6779219491141183,0.0,model,0.6779219491141183
jabref\src\main\java\org\jabref\logic\crawler\StudyDatabaseToFetcherConverter.java,0.07275469643729074,0.012561661005020142,model,0.07275469643729074
jabref\src\main\java\org\jabref\gui\externalfiles\UnlinkedFilesDialogViewModel.java,97.83191204071045,2.9780792236328124,model,97.83191204071045
jabref\src\main\java\org\jabref\logic\shared\listener\PostgresSQLNotificationListener.java,0.0730675220489502,0.0,model,0.0730675220489502
jabref\src\main\java\org\jabref\gui\preferences\ShowPreferencesAction.java,0.02857732432229178,3478.763198852539,preferences,3478.763198852539
jabref\src\test\java\org\jabref\logic\formatter\casechanger\UpperCaseFormatterTest.java,0.07275469643729074,0.05099872861589704,model,0.07275469643729074
jabref\src\main\java\org\jabref\model\openoffice\style\CitationType.java,3279.7890853881836,0.0,model,3279.7890853881836
jabref\src\main\java\org\jabref\gui\preferences\nameformatter\NameFormatterTabViewModel.java,35.00627517700195,3512.142868041992,preferences,3512.142868041992
jabref\src\test\java\org\jabref\logic\pdf\search\indexing\DocumentReaderTest.java,0.16931382587977817,0.02719295024871826,model,0.16931382587977817
jabref\src\main\java\org\jabref\gui\preferences\AbstractPreferenceTabView.java,0.678505870274135,3429.0087890625,preferences,3429.0087890625
jabref\src\test\java\org\jabref\gui\exporter\ExportToClipboardActionTest.java,0.5408297402518136,2.906368364606585,preferences,2.906368364606585
jabref\src\main\java\org\jabref\model\groups\AbstractGroup.java,2832.409553527832,0.0,model,2832.409553527832
jabref\src\test\java\org\jabref\gui\groups\GroupTreeViewModelTest.java,3514.9119567871094,1.0,model,3514.9119567871094
jabref\src\main\java\org\jabref\logic\importer\fetcher\AstrophysicsDataSystem.java,0.9803635733468192,2.351072256905692,preferences,2.351072256905692
jabref\src\test\java\org\jabref\logic\importer\fileformat\ImporterTestEngine.java,0.09380522455487933,0.01829989126750401,model,0.09380522455487933
jabref\src\main\java\org\jabref\gui\preferences\externalfiletypes\ExternalFileTypeItemViewModel.java,35.00672161579132,3322.1681594848633,preferences,3322.1681594848633
jabref\src\test\java\org\jabref\logic\importer\fetcher\transformers\GVKQueryTransformerTest.java,0.09280787195478167,0.05366611140114921,model,0.09280787195478167
jabref\src\main\java\org\jabref\gui\entryeditor\OptionalFieldsTab.java,0.057148586000714985,2.7870518275669642,preferences,2.7870518275669642
jabref\src\main\java\org\jabref\gui\texparser\ReferenceViewModel.java,81.66507005691528,0.0,model,81.66507005691528
jabref\src\test\java\org\jabref\logic\integrity\IntegrityCheckTest.java,0.8892680031912668,0.032781243324279785,model,0.8892680031912668
jabref\src\main\java\org\jabref\gui\util\JabRefResourceLocator.java,0.028577419689723424,0.0,model,0.028577419689723424
jabref\src\main\java\org\jabref\model\openoffice\style\CitationGroups.java,2562.3878860473633,0.072653899874006,model,2562.3878860473633
jabref\src\main\java\org\jabref\model\groups\AutomaticPersonsGroup.java,3094.954147338867,0.012171989679336548,model,3094.954147338867
jabref\src\main\java\org\jabref\logic\xmp\XmpPreferences.java,0.07328313418797085,19.52390730381012,preferences,19.52390730381012
jabref\src\main\java\org\jabref\gui\copyfiles\CopyFilesAction.java,0.1589749608721052,1.0285714285714285,preferences,1.0285714285714285
jabref\src\main\java\org\jabref\gui\preferences\entry\EntryTab.java,0.028576615878513883,3206.8806076049805,preferences,3206.8806076049805
jabref\src\main\java\org\jabref\gui\mergeentries\MultiMergeEntriesViewModel.java,35.006200075149536,0.017493374007088797,model,35.006200075149536
jabref\src\main\java\org\jabref\gui\undo\UndoablePreambleChange.java,0.028577235766819545,0.0,model,0.028577235766819545
jabref\src\test\java\org\jabref\logic\formatter\bibtexfields\HtmlToUnicodeFormatterTest.java,0.15168579646519254,0.0,model,0.15168579646519254
jabref\src\main\java\org\jabref\logic\pdf\FileAnnotationCache.java,0.1529097420828683,0.0,model,0.1529097420828683
jabref\src\main\java\org\jabref\gui\fieldeditors\CitationKeyEditor.java,0.05714823859078544,3.0180858067103795,preferences,3.0180858067103795
jabref\src\main\java\org\jabref\model\util\OptionalUtil.java,2798.542823791504,0.0,model,2798.542823791504
jabref\src\main\java\org\jabref\gui\edit\automaticfiededitor\editfieldcontent\EditFieldContentTabView.java,0.08875437464032854,0.0,model,0.08875437464032854
jabref\src\main\java\org\jabref\logic\importer\EntryBasedParserFetcher.java,0.07245392118181501,0.0,model,0.07245392118181501
jabref\src\main\java\org\jabref\logic\formatter\bibtexfields\EscapeAmpersandsFormatter.java,0.07135843549455916,0.0,model,0.07135843549455916
jabref\src\test\java\org\jabref\model\search\rules\MockSearchMatcher.java,3276.226119995117,0.0,model,3276.226119995117
jabref\src\main\java\org\jabref\preferences\PreferencesService.java,0.04823862143925258,3363.6366653442383,preferences,3363.6366653442383
jabref\src\main\java\org\jabref\logic\integrity\IntegrityMessage.java,0.10532185690743583,0.0,model,0.10532185690743583
jabref\src\main\java\org\jabref\model\openoffice\style\OODataModel.java,3168.498420715332,0.01297710623059954,model,3168.498420715332
jabref\src\main\java\org\jabref\logic\remote\RemoteUtil.java,0.0741161891392299,0.0,model,0.0741161891392299
jabref\src\test\java\org\jabref\logic\importer\fetcher\MrDLibFetcherTest.java,0.1458296912057059,0.0,model,0.1458296912057059
jabref\src\main\java\org\jabref\gui\mergeentries\MergeWithFetchedEntryAction.java,0.045507403782435826,1.129628426688058,preferences,1.129628426688058
jabref\src\main\java\org\jabref\logic\layout\format\AuthorLF_FFAbbr.java,0.07393685068402972,0.0,model,0.07393685068402972
jabref\src\test\java\org\jabref\logic\integrity\DoiDuplicationCheckerTest.java,0.09943887165614537,0.03878373418535505,model,0.09943887165614537
jabref\src\main\java\org\jabref\logic\importer\fetcher\transformers\ArXivQueryTransformer.java,0.11265736307416643,0.0,model,0.11265736307416643
jabref\src\test\java\org\jabref\logic\importer\fileformat\BibtexImporterTest.java,1.7017574855259487,0.09870683806283133,model,1.7017574855259487
jabref\src\main\java\org\jabref\logic\protectedterms\ProtectedTermsParser.java,0.09565717833382743,0.0,model,0.09565717833382743
jabref\src\main\java\org\jabref\logic\integrity\DoiDuplicationChecker.java,0.23012916019984653,0.02767312356403896,model,0.23012916019984653
jabref\src\test\java\org\jabref\logic\importer\fileformat\PdfGrobidImporterTest.java,0.21457955496651784,0.017325711250305176,model,0.21457955496651784
jabref\src\main\java\org\jabref\logic\citationkeypattern\CitationKeyGenerator.java,0.09730396270751954,0.01805324043546404,model,0.09730396270751954
jabref\src\main\java\org\jabref\gui\search\SearchFieldRightClickMenu.java,0.06482551438467843,0.021976222310747417,model,0.06482551438467843
jabref\src\main\java\org\jabref\logic\importer\fetcher\MedlineFetcher.java,0.2640995843069894,0.0,model,0.2640995843069894
jabref\src\main\java\org\jabref\gui\commonfxcontrols\CitationKeyPatternPanelViewModel.java,35.006200075149536,0.0,model,35.006200075149536
jabref\src\main\java\org\jabref\model\search\rules\GrammarBasedSearchRule.java,2421.1899948120117,0.034379311970302036,model,2421.1899948120117
jabref\src\main\java\org\jabref\gui\collab\DatabaseChangeResolver.java,0.05714883804321289,0.0,model,0.05714883804321289
jabref\src\main\java\org\jabref\gui\edit\automaticfiededitor\copyormovecontent\CopyOrMoveFieldContentTabViewModel.java,35.005261301994324,0.0,model,35.005261301994324
jabref\src\test\java\org\jabref\logic\importer\fetcher\DoiResolutionTest.java,0.07086744308471679,0.0,model,0.07086744308471679
jabref\src\main\java\org\jabref\model\pdf\search\SearchResult.java,2981.4706420898438,0.0,model,2981.4706420898438
jabref\src\main\java\org\jabref\model\entry\SharedBibEntryData.java,3168.490676879883,0.0,model,3168.490676879883
jabref\src\main\java\org\jabref\gui\search\RebuildFulltextSearchIndexAction.java,0.057147979736328125,0.02857142857142857,model,0.057147979736328125
jabref\src\test\java\org\jabref\logic\formatter\minifier\TruncateFormatterTest.java,0.0722597667149135,0.0,model,0.0722597667149135
jabref\src\test\java\org\jabref\logic\importer\fetcher\PicaXmlParserTest.java,0.07086744308471679,0.025172790459224156,model,0.07086744308471679
jabref\src\main\java\org\jabref\architecture\AllowedToUseSwing.java,0.028577559334891183,0.0,model,0.028577559334891183
jabref\src\main\java\org\jabref\gui\preferences\xmp\XmpPrivacyTabViewModel.java,35.00598728656769,3092.7938842773438,preferences,3092.7938842773438
jabref\src\test\java\org\jabref\logic\layout\format\DefaultTest.java,0.10558429445539202,0.0,model,0.10558429445539202
jabref\src\test\java\org\jabref\logic\net\URLDownloadTest.java,0.09218108313424246,0.008248557363237654,model,0.09218108313424246
jabref\src\test\java\org\jabref\model\FieldChangeTest.java,3005.2893447875977,0.0,model,3005.2893447875977
jabref\src\main\java\org\jabref\logic\msbib\MSBibEntry.java,0.6994285038539342,0.10857779639107841,model,0.6994285038539342
jabref\src\test\java\org\jabref\model\pdf\FileAnnotationTest.java,3005.6858825683594,0.016242562021527972,model,3005.6858825683594
jabref\src\main\java\org\jabref\gui\undo\UndoableRemoveEntries.java,0.028576551164899554,0.02916426658630371,preferences,0.02916426658630371
jabref\src\main\java\org\jabref\logic\importer\SearchBasedParserFetcher.java,0.07207046917506627,0.0,model,0.07207046917506627
jabref\src\test\java\org\jabref\logic\importer\util\GrobidServiceTest.java,0.1069195066179548,0.0,model,0.1069195066179548
jabref\src\main\java\org\jabref\logic\importer\fetcher\DoiResolution.java,0.07793934004647392,0.02857142857142857,model,0.07793934004647392
jabref\src\main\java\org\jabref\logic\msbib\MsBibAuthor.java,0.07265313693455287,0.0,model,0.07265313693455287
jabref\src\main\java\org\jabref\logic\bst\BstVMVisitor.java,0.07959416934422084,0.014480173587799072,model,0.07959416934422084
jabref\src\test\java\org\jabref\logic\remote\RemoteSetupTest.java,0.08249565533229283,0.0,model,0.08249565533229283
jabref\buildSrc\src\copied\java\org\jabref\logic\journals\AbbreviationParser.java,0.08992620876857213,0.0,model,0.08992620876857213
jabref\src\test\java\org\jabref\logic\importer\fetcher\GvkFetcherTest.java,0.13016206196376257,0.04088592869894845,model,0.13016206196376257
jabref\src\main\java\org\jabref\gui\util\CustomTitledPaneSkin.java,0.02857555661882673,0.008023662226540702,model,0.02857555661882673
jabref\src\test\java\org\jabref\logic\exporter\ModsExportFormatFilesTest.java,0.7254167829241072,0.025382806573595318,model,0.7254167829241072
jabref\src\test\java\org\jabref\gui\externalfiles\UnlinkedFilesCrawlerTest.java,0.1530052730015346,0.017023631504603794,model,0.1530052730015346
jabref\src\main\java\org\jabref\model\search\rules\ContainsBasedSearchRule.java,3048.9987564086914,0.05477960450308664,model,3048.9987564086914
jabref\src\main\java\org\jabref\logic\cleanup\RenamePdfCleanup.java,0.14501923152378626,0.0,model,0.14501923152378626
jabref\src\main\java\org\jabref\logic\layout\format\DOIStrip.java,0.07384860174996512,0.0,model,0.07384860174996512
jabref\src\main\java\org\jabref\model\study\StudyQuery.java,3174.8857498168945,0.0,model,3174.8857498168945
jabref\src\main\java\org\jabref\model\search\rules\SearchRule.java,3272.675437927246,0.0,model,3272.675437927246
jabref\src\main\java\org\jabref\gui\maintable\columns\MainTableColumn.java,2.9102308000837054,0.0,model,2.9102308000837054
jabref\src\main\java\org\jabref\logic\exporter\AtomicFileWriter.java,0.09228754724775041,0.012561661005020142,model,0.09228754724775041
jabref\src\test\java\org\jabref\gui\externalfiles\GitIgnoreFileFilterTest.java,0.050213769504002165,0.0,model,0.050213769504002165
jabref\src\main\java\org\jabref\model\metadata\event\MetaDataChangedEvent.java,3343.925132751465,0.0,model,3343.925132751465
jabref\src\main\java\org\jabref\model\groups\AutomaticGroup.java,3194.330520629883,0.013269681589944023,model,3194.330520629883
jabref\src\test\java\org\jabref\logic\importer\fetcher\SpringerLinkTest.java,0.106086151940482,0.04713515554155622,model,0.106086151940482
jabref\src\main\java\org\jabref\logic\citationstyle\CitationStyleOutputFormat.java,0.07364623206002371,0.0,model,0.07364623206002371
jabref\src\test\java\org\jabref\logic\cleanup\DoiDecodeCleanupTest.java,0.07086744308471679,0.0,model,0.07086744308471679
jabref\src\main\java\org\jabref\model\openoffice\rangesort\FunctionalTextViewCursor.java,2832.409553527832,0.0,model,2832.409553527832
jabref\src\main\java\org\jabref\logic\formatter\casechanger\ProtectTermsFormatter.java,0.12505265644618443,0.0,model,0.12505265644618443
jabref\src\test\java\org\jabref\gui\mergeentries\ThreeWayMergeViewModelTest.java,49.89524245262146,0.031827569007873535,model,49.89524245262146
jabref\src\main\java\org\jabref\gui\push\PushToWinEdt.java,0.028577256202697753,1.0,preferences,1.0
jabref\src\main\java\org\jabref\gui\externalfiles\FindUnlinkedFilesAction.java,0.028577344758169993,0.02857142857142857,model,0.028577344758169993
jabref\src\test\java\org\jabref\logic\importer\fetcher\transformers\ArXivQueryTransformerTest.java,0.09344713347298758,0.0,model,0.09344713347298758
jabref\src\main\java\org\jabref\logic\database\DatabaseMerger.java,0.09802189554486956,0.0,model,0.09802189554486956
jabref\src\main\java\org\jabref\model\search\rules\RegexBasedSearchRule.java,3026.8738174438477,0.05371291978018625,model,3026.8738174438477
jabref\src\main\java\org\jabref\model\database\BibDatabaseModeDetection.java,3276.27498626709,0.0,model,3276.27498626709
jabref\src\main\java\org\jabref\logic\layout\format\CSLType.java,0.07350466591971261,0.0,model,0.07350466591971261
jabref\src\main\java\org\jabref\gui\Globals.java,0.04034763744899205,0.043982842990330284,preferences,0.043982842990330284
jabref\src\main\java\org\jabref\gui\undo\CountingUndoManager.java,0.0733463968549456,0.0,model,0.0733463968549456
jabref\src\main\java\org\jabref\gui\collab\stringdelete\BibTexStringDeleteDetailsView.java,0.15724716186523438,0.0,model,0.15724716186523438
jabref\src\main\java\org\jabref\model\openoffice\style\CitedKey.java,2927.5137329101562,0.05782888957432338,model,2927.5137329101562
jabref\src\test\java\org\jabref\model\database\BibDatabaseContextTest.java,2660.8093643188477,0.07891313007899693,model,2660.8093643188477
jabref\src\main\java\org\jabref\model\openoffice\uno\UnoUndo.java,3168.490676879883,0.0,model,3168.490676879883
jabref\src\main\java\org\jabref\gui\edit\OpenBrowserAction.java,0.02857738903590611,0.0,model,0.02857738903590611
jabref\src\main\java\org\jabref\gui\fieldeditors\OwnerEditorViewModel.java,35.007222294807434,3.03591548374721,model,35.007222294807434
jabref\src\test\java\org\jabref\logic\git\SlrGitHandlerTest.java,0.09158311571393694,0.04825659479413714,model,0.09158311571393694
jabref\src\main\java\org\jabref\gui\exporter\ExporterViewModel.java,35.00706374645233,0.0,model,35.00706374645233
jabref\src\main\java\org\jabref\logic\pdf\search\retrieval\PdfSearcher.java,0.1001014232635498,0.0,model,0.1001014232635498
jabref\src\main\java\org\jabref\logic\layout\format\RemoveLatexCommandsFormatter.java,0.0717057500566755,0.0,model,0.0717057500566755
jabref\src\main\java\org\jabref\model\entry\field\OrFields.java,3155.8279037475586,0.0,model,3155.8279037475586
jabref\src\main\java\org\jabref\gui\fieldeditors\LinkedFilesEditor.java,0.8356284005301339,2.0293871198381694,preferences,2.0293871198381694
jabref\src\main\java\org\jabref\logic\integrity\UTF8Checker.java,0.14039182662963867,0.0,model,0.14039182662963867
jabref\src\test\java\org\jabref\model\event\EventListenerTest.java,3260.5493927001953,0.0,model,3260.5493927001953
jabref\src\test\java\org\jabref\logic\openoffice\style\OOBibStyleTest.java,0.11136815888541085,0.001787052835736956,model,0.11136815888541085
jabref\src\main\java\org\jabref\logic\layout\LayoutFormatterBasedFormatter.java,0.0733931405203683,0.0,model,0.0733931405203683
jabref\src\main\java\org\jabref\gui\externalfiles\ExternalFilesEntryLinker.java,0.051250876699175156,0.0,model,0.051250876699175156
jabref\src\main\java\org\jabref\model\openoffice\uno\UnoCrossRef.java,3023.863067626953,0.0,model,3023.863067626953
jabref\src\main\java\org\jabref\gui\maintable\RightClickMenu.java,0.05567495141710554,1.0164293561662947,preferences,1.0164293561662947
jabref\src\test\java\org\jabref\logic\formatter\bibtexfields\RemoveHyphenatedNewlinesFormatterTest.java,0.0730675220489502,0.04305312974112374,model,0.0730675220489502
jabref\src\main\java\org\jabref\gui\libraryproperties\contentselectors\ContentSelectorViewModel.java,70.00453114509583,0.022268646103995187,model,70.00453114509583
jabref\src\main\java\org\jabref\logic\formatter\bibtexfields\ReplaceTabsBySpaceFormater.java,0.07312088693891253,0.0,model,0.07312088693891253
jabref\src\main\java\org\jabref\gui\entryeditor\OpenEntryEditorAction.java,0.02857727663857596,0.02857142857142857,model,0.02857727663857596
jabref\src\main\java\org\jabref\gui\EntryTypeView.java,0.5558040618896485,2.749410574776786,preferences,2.749410574776786
jabref\src\main\java\org\jabref\gui\slr\ManageStudyDefinitionView.java,0.44523824964250835,1.0092791966029575,preferences,1.0092791966029575
jabref\src\main\java\org\jabref\gui\util\uithreadaware\UiThreadInvalidationListener.java,0.028577256202697753,0.0,model,0.028577256202697753
jabref\src\main\java\org\jabref\logic\integrity\DateChecker.java,0.10437348910740443,0.0,model,0.10437348910740443
jabref\src\main\java\org\jabref\logic\protectedterms\ProtectedTermsLoader.java,0.08971568516322545,2.9670113699776786,preferences,2.9670113699776786
jabref\src\main\java\org\jabref\gui\fieldeditors\KeywordsEditor.java,0.0285773583820888,2.8494415283203125,preferences,2.8494415283203125
jabref\src\main\java\org\jabref\gui\preferences\network\CustomCertificateViewModel.java,56.793935894966125,3159.613571166992,preferences,3159.613571166992
jabref\src\main\java\org\jabref\gui\preferences\file\FileTab.java,0.028576677186148508,3231.391181945801,preferences,3231.391181945801
jabref\src\main\java\org\jabref\gui\search\rules\describer\GrammarBasedSearchRuleDescriber.java,0.037926554679870605,0.024644107478005547,model,0.037926554679870605
jabref\src\main\java\org\jabref\model\groups\LastNameGroup.java,3106.81396484375,0.0,model,3106.81396484375
jabref\src\test\java\org\jabref\gui\edit\RenameFieldViewModelTest.java,74.17360186576843,0.0,model,74.17360186576843
jabref\src\main\java\org\jabref\gui\specialfields\SpecialFieldViewModel.java,35.006200075149536,1.0,model,35.006200075149536
jabref\src\main\java\org\jabref\gui\collab\preamblechange\PreambleChangeDetailsView.java,0.09195666313171387,0.011925366946629115,model,0.09195666313171387
jabref\src\test\java\org\jabref\logic\layout\format\RemoveWhitespaceTest.java,0.0730675220489502,0.0,model,0.0730675220489502
jabref\src\main\java\org\jabref\gui\errorconsole\ErrorConsoleViewModel.java,116.72390818595886,0.113506133215768,model,116.72390818595886
jabref\src\main\java\org\jabref\gui\preferences\customexporter\CustomExporterTab.java,0.028576745305742536,3256.5153884887695,preferences,3256.5153884887695
jabref\src\main\java\org\jabref\logic\citationkeypattern\BracketedPattern.java,0.12864277703421456,0.0,model,0.12864277703421456
jabref\src\main\java\org\jabref\logic\externalfiles\ExternalFilesContentImporter.java,0.09384989057268416,0.0,model,0.09384989057268416
jabref\src\main\java\org\jabref\gui\util\BaseDialog.java,0.16625138691493443,0.0,model,0.16625138691493443
jabref\src\main\java\org\jabref\logic\layout\LayoutFormatterPreferences.java,0.07317460605076381,0.0,model,0.07317460605076381
jabref\src\main\java\org\jabref\gui\externalfiles\DownloadFullTextAction.java,0.19505833217075894,2.909865243094308,preferences,2.909865243094308
jabref\src\main\java\org\jabref\model\openoffice\style\CitationMarkerEntry.java,3286.9532012939453,0.0,model,3286.9532012939453
jabref\src\main\java\org\jabref\logic\openoffice\frontend\OOFrontend.java,0.09321842874799456,0.02857142857142857,model,0.09321842874799456
jabref\src\test\java\org\jabref\gui\util\comparator\RankingFieldComparatorTest.java,0.028576881544930596,0.0,model,0.028576881544930596
jabref\src\main\java\org\jabref\gui\edit\automaticfiededitor\AutomaticFieldEditorTab.java,0.028577494621276855,0.0,model,0.028577494621276855
jabref\src\test\java\org\jabref\logic\importer\ImporterTest.java,0.070558534349714,0.0,model,0.070558534349714
jabref\src\main\java\org\jabref\logic\util\strings\QuotedStringTokenizer.java,0.07255288532802037,0.0,model,0.07255288532802037
jabref\src\main\java\org\jabref\logic\formatter\bibtexfields\ShortenDOIFormatter.java,0.7780984606061663,0.0,model,0.7780984606061663
jabref\src\main\java\org\jabref\model\entry\identifier\ISBN.java,2904.821891784668,0.0,model,2904.821891784668
jabref\src\test\java\org\jabref\logic\openoffice\style\OOBibStyleTestHelper.java,0.09321842874799456,0.0,model,0.09321842874799456
jabref\src\main\java\org\jabref\model\entry\types\EntryTypeFactory.java,2991.5491104125977,0.0,model,2991.5491104125977
jabref\src\main\java\org\jabref\logic\importer\fileformat\InspecImporter.java,0.06896235602242606,0.0,model,0.06896235602242606
jabref\src\test\java\org\jabref\logic\remote\RemoteUtilTest.java,0.07207046917506627,0.0,model,0.07207046917506627
jabref\src\main\java\org\jabref\gui\groups\GroupModeViewModel.java,2542.908134460449,0.0,model,2542.908134460449
jabref\src\main\java\org\jabref\logic\net\ProgressInputStream.java,0.0722597667149135,0.011925366946629115,model,0.0722597667149135
jabref\src\test\java\org\jabref\logic\cleanup\TimeStampToCreationDateTest.java,0.06684586661202567,0.0,model,0.06684586661202567
jabref\src\test\java\org\jabref\gui\util\comparator\NumericFieldComparatorTest.java,0.028576677186148508,0.0,model,0.028576677186148508
jabref\src\main\java\org\jabref\logic\importer\fetcher\GrobidPreferences.java,0.07296186174665178,20.627166032791138,preferences,20.627166032791138
jabref\src\main\java\org\jabref\gui\logging\ApplicationInsightsWriter.java,0.1184652737208775,0.0,model,0.1184652737208775
jabref\src\main\java\org\jabref\logic\auxparser\DefaultAuxParser.java,0.140953186580113,0.0,model,0.140953186580113
jabref\src\main\java\org\jabref\gui\libraryproperties\LibraryPropertiesAction.java,0.057148524693080356,0.02857142857142857,model,0.057148524693080356
jabref\src\main\java\org\jabref\logic\importer\ParseException.java,0.07390733446393694,0.0,model,0.07390733446393694
jabref\src\test\java\org\jabref\logic\bibtex\FieldContentFormatterTest.java,0.09255421502249582,0.0,model,0.09255421502249582
jabref\src\main\java\org\jabref\gui\integrity\IntegrityCheckAction.java,0.11439308438982282,0.02857142857142857,model,0.11439308438982282
jabref\src\main\java\org\jabref\gui\undo\UndoRedoAction.java,0.028576745305742536,0.02857142857142857,model,0.028576745305742536
jabref\src\test\java\org\jabref\logic\integrity\AbbreviationCheckerTest.java,0.08426040921892439,0.0,model,0.08426040921892439
jabref\src\test\java\org\jabref\testutils\category\DatabaseTest.java,0.0571488584790911,0.0,model,0.0571488584790911
jabref\src\main\java\org\jabref\model\openoffice\style\CitationGroupId.java,3286.9532012939453,0.0,model,3286.9532012939453
jabref\src\main\java\org\jabref\logic\integrity\ISBNChecker.java,0.0733931405203683,0.0,model,0.0733931405203683
jabref\src\main\java\org\jabref\gui\util\DefaultTaskExecutor.java,0.10971174921308245,0.0,model,0.10971174921308245
jabref\src\main\java\org\jabref\logic\importer\fetcher\transformers\ZbMathQueryTransformer.java,0.09118473189217703,0.0,model,0.09118473189217703
jabref\src\main\java\org\jabref\gui\entryeditor\PreviewSwitchAction.java,0.028577215330941336,0.02857142857142857,model,0.028577215330941336
jabref\src\main\java\org\jabref\model\openoffice\style\CitationGroup.java,2958.9833450317383,0.0,model,2958.9833450317383
jabref\src\main\java\org\jabref\logic\bst\util\BstPurifier.java,0.0717057500566755,0.023855483531951903,model,0.0717057500566755
jabref\src\main\java\org\jabref\gui\entryeditor\LatexCitationsTab.java,0.1132380485534668,1.0076087951660155,preferences,1.0076087951660155
jabref\src\main\java\org\jabref\gui\search\SearchResultsTable.java,2.642276654924665,1.0,model,2.642276654924665
jabref\src\test\java\org\jabref\model\entry\EntryTypeFactoryTest.java,3279.7890853881836,0.0,model,3279.7890853881836
jabref\src\main\java\org\jabref\model\entry\identifier\EprintIdentifier.java,3290.5543518066406,0.0,model,3290.5543518066406
jabref\src\main\java\org\jabref\gui\entryeditor\UserDefinedFieldsTab.java,0.05714844976152692,2.789915030343192,preferences,2.789915030343192
jabref\src\main\java\org\jabref\logic\exporter\XmpExporter.java,0.12278810228620257,0.0,model,0.12278810228620257
jabref\src\main\java\org\jabref\model\entry\EntryConverter.java,3048.9987564086914,0.0,model,3048.9987564086914
jabref\src\main\java\org\jabref\logic\importer\fileformat\medline\PersonalNameSubject.java,0.0741161891392299,0.02857142857142857,model,0.0741161891392299
jabref\src\main\java\org\jabref\gui\mergeentries\EntriesMergeResult.java,0.028577429907662526,0.0,model,0.028577429907662526
jabref\src\main\java\org\jabref\gui\groups\GroupDialogViewModel.java,97.90253281593323,1.0248500279017858,model,97.90253281593323
jabref\src\test\java\org\jabref\logic\integrity\BracesCorrectorTest.java,0.07285759789603097,0.0,model,0.07285759789603097
jabref\src\main\java\org\jabref\logic\util\io\FileFinders.java,0.07379027775355748,0.0,model,0.07379027775355748
jabref\src\test\java\org\jabref\logic\integrity\EditionCheckerTest.java,0.07026322228567941,0.0,model,0.07026322228567941
jabref\src\main\java\org\jabref\gui\libraryproperties\LibraryPropertiesView.java,0.12456516538347517,0.0,model,0.12456516538347517
jabref\src\main\java\org\jabref\gui\actions\SimpleCommand.java,0.02857729366847447,0.0,model,0.02857729366847447
jabref\src\main\java\org\jabref\logic\util\io\FileFinder.java,0.09494876861572266,0.0,model,0.09494876861572266
jabref\src\main\java\org\jabref\logic\util\DelayTaskThrottler.java,0.0723562240600586,0.0,model,0.0723562240600586
jabref\src\main\java\org\jabref\logic\importer\fileformat\CopacImporter.java,1.0141017368861607,0.0,model,1.0141017368861607
jabref\src\main\java\org\jabref\logic\integrity\ValueChecker.java,0.07423789160592216,0.0,model,0.07423789160592216
jabref\src\main\java\org\jabref\gui\preferences\externalfiletypes\ExternalFileTypesTab.java,0.12915288380214146,2972.1075439453125,preferences,2972.1075439453125
jabref\src\main\java\org\jabref\gui\importer\ImportEntriesViewModel.java,85.37632822990417,2.9198431832449776,model,85.37632822990417
jabref\src\main\java\org\jabref\gui\autocompleter\WordSuggestionProvider.java,0.05714872223990304,0.0,model,0.05714872223990304
jabref\src\main\java\org\jabref\model\entry\field\IEEEField.java,3048.9987564086914,0.011688539811543056,model,3048.9987564086914
jabref\src\test\java\org\jabref\logic\layout\format\RisMonthTest.java,0.07265313693455287,0.01242902704647609,model,0.07265313693455287
jabref\src\main\java\org\jabref\logic\importer\fileformat\mods\RecordInfo.java,0.8673215593610492,0.01629643099648612,model,0.8673215593610492
jabref\src\main\java\org\jabref\gui\logging\ApplicationInsightsLogEvent.java,0.028576316152300153,0.09094653129577637,preferences,0.09094653129577637
jabref\src\main\java\org\jabref\gui\collab\metedatachange\MetadataChange.java,0.057148586000714985,0.0,model,0.057148586000714985
jabref\src\main\java\org\jabref\gui\maintable\columns\FileColumn.java,3.1578685215541293,1.0,model,3.1578685215541293
jabref\src\test\java\org\jabref\logic\importer\fileformat\CitaviXmlImporterFilesTest.java,0.07265313693455287,0.0,model,0.07265313693455287
jabref\src\test\java\org\jabref\logic\layout\format\RemoveBracketsAddCommaTest.java,0.07317460605076381,0.0,model,0.07317460605076381
jabref\src\main\java\org\jabref\logic\layout\format\RemoveBrackets.java,0.07370354788643974,0.0,model,0.07370354788643974
jabref\src\main\java\org\jabref\logic\xmp\XmpUtilReader.java,0.09265550885881696,0.0,model,0.09265550885881696
jabref\src\main\java\org\jabref\logic\importer\fetcher\transformers\ScholarQueryTransformer.java,0.07344871248517718,0.0,model,0.07344871248517718
jabref\src\main\java\org\jabref\gui\documentviewer\PdfDocumentPageViewModel.java,57.32641637325287,0.026303012030465263,model,57.32641637325287
jabref\src\test\java\org\jabref\gui\mergeentries\GroupMergerTest.java,0.028576810019356864,0.0,model,0.028576810019356864
jabref\src\main\java\org\jabref\logic\remote\server\RemoteListenerServerThread.java,0.07339354923793248,0.0,model,0.07339354923793248
jabref\src\main\java\org\jabref\logic\util\strings\StringManipulator.java,0.06970996175493513,0.021297339030674527,model,0.06970996175493513
jabref\src\main\java\org\jabref\gui\openoffice\OOBibBase.java,0.3682791028703962,0.6566206795828683,preferences,0.6566206795828683
jabref\src\test\java\org\jabref\logic\layout\format\ReplaceUnicodeLigaturesFormatterTest.java,0.11531902040754045,0.08118383543831961,model,0.11531902040754045
jabref\src\main\java\org\jabref\gui\entryeditor\fileannotationtab\FileAnnotationTabView.java,1.0379999433244977,0.0,model,1.0379999433244977
jabref\src\main\java\org\jabref\gui\util\OnlyIntegerFormatter.java,0.05714871542794364,0.0,model,0.05714871542794364
jabref\src\test\java\org\jabref\logic\importer\fileformat\RISImporterTest.java,0.09275391442435128,0.0,model,0.09275391442435128
jabref\src\test\java\org\jabref\logic\shared\ConnectorTest.java,0.10092872210911343,0.0,model,0.10092872210911343
jabref\src\main\java\org\jabref\logic\openoffice\style\StyleLoader.java,0.08484921455383301,0.0,model,0.08484921455383301
jabref\src\main\java\org\jabref\model\entry\identifier\Identifier.java,3290.5543518066406,0.0,model,3290.5543518066406
jabref\src\main\java\org\jabref\gui\sidepane\SidePaneType.java,0.02857709952763149,0.0,model,0.02857709952763149
jabref\src\test\java\org\jabref\logic\cleanup\ConvertToBiblatexCleanupTest.java,0.10171600069318498,0.0,model,0.10171600069318498
jabref\src\test\java\org\jabref\gui\search\GetLastSearchHistoryTest.java,0.028576551164899554,0.0,model,0.028576551164899554
jabref\src\main\java\org\jabref\architecture\AllowedToUseStandardStreams.java,0.028577559334891183,0.0,model,0.028577559334891183
jabref\src\main\java\org\jabref\logic\shared\event\UpdateRefusedEvent.java,0.12479788916451591,0.0,model,0.12479788916451591
jabref\src\main\java\org\jabref\gui\preferences\file\FileTabViewModel.java,35.00659227371216,3282.2769927978516,preferences,3282.2769927978516
jabref\src\test\java\org\jabref\logic\util\VersionTest.java,0.08909108979361398,0.0,model,0.08909108979361398
jabref\src\test\java\org\jabref\logic\util\ExternalLinkCreatorTest.java,0.07275515283857073,0.0,model,0.07275515283857073
jabref\src\main\java\org\jabref\gui\DialogService.java,0.049998170988900324,0.0,model,0.049998170988900324
jabref\src\main\java\org\jabref\logic\layout\format\RisKeywords.java,0.07322868619646344,0.0,model,0.07322868619646344
jabref\src\main\java\org\jabref\gui\shared\PullChangesFromSharedAction.java,0.057148701804024836,0.02857142857142857,model,0.057148701804024836
jabref\src\main\java\org\jabref\gui\openoffice\AdvancedCiteDialogViewModel.java,35.0073766708374,0.0,model,35.0073766708374
jabref\src\main\java\org\jabref\gui\groups\GroupsPreferences.java,0.028576881544930596,21.071819067001343,preferences,21.071819067001343
jabref\src\test\java\org\jabref\gui\search\GrammarBasedSearchRuleDescriberTest.java,0.049898532458714076,0.0,model,0.049898532458714076
jabref\src\main\java\org\jabref\logic\importer\ImportFormatReader.java,0.201641845703125,0.0,model,0.201641845703125
jabref\src\main\java\org\jabref\model\groups\ExplicitGroup.java,3058.4374237060547,0.0,model,3058.4374237060547
jabref\src\main\java\org\jabref\gui\maintable\MainTableColumnFactory.java,0.6215574537004743,1.0,preferences,1.0
jabref\src\main\java\org\jabref\gui\util\FieldsUtil.java,0.02857698713030134,0.0,model,0.02857698713030134
jabref\src\main\java\org\jabref\gui\documentviewer\DocumentViewModel.java,35.0073766708374,0.0,model,35.0073766708374
jabref\src\main\java\org\jabref\logic\integrity\AmpersandChecker.java,0.1228816304888044,0.0,model,0.1228816304888044
jabref\src\test\java\org\jabref\gui\search\TextFlowEqualityHelper.java,0.028576881544930596,0.0,model,0.028576881544930596
jabref\src\main\java\org\jabref\logic\undo\UndoChangeEvent.java,0.07370354788643974,0.0,model,0.07370354788643974
jabref\src\main\java\org\jabref\model\entry\Author.java,2351.7654418945312,0.0,model,2351.7654418945312
jabref\src\test\java\org\jabref\logic\importer\fetcher\DiVATest.java,0.1848384039742606,0.0,model,0.1848384039742606
jabref\src\main\java\org\jabref\gui\mergeentries\newmergedialog\ThreeWayMergeView.java,0.05763085229056222,0.0,model,0.05763085229056222
jabref\src\main\java\org\jabref\gui\mergeentries\newmergedialog\fieldsmerger\FileMerger.java,0.02857709952763149,0.0,model,0.02857709952763149
jabref\src\main\java\org\jabref\gui\util\FileDialogConfiguration.java,0.04874988283429827,0.0,model,0.04874988283429827
jabref\src\main\java\org\jabref\logic\openoffice\OpenOfficePreferences.java,0.07152999469212123,69.77326333522797,preferences,69.77326333522797
jabref\src\test\java\org\jabref\logic\citationstyle\CitationStyleGeneratorTest.java,0.4827744620186942,0.09763666561671666,model,0.4827744620186942
jabref\src\main\java\org\jabref\logic\layout\format\RTFChars.java,0.16124335697719028,0.012920325142996653,model,0.16124335697719028
jabref\src\main\java\org\jabref\logic\importer\ImportFormatPreferences.java,0.07393685068402972,0.0,model,0.07393685068402972
jabref\src\main\java\org\jabref\logic\importer\util\INSPIREBibtexFilterReader.java,0.07245392118181501,0.0,model,0.07245392118181501
jabref\src\main\java\org\jabref\logic\layout\format\CreateDocBook5Authors.java,0.07350466591971261,0.0,model,0.07350466591971261
jabref\src\main\java\org\jabref\gui\cleanup\CleanupPresetPanel.java,0.5478302546909877,0.013173867974962507,model,0.5478302546909877
jabref\src\main\java\org\jabref\gui\util\uithreadaware\UiThreadHelper.java,0.028577419689723424,0.0,model,0.028577419689723424
jabref\src\test\java\org\jabref\performance\BibtexEntryGenerator.java,0.028576953070504323,0.03593432562691825,preferences,0.03593432562691825
jabref\src\main\java\org\jabref\logic\integrity\BracesCorrector.java,0.1350046294076102,0.0,model,0.1350046294076102
jabref\src\main\java\org\jabref\gui\entryeditor\EntryEditorTab.java,0.028577235766819545,0.0,model,0.028577235766819545
jabref\src\main\java\org\jabref\logic\layout\format\NameFormatterPreferences.java,0.07328313418797085,0.0,model,0.07328313418797085
jabref\src\test\java\org\jabref\logic\formatter\bibtexfields\UnitsToLatexFormatterTest.java,0.0733931405203683,0.0,model,0.0733931405203683
jabref\src\main\java\org\jabref\logic\integrity\CitationKeyDuplicationChecker.java,0.10174603462219238,0.0,model,0.10174603462219238
jabref\src\main\java\org\jabref\gui\maintable\columns\LinkedIdentifierColumn.java,2.979257638113839,2.8254952566964286,model,2.979257638113839
jabref\src\main\java\org\jabref\logic\cleanup\FileLinksCleanup.java,0.07296186174665178,0.0,model,0.07296186174665178
jabref\src\main\java\org\jabref\gui\fieldeditors\PersonsEditorViewModel.java,35.00706374645233,2.9972830636160714,model,35.00706374645233
jabref\src\main\java\org\jabref\logic\openoffice\style\OOProcessCitationKeyMarkers.java,0.07328313418797085,0.0,model,0.07328313418797085
jabref\src\test\java\org\jabref\logic\bst\util\BstTextPrefixerTest.java,0.12487658091953822,0.056772920063563756,model,0.12487658091953822
jabref\src\test\java\org\jabref\logic\formatter\bibtexfields\NormalizePagesFormatterTest.java,0.06998063496180944,0.0,model,0.06998063496180944
jabref\src\main\java\org\jabref\logic\bst\util\BstCaseChanger.java,0.9229258946010045,0.01539332696369716,model,0.9229258946010045
jabref\src\main\java\org\jabref\gui\groups\UndoableAddOrRemoveGroup.java,0.028576207160949708,0.0,model,0.028576207160949708
jabref\src\main\java\org\jabref\gui\exporter\WriteMetadataToPdfAction.java,0.4674055916922433,0.02857142857142857,model,0.4674055916922433
jabref\src\main\java\org\jabref\gui\texparser\ParseLatexResultViewModel.java,110.20332336425781,1.3986819675990514,model,110.20332336425781
jabref\src\main\java\org\jabref\logic\l10n\Encodings.java,0.07317460605076381,0.0,model,0.07317460605076381
jabref\src\main\java\org\jabref\logic\cleanup\MoveFieldCleanup.java,0.07322868619646344,0.0,model,0.07322868619646344
jabref\src\test\java\org\jabref\logic\importer\fetcher\isbntobibtex\OpenLibraryIsbnFetcherTest.java,0.11146360806056431,0.0,model,0.11146360806056431
jabref\src\main\java\org\jabref\model\entry\LinkedFile.java,2782.482376098633,0.018559253215789794,model,2782.482376098633
jabref\src\main\java\org\jabref\logic\util\strings\UnicodeLigaturesMap.java,0.07086744308471679,0.025535448959895544,model,0.07086744308471679
jabref\src\main\java\org\jabref\gui\libraryproperties\PropertiesTab.java,0.7345278058733259,0.0,model,0.7345278058733259
jabref\src\main\java\org\jabref\model\entry\field\BiblatexSoftwareField.java,3040.2893447875977,0.011242026942116873,model,3040.2893447875977
jabref\src\main\java\org\jabref\gui\preview\CopyCitationAction.java,0.039026927947998044,0.04909675802503313,preferences,0.04909675802503313
jabref\src\main\java\org\jabref\logic\util\strings\XmlCharsMap.java,0.06789617538452149,0.0,model,0.06789617538452149
jabref\src\main\java\org\jabref\logic\importer\fetcher\IEEE.java,0.13594542912074498,0.02857142857142857,model,0.13594542912074498
jabref\src\main\java\org\jabref\gui\push\PushToVim.java,0.05714753014700753,2.471993800571987,preferences,2.471993800571987
jabref\src\main\java\org\jabref\logic\bibtex\FileFieldWriter.java,0.0722597667149135,0.0,model,0.0722597667149135
jabref\src\main\java\org\jabref\logic\help\HelpFile.java,0.18688785008021763,0.014939791815621512,model,0.18688785008021763
jabref\src\test\java\org\jabref\logic\layout\format\MarkdownFormatterTest.java,0.09029878207615444,0.0,model,0.09029878207615444
jabref\src\main\java\org\jabref\logic\util\Version.java,0.08394346237182618,0.022283504690442768,model,0.08394346237182618
jabref\src\test\java\org\jabref\logic\integrity\JournalInAbbreviationListCheckerTest.java,0.07152999469212123,0.0,model,0.07152999469212123
jabref\src\main\java\org\jabref\logic\integrity\HowPublishedChecker.java,0.10190938540867396,0.0,model,0.10190938540867396
jabref\src\main\java\org\jabref\gui\edit\automaticfiededitor\renamefield\RenameFieldViewModel.java,70.00612497329712,0.013871896266937255,model,70.00612497329712
jabref\src\test\java\org\jabref\logic\importer\fetcher\CrossRefTest.java,0.06625267437526158,0.0,model,0.06625267437526158
jabref\src\main\java\org\jabref\logic\layout\format\LatexToUnicodeFormatter.java,0.0733379568372454,0.0,model,0.0733379568372454
jabref\src\test\java\org\jabref\model\groups\WordKeywordGroupTest.java,2705.1641845703125,0.0,model,2705.1641845703125
jabref\src\test\java\org\jabref\model\entry\KeywordListTest.java,5226.5142822265625,0.0,model,5226.5142822265625
jabref\src\main\java\org\jabref\gui\fieldeditors\SimpleEditorViewModel.java,35.00731408596039,0.0,model,35.00731408596039
jabref\src\main\java\org\jabref\model\openoffice\style\CitationLookupResult.java,3190.8279037475586,0.0,model,3190.8279037475586
jabref\src\main\java\org\jabref\model\metadata\ContentSelector.java,3118.8283920288086,0.0,model,3118.8283920288086
jabref\src\main\java\org\jabref\logic\layout\format\AuthorLastFirstAbbrOxfordCommas.java,0.07402604648045132,0.0,model,0.07402604648045132
jabref\src\main\java\org\jabref\gui\util\TextFlowLimited.java,0.07937107086181641,0.0,model,0.07937107086181641
jabref\src\main\java\org\jabref\logic\openoffice\action\EditSeparate.java,0.09992986406598772,0.0,model,0.09992986406598772
jabref\src\main\java\org\jabref\model\database\BibDatabase.java,2398.5403442382812,0.4387591770717076,model,2398.5403442382812
jabref\src\main\java\org\jabref\gui\mergeentries\newmergedialog\cell\ThreeWayMergeCellViewModel.java,79.23473238945007,0.016601032870156424,model,79.23473238945007
jabref\src\main\java\org\jabref\logic\layout\format\RemoveWhitespace.java,0.0735327856881278,0.0,model,0.0735327856881278
jabref\src\main\java\org\jabref\logic\integrity\HTMLCharacterChecker.java,0.0730675220489502,0.0,model,0.0730675220489502
jabref\src\main\java\org\jabref\logic\importer\fetcher\MathSciNet.java,0.06945046697344098,2.739677211216518,preferences,2.739677211216518
jabref\src\test\java\org\jabref\logic\protectedterms\ProtectedTermsLoaderTest.java,0.0948126997266497,0.012569832801818847,model,0.0948126997266497
jabref\src\main\java\org\jabref\gui\preview\PreviewViewer.java,1.2514083862304688,0.0734316280909947,model,1.2514083862304688
jabref\src\main\java\org\jabref\gui\entryeditor\OptionalFieldsTabBase.java,1.2815783909388951,2.670068359375,preferences,2.670068359375
jabref\src\main\java\org\jabref\logic\bibtex\FieldPreferences.java,0.07275469643729074,18.884690403938293,preferences,18.884690403938293
jabref\src\main\java\org\jabref\logic\preferences\DOIPreferences.java,0.07344871248517718,3463.806381225586,preferences,3463.806381225586
jabref\src\main\java\org\jabref\gui\importer\fetcher\WebSearchPaneViewModel.java,67.20670759677887,1.0,model,67.20670759677887
jabref\src\test\java\org\jabref\logic\formatter\bibtexfields\ClearFormatterTest.java,0.07356100082397461,0.0,model,0.07356100082397461
jabref\src\main\java\org\jabref\gui\libraryproperties\contentselectors\ContentSelectorView.java,0.05714763232639858,0.0,model,0.05714763232639858
jabref\src\test\java\org\jabref\logic\bibtex\BibEntryAssert.java,0.08962295395987374,0.0,model,0.08962295395987374
