file_path,Client,Logic,UI,best_module,best_likelihood
teammates\src\e2e\java\teammates\e2e\cases\StudentHomePageE2ETest.java,1.2136530876159668,3.1600592136383057,1.3912930488586426,Logic,3.1600592136383057
teammates\src\main\java\teammates\logic\external\EmptyAuthService.java,0.0,74.11542510986328,2.0,Logic,74.11542510986328
teammates\src\main\java\teammates\ui\webapi\DatastoreBackupAction.java,113.41276550292969,16.750974655151367,65.04725646972656,Client,113.41276550292969
teammates\src\test\java\teammates\ui\webapi\UpdateNotificationActionTest.java,2.3377866744995117,55.70648193359375,59.02043151855469,UI,59.02043151855469
teammates\src\main\java\teammates\ui\output\InstructorData.java,0.3232300877571106,1.0004535913467407,57.81499481201172,UI,57.81499481201172
teammates\src\main\java\teammates\ui\webapi\CreateNotificationAction.java,1.0,74.80870056152344,60.10102462768555,Logic,74.80870056152344
teammates\src\main\java\teammates\logic\api\package-info.java,0.0,75.33345794677734,0.0,Logic,75.33345794677734
teammates\src\main\java\teammates\storage\entity\BaseEntity.java,4.03989839553833,4.244901180267334,5.307867050170898,UI,5.307867050170898
teammates\src\test\java\teammates\common\datatransfer\SessionResultsBundleTest.java,1.33211088180542,4.317440032958984,1.2856072187423706,Logic,4.317440032958984
teammates\src\main\java\teammates\ui\webapi\CreateCourseAction.java,1.1914430856704712,76.44792938232422,67.19708251953125,Logic,76.44792938232422
teammates\src\e2e\java\teammates\e2e\cases\AdminHomePageE2ETest.java,4.064547061920166,2.6727468967437744,2.8326823711395264,Client,4.064547061920166
teammates\src\test\java\teammates\ui\webapi\GetFeedbackQuestionRecipientsActionTest.java,1.8937768936157227,65.93448638916016,53.46934509277344,Logic,65.93448638916016
teammates\src\main\java\teammates\common\datatransfer\FeedbackQuestionRecipient.java,1.0,1.0004578828811646,1.0,Logic,1.0004578828811646
teammates\src\main\java\teammates\common\util\package-info.java,0.0,1.000515103340149,1.1394245624542236,UI,1.1394245624542236
teammates\src\main\java\teammates\common\datatransfer\QueryLogsResults.java,1.0,1.0005050897598267,1.0,Logic,1.0005050897598267
teammates\src\e2e\java\teammates\e2e\pageobjects\AdminSessionsPage.java,4.029353618621826,1.0004112720489502,2.638514518737793,Client,4.029353618621826
teammates\src\test\java\teammates\logic\api\LogicExtension.java,0.0,75.52342224121094,0.0,Logic,75.52342224121094
teammates\src\e2e\java\teammates\e2e\cases\axe\InstructorCourseJoinConfirmationPageAxeTest.java,2.3225741386413574,1.0004736185073853,0.577845573425293,Client,2.3225741386413574
teammates\src\main\java\teammates\common\datatransfer\ErrorLogEntry.java,2.361668348312378,1.0004372596740723,2.074920892715454,Client,2.361668348312378
teammates\src\main\java\teammates\logic\external\MailjetService.java,35.0,70.91121673583984,2.71893572807312,Logic,70.91121673583984
teammates\src\main\java\teammates\common\util\TimeHelper.java,1.8197622299194336,1.000433325767517,2.2084338665008545,UI,2.2084338665008545
teammates\src\main\java\teammates\ui\webapi\DeleteStudentAction.java,0.0,77.82386016845703,60.58860778808594,Logic,77.82386016845703
teammates\src\main\java\teammates\ui\webapi\ActionFactory.java,4.379827976226807,9.540841102600098,65.71565246582031,UI,65.71565246582031
teammates\src\lnp\java\teammates\lnp\util\JMeterElements.java,3.2238078117370605,19.722410202026367,8.172428131103516,Logic,19.722410202026367
teammates\src\e2e\java\teammates\e2e\cases\axe\InstructorCoursesPageAxeTest.java,1.316637396812439,1.0004879236221313,0.5953171253204346,Client,1.316637396812439
teammates\src\lnp\java\teammates\lnp\cases\InstructorStudentCascadingUpdateLNPTest.java,3.0287868976593018,4.785484313964844,4.812929153442383,UI,4.812929153442383
teammates\src\test\java\teammates\ui\webapi\DeleteFeedbackQuestionActionTest.java,0.7193506956100464,75.56328582763672,57.61669921875,Logic,75.56328582763672
teammates\src\client\java\teammates\client\util\ClientProperties.java,132.9420623779297,2.7558717727661133,4.087024688720703,Client,132.9420623779297
teammates\src\main\java\teammates\common\datatransfer\questions\FeedbackRankOptionsResponseDetails.java,1.0,1.0004854202270508,1.0,Logic,1.0004854202270508
teammates\src\main\java\teammates\common\datatransfer\questions\FeedbackConstantSumResponseDetails.java,1.0,1.0004960298538208,1.0,Logic,1.0004960298538208
teammates\src\test\java\teammates\ui\webapi\ResetAccountActionTest.java,0.7835370302200317,75.00387573242188,55.62520217895508,Logic,75.00387573242188
teammates\src\test\java\teammates\ui\webapi\AccountRequestSearchIndexingWorkerActionTest.java,0.5567341446876526,70.85013580322266,59.90421676635742,Logic,70.85013580322266
teammates\src\main\java\teammates\storage\api\FeedbackResponseCommentsDb.java,1.553911566734314,14.193950653076172,1.286618947982788,Logic,14.193950653076172
teammates\src\e2e\java\teammates\e2e\util\TestProperties.java,8.271378517150879,3.0232982635498047,10.24440860748291,UI,10.24440860748291
teammates\src\main\java\teammates\common\exception\SearchServiceException.java,0.0,1.0004985332489014,0.0,Logic,1.0004985332489014
teammates\src\client\java\teammates\client\scripts\DataMigrationForSanitizedDataInInstructorAttributes.java,126.66316986083984,1.557793378829956,2.988652467727661,Client,126.66316986083984
teammates\src\main\java\teammates\ui\request\FeedbackSessionRespondentRemindRequest.java,0.0,1.0004916191101074,66.49405670166016,UI,66.49405670166016
teammates\src\main\java\teammates\common\util\HttpRequest.java,0.0,1.0004867315292358,15.630712509155273,UI,15.630712509155273
teammates\src\e2e\java\teammates\e2e\cases\InstructorSessionIndividualExtensionPageE2ETest.java,4.108168601989746,3.043043851852417,3.133143901824951,Client,4.108168601989746
teammates\src\main\java\teammates\logic\api\RecaptchaVerifier.java,0.0,75.272216796875,0.0,Logic,75.272216796875
teammates\src\test\java\teammates\ui\webapi\QueryLogsActionTest.java,0.7742282152175903,21.817583084106445,53.58121871948242,UI,53.58121871948242
teammates\src\main\java\teammates\ui\request\CourseArchiveRequest.java,0.0,1.0005090236663818,62.16298294067383,UI,62.16298294067383
teammates\src\test\java\teammates\test\MockFilterChain.java,0.0,1.0005117654800415,1.3655493259429932,UI,1.3655493259429932
teammates\src\main\java\teammates\ui\webapi\SendLoginEmailAction.java,0.2945483922958374,27.318954467773438,68.27252197265625,UI,68.27252197265625
teammates\src\client\java\teammates\client\scripts\DataMigrationForSanitizedDataInStudentAttributes.java,120.79737091064453,1.4797031879425049,3.043231964111328,Client,120.79737091064453
teammates\src\main\java\teammates\ui\webapi\GetFeedbackSessionSubmittedGiverSetAction.java,0.0,72.03227996826172,61.29470443725586,Logic,72.03227996826172
teammates\src\test\java\teammates\logic\api\MockRecaptchaVerifier.java,0.0,75.13056945800781,0.0,Logic,75.13056945800781
teammates\src\test\java\teammates\common\datatransfer\attributes\FeedbackResponseCommentAttributesTest.java,2.461721420288086,3.4936904907226562,2.2802093029022217,Logic,3.4936904907226562
teammates\src\main\java\teammates\common\exception\InstructorUpdateException.java,0.0,1.0005124807357788,0.0,Logic,1.0005124807357788
teammates\src\main\java\teammates\main\Application.java,4.614419937133789,14.009215354919434,11.36482048034668,Logic,14.009215354919434
teammates\src\test\java\teammates\logic\api\EmailGeneratorTest.java,3.8211307525634766,65.50629425048828,12.309224128723145,Logic,65.50629425048828
teammates\src\main\java\teammates\common\datatransfer\questions\FeedbackRankQuestionDetails.java,1.0,1.000492811203003,1.0,Logic,1.000492811203003
teammates\src\main\java\teammates\ui\request\NotificationUpdateRequest.java,0.0,1.0005145072937012,62.451656341552734,UI,62.451656341552734
teammates\src\main\java\teammates\ui\output\FeedbackSessionLogEntryData.java,0.0,2.0004942417144775,59.8526611328125,UI,59.8526611328125
teammates\src\e2e\java\teammates\e2e\pageobjects\Browser.java,8.883567810058594,8.979887962341309,13.487123489379883,UI,13.487123489379883
teammates\src\test\java\teammates\ui\servlets\WebApiServletTest.java,1.0,2.054567337036133,54.299652099609375,UI,54.299652099609375
teammates\src\test\java\teammates\common\util\TimeHelperExtension.java,1.8329188823699951,1.0004806518554688,2.2447075843811035,UI,2.2447075843811035
teammates\src\main\java\teammates\ui\output\EmailData.java,0.0,1.0005024671554565,60.27183151245117,UI,60.27183151245117
teammates\src\main\java\teammates\ui\webapi\UpdateInstructorAction.java,1.0,78.53813171386719,57.33760452270508,Logic,78.53813171386719
teammates\src\test\java\teammates\logic\core\DeadlineExtensionsLogicTest.java,31.864274978637695,55.071189880371094,6.1162543296813965,Logic,55.071189880371094
teammates\src\main\java\teammates\ui\output\FeedbackSessionPublishStatus.java,0.0,1.0005137920379639,60.841800689697266,UI,60.841800689697266
teammates\src\main\java\teammates\common\datatransfer\UserInfo.java,1.0,1.0005024671554565,3.0,UI,3.0
teammates\src\main\java\teammates\ui\webapi\FeedbackSessionRemindEmailWorkerAction.java,0.0,85.39899444580078,60.29640197753906,Logic,85.39899444580078
teammates\src\lnp\java\teammates\lnp\util\TestProperties.java,5.173098564147949,2.472398281097412,7.599798202514648,UI,7.599798202514648
teammates\src\main\java\teammates\ui\webapi\CreateAccountRequestAction.java,0.0,70.85013580322266,60.10970687866211,Logic,70.85013580322266
teammates\src\test\java\teammates\test\FileHelper.java,1.549147605895996,2.4557900428771973,5.751365661621094,UI,5.751365661621094
teammates\src\main\java\teammates\logic\core\DataBundleLogic.java,4.286567687988281,62.249122619628906,1.8789474964141846,Logic,62.249122619628906
teammates\src\main\java\teammates\logic\core\UsageStatisticsLogic.java,0.0,71.51652526855469,0.0,Logic,71.51652526855469
teammates\src\e2e\java\teammates\e2e\pageobjects\InstructorStudentListPage.java,2.596702814102173,1.0003108978271484,1.4820917844772339,Client,2.596702814102173
teammates\src\main\java\teammates\ui\webapi\GetInstructorsAction.java,3.861424446105957,74.72608184814453,63.232330322265625,Logic,74.72608184814453
teammates\src\test\java\teammates\test\EmailCheckerTest.java,0.0,1.3927994966506958,3.174708366394043,UI,3.174708366394043
teammates\src\main\java\teammates\ui\webapi\JsonResult.java,3.6910691261291504,1.0004689693450928,58.58860778808594,UI,58.58860778808594
teammates\src\test\java\teammates\ui\webapi\UpdateFeedbackResponseCommentActionTest.java,2.8230721950531006,77.44001770019531,45.17817306518555,Logic,77.44001770019531
teammates\src\main\java\teammates\ui\webapi\RestoreFeedbackSessionAction.java,0.22413921356201172,75.8963623046875,60.25072479248047,Logic,75.8963623046875
teammates\src\client\java\teammates\client\scripts\statistics\package-info.java,134.74417114257812,1.0005137920379639,0.0,Client,134.74417114257812
teammates\src\test\java\teammates\common\datatransfer\questions\FeedbackTextQuestionDetailsTest.java,1.4720455408096313,1.0003790855407715,1.3378878831863403,Client,1.4720455408096313
teammates\src\main\java\teammates\common\exception\package-info.java,0.0,1.000515103340149,0.0,Logic,1.000515103340149
teammates\src\main\java\teammates\logic\core\FeedbackResponseCommentsLogic.java,2.498508930206299,86.17980194091797,6.457756519317627,Logic,86.17980194091797
teammates\src\main\java\teammates\storage\api\StudentsDb.java,2.9886245727539062,14.27641773223877,6.752691268920898,Logic,14.27641773223877
teammates\src\main\java\teammates\storage\entity\FeedbackResponseComment.java,0.0,2.00041127204895,0.0,Logic,2.00041127204895
teammates\src\main\java\teammates\storage\entity\Account.java,0.4663812518119812,1.0004736185073853,0.0,Logic,1.0004736185073853
teammates\src\test\java\teammates\common\datatransfer\attributes\FeedbackResponseAttributesTest.java,1.0,2.60274076461792,1.6623998880386353,Logic,2.60274076461792
teammates\src\e2e\java\teammates\e2e\pageobjects\FeedbackSubmitPage.java,4.180926322937012,5.86117696762085,6.378470420837402,UI,6.378470420837402
teammates\src\main\java\teammates\common\datatransfer\attributes\InstructorAttributes.java,1.266350269317627,3.3817052841186523,1.0,Logic,3.3817052841186523
teammates\src\lnp\java\teammates\lnp\cases\StudentEmailUpdateLNPTest.java,5.031266212463379,1.6183439493179321,1.4109899997711182,Client,5.031266212463379
teammates\src\main\java\teammates\ui\webapi\RegenerateInstructorKeyAction.java,0.2757088840007782,64.25597381591797,62.10921096801758,Logic,64.25597381591797
teammates\src\test\java\teammates\ui\webapi\EnrollStudentsActionTest.java,1.7481377124786377,58.40736770629883,50.24601364135742,Logic,58.40736770629883
teammates\src\client\java\teammates\client\scripts\GoogleIdMigrationBaseScript.java,123.20787048339844,18.362571716308594,3.452599287033081,Client,123.20787048339844
teammates\src\main\java\teammates\common\datatransfer\questions\FeedbackMcqResponseDetails.java,1.0,1.000494122505188,1.0,Logic,1.000494122505188
teammates\src\main\java\teammates\common\util\EmailType.java,1.3635989427566528,39.399635314941406,4.386934280395508,Logic,39.399635314941406
teammates\src\main\java\teammates\storage\search\SearchManagerFactory.java,0.0,1.0004916191101074,0.0,Logic,1.0004916191101074
teammates\src\main\java\teammates\ui\output\JoinState.java,0.0,1.0005137920379639,60.841800689697266,UI,60.841800689697266
teammates\src\test\java\teammates\ui\webapi\RemindFeedbackSessionResultActionTest.java,0.617634117603302,1.0004256963729858,61.63526916503906,UI,61.63526916503906
teammates\src\test\java\teammates\storage\api\FeedbackQuestionsDbTest.java,1.683692455291748,2.486180305480957,0.0,Logic,2.486180305480957
teammates\src\test\java\teammates\ui\webapi\UpdateFeedbackQuestionActionTest.java,2.8641715049743652,78.52102661132812,49.20985412597656,Logic,78.52102661132812
teammates\src\e2e\java\teammates\e2e\cases\InstructorCourseDetailsPageE2ETest.java,1.4865671396255493,1.0004032850265503,2.335831642150879,UI,2.335831642150879
teammates\src\main\java\teammates\common\datatransfer\logs\RequestLogDetails.java,1.0,17.296812057495117,3.0,Logic,17.296812057495117
teammates\src\e2e\java\teammates\e2e\cases\axe\InstructorHomePageAxeTest.java,1.3129085302352905,1.0004867315292358,0.5938209295272827,Client,1.3129085302352905
teammates\src\main\java\teammates\common\datatransfer\attributes\FeedbackResponseAttributes.java,2.0,2.500753402709961,2.257803201675415,Logic,2.500753402709961
teammates\src\main\java\teammates\common\datatransfer\attributes\StudentAttributes.java,2.2875733375549316,3.4839813709259033,1.0,Logic,3.4839813709259033
teammates\src\main\java\teammates\common\datatransfer\logs\EmailSentLogDetails.java,1.0,18.516380310058594,1.0,Logic,18.516380310058594
teammates\src\main\java\teammates\storage\api\FeedbackQuestionsDb.java,1.6714924573898315,12.113936424255371,1.2715061902999878,Logic,12.113936424255371
teammates\src\main\java\teammates\ui\output\AuthInfo.java,0.0,1.0004854202270508,66.26887512207031,UI,66.26887512207031
teammates\src\main\java\teammates\ui\webapi\JoinCourseAction.java,0.0,82.11508178710938,60.21432113647461,Logic,82.11508178710938
teammates\src\main\java\teammates\ui\webapi\CalculateUsageStatisticsAction.java,0.45534825325012207,82.07858276367188,59.72623062133789,Logic,82.07858276367188
teammates\src\main\java\teammates\ui\webapi\SendEmailWorkerAction.java,0.0,1.0004979372024536,60.04438018798828,UI,60.04438018798828
teammates\src\main\java\teammates\ui\output\NotificationData.java,0.0,1.0004806518554688,59.174102783203125,UI,59.174102783203125
teammates\src\main\java\teammates\common\datatransfer\logs\DefaultLogDetails.java,1.0,19.46039390563965,1.0,Logic,19.46039390563965
teammates\src\e2e\java\teammates\e2e\cases\FeedbackConstSumOptionQuestionE2ETest.java,1.1544609069824219,1.000385046005249,0.4698333442211151,Client,1.1544609069824219
teammates\src\main\java\teammates\ui\webapi\DeleteFeedbackSessionAction.java,0.0,74.34158325195312,61.174102783203125,Logic,74.34158325195312
teammates\src\e2e\java\teammates\e2e\cases\FeedbackRankOptionQuestionE2ETest.java,1.310088872909546,1.0003790855407715,1.2791314125061035,Client,1.310088872909546
teammates\src\test\java\teammates\common\datatransfer\questions\FeedbackTextResponseDetailsTest.java,1.0,2.0004689693450928,1.0,Logic,2.0004689693450928
teammates\src\main\java\teammates\logic\external\GoogleRecaptchaService.java,0.27971547842025757,83.43840026855469,3.4509286880493164,Logic,83.43840026855469
teammates\src\main\java\teammates\ui\webapi\CompileLogsAction.java,0.4740384817123413,1.0004782676696777,59.0546875,UI,59.0546875
teammates\src\test\java\teammates\ui\webapi\SearchAccountRequestsActionTest.java,1.481728196144104,1.0004043579101562,57.380577087402344,UI,57.380577087402344
teammates\src\main\java\teammates\ui\output\CourseSectionNamesData.java,0.0,1.0005090236663818,60.60402297973633,UI,60.60402297973633
teammates\src\main\java\teammates\common\datatransfer\questions\FeedbackQuestionType.java,1.0,3.059011936187744,1.4929927587509155,Logic,3.059011936187744
teammates\src\main\java\teammates\ui\webapi\AccountRequestSearchIndexingWorkerAction.java,0.0,72.97453308105469,59.948150634765625,Logic,72.97453308105469
teammates\src\main\java\teammates\common\datatransfer\questions\FeedbackRankRecipientsQuestionDetails.java,4.477555274963379,1.0004535913467407,2.5196444988250732,Client,4.477555274963379
teammates\src\main\java\teammates\common\datatransfer\InstructorPrivileges.java,4.231656551361084,5.325425624847412,2.5270142555236816,Logic,5.325425624847412
teammates\src\main\java\teammates\ui\request\FeedbackQuestionBasicRequest.java,2.1488535404205322,2.444300889968872,56.381980895996094,UI,56.381980895996094
teammates\src\test\java\teammates\common\datatransfer\CourseRosterTest.java,1.6979082822799683,1.0002754926681519,3.928943634033203,UI,3.928943634033203
teammates\src\main\java\teammates\common\datatransfer\NotificationStyle.java,2.0887465476989746,4.472591876983643,2.0887465476989746,Logic,4.472591876983643
teammates\src\e2e\java\teammates\e2e\util\Retryable.java,0.0,1.0005104541778564,1.1289128065109253,UI,1.1289128065109253
teammates\src\test\java\teammates\common\datatransfer\attributes\StudentAttributesTest.java,1.7226998805999756,4.863700866699219,2.2535433769226074,Logic,4.863700866699219
teammates\src\e2e\java\teammates\e2e\util\GmailServiceMaker.java,37.86493682861328,22.306446075439453,20.421356201171875,Client,37.86493682861328
teammates\src\test\java\teammates\storage\search\InstructorSearchTest.java,1.6183459758758545,2.5104458332061768,2.2051329612731934,Logic,2.5104458332061768
teammates\src\client\java\teammates\client\scripts\DataMigrationForUnencryptedKeyForStudents.java,128.06805419921875,1.5864336490631104,1.0,Client,128.06805419921875
teammates\src\e2e\java\teammates\e2e\cases\InstructorCourseJoinConfirmationPageE2ETest.java,2.6332709789276123,1.9494197368621826,4.114554405212402,UI,4.114554405212402
teammates\src\test\java\teammates\storage\api\package-info.java,0.0,1.9716941118240356,0.0,Logic,1.9716941118240356
teammates\src\lnp\java\teammates\lnp\util\LNPSpecification.java,0.9385030269622803,1.0004667043685913,1.9708188772201538,UI,1.9708188772201538
teammates\src\test\java\teammates\ui\webapi\GetDeadlineExtensionActionTest.java,0.5117862820625305,1.8610817193984985,57.933837890625,UI,57.933837890625
teammates\src\e2e\java\teammates\e2e\cases\axe\InstructorSearchPageAxeTest.java,1.3018544912338257,1.0004830360412598,0.5893770456314087,Client,1.3018544912338257
teammates\src\main\java\teammates\ui\output\HasResponsesData.java,0.0,1.0005024671554565,60.27183151245117,UI,60.27183151245117
teammates\src\main\java\teammates\ui\request\MarkNotificationAsReadRequest.java,0.5007588267326355,1.000494122505188,61.36587142944336,UI,61.36587142944336
teammates\src\main\java\teammates\logic\api\LogsProcessor.java,0.22071240842342377,90.58439636230469,0.45153775811195374,Logic,90.58439636230469
teammates\src\e2e\java\teammates\e2e\util\AxeUtil.java,0.0,1.0004667043685913,1.0323158502578735,UI,1.0323158502578735
teammates\src\main\java\teammates\common\util\StdOutConsoleHandler.java,0.0,1.0005097389221191,1.1274269819259644,UI,1.1274269819259644
teammates\src\main\java\teammates\common\datatransfer\questions\FeedbackRubricQuestionDetails.java,3.157932758331299,3.3533575534820557,7.659290313720703,UI,7.659290313720703
teammates\src\e2e\java\teammates\e2e\pageobjects\HomePage.java,2.5103468894958496,1.0005338191986084,0.0,Client,2.5103468894958496
teammates\src\test\java\teammates\ui\webapi\GetOngoingSessionsActionTest.java,2.5300838947296143,59.76182174682617,58.68643569946289,Logic,59.76182174682617
teammates\src\main\java\teammates\common\datatransfer\logs\LogSeverity.java,1.0,19.220884323120117,1.0,Logic,19.220884323120117
teammates\src\test\java\teammates\storage\api\AccountsDbTest.java,40.748085021972656,4.556503772735596,3.214197874069214,Client,40.748085021972656
teammates\src\main\java\teammates\ui\webapi\RestoreCourseAction.java,0.0,76.89281463623047,61.53958511352539,Logic,76.89281463623047
teammates\src\test\java\teammates\logic\core\StudentsLogicTest.java,4.5371479988098145,88.6603012084961,3.515167236328125,Logic,88.6603012084961
teammates\src\main\java\teammates\common\datatransfer\questions\FeedbackRankOptionsQuestionDetails.java,4.112937927246094,1.000385046005249,3.615703582763672,Client,4.112937927246094
teammates\src\main\java\teammates\ui\request\FeedbackSessionCreateRequest.java,0.23701924085617065,1.0004782676696777,60.51931381225586,UI,60.51931381225586
teammates\src\e2e\java\teammates\e2e\util\EmailAccountTest.java,0.0,1.0005090236663818,1.125944972038269,UI,1.125944972038269
teammates\src\test\java\teammates\ui\webapi\FeedbackSessionOpeningSoonRemindersActionTest.java,4.789085865020752,75.36526489257812,51.80350112915039,Logic,75.36526489257812
teammates\src\client\java\teammates\client\scripts\DataMigrationForGoogleIdToGmail.java,131.19317626953125,1.5966453552246094,1.5144617557525635,Client,131.19317626953125
teammates\src\e2e\java\teammates\e2e\cases\axe\InstructorCourseEditPageAxeTest.java,1.3489673137664795,1.0004830360412598,0.5893770456314087,Client,1.3489673137664795
teammates\src\test\java\teammates\ui\webapi\StudentSearchIndexingWorkerActionTest.java,0.5567341446876526,70.85013580322266,58.474891662597656,Logic,70.85013580322266
teammates\src\test\java\teammates\storage\api\AccountRequestsDbTest.java,39.57905578613281,6.164489269256592,2.1408774852752686,Client,39.57905578613281
teammates\src\e2e\java\teammates\e2e\util\TestDataValidityTest.java,6.622776985168457,2.192664861679077,13.590922355651855,UI,13.590922355651855
teammates\src\e2e\java\teammates\e2e\cases\axe\InstructorCourseStudentDetailsPageAxeTest.java,1.356392502784729,1.0004782676696777,0.5835543870925903,Client,1.356392502784729
teammates\src\test\java\teammates\ui\webapi\GetCoursesActionTest.java,0.33730804920196533,26.04193687438965,51.88253402709961,UI,51.88253402709961
teammates\src\main\java\teammates\ui\constants\ResourceEndpoints.java,0.0,16.43697738647461,56.4106330871582,UI,56.4106330871582
teammates\src\e2e\java\teammates\e2e\pageobjects\InstructorNotificationsPage.java,2.5206387042999268,1.0005077123641968,2.0,Client,2.5206387042999268
teammates\src\test\java\teammates\logic\api\UserProvisionTest.java,1.511937141418457,70.75373077392578,8.12762451171875,Logic,70.75373077392578
teammates\src\e2e\java\teammates\e2e\cases\InstructorFeedbackSessionsPageE2ETest.java,5.235633373260498,2.931814193725586,13.78802490234375,UI,13.78802490234375
teammates\src\main\java\teammates\ui\webapi\GetHasResponsesAction.java,0.1773330420255661,78.29680633544922,57.00343704223633,Logic,78.29680633544922
teammates\src\lnp\java\teammates\lnp\cases\StudentTeamUpdateLNPTest.java,5.031266212463379,1.6183439493179321,1.4109899997711182,Client,5.031266212463379
teammates\src\test\java\teammates\ui\webapi\GetActionClassesActionTest.java,3.2897868156433105,1.0004256963729858,59.503761291503906,UI,59.503761291503906
teammates\src\main\java\teammates\storage\entity\Instructor.java,0.775301992893219,1.000433325767517,2.598618984222412,UI,2.598618984222412
teammates\src\e2e\java\teammates\e2e\cases\InstructorFeedbackEditPageE2ETest.java,4.247509002685547,1.0003108978271484,3.989835262298584,Client,4.247509002685547
teammates\src\main\java\teammates\ui\output\SessionResultsData.java,2.1105399131774902,2.7684991359710693,48.60415267944336,UI,48.60415267944336
teammates\src\main\java\teammates\ui\servlets\OAuth2CallbackServlet.java,2.5569119453430176,30.285888671875,77.46904754638672,UI,77.46904754638672
teammates\src\e2e\java\teammates\e2e\pageobjects\InstructorCourseEditPage.java,3.6384992599487305,8.538283348083496,1.0,Logic,8.538283348083496
teammates\src\e2e\java\teammates\e2e\cases\axe\AdminSessionsPageAxeTest.java,1.302253246307373,1.0004578828811646,0.5587154030799866,Client,1.302253246307373
teammates\src\e2e\java\teammates\e2e\cases\axe\AdminHomePageAxeTest.java,1.076998233795166,1.000490427017212,0.5983322858810425,Client,1.076998233795166
teammates\src\lnp\java\teammates\lnp\cases\InstructorUpdateLNPTest.java,4.846951961517334,1.6170367002487183,1.3893191814422607,Client,4.846951961517334
teammates\src\main\java\teammates\storage\entity\FeedbackQuestion.java,1.6641291379928589,1.0004043579101562,0.0,Client,1.6641291379928589
teammates\src\e2e\java\teammates\e2e\cases\FeedbackNumScaleQuestionE2ETest.java,1.1598716974258423,1.000385046005249,0.4698333442211151,Client,1.1598716974258423
teammates\src\main\java\teammates\logic\core\CoursesLogic.java,0.4846866726875305,96.53313446044922,3.0337908267974854,Logic,96.53313446044922
teammates\src\client\java\teammates\client\scripts\DataMigrationForTextQuestionRecommendedLength.java,126.12316131591797,3.6933488845825195,1.9060306549072266,Client,126.12316131591797
teammates\src\test\java\teammates\common\datatransfer\questions\FeedbackMsqQuestionDetailsTest.java,2.3102238178253174,1.0002163648605347,1.1610288619995117,Client,2.3102238178253174
teammates\src\test\java\teammates\common\datatransfer\questions\FeedbackRankQuestionDetailsTest.java,1.0,1.0004758834838867,1.0,Logic,1.0004758834838867
teammates\src\main\java\teammates\logic\external\RecaptchaService.java,0.0,74.26314544677734,0.0,Logic,74.26314544677734
teammates\src\test\java\teammates\logic\external\package-info.java,0.0,74.3622817993164,0.0,Logic,74.3622817993164
teammates\src\main\java\teammates\ui\output\FeedbackQuestionData.java,2.081090211868286,2.593554735183716,55.683128356933594,UI,55.683128356933594
teammates\src\e2e\java\teammates\e2e\cases\axe\AdminAccountsPageAxeTest.java,1.0688778162002563,1.0004867315292358,0.5938209295272827,Client,1.0688778162002563
teammates\src\main\java\teammates\storage\api\EntitiesDb.java,4.257757663726807,20.14320945739746,0.8480433225631714,Logic,20.14320945739746
teammates\src\main\java\teammates\ui\webapi\GetSessionResponseStatsAction.java,0.0,73.9486083984375,61.481082916259766,Logic,73.9486083984375
teammates\src\main\java\teammates\ui\output\DeadlineExtensionData.java,0.0,1.000492811203003,61.78940200805664,UI,61.78940200805664
teammates\src\main\java\teammates\logic\external\GoogleCloudLoggingService.java,0.0,66.64134216308594,5.688032150268555,Logic,66.64134216308594
teammates\src\test\java\teammates\ui\webapi\GetInstructorPrivilegeActionTest.java,1.509928584098816,1.253730058670044,52.89040756225586,UI,52.89040756225586
teammates\src\e2e\java\teammates\e2e\cases\axe\InstructorCourseEnrollPageAxeTest.java,1.3489673137664795,1.000516653060913,0.5893770456314087,Client,1.3489673137664795
teammates\src\main\java\teammates\common\util\HttpRequestHelper.java,0.8281676769256592,4.233259201049805,2.9466309547424316,Logic,4.233259201049805
teammates\src\main\java\teammates\common\datatransfer\attributes\FeedbackSessionAttributes.java,1.719568133354187,6.9907097816467285,3.0,Logic,6.9907097816467285
teammates\src\main\java\teammates\main\package-info.java,0.0,1.0005165338516235,0.0,Logic,1.0005165338516235
teammates\src\main\java\teammates\ui\webapi\GetAccountAction.java,0.25423768162727356,67.91600799560547,60.076622009277344,Logic,67.91600799560547
teammates\src\test\java\teammates\storage\api\EntitiesDbTest.java,0.0,5.670292854309082,1.13518488407135,Logic,5.670292854309082
teammates\src\main\java\teammates\common\datatransfer\logs\SourceLocation.java,1.0,18.60420799255371,2.598921537399292,Logic,18.60420799255371
teammates\src\test\java\teammates\test\AssertHelper.java,2.622014045715332,1.0004712343215942,0.0,Client,2.622014045715332
teammates\src\test\java\teammates\common\datatransfer\attributes\FeedbackQuestionAttributesTest.java,4.894561767578125,4.286446571350098,1.1910936832427979,Client,4.894561767578125
teammates\src\lnp\java\teammates\lnp\cases\BaseLNPTestCase.java,13.585906028747559,12.847203254699707,12.915616035461426,Client,13.585906028747559
teammates\src\e2e\java\teammates\e2e\cases\axe\InstructorStudentListPageAxeTest.java,1.316637396812439,1.0004879236221313,0.5953171253204346,Client,1.316637396812439
teammates\src\e2e\java\teammates\e2e\pageobjects\InstructorCourseStudentDetailsEditPage.java,3.1885735988616943,4.158082008361816,0.0,Logic,4.158082008361816
teammates\src\main\java\teammates\ui\webapi\GetCourseAction.java,0.0,72.44232940673828,59.81499481201172,Logic,72.44232940673828
teammates\src\e2e\java\teammates\e2e\cases\axe\InstructorNotificationsPageAxeTest.java,1.2945935726165771,3.2752647399902344,0.5864512920379639,Logic,3.2752647399902344
teammates\src\main\java\teammates\logic\core\package-info.java,0.0,74.3622817993164,0.0,Logic,74.3622817993164
teammates\src\main\java\teammates\common\datatransfer\DataBundle.java,1.0,1.0004867315292358,1.0,Logic,1.0004867315292358
teammates\src\main\java\teammates\ui\webapi\EnrollStudentsAction.java,3.2675869464874268,77.08002471923828,58.60528564453125,Logic,77.08002471923828
teammates\src\e2e\java\teammates\e2e\pageobjects\FeedbackResultsPage.java,5.652960777282715,3.894333839416504,5.210297584533691,Client,5.652960777282715
teammates\src\e2e\java\teammates\e2e\cases\axe\package-info.java,1.1284359693527222,1.0005137920379639,0.6269087791442871,Client,1.1284359693527222
teammates\src\e2e\java\teammates\e2e\util\MaximumRetriesExceededException.java,1.3866300582885742,1.0005050897598267,2.1190178394317627,UI,2.1190178394317627
teammates\src\test\java\teammates\ui\webapi\FeedbackSessionOpeningRemindersActionTest.java,4.938241481781006,74.77679443359375,57.106998443603516,Logic,74.77679443359375
teammates\src\e2e\java\teammates\e2e\pageobjects\InstructorCourseDetailsPage.java,2.4342570304870605,1.0003464221954346,1.0,Client,2.4342570304870605
teammates\src\test\java\teammates\common\util\UrlTest.java,2.961466073989868,7.53929328918457,5.440622806549072,Logic,7.53929328918457
teammates\src\test\java\teammates\logic\api\EmailSenderTest.java,0.33507460355758667,65.20389556884766,5.646879196166992,Logic,65.20389556884766
teammates\src\test\java\teammates\logic\core\InstructorsLogicTest.java,4.897141456604004,80.53325653076172,10.129240989685059,Logic,80.53325653076172
teammates\src\main\java\teammates\ui\request\CourseCreateRequest.java,0.2582167387008667,1.0005030632019043,61.84539794921875,UI,61.84539794921875
teammates\src\test\java\teammates\common\util\SanitizationHelperTest.java,2.757366180419922,4.188236236572266,6.197675704956055,UI,6.197675704956055
teammates\src\main\java\teammates\logic\core\NotificationsLogic.java,0.0,72.76457214355469,0.0,Logic,72.76457214355469
teammates\src\main\java\teammates\ui\webapi\GetAuthInfoAction.java,0.2705419659614563,22.148178100585938,59.81499481201172,UI,59.81499481201172
teammates\src\test\java\teammates\logic\external\GoogleRecaptchaServiceTest.java,35.53466033935547,70.83230590820312,16.92667579650879,Logic,70.83230590820312
teammates\src\test\java\teammates\ui\webapi\BaseActionTest.java,3.0089802742004395,65.17444610595703,59.482662200927734,Logic,65.17444610595703
teammates\src\main\java\teammates\storage\entity\Notification.java,0.5623255372047424,1.0004256963729858,0.0,Logic,1.0004256963729858
teammates\src\test\java\teammates\ui\webapi\GetAuthInfoActionTest.java,0.5978882312774658,1.0003368854522705,59.69527816772461,UI,59.69527816772461
teammates\src\main\java\teammates\ui\webapi\UnpublishFeedbackSessionAction.java,0.0,79.612060546875,61.482635498046875,Logic,79.612060546875
teammates\src\test\java\teammates\ui\webapi\DeleteStudentActionTest.java,52.4622688293457,2.161534309387207,55.683128356933594,UI,55.683128356933594
teammates\src\main\java\teammates\ui\servlets\HealthCheckServlet.java,0.259376585483551,1.0005043745040894,60.370582580566406,UI,60.370582580566406
teammates\src\client\java\teammates\client\scripts\DataMigrationForNullCommentGiverType.java,128.23397827148438,1.5889536142349243,1.9566622972488403,Client,128.23397827148438
teammates\src\test\java\teammates\ui\webapi\JsonResultTest.java,0.0,1.000462293624878,58.25072479248047,UI,58.25072479248047
teammates\src\test\java\teammates\ui\webapi\SendErrorReportActionTest.java,0.21738877892494202,1.8701577186584473,67.11502075195312,UI,67.11502075195312
teammates\src\main\java\teammates\ui\output\FeedbackSessionsData.java,0.0,1.0005037784576416,60.33757781982422,UI,60.33757781982422
teammates\src\main\java\teammates\ui\webapi\GetFeedbackResponseCommentAction.java,0.286747545003891,75.74040985107422,56.990760803222656,Logic,75.74040985107422
teammates\src\test\java\teammates\storage\api\FeedbackResponsesDbTest.java,2.991335391998291,2.636270523071289,2.9906084537506104,Client,2.991335391998291
teammates\src\test\java\teammates\common\util\StringHelperExtension.java,0.0,1.0005104541778564,1.1289128065109253,UI,1.1289128065109253
teammates\src\main\java\teammates\ui\output\JoinLinkData.java,0.0,1.0005104541778564,60.6715087890625,UI,60.6715087890625
teammates\src\lnp\java\teammates\lnp\util\package-info.java,0.0,1.000515103340149,1.1394245624542236,UI,1.1394245624542236
teammates\src\main\java\teammates\ui\webapi\CreateInstructorAction.java,0.0,74.58658599853516,58.4106330871582,Logic,74.58658599853516
teammates\src\main\java\teammates\ui\webapi\InstructorSearchIndexingWorkerAction.java,0.0,72.97453308105469,59.948150634765625,Logic,72.97453308105469
teammates\src\main\java\teammates\ui\output\RegenerateKeyData.java,1.3024218082427979,1.000507116317749,61.122154235839844,UI,61.122154235839844
teammates\src\test\java\teammates\ui\webapi\GetRegkeyValidityActionTest.java,0.3016670346260071,67.24451446533203,59.65559005737305,Logic,67.24451446533203
teammates\src\test\java\teammates\common\datatransfer\questions\FeedbackRankOptionsQuestionDetailsTest.java,1.0,1.0003191232681274,1.265098214149475,UI,1.265098214149475
teammates\src\main\java\teammates\ui\webapi\GetRegkeyValidityAction.java,0.0,72.93219757080078,60.58860778808594,Logic,72.93219757080078
teammates\src\main\java\teammates\common\exception\EmailSendingException.java,0.0,1.000508427619934,0.0,Logic,1.000508427619934
teammates\src\main\java\teammates\common\datatransfer\TeamEvalResult.java,3.2669425010681152,20.64638328552246,4.316917896270752,Logic,20.64638328552246
teammates\src\main\java\teammates\storage\search\StudentSearchManager.java,2.171928644180298,1.000433325767517,1.524709939956665,Client,2.171928644180298
teammates\src\main\java\teammates\ui\webapi\DeleteStudentsAction.java,0.0,74.20966339111328,61.0546875,Logic,74.20966339111328
teammates\src\test\java\teammates\ui\webapi\FeedbackSessionClosedRemindersActionTest.java,5.068533420562744,72.58479309082031,56.76050567626953,Logic,72.58479309082031
teammates\src\main\java\teammates\ui\webapi\GetTimeZonesAction.java,2.9726083278656006,4.1461896896362305,60.93644714355469,UI,60.93644714355469
teammates\src\client\java\teammates\client\scripts\DataMigrationForTextQuestionDetailsFormat.java,127.41035461425781,1.5765655040740967,1.936532974243164,Client,127.41035461425781
teammates\src\main\java\teammates\ui\output\FeedbackQuestionRecipientData.java,0.0,1.0004979372024536,60.04438018798828,UI,60.04438018798828
teammates\src\main\java\teammates\logic\core\AccountRequestsLogic.java,0.0,72.05548858642578,0.0,Logic,72.05548858642578
teammates\src\test\java\teammates\logic\api\MockEmailSender.java,0.0,74.38850402832031,0.0,Logic,74.38850402832031
teammates\src\main\java\teammates\storage\search\AccountRequestSearchManager.java,0.0,1.0004758834838867,0.0,Logic,1.0004758834838867
teammates\src\main\java\teammates\common\datatransfer\questions\FeedbackTextResponseDetails.java,1.0,2.000498056411743,1.0,Logic,2.000498056411743
teammates\src\main\java\teammates\ui\servlets\LoginServlet.java,2.010646104812622,41.37786102294922,76.93423461914062,UI,76.93423461914062
teammates\src\test\java\teammates\ui\webapi\GetAccountRequestActionTest.java,0.8065965175628662,63.66135787963867,59.2806282043457,Logic,63.66135787963867
teammates\src\test\java\teammates\ui\webapi\DeleteAccountRequestActionTest.java,0.6627680659294128,68.42622375488281,59.03738021850586,Logic,68.42622375488281
teammates\src\main\java\teammates\ui\output\OngoingSessionsData.java,0.0,1.0004879236221313,59.53955841064453,UI,59.53955841064453
teammates\src\test\java\teammates\ui\request\StudentsEnrollRequestTest.java,0.0,3.3216826915740967,59.9608268737793,UI,59.9608268737793
teammates\src\main\java\teammates\storage\api\AccountRequestsDb.java,0.8335362672805786,14.179680824279785,5.008573055267334,Logic,14.179680824279785
teammates\src\test\java\teammates\ui\webapi\GetFeedbackSessionSubmittedGiverSetActionTest.java,1.5361921787261963,1.0004494190216064,59.0108528137207,UI,59.0108528137207
teammates\src\e2e\java\teammates\e2e\cases\axe\StudentCourseDetailsPageAxeTest.java,1.309201955795288,1.0004854202270508,0.5923321843147278,Client,1.309201955795288
teammates\src\e2e\java\teammates\e2e\pageobjects\AdminHomePage.java,3.8107733726501465,1.0004256963729858,1.3036364316940308,Client,3.8107733726501465
teammates\src\main\java\teammates\ui\servlets\package-info.java,0.0,1.000515103340149,60.91054916381836,UI,60.91054916381836
teammates\src\main\java\teammates\ui\webapi\GetStudentAction.java,0.0,76.47581481933594,59.191184997558594,Logic,76.47581481933594
teammates\src\test\java\teammates\ui\webapi\GetFeedbackResponseCommentActionTest.java,1.467055320739746,75.93253326416016,52.04812240600586,Logic,75.93253326416016
teammates\src\main\java\teammates\ui\webapi\InvalidHttpParameterException.java,0.0,1.0004966259002686,59.98014831542969,UI,59.98014831542969
teammates\src\main\java\teammates\ui\webapi\DeleteDataBundleAction.java,3.04644775390625,69.94781494140625,62.772911071777344,Logic,69.94781494140625
teammates\src\e2e\java\teammates\e2e\cases\FeedbackContributionQuestionE2ETest.java,1.1494160890579224,1.0003790855407715,0.46247613430023193,Client,1.1494160890579224
teammates\src\main\java\teammates\common\datatransfer\attributes\EntityAttributes.java,1.0,5.342348098754883,1.0,Logic,5.342348098754883
teammates\src\main\java\teammates\common\datatransfer\attributes\AccountAttributes.java,1.0,3.6611328125,1.0,Logic,3.6611328125
teammates\src\test\java\teammates\test\BaseTestCase.java,2.3708839416503906,3.416569232940674,4.312134265899658,UI,4.312134265899658
teammates\src\test\java\teammates\common\datatransfer\questions\package-info.java,1.0,1.0005137920379639,1.0,Logic,1.0005137920379639
teammates\src\main\java\teammates\common\util\AppUrl.java,0.2866583466529846,1.0004806518554688,6.075445175170898,UI,6.075445175170898
teammates\src\main\java\teammates\common\datatransfer\logs\FeedbackSessionAuditLogDetails.java,1.0,19.78253173828125,1.0,Logic,19.78253173828125
teammates\src\test\java\teammates\test\AbstractBackDoor.java,1.106257677078247,4.358978271484375,9.326390266418457,UI,9.326390266418457
teammates\src\e2e\java\teammates\e2e\cases\FeedbackResultsPageE2ETest.java,6.180365562438965,5.5050554275512695,9.877547264099121,UI,9.877547264099121
teammates\src\main\java\teammates\common\util\SanitizationHelper.java,0.0,4.300021171569824,30.253469467163086,UI,30.253469467163086
teammates\src\main\java\teammates\ui\output\InstructorPrivilegeData.java,0.0,1.0005090236663818,60.60402297973633,UI,60.60402297973633
teammates\src\main\java\teammates\common\datatransfer\InstructorPrivilegesLegacy.java,1.0,1.0005017518997192,1.0,Logic,1.0005017518997192
teammates\src\main\java\teammates\common\datatransfer\AttributesDeletionQuery.java,1.0,1.0004256963729858,3.0,UI,3.0
teammates\src\test\java\teammates\ui\webapi\GetStudentsActionTest.java,0.8876366019248962,18.772171020507812,52.72369384765625,UI,52.72369384765625
teammates\src\test\java\teammates\ui\webapi\InstructorSearchIndexingWorkerActionTest.java,0.5567341446876526,70.85013580322266,58.474891662597656,Logic,70.85013580322266
teammates\src\main\java\teammates\logic\external\GoogleCloudTasksService.java,127.18827056884766,81.0611801147461,1.9713019132614136,Client,127.18827056884766
teammates\src\test\java\teammates\common\datatransfer\questions\FeedbackQuestionDetailsTest.java,1.2241392135620117,3.3627185821533203,1.0,Logic,3.3627185821533203
teammates\src\main\java\teammates\storage\entity\CourseStudent.java,0.516867995262146,1.000433325767517,2.598618984222412,UI,2.598618984222412
teammates\src\main\java\teammates\ui\output\CommentVisibilityType.java,0.0,1.0005110502243042,60.70539093017578,UI,60.70539093017578
teammates\src\test\java\teammates\common\datatransfer\attributes\package-info.java,1.0,1.0005137920379639,1.0,Logic,1.0005137920379639
teammates\src\test\java\teammates\common\datatransfer\questions\FeedbackRankRecipientsQuestionDetailsTest.java,2.6827738285064697,2.092952251434326,2.0472214221954346,Client,2.6827738285064697
teammates\src\main\java\teammates\ui\webapi\SubmitFeedbackResponsesAction.java,2.1454648971557617,86.21257781982422,52.59344482421875,Logic,86.21257781982422
teammates\src\e2e\java\teammates\e2e\cases\InstructorFeedbackReportPageE2ETest.java,5.436017036437988,3.523226022720337,11.019585609436035,UI,11.019585609436035
teammates\src\main\java\teammates\storage\api\NotificationsDb.java,1.893188714981079,6.709151268005371,1.1754578351974487,Logic,6.709151268005371
teammates\src\lnp\java\teammates\lnp\cases\package-info.java,1.1314380168914795,1.000515103340149,0.6285765767097473,Client,1.1314380168914795
teammates\src\main\java\teammates\ui\constants\QuestionTypeStructures.java,0.0,4.094769477844238,58.58860778808594,UI,58.58860778808594
teammates\src\test\java\teammates\ui\webapi\FeedbackSessionResendPublishedEmailWorkerActionTest.java,2.7240500450134277,62.66223907470703,59.39529800415039,Logic,62.66223907470703
teammates\src\test\java\teammates\ui\webapi\FeedbackSessionRemindParticularUsersEmailWorkerActionTest.java,2.856905937194824,65.84439086914062,57.00343704223633,Logic,65.84439086914062
teammates\src\main\java\teammates\ui\webapi\UpdateFeedbackQuestionAction.java,0.0,73.13068389892578,58.4106330871582,Logic,73.13068389892578
teammates\src\main\java\teammates\ui\webapi\GetCourseJoinStatusAction.java,0.2945483922958374,72.81777954101562,58.931217193603516,Logic,72.81777954101562
teammates\src\test\java\teammates\common\util\package-info.java,0.0,1.000515103340149,1.1394245624542236,UI,1.1394245624542236
teammates\src\e2e\java\teammates\e2e\cases\StudentNotificationsPageE2ETest.java,1.4889020919799805,3.509552001953125,5.574999809265137,UI,5.574999809265137
teammates\src\e2e\java\teammates\e2e\cases\InstructorCourseStudentDetailsPageE2ETest.java,1.3383194208145142,1.0004667043685913,0.5694888234138489,Client,1.3383194208145142
teammates\src\client\java\teammates\client\util\LoopHelper.java,124.47896575927734,1.0004979372024536,1.101334571838379,Client,124.47896575927734
teammates\src\main\java\teammates\ui\request\FeedbackSessionUpdateRequest.java,0.0,1.0004867315292358,60.96828079223633,UI,60.96828079223633
teammates\src\test\java\teammates\ui\webapi\GetInstructorsActionTest.java,0.5312603712081909,77.58866882324219,53.465965270996094,Logic,77.58866882324219
teammates\src\main\java\teammates\common\util\StringHelper.java,3.7078604698181152,15.240741729736328,7.0398173332214355,Logic,15.240741729736328
teammates\src\main\java\teammates\ui\webapi\InstructorCourseJoinEmailWorkerAction.java,0.30173081159591675,73.69117736816406,58.58860778808594,Logic,73.69117736816406
teammates\src\main\java\teammates\common\datatransfer\InstructorPermissionSet.java,1.1579327583312988,5.231583118438721,2.292374610900879,Logic,5.231583118438721
teammates\src\main\java\teammates\ui\webapi\GetNotificationAction.java,0.25536200404167175,68.05272674560547,60.141357421875,Logic,68.05272674560547
teammates\src\test\java\teammates\ui\webapi\DeleteFeedbackSessionActionTest.java,0.5236256122589111,76.90951538085938,53.37523651123047,Logic,76.90951538085938
teammates\src\main\java\teammates\ui\webapi\GetUserCookieAction.java,0.24929846823215485,3.180724859237671,79.05461120605469,UI,79.05461120605469
teammates\src\main\java\teammates\ui\output\package-info.java,0.0,1.000515103340149,60.91054916381836,UI,60.91054916381836
teammates\src\main\java\teammates\ui\request\FeedbackQuestionUpdateRequest.java,0.0,1.0005145072937012,62.451656341552734,UI,62.451656341552734
teammates\src\e2e\java\teammates\e2e\cases\NotificationBannerE2ETest.java,1.2550461292266846,3.576727867126465,0.5483419895172119,Logic,3.576727867126465
teammates\src\e2e\java\teammates\e2e\cases\axe\InstructorFeedbackSessionsPageAxeTest.java,1.316637396812439,1.0004879236221313,0.5953171253204346,Client,1.316637396812439
teammates\src\main\java\teammates\ui\output\FeedbackResponseCommentData.java,0.0,1.0004578828811646,58.030799865722656,UI,58.030799865722656
teammates\src\main\java\teammates\ui\output\FeedbackSessionStatsData.java,0.0,1.000507116317749,60.50345230102539,UI,60.50345230102539
teammates\src\client\java\teammates\client\util\BackDoor.java,125.2169189453125,1.0005037784576416,1.1142280101776123,Client,125.2169189453125
teammates\src\e2e\java\teammates\e2e\cases\InstructorCourseStudentDetailsEditPageE2ETest.java,4.853370666503906,1.0004714727401733,6.007269382476807,UI,6.007269382476807
teammates\src\e2e\java\teammates\e2e\pageobjects\package-info.java,0.0,1.000515103340149,0.0,Logic,1.000515103340149
teammates\src\main\java\teammates\common\datatransfer\SessionResultsBundle.java,2.2988414764404297,3.6257998943328857,3.313800573348999,Logic,3.6257998943328857
teammates\src\test\java\teammates\storage\search\AccountRequestSearchTest.java,1.657281756401062,2.4845497608184814,6.548219203948975,UI,6.548219203948975
teammates\src\main\java\teammates\ui\webapi\GetNotificationsAction.java,3.171928644180298,75.540283203125,59.57307052612305,Logic,75.540283203125
teammates\src\e2e\java\teammates\e2e\pageobjects\InstructorCourseEnrollPage.java,3.2816553115844727,1.000385046005249,1.0,Client,3.2816553115844727
teammates\src\test\java\teammates\common\util\TimeHelperTest.java,2.2887613773345947,1.45145583152771,1.882383108139038,Client,2.2887613773345947
teammates\src\test\java\teammates\common\datatransfer\questions\FeedbackContributionQuestionDetailsTest.java,2.4490444660186768,4.279853343963623,1.9164279699325562,Logic,4.279853343963623
teammates\src\test\java\teammates\logic\core\FeedbackResponsesLogicTest.java,4.461070537567139,77.3343505859375,3.2580432891845703,Logic,77.3343505859375
teammates\src\test\java\teammates\ui\webapi\GetNotificationsActionTest.java,2.880140542984009,70.25305938720703,58.428611755371094,Logic,70.25305938720703
teammates\src\main\java\teammates\ui\webapi\DeleteNotificationAction.java,0.0,68.54090881347656,60.90121841430664,Logic,68.54090881347656
teammates\src\main\java\teammates\common\datatransfer\attributes\AccountRequestAttributes.java,1.0,3.6611328125,1.0,Logic,3.6611328125
teammates\src\test\java\teammates\ui\webapi\GetFeedbackSessionsActionTest.java,7.807124137878418,65.2965087890625,50.430267333984375,Logic,65.2965087890625
teammates\src\main\java\teammates\ui\request\StudentsEnrollRequest.java,2.5986504554748535,3.5853137969970703,59.68639373779297,UI,59.68639373779297
teammates\src\main\java\teammates\ui\output\ApiOutput.java,0.0,1.0005104541778564,62.1500244140625,UI,62.1500244140625
teammates\src\main\java\teammates\logic\core\StudentsLogic.java,3.0389084815979004,104.11898040771484,1.2014532089233398,Logic,104.11898040771484
teammates\src\main\java\teammates\ui\webapi\FeedbackSessionResendPublishedEmailWorkerAction.java,0.0,83.62808227539062,61.243873596191406,Logic,83.62808227539062
teammates\src\test\java\teammates\logic\core\FeedbackQuestionsLogicTest.java,4.907093524932861,90.69066619873047,7.315601825714111,Logic,90.69066619873047
teammates\src\main\java\teammates\ui\output\JoinStatus.java,0.0,1.0005104541778564,60.6715087890625,UI,60.6715087890625
teammates\src\main\java\teammates\ui\output\GeneralLogsData.java,0.0,1.0005043745040894,60.370582580566406,UI,60.370582580566406
teammates\src\client\java\teammates\client\scripts\statistics\StatisticsPerInstitute.java,115.3873062133789,4.775242328643799,3.8289546966552734,Client,115.3873062133789
teammates\src\main\java\teammates\common\datatransfer\attributes\NotificationAttributes.java,1.0,3.5187294483184814,1.0,Logic,3.5187294483184814
teammates\src\main\java\teammates\ui\webapi\RegenerateStudentKeyAction.java,0.2757088840007782,64.25597381591797,62.10921096801758,Logic,64.25597381591797
teammates\src\client\java\teammates\client\scripts\DataMigrationForStudentsAndTeamsRecipientType.java,127.08506774902344,1.5717549324035645,1.0,Client,127.08506774902344
teammates\src\main\java\teammates\common\datatransfer\questions\FeedbackConstantSumQuestionDetails.java,5.047431468963623,1.0002886056900024,2.269871473312378,Client,5.047431468963623
teammates\src\test\java\teammates\ui\webapi\GetNotificationActionTest.java,0.5432955026626587,1.9575351476669312,57.54365158081055,UI,57.54365158081055
teammates\src\e2e\java\teammates\e2e\util\RetryManager.java,1.5286823511123657,1.0004712343215942,1.9338781833648682,UI,1.9338781833648682
teammates\src\e2e\java\teammates\e2e\pageobjects\StudentHomePage.java,2.892014503479004,2.915555477142334,1.8443225622177124,Logic,2.915555477142334
teammates\src\test\java\teammates\logic\core\FeedbackResponseCommentsLogicTest.java,9.340621948242188,52.94873046875,5.050324440002441,Logic,52.94873046875
teammates\src\main\java\teammates\ui\webapi\ArchiveCourseAction.java,0.0,83.6076889038086,62.22854232788086,Logic,83.6076889038086
teammates\src\test\java\teammates\logic\core\BaseLogicTest.java,1.0,73.87181091308594,1.0,Logic,73.87181091308594
teammates\src\e2e\java\teammates\e2e\pageobjects\AdminSearchPage.java,3.2080564498901367,4.049195289611816,14.96407699584961,UI,14.96407699584961
teammates\src\e2e\java\teammates\e2e\cases\axe\InstructorCourseDetailsPageAxeTest.java,1.3489673137664795,1.0004830360412598,0.5893770456314087,Client,1.3489673137664795
teammates\src\test\java\teammates\ui\request\package-info.java,0.0,1.000515103340149,62.48817443847656,UI,62.48817443847656
teammates\src\main\java\teammates\ui\output\AccountData.java,0.0,1.0004916191101074,59.726463317871094,UI,59.726463317871094
teammates\src\main\java\teammates\ui\output\ResponseVisibleSetting.java,0.0,1.0005130767822266,60.807559967041016,UI,60.807559967041016
teammates\src\client\java\teammates\client\scripts\DataMigrationForUnencryptedKeyForInstructors.java,128.06805419921875,1.5864336490631104,1.0,Client,128.06805419921875
teammates\src\test\java\teammates\ui\webapi\package-info.java,0.0,1.000515103340149,60.91054916381836,UI,60.91054916381836
teammates\src\e2e\java\teammates\e2e\pageobjects\IanaTimezonePage.java,2.593043804168701,1.0005024671554565,1.5930438041687012,Client,2.593043804168701
teammates\src\test\java\teammates\ui\webapi\DeleteAccountActionTest.java,0.723987340927124,64.25597381591797,58.888099670410156,Logic,64.25597381591797
teammates\src\e2e\java\teammates\e2e\pageobjects\StudentCourseDetailsPage.java,1.0,1.000537395477295,0.0,Logic,1.000537395477295
teammates\src\test\java\teammates\ui\webapi\SearchInstructorsActionTest.java,1.4611350297927856,1.000367522239685,55.58583068847656,UI,55.58583068847656
teammates\src\main\java\teammates\ui\webapi\CreateFeedbackSessionLogAction.java,0.0,13.44926643371582,58.819366455078125,UI,58.819366455078125
teammates\src\test\java\teammates\common\datatransfer\ErrorLogEntryTest.java,2.9188292026519775,1.000547170639038,78.77184295654297,UI,78.77184295654297
teammates\src\main\java\teammates\ui\webapi\PutDataBundleAction.java,1.0,69.67549133300781,60.60154724121094,Logic,69.67549133300781
teammates\src\test\java\teammates\ui\servlets\package-info.java,0.0,1.000515103340149,60.91054916381836,UI,60.91054916381836
teammates\src\e2e\java\teammates\e2e\cases\InstructorCourseEnrollPageE2ETest.java,2.2236764430999756,1.3919711112976074,2.6008739471435547,UI,2.6008739471435547
teammates\src\e2e\java\teammates\e2e\cases\InstructorCourseEditPageE2ETest.java,4.572146415710449,3.613966226577759,4.677704334259033,UI,4.677704334259033
teammates\src\test\java\teammates\ui\webapi\FeedbackSessionRemindEmailWorkerActionTest.java,5.501887321472168,75.43680572509766,56.608463287353516,Logic,75.43680572509766
teammates\src\main\java\teammates\ui\webapi\GetFeedbackSessionAction.java,0.0,62.93004608154297,58.4106330871582,Logic,62.93004608154297
teammates\src\test\java\teammates\logic\core\NotificationsLogicTest.java,38.940494537353516,63.249229431152344,7.190153121948242,Logic,63.249229431152344
teammates\src\main\java\teammates\ui\webapi\AdminExceptionTestAction.java,1.0,3.592146635055542,59.25072479248047,UI,59.25072479248047
teammates\src\lnp\java\teammates\lnp\cases\InstructorSessionResultLNPTest.java,2.162196159362793,1.5873874425888062,1.8930593729019165,Client,2.162196159362793
teammates\src\main\java\teammates\ui\request\FeedbackResponseCommentCreateRequest.java,0.0,1.000507116317749,62.05628967285156,UI,62.05628967285156
teammates\src\test\java\teammates\common\datatransfer\attributes\InstructorAttributesTest.java,1.2160171270370483,5.959331512451172,1.6498761177062988,Logic,5.959331512451172
teammates\src\test\java\teammates\storage\api\NotificationsDbTest.java,32.42283630371094,4.751950740814209,3.1162960529327393,Client,32.42283630371094
teammates\src\main\java\teammates\storage\api\FeedbackResponsesDb.java,1.672405481338501,11.254794120788574,3.87747859954834,Logic,11.254794120788574
teammates\src\lnp\java\teammates\lnp\cases\StudentSectionUpdateLNPTest.java,5.031266212463379,1.6183439493179321,1.4109899997711182,Client,5.031266212463379
teammates\src\main\java\teammates\ui\webapi\FeedbackSessionClosedRemindersAction.java,0.0,82.31877899169922,60.88648986816406,Logic,82.31877899169922
teammates\src\main\java\teammates\common\datatransfer\package-info.java,1.0,1.000515103340149,1.0,Logic,1.000515103340149
teammates\src\test\java\teammates\common\datatransfer\questions\FeedbackRubricQuestionDetailsTest.java,3.2251009941101074,1.0002423524856567,1.0,Client,3.2251009941101074
teammates\src\main\java\teammates\ui\output\FeedbackQuestionsData.java,0.25146979093551636,1.000495433807373,59.91624069213867,UI,59.91624069213867
teammates\src\main\java\teammates\ui\output\RegkeyValidityData.java,0.0,1.0005037784576416,60.33757781982422,UI,60.33757781982422
teammates\src\e2e\java\teammates\e2e\cases\InstructorStudentListPageE2ETest.java,3.8505547046661377,3.4961318969726562,2.9043526649475098,Client,3.8505547046661377
teammates\src\test\java\teammates\ui\webapi\CreateFeedbackSessionActionTest.java,1.2013576030731201,60.50725555419922,49.54212951660156,Logic,60.50725555419922
teammates\src\main\java\teammates\ui\webapi\FeedbackSessionRemindParticularUsersEmailWorkerAction.java,0.0,83.62808227539062,61.243873596191406,Logic,83.62808227539062
teammates\src\main\java\teammates\ui\request\InstructorCreateRequest.java,0.0,1.0004758834838867,60.39387512207031,UI,60.39387512207031
teammates\src\main\java\teammates\common\util\RequestTracer.java,1.1673921346664429,1.6923370361328125,2.158079147338867,UI,2.158079147338867
teammates\src\e2e\java\teammates\e2e\pageobjects\AdminAccountsPage.java,2.691009998321533,1.0004256963729858,0.0,Client,2.691009998321533
teammates\src\test\java\teammates\common\datatransfer\questions\FeedbackConstantSumQuestionDetailsTest.java,4.516017913818359,1.0002423524856567,1.1852730512619019,Client,4.516017913818359
teammates\src\main\java\teammates\storage\api\FeedbackSessionsDb.java,3.286569833755493,15.515645980834961,3.380708694458008,Logic,15.515645980834961
teammates\src\e2e\java\teammates\e2e\cases\InstructorStudentRecordsPageE2ETest.java,4.267214298248291,1.0005112886428833,5.162204265594482,UI,5.162204265594482
teammates\src\main\java\teammates\ui\webapi\RemindFeedbackSessionResultAction.java,0.2783670723438263,64.68582916259766,60.474891662597656,Logic,64.68582916259766
teammates\src\test\java\teammates\ui\webapi\DeleteFeedbackResponseCommentActionTest.java,2.560290575027466,77.34494018554688,49.52153778076172,Logic,77.34494018554688
teammates\src\main\java\teammates\ui\constants\DefaultInstructorPermissions.java,0.0,7.252377510070801,61.090763092041016,UI,61.090763092041016
teammates\src\test\java\teammates\logic\core\CoursesLogicTest.java,3.3911681175231934,70.27318572998047,3.4887442588806152,Logic,70.27318572998047
teammates\src\main\java\teammates\logic\core\FeedbackQuestionsLogic.java,3.2311222553253174,83.51087188720703,5.8471527099609375,Logic,83.51087188720703
teammates\src\main\java\teammates\ui\output\SessionLinksRecoveryResponseData.java,0.0,1.000507116317749,60.50345230102539,UI,60.50345230102539
teammates\src\main\java\teammates\common\util\EmailSendingStatus.java,0.0,1.0005030632019043,1.1127805709838867,UI,1.1127805709838867
teammates\src\main\java\teammates\common\util\Url.java,3.0765907764434814,5.094769477844238,1.0373163223266602,Logic,5.094769477844238
teammates\src\main\java\teammates\ui\webapi\GetAccountsAction.java,0.0,69.19065856933594,62.20642852783203,Logic,69.19065856933594
teammates\src\main\java\teammates\ui\webapi\Action.java,0.7827960252761841,79.4446029663086,67.39558410644531,Logic,79.4446029663086
teammates\src\e2e\java\teammates\e2e\pageobjects\InstructorHomePage.java,5.451874256134033,3.046543836593628,2.8304085731506348,Client,5.451874256134033
teammates\src\e2e\java\teammates\e2e\cases\AutomatedSessionRemindersE2ETest.java,1.3030200004577637,1.0004411935806274,0.5383467078208923,Client,1.3030200004577637
teammates\src\main\java\teammates\ui\webapi\BinFeedbackSessionAction.java,0.0,74.20966339111328,61.0546875,Logic,74.20966339111328
teammates\src\test\java\teammates\storage\search\StudentSearchTest.java,1.632542610168457,2.331766366958618,1.0,Logic,2.331766366958618
teammates\src\main\java\teammates\ui\webapi\GetFeedbackSessionsAction.java,0.42289745807647705,77.0171890258789,60.05358123779297,Logic,77.0171890258789
teammates\src\e2e\java\teammates\e2e\cases\TimezoneSyncerTest.java,5.4131951332092285,1.3112794160842896,15.979961395263672,UI,15.979961395263672
teammates\src\test\java\teammates\ui\webapi\FeedbackSessionUnpublishedEmailWorkerActionTest.java,2.509024143218994,64.68582916259766,58.474891662597656,Logic,64.68582916259766
teammates\src\client\java\teammates\client\scripts\PopulateCourseSearchDocuments.java,115.3853988647461,66.2612075805664,5.215727806091309,Client,115.3853988647461
teammates\src\main\java\teammates\storage\api\UsageStatisticsDb.java,0.28384023904800415,10.5919189453125,1.0939159393310547,Logic,10.5919189453125
teammates\src\main\java\teammates\common\datatransfer\questions\FeedbackMcqQuestionDetails.java,4.287726402282715,3.4483816623687744,8.600561141967773,UI,8.600561141967773
teammates\src\main\java\teammates\ui\output\NotificationsData.java,0.0,1.0005037784576416,60.33757781982422,UI,60.33757781982422
teammates\src\main\java\teammates\common\util\Config.java,92.30191802978516,22.211044311523438,5.971280097961426,Client,92.30191802978516
teammates\src\e2e\java\teammates\e2e\cases\FeedbackMsqQuestionE2ETest.java,1.098433017730713,2.8074886798858643,5.601733207702637,UI,5.601733207702637
teammates\src\e2e\java\teammates\e2e\cases\SystemErrorEmailReportE2ETest.java,1.888083815574646,18.524520874023438,7.5940961837768555,Logic,18.524520874023438
teammates\src\e2e\java\teammates\e2e\cases\AdminSearchPageE2ETest.java,1.487555980682373,3.7172834873199463,1.5824962854385376,Logic,3.7172834873199463
teammates\src\client\java\teammates\client\scripts\DataMigrationForContributionQuestionDetailsIsZeroSum.java,126.76212310791016,5.564602375030518,1.9210293292999268,Client,126.76212310791016
teammates\src\main\java\teammates\ui\webapi\AuthType.java,0.0,1.0005064010620117,60.4701042175293,UI,60.4701042175293
teammates\src\main\java\teammates\ui\webapi\FeedbackSessionOpeningRemindersAction.java,0.0,82.31877899169922,60.88648986816406,Logic,82.31877899169922
teammates\src\client\java\teammates\client\scripts\IndexFeedbackSessionFields.java,129.0728302001953,1.6018857955932617,1.0,Client,129.0728302001953
teammates\src\test\java\teammates\ui\webapi\ActionFactoryTest.java,0.3049677908420563,1.0004452466964722,70.75186157226562,UI,70.75186157226562
teammates\src\client\java\teammates\client\util\package-info.java,126.64456939697266,1.000515103340149,1.1394245624542236,Client,126.64456939697266
teammates\src\main\java\teammates\common\util\JsonUtils.java,0.2517445981502533,3.0075182914733887,1.1359773874282837,Logic,3.0075182914733887
teammates\src\main\java\teammates\logic\external\package-info.java,0.0,74.3622817993164,0.0,Logic,74.3622817993164
teammates\src\main\java\teammates\ui\webapi\GetFeedbackQuestionsAction.java,0.0,77.02645874023438,58.04059600830078,Logic,77.02645874023438
teammates\src\lnp\java\teammates\lnp\cases\FeedbackSessionSubmitLNPTest.java,5.40258264541626,1.6014816761016846,2.6020054817199707,Client,5.40258264541626
teammates\src\main\java\teammates\ui\webapi\GenerateEmailAction.java,0.5305898785591125,70.20976257324219,58.030799865722656,Logic,70.20976257324219
teammates\src\e2e\java\teammates\e2e\cases\FeedbackRankRecipientQuestionE2ETest.java,1.1494160890579224,1.0003790855407715,0.46247613430023193,Client,1.1494160890579224
teammates\src\e2e\java\teammates\e2e\cases\InstructorSearchPageE2ETest.java,1.4356673955917358,1.5785408020019531,0.4852730631828308,Logic,1.5785408020019531
teammates\src\test\java\teammates\ui\webapi\CalculateUsageStatisticsActionTest.java,0.759280800819397,65.82221221923828,59.0546875,Logic,65.82221221923828
teammates\src\main\java\teammates\ui\output\TimeZonesData.java,0.0,1.0005043745040894,60.370582580566406,UI,60.370582580566406
teammates\src\main\java\teammates\ui\webapi\GetOngoingSessionsAction.java,0.9683626890182495,72.77596282958984,57.16598129272461,Logic,72.77596282958984
teammates\src\main\java\teammates\ui\output\AccountRequestData.java,0.0,1.0004891157150269,59.60154724121094,UI,59.60154724121094
teammates\src\main\java\teammates\ui\request\InstructorPrivilegeUpdateRequest.java,0.0,1.0005037784576416,61.88031768798828,UI,61.88031768798828
teammates\src\test\java\teammates\common\datatransfer\attributes\CourseAttributesTest.java,1.4254682064056396,5.823695659637451,1.0,Logic,5.823695659637451
teammates\src\e2e\java\teammates\e2e\cases\axe\InstructorStudentActivityLogsPageAxeTest.java,1.309201955795288,1.0004854202270508,0.5923321843147278,Client,1.309201955795288
teammates\src\test\java\teammates\ui\webapi\GetInstructorActionTest.java,1.0176697969436646,74.72816467285156,54.19837188720703,Logic,74.72816467285156
teammates\src\main\java\teammates\ui\output\InstructorPermissionRole.java,0.0,1.0004891157150269,59.60154724121094,UI,59.60154724121094
teammates\src\main\java\teammates\common\util\TzdbResourceZoneRulesProvider.java,4.980855941772461,3.5285956859588623,8.106510162353516,UI,8.106510162353516
teammates\src\main\java\teammates\ui\output\FeedbackVisibilityType.java,0.0,1.0005117654800415,60.739356994628906,UI,60.739356994628906
teammates\src\main\java\teammates\ui\webapi\ActionResult.java,0.0,1.000508427619934,60.570411682128906,UI,60.570411682128906
teammates\src\test\java\teammates\common\datatransfer\questions\FeedbackNumericalScaleQuestionDetailsTest.java,1.4885469675064087,8.043745040893555,2.2273240089416504,Logic,8.043745040893555
teammates\src\e2e\java\teammates\e2e\cases\axe\InstructorSessionIndividualExtensionPageAxeTest.java,1.3626917600631714,1.0004806518554688,0.5864512920379639,Client,1.3626917600631714
teammates\src\test\java\teammates\ui\webapi\DeleteInstructorActionTest.java,0.5045876502990723,76.35237121582031,48.872352600097656,Logic,76.35237121582031
teammates\src\main\java\teammates\logic\core\InstructorsLogic.java,1.4824352264404297,134.207275390625,0.9935340285301208,Logic,134.207275390625
teammates\src\e2e\java\teammates\e2e\pageobjects\AdminTimezonePage.java,3.966261625289917,1.0004879236221313,1.27942955493927,Client,3.966261625289917
teammates\src\test\java\teammates\ui\webapi\CreateNotificationActionTest.java,0.8227272629737854,57.083988189697266,59.152950286865234,UI,59.152950286865234
teammates\src\test\java\teammates\storage\api\FeedbackSessionsDbTest.java,2.9174327850341797,3.283695936203003,2.251955270767212,Logic,3.283695936203003
teammates\src\main\java\teammates\ui\webapi\DeleteFeedbackResponseCommentAction.java,0.19665895402431488,78.58784484863281,61.86749267578125,Logic,78.58784484863281
teammates\src\main\java\teammates\logic\api\EmailGenerator.java,3.8654897212982178,74.9382095336914,6.741535186767578,Logic,74.9382095336914
teammates\src\main\java\teammates\ui\output\FeedbackSessionSubmittedGiverSet.java,0.30361443758010864,1.0005090236663818,62.105281829833984,UI,62.105281829833984
teammates\src\main\java\teammates\ui\webapi\FeedbackSessionOpeningSoonRemindersAction.java,0.0,82.31877899169922,60.88648986816406,Logic,82.31877899169922
teammates\src\main\java\teammates\ui\output\ReadNotificationsData.java,0.0,1.0005090236663818,60.60402297973633,UI,60.60402297973633
teammates\src\test\java\teammates\ui\webapi\UnpublishFeedbackSessionActionTest.java,0.8117289543151855,69.24627685546875,56.04059600830078,Logic,69.24627685546875
teammates\src\main\java\teammates\ui\webapi\BasicCommentSubmissionAction.java,0.2945483922958374,64.43511199951172,58.259735107421875,Logic,64.43511199951172
teammates\src\e2e\java\teammates\e2e\cases\AdminSessionsPageE2ETest.java,3.901242971420288,1.746525764465332,3.7580454349517822,Client,3.901242971420288
teammates\src\main\java\teammates\logic\external\EmailSenderService.java,0.0,73.92028045654297,0.0,Logic,73.92028045654297
teammates\src\main\java\teammates\ui\output\FeedbackSessionData.java,0.0,1.000356674194336,55.75989532470703,UI,55.75989532470703
teammates\src\test\java\teammates\storage\search\BaseSearchTest.java,1.0,1.000507116317749,1.0,Logic,1.000507116317749
teammates\src\main\java\teammates\logic\api\UserProvision.java,2.7309932708740234,72.07950592041016,58.12822341918945,Logic,72.07950592041016
teammates\src\main\java\teammates\ui\request\Intent.java,0.0,1.0005117654800415,62.306556701660156,UI,62.306556701660156
teammates\src\e2e\java\teammates\e2e\pageobjects\InstructorStudentRecordsPage.java,2.438929557800293,1.0004916191101074,0.5078272819519043,Client,2.438929557800293
teammates\src\e2e\java\teammates\e2e\cases\axe\StudentHomePageAxeTest.java,1.0715709924697876,1.0004879236221313,0.5953171253204346,Client,1.0715709924697876
teammates\src\test\java\teammates\ui\webapi\GetAccountsActionTest.java,0.871841549873352,2.281583786010742,57.787071228027344,UI,57.787071228027344
teammates\src\lnp\java\teammates\lnp\cases\InstructorCourseUpdateLNPTest.java,5.533869743347168,1.6076260805130005,1.462476134300232,Client,5.533869743347168
teammates\src\client\java\teammates\client\scripts\DataMigrationForTeamNameInResponseGiver.java,121.09909057617188,23.29945182800293,2.807526111602783,Client,121.09909057617188
teammates\src\test\java\teammates\architecture\ArchitectureTest.java,37.80754470825195,50.611385345458984,38.165130615234375,Logic,50.611385345458984
teammates\src\main\java\teammates\common\util\FieldValidator.java,4.8807878494262695,8.329437255859375,8.33830451965332,UI,8.33830451965332
teammates\src\main\java\teammates\storage\api\DatastoreEmulatorRunner.java,2.5084753036499023,2.5431323051452637,1.0,Logic,2.5431323051452637
teammates\src\test\java\teammates\ui\webapi\GetCourseJoinStatusActionTest.java,0.6084740161895752,73.45155334472656,61.97086715698242,Logic,73.45155334472656
teammates\src\test\java\teammates\ui\webapi\FeedbackSessionPublishedEmailWorkerActionTest.java,2.509024143218994,64.68582916259766,58.474891662597656,Logic,64.68582916259766
teammates\src\test\java\teammates\common\datatransfer\AttributesDeletionQueryTest.java,1.0,1.0003790855407715,1.0,Logic,1.0003790855407715
teammates\src\main\java\teammates\common\datatransfer\logs\LogDetails.java,1.0,19.244556427001953,1.0,Logic,19.244556427001953
teammates\src\main\java\teammates\common\datatransfer\UserInfoCookie.java,1.5704846382141113,1.0004782676696777,5.5133466720581055,UI,5.5133466720581055
teammates\src\main\java\teammates\logic\external\EmptyRecaptchaService.java,0.0,74.16453552246094,0.0,Logic,74.16453552246094
teammates\src\client\java\teammates\client\scripts\DataMigrationForInstructorFeedbackResponseComments.java,127.81791687011719,1.5790013074874878,1.94049072265625,Client,127.81791687011719
teammates\src\test\java\teammates\ui\webapi\GetSessionResultsActionTest.java,0.6080084443092346,72.22698974609375,49.476097106933594,Logic,72.22698974609375
teammates\src\main\java\teammates\ui\webapi\InvalidOperationException.java,0.0,1.0004966259002686,59.98014831542969,UI,59.98014831542969
teammates\src\test\java\teammates\ui\webapi\GetReadNotificationsActionTest.java,2.9292147159576416,2.113438844680786,65.63084411621094,UI,65.63084411621094
teammates\src\e2e\java\teammates\e2e\cases\axe\StudentCourseJoinConfirmationPageAxeTest.java,2.3439700603485107,1.0004736185073853,0.577845573425293,Client,2.3439700603485107
teammates\src\lnp\java\teammates\lnp\util\LNPTestData.java,1.0,1.0004736185073853,2.04746413230896,UI,2.04746413230896
teammates\src\e2e\java\teammates\e2e\cases\InstructorStudentActivityLogsPageE2ETest.java,2.478956937789917,14.663857460021973,1.2705261707305908,Logic,14.663857460021973
teammates\src\main\java\teammates\ui\webapi\StudentSearchIndexingWorkerAction.java,0.0,72.97453308105469,59.948150634765625,Logic,72.97453308105469
teammates\src\e2e\java\teammates\e2e\pageobjects\InstructorFeedbackResultsPage.java,5.805522441864014,3.88244891166687,8.376492500305176,UI,8.376492500305176
teammates\src\e2e\java\teammates\e2e\cases\axe\StudentNotificationsPageAxeTest.java,1.2945935726165771,3.2752647399902344,0.5864512920379639,Logic,3.2752647399902344
teammates\src\e2e\java\teammates\e2e\cases\InstructorCoursesPageE2ETest.java,8.116117477416992,2.9111878871917725,4.309462070465088,Client,8.116117477416992
teammates\src\test\java\teammates\test\BaseTestCaseWithDatabaseAccess.java,3.120281934738159,3.2818868160247803,3.58622407913208,UI,3.58622407913208
teammates\src\main\java\teammates\storage\search\StudentSearchDocument.java,0.0,1.6455726623535156,1.274254560470581,Logic,1.6455726623535156
teammates\src\e2e\java\teammates\e2e\pageobjects\UserNotificationsPage.java,5.968361854553223,1.0003976821899414,12.847846984863281,UI,12.847846984863281
teammates\src\test\java\teammates\common\datatransfer\attributes\BaseAttributesTest.java,1.0,1.0005124807357788,1.0,Logic,1.0005124807357788
teammates\src\test\java\teammates\test\MockHttpServletRequest.java,0.5718753933906555,20.490346908569336,1.031517744064331,Logic,20.490346908569336
teammates\src\test\java\teammates\logic\core\AccountsLogicTest.java,4.36166524887085,53.18336486816406,5.857226371765137,Logic,53.18336486816406
teammates\src\main\java\teammates\storage\api\InstructorsDb.java,3.046915054321289,15.008116722106934,6.172549247741699,Logic,15.008116722106934
teammates\src\main\java\teammates\common\datatransfer\logs\QueryLogsParams.java,1.0,16.713327407836914,3.0,Logic,16.713327407836914
teammates\src\main\java\teammates\ui\request\SendEmailRequest.java,0.0,1.0004806518554688,60.64599609375,UI,60.64599609375
teammates\src\main\java\teammates\ui\webapi\FeedbackSessionUnpublishedEmailWorkerAction.java,0.23508933186531067,83.02074432373047,60.49648666381836,Logic,83.02074432373047
teammates\src\test\java\teammates\ui\webapi\SendLoginEmailActionTest.java,0.4220661520957947,27.897239685058594,61.233551025390625,UI,61.233551025390625
teammates\src\main\java\teammates\ui\webapi\GetFeedbackResponsesAction.java,3.5146396160125732,76.42027282714844,60.130943298339844,Logic,76.42027282714844
teammates\src\main\java\teammates\ui\request\NotificationBasicRequest.java,0.22413921356201172,1.000462293624878,64.99125671386719,UI,64.99125671386719
teammates\src\main\java\teammates\common\exception\DeadlineExceededException.java,0.0,1.0005145072937012,0.0,Logic,1.0005145072937012
teammates\src\main\java\teammates\storage\api\CoursesDb.java,1.7529511451721191,14.874444007873535,1.3013745546340942,Logic,14.874444007873535
teammates\src\main\java\teammates\ui\request\FeedbackResponseCommentBasicRequest.java,0.0,1.0004712343215942,60.146663665771484,UI,60.146663665771484
teammates\src\main\java\teammates\ui\servlets\OriginCheckFilter.java,0.7816569209098816,16.415624618530273,59.61334991455078,UI,59.61334991455078
teammates\src\main\java\teammates\ui\webapi\GetCourseSectionNamesAction.java,0.0,74.60824584960938,61.41651916503906,Logic,74.60824584960938
teammates\src\main\java\teammates\ui\output\CoursesData.java,0.0,1.0005037784576416,60.33757781982422,UI,60.33757781982422
teammates\src\client\java\teammates\client\scripts\DataMigrationForSampleGoogleIdInStudentAttributes.java,128.06805419921875,1.5864336490631104,1.952567458152771,Client,128.06805419921875
teammates\src\main\java\teammates\common\datatransfer\attributes\UsageStatisticsAttributes.java,1.3546661138534546,2.7098512649536133,16.951217651367188,UI,16.951217651367188
teammates\src\test\java\teammates\common\datatransfer\attributes\DeadlineExtensionAttributesTest.java,2.0,2.7822728157043457,3.939207077026367,UI,3.939207077026367
teammates\src\main\java\teammates\ui\webapi\UpdateNotificationAction.java,1.0,65.82221221923828,59.0546875,Logic,65.82221221923828
teammates\src\main\java\teammates\ui\output\FeedbackResponsesData.java,0.0,1.0004973411560059,60.01222229003906,UI,60.01222229003906
teammates\src\test\java\teammates\test\AssertHelperTest.java,0.30123865604400635,1.0005050897598267,0.0,Logic,1.0005050897598267
teammates\src\test\java\teammates\ui\webapi\GetFeedbackResponsesActionTest.java,1.5018160343170166,68.49929809570312,51.24431228637695,Logic,68.49929809570312
teammates\src\main\java\teammates\ui\webapi\DeleteAccountAction.java,0.0,68.54090881347656,60.370582580566406,Logic,68.54090881347656
teammates\src\main\java\teammates\logic\external\MailgunService.java,124.9133071899414,78.9509506225586,14.332965850830078,Client,124.9133071899414
teammates\src\lnp\java\teammates\lnp\cases\FeedbackQuestionUpdateLNPTest.java,4.846951961517334,1.5947577953338623,1.3893191814422607,Client,4.846951961517334
teammates\src\test\java\teammates\ui\webapi\PublishFeedbackSessionActionTest.java,0.7906047105789185,73.47198486328125,55.33760452270508,Logic,73.47198486328125
teammates\src\main\java\teammates\ui\webapi\DeleteCourseAction.java,0.0,77.33389282226562,61.41651916503906,Logic,77.33389282226562
teammates\src\main\java\teammates\storage\entity\DeadlineExtension.java,0.5360608696937561,1.0004494190216064,4.695113658905029,UI,4.695113658905029
teammates\src\test\java\teammates\ui\webapi\RestoreFeedbackSessionActionTest.java,0.22413921356201172,73.31170654296875,58.25072479248047,Logic,73.31170654296875
teammates\src\test\java\teammates\ui\webapi\CreateCourseActionTest.java,0.4371030926704407,71.98074340820312,61.88131332397461,Logic,71.98074340820312
teammates\src\client\java\teammates\client\scripts\statistics\CursorIterator.java,130.73548889160156,1.0004758834838867,0.0,Client,130.73548889160156
teammates\src\test\java\teammates\logic\api\package-info.java,0.0,75.33345794677734,0.0,Logic,75.33345794677734
teammates\src\client\java\teammates\client\scripts\DataBundleRegenerator.java,122.21589660644531,1.4542651176452637,6.416198253631592,Client,122.21589660644531
teammates\src\main\java\teammates\ui\request\FeedbackResponsesRequest.java,0.0,1.0004806518554688,60.64599609375,UI,60.64599609375
teammates\src\test\java\teammates\ui\webapi\SessionLinksRecoveryActionTest.java,0.7178258299827576,1.6057056188583374,53.44334411621094,UI,53.44334411621094
teammates\src\main\java\teammates\logic\core\LogicStarter.java,0.0,149.44911193847656,0.0,Logic,149.44911193847656
teammates\src\test\java\teammates\logic\core\DataBundleLogicTest.java,3.6114559173583984,76.29287719726562,5.929202556610107,Logic,76.29287719726562
teammates\src\main\java\teammates\common\datatransfer\FeedbackResultFetchType.java,1.0,1.0004973411560059,1.0,Logic,1.0004973411560059
teammates\src\main\java\teammates\ui\output\StudentsData.java,0.0,1.0004979372024536,60.04438018798828,UI,60.04438018798828
teammates\src\main\java\teammates\common\datatransfer\logs\ExceptionLogDetails.java,1.0,18.516380310058594,1.0,Logic,18.516380310058594
teammates\src\main\java\teammates\ui\webapi\ResetAccountRequestAction.java,0.22413921356201172,79.612060546875,60.898311614990234,Logic,79.612060546875
teammates\src\main\java\teammates\ui\servlets\LogoutServlet.java,0.5691364407539368,11.018951416015625,61.84955978393555,UI,61.84955978393555
teammates\src\test\java\teammates\common\datatransfer\questions\FeedbackMcqQuestionDetailsTest.java,2.299365282058716,1.0003031492233276,1.0,Client,2.299365282058716
teammates\src\test\java\teammates\ui\webapi\BinCourseActionTest.java,4.924101829528809,75.87744140625,57.34867858886719,Logic,75.87744140625
teammates\src\test\java\teammates\ui\webapi\CreateFeedbackResponseCommentActionTest.java,2.6170473098754883,77.2877426147461,45.03691864013672,Logic,77.2877426147461
teammates\src\e2e\java\teammates\e2e\pageobjects\StudentNotificationsPage.java,2.5206387042999268,1.0005077123641968,2.0,Client,2.5206387042999268
teammates\src\e2e\java\teammates\e2e\pageobjects\ErrorReportingModal.java,2.438929557800293,1.0004916191101074,13.513019561767578,UI,13.513019561767578
teammates\src\main\java\teammates\common\datatransfer\logs\RequestLogUser.java,1.0,19.197275161743164,1.0,Logic,19.197275161743164
teammates\src\main\java\teammates\ui\webapi\SearchStudentsAction.java,0.0,76.80252075195312,59.60319900512695,Logic,76.80252075195312
teammates\src\test\java\teammates\ui\webapi\RestoreCourseActionTest.java,0.6627680659294128,74.31517791748047,57.3226318359375,Logic,74.31517791748047
teammates\src\test\java\teammates\ui\webapi\JoinCourseActionTest.java,0.5283929109573364,72.6468505859375,62.349185943603516,Logic,72.6468505859375
teammates\src\main\java\teammates\ui\request\package-info.java,0.0,1.000515103340149,62.48817443847656,UI,62.48817443847656
teammates\src\main\java\teammates\common\exception\EntityDoesNotExistException.java,0.0,1.0005110502243042,0.0,Logic,1.0005110502243042
teammates\src\test\java\teammates\ui\webapi\GetFeedbackQuestionsActionTest.java,0.574485182762146,67.38928985595703,52.060218811035156,Logic,67.38928985595703
teammates\src\main\java\teammates\ui\servlets\WebSecurityHeaderFilter.java,5.252012252807617,1.000494122505188,65.68799591064453,UI,65.68799591064453
teammates\src\e2e\java\teammates\e2e\cases\AdminAccountsPageE2ETest.java,3.918606996536255,1.000433325767517,3.1954281330108643,Client,3.918606996536255
teammates\src\main\java\teammates\ui\output\FeedbackSessionSubmissionStatus.java,0.0,1.0005117654800415,60.739356994628906,UI,60.739356994628906
teammates\src\main\java\teammates\common\datatransfer\CourseRoster.java,2.6718738079071045,3.7754151821136475,3.0,Logic,3.7754151821136475
teammates\src\e2e\java\teammates\e2e\cases\FeedbackMcqQuestionE2ETest.java,1.1393425464630127,2.8813841342926025,52.89539337158203,UI,52.89539337158203
teammates\src\main\java\teammates\common\datatransfer\questions\FeedbackTextQuestionDetails.java,2.0,1.0004712343215942,1.0,Client,2.0
teammates\src\client\java\teammates\client\scripts\MockCourseWithLargeResponseScript.java,111.5015640258789,72.60774230957031,4.200460433959961,Client,111.5015640258789
teammates\src\main\java\teammates\common\datatransfer\NotificationTargetUser.java,1.0,1.0005130767822266,1.0,Logic,1.0005130767822266
teammates\src\test\java\teammates\common\datatransfer\attributes\FeedbackSessionAttributesTest.java,5.095244407653809,4.4405012130737305,3.941720485687256,Client,5.095244407653809
teammates\src\e2e\java\teammates\e2e\cases\axe\FeedbackSubmitPageAxeTest.java,1.3626917600631714,1.0004806518554688,0.5864512920379639,Client,1.3626917600631714
teammates\src\main\java\teammates\ui\output\OngoingSession.java,0.0,1.0004578828811646,58.030799865722656,UI,58.030799865722656
teammates\src\main\java\teammates\ui\request\InvalidHttpRequestBodyException.java,0.0,1.000508427619934,62.12732696533203,UI,62.12732696533203
teammates\src\main\java\teammates\logic\api\EmailSender.java,0.21103307604789734,82.55299377441406,2.483077049255371,Logic,82.55299377441406
teammates\src\main\java\teammates\ui\constants\package-info.java,0.0,1.000515103340149,60.91054916381836,UI,60.91054916381836
teammates\src\test\java\teammates\ui\webapi\GetAccountActionTest.java,0.7908926010131836,1.9995207786560059,57.39529800415039,UI,57.39529800415039
teammates\src\main\java\teammates\common\datatransfer\logs\GeneralLogEntry.java,1.0,18.429424285888672,1.0,Logic,18.429424285888672
teammates\src\main\java\teammates\logic\core\FeedbackResponsesLogic.java,3.833883285522461,66.84664154052734,4.677901268005371,Logic,66.84664154052734
teammates\src\main\java\teammates\storage\entity\FeedbackSession.java,0.0,1.000367522239685,2.2040538787841797,UI,2.2040538787841797
teammates\src\main\java\teammates\ui\output\UsageStatisticsRangeData.java,0.0,1.0005037784576416,60.33757781982422,UI,60.33757781982422
teammates\src\main\java\teammates\ui\webapi\BinCourseAction.java,0.0,78.29744720458984,61.0546875,Logic,78.29744720458984
teammates\src\client\java\teammates\client\scripts\DataMigrationEntitiesBaseScript.java,116.41105651855469,20.51823616027832,4.144744873046875,Client,116.41105651855469
teammates\src\main\java\teammates\ui\output\SessionVisibleSetting.java,0.0,1.0005137920379639,60.841800689697266,UI,60.841800689697266
teammates\src\test\java\teammates\ui\webapi\FeedbackSessionPublishedRemindersActionTest.java,2.828658103942871,75.48670196533203,58.22065734863281,Logic,75.48670196533203
teammates\src\main\java\teammates\common\datatransfer\questions\FeedbackConstantSumDistributePointsType.java,1.0,1.0005024671554565,1.0,Logic,1.0005024671554565
teammates\src\test\java\teammates\ui\webapi\CompileLogsActionTest.java,0.7894343137741089,18.55101203918457,58.259986877441406,UI,58.259986877441406
teammates\src\main\java\teammates\logic\external\TaskQueueService.java,1.227003574371338,74.16453552246094,0.0,Logic,74.16453552246094
teammates\src\e2e\java\teammates\e2e\util\TestPropertiesTest.java,0.0,1.0005090236663818,1.125944972038269,UI,1.125944972038269
teammates\src\main\java\teammates\storage\search\package-info.java,0.0,1.000515103340149,0.0,Logic,1.000515103340149
teammates\src\main\java\teammates\ui\constants\ApiConst.java,0.0,4.12365198135376,59.174102783203125,UI,59.174102783203125
teammates\src\test\java\teammates\test\package-info.java,0.0,1.0005165338516235,0.0,Logic,1.0005165338516235
teammates\src\main\java\teammates\common\datatransfer\questions\FeedbackContributionResponseDetails.java,1.0,3.2013919353485107,1.0,Logic,3.2013919353485107
teammates\src\main\java\teammates\ui\webapi\FeedbackSessionClosingRemindersAction.java,0.2811627686023712,86.74459838867188,58.56397247314453,Logic,86.74459838867188
teammates\src\main\java\teammates\ui\webapi\UpdateFeedbackResponseCommentAction.java,0.7457340359687805,78.58879852294922,58.457862854003906,Logic,78.58879852294922
teammates\src\main\java\teammates\ui\servlets\RequestTraceFilter.java,0.5124087333679199,13.398147583007812,64.03868103027344,UI,64.03868103027344
teammates\src\test\java\teammates\architecture\package-info.java,0.0,1.0005165338516235,0.0,Logic,1.0005165338516235
teammates\src\test\java\teammates\ui\webapi\DeleteCourseActionTest.java,0.5077778697013855,75.30487823486328,56.4106330871582,Logic,75.30487823486328
teammates\src\test\java\teammates\common\util\FieldValidatorTest.java,6.474802017211914,7.201835632324219,10.274596214294434,UI,10.274596214294434
teammates\src\test\java\teammates\logic\api\BaseLogicTest.java,1.0,74.83023834228516,1.0,Logic,74.83023834228516
teammates\src\e2e\java\teammates\e2e\pageobjects\InstructorCourseStudentDetailsViewPage.java,2.319788932800293,1.0004667043685913,0.0,Client,2.319788932800293
teammates\src\e2e\java\teammates\e2e\cases\StudentCourseJoinConfirmationPageE2ETest.java,2.728820323944092,1.8325539827346802,0.5383467078208923,Client,2.728820323944092
teammates\src\main\java\teammates\common\datatransfer\FeedbackParticipantType.java,1.0,2.3312830924987793,2.282010316848755,Logic,2.3312830924987793
teammates\src\main\java\teammates\common\exception\EntityAlreadyExistsException.java,0.0,1.0005110502243042,0.0,Logic,1.0005110502243042
teammates\src\test\java\teammates\ui\webapi\SearchStudentsActionTest.java,1.4687066078186035,1.0003464221954346,53.426422119140625,UI,53.426422119140625
teammates\src\client\java\teammates\client\scripts\ListActiveInstructors.java,124.48406219482422,1.5318207740783691,3.1708621978759766,Client,124.48406219482422
teammates\src\main\java\teammates\ui\output\FeedbackSessionLogsData.java,0.24611090123653412,1.0004891157150269,59.60154724121094,UI,59.60154724121094
teammates\src\test\java\teammates\ui\webapi\SendJoinReminderEmailActionTest.java,3.1977005004882812,70.22930908203125,52.061424255371094,Logic,70.22930908203125
teammates\src\e2e\java\teammates\e2e\cases\axe\InstructorCourseStudentDetailsEditPageAxeTest.java,1.356392502784729,1.0004782676696777,0.5835543870925903,Client,1.356392502784729
teammates\src\main\java\teammates\ui\output\StudentData.java,0.3256606161594391,1.000462293624878,58.25072479248047,UI,58.25072479248047
teammates\src\main\java\teammates\common\datatransfer\questions\FeedbackQuestionDetails.java,2.0,1.0004494190216064,1.0,Client,2.0
teammates\src\main\java\teammates\common\datatransfer\attributes\package-info.java,1.0,1.0005137920379639,1.0,Logic,1.0005137920379639
teammates\src\e2e\java\teammates\e2e\pageobjects\InstructorCoursesPage.java,4.767382621765137,1.0002423524856567,1.0,Client,4.767382621765137
teammates\src\main\java\teammates\common\datatransfer\questions\FeedbackMsqQuestionDetails.java,4.1687822341918945,2.853438377380371,7.253955364227295,UI,7.253955364227295
teammates\src\main\java\teammates\ui\servlets\AuthServlet.java,1.714525818824768,1.0004578828811646,74.45604705810547,UI,74.45604705810547
teammates\src\e2e\java\teammates\e2e\pageobjects\InstructorStudentActivityLogsPage.java,2.2356605529785156,26.604204177856445,0.0,Logic,26.604204177856445
teammates\src\main\java\teammates\ui\webapi\FeedbackSessionPublishedRemindersAction.java,0.0,68.12154388427734,60.173851013183594,Logic,68.12154388427734
teammates\src\main\java\teammates\ui\servlets\WebApiServlet.java,1.7429319620132446,16.901086807250977,63.541011810302734,UI,63.541011810302734
teammates\src\e2e\java\teammates\e2e\cases\FeedbackConstSumRecipientQuestionE2ETest.java,1.1494160890579224,1.0003790855407715,0.46247613430023193,Client,1.1494160890579224
teammates\src\main\java\teammates\logic\external\EmptyEmailService.java,0.0,73.6313705444336,0.0,Logic,73.6313705444336
teammates\src\main\java\teammates\logic\external\SendgridService.java,0.0,69.96043395996094,5.913621425628662,Logic,69.96043395996094
teammates\src\test\java\teammates\ui\webapi\GetCourseActionTest.java,0.7558426260948181,73.94347381591797,52.3524055480957,Logic,73.94347381591797
teammates\src\main\java\teammates\ui\webapi\UnauthorizedAccessException.java,0.0,1.000507116317749,60.50345230102539,UI,60.50345230102539
teammates\src\e2e\java\teammates\e2e\cases\AdminNotificationsPageE2ETest.java,4.927340507507324,3.7858681678771973,3.3100452423095703,Client,4.927340507507324
teammates\src\main\java\teammates\logic\external\LocalTaskQueueService.java,1.7098000049591064,82.45043182373047,12.856158256530762,Logic,82.45043182373047
teammates\src\test\java\teammates\common\datatransfer\attributes\NotificationAttributesTest.java,1.827413558959961,5.006708145141602,1.0,Logic,5.006708145141602
teammates\src\main\java\teammates\ui\webapi\EntityNotFoundException.java,0.0,1.000508427619934,60.570411682128906,UI,60.570411682128906
teammates\src\main\java\teammates\common\datatransfer\logs\package-info.java,1.0,19.63182830810547,1.0,Logic,19.63182830810547
teammates\src\main\java\teammates\storage\api\OfyHelper.java,2.0,2.581986427307129,1.8510334491729736,Logic,2.581986427307129
teammates\src\main\java\teammates\common\exception\HttpRequestFailedException.java,0.0,1.0005110502243042,0.0,Logic,1.0005110502243042
teammates\src\main\java\teammates\ui\webapi\SearchInstructorsAction.java,0.0,71.85836791992188,59.174102783203125,Logic,71.85836791992188
teammates\src\main\java\teammates\ui\output\SendLoginEmailResponseData.java,0.0,1.000507116317749,60.50345230102539,UI,60.50345230102539
teammates\src\client\java\teammates\client\scripts\package-info.java,130.32815551757812,1.000515103340149,0.0,Client,130.32815551757812
teammates\src\main\java\teammates\logic\core\DeadlineExtensionsLogic.java,1.0,70.88047790527344,2.0,Logic,70.88047790527344
teammates\src\main\java\teammates\ui\webapi\UpdateFeedbackSessionAction.java,2.129580497741699,81.82160949707031,55.787052154541016,Logic,81.82160949707031
teammates\src\main\java\teammates\storage\search\InstructorSearchManager.java,0.0,1.0004667043685913,0.0,Logic,1.0004667043685913
teammates\src\main\java\teammates\common\datatransfer\attributes\CourseAttributes.java,1.4539339542388916,9.738898277282715,3.5150341987609863,Logic,9.738898277282715
teammates\src\e2e\java\teammates\e2e\pageobjects\AppPage.java,8.974477767944336,4.117246627807617,41.710052490234375,UI,41.710052490234375
teammates\src\test\java\teammates\ui\webapi\FeedbackSessionClosingRemindersActionTest.java,4.775869846343994,73.92938995361328,53.116416931152344,Logic,73.92938995361328
teammates\src\main\java\teammates\common\util\EmailWrapper.java,0.0,1.0004712343215942,1.042365550994873,UI,1.042365550994873
teammates\src\lnp\java\teammates\lnp\util\BackDoor.java,0.0,1.0005037784576416,1.1142280101776123,UI,1.1142280101776123
teammates\src\main\java\teammates\ui\webapi\UpdateCourseAction.java,0.0,75.90338897705078,60.25072479248047,Logic,75.90338897705078
teammates\src\test\java\teammates\common\datatransfer\attributes\AccountAttributesTest.java,1.250178337097168,6.188981056213379,1.578629970550537,Logic,6.188981056213379
teammates\src\main\java\teammates\storage\search\InstructorSearchDocument.java,0.0,1.6437965631484985,1.2718271017074585,Logic,1.6437965631484985
teammates\src\test\java\teammates\ui\webapi\GetStudentActionTest.java,0.5359163284301758,63.81015396118164,51.7837028503418,Logic,63.81015396118164
teammates\src\main\java\teammates\ui\webapi\GetInstructorAction.java,0.21738877892494202,71.9809341430664,59.81499481201172,Logic,71.9809341430664
teammates\src\main\java\teammates\ui\output\MessageOutput.java,0.0,1.0005104541778564,60.6715087890625,UI,60.6715087890625
teammates\src\main\java\teammates\ui\webapi\SendJoinReminderEmailAction.java,0.2911298871040344,74.75564575195312,58.18489074707031,Logic,74.75564575195312
teammates\src\test\java\teammates\ui\webapi\SubmitFeedbackResponsesActionTest.java,1.5574512481689453,64.59343719482422,44.023563385009766,Logic,64.59343719482422
teammates\src\main\java\teammates\ui\webapi\BasicFeedbackSubmissionAction.java,2.975315570831299,91.30767822265625,58.30651092529297,Logic,91.30767822265625
teammates\src\test\java\teammates\storage\api\FeedbackResponseCommentsDbTest.java,2.9671201705932617,4.152307510375977,2.01224684715271,Logic,4.152307510375977
teammates\src\test\java\teammates\ui\webapi\GetFeedbackSessionActionTest.java,4.905144691467285,42.54026412963867,42.136234283447266,Logic,42.54026412963867
teammates\src\main\java\teammates\ui\webapi\DeleteInstructorAction.java,0.25388893485069275,77.701416015625,58.4106330871582,Logic,77.701416015625
teammates\src\test\java\teammates\ui\webapi\RemindFeedbackSessionSubmissionActionTest.java,0.6125873327255249,1.0004183053970337,61.20622634887695,UI,61.20622634887695
teammates\src\test\java\teammates\logic\api\MockUserProvision.java,0.0,73.76835632324219,50.03563690185547,Logic,73.76835632324219
teammates\src\main\java\teammates\ui\output\NumberOfEntitiesToGiveFeedbackToSetting.java,0.0,1.0005137920379639,60.841800689697266,UI,60.841800689697266
teammates\src\main\java\teammates\ui\webapi\DeleteAccountRequestAction.java,0.0,72.47473907470703,61.09946823120117,Logic,72.47473907470703
teammates\src\lnp\java\teammates\lnp\cases\InstructorStudentEnrollmentLNPTest.java,1.9976173639297485,3.492849349975586,2.697140693664551,Logic,3.492849349975586
teammates\src\main\java\teammates\storage\entity\AccountRequest.java,0.44142481684684753,1.0004578828811646,2.7460992336273193,UI,2.7460992336273193
teammates\src\main\java\teammates\ui\request\FeedbackQuestionCreateRequest.java,0.0,1.0005145072937012,62.451656341552734,UI,62.451656341552734
teammates\src\test\java\teammates\logic\api\MockTaskQueuer.java,2.4697751998901367,73.43108367919922,0.0,Logic,73.43108367919922
teammates\src\test\java\teammates\test\EmailChecker.java,0.21416378021240234,1.424055814743042,0.0,Logic,1.424055814743042
teammates\src\main\java\teammates\common\datatransfer\questions\FeedbackMsqResponseDetails.java,1.0,1.000492811203003,1.5100197792053223,UI,1.5100197792053223
teammates\src\test\java\teammates\test\TestNgXmlTest.java,5.200749397277832,4.198782444000244,4.504390716552734,Client,5.200749397277832
teammates\src\test\java\teammates\ui\webapi\DeleteStudentsActionTest.java,0.2757088840007782,4.164609432220459,59.11455535888672,UI,59.11455535888672
teammates\src\main\java\teammates\ui\webapi\ResetAccountAction.java,0.2705419659614563,76.85997009277344,58.259735107421875,Logic,76.85997009277344
teammates\src\main\java\teammates\ui\output\AccountsData.java,0.0,1.0005037784576416,60.33757781982422,UI,60.33757781982422
teammates\src\e2e\java\teammates\e2e\cases\axe\InstructorStudentRecordsPageAxeTest.java,1.356392502784729,1.0005130767822266,2.240424394607544,UI,2.240424394607544
teammates\src\main\java\teammates\common\datatransfer\questions\FeedbackRankRecipientsResponseDetails.java,1.20216703414917,1.000433325767517,1.9996404647827148,UI,1.9996404647827148
teammates\src\e2e\java\teammates\e2e\pageobjects\CourseJoinConfirmationPage.java,1.0,1.0004854202270508,5.604689598083496,UI,5.604689598083496
teammates\src\e2e\java\teammates\e2e\pageobjects\InstructorSessionIndividualExtensionPage.java,5.135666370391846,1.3665227890014648,2.7014999389648438,Client,5.135666370391846
teammates\src\main\java\teammates\ui\servlets\DevServerLoginServlet.java,0.32202836871147156,21.834444046020508,76.18742370605469,UI,76.18742370605469
teammates\src\test\java\teammates\storage\api\StudentsDbTest.java,0.8001425266265869,3.477583885192871,10.749996185302734,UI,10.749996185302734
teammates\src\test\java\teammates\ui\webapi\CreateInstructorActionTest.java,2.282174587249756,75.07296752929688,54.43030548095703,Logic,75.07296752929688
teammates\src\test\java\teammates\ui\webapi\BinFeedbackSessionActionTest.java,0.7045453786849976,75.44214630126953,57.20751953125,Logic,75.44214630126953
teammates\src\main\java\teammates\common\util\FileHelper.java,0.25649628043174744,2.0005011558532715,2.6781535148620605,UI,2.6781535148620605
teammates\src\test\java\teammates\ui\webapi\UpdateStudentActionTest.java,1.4635801315307617,69.78609466552734,52.962860107421875,Logic,69.78609466552734
teammates\src\main\java\teammates\ui\webapi\GetInstructorPrivilegeAction.java,0.3006833791732788,75.09062957763672,60.474891662597656,Logic,75.09062957763672
teammates\src\main\java\teammates\common\datatransfer\logs\FeedbackSessionLogType.java,1.2531232833862305,24.49015998840332,1.0,Logic,24.49015998840332
teammates\src\main\java\teammates\ui\output\UsageStatisticsData.java,0.0,1.0004830360412598,59.29470443725586,UI,59.29470443725586
teammates\src\test\java\teammates\test\TestProperties.java,4.191068649291992,2.0004782676696777,5.476496696472168,UI,5.476496696472168
teammates\src\main\java\teammates\logic\api\AuthProxy.java,0.0,74.43235778808594,2.0,Logic,74.43235778808594
teammates\src\e2e\java\teammates\e2e\cases\InstructorNotificationsPageE2ETest.java,1.4889020919799805,3.509552001953125,5.574999809265137,UI,5.574999809265137
teammates\src\main\java\teammates\ui\webapi\AdminOnlyAction.java,0.0,3.8300914764404297,62.27183151245117,UI,62.27183151245117
teammates\src\test\java\teammates\ui\webapi\GetUsageStatisticsActionTest.java,1.0038964748382568,4.28759241104126,56.793922424316406,UI,56.793922424316406
teammates\src\main\java\teammates\common\util\TaskWrapper.java,0.0,1.0004973411560059,1.099920392036438,UI,1.099920392036438
teammates\src\main\java\teammates\storage\entity\UsageStatistics.java,0.0,1.0004712343215942,2.8263001441955566,UI,2.8263001441955566
teammates\src\test\java\teammates\ui\webapi\GetCourseSectionNamesActionTest.java,0.5124087333679199,90.7047348022461,57.98666763305664,Logic,90.7047348022461
teammates\src\client\java\teammates\client\scripts\DataMigrationForFeedbackSessionMismatchedTimezone.java,123.08645629882812,1.5081593990325928,1.0,Client,123.08645629882812
teammates\src\test\java\teammates\ui\webapi\UpdateInstructorPrivilegeActionTest.java,0.3698279857635498,63.51394271850586,47.23042678833008,Logic,63.51394271850586
teammates\src\main\java\teammates\ui\request\FeedbackSessionRemindRequest.java,0.0,1.0004758834838867,65.55171203613281,UI,65.55171203613281
teammates\src\client\java\teammates\client\scripts\TeamEvalResultCalculations.java,125.40534973144531,8.592684745788574,1.2239339351654053,Client,125.40534973144531
teammates\src\main\java\teammates\ui\webapi\FeedbackSessionPublishedEmailWorkerAction.java,0.23508933186531067,83.02074432373047,60.49648666381836,Logic,83.02074432373047
teammates\src\e2e\java\teammates\e2e\cases\axe\AdminSearchPageAxeTest.java,1.3018544912338257,2.0004830360412598,0.5893770456314087,Logic,2.0004830360412598
teammates\src\test\java\teammates\test\ThreadHelper.java,0.0,1.0005097389221191,0.0,Logic,1.0005097389221191
teammates\src\test\java\teammates\logic\core\AccountRequestsLogicTest.java,41.95547866821289,65.36744689941406,3.497415542602539,Logic,65.36744689941406
teammates\src\main\java\teammates\ui\request\FeedbackSessionBasicRequest.java,0.44094401597976685,1.0004183053970337,57.32170104980469,UI,57.32170104980469
teammates\src\test\java\teammates\ui\webapi\CreateFeedbackSessionLogActionTest.java,0.7316993474960327,14.48630142211914,54.71279525756836,UI,54.71279525756836
teammates\src\main\java\teammates\ui\webapi\RemindFeedbackSessionSubmissionAction.java,0.2757088840007782,64.25597381591797,60.25072479248047,Logic,64.25597381591797
teammates\src\client\java\teammates\client\scripts\DataMigrationForSanitizedDataInCourseAttributes.java,127.7196273803711,1.5765655040740967,2.529235363006592,Client,127.7196273803711
teammates\src\main\java\teammates\logic\api\Logic.java,1.227050542831421,64.4976806640625,3.909270763397217,Logic,64.4976806640625
teammates\src\main\java\teammates\logic\external\FirebaseAuthService.java,0.0,84.66289520263672,3.55240535736084,Logic,84.66289520263672
teammates\src\test\java\teammates\common\datatransfer\package-info.java,1.0,1.000515103340149,1.0,Logic,1.000515103340149
teammates\src\main\java\teammates\ui\output\FeedbackResponseData.java,0.0,1.0004916191101074,59.726463317871094,UI,59.726463317871094
teammates\src\test\java\teammates\test\MockHttpServletResponse.java,2.8174197673797607,12.323596954345703,2.031852960586548,Logic,12.323596954345703
teammates\src\e2e\java\teammates\e2e\cases\FeedbackSubmitPageE2ETest.java,3.2290143966674805,3.2019293308258057,52.92538833618164,UI,52.92538833618164
teammates\src\main\java\teammates\common\datatransfer\attributes\DeadlineExtensionAttributes.java,2.0,3.5813369750976562,3.0,Logic,3.5813369750976562
teammates\src\test\java\teammates\common\datatransfer\TeamEvalResultTest.java,3.130056619644165,10.414896965026855,2.362703800201416,Logic,10.414896965026855
teammates\src\e2e\java\teammates\e2e\pageobjects\InstructorFeedbackSessionsPage.java,5.315038204193115,2.9401516914367676,5.052433490753174,Client,5.315038204193115
teammates\src\test\java\teammates\ui\webapi\StudentCourseJoinEmailWorkerActionTest.java,0.3049677908420563,1.0004452466964722,57.39529800415039,UI,57.39529800415039
teammates\src\main\java\teammates\ui\output\ActionClasses.java,0.0,1.0005090236663818,60.60402297973633,UI,60.60402297973633
teammates\src\main\java\teammates\ui\webapi\GetAccountRequestAction.java,0.24929846823215485,67.31539154052734,61.0694694519043,Logic,67.31539154052734
teammates\src\test\java\teammates\logic\core\UsageStatisticsLogicTest.java,1.6159543991088867,71.8321533203125,1.6159543991088867,Logic,71.8321533203125
teammates\src\test\java\teammates\ui\webapi\GetTimeZonesActionTest.java,0.32200586795806885,1.0004689693450928,58.58860778808594,UI,58.58860778808594
teammates\src\e2e\java\teammates\e2e\util\package-info.java,0.0,1.000515103340149,1.1394245624542236,UI,1.1394245624542236
teammates\src\main\java\teammates\common\exception\EnrollException.java,0.0,1.0005110502243042,0.0,Logic,1.0005110502243042
teammates\src\client\java\teammates\client\connector\DatastoreClient.java,131.6624755859375,37.697837829589844,2.720163106918335,Client,131.6624755859375
teammates\src\test\java\teammates\ui\webapi\DeleteNotificationActionTest.java,0.7421634197235107,1.0004452466964722,59.64609146118164,UI,59.64609146118164
teammates\src\e2e\java\teammates\e2e\util\EmailAccount.java,0.39331790804862976,1.0004256963729858,6.069590091705322,UI,6.069590091705322
teammates\src\test\java\teammates\logic\api\MockLogsProcessor.java,0.0,68.12858581542969,0.0,Logic,68.12858581542969
teammates\src\e2e\java\teammates\e2e\cases\axe\InstructorFeedbackReportPageAxeTest.java,1.3501522541046143,1.0004758834838867,0.5806859731674194,Client,1.3501522541046143
teammates\src\main\java\teammates\ui\webapi\GetUsageStatisticsAction.java,1.8472000360488892,65.56378936767578,60.48601150512695,Logic,65.56378936767578
teammates\src\main\java\teammates\ui\webapi\CreateFeedbackQuestionAction.java,0.0,69.59317016601562,61.32612991333008,Logic,69.59317016601562
teammates\src\main\java\teammates\ui\request\StudentUpdateRequest.java,0.0,2.000466823577881,59.90421676635742,UI,59.90421676635742
teammates\src\main\java\teammates\ui\webapi\ActionMappingException.java,0.0,1.0005090236663818,60.60402297973633,UI,60.60402297973633
teammates\src\main\java\teammates\storage\entity\Course.java,0.45534825325012207,1.0004667043685913,0.0,Logic,1.0004667043685913
teammates\src\main\java\teammates\ui\webapi\CreateFeedbackSessionAction.java,1.0,82.0124282836914,56.971473693847656,Logic,82.0124282836914
teammates\src\main\java\teammates\ui\webapi\package-info.java,0.0,1.000515103340149,60.91054916381836,UI,60.91054916381836
teammates\src\test\java\teammates\ui\webapi\UpdateCourseActionTest.java,3.749107599258423,74.59037017822266,56.14048385620117,Logic,74.59037017822266
teammates\src\client\java\teammates\client\scripts\SingleAccountGoogleIdMigrationScript.java,127.81806182861328,1.5940592288970947,0.0,Client,127.81806182861328
teammates\src\lnp\java\teammates\lnp\util\LNPResultsStatistics.java,0.2482268065214157,11.062018394470215,1.0873541831970215,Logic,11.062018394470215
teammates\src\e2e\java\teammates\e2e\cases\axe\FeedbackResultsPageAxeTest.java,1.3626917600631714,1.0004806518554688,1.353975772857666,Client,1.3626917600631714
teammates\src\lnp\java\teammates\lnp\cases\FeedbackSessionViewLNPTest.java,2.629497528076172,1.5758202075958252,1.9076594114303589,Client,2.629497528076172
teammates\src\main\java\teammates\common\datatransfer\questions\FeedbackNumericalScaleResponseDetails.java,1.0,1.0005024671554565,1.0,Logic,1.0005024671554565
teammates\src\main\java\teammates\storage\api\DeadlineExtensionsDb.java,1.6901332139968872,12.503753662109375,5.95925235748291,Logic,12.503753662109375
teammates\src\main\java\teammates\common\datatransfer\questions\FeedbackResponseDetails.java,1.0,1.0004891157150269,1.0,Logic,1.0004891157150269
teammates\src\test\java\teammates\ui\webapi\CreateAccountRequestActionTest.java,4.977612495422363,56.20520782470703,56.47752380371094,UI,56.47752380371094
teammates\src\test\java\teammates\ui\webapi\UpdateInstructorActionTest.java,2.309211015701294,69.73434448242188,54.3360481262207,Logic,69.73434448242188
teammates\src\main\java\teammates\common\datatransfer\FeedbackSessionLogEntry.java,1.0,1.0005011558532715,1.0,Logic,1.0005011558532715
teammates\src\main\java\teammates\ui\servlets\WebPageServlet.java,0.3120577931404114,11.062018394470215,62.56754684448242,UI,62.56754684448242
teammates\src\main\java\teammates\common\datatransfer\logs\InstanceLogDetails.java,1.0,19.197275161743164,1.0,Logic,19.197275161743164
teammates\src\e2e\java\teammates\e2e\cases\FeedbackTextQuestionE2ETest.java,1.1598716974258423,1.000385046005249,0.4698333442211151,Client,1.1598716974258423
teammates\src\main\java\teammates\ui\webapi\GateKeeper.java,0.4419466257095337,3.2262394428253174,56.548099517822266,UI,56.548099517822266
teammates\src\test\java\teammates\ui\servlets\OriginCheckFilterTest.java,0.9454749822616577,1.6057056188583374,59.88036346435547,UI,59.88036346435547
teammates\src\main\java\teammates\ui\webapi\StudentCourseJoinEmailWorkerAction.java,0.28524231910705566,71.6861801147461,59.0546875,Logic,71.6861801147461
teammates\src\main\java\teammates\ui\webapi\SessionLinksRecoveryAction.java,0.22767412662506104,1.0004667043685913,60.474891662597656,UI,60.474891662597656
teammates\src\test\java\teammates\ui\servlets\LegacyUrlMapperTest.java,1.0,1.0004578828811646,58.84930419921875,UI,58.84930419921875
teammates\src\test\java\teammates\storage\api\DeadlineExtensionsDbTest.java,30.038698196411133,5.623834609985352,7.032059192657471,Client,30.038698196411133
teammates\src\main\java\teammates\ui\webapi\UpdateInstructorPrivilegeAction.java,1.2173887491226196,84.36620330810547,62.398948669433594,Logic,84.36620330810547
teammates\src\test\java\teammates\ui\webapi\GetFeedbackSessionLogsActionTest.java,0.8326647877693176,7.807370662689209,51.753211975097656,UI,51.753211975097656
teammates\src\main\java\teammates\ui\webapi\UpdateStudentAction.java,1.6517375707626343,76.48123931884766,62.14121627807617,Logic,76.48123931884766
teammates\src\main\java\teammates\storage\api\AccountsDb.java,1.6968244314193726,15.263103485107422,0.7902149558067322,Logic,15.263103485107422
teammates\src\main\java\teammates\ui\output\FeedbackSessionLogData.java,1.4486485719680786,13.603909492492676,60.80408477783203,UI,60.80408477783203
teammates\src\test\java\teammates\ui\webapi\InstructorCourseJoinEmailWorkerActionTest.java,0.3033656179904938,62.29250717163086,57.191184997558594,Logic,62.29250717163086
teammates\src\main\java\teammates\ui\webapi\CreateAccountAction.java,10.413694381713867,82.95931243896484,65.96046447753906,Logic,82.95931243896484
teammates\src\main\java\teammates\ui\webapi\SearchAccountRequestsAction.java,0.0,66.6748275756836,59.47788619995117,Logic,66.6748275756836
teammates\src\e2e\java\teammates\e2e\util\TestNgXmlTest.java,5.875909328460693,4.411843299865723,5.932835102081299,UI,5.932835102081299
teammates\src\e2e\java\teammates\e2e\pageobjects\AdminNotificationsPage.java,5.471170425415039,4.486263751983643,7.2250447273254395,UI,7.2250447273254395
teammates\src\test\java\teammates\ui\webapi\GetHasResponsesActionTest.java,0.48427098989486694,76.02469635009766,48.64838409423828,Logic,76.02469635009766
teammates\src\client\java\teammates\client\connector\package-info.java,130.3824920654297,1.000515103340149,0.0,Client,130.3824920654297
teammates\src\client\java\teammates\client\scripts\DataMigrationForSanitizedInstructorName.java,127.7196273803711,1.5765655040740967,2.529235363006592,Client,127.7196273803711
teammates\src\main\java\teammates\common\exception\AuthException.java,0.0,1.0005117654800415,0.0,Logic,1.0005117654800415
teammates\src\main\java\teammates\ui\webapi\CreateFeedbackResponseCommentAction.java,0.26690801978111267,75.28382873535156,54.94002151489258,Logic,75.28382873535156
teammates\src\main\java\teammates\ui\request\NotificationCreateRequest.java,0.0,1.0005145072937012,62.451656341552734,UI,62.451656341552734
teammates\src\main\java\teammates\logic\external\LogService.java,0.0,73.53607177734375,0.0,Logic,73.53607177734375
teammates\src\main\java\teammates\ui\webapi\QueryLogsAction.java,0.567710816860199,14.428241729736328,56.36699676513672,UI,56.36699676513672
teammates\src\main\java\teammates\storage\search\SearchDocument.java,0.0,1.000507116317749,0.0,Logic,1.000507116317749
teammates\src\main\java\teammates\storage\search\SearchManager.java,128.99620056152344,16.331806182861328,5.744662284851074,Client,128.99620056152344
teammates\src\test\java\teammates\logic\core\package-info.java,0.0,74.3622817993164,0.0,Logic,74.3622817993164
teammates\src\e2e\java\teammates\e2e\pageobjects\InstructorFeedbackEditPage.java,5.741884231567383,9.200163841247559,3.62689208984375,Logic,9.200163841247559
teammates\src\e2e\java\teammates\e2e\cases\BaseE2ETestCase.java,3.64223051071167,1.0003191232681274,7.783785820007324,UI,7.783785820007324
teammates\src\e2e\java\teammates\e2e\cases\InstructorHomePageE2ETest.java,4.805517196655273,2.962864637374878,14.452221870422363,UI,14.452221870422363
teammates\src\test\java\teammates\ui\webapi\UpdateFeedbackSessionActionTest.java,5.172826290130615,74.91984558105469,47.18684005737305,Logic,74.91984558105469
teammates\src\main\java\teammates\common\util\Const.java,1.3375885486602783,35.46885681152344,8.720624923706055,Logic,35.46885681152344
teammates\src\main\java\teammates\common\util\Templates.java,1.0,1.0004043579101562,6.46719217300415,UI,6.46719217300415
teammates\src\test\java\teammates\common\util\BuildPropertiesTest.java,0.0,1.0005077123641968,1.122992753982544,UI,1.122992753982544
teammates\src\main\java\teammates\logic\core\FeedbackSessionsLogic.java,2.1724681854248047,116.20051574707031,6.373465061187744,Logic,116.20051574707031
teammates\src\test\java\teammates\ui\webapi\MarkNotificationAsReadActionTest.java,2.9654860496520996,2.029618501663208,57.81499481201172,UI,57.81499481201172
teammates\src\main\java\teammates\ui\request\AccountCreateRequest.java,0.0,1.0004689693450928,60.02485275268555,UI,60.02485275268555
teammates\src\test\java\teammates\ui\webapi\ArchiveCourseActionTest.java,1.5222454071044922,73.5306396484375,55.00343704223633,Logic,73.5306396484375
teammates\src\e2e\java\teammates\e2e\cases\package-info.java,1.1314380168914795,1.000515103340149,0.6285765767097473,Client,1.1314380168914795
teammates\src\test\java\teammates\ui\webapi\CreateAccountActionTest.java,0.39090561866760254,74.606201171875,54.736000061035156,Logic,74.606201171875
teammates\src\client\java\teammates\client\scripts\DataMigrationForConstSumForceUnevenDistribution.java,125.80709075927734,3.683290958404541,1.8987129926681519,Client,125.80709075927734
teammates\src\test\java\teammates\common\datatransfer\questions\FeedbackResponseDetailsTest.java,1.0,1.0004992485046387,1.0,Logic,1.0004992485046387
teammates\src\main\java\teammates\logic\external\LocalLoggingService.java,0.5101801156997681,75.49658966064453,3.21525502204895,Logic,75.49658966064453
teammates\src\main\java\teammates\ui\output\EnrollStudentsData.java,0.0,1.0004854202270508,59.41651916503906,UI,59.41651916503906
teammates\src\test\java\teammates\storage\api\CoursesDbTest.java,1.7777683734893799,3.3912620544433594,3.449273109436035,UI,3.449273109436035
teammates\src\test\java\teammates\common\util\JsonUtilsTest.java,0.0,1.0004043579101562,1.5250275135040283,UI,1.5250275135040283
teammates\src\e2e\java\teammates\e2e\cases\FeedbackRubricQuestionE2ETest.java,1.382813572883606,1.000367522239685,1.6932148933410645,UI,1.6932148933410645
teammates\src\main\java\teammates\ui\webapi\GetDeadlineExtensionAction.java,0.282451868057251,68.01260375976562,60.819366455078125,Logic,68.01260375976562
teammates\src\main\java\teammates\common\util\Logger.java,0.7839151620864868,1.5606117248535156,10.161530494689941,UI,10.161530494689941
teammates\src\test\java\teammates\test\BaseTestCaseWithLocalDatabaseAccess.java,2.0,78.17481231689453,1.0,Logic,78.17481231689453
teammates\src\test\java\teammates\common\datatransfer\UserInfoCookieTest.java,3.1276450157165527,1.0004830360412598,18.38939094543457,UI,18.38939094543457
teammates\src\main\java\teammates\ui\output\InstructorsData.java,0.0,1.0004979372024536,60.04438018798828,UI,60.04438018798828
teammates\src\e2e\java\teammates\e2e\cases\axe\InstructorFeedbackEditPageAxeTest.java,1.3626917600631714,1.0004806518554688,0.5864512920379639,Client,1.3626917600631714
teammates\src\main\java\teammates\common\datatransfer\questions\FeedbackRubricResponseDetails.java,1.0,1.0005005598068237,1.0,Logic,1.0005005598068237
teammates\src\main\java\teammates\ui\request\CourseBasicRequest.java,0.29545867443084717,1.000495433807373,61.43332290649414,UI,61.43332290649414
teammates\src\main\java\teammates\ui\webapi\GetFeedbackQuestionRecipientsAction.java,0.21103307604789734,76.14722442626953,57.39529800415039,Logic,76.14722442626953
teammates\src\main\java\teammates\ui\webapi\MarkNotificationAsReadAction.java,0.0,66.5499496459961,61.41651916503906,Logic,66.5499496459961
teammates\src\e2e\java\teammates\e2e\cases\StudentCourseDetailsPageE2ETest.java,4.233097076416016,1.0005252361297607,3.4464948177337646,Client,4.233097076416016
teammates\src\main\java\teammates\ui\webapi\DeleteFeedbackQuestionAction.java,0.0,74.47443389892578,61.29470443725586,Logic,74.47443389892578
teammates\src\main\java\teammates\common\datatransfer\questions\FeedbackContributionQuestionDetails.java,4.8785200119018555,11.444679260253906,5.310720443725586,Logic,11.444679260253906
teammates\src\main\java\teammates\logic\core\AccountsLogic.java,0.9611583948135376,60.71498489379883,0.5786299705505371,Logic,60.71498489379883
teammates\src\test\java\teammates\ui\webapi\CreateFeedbackQuestionActionTest.java,1.027732253074646,69.92364501953125,50.99000930786133,Logic,69.92364501953125
teammates\src\test\java\teammates\common\datatransfer\InstructorPrivilegesTest.java,2.424887180328369,1.0002243518829346,1.0,Client,2.424887180328369
teammates\src\main\java\teammates\storage\entity\FeedbackResponse.java,1.5215362310409546,1.0004372596740723,2.62208890914917,UI,2.62208890914917
teammates\src\main\java\teammates\common\datatransfer\attributes\FeedbackQuestionAttributes.java,4.194008827209473,3.36255145072937,3.0,Client,4.194008827209473
teammates\src\main\java\teammates\ui\output\FeedbackQuestionRecipientsData.java,0.0,1.0004985332489014,60.076622009277344,UI,60.076622009277344
teammates\src\e2e\java\teammates\e2e\cases\BaseFeedbackQuestionE2ETest.java,1.0452349185943604,1.0004758834838867,0.5806859731674194,Client,1.0452349185943604
teammates\src\main\java\teammates\storage\search\AccountRequestSearchDocument.java,0.0,1.6491544246673584,1.2791372537612915,Logic,1.6491544246673584
teammates\src\e2e\java\teammates\e2e\pageobjects\DevServerLoginPage.java,2.701786994934082,25.357568740844727,2.0,Logic,25.357568740844727
teammates\src\test\java\teammates\storage\search\package-info.java,0.0,1.000515103340149,0.0,Logic,1.000515103340149
teammates\src\main\java\teammates\ui\webapi\GetCoursesAction.java,0.1914430409669876,77.77562713623047,59.761409759521484,Logic,77.77562713623047
teammates\src\test\java\teammates\common\datatransfer\attributes\AccountRequestAttributesTest.java,1.0,6.046886920928955,1.650200366973877,Logic,6.046886920928955
teammates\src\main\java\teammates\ui\servlets\LegacyUrlMapper.java,2.684950351715088,10.615060806274414,69.09407043457031,UI,69.09407043457031
teammates\src\main\java\teammates\ui\request\FeedbackResponseCommentUpdateRequest.java,0.0,1.000507116317749,62.05628967285156,UI,62.05628967285156
teammates\src\client\java\teammates\client\scripts\statistics\FileStore.java,118.89242553710938,3.15616774559021,5.076493740081787,Client,118.89242553710938
teammates\src\test\java\teammates\ui\servlets\WebPageServletTest.java,0.0,1.0004985332489014,62.65380096435547,UI,62.65380096435547
teammates\src\test\java\teammates\ui\webapi\ResetAccountRequestActionTest.java,3.67163348197937,68.0852279663086,57.696632385253906,Logic,68.0852279663086
teammates\src\main\java\teammates\ui\webapi\GetSessionResultsAction.java,0.23720227181911469,75.12035369873047,57.00343704223633,Logic,75.12035369873047
teammates\src\main\java\teammates\ui\output\CourseArchiveData.java,0.0,1.000507116317749,60.50345230102539,UI,60.50345230102539
teammates\src\main\java\teammates\logic\api\TaskQueuer.java,1.7059390544891357,71.61195373535156,5.593597412109375,Logic,71.61195373535156
teammates\src\main\java\teammates\common\exception\InvalidParametersException.java,0.0,1.0005043745040894,0.0,Logic,1.0005043745040894
teammates\src\main\java\teammates\ui\webapi\SendErrorReportAction.java,0.23701924085617065,10.607721328735352,68.39399719238281,UI,68.39399719238281
teammates\src\main\java\teammates\ui\output\CourseData.java,0.0,1.0004782676696777,59.0546875,UI,59.0546875
teammates\src\test\java\teammates\common\util\StringHelperTest.java,7.079073905944824,5.281289577484131,10.532827377319336,UI,10.532827377319336
teammates\src\main\java\teammates\ui\webapi\PutDataBundleDocumentsAction.java,3.38698673248291,69.27559661865234,63.74003982543945,Logic,69.27559661865234
teammates\src\main\java\teammates\common\datatransfer\logs\LogEvent.java,1.0,19.150239944458008,1.0,Logic,19.150239944458008
teammates\src\client\java\teammates\client\scripts\GenerateUsageStatisticsObjects.java,125.32759857177734,66.17745971679688,1.0,Client,125.32759857177734
teammates\src\main\java\teammates\storage\api\package-info.java,0.0,1.9716941118240356,0.0,Logic,1.9716941118240356
teammates\src\e2e\java\teammates\e2e\cases\axe\AdminNotificationsPageAxeTest.java,1.076998233795166,1.000490427017212,0.5983322858810425,Client,1.076998233795166
teammates\src\test\java\teammates\logic\core\FeedbackSessionsLogicTest.java,4.546738624572754,89.45587158203125,8.374614715576172,Logic,89.45587158203125
teammates\src\main\java\teammates\ui\output\AccountRequestsData.java,0.0,1.0005056858062744,60.43684387207031,UI,60.43684387207031
teammates\src\main\java\teammates\storage\entity\package-info.java,0.0,1.000515103340149,0.0,Logic,1.000515103340149
teammates\src\main\java\teammates\logic\external\AuthService.java,0.0,74.21377563476562,2.0,Logic,74.21377563476562
teammates\src\main\java\teammates\ui\request\ErrorReportRequest.java,0.0,1.000492811203003,62.79855728149414,UI,62.79855728149414
teammates\src\test\java\teammates\ui\webapi\GetSessionResponseStatsActionTest.java,0.7349145412445068,3.6078360080718994,59.10029983520508,UI,59.10029983520508
teammates\src\e2e\java\teammates\e2e\pageobjects\InstructorSearchPage.java,3.173173666000366,1.000356674194336,1.5831514596939087,Client,3.173173666000366
teammates\src\e2e\java\teammates\e2e\util\BackDoor.java,0.0,1.0005037784576416,1.1142280101776123,UI,1.1142280101776123
teammates\src\main\java\teammates\common\datatransfer\attributes\FeedbackResponseCommentAttributes.java,2.831245183944702,3.4268014430999756,1.0,Logic,3.4268014430999756
teammates\src\client\java\teammates\client\scripts\DataMigrationForInstructorNullIsArchivedField.java,127.98307800292969,1.5814577341079712,1.9444822072982788,Client,127.98307800292969
teammates\src\main\java\teammates\ui\webapi\GetFeedbackSessionLogsAction.java,4.034189224243164,83.83718872070312,58.044132232666016,Logic,83.83718872070312
teammates\src\client\java\teammates\client\scripts\statistics\StatisticsBundle.java,125.66319274902344,3.5199990272521973,1.777679681777954,Client,125.66319274902344
teammates\src\test\java\teammates\test\TestPropertiesTest.java,0.0,1.0005124807357788,0.0,Logic,1.0005124807357788
teammates\src\test\java\teammates\storage\api\InstructorsDbTest.java,3.487938642501831,5.90942907333374,5.193674087524414,Logic,5.90942907333374
teammates\src\test\java\teammates\ui\webapi\RegenerateInstructorKeyActionTest.java,0.8468770980834961,66.8244857788086,57.82575225830078,Logic,66.8244857788086
teammates\src\main\java\teammates\ui\webapi\GetReadNotificationsAction.java,0.0,67.98421478271484,62.10894775390625,Logic,67.98421478271484
teammates\src\main\java\teammates\ui\webapi\GetStudentsAction.java,2.5762627124786377,76.22380065917969,59.79356384277344,Logic,76.22380065917969
teammates\src\test\java\teammates\logic\api\MockAuthProxy.java,0.0,74.97981262207031,2.0,Logic,74.97981262207031
teammates\src\main\java\teammates\ui\webapi\GetActionClassesAction.java,0.0,6.281749248504639,61.47788619995117,UI,61.47788619995117
teammates\src\main\java\teammates\ui\request\BasicRequest.java,0.0,1.0005090236663818,62.16298294067383,UI,62.16298294067383
teammates\src\main\java\teammates\storage\search\SearchManagerStarter.java,0.0,1.0004992485046387,0.0,Logic,1.0004992485046387
teammates\src\main\java\teammates\ui\request\CourseUpdateRequest.java,0.0,1.0005145072937012,62.451656341552734,UI,62.451656341552734
teammates\src\main\java\teammates\common\datatransfer\questions\FeedbackNumericalScaleQuestionDetails.java,2.0,7.0140180587768555,1.7959423065185547,Logic,7.0140180587768555
teammates\src\main\java\teammates\ui\webapi\PublishFeedbackSessionAction.java,0.0,79.612060546875,61.482635498046875,Logic,79.612060546875
teammates\src\main\java\teammates\common\datatransfer\questions\package-info.java,1.0,1.0005137920379639,1.0,Logic,1.0005137920379639
teammates\src\test\java\teammates\ui\webapi\RegenerateStudentKeyActionTest.java,0.8468770980834961,66.8244857788086,57.82575225830078,Logic,66.8244857788086
