file_path,app,backends,bin,concurrency,contrib,fixups,loaders,security,utils,worker,best_module,best_likelihood
celery\t\integration\worker_config.py,8.787238121032715,4.05128288269043,11.877965927124023,3.511812210083008,9.279802322387695,4.986095905303955,6.056807041168213,1.0008935928344727,4.6839599609375,97.15774536132812,worker,97.15774536132812
celery\t\unit\backends\test_base.py,114.21240997314453,173.96031188964844,113.77413940429688,29.009151458740234,24.390457153320312,17.82807159423828,23.71450424194336,66.99366760253906,40.516178131103516,44.35137176513672,backends,173.96031188964844
celery\t\integration\test_connection_recovery.py,57.86953353881836,2.7473559379577637,5.696633338928223,3.781522274017334,11.040255546569824,2.8964717388153076,2.0459272861480713,1.349352478981018,4.7975592613220215,2.9272940158843994,app,57.86953353881836
celery\t\integration\test_tasks.py,94.04286193847656,88.73877716064453,118.1151123046875,34.93825149536133,35.657222747802734,7.992237091064453,71.2525863647461,13.631872177124023,41.586463928222656,124.67703247070312,worker,124.67703247070312
celery\t\unit\tasks\test_states.py,7.471182346343994,5.70120906829834,13.72841739654541,4.172069549560547,8.918853759765625,1.808488368988037,10.032511711120605,3.0868539810180664,3.5689101219177246,10.793680191040039,bin,13.72841739654541
celery\t\unit\utils\test_collections.py,52.37735366821289,4.800036430358887,157.0645294189453,8.753890991210938,13.996076583862305,7.326236248016357,22.797807693481445,8.481264114379883,69.45218658447266,19.377490997314453,bin,157.0645294189453
celery\t\unit\bin\proj\app2.py,47.961669921875,0.0,99.16194152832031,0.6683458685874939,1.0009167194366455,1.0009167194366455,1.358290672302246,1.0009167194366455,2.671428918838501,1.0009167194366455,bin,99.16194152832031
celery\t\unit\security\__init__.py,3.102055072784424,1.2389847040176392,5.310091018676758,1.0683931112289429,2.6760945320129395,2.0692975521087646,2.0692975521087646,129.9753875732422,3.668178081512451,2.1011505126953125,security,129.9753875732422
celery\t\smoke\tests\quorum_queues\test_default_queue_type.py,78.14582824707031,13.25494384765625,21.484872817993164,5.101011276245117,12.930373191833496,1.6204452514648438,12.149544715881348,6.789853572845459,8.338912010192871,109.16364288330078,worker,109.16364288330078
celery\t\unit\utils\test_nodenames.py,2.8597073554992676,5.430928707122803,9.526021957397461,1.5657901763916016,5.55656099319458,1.0009034872055054,3.902012825012207,4.501575469970703,88.7088394165039,72.91358184814453,utils,88.7088394165039
celery\celery\apps\multi.py,74.25701141357422,35.647003173828125,80.84490203857422,5.900213718414307,9.668867111206055,4.500514030456543,31.579133987426758,3.5362770557403564,46.882999420166016,84.83330535888672,worker,84.83330535888672
celery\t\unit\fixups\__init__.py,2.1749229431152344,0.1730874627828598,3.1758406162261963,0.0,1.174005150794983,141.13821411132812,1.000917673110962,1.000917673110962,1.174005150794983,1.174005150794983,fixups,141.13821411132812
celery\t\unit\backends\test_s3.py,75.58981323242188,146.07997131347656,12.3341703414917,4.432989597320557,9.194750785827637,8.043549537658691,6.4063239097595215,11.655488014221191,16.30734634399414,8.76810073852539,backends,146.07997131347656
celery\examples\celery_http_gateway\settings.py,76.4653091430664,140.13087463378906,19.25981903076172,4.791625022888184,123.24369812011719,9.341386795043945,108.3661117553711,10.807062149047852,40.48602294921875,23.92949867248535,backends,140.13087463378906
celery\t\unit\tasks\unit_tasks.py,6.144681453704834,4.142862319946289,9.256800651550293,4.142862319946289,3.6703805923461914,1.0009095668792725,7.215203285217285,3.072340726852417,3.787534236907959,7.235092639923096,bin,9.256800651550293
celery\celery\bin\base.py,77.9363021850586,19.820592880249023,127.74308776855469,10.035213470458984,15.563886642456055,9.718705177307129,41.5107421875,15.833377838134766,24.474533081054688,46.35104751586914,bin,127.74308776855469
celery\t\unit\tasks\test_stamping.py,81.23934936523438,29.486068725585938,98.73118591308594,9.697325706481934,25.423826217651367,5.218238830566406,70.42571258544922,8.260252952575684,13.547616004943848,21.27385139465332,bin,98.73118591308594
celery\t\unit\events\test_cursesmon.py,66.09716796875,6.224287986755371,84.68788146972656,6.341158866882324,8.9385986328125,2.5738699436187744,11.89041519165039,3.5584940910339355,10.017343521118164,77.91633605957031,bin,84.68788146972656
celery\celery\bin\celery.py,98.96448516845703,69.2871322631836,164.7018280029297,18.489330291748047,51.36582946777344,19.75626564025879,76.82344055175781,12.648721694946289,38.5847282409668,130.7506561279297,bin,164.7018280029297
celery\celery\worker\state.py,59.07769012451172,14.252972602844238,31.81525421142578,7.595755577087402,10.967791557312012,5.001848220825195,42.58938217163086,5.566257953643799,20.266082763671875,91.04533386230469,worker,91.04533386230469
celery\t\smoke\tests\failover\test_worker_failover.py,68.45877075195312,13.568044662475586,17.85654067993164,4.4735517501831055,10.917149543762207,1.6707584857940674,10.606719970703125,3.6293857097625732,8.688825607299805,100.07393646240234,worker,100.07393646240234
celery\t\unit\bin\test_control.py,74.02294158935547,15.05566120147705,152.41270446777344,8.973755836486816,73.38980102539062,4.42922830581665,9.625455856323242,9.061524391174316,18.434831619262695,103.54861450195312,bin,152.41270446777344
celery\t\smoke\tests\test_control.py,65.00064849853516,4.009177207946777,15.619939804077148,2.338205099105835,63.819034576416016,4.681131362915039,8.302180290222168,2.734604597091675,7.953125953674316,83.82894134521484,worker,83.82894134521484
celery\celery\bin\control.py,65.25102233886719,6.129348278045654,123.27204895019531,7.323755741119385,67.90047454833984,3.5887374877929688,5.160031795501709,7.650800704956055,13.33290958404541,14.480916976928711,bin,123.27204895019531
celery\celery\fixups\__init__.py,2.175363779067993,0.1732824742794037,3.1764042377471924,0.0,1.1743230819702148,141.2556610107422,1.0010405778884888,1.0010405778884888,1.1743230819702148,1.1743230819702148,fixups,141.2556610107422
celery\celery\app\builtins.py,80.57823181152344,70.39875793457031,100.5760269165039,12.1692476272583,13.815652847290039,2.503117084503174,15.79422378540039,12.499717712402344,16.860502243041992,74.3045654296875,bin,100.5760269165039
celery\extra\release\sphinx2rst_config.py,3.3413774967193604,3.0122532844543457,5.875736236572266,0.0,43.48907470703125,1.842539668083191,5.7536540031433105,1.4872634410858154,9.781484603881836,4.419337272644043,contrib,43.48907470703125
celery\t\unit\utils\__init__.py,2.1749229431152344,0.1730874627828598,3.1758406162261963,0.0,1.174005150794983,1.000917673110962,1.000917673110962,1.000917673110962,86.98430633544922,1.174005150794983,utils,86.98430633544922
celery\celery\worker\request.py,95.85001373291016,65.46790313720703,38.1897087097168,21.71905517578125,14.783961296081543,5.6544976234436035,90.46670532226562,12.825353622436523,26.09683609008789,100.60222625732422,worker,100.60222625732422
celery\celery\backends\arangodb.py,61.579158782958984,134.0509490966797,44.91804885864258,4.356913089752197,9.582542419433594,2.4559404850006104,7.942149639129639,5.624064922332764,9.11584186553955,9.366186141967773,backends,134.0509490966797
celery\celery\security\certificate.py,9.635464668273926,44.7244873046875,28.555843353271484,6.8189568519592285,8.80343246459961,2.3772366046905518,3.211519718170166,129.538330078125,8.269526481628418,3.4166133403778076,security,129.538330078125
celery\t\unit\worker\test_revoke.py,8.261507034301758,0.8943931460380554,10.715656280517578,2.197683811187744,6.803341388702393,1.0008975267410278,3.7868316173553467,1.343737006187439,3.7641406059265137,72.25059509277344,worker,72.25059509277344
celery\celery\beat.py,90.55487060546875,66.36307525634766,85.49047088623047,18.7081298828125,27.347694396972656,8.576262474060059,19.464881896972656,15.921978950500488,27.021337509155273,28.81879425048828,app,90.55487060546875
celery\celery\utils\deprecated.py,8.858163833618164,4.587252140045166,31.999717712402344,8.00938606262207,5.873078346252441,4.146170616149902,6.61033296585083,3.4543395042419434,89.09191131591797,6.89190673828125,utils,89.09191131591797
celery\t\unit\app\test_annotations.py,73.18824005126953,7.33542537689209,7.461136817932129,5.399666786193848,6.711045265197754,1.5179526805877686,6.938502788543701,3.497180461883545,7.819087505340576,5.976185321807861,app,73.18824005126953
celery\celery\contrib\testing\worker.py,80.421630859375,16.801488876342773,35.02244567871094,148.48133850097656,101.83519744873047,6.311307907104492,31.476762771606445,9.35832691192627,25.737245559692383,113.66741180419922,concurrency,148.48133850097656
celery\t\unit\bin\proj\daemon_config.py,7.036020755767822,1.572063684463501,144.16709899902344,3.193419933319092,6.244513511657715,1.000842809677124,6.035449028015137,1.6911702156066895,7.511430263519287,77.12705993652344,bin,144.16709899902344
celery\t\unit\worker\test_consumer.py,114.73869323730469,31.726699829101562,136.5435333251953,105.01824188232422,35.557029724121094,14.281240463256836,40.0877571105957,18.034990310668945,32.51598358154297,153.86256408691406,worker,153.86256408691406
celery\celery\app\utils.py,95.42735290527344,75.31494140625,69.11878967285156,15.111189842224121,51.73542022705078,8.730238914489746,71.76374816894531,15.395000457763672,88.92662048339844,40.23921585083008,app,95.42735290527344
celery\docs\conf.py,83.08036041259766,62.55129623413086,123.63526916503906,106.37718200683594,140.8267364501953,130.6173858642578,20.732646942138672,8.429145812988281,108.94815826416016,106.8929214477539,contrib,140.8267364501953
celery\celery\backends\redis.py,81.8503189086914,144.3008575439453,115.43109130859375,19.96904182434082,21.399106979370117,4.920734405517578,13.628568649291992,24.993751525878906,21.827335357666016,20.697431564331055,backends,144.3008575439453
celery\t\unit\backends\test_arangodb.py,70.46062469482422,148.06399536132812,49.05295181274414,11.536703109741211,17.33275604248047,5.738365650177002,43.09938430786133,9.018799781799316,16.177082061767578,14.848146438598633,backends,148.06399536132812
celery\t\unit\worker\test_components.py,16.407541275024414,14.757210731506348,23.789098739624023,26.512821197509766,14.49068546295166,4.422150135040283,13.338563919067383,5.7331013679504395,16.571496963500977,85.92394256591797,worker,85.92394256591797
celery\docs\_ext\celerydocs.py,103.22007751464844,117.54010009765625,53.54640579223633,23.885894775390625,64.96429443359375,111.58094787597656,132.4359893798828,106.11162567138672,105.57240295410156,91.45095825195312,loaders,132.4359893798828
celery\examples\django\demoapp\models.py,5.913576126098633,1.9558794498443604,5.312793731689453,11.44493293762207,7.103460788726807,5.988580226898193,4.4258575439453125,2.9567878246307373,6.622986793518066,4.912667274475098,concurrency,11.44493293762207
celery\examples\django\manage.py,7.381847381591797,2.879523754119873,25.323787689208984,7.212123394012451,7.861568450927734,8.302495956420898,6.613064765930176,3.7281649112701416,11.43820858001709,7.024145126342773,bin,25.323787689208984
celery\t\integration\__init__.py,2.1751198768615723,0.1732824742794037,3.1760387420654297,3.2024028301239014,6.378788471221924,3.003103017807007,1.0009187459945679,1.0009187459945679,1.174201250076294,1.174201250076294,contrib,6.378788471221924
celery\examples\django\demoapp\migrations\0001_initial.py,9.372000694274902,5.400670051574707,5.318309307098389,12.204050064086914,16.428546905517578,5.955783367156982,4.366098403930664,7.976659297943115,5.700843811035156,4.020007133483887,contrib,16.428546905517578
celery\t\unit\utils\test_imports.py,74.32612609863281,15.270923614501953,106.95738983154297,17.83475112915039,21.65596580505371,10.562335014343262,22.082700729370117,8.74411392211914,114.33955383300781,77.34304809570312,utils,114.33955383300781
celery\t\unit\utils\test_serialization.py,15.15234661102295,9.673123359680176,52.00201416015625,15.082697868347168,14.793906211853027,5.471526622772217,11.096271514892578,14.062332153320312,107.56709289550781,13.283432006835938,utils,107.56709289550781
celery\celery\app\base.py,130.11602783203125,143.63157653808594,176.0736083984375,38.71531295776367,77.23725891113281,226.3844451904297,160.3130645751953,117.90475463867188,56.218746185302734,144.0419464111328,fixups,226.3844451904297
celery\examples\django\demoapp\migrations\__init__.py,2.1747262477874756,0.17289286851882935,3.175642967224121,0.0,8.698939323425293,4.050981044769287,1.0009167194366455,1.0009167194366455,1.17380952835083,1.17380952835083,contrib,8.698939323425293
celery\t\unit\app\test_builtins.py,80.38401794433594,66.92801666259766,24.600326538085938,6.582695960998535,14.88270092010498,2.0221738815307617,12.926182746887207,4.21626091003418,12.112812042236328,85.48930358886719,worker,85.48930358886719
celery\t\smoke\tests\test_consumer.py,73.91754150390625,52.919063568115234,40.547855377197266,116.85763549804688,15.480788230895996,1.4811640977859497,17.441347122192383,11.034096717834473,14.251376152038574,112.58706665039062,concurrency,116.85763549804688
celery\examples\eventlet\celeryconfig.py,10.20240592956543,10.51463508605957,15.314539909362793,6.261045932769775,5.479243755340576,1.000894546508789,10.184259414672852,2.7574429512023926,7.089153289794922,91.75376892089844,worker,91.75376892089844
celery\t\smoke\operations\task_termination.py,46.21415328979492,3.264859676361084,11.176456451416016,3.264859676361084,4.320005893707275,2.6012613773345947,7.816128253936768,2.63327956199646,9.396502494812012,79.22401428222656,worker,79.22401428222656
celery\celery\security\__init__.py,64.93543243408203,7.0382866859436035,11.291833877563477,5.2231059074401855,4.492656230926514,2.313894033432007,7.863415241241455,167.1992645263672,5.999154567718506,7.077213287353516,security,167.1992645263672
celery\t\unit\contrib\proj\__init__.py,3.4749231338500977,0.17289286851882935,3.175642967224121,0.6683458685874939,99.88346099853516,1.0009167194366455,1.0009167194366455,1.0009167194366455,1.17380952835083,2.4740066528320312,contrib,99.88346099853516
celery\t\unit\utils\test_annotations.py,20.848968505859375,8.783777236938477,10.984557151794434,11.502004623413086,20.50145721435547,4.891202926635742,5.139993667602539,8.097550392150879,81.6371078491211,6.825082302093506,utils,81.6371078491211
celery\celery\app\amqp.py,84.95255279541016,24.944293975830078,103.5781021118164,15.906904220581055,11.988913536071777,2.343189239501953,58.25136184692383,10.999643325805664,16.245498657226562,11.560663223266602,bin,103.5781021118164
celery\examples\quorum-queues\myapp.py,85.79902648925781,14.9393892288208,36.84172058105469,93.4615707397461,55.11870574951172,2.2390570640563965,15.512476921081543,5.801678657531738,10.560908317565918,107.40825653076172,worker,107.40825653076172
celery\celery\loaders\base.py,88.75777435302734,105.52171325683594,46.90740203857422,20.651317596435547,16.95277976989746,9.055730819702148,129.3829345703125,9.387941360473633,29.525842666625977,94.17019653320312,loaders,129.3829345703125
celery\t\unit\contrib\test_worker.py,90.94786834716797,55.989768981933594,25.58754539489746,27.88677978515625,129.6972198486328,5.0048956871032715,20.495206832885742,8.944947242736816,22.116727828979492,106.2454833984375,contrib,129.6972198486328
celery\t\unit\app\test_amqp.py,98.16624450683594,15.863338470458984,89.37079620361328,16.7567138671875,18.074480056762695,3.229696035385132,51.977622985839844,17.140737533569336,14.173420906066895,81.74496459960938,app,98.16624450683594
celery\celery\bin\graph.py,80.75646209716797,60.21208572387695,120.56053924560547,95.54337310791016,39.87458801269531,2.7817461490631104,7.886900901794434,3.687481641769409,47.191993713378906,140.71701049804688,worker,140.71701049804688
celery\celery\worker\__init__.py,2.1751673221588135,0.1730874627828598,7.3705220222473145,0.0,1.6904367208480835,1.001039981842041,2.7755038738250732,1.001039981842041,2.948591470718384,68.603759765625,worker,68.603759765625
celery\t\unit\utils\test_sysinfo.py,12.017834663391113,10.546367645263672,8.759779930114746,10.358475685119629,10.58968734741211,3.3119473457336426,7.940881252288818,4.6565937995910645,89.977783203125,13.356009483337402,utils,89.977783203125
celery\t\unit\events\test_snapshot.py,64.77285766601562,1.6798256635665894,31.359281539916992,2.1807103157043457,8.099653244018555,1.000884771347046,7.6361589431762695,1.7469075918197632,13.13399600982666,4.872970104217529,app,64.77285766601562
celery\t\unit\worker\__init__.py,2.1749229431152344,0.1730874627828598,7.370155334472656,0.0,1.6903144121170044,1.000917673110962,2.775381565093994,1.000917673110962,2.9484691619873047,68.6036376953125,worker,68.6036376953125
celery\t\unit\contrib\test_migrate.py,101.17070007324219,12.50328540802002,85.16582489013672,9.859684944152832,120.95289611816406,5.8833417892456055,45.87595748901367,19.848520278930664,12.594579696655273,18.52511978149414,contrib,120.95289611816406
celery\examples\pydantic\__init__.py,2.1751198768615723,0.1732824742794037,3.1760387420654297,0.0,1.174201250076294,1.0009187459945679,1.0009187459945679,1.0009187459945679,1.174201250076294,1.174201250076294,bin,3.1760387420654297
celery\t\unit\utils\test_pickle.py,9.665705680847168,3.377521514892578,5.8783416748046875,5.364287376403809,5.851470947265625,1.866201639175415,42.18398666381836,7.142215728759766,84.49069213867188,5.4210991859436035,utils,84.49069213867188
celery\celery\result.py,93.21625518798828,93.8914794921875,29.331409454345703,15.944077491760254,56.0580940246582,5.513605117797852,51.713253021240234,13.835556983947754,20.627458572387695,94.784423828125,worker,94.784423828125
celery\celery\utils\text.py,20.89270782470703,9.246110916137695,28.1971492767334,14.573827743530273,11.496066093444824,6.024065971374512,12.146513938903809,9.453913688659668,84.32598876953125,13.728300094604492,utils,84.32598876953125
celery\t\unit\backends\test_elasticsearch.py,81.90784454345703,157.55043029785156,25.87769317626953,69.1446533203125,17.95777702331543,7.3432440757751465,25.981319427490234,17.909950256347656,22.733980178833008,24.477937698364258,backends,157.55043029785156
celery\t\benchmarks\bench_worker.py,87.21070098876953,46.52151107788086,36.639991760253906,104.06561279296875,10.092859268188477,7.9651970863342285,21.177846908569336,10.197875022888184,23.683162689208984,129.12355041503906,worker,129.12355041503906
celery\celery\apps\worker.py,106.67975616455078,50.56955337524414,79.3183822631836,128.65516662597656,43.12383270263672,13.572097778320312,150.9593963623047,21.712411880493164,36.2956657409668,101.10492706298828,loaders,150.9593963623047
celery\t\unit\contrib\proj\conf.py,7.136608600616455,0.6495499610900879,6.181581974029541,1.811034083366394,125.54502868652344,4.05340576171875,2.1598434448242188,2.4899144172668457,5.351695537567139,4.242021560668945,contrib,125.54502868652344
celery\celery\contrib\testing\manager.py,81.52896118164062,67.96746063232422,63.45072937011719,8.007719993591309,134.9822998046875,6.738900661468506,14.91342830657959,6.1615424156188965,69.202392578125,88.70670318603516,contrib,134.9822998046875
celery\celery\events\__init__.py,5.904025077819824,0.17192651331424713,6.9050612449646,2.253384590148926,1.1729625463485718,1.0010359287261963,1.0010359287261963,1.0010359287261963,4.902989387512207,1.1729625463485718,bin,6.9050612449646
celery\t\unit\events\test_dumper.py,17.095176696777344,11.226040840148926,68.42816925048828,7.990819454193115,7.5969157218933105,1.7612000703811646,13.797009468078613,3.390443801879883,11.20329475402832,110.05203247070312,worker,110.05203247070312
celery\t\unit\backends\test_cosmosdbsql.py,66.28620147705078,130.17355346679688,38.84505844116211,9.319217681884766,12.39349365234375,4.735379695892334,7.121840000152588,7.435190677642822,14.522042274475098,9.905985832214355,backends,130.17355346679688
celery\t\integration\test_worker.py,90.48959350585938,21.132423400878906,53.55908203125,108.06519317626953,73.78788757324219,69.85879516601562,22.000232696533203,12.528594970703125,20.29755210876465,109.5172348022461,worker,109.5172348022461
celery\t\smoke\signals.py,3.4809179306030273,1.1983305215835571,10.51198673248291,0.0,1.8700153827667236,1.0008533000946045,7.723423480987549,1.0008533000946045,3.198622703552246,76.67403411865234,worker,76.67403411865234
celery\celery\contrib\abortable.py,6.670229434967041,59.73772430419922,7.775641441345215,3.8518598079681396,102.41344451904297,1.00100839138031,6.152881622314453,2.718299627304077,2.099011182785034,11.640737533569336,contrib,102.41344451904297
celery\celery\bin\amqp.py,72.32274627685547,10.612363815307617,138.22462463378906,7.641543865203857,3.7642173767089844,1.0006924867630005,3.68584942817688,10.1993408203125,5.723652362823486,26.315649032592773,bin,138.22462463378906
celery\t\integration\test_canvas.py,90.8930892944336,87.76456451416016,42.81766128540039,19.020099639892578,24.508975982666016,9.596009254455566,59.750091552734375,20.26205062866211,51.74829864501953,34.282958984375,app,90.8930892944336
celery\t\integration\test_serialization.py,64.29459381103516,54.628868103027344,39.18638229370117,9.770429611206055,13.91197681427002,5.601332187652588,8.311346054077148,18.125106811523438,16.20388412475586,122.58683776855469,worker,122.58683776855469
celery\celery\app\__init__.py,77.35347747802734,7.087092399597168,56.45408248901367,10.819965362548828,8.82267951965332,3.274966239929199,10.722269058227539,5.403532981872559,12.101860046386719,14.818278312683105,app,77.35347747802734
celery\celery\canvas.py,89.1535415649414,56.21343994140625,53.301109313964844,18.04268455505371,26.749034881591797,6.618106842041016,69.52136993408203,8.966230392456055,14.46849250793457,69.00232696533203,app,89.1535415649414
celery\celery\platforms.py,78.99771118164062,15.242496490478516,77.1042251586914,16.264707565307617,15.995092391967773,8.178741455078125,11.681108474731445,129.01773071289062,55.364601135253906,58.9243278503418,security,129.01773071289062
celery\celery\fixups\django.py,99.58103942871094,40.995025634765625,33.83586120605469,33.98879623413086,104.39702606201172,220.56240844726562,67.69054412841797,12.449296951293945,113.92745208740234,118.254150390625,fixups,220.56240844726562
celery\celery\app\log.py,72.3604736328125,9.52282428741455,15.840535163879395,9.15634536743164,11.49039363861084,4.1036787033081055,58.422298431396484,7.2368245124816895,15.557657241821289,78.36946868896484,worker,78.36946868896484
celery\t\unit\bin\proj\app_with_custom_cmds.py,61.82081985473633,4.17384147644043,120.85433959960938,3.724888563156128,56.805816650390625,2.900468349456787,3.0763683319091797,1.0010097026824951,6.377114772796631,72.3309326171875,bin,120.85433959960938
celery\t\unit\tasks\__init__.py,5.049956321716309,3.0481209754943848,7.780068874359131,2.8750336170196533,2.7573609352111816,1.000917673110962,5.3134684562683105,2.438434600830078,1.174005150794983,5.632394790649414,bin,7.780068874359131
celery\t\unit\utils\test_dispatcher.py,19.074872970581055,11.847902297973633,21.615549087524414,2.0743539333343506,6.259504318237305,3.167820692062378,3.0612056255340576,2.630333185195923,106.11616516113281,4.749403476715088,utils,106.11616516113281
celery\t\unit\bin\test_daemonization.py,57.48062515258789,2.1151909828186035,143.80978393554688,3.348618984222412,8.951770782470703,1.6436524391174316,6.45865535736084,2.554262399673462,9.10094165802002,68.41944885253906,bin,143.80978393554688
celery\celery\contrib\django\__init__.py,3.476827621459961,0.1730874627828598,3.1762073040008545,0.0,103.00785064697266,4.053411960601807,1.001039981842041,1.001039981842041,1.174127459526062,2.47578763961792,contrib,103.00785064697266
celery\celery\worker\consumer\events.py,61.67945861816406,6.28558349609375,43.64101028442383,7.497974395751953,3.4643115997314453,1.5627402067184448,10.746793746948242,2.6806414127349854,9.439458847045898,83.09141540527344,worker,83.09141540527344
celery\celery\contrib\__init__.py,3.4784905910491943,0.1732824742794037,3.1764042377471924,0.0,100.02753448486328,1.0010405778884888,1.0010405778884888,1.0010405778884888,1.1743230819702148,2.477449893951416,contrib,100.02753448486328
celery\t\unit\utils\test_utils.py,3.865323066711426,6.873101711273193,29.423599243164062,1.2040177583694458,8.024652481079102,1.000842809677124,3.299715280532837,1.6028516292572021,92.16187286376953,3.895901679992676,utils,92.16187286376953
celery\t\unit\utils\test_threads.py,5.761001110076904,3.1779491901397705,35.424922943115234,6.527667045593262,10.38762092590332,1.4942365884780884,3.5685431957244873,1.6582354307174683,94.27316284179688,6.315659523010254,utils,94.27316284179688
celery\t\unit\contrib\django\__init__.py,3.4749231338500977,0.17289286851882935,3.175642967224121,0.0,102.93352508544922,4.050981044769287,1.0009167194366455,1.0009167194366455,1.17380952835083,2.4740066528320312,contrib,102.93352508544922
celery\t\unit\concurrency\test_concurrency.py,59.17940139770508,14.82990550994873,47.482295989990234,201.62551879882812,14.652116775512695,5.378007411956787,11.065587997436523,4.937704563140869,21.12958335876465,54.32794952392578,concurrency,201.62551879882812
celery\celery\app\autoretry.py,66.27713012695312,9.940775871276855,11.737302780151367,5.972074508666992,3.734029531478882,6.488495349884033,6.6770243644714355,2.7441463470458984,7.0193328857421875,11.232583045959473,app,66.27713012695312
celery\celery\app\events.py,65.4586410522461,7.403678894042969,11.329673767089844,6.200987339019775,1.160722017288208,1.0011072158813477,1.0011072158813477,1.0011072158813477,5.678181171417236,3.927671432495117,app,65.4586410522461
celery\t\smoke\tests\quorum_queues\test_qos.py,77.33204650878906,22.917240142822266,34.4478759765625,105.4373779296875,15.90445327758789,1.68956458568573,13.336688041687012,8.065722465515137,8.829357147216797,107.46483612060547,worker,107.46483612060547
celery\celery\events\receiver.py,79.98609924316406,6.838585376739502,25.81602668762207,6.357758522033691,38.32109069824219,1.9105007648468018,11.045233726501465,8.81914234161377,11.565918922424316,71.3255844116211,app,79.98609924316406
celery\t\unit\app\test_beat.py,98.56953430175781,55.12675094604492,90.80010223388672,15.596871376037598,22.804597854614258,6.897824764251709,32.09326934814453,10.144749641418457,26.161968231201172,20.367908477783203,app,98.56953430175781
celery\t\unit\app\__init__.py,53.6331787109375,0.4865780472755432,3.1758406162261963,0.0,1.174005150794983,1.000917673110962,1.000917673110962,1.000917673110962,2.6442410945892334,1.174005150794983,app,53.6331787109375
celery\t\unit\backends\test_database.py,89.90689849853516,161.3484649658203,141.46795654296875,27.19184112548828,22.2242488861084,11.911458969116211,28.26913070678711,10.14522647857666,21.607973098754883,122.7610855102539,backends,161.3484649658203
celery\t\unit\worker\test_state.py,31.477252960205078,14.62645149230957,86.0842056274414,15.442764282226562,20.386777877807617,10.355687141418457,51.345985412597656,7.610642433166504,22.67070770263672,96.79182434082031,worker,96.79182434082031
celery\t\unit\apps\test_multi.py,72.02336120605469,8.049509048461914,64.18740844726562,8.768085479736328,11.701446533203125,5.095932960510254,14.534002304077148,3.8984932899475098,40.2819709777832,76.01008605957031,worker,76.01008605957031
celery\examples\stamping\revoke_example.py,7.645851135253906,12.257043838500977,9.519235610961914,6.054080963134766,6.106970310211182,1.0008256435394287,59.25789260864258,2.974327325820923,3.6766557693481445,8.390815734863281,loaders,59.25789260864258
celery\celery\backends\gcs.py,73.61985778808594,139.88511657714844,46.73967361450195,15.535961151123047,14.784785270690918,14.138436317443848,14.978943824768066,15.645169258117676,17.60511589050293,19.129934310913086,backends,139.88511657714844
celery\celery\utils\debug.py,47.093414306640625,3.1118412017822266,35.18929672241211,4.857506275177002,4.829988956451416,4.9443254470825195,6.742027282714844,3.376588821411133,113.74140930175781,5.427413463592529,utils,113.74140930175781
celery\t\unit\test_canvas.py,62.3323974609375,11.426837921142578,14.528045654296875,11.310309410095215,7.288515090942383,1.000842809677124,9.059514045715332,3.8253514766693115,7.00091552734375,69.40943908691406,worker,69.40943908691406
celery\celery\concurrency\base.py,83.29363250732422,20.053237915039062,21.20399284362793,124.94866180419922,8.432623863220215,6.034953594207764,17.430997848510742,6.918948173522949,21.775348663330078,61.795799255371094,concurrency,124.94866180419922
celery\examples\gevent\celeryconfig.py,11.928906440734863,50.64078903198242,11.450231552124023,5.261174201965332,4.97969388961792,1.0008964538574219,8.436878204345703,2.759108543395996,7.225526332855225,24.592378616333008,backends,50.64078903198242
celery\t\unit\backends\test_rpc.py,86.3919448852539,123.4136962890625,67.77066040039062,17.001279830932617,15.127470016479492,3.4731814861297607,13.785197257995605,5.772022724151611,51.649253845214844,70.68566131591797,backends,123.4136962890625
celery\examples\next-steps\proj\tasks.py,65.92337799072266,4.593899726867676,9.640050888061523,4.8792338371276855,4.3400797843933105,1.0008964538574219,7.339272499084473,3.1136884689331055,3.2415921688079834,7.310400009155273,app,65.92337799072266
celery\celery\_state.py,85.98234558105469,12.349384307861328,19.424898147583008,9.048933982849121,4.939592361450195,119.555908203125,63.29182052612305,5.138435363769531,32.49287033081055,80.99272155761719,fixups,119.555908203125
celery\t\smoke\conftest.py,79.5466079711914,61.14702606201172,117.05391693115234,13.038345336914062,56.62607955932617,11.367206573486328,11.305208206176758,5.948626518249512,14.531607627868652,126.66687774658203,worker,126.66687774658203
celery\t\unit\bin\proj\daemon.py,58.03758239746094,0.837730884552002,106.773193359375,0.751517653465271,1.001030683517456,1.001030683517456,1.4028778076171875,1.001030683517456,3.1707022190093994,1.001030683517456,bin,106.773193359375
celery\celery\worker\consumer\tasks.py,73.83174133300781,16.387081146240234,27.43536949157715,100.54497528076172,12.40878677368164,3.5572867393493652,13.025074005126953,10.434438705444336,8.753106117248535,112.97872924804688,worker,112.97872924804688
celery\t\unit\contrib\test_pytest.py,47.13594055175781,7.471711158752441,11.467324256896973,3.223703384399414,105.05268096923828,3.921959638595581,6.52822732925415,3.584557056427002,7.816484451293945,26.988767623901367,contrib,105.05268096923828
celery\t\unit\worker\test_request.py,105.57933807373047,83.54423522949219,66.27833557128906,27.939584732055664,24.507675170898438,10.067792892456055,85.85438537597656,19.02269744873047,42.16919708251953,113.41293334960938,worker,113.41293334960938
celery\celery\utils\saferepr.py,50.26209259033203,3.5315842628479004,43.424285888671875,3.0142338275909424,8.114572525024414,5.588131427764893,4.063461780548096,3.2785751819610596,72.94197082519531,7.660516262054443,utils,72.94197082519531
celery\celery\worker\consumer\consumer.py,109.68416595458984,39.178131103515625,75.02703094482422,25.33026885986328,41.14292526245117,14.147360801696777,106.45228576660156,15.961702346801758,29.80284881591797,140.671630859375,worker,140.671630859375
celery\t\integration\test_mem_leak_in_exception_handling.py,73.91743469238281,53.1866455078125,114.91820526123047,13.35474681854248,17.294963836669922,8.127492904663086,16.83431053161621,11.130562782287598,31.906023025512695,33.3328857421875,bin,114.91820526123047
celery\t\unit\security\test_security.py,77.62168884277344,9.872214317321777,51.2932243347168,11.669005393981934,14.476415634155273,5.758142471313477,12.781100273132324,164.68992614746094,13.827228546142578,12.772500038146973,security,164.68992614746094
celery\celery\bin\call.py,61.76958084106445,8.281302452087402,112.93533325195312,4.708501815795898,7.273754596710205,2.986452102661133,9.155150413513184,4.8366827964782715,9.041337013244629,6.498134136199951,bin,112.93533325195312
celery\t\unit\contrib\proj\xyzzy.py,60.033416748046875,3.512781858444214,5.451715469360352,3.8234963417053223,100.36861419677734,1.0010359287261963,5.739365100860596,2.5804789066314697,2.5318796634674072,5.887434005737305,contrib,100.36861419677734
celery\examples\celery_http_gateway\manage.py,5.937810897827148,2.089996814727783,32.274749755859375,1.3268667459487915,2.3278911113739014,5.935984134674072,5.37299108505249,2.7058277130126953,8.768710136413574,3.5497958660125732,bin,32.274749755859375
celery\celery\utils\annotations.py,16.10841941833496,2.4183688163757324,3.334186553955078,2.6690526008605957,3.629587411880493,1.5573220252990723,1.0009828805923462,1.943248987197876,84.1965103149414,1.0009828805923462,utils,84.1965103149414
celery\celery\contrib\migrate.py,98.1695327758789,18.272186279296875,31.613018035888672,12.796904563903809,79.11625671386719,3.6616463661193848,59.978614807128906,20.586688995361328,10.8379545211792,83.61009216308594,app,98.1695327758789
celery\t\unit\utils\test_text.py,74.85808563232422,9.268317222595215,94.05978393554688,5.247244834899902,10.062127113342285,1.0007754564285278,8.091352462768555,4.2929368019104,84.25594329833984,8.508183479309082,bin,94.05978393554688
celery\t\smoke\workers\other.py,57.66441345214844,1.3338133096694946,102.81492614746094,3.1904006004333496,10.26052188873291,8.991157531738281,5.284657001495361,1.8065367937088013,11.415356636047363,124.4500732421875,worker,124.4500732421875
celery\t\unit\tasks\test_result.py,107.3600845336914,101.47013092041016,78.69337463378906,21.158092498779297,30.23868751525879,10.0437650680542,52.1462287902832,16.98550033569336,28.766063690185547,83.85247039794922,app,107.3600845336914
celery\celery\worker\consumer\gossip.py,93.459716796875,16.16576385498047,40.31058120727539,17.75273323059082,9.701098442077637,4.768433570861816,87.00035095214844,16.933378219604492,20.20870590209961,130.7244415283203,worker,130.7244415283203
celery\t\unit\bin\__init__.py,2.1749229431152344,0.1730874627828598,99.40386199951172,0.0,1.174005150794983,1.000917673110962,1.3586938381195068,1.000917673110962,1.5317813158035278,1.174005150794983,bin,99.40386199951172
celery\celery\bin\list.py,68.1568603515625,5.012193202972412,118.39136505126953,2.0,4.2546234130859375,1.0009949207305908,5.680191516876221,5.422680377960205,5.57853364944458,4.748320579528809,bin,118.39136505126953
celery\celery\worker\consumer\connection.py,3.3874523639678955,1.3167881965637207,12.19154167175293,0.41653233766555786,3.938920497894287,1.5981985330581665,6.2186760902404785,1.0009998083114624,3.622441291809082,89.04683685302734,worker,89.04683685302734
celery\celery\states.py,5.33560848236084,6.192047119140625,8.948007583618164,5.89678430557251,1.1542216539382935,1.9230949878692627,3.4499590396881104,1.7912416458129883,2.609800100326538,6.818619251251221,bin,8.948007583618164
celery\docs\changelog_formatter.py,51.040489196777344,5.890162944793701,37.78275680541992,9.444049835205078,17.852603912353516,11.670777320861816,13.22840690612793,11.699402809143066,30.472389221191406,9.351078987121582,app,51.040489196777344
celery\t\unit\utils\test_local.py,54.56886672973633,6.486339569091797,53.82764434814453,13.039509773254395,15.594770431518555,6.883503437042236,12.50352668762207,7.398115634918213,84.0078353881836,11.995916366577148,utils,84.0078353881836
celery\t\smoke\tasks.py,44.62894821166992,19.140600204467773,95.03166961669922,11.141712188720703,4.703545570373535,2.2412102222442627,7.684728145599365,4.150728225708008,89.57762908935547,12.093235969543457,bin,95.03166961669922
celery\celery\worker\components.py,76.66865539550781,15.964165687561035,79.45758819580078,149.23074340820312,12.678991317749023,6.573572158813477,18.65101432800293,7.398502826690674,30.513648986816406,96.49483489990234,concurrency,149.23074340820312
celery\t\unit\events\__init__.py,4.614504337310791,0.1730874627828598,5.615421772003174,0.9597208499908447,1.174005150794983,1.000917673110962,1.000917673110962,1.000917673110962,3.613586664199829,1.174005150794983,bin,5.615421772003174
celery\t\unit\app\test_control.py,91.31588745117188,24.267948150634766,100.69522094726562,21.513591766357422,76.67604064941406,6.7337775230407715,65.55254364013672,12.940049171447754,45.29816818237305,26.86967658996582,bin,100.69522094726562
celery\t\unit\security\test_key.py,4.76277494430542,2.7611100673675537,5.944352149963379,3.4133541584014893,10.034969329833984,2.8875043392181396,3.9636499881744385,134.77496337890625,5.604815483093262,3.7619423866271973,security,134.77496337890625
celery\celery\bin\purge.py,69.01678466796875,13.805081367492676,150.61367797851562,6.01710319519043,12.90291976928711,3.1793532371520996,10.864480972290039,16.224197387695312,12.340713500976562,12.047074317932129,bin,150.61367797851562
celery\celery\bin\shell.py,78.87887573242188,13.107504844665527,169.57582092285156,122.71880340576172,17.140153884887695,6.843689441680908,59.88325119018555,8.807395935058594,21.71544647216797,18.46198272705078,bin,169.57582092285156
celery\t\unit\backends\test_mongodb.py,76.39983367919922,189.32730102539062,112.7490463256836,11.663697242736816,15.424304008483887,7.990527153015137,26.191194534301758,7.437333106994629,30.28578758239746,77.51716613769531,backends,189.32730102539062
celery\t\unit\backends\test_filesystem.py,77.18231201171875,86.61864471435547,50.58418273925781,8.27381420135498,13.068256378173828,7.463483810424805,39.17282485961914,13.528509140014648,34.13835525512695,14.995076179504395,backends,86.61864471435547
celery\t\unit\contrib\test_rdb.py,10.844157218933105,6.282083034515381,83.67303466796875,7.238330841064453,122.79788970947266,3.645716428756714,6.31311559677124,4.168298244476318,6.6267409324646,7.4115777015686035,contrib,122.79788970947266
celery\t\unit\test_generics.py,62.955177307128906,15.965802192687988,18.037397384643555,6.4088053703308105,9.022871971130371,3.0927209854125977,10.391229629516602,6.0149383544921875,7.6443023681640625,23.510509490966797,app,62.955177307128906
celery\celery\backends\database\session.py,5.855082988739014,85.40947723388672,84.85791015625,12.393465042114258,3.8679020404815674,2.581575393676758,5.87281608581543,2.323641300201416,10.060811996459961,28.281824111938477,backends,85.40947723388672
celery\t\unit\worker\test_control.py,95.2417221069336,64.30828094482422,101.94645690917969,25.45289421081543,74.30485534667969,6.476500511169434,99.02071380615234,15.896560668945312,31.070955276489258,119.44828033447266,worker,119.44828033447266
celery\celery\contrib\sphinx.py,80.08212280273438,9.788750648498535,32.21183395385742,16.93817138671875,122.24491882324219,4.390761375427246,12.843559265136719,5.252663612365723,16.036441802978516,27.56433868408203,contrib,122.24491882324219
celery\celery\utils\__init__.py,6.787161350250244,9.563364028930664,33.7618522644043,3.783618688583374,2.662670373916626,1.5854939222335815,7.9403181076049805,5.298588275909424,88.15758514404297,71.3207778930664,utils,88.15758514404297
celery\t\unit\security\test_serialization.py,51.97108459472656,5.670877933502197,25.765644073486328,5.005739688873291,11.12294864654541,3.5921123027801514,6.094747066497803,128.41416931152344,12.266046524047852,5.6522674560546875,security,128.41416931152344
celery\t\unit\backends\test_consul.py,55.75605010986328,128.12957763671875,6.325963497161865,4.0419487953186035,13.163520812988281,1.5582284927368164,3.0902950763702393,5.640550136566162,7.418612003326416,2.178436279296875,backends,128.12957763671875
celery\examples\django\proj\celery.py,69.36090850830078,12.554859161376953,87.4207992553711,11.373180389404297,11.047163009643555,6.762348175048828,10.706463813781738,5.43320894241333,8.429207801818848,14.816570281982422,bin,87.4207992553711
celery\t\unit\tasks\test_chord.py,85.79338073730469,67.20941162109375,78.85121154785156,10.416010856628418,15.043492317199707,5.838600158691406,30.001953125,6.614168167114258,39.287845611572266,17.426959991455078,app,85.79338073730469
celery\examples\gevent\tasks.py,9.321951866149902,12.61834716796875,12.628228187561035,9.277576446533203,4.013329982757568,1.0008896589279175,6.969946384429932,3.7162258625030518,2.2023212909698486,11.125887870788574,bin,12.628228187561035
celery\t\unit\backends\test_couchbase.py,72.6713638305664,140.1753692626953,15.770803451538086,11.555316925048828,18.78583526611328,7.056884765625,46.6900749206543,8.040605545043945,22.14671516418457,17.039993286132812,backends,140.1753692626953
celery\celery\backends\couchdb.py,8.056388854980469,91.27570343017578,7.224127769470215,3.2997958660125732,10.336763381958008,3.7793989181518555,5.280562400817871,6.019469738006592,6.1509108543396,7.342331886291504,backends,91.27570343017578
celery\t\smoke\workers\dev.py,11.177521705627441,0.9634642004966736,103.04290008544922,3.9836349487304688,10.720410346984863,9.305685043334961,5.6875319480896,2.195056676864624,11.067916870117188,124.1075439453125,worker,124.1075439453125
celery\t\unit\contrib\test_abortable.py,66.78903198242188,11.821318626403809,8.304096221923828,6.334064960479736,105.04927825927734,1.000832438468933,7.854781627655029,3.285482168197632,6.340259075164795,10.461263656616211,contrib,105.04927825927734
celery\celery\utils\objects.py,11.250146865844727,3.811615467071533,11.146539688110352,11.810934066772461,9.81350040435791,3.5875158309936523,4.9096455574035645,7.789323329925537,91.7547836303711,7.462069988250732,utils,91.7547836303711
celery\celery\app\task.py,98.99331665039062,75.2094955444336,107.79903411865234,26.02176284790039,17.275014877319336,7.470600128173828,84.94120788574219,17.79861068725586,30.075437545776367,95.89537048339844,bin,107.79903411865234
celery\examples\stamping\visitors.py,6.553566932678223,5.515285491943359,8.199557304382324,3.972221851348877,4.272046089172363,1.8017094135284424,62.381263732910156,2.986874580383301,3.3606643676757812,7.650667190551758,loaders,62.381263732910156
celery\celery\app\trace.py,83.1650390625,65.65119934082031,44.79082489013672,19.496959686279297,11.193892478942871,3.627974510192871,104.92996215820312,42.858306884765625,22.832422256469727,101.14291381835938,loaders,104.92996215820312
celery\celery\worker\strategy.py,83.56137084960938,12.266580581665039,31.726476669311523,12.965560913085938,6.529072284698486,1.0007768869400024,68.26532745361328,8.567252159118652,18.18985366821289,71.62779235839844,app,83.56137084960938
celery\celery\worker\control.py,92.76823425292969,47.02450942993164,158.0867156982422,27.013229370117188,82.92597961425781,14.262641906738281,73.17022705078125,17.458755493164062,36.93982696533203,111.71797943115234,bin,158.0867156982422
celery\t\smoke\tests\quorum_queues\__init__.py,2.174530029296875,0.1726987361907959,7.559181213378906,0.0,4.395910263061523,1.0009156465530396,1.0009156465530396,1.0009156465530396,1.537955641746521,1.5228418111801147,bin,7.559181213378906
celery\t\smoke\tests\test_canvas.py,61.32661056518555,65.6417007446289,27.630842208862305,12.13317584991455,16.34346580505371,1.9107178449630737,20.242433547973633,7.119449615478516,9.23253059387207,89.8399887084961,worker,89.8399887084961
celery\t\integration\test_security.py,75.20199584960938,64.15447998046875,54.008975982666016,13.73631477355957,28.44076156616211,6.9405694007873535,13.266561508178711,225.74176025390625,24.221385955810547,84.99114990234375,security,225.74176025390625
celery\t\unit\worker\test_bootsteps.py,58.432769775390625,5.8404622077941895,38.4884033203125,7.558729648590088,14.240608215332031,4.371392726898193,13.575735092163086,3.364217519760132,17.78594207763672,87.25411987304688,worker,87.25411987304688
celery\t\unit\worker\test_loops.py,87.17561340332031,16.643714904785156,69.22512817382812,23.276060104370117,22.618560791015625,7.335029125213623,71.01465606689453,18.17538833618164,42.044734954833984,86.01581573486328,app,87.17561340332031
celery\celery\worker\worker.py,93.99663543701172,24.5362548828125,45.1454963684082,139.25196838378906,25.0101318359375,13.525947570800781,82.03882598876953,14.150185585021973,55.5887336730957,122.01362609863281,concurrency,139.25196838378906
celery\celery\backends\dynamodb.py,74.37229919433594,90.07300567626953,45.31950759887695,8.855135917663574,12.309606552124023,13.858927726745605,8.888907432556152,20.096590042114258,52.412841796875,15.788538932800293,backends,90.07300567626953
celery\celery\utils\graph.py,67.5426025390625,13.618940353393555,90.36793518066406,11.783052444458008,9.462885856628418,9.159104347229004,8.441605567932129,6.466729640960693,88.3005599975586,20.901880264282227,bin,90.36793518066406
celery\celery\backends\database\models.py,12.354159355163574,97.0900650024414,19.402624130249023,13.184046745300293,7.474607944488525,2.5105061531066895,11.196619033813477,8.442913055419922,10.240702629089355,81.88206481933594,backends,97.0900650024414
celery\t\smoke\tests\test_thread_safe.py,73.1458740234375,5.603735446929932,20.88413429260254,17.78466033935547,12.527188301086426,1.0011439323425293,11.9371976852417,4.0527215003967285,12.248688697814941,105.1106185913086,worker,105.1106185913086
celery\t\smoke\tests\stamping\__init__.py,2.1747262477874756,0.17289286851882935,3.874882936477661,0.0,4.39747953414917,1.0009167194366455,1.0009167194366455,1.0009167194366455,1.538560390472412,1.5234295129776,contrib,4.39747953414917
celery\t\unit\contrib\django\test_task.py,54.59950637817383,13.839963912963867,13.833781242370605,11.797635078430176,110.50482940673828,7.589503288269043,12.551648139953613,5.922759532928467,11.976412773132324,12.596378326416016,contrib,110.50482940673828
celery\t\smoke\tests\test_worker.py,71.8788833618164,42.85213851928711,32.328102111816406,74.69998931884766,24.311744689941406,6.0142645835876465,16.9455623626709,15.190999984741211,15.096770286560059,113.63629150390625,worker,113.63629150390625
celery\celery\concurrency\asynpool.py,79.76612854003906,26.510717391967773,117.2486801147461,80.32659912109375,17.924827575683594,10.944696426391602,72.81244659423828,15.588659286499023,56.38142776489258,126.61579895019531,worker,126.61579895019531
celery\t\unit\bin\test_beat.py,64.52708435058594,8.571627616882324,120.18927001953125,2.202951431274414,8.800776481628418,4.685355186462402,15.111958503723145,1.7590001821517944,8.510690689086914,2.842135190963745,bin,120.18927001953125
celery\celery\events\dispatcher.py,72.32191467285156,7.757310390472412,62.22353744506836,10.923894882202148,4.85312557220459,3.4291388988494873,48.77910614013672,8.032770156860352,13.693791389465332,6.88375186920166,app,72.32191467285156
celery\t\unit\backends\test_cassandra.py,78.75993347167969,93.763427734375,34.30845642089844,25.125051498413086,23.397132873535156,8.500420570373535,45.137672424316406,22.787338256835938,26.614849090576172,23.23554039001465,backends,93.763427734375
celery\t\smoke\tests\failover\__init__.py,2.1747262477874756,0.17289286851882935,3.874882936477661,0.0,4.39747953414917,1.0009167194366455,1.0009167194366455,1.0009167194366455,1.538560390472412,1.5234295129776,contrib,4.39747953414917
celery\t\smoke\tests\__init__.py,2.1749229431152344,0.1730874627828598,3.8758676052093506,0.0,4.399052143096924,1.000917673110962,1.000917673110962,1.000917673110962,1.5391665697097778,1.52401864528656,contrib,4.399052143096924
celery\t\unit\conftest.py,100.94715881347656,81.3499755859375,186.8096466064453,29.84620475769043,28.018722534179688,12.736237525939941,71.31354522705078,19.053537368774414,44.76009750366211,122.16352081298828,bin,186.8096466064453
celery\celery\utils\collections.py,62.02939224243164,12.701462745666504,106.43265533447266,8.07509994506836,11.386322021484375,7.760074615478516,9.163448333740234,9.181702613830566,71.7115249633789,12.013134956359863,bin,106.43265533447266
celery\examples\eventlet\webcrawler.py,46.66606521606445,10.141664505004883,8.441073417663574,9.015166282653809,2.720608949661255,1.000832438468933,7.199967384338379,3.208974599838257,39.230506896972656,8.49748420715332,app,46.66606521606445
celery\t\unit\app\test_log.py,84.02295684814453,14.058194160461426,42.50718688964844,22.405391693115234,21.004690170288086,11.3812894821167,52.192481994628906,15.35258674621582,128.44212341308594,74.69192504882812,utils,128.44212341308594
celery\celery\exceptions.py,10.29810905456543,51.16923522949219,14.0956449508667,8.182199478149414,4.395430088043213,1.0008925199508667,7.164717197418213,46.76609802246094,7.068756103515625,50.77448654174805,backends,51.16923522949219
celery\t\integration\test_backend.py,58.825347900390625,52.07097625732422,8.972521781921387,4.2115960121154785,12.550436973571777,8.175909042358398,4.311707496643066,4.83506441116333,5.070640563964844,6.133328914642334,app,58.825347900390625
celery\t\unit\utils\test_iso8601.py,5.03473424911499,3.855165481567383,4.887452125549316,0.7119640111923218,7.3282365798950195,3.3220694065093994,2.0686466693878174,3.678051471710205,78.79206085205078,7.714790344238281,utils,78.79206085205078
celery\t\unit\app\test_celery.py,54.133567810058594,1.5477402210235596,7.028789520263672,1.2451471090316772,7.060247421264648,1.001141905784607,3.386871337890625,1.6237155199050903,3.6134700775146484,2.246289014816284,app,54.133567810058594
celery\examples\celery_http_gateway\urls.py,46.92510223388672,4.155475616455078,8.114466667175293,3.4557251930236816,2.7209320068359375,1.8251259326934814,7.008714199066162,2.7290077209472656,26.481874465942383,6.190377712249756,app,46.92510223388672
celery\celery\worker\pidbox.py,65.03593444824219,8.853342056274414,32.97970962524414,12.390495300292969,54.83247375488281,1.6809444427490234,10.448444366455078,6.694744110107422,14.037857055664062,70.5569839477539,worker,70.5569839477539
celery\celery\app\defaults.py,79.87975311279297,88.01578521728516,69.74153900146484,83.84809112548828,51.685970306396484,7.951241493225098,20.101009368896484,133.17510986328125,26.33975601196289,97.99121856689453,security,133.17510986328125
celery\t\smoke\tests\test_signals.py,70.48786163330078,41.64142990112305,18.63184356689453,5.317030429840088,64.484375,1.001135230064392,15.997777938842773,3.311404228210449,7.8461456298828125,84.91062927246094,worker,84.91062927246094
celery\celery\worker\heartbeat.py,13.088189125061035,3.9990458488464355,17.554855346679688,5.0136942863464355,3.62778639793396,2.847018003463745,9.285916328430176,2.1620335578918457,11.541969299316406,81.85523223876953,worker,81.85523223876953
celery\celery\app\control.py,92.24684143066406,25.399938583374023,86.51766967773438,23.953983306884766,71.07512664794922,5.471288681030273,63.574493408203125,10.252364158630371,23.927181243896484,28.307132720947266,app,92.24684143066406
celery\examples\periodic-tasks\myapp.py,74.94998931884766,6.094015598297119,17.607135772705078,4.26038932800293,6.533877849578857,2.600682258605957,10.532193183898926,3.1317391395568848,7.209928512573242,27.29430389404297,app,74.94998931884766
celery\t\unit\apps\__init__.py,48.147090911865234,0.1730874627828598,3.1758406162261963,0.0,1.174005150794983,1.000917673110962,1.000917673110962,1.000917673110962,2.4874956607818604,1.174005150794983,app,48.147090911865234
celery\celery\backends\base.py,98.98403930664062,152.50111389160156,74.69514465332031,26.632570266723633,26.469465255737305,14.545639991760254,51.05982971191406,64.84416961669922,34.633697509765625,86.10794067382812,backends,152.50111389160156
celery\t\unit\concurrency\__init__.py,2.1749229431152344,0.1730874627828598,3.1758406162261963,103.69924926757812,1.174005150794983,1.000917673110962,1.000917673110962,1.000917673110962,1.174005150794983,1.174005150794983,concurrency,103.69924926757812
celery\t\smoke\__init__.py,2.1751198768615723,0.1732824742794037,3.1760387420654297,0.0,1.174201250076294,1.0009187459945679,1.0009187459945679,1.0009187459945679,1.174201250076294,1.174201250076294,bin,3.1760387420654297
celery\t\smoke\workers\__init__.py,2.1749229431152344,0.1730874627828598,9.873937606811523,0.0,1.174005150794983,1.000917673110962,2.6463043689727783,1.000917673110962,2.8193917274475098,63.69869613647461,worker,63.69869613647461
celery\celery\worker\autoscale.py,12.08106803894043,6.865896701812744,67.7391357421875,135.4944610595703,3.613957166671753,1.000869631767273,12.089334487915039,7.501579284667969,6.827996730804443,86.02373504638672,concurrency,135.4944610595703
celery\celery\concurrency\solo.py,47.131229400634766,3.7253715991973877,13.667542457580566,116.90251922607422,3.940646171569824,1.6903362274169922,8.075629234313965,3.1076574325561523,6.887279033660889,72.3539810180664,concurrency,116.90251922607422
celery\celery\backends\rpc.py,92.31172943115234,150.78167724609375,82.80492401123047,23.586519241333008,19.77914047241211,3.5346450805664062,14.110872268676758,18.778114318847656,19.618600845336914,23.57707405090332,backends,150.78167724609375
celery\celery\loaders\default.py,13.5288724899292,4.769662857055664,10.653908729553223,9.535293579101562,7.238758087158203,8.766169548034668,163.19879150390625,7.46059513092041,17.859216690063477,26.776443481445312,loaders,163.19879150390625
celery\t\unit\concurrency\test_thread.py,55.87388229370117,10.799762725830078,13.379014015197754,103.49201965332031,9.340126991271973,3.738945960998535,15.544825553894043,3.0008230209350586,11.960618019104004,8.862322807312012,concurrency,103.49201965332031
celery\t\smoke\operations\worker_kill.py,56.153690338134766,0.2890893220901489,12.260880470275879,0.0,59.383087158203125,4.562649250030518,7.045323371887207,1.000846266746521,5.718747138977051,105.51773834228516,worker,105.51773834228516
celery\celery\utils\threads.py,48.00444030761719,6.672491550445557,13.672250747680664,10.805672645568848,5.205117702484131,3.486170768737793,9.89366626739502,3.3767731189727783,86.49913024902344,8.848666191101074,utils,86.49913024902344
celery\t\unit\contrib\test_sphinx.py,69.53779602050781,7.408862590789795,36.08159255981445,18.096227645874023,112.67229461669922,6.289083003997803,14.465886116027832,6.714829444885254,18.60426902770996,13.200493812561035,contrib,112.67229461669922
celery\celery\utils\time.py,32.27787399291992,17.94371795654297,55.5212516784668,11.117755889892578,9.815457344055176,9.373461723327637,12.049994468688965,8.80553150177002,107.2805404663086,15.064807891845703,utils,107.2805404663086
celery\examples\resultgraph\tasks.py,56.159690856933594,60.7142219543457,18.995006561279297,7.627678394317627,11.475435256958008,1.0007754564285278,10.246543884277344,6.492561340332031,37.355918884277344,13.88974380493164,backends,60.7142219543457
celery\celery\backends\azureblockblob.py,53.10374450683594,106.66011810302734,7.456247329711914,1.6263322830200195,4.342135429382324,3.173565626144409,4.32987117767334,4.147642135620117,6.922642707824707,4.547073841094971,backends,106.66011810302734
celery\examples\stamping\config.py,53.349937438964844,46.29572677612305,5.191177845001221,0.0,2.7703053951263428,1.0010359287261963,1.5138821601867676,1.0010359287261963,3.920712471008301,20.489192962646484,app,53.349937438964844
celery\celery\utils\static\__init__.py,6.385058403015137,0.16965071856975555,7.5334625244140625,1.7707641124725342,2.5693016052246094,4.478085994720459,3.6619014739990234,2.399650812149048,90.68289184570312,3.1961445808410645,utils,90.68289184570312
celery\celery\contrib\testing\app.py,83.70262908935547,62.02351379394531,17.021257400512695,2.003584146499634,97.14571380615234,1.0010722875595093,10.07811450958252,1.3480346202850342,33.92148971557617,100.68302154541016,worker,100.68302154541016
celery\examples\next-steps\setup.py,42.09526443481445,7.50073766708374,57.36896514892578,10.44882869720459,15.240483283996582,4.419891834259033,7.4221625328063965,3.1787092685699463,8.596342086791992,13.830686569213867,bin,57.36896514892578
celery\examples\django\proj\__init__.py,53.5960693359375,0.4854852855205536,3.175814628601074,0.667595386505127,4.221500396728516,4.048801422119141,1.001038670539856,1.001038670539856,2.6429171562194824,1.1737374067306519,app,53.5960693359375
celery\examples\next-steps\proj\__init__.py,2.1747262477874756,0.17289286851882935,3.540393590927124,0.6683458685874939,1.75650954246521,1.0009167194366455,1.0009167194366455,1.0009167194366455,1.7209358215332031,1.17380952835083,bin,3.540393590927124
celery\t\integration\test_loader.py,75.77973175048828,8.378092765808105,17.22289276123047,15.681171417236328,19.27082061767578,6.423679828643799,76.02925872802734,6.686069488525391,16.62853240966797,19.8195858001709,loaders,76.02925872802734
celery\t\unit\backends\test_couchdb.py,78.87065887451172,154.00079345703125,23.984664916992188,14.589714050292969,16.516592025756836,8.492563247680664,90.53526306152344,7.280521869659424,21.442398071289062,22.834049224853516,backends,154.00079345703125
celery\t\unit\app\test_registry.py,74.00647735595703,13.684764862060547,36.29924011230469,12.705436706542969,14.483877182006836,3.179391860961914,14.312483787536621,6.414179801940918,13.664200782775879,15.48742389678955,app,74.00647735595703
celery\t\unit\utils\test_objects.py,4.984551906585693,0.8958882689476013,26.97159194946289,1.764111042022705,5.013650894165039,1.000901460647583,2.0312371253967285,1.3443467617034912,86.76640319824219,1.896789789199829,utils,86.76640319824219
celery\examples\stamping\examples.py,40.478546142578125,3.4769701957702637,8.058255195617676,4.863457202911377,2.2931363582611084,1.000787377357483,6.8366379737854,2.7392725944519043,2.621182680130005,5.80061674118042,app,40.478546142578125
celery\examples\next-steps\proj\celery.py,65.01372528076172,51.38045883178711,13.65158462524414,3.640944719314575,5.358173847198486,2.6283466815948486,8.46103572845459,2.4284934997558594,7.4813008308410645,25.678075790405273,app,65.01372528076172
celery\celery\backends\consul.py,14.45947265625,82.41657257080078,10.646184921264648,7.284040927886963,7.949621677398682,8.950798988342285,3.2059240341186523,6.877162456512451,4.29633092880249,5.9741668701171875,backends,82.41657257080078
celery\celery\backends\filesystem.py,66.50623321533203,120.84563446044922,36.82403564453125,6.9283013343811035,12.321328163146973,6.631628036499023,9.289525985717773,8.023900985717773,19.094970703125,9.722037315368652,backends,120.84563446044922
celery\celery\utils\nodenames.py,7.928402900695801,9.27499008178711,31.240087509155273,0.7070935368537903,4.381557941436768,1.0009949207305908,3.991032123565674,6.347182750701904,83.01668548583984,75.45601654052734,utils,83.01668548583984
celery\celery\bootsteps.py,62.65910720825195,10.065201759338379,75.4114990234375,14.13991928100586,9.499502182006836,5.900190830230713,13.90652084350586,4.9224772453308105,22.865224838256836,94.12223052978516,worker,94.12223052978516
celery\t\smoke\tests\stamping\test_revoke.py,64.08946990966797,46.498043060302734,18.86919403076172,3.656740188598633,52.8839111328125,1.0011428594589233,61.583499908447266,2.8295130729675293,10.25005054473877,86.38813018798828,worker,86.38813018798828
celery\celery\contrib\testing\tasks.py,7.319441795349121,4.02578592300415,10.860243797302246,4.6896538734436035,103.8755874633789,1.0010849237442017,7.039763927459717,3.0139780044555664,4.031493186950684,8.331250190734863,contrib,103.8755874633789
celery\t\unit\utils\test_timer2.py,13.219033241271973,6.115324974060059,18.579214096069336,7.240602493286133,6.5875444412231445,3.742112398147583,6.875074863433838,2.5481925010681152,96.1797866821289,5.56133508682251,utils,96.1797866821289
celery\t\unit\worker\test_autoscale.py,70.50255584716797,17.2708797454834,74.01432037353516,135.00636291503906,14.071409225463867,3.7440719604492188,20.876720428466797,14.268978118896484,18.421632766723633,99.57652282714844,concurrency,135.00636291503906
celery\celery\events\dumper.py,71.10475158691406,7.162909507751465,24.232070922851562,9.093456268310547,7.340043067932129,6.2741923332214355,18.0612735748291,5.957883834838867,20.967252731323242,82.13941955566406,worker,82.13941955566406
celery\celery\utils\timer2.py,58.308013916015625,7.167659282684326,20.865617752075195,10.873252868652344,6.475641250610352,3.0503525733947754,9.481165885925293,3.6375813484191895,87.57868194580078,9.140644073486328,utils,87.57868194580078
celery\celery\bin\__init__.py,2.175363779067993,0.1732824742794037,99.4734115600586,0.0,1.1743230819702148,1.0010405778884888,1.3592199087142944,1.0010405778884888,1.5325024127960205,1.1743230819702148,bin,99.4734115600586
celery\t\unit\security\case.py,3.0497307777404785,2.430075168609619,3.2924561500549316,0.5794430375099182,3.7742433547973633,1.0009115934371948,2.8700761795043945,127.71402740478516,1.0009115934371948,2.0488193035125732,security,127.71402740478516
celery\t\smoke\tests\stamping\conftest.py,11.251252174377441,3.6358509063720703,16.473115921020508,3.0534908771514893,10.774528503417969,1.0011048316955566,8.044756889343262,2.527850389480591,4.2545881271362305,99.68684387207031,worker,99.68684387207031
celery\t\smoke\tests\stamping\test_visitor.py,12.431473731994629,12.02773666381836,15.105181694030762,4.421955108642578,9.223677635192871,1.0008125305175781,48.4372673034668,5.083844184875488,6.390511512756348,81.18004608154297,worker,81.18004608154297
celery\celery\worker\consumer\control.py,59.41150665283203,6.487321376800537,40.19418716430664,9.817919731140137,66.56572723388672,1.7029132843017578,10.457487106323242,5.100606918334961,5.15314245223999,86.20578002929688,worker,86.20578002929688
celery\examples\pydantic\tasks.py,71.34275817871094,6.077957630157471,12.061997413635254,4.105269432067871,5.558778285980225,1.0010217428207397,7.659461975097656,3.0536563396453857,3.528433322906494,26.368087768554688,app,71.34275817871094
celery\celery\concurrency\__init__.py,6.820895195007324,8.918686866760254,13.908252716064453,147.07321166992188,1.6503615379333496,1.001150131225586,6.730470180511475,3.957780361175537,8.354606628417969,73.63530731201172,concurrency,147.07321166992188
celery\t\unit\app\test_loaders.py,92.05748748779297,117.51561737060547,80.307373046875,24.676658630371094,25.465944290161133,12.555355072021484,198.48744201660156,13.851536750793457,37.439231872558594,105.73821258544922,loaders,198.48744201660156
celery\celery\worker\consumer\agent.py,53.55352020263672,0.4952639043331146,8.633811950683594,0.0,2.2228336334228516,1.001019835472107,2.861635446548462,1.001019835472107,4.508360385894775,75.33319854736328,worker,75.33319854736328
celery\t\unit\bin\test_worker.py,82.2745132446289,23.33909797668457,137.36476135253906,98.96131134033203,14.314990997314453,9.410820007324219,16.77313232421875,6.746297836303711,10.539741516113281,97.0738296508789,bin,137.36476135253906
celery\celery\contrib\rdb.py,19.61665153503418,6.613117218017578,81.67670440673828,6.281416893005371,92.22282409667969,4.343052387237549,9.806729316711426,3.2620434761047363,7.941656112670898,11.744071006774902,contrib,92.22282409667969
celery\t\unit\utils\test_saferepr.py,10.677587509155273,16.18961524963379,77.12718963623047,3.630180835723877,10.979436874389648,2.0097687244415283,4.835912227630615,5.363261699676514,74.02932739257812,4.885052680969238,bin,77.12718963623047
celery\t\unit\app\test_routes.py,84.31767272949219,11.426799774169922,68.9134292602539,9.296303749084473,13.279768943786621,1.2633363008499146,10.316778182983398,7.048610687255859,8.126725196838379,10.506185531616211,app,84.31767272949219
celery\celery\app\registry.py,78.42433166503906,11.10669231414795,19.033933639526367,16.44134521484375,10.61428165435791,12.873602867126465,12.793951034545898,7.702662467956543,12.529196739196777,18.10193634033203,app,78.42433166503906
celery\t\smoke\operations\worker_restart.py,55.4718017578125,0.29029443860054016,11.891955375671387,6.629799842834473,46.42701721191406,3.8198130130767822,4.355675220489502,1.0008498430252075,5.0207366943359375,107.3369140625,worker,107.3369140625
celery\t\unit\bin\proj\app.py,58.969032287597656,0.8564857244491577,102.58031463623047,3.83079195022583,6.65435266494751,2.974313497543335,3.118184804916382,1.0010319948196411,4.913055896759033,68.03850555419922,bin,102.58031463623047
celery\t\unit\tasks\test_canvas.py,93.74755859375,54.649993896484375,141.8219451904297,12.495636940002441,32.165283203125,9.319085121154785,46.1034049987793,10.438004493713379,35.14363098144531,25.43548011779785,bin,141.8219451904297
celery\t\smoke\workers\latest.py,61.61927032470703,0.6980013847351074,31.006223678588867,0.3443380296230316,10.736512184143066,8.725171089172363,5.084474086761475,1.5778157711029053,9.393357276916504,122.468017578125,worker,122.468017578125
celery\celery\__init__.py,82.39231872558594,15.758881568908691,49.93602752685547,138.76388549804688,9.195818901062012,7.4893317222595215,17.4296817779541,7.542257308959961,97.00727844238281,18.967144012451172,concurrency,138.76388549804688
celery\celery\concurrency\prefork.py,81.15831756591797,15.340982437133789,30.888620376586914,126.49855041503906,10.252357482910156,8.320541381835938,72.00061798095703,12.170963287353516,27.43679428100586,104.70808410644531,concurrency,126.49855041503906
celery\celery\utils\quorum_queues.py,61.34181594848633,1.869277834892273,10.781856536865234,2.2555360794067383,2.8600220680236816,1.0010179281234741,1.5736873149871826,1.0010179281234741,87.49150085449219,22.7624568939209,utils,87.49150085449219
celery\celery\concurrency\thread.py,55.14118194580078,7.80025577545166,14.512131690979004,123.14119720458984,1.956980586051941,1.5654323101043701,8.903915405273438,3.4108290672302246,11.911837577819824,67.63727569580078,concurrency,123.14119720458984
celery\celery\bin\beat.py,68.23887634277344,10.537752151489258,143.7342071533203,1.9340271949768066,16.589200973510742,8.40317440032959,16.69040870666504,2.638291835784912,15.197815895080566,24.679290771484375,bin,143.7342071533203
celery\examples\stamping\myapp.py,57.20502853393555,5.407108306884766,11.458191871643066,3.6466739177703857,2.1254632472991943,2.5863075256347656,60.751888275146484,4.610373497009277,6.699790000915527,7.985588073730469,loaders,60.751888275146484
celery\t\unit\bin\celery.py,2.002079963684082,0.0,99.23114013671875,0.0,1.001039981842041,1.001039981842041,1.358816146850586,1.001039981842041,1.358816146850586,1.001039981842041,bin,99.23114013671875
celery\celery\security\serialization.py,48.749752044677734,6.714466094970703,11.098285675048828,7.213748455047607,6.234230041503906,4.641470432281494,35.591224670410156,160.97860717773438,13.577285766601562,7.840879917144775,security,160.97860717773438
celery\celery\apps\beat.py,82.83365631103516,4.75515604019165,17.750564575195312,6.1802144050598145,4.009440898895264,5.831450939178467,70.82779693603516,5.688140869140625,20.641849517822266,75.7173843383789,app,82.83365631103516
celery\t\unit\events\test_events.py,93.6499252319336,20.976503372192383,65.5756607055664,13.998425483703613,14.087894439697266,3.9375922679901123,29.490751266479492,13.46576976776123,30.847110748291016,79.1297378540039,app,93.6499252319336
celery\celery\utils\serialization.py,56.998538970947266,8.756723403930664,33.35837936401367,16.583568572998047,10.280232429504395,8.664405822753906,52.675079345703125,17.38616180419922,92.7580337524414,13.41776180267334,utils,92.7580337524414
celery\celery\utils\abstract.py,68.49907684326172,4.7934417724609375,8.812958717346191,3.5874733924865723,4.766793727874756,1.9161936044692993,5.514285087585449,2.9004404544830322,85.97494506835938,6.370048522949219,utils,85.97494506835938
celery\t\smoke\tests\quorum_queues\test_quorum_queues.py,64.99048614501953,9.33459758758545,20.219362258911133,1.3120242357254028,10.631644248962402,4.729483127593994,11.493500709533691,1.7570745944976807,8.366907119750977,106.37763214111328,worker,106.37763214111328
celery\celery\backends\mongodb.py,69.09373474121094,135.86947631835938,96.60171508789062,15.099483489990234,12.528120994567871,4.7032151222229,12.886616706848145,6.373032093048096,12.937634468078613,79.58743286132812,backends,135.86947631835938
celery\celery\worker\consumer\delayed_delivery.py,72.72756958007812,15.895241737365723,111.65115356445312,8.53299331665039,10.373536109924316,7.5829644203186035,16.868375778198242,7.009194374084473,45.099544525146484,96.09910583496094,bin,111.65115356445312
celery\t\unit\fixups\test_django.py,103.2488784790039,43.92182922363281,45.60722351074219,121.63131713867188,90.48243713378906,274.30322265625,61.07223129272461,13.430668830871582,86.20645904541016,111.18750762939453,fixups,274.30322265625
celery\t\unit\__init__.py,2.1751198768615723,0.1732824742794037,3.1760387420654297,0.0,1.174201250076294,1.0009187459945679,1.0009187459945679,1.0009187459945679,1.174201250076294,1.174201250076294,bin,3.1760387420654297
celery\celery\bin\logtool.py,19.86528968811035,19.21714210510254,123.47066497802734,8.21784782409668,9.051420211791992,7.904032230377197,15.375107765197754,6.797901630401611,12.315817832946777,12.62698745727539,bin,123.47066497802734
celery\t\smoke\tests\failover\test_broker_failover.py,50.872982025146484,12.438974380493164,16.5815486907959,1.4934637546539307,13.48287296295166,9.036478042602539,6.997997283935547,1.7504273653030396,12.061800003051758,103.75104522705078,worker,103.75104522705078
celery\t\unit\backends\test_asynchronous.py,75.072265625,146.59974670410156,42.4141960144043,18.61802101135254,16.230138778686523,10.10780143737793,17.17060661315918,6.726378440856934,90.19710540771484,32.30146789550781,backends,146.59974670410156
celery\t\unit\app\test_preload_cli.py,62.03680419921875,11.264293670654297,174.4388885498047,3.6452765464782715,10.857488632202148,1.0010954141616821,4.539769172668457,2.310826063156128,6.049169540405273,5.209609031677246,bin,174.4388885498047
celery\t\unit\bin\proj\scheduler.py,3.3262455463409424,1.4307531118392944,99.17819213867188,4.222761154174805,1.0009125471115112,1.0009125471115112,2.2268240451812744,2.0352871417999268,1.599016547203064,3.069661855697632,bin,99.17819213867188
celery\t\unit\app\test_app.py,141.0108184814453,115.11381530761719,174.47174072265625,41.03297805786133,40.64133071899414,144.33963012695312,83.89143371582031,113.49226379394531,106.84818267822266,145.08331298828125,bin,174.47174072265625
celery\t\skip.py,2.654120683670044,2.727682113647461,5.959503650665283,3.103524923324585,8.372289657592773,1.0008964538574219,2.9577951431274414,4.156907558441162,1.9793035984039307,16.02829933166504,worker,16.02829933166504
celery\celery\events\state.py,71.64668273925781,25.267221450805664,70.35210418701172,20.053707122802734,17.088306427001953,8.719159126281738,29.03801155090332,12.284635543823242,23.807886123657227,135.40524291992188,worker,135.40524291992188
celery\celery\app\routes.py,59.906455993652344,5.77609920501709,14.271303176879883,3.8037643432617188,4.452765941619873,1.0008925199508667,6.62606954574585,2.7300801277160645,3.7332355976104736,5.539681911468506,app,59.906455993652344
celery\celery\backends\database\__init__.py,70.9011459350586,136.48550415039062,36.821537017822266,7.945104598999023,10.224149703979492,3.7974586486816406,13.457245826721191,5.354831218719482,16.26955795288086,20.746809005737305,backends,136.48550415039062
celery\celery\events\cursesmon.py,88.91928100585938,23.42011833190918,170.18063354492188,15.245591163635254,62.6602668762207,9.441319465637207,24.96224594116211,8.865796089172363,28.648849487304688,152.8848419189453,bin,170.18063354492188
celery\t\unit\backends\test_gcs.py,85.52181243896484,154.87228393554688,38.364566802978516,11.575950622558594,16.29766082763672,7.8939409255981445,13.629788398742676,9.309308052062988,19.357168197631836,25.56119155883789,backends,154.87228393554688
celery\t\unit\worker\test_heartbeat.py,45.55666732788086,7.805463790893555,41.623592376708984,5.606889247894287,9.256693840026855,4.036015033721924,9.254497528076172,8.329689025878906,14.048036575317383,81.71529388427734,worker,81.71529388427734
celery\examples\eventlet\tasks.py,7.1450629234313965,8.065171241760254,11.771500587463379,7.369558334350586,4.401791095733643,1.000888705253601,6.966709613800049,2.9894955158233643,6.724722862243652,9.213349342346191,bin,11.771500587463379
celery\t\__init__.py,2.1753175258636475,0.1734779328107834,3.1762373447418213,0.0,1.1743977069854736,1.0009198188781738,1.0009198188781738,1.0009198188781738,1.1743977069854736,1.1743977069854736,bin,3.1762373447418213
celery\celery\utils\sysinfo.py,4.187656879425049,11.775476455688477,5.941607475280762,0.0,1.7408623695373535,1.0009828805923462,1.0009828805923462,1.0009828805923462,82.43340301513672,2.3338804244995117,utils,82.43340301513672
celery\celery\__main__.py,2.0020639896392822,0.5547391176223755,5.334214687347412,102.82379150390625,1.0010319948196411,2.2736849784851074,3.332150459289551,1.3818386793136597,4.598451137542725,1.0010319948196411,concurrency,102.82379150390625
celery\celery\bin\upgrade.py,55.997562408447266,4.037032604217529,140.02122497558594,8.869552612304688,13.610861778259277,18.925077438354492,13.885659217834473,9.211545944213867,21.237430572509766,7.1723432540893555,bin,140.02122497558594
celery\celery\security\utils.py,2.0020344257354736,2.5835185050964355,4.0030517578125,0.0,1.0010172128677368,1.0010172128677368,1.0010172128677368,135.52976989746094,85.17000579833984,1.0010172128677368,security,135.52976989746094
celery\t\unit\utils\test_platforms.py,80.01368713378906,13.247310638427734,83.98892211914062,18.83124351501465,24.750091552734375,12.573447227478027,14.477258682250977,57.78919982910156,106.86255645751953,49.86735916137695,utils,106.86255645751953
celery\t\smoke\tests\test_tasks.py,78.30801391601562,18.05355453491211,28.12271499633789,95.25653076171875,15.950782775878906,5.293312072753906,16.064071655273438,7.838136196136475,18.167190551757812,90.04576873779297,concurrency,95.25653076171875
celery\celery\contrib\pytest.py,80.92025756835938,12.165287017822266,25.302734375,21.070510864257812,98.52311706542969,7.569121837615967,77.77855682373047,6.638757705688477,19.938600540161133,113.50416564941406,worker,113.50416564941406
celery\t\unit\utils\test_functional.py,56.052791595458984,7.489712238311768,121.07133483886719,7.092648983001709,13.692302703857422,6.030578136444092,7.780072212219238,4.619912624359131,69.13972473144531,7.102565765380859,bin,121.07133483886719
celery\t\smoke\tests\quorum_queues\test_native_delayed_delivery_binding.py,77.5553207397461,4.385711669921875,54.97830581665039,3.827430009841919,12.37518310546875,1.7238802909851074,10.706941604614258,5.825305938720703,6.528280735015869,108.56214141845703,worker,108.56214141845703
celery\t\smoke\tests\test_dedup_chain_dispatch.py,71.98614501953125,14.248157501220703,25.12222671508789,5.270082950592041,12.551018714904785,1.6212353706359863,11.203631401062012,3.9462292194366455,9.067312240600586,85.74595642089844,worker,85.74595642089844
celery\celery\contrib\testing\__init__.py,3.476827621459961,0.1730874627828598,3.1762073040008545,0.0,101.95548248291016,1.001039981842041,1.001039981842041,1.001039981842041,1.174127459526062,2.47578763961792,contrib,101.95548248291016
celery\t\smoke\tests\quorum_queues\conftest.py,64.96279907226562,4.205783843994141,106.98688507080078,7.493648052215576,15.238035202026367,8.506786346435547,11.430920600891113,5.674396991729736,12.308732032775879,149.59170532226562,worker,149.59170532226562
celery\t\unit\concurrency\test_solo.py,51.06306076049805,2.9253921508789062,15.414069175720215,106.51728057861328,5.715537071228027,1.7619686126708984,7.773943901062012,2.3586807250976562,5.139247417449951,78.35091400146484,concurrency,106.51728057861328
celery\examples\django\demoapp\views.py,2.001835346221924,0.0,3.0027530193328857,0.0,4.053289890289307,4.053289890289307,1.000917673110962,1.000917673110962,1.000917673110962,1.000917673110962,fixups,4.053289890289307
celery\examples\celery_http_gateway\tasks.py,6.027856349945068,4.02578592300415,9.555869102478027,4.02578592300415,3.592724323272705,1.0010353326797485,7.039714336395264,3.0139284133911133,1.0010353326797485,7.039714336395264,bin,9.555869102478027
celery\celery\security\key.py,4.391080856323242,47.98916244506836,7.2236809730529785,4.640676498413086,8.657354354858398,2.9072299003601074,3.239919900894165,142.48764038085938,10.046308517456055,3.3900833129882812,security,142.48764038085938
celery\t\smoke\tests\quorum_queues\test_native_delayed_delivery.py,101.93334197998047,26.356725692749023,37.901031494140625,37.146331787109375,22.71734619140625,8.412358283996582,24.343393325805664,12.50914192199707,13.124937057495117,116.75263977050781,worker,116.75263977050781
celery\celery\utils\term.py,27.219287872314453,9.73001766204834,28.58205223083496,12.89380168914795,12.957420349121094,6.910218715667725,4.231103897094727,7.196555137634277,83.92050170898438,5.928084373474121,utils,83.92050170898438
celery\celery\events\event.py,9.756272315979004,5.531024932861328,8.88410472869873,3.509472131729126,3.4833531379699707,2.8145864009857178,2.99522066116333,4.844473838806152,8.727178573608398,3.4833531379699707,app,9.756272315979004
celery\examples\django\demoapp\__init__.py,2.1749229431152344,0.1730874627828598,3.1758406162261963,0.0,4.226377010345459,4.053289890289307,1.000917673110962,1.000917673110962,1.174005150794983,1.174005150794983,contrib,4.226377010345459
celery\celery\concurrency\eventlet.py,65.25189208984375,11.60372543334961,21.777137756347656,122.68128967285156,8.158588409423828,6.944509983062744,15.441825866699219,8.012788772583008,20.955167770385742,13.678394317626953,concurrency,122.68128967285156
celery\celery\backends\cosmosdbsql.py,54.87213134765625,117.69855499267578,12.081348419189453,2.713646411895752,4.171825885772705,2.4126944541931152,6.413017749786377,4.0005974769592285,8.47962474822998,4.462402820587158,backends,117.69855499267578
celery\t\unit\concurrency\test_eventlet.py,69.049072265625,16.248817443847656,23.331340789794922,137.6239776611328,14.221968650817871,7.475788593292236,14.930293083190918,8.884249687194824,20.72740364074707,15.221108436584473,concurrency,137.6239776611328
celery\extra\release\attribution.py,6.702134609222412,0.0,32.55770492553711,0.0,1.5619657039642334,4.352224349975586,2.9989235401153564,1.0008533000946045,6.052402019500732,1.0008533000946045,bin,32.55770492553711
celery\celery\bin\multi.py,28.869033813476562,11.401581764221191,159.23391723632812,9.948400497436523,11.687089920043945,10.325284957885742,12.593372344970703,5.363901615142822,55.886680603027344,10.885376930236816,bin,159.23391723632812
celery\examples\eventlet\bulk_task_producer.py,67.9322280883789,11.628920555114746,9.375716209411621,8.031668663024902,3.4320175647735596,1.7091655731201172,6.678053855895996,2.7016403675079346,6.101144313812256,5.4578962326049805,app,67.9322280883789
celery\t\unit\utils\test_graph.py,57.700233459472656,4.159187316894531,8.234000205993652,1.6074638366699219,5.857059955596924,1.000787377357483,2.658003568649292,2.372610092163086,88.84815216064453,24.15166473388672,utils,88.84815216064453
celery\celery\bin\migrate.py,15.20676326751709,9.694252014160156,129.01760864257812,6.991854667663574,20.273923873901367,3.514878988265991,12.424407005310059,12.286240577697754,34.82326126098633,29.638648986816406,bin,129.01760864257812
celery\celery\worker\consumer\mingle.py,70.41078186035156,8.928754806518555,20.536352157592773,9.381806373596191,40.75011444091797,2.6106574535369873,7.460750102996826,7.25395393371582,14.434852600097656,74.57884216308594,worker,74.57884216308594
celery\t\unit\tasks\test_trace.py,93.08478546142578,79.70320129394531,92.90847778320312,12.07606315612793,18.784042358398438,4.659723281860352,48.84456253051758,7.547210216522217,21.556537628173828,107.51703643798828,worker,107.51703643798828
celery\celery\utils\iso8601.py,3.748192071914673,1.4827120304107666,4.750918865203857,0.0,1.2142597436904907,1.0009419918060303,1.4544183015823364,1.0009419918060303,80.6019515991211,1.6645984649658203,utils,80.6019515991211
celery\celery\loaders\__init__.py,55.57546615600586,0.6727729439735413,3.57002592086792,0.0,1.1701973676681519,1.0011062622070312,171.36224365234375,1.0011062622070312,7.960270404815674,1.1701973676681519,loaders,171.36224365234375
celery\t\unit\events\test_state.py,65.87625122070312,19.747867584228516,96.1666030883789,17.147668838500977,18.519250869750977,5.913071632385254,38.96745300292969,10.451478004455566,51.56209945678711,166.0160675048828,worker,166.0160675048828
celery\celery\backends\asynchronous.py,80.6737289428711,131.7620849609375,38.737361907958984,20.014827728271484,9.828250885009766,7.8980488777160645,20.383211135864258,11.67647933959961,55.40909194946289,20.002532958984375,backends,131.7620849609375
celery\t\unit\worker\test_strategy.py,83.29033660888672,13.55220890045166,52.677467346191406,9.78444766998291,14.633294105529785,3.361645460128784,68.54771423339844,11.012066841125488,21.349285125732422,88.29227447509766,worker,88.29227447509766
celery\t\integration\test_database_backend.py,69.48018646240234,117.63514709472656,40.22666549682617,13.927882194519043,15.791929244995117,8.08258056640625,10.4625244140625,5.182404518127441,12.537398338317871,12.069130897521973,backends,117.63514709472656
celery\celery\bin\worker.py,85.52729034423828,27.070802688598633,180.54855346679688,130.93850708007812,25.805429458618164,11.38493537902832,28.984567642211914,48.31145477294922,37.492454528808594,165.9181365966797,bin,180.54855346679688
celery\examples\django\demoapp\tasks.py,16.019865036010742,8.610413551330566,91.2015151977539,8.449808120727539,10.429943084716797,3.877875804901123,8.7584228515625,4.34204626083374,5.654907703399658,10.247040748596191,bin,91.2015151977539
celery\t\smoke\tests\stamping\tasks.py,8.901215553283691,5.438695430755615,92.57542419433594,4.784674644470215,9.350153923034668,1.0008641481399536,10.531149864196777,3.3932015895843506,7.090386867523193,82.5577163696289,bin,92.57542419433594
celery\celery\contrib\testing\mocks.py,60.56435775756836,6.876170635223389,11.710798263549805,4.120809078216553,90.63055419921875,1.000900387763977,53.29661560058594,8.002786636352539,6.888472080230713,6.459239482879639,contrib,90.63055419921875
celery\examples\app\myapp.py,70.84536743164062,5.140469551086426,11.730310440063477,3.3038346767425537,4.751524448394775,2.626506805419922,9.132097244262695,2.6529428958892822,6.186316013336182,25.36830711364746,app,70.84536743164062
celery\t\unit\security\test_certificate.py,11.869972229003906,3.2219111919403076,28.541521072387695,3.850583076477051,10.11923599243164,3.0468826293945312,5.091526985168457,132.74087524414062,8.736607551574707,4.044698715209961,security,132.74087524414062
celery\celery\contrib\django\task.py,47.6948356628418,3.302196979522705,5.630818843841553,3.302196979522705,102.24274444580078,3.9994189739227295,5.954319953918457,2.652122735977173,3.623183488845825,6.058971881866455,contrib,102.24274444580078
celery\t\unit\app\test_schedules.py,74.58861541748047,11.877259254455566,61.67905807495117,16.353374481201172,14.818509101867676,5.307002067565918,24.31804084777832,6.82200813293457,11.963814735412598,16.56670570373535,app,74.58861541748047
celery\celery\bin\events.py,71.04074096679688,7.035653591156006,139.07936096191406,11.996294021606445,11.404729843139648,5.770519733428955,14.031940460205078,5.653829097747803,21.000303268432617,31.938720703125,bin,139.07936096191406
celery\t\unit\contrib\proj\foo.py,60.32080078125,3.839155912399292,46.2368049621582,4.86015510559082,100.46443939208984,1.0010340213775635,5.972906112670898,2.658324718475342,5.486854076385498,6.268543720245361,contrib,100.46443939208984
celery\t\integration\test_inspect.py,83.18016052246094,44.98578643798828,70.31661224365234,96.1476821899414,50.862030029296875,5.583903789520264,15.436397552490234,11.533458709716797,12.268396377563477,107.40946960449219,worker,107.40946960449219
celery\examples\security\mysecureapp.py,63.87537384033203,56.630096435546875,20.226768493652344,6.305830478668213,6.295008182525635,3.5904719829559326,11.88496208190918,157.37408447265625,12.012236595153809,95.99022674560547,security,157.37408447265625
celery\t\smoke\tests\stamping\workers\__init__.py,2.174530029296875,0.1726987361907959,10.563692092895508,0.0,4.395910263061523,1.0009156465530396,2.644852876663208,1.0009156465530396,3.1818928718566895,63.992454528808594,worker,63.992454528808594
celery\t\integration\conftest.py,77.91521453857422,70.36176300048828,43.057498931884766,21.733278274536133,20.805442810058594,9.919103622436523,19.238447189331055,12.489139556884766,47.23874282836914,109.76768493652344,worker,109.76768493652344
celery\t\unit\app\test_trace.py,57.60855484008789,5.854422569274902,6.584875106811523,4.784454822540283,9.657151222229004,1.3699156045913696,4.523556709289551,2.9481637477874756,35.31657028198242,10.542567253112793,app,57.60855484008789
celery\t\smoke\operations\__init__.py,2.1749229431152344,0.1730874627828598,3.1758406162261963,0.0,1.174005150794983,1.000917673110962,1.000917673110962,1.000917673110962,1.174005150794983,1.174005150794983,bin,3.1758406162261963
celery\celery\utils\imports.py,76.56107330322266,10.904136657714844,64.13931274414062,17.353200912475586,23.549739837646484,10.089869499206543,21.268535614013672,8.691099166870117,101.57919311523438,16.872438430786133,utils,101.57919311523438
celery\celery\apps\__init__.py,48.15989685058594,0.1732824742794037,3.1764042377471924,0.0,1.1743230819702148,1.0010405778884888,1.0010405778884888,1.0010405778884888,2.4881668090820312,1.1743230819702148,app,48.15989685058594
celery\examples\celery_http_gateway\__init__.py,2.174971342086792,0.17289286851882935,3.1760106086730957,0.0,1.1739321947097778,1.0010392665863037,1.0010392665863037,1.0010392665863037,1.1739321947097778,1.1739321947097778,bin,3.1760106086730957
celery\t\unit\concurrency\test_pool.py,47.86763000488281,6.183576583862305,7.985762119293213,106.41791534423828,8.791728019714355,2.2614567279815674,6.523519039154053,3.509434223175049,5.609166622161865,6.370330333709717,concurrency,106.41791534423828
celery\t\unit\bin\proj\pyramid_celery_app.py,74.26561737060547,3.2027206420898438,136.15538024902344,5.896024703979492,12.219367027282715,10.253422737121582,11.927366256713867,3.884242534637451,12.16146469116211,68.28901672363281,bin,136.15538024902344
celery\t\unit\backends\test_azureblockblob.py,72.3545150756836,128.03086853027344,30.228313446044922,10.771111488342285,16.447139739990234,7.529452800750732,9.05215072631836,11.535701751708984,17.415584564208984,27.07685089111328,backends,128.03086853027344
celery\t\unit\app\test_defaults.py,77.71792602539062,8.508956909179688,38.405765533447266,14.361217498779297,15.286863327026367,6.322843551635742,14.057466506958008,10.903270721435547,16.5635929107666,29.715620040893555,app,77.71792602539062
celery\examples\quorum-queues\declare_queue.py,10.460426330566406,1.4533970355987549,82.13288116455078,0.0,2.1145451068878174,1.0008848905563354,1.0008848905563354,1.6538631916046143,1.38698410987854,1.5520788431167603,bin,82.13288116455078
celery\celery\loaders\app.py,53.42337417602539,0.3127865493297577,3.0031158924102783,0.0,1.001038670539856,1.001038670539856,96.99884033203125,1.001038670539856,5.2130126953125,1.001038670539856,loaders,96.99884033203125
celery\celery\local.py,86.34481048583984,22.90118980407715,79.88865661621094,22.765369415283203,18.833059310913086,10.3695650100708,24.753671646118164,15.31364631652832,26.643695831298828,25.494001388549805,app,86.34481048583984
celery\t\unit\backends\__init__.py,2.1749229431152344,81.74732208251953,3.1758406162261963,0.0,1.174005150794983,1.000917673110962,1.000917673110962,1.000917673110962,3.2777817249298096,1.174005150794983,backends,81.74732208251953
celery\t\unit\app\test_utils.py,65.27306365966797,6.569517135620117,33.14415740966797,5.422670364379883,9.235519409179688,3.1008477210998535,10.49945068359375,10.657999992370605,85.75918579101562,8.396546363830566,utils,85.75918579101562
celery\t\unit\utils\test_term.py,19.988121032714844,19.596723556518555,69.72142791748047,12.697161674499512,19.689361572265625,6.919764041900635,6.854498863220215,7.997387886047363,87.29136657714844,8.245333671569824,utils,87.29136657714844
celery\celery\utils\dispatch\signal.py,48.832279205322266,15.863102912902832,42.79167175292969,7.568973541259766,6.995059490203857,4.148252010345459,7.091006278991699,4.735835075378418,79.9501953125,9.335532188415527,utils,79.9501953125
celery\examples\django\proj\urls.py,2.001833438873291,0.7390822768211365,3.0027499198913574,0.6683458685874939,4.050981044769287,4.050981044769287,1.0009167194366455,1.0009167194366455,26.377506256103516,1.0009167194366455,utils,26.377506256103516
celery\t\unit\utils\test_deprecated.py,3.142512798309326,2.420581340789795,6.030001163482666,2.2436435222625732,8.055248260498047,1.0009597539901733,2.73254656791687,1.3529484272003174,90.9109878540039,2.3237457275390625,utils,90.9109878540039
celery\celery\concurrency\gevent.py,60.14273452758789,6.762800216674805,16.587722778320312,96.8653793334961,3.0848593711853027,2.6788711547851562,9.327119827270508,3.196946144104004,8.507719039916992,6.532893657684326,concurrency,96.8653793334961
celery\celery\backends\elasticsearch.py,60.06649398803711,128.9518585205078,13.054156303405762,43.13599395751953,7.491513729095459,2.882091522216797,5.459523677825928,12.959644317626953,13.77770709991455,11.200578689575195,backends,128.9518585205078
celery\celery\worker\consumer\__init__.py,11.342031478881836,4.11076545715332,18.052692413330078,4.8895111083984375,49.435462951660156,2.074188470840454,8.140275955200195,3.5073182582855225,7.5105390548706055,76.62788391113281,worker,76.62788391113281
celery\celery\worker\consumer\heart.py,7.007579803466797,1.5549752712249756,18.019153594970703,3.361786127090454,3.0442657470703125,3.067922592163086,7.233585834503174,2.366016387939453,12.120084762573242,75.8761215209961,worker,75.8761215209961
celery\t\smoke\tests\stamping\test_hybrid_cluster.py,55.15983963012695,13.633843421936035,27.503999710083008,6.622465133666992,13.396352767944336,3.3311502933502197,50.007381439208984,7.441018104553223,11.098468780517578,113.07477569580078,worker,113.07477569580078
celery\t\unit\worker\test_native_delayed_delivery.py,90.12317657470703,30.823163986206055,129.35874938964844,9.844023704528809,19.499656677246094,8.735426902770996,20.7886905670166,14.365447998046875,58.64453887939453,109.60542297363281,bin,129.35874938964844
celery\t\smoke\tests\stamping\workers\legacy.py,61.61927032470703,0.6980013847351074,16.54051399230957,0.3443380296230316,9.4896240234375,8.725171089172363,5.084474086761475,1.5778157711029053,8.150932312011719,122.49333953857422,worker,122.49333953857422
celery\t\smoke\tests\stamping\signals.py,6.444531440734863,4.779653072357178,9.275794982910156,3.64904522895813,5.295360565185547,1.0008753538131714,59.607635498046875,4.613248825073242,2.8419930934906006,7.695158004760742,loaders,59.607635498046875
celery\t\smoke\tests\quorum_queues\test_cycle_detection.py,48.63795471191406,16.14590835571289,22.089609146118164,4.079941749572754,8.169734954833984,1.0011109113693237,9.041467666625977,3.041081666946411,6.7266435623168945,79.28190612792969,worker,79.28190612792969
celery\celery\backends\couchbase.py,57.27061080932617,124.57001495361328,7.9979963302612305,5.039294719696045,13.924339294433594,1.0009334087371826,4.545454978942871,7.714876651763916,8.939306259155273,5.896819591522217,backends,124.57001495361328
celery\examples\stamping\tasks.py,63.14716720581055,6.885939121246338,96.5892105102539,5.0687665939331055,6.261295795440674,1.0007106065750122,62.86396789550781,3.38808012008667,5.0120978355407715,12.636106491088867,bin,96.5892105102539
celery\t\unit\utils\test_time.py,51.803688049316406,5.179381847381592,12.747697830200195,1.6010875701904297,10.565532684326172,3.883975028991699,6.682854175567627,3.3493385314941406,83.20556640625,8.482986450195312,utils,83.20556640625
celery\celery\bin\result.py,62.075782775878906,53.022850036621094,120.63826751708984,5.5654683113098145,8.268721580505371,2.285912036895752,10.385934829711914,4.426187515258789,7.6741461753845215,8.658003807067871,bin,120.63826751708984
celery\celery\utils\functional.py,67.28791809082031,14.36392879486084,63.93441390991211,15.096821784973145,14.42837142944336,9.650644302368164,6.54271125793457,11.72578239440918,84.74209594726562,11.006776809692383,utils,84.74209594726562
celery\celery\utils\log.py,23.910903930664062,12.516788482666016,22.049043655395508,12.827130317687988,6.594364166259766,3.889824151992798,60.419960021972656,8.955018997192383,124.853515625,77.00114440917969,utils,124.853515625
celery\celery\app\backends.py,62.11738586425781,175.61770629882812,9.258378982543945,8.246028900146484,16.42082977294922,6.888819694519043,68.21473693847656,5.653961658477783,17.890670776367188,7.776528835296631,backends,175.61770629882812
celery\t\unit\bin\proj\__init__.py,2.419450044631958,0.6626347303390503,99.51376342773438,0.6653540134429932,1.1731555461883545,1.0010366439819336,1.3568108081817627,1.0010366439819336,1.7710083723068237,1.1731555461883545,bin,99.51376342773438
celery\examples\tutorial\tasks.py,71.3094711303711,5.961264133453369,14.298318862915039,4.129542350769043,5.421361446380615,2.6391043663024902,10.387516021728516,3.0658013820648193,6.193905830383301,27.13858985900879,app,71.3094711303711
celery\examples\django\proj\settings.py,81.98890686035156,148.29713439941406,45.663116455078125,6.378902435302734,125.54117584228516,7.841856479644775,8.156466484069824,123.05720520019531,35.117374420166016,27.28860092163086,backends,148.29713439941406
celery\celery\backends\s3.py,65.50155639648438,112.72405242919922,42.80010223388672,1.9258356094360352,3.285984992980957,1.0009249448776245,2.9969322681427,6.587910175323486,8.334449768066406,2.993459939956665,backends,112.72405242919922
celery\setup.py,32.8333854675293,18.810028076171875,59.52987289428711,14.573105812072754,31.818815231323242,26.24347686767578,11.248712539672852,10.096633911132812,41.23946762084961,13.135245323181152,bin,59.52987289428711
celery\t\unit\concurrency\test_prefork.py,96.08138275146484,71.90674591064453,72.93782806396484,123.44874572753906,18.18191146850586,12.852365493774414,110.0867919921875,14.129070281982422,40.44206237792969,122.32764434814453,concurrency,123.44874572753906
celery\examples\django\proj\wsgi.py,49.58135223388672,2.398547887802124,5.4012675285339355,7.321535110473633,7.874473571777344,6.709017276763916,4.564910888671875,3.399454355239868,7.963459014892578,5.798002243041992,app,49.58135223388672
celery\t\integration\tasks.py,69.89250946044922,51.0589485168457,143.73080444335938,17.149829864501953,39.757408142089844,7.758877277374268,51.28769302368164,16.91462516784668,20.78312873840332,42.87564468383789,bin,143.73080444335938
celery\t\unit\worker\test_worker.py,115.31397247314453,29.47492027282715,176.02996826171875,107.95270538330078,60.726585388183594,10.935020446777344,33.82481384277344,18.07651138305664,101.9777603149414,165.27825927734375,bin,176.02996826171875
celery\t\unit\utils\test_debug.py,7.7779011726379395,3.1639914512634277,29.917768478393555,1.2825590372085571,9.569138526916504,1.00108003616333,3.4514777660369873,1.6423596143722534,97.73339080810547,5.761199951171875,utils,97.73339080810547
celery\t\unit\backends\test_cache.py,88.5687255859375,184.97491455078125,95.1390609741211,27.487886428833008,24.1380615234375,12.748286247253418,25.217609405517578,12.332350730895996,29.17053985595703,101.77804565429688,backends,184.97491455078125
celery\t\integration\django_settings.py,51.68192672729492,135.99493408203125,6.476554870605469,3.4385454654693604,120.7833251953125,6.721464157104492,6.299333095550537,1.001101016998291,9.037941932678223,21.65691566467285,backends,135.99493408203125
celery\celery\app\annotations.py,62.744712829589844,3.6762850284576416,6.209502696990967,3.384775400161743,2.7551286220550537,1.5432231426239014,6.078160762786865,3.2356109619140625,3.7493200302124023,4.905063629150391,app,62.744712829589844
celery\celery\signals.py,70.57906341552734,17.800193786621094,22.92172622680664,19.84137725830078,11.412437438964844,3.831005334854126,51.10855484008789,10.493600845336914,21.5119571685791,94.723876953125,worker,94.723876953125
celery\celery\backends\__init__.py,2.175363779067993,81.79548645019531,3.1764042377471924,0.0,1.1743230819702148,1.0010405778884888,1.0010405778884888,1.0010405778884888,3.2793431282043457,1.1743230819702148,backends,81.79548645019531
celery\celery\backends\cache.py,69.02384185791016,166.71786499023438,11.277972221374512,6.6509528160095215,11.547262191772461,7.884753704071045,2.5964837074279785,6.7095818519592285,9.623367309570312,8.89892864227295,backends,166.71786499023438
celery\t\unit\backends\test_dynamodb.py,95.51362609863281,158.85833740234375,52.12383270263672,16.102025985717773,18.482587814331055,10.776176452636719,32.87833023071289,16.465879440307617,54.39054489135742,24.058170318603516,backends,158.85833740234375
celery\t\unit\backends\test_redis.py,99.31916809082031,169.54612731933594,103.2805404663086,24.673973083496094,29.877710342407227,9.176830291748047,31.343730926513672,27.013639450073242,31.961397171020508,81.29996490478516,backends,169.54612731933594
celery\celery\events\snapshot.py,70.75377655029297,2.620643377304077,13.163546562194824,3.1166670322418213,2.5816142559051514,1.001452922821045,6.732336521148682,1.4179672002792358,13.541807174682617,5.799134731292725,app,70.75377655029297
celery\t\unit\test_loops.py,9.288393020629883,4.584599494934082,14.917596817016602,11.276590347290039,8.198893547058105,2.320589542388916,13.830588340759277,3.615102529525757,13.335904121398926,76.51367950439453,worker,76.51367950439453
celery\t\unit\tasks\test_context.py,11.858848571777344,9.44974422454834,31.01186752319336,5.463038444519043,9.860904693603516,1.7349107265472412,56.67474365234375,3.3028078079223633,5.73907995223999,11.867931365966797,loaders,56.67474365234375
celery\celery\utils\dispatch\__init__.py,2.174971342086792,0.17289286851882935,6.477811336517334,0.0,1.1739321947097778,1.0010392665863037,1.0010392665863037,1.0010392665863037,86.92710876464844,1.1739321947097778,utils,86.92710876464844
celery\celery\worker\loops.py,15.566922187805176,14.007296562194824,18.805198669433594,20.353368759155273,8.311020851135254,1.606952428817749,14.961286544799805,13.059572219848633,12.76608943939209,86.22832489013672,worker,86.22832489013672
celery\celery\schedules.py,84.67320251464844,19.62959861755371,70.45299530029297,11.753396034240723,11.500247955322266,3.758878707885742,8.209334373474121,5.7783966064453125,15.121613502502441,13.935690879821777,app,84.67320251464844
celery\t\unit\app\test_backends.py,81.69877624511719,162.5371856689453,35.56287384033203,129.70860290527344,98.7257080078125,5.9454450607299805,80.73135375976562,7.143937587738037,29.159639358520508,98.23064422607422,backends,162.5371856689453
celery\t\smoke\workers\alt.py,64.69964599609375,1.5489879846572876,102.73388671875,3.1904006004333496,10.268424034118652,8.991157531738281,5.283020496368408,1.8065367937088013,10.23353099822998,124.54414367675781,worker,124.54414367675781
celery\celery\backends\cassandra.py,60.15146255493164,118.19864654541016,36.82444381713867,11.861021995544434,14.306103706359863,2.058619499206543,13.18467903137207,17.21727752685547,9.95005989074707,15.537261962890625,backends,118.19864654541016
celery\t\integration\serialization_config.py,4.7131757736206055,5.751286506652832,10.675832748413086,4.665320873260498,6.705644607543945,2.965456962585449,3.361579179763794,8.048526763916016,7.524772644042969,72.01394653320312,worker,72.01394653320312
celery\t\smoke\tests\quorum_queues\test_chord_unlock_routing.py,74.68407440185547,21.315940856933594,23.05360984802246,8.604267120361328,15.4280424118042,5.147784233093262,12.615788459777832,5.47838830947876,37.18275451660156,85.496826171875,worker,85.496826171875
celery\t\unit\bin\test_multi.py,2.584533214569092,0.5826999545097351,99.89144134521484,0.5826999545097351,4.531067371368408,1.0009167194366455,2.2323405742645264,1.292266607284546,1.9054168462753296,1.5836166143417358,bin,99.89144134521484
celery\t\unit\concurrency\test_gevent.py,66.51606750488281,12.631818771362305,19.803762435913086,117.36541748046875,11.268659591674805,6.399591445922852,11.664896011352539,7.852563858032227,17.260848999023438,11.49440860748291,concurrency,117.36541748046875
celery\t\unit\contrib\__init__.py,3.476583242416382,0.1730874627828598,3.1758406162261963,0.0,99.95536041259766,1.000917673110962,1.000917673110962,1.000917673110962,1.174005150794983,2.47566556930542,contrib,99.95536041259766
celery\t\unit\tasks\test_tasks.py,109.55018615722656,66.690185546875,144.1354522705078,18.253910064697266,22.040327072143555,7.963237285614014,67.72239685058594,17.005146026611328,72.27384185791016,26.189043045043945,bin,144.1354522705078
celery\t\unit\app\test_exceptions.py,55.587364196777344,8.05422592163086,5.512966632843018,1.8167376518249512,5.492556095123291,1.0008498430252075,41.85563278198242,6.242329120635986,6.104491233825684,3.3254640102386475,app,55.587364196777344
