file_path,backends,bin,concurrency,contrib,events,fixups,loaders,security,utils,worker,best_module,best_likelihood
celery\t\integration\worker_config.py,4.05128288269043,11.877965927124023,3.511812210083008,9.279802322387695,4.228070259094238,4.986095905303955,6.056807041168213,1.0008935928344727,4.6839599609375,97.15774536132812,worker,97.15774536132812
celery\t\unit\backends\test_base.py,173.96031188964844,113.74032592773438,28.486373901367188,24.390457153320312,26.944393157958984,17.82807159423828,23.71450424194336,66.99366760253906,41.03608703613281,44.35137176513672,backends,173.96031188964844
celery\t\integration\test_connection_recovery.py,2.7473559379577637,5.317409515380859,3.781522274017334,11.040255546569824,1.0010650157928467,2.8964717388153076,2.0459272861480713,1.349352478981018,4.7975592613220215,2.9272940158843994,contrib,11.040255546569824
celery\t\integration\test_tasks.py,89.17082977294922,117.80363464355469,34.62705993652344,35.657222747802734,36.597652435302734,7.875997543334961,71.2525863647461,13.631872177124023,41.16687774658203,124.67703247070312,worker,124.67703247070312
celery\t\unit\tasks\test_states.py,5.70120906829834,13.72841739654541,4.172069549560547,8.918853759765625,12.75674819946289,1.808488368988037,10.032511711120605,3.0868539810180664,3.5689101219177246,10.793680191040039,bin,13.72841739654541
celery\t\unit\utils\test_collections.py,4.800036430358887,155.3186492919922,7.482574939727783,13.996076583862305,4.8388824462890625,7.326236248016357,22.797807693481445,8.481264114379883,70.26942443847656,18.928817749023438,bin,155.3186492919922
celery\t\unit\bin\proj\app2.py,0.0,99.12828826904297,0.6683458685874939,1.0009167194366455,1.0009167194366455,1.0009167194366455,1.358290672302246,1.0009167194366455,2.671428918838501,1.0009167194366455,bin,99.12828826904297
celery\t\unit\security\__init__.py,1.2389847040176392,3.893096685409546,1.0683931112289429,2.6760945320129395,2.0692975521087646,2.0692975521087646,2.0692975521087646,129.9753875732422,3.668178081512451,2.1011505126953125,security,129.9753875732422
celery\t\smoke\tests\quorum_queues\test_default_queue_type.py,13.25494384765625,20.800487518310547,5.101011276245117,12.930373191833496,6.550294876098633,1.6204452514648438,12.149544715881348,6.789853572845459,8.338912010192871,109.16364288330078,worker,109.16364288330078
celery\t\unit\utils\test_nodenames.py,5.430928707122803,9.526021957397461,1.1859543323516846,5.55656099319458,2.8707659244537354,1.0009034872055054,3.902012825012207,4.501575469970703,88.7088394165039,72.91358184814453,utils,88.7088394165039
celery\celery\apps\multi.py,36.200496673583984,79.99799346923828,5.900213718414307,9.668867111206055,12.981971740722656,4.500514030456543,31.579133987426758,3.5362770557403564,47.81171798706055,84.83330535888672,worker,84.83330535888672
celery\t\unit\fixups\__init__.py,0.1730874627828598,3.1758406162261963,0.0,1.174005150794983,1.000917673110962,141.13821411132812,1.000917673110962,1.000917673110962,1.174005150794983,1.174005150794983,fixups,141.13821411132812
celery\t\unit\backends\test_s3.py,146.07997131347656,12.3341703414917,4.116033554077148,9.194750785827637,13.060787200927734,8.043549537658691,6.4063239097595215,11.655488014221191,16.736040115356445,8.76810073852539,backends,146.07997131347656
celery\examples\celery_http_gateway\settings.py,140.13087463378906,19.25981903076172,4.791625022888184,123.24369812011719,6.9214324951171875,9.341386795043945,108.3661117553711,10.807062149047852,41.10017776489258,23.92949867248535,backends,140.13087463378906
celery\t\unit\tasks\unit_tasks.py,4.142862319946289,9.256800651550293,4.142862319946289,3.6703805923461914,1.0009095668792725,1.0009095668792725,7.215203285217285,3.072340726852417,3.787534236907959,7.235092639923096,bin,9.256800651550293
celery\celery\bin\base.py,19.820592880249023,129.3848419189453,10.035213470458984,15.563886642456055,13.485681533813477,10.102474212646484,41.5107421875,15.833377838134766,26.25503921508789,46.35104751586914,bin,129.3848419189453
celery\t\unit\tasks\test_stamping.py,29.486068725585938,98.73118591308594,9.697325706481934,24.94509506225586,8.112404823303223,5.218238830566406,70.42571258544922,8.260252952575684,13.26565933227539,20.795120239257812,bin,98.73118591308594
celery\t\unit\events\test_cursesmon.py,6.224287986755371,84.68788146972656,6.341158866882324,8.9385986328125,93.14934539794922,2.5738699436187744,11.89041519165039,3.5584940910339355,11.174159049987793,77.91633605957031,events,93.14934539794922
celery\celery\bin\celery.py,69.2871322631836,166.11846923828125,18.489330291748047,50.1893424987793,112.68572998046875,19.75626564025879,76.82344055175781,12.648721694946289,40.493770599365234,129.5741729736328,bin,166.11846923828125
celery\t\unit\bin\test_control.py,15.05566120147705,151.2726287841797,8.973755836486816,73.38980102539062,117.23817443847656,4.42922830581665,9.625455856323242,9.061524391174316,18.786758422851562,103.54861450195312,bin,151.2726287841797
celery\t\smoke\tests\failover\test_worker_failover.py,13.568044662475586,17.371807098388672,4.4735517501831055,10.917149543762207,8.248992919921875,1.6707584857940674,10.606719970703125,3.6293857097625732,8.688825607299805,100.07393646240234,worker,100.07393646240234
celery\celery\worker\state.py,14.252972602844238,31.431419372558594,7.595755577087402,10.967791557312012,26.422780990600586,5.001848220825195,42.58938217163086,5.566257953643799,20.266082763671875,91.04533386230469,worker,91.04533386230469
celery\t\smoke\tests\test_control.py,4.009177207946777,15.529289245605469,2.338205099105835,63.819034576416016,13.297338485717773,4.681131362915039,8.302180290222168,2.734604597091675,7.953125953674316,83.82894134521484,worker,83.82894134521484
celery\celery\bin\control.py,6.129348278045654,124.9017105102539,7.323755741119385,67.90047454833984,9.596903800964355,3.5887374877929688,5.160031795501709,7.650800704956055,13.33290958404541,14.480916976928711,bin,124.9017105102539
celery\celery\fixups\__init__.py,0.1732824742794037,3.1764042377471924,0.0,1.1743230819702148,1.0010405778884888,141.2556610107422,1.0010405778884888,1.0010405778884888,1.1743230819702148,1.1743230819702148,fixups,141.2556610107422
celery\celery\app\builtins.py,70.94744873046875,100.52462768554688,12.1692476272583,13.815652847290039,5.9142584800720215,2.503117084503174,15.79422378540039,12.499717712402344,16.591459274291992,73.80677032470703,bin,100.52462768554688
celery\extra\release\sphinx2rst_config.py,3.0122532844543457,5.428520202636719,0.0,43.48907470703125,3.6069045066833496,1.842539668083191,5.7536540031433105,1.4872634410858154,9.781484603881836,4.419337272644043,contrib,43.48907470703125
celery\t\unit\utils\__init__.py,0.1730874627828598,3.1758406162261963,0.0,1.174005150794983,1.000917673110962,1.000917673110962,1.000917673110962,1.000917673110962,86.98430633544922,1.174005150794983,utils,86.98430633544922
celery\celery\worker\request.py,65.80355834960938,38.174522399902344,21.71905517578125,14.783961296081543,204.5145721435547,5.6544976234436035,90.46670532226562,12.825353622436523,25.63361358642578,100.60222625732422,events,204.5145721435547
celery\celery\backends\arangodb.py,134.0509490966797,44.60822296142578,4.356913089752197,9.582542419433594,5.194327354431152,2.4559404850006104,7.942149639129639,5.624064922332764,9.11584186553955,9.366186141967773,backends,134.0509490966797
celery\celery\security\certificate.py,44.7244873046875,26.355833053588867,5.9884419441223145,8.80343246459961,2.3772366046905518,2.3772366046905518,3.211519718170166,129.538330078125,8.269526481628418,3.4166133403778076,security,129.538330078125
celery\t\unit\worker\test_revoke.py,0.8943931460380554,10.715656280517578,1.7324494123458862,6.803341388702393,8.105460166931152,1.0008975267410278,3.7868316173553467,1.343737006187439,3.7641406059265137,72.25059509277344,worker,72.25059509277344
celery\celery\beat.py,66.36307525634766,84.28360748291016,18.7081298828125,27.347694396972656,75.34962463378906,8.27150821685791,19.464881896972656,15.921978950500488,27.625761032104492,28.81879425048828,bin,84.28360748291016
celery\celery\utils\deprecated.py,4.6233906745910645,31.999717712402344,8.00938606262207,5.873078346252441,5.007242202758789,4.146170616149902,6.61033296585083,3.4543395042419434,89.09191131591797,6.89190673828125,utils,89.09191131591797
celery\t\unit\app\test_annotations.py,7.33542537689209,7.461136817932129,4.922957897186279,6.711045265197754,1.0008190870285034,1.5179526805877686,6.938502788543701,3.497180461883545,7.819087505340576,5.976185321807861,utils,7.819087505340576
celery\celery\contrib\testing\worker.py,16.801488876342773,34.457740783691406,147.78457641601562,101.83519744873047,59.232398986816406,6.311307907104492,31.476762771606445,9.35832691192627,25.448204040527344,113.3354263305664,concurrency,147.78457641601562
celery\t\unit\bin\proj\daemon_config.py,1.572063684463501,144.1272735595703,3.193419933319092,6.244513511657715,113.42779541015625,1.000842809677124,6.035449028015137,1.6911702156066895,7.511430263519287,77.12705993652344,bin,144.1272735595703
celery\t\unit\worker\test_consumer.py,31.726699829101562,133.67701721191406,104.2239990234375,35.557029724121094,157.227783203125,14.37977123260498,40.0877571105957,18.034990310668945,33.28866958618164,153.86256408691406,events,157.227783203125
celery\celery\app\utils.py,75.31494140625,69.37761688232422,15.111189842224121,51.73542022705078,98.47722625732422,8.730238914489746,71.76374816894531,15.395000457763672,90.41142272949219,40.23921585083008,events,98.47722625732422
celery\docs\conf.py,62.55129623413086,123.21766662597656,106.37718200683594,140.8267364501953,14.351401329040527,130.6173858642578,20.732646942138672,8.429145812988281,110.68406677246094,106.8929214477539,contrib,140.8267364501953
celery\celery\backends\redis.py,144.3008575439453,113.3732681274414,19.96904182434082,21.399106979370117,75.76695251464844,4.920734405517578,13.628568649291992,24.993751525878906,23.271257400512695,20.697431564331055,backends,144.3008575439453
celery\t\unit\backends\test_arangodb.py,148.06399536132812,48.54202651977539,11.536703109741211,17.33275604248047,6.844276428222656,5.738365650177002,43.09938430786133,9.018799781799316,16.605775833129883,14.848146438598633,backends,148.06399536132812
celery\t\unit\worker\test_components.py,14.757210731506348,23.789098739624023,26.214078903198242,14.49068546295166,101.61730194091797,4.422150135040283,13.338563919067383,5.7331013679504395,16.571496963500977,85.92394256591797,events,101.61730194091797
celery\docs\_ext\celerydocs.py,117.54010009765625,52.97337341308594,23.885894775390625,64.96429443359375,156.96810913085938,111.58094787597656,132.4359893798828,106.11162567138672,108.03632354736328,91.45095825195312,events,156.96810913085938
celery\examples\django\demoapp\models.py,1.9558794498443604,5.312793731689453,11.44493293762207,7.103460788726807,2.9567878246307373,5.988580226898193,4.4258575439453125,2.9567878246307373,6.622986793518066,4.912667274475098,concurrency,11.44493293762207
celery\examples\django\manage.py,2.879523754119873,25.323787689208984,7.212123394012451,7.861568450927734,3.3948025703430176,8.302495956420898,6.613064765930176,3.7281649112701416,13.588651657104492,7.024145126342773,bin,25.323787689208984
celery\t\integration\__init__.py,0.1732824742794037,3.1760387420654297,3.2024028301239014,6.378788471221924,1.0009187459945679,3.003103017807007,1.0009187459945679,1.0009187459945679,1.174201250076294,1.174201250076294,contrib,6.378788471221924
celery\examples\django\demoapp\migrations\0001_initial.py,5.400670051574707,5.318309307098389,12.204050064086914,16.428546905517578,3.890432596206665,5.955783367156982,4.366098403930664,7.976659297943115,5.700843811035156,4.020007133483887,contrib,16.428546905517578
celery\t\unit\utils\test_imports.py,15.270923614501953,106.95738983154297,17.346994400024414,21.65596580505371,9.335044860839844,10.562335014343262,22.082700729370117,8.74411392211914,117.06382751464844,77.34304809570312,utils,117.06382751464844
celery\t\unit\utils\test_serialization.py,9.673123359680176,52.00201416015625,13.817708015441895,14.793906211853027,6.399304389953613,5.471526622772217,11.096271514892578,14.062332153320312,107.56709289550781,13.283432006835938,utils,107.56709289550781
celery\celery\app\base.py,144.11534118652344,174.48081970214844,38.06161117553711,77.43977355957031,125.31250762939453,226.3844451904297,160.3130645751953,117.90475463867188,57.537593841552734,144.0419464111328,fixups,226.3844451904297
celery\examples\django\demoapp\migrations\__init__.py,0.17289286851882935,3.175642967224121,0.0,8.698939323425293,1.0009167194366455,4.050981044769287,1.0009167194366455,1.0009167194366455,1.17380952835083,1.17380952835083,contrib,8.698939323425293
celery\t\unit\app\test_builtins.py,66.92801666259766,24.600326538085938,6.582695960998535,14.88270092010498,2.858097553253174,2.0221738815307617,12.926182746887207,4.21626091003418,12.560832977294922,85.48930358886719,worker,85.48930358886719
celery\t\smoke\tests\test_consumer.py,52.919063568115234,40.318111419677734,116.85763549804688,15.480788230895996,4.482551097869873,1.4811640977859497,17.441347122192383,11.034096717834473,14.251376152038574,112.58706665039062,concurrency,116.85763549804688
celery\examples\eventlet\celeryconfig.py,10.51463508605957,15.314539909362793,6.261045932769775,5.479243755340576,8.298107147216797,1.000894546508789,10.184259414672852,2.7574429512023926,7.089153289794922,91.75376892089844,worker,91.75376892089844
celery\t\smoke\operations\task_termination.py,3.264859676361084,11.176456451416016,3.264859676361084,4.320005893707275,2.9188385009765625,2.6012613773345947,7.816128253936768,2.63327956199646,9.396502494812012,79.22401428222656,worker,79.22401428222656
celery\celery\security\__init__.py,7.0382866859436035,9.550520896911621,5.2231059074401855,4.492656230926514,5.335748195648193,2.313894033432007,7.863415241241455,167.1992645263672,5.999154567718506,7.077213287353516,security,167.1992645263672
celery\t\unit\contrib\proj\__init__.py,0.17289286851882935,3.175642967224121,0.6683458685874939,99.88346099853516,1.0009167194366455,1.0009167194366455,1.0009167194366455,1.0009167194366455,1.17380952835083,2.4740066528320312,contrib,99.88346099853516
celery\t\unit\utils\test_annotations.py,8.783777236938477,10.478148460388184,10.542210578918457,20.50145721435547,1.8057551383972168,4.891202926635742,5.139993667602539,8.097550392150879,82.16907501220703,6.825082302093506,utils,82.16907501220703
celery\celery\app\amqp.py,25.307464599609375,102.36157989501953,15.906904220581055,12.488829612731934,123.30662536621094,2.343189239501953,58.25136184692383,10.999643325805664,16.245498657226562,11.560663223266602,events,123.30662536621094
celery\examples\quorum-queues\myapp.py,14.9393892288208,35.864524841308594,92.7088623046875,55.11870574951172,8.377250671386719,2.2390570640563965,15.512476921081543,5.801678657531738,11.652366638183594,107.40825653076172,worker,107.40825653076172
celery\celery\loaders\base.py,105.52171325683594,46.90740203857422,20.651317596435547,16.95277976989746,7.135865688323975,9.055730819702148,129.3829345703125,9.387941360473633,29.525842666625977,94.17019653320312,loaders,129.3829345703125
celery\t\unit\contrib\test_worker.py,55.989768981933594,25.58754539489746,27.88677978515625,129.6972198486328,47.387535095214844,5.0048956871032715,20.495206832885742,8.944947242736816,22.116727828979492,106.2454833984375,contrib,129.6972198486328
celery\t\unit\app\test_amqp.py,15.863338470458984,88.08316040039062,16.063093185424805,18.394969940185547,68.73530578613281,3.229696035385132,51.977622985839844,17.140737533569336,14.173420906066895,81.74496459960938,bin,88.08316040039062
celery\celery\bin\graph.py,60.21208572387695,118.83169555664062,95.54337310791016,39.87458801269531,10.623767852783203,2.7817461490631104,7.886900901794434,3.687481641769409,47.830711364746094,140.71701049804688,worker,140.71701049804688
celery\celery\worker\__init__.py,0.1730874627828598,7.3705220222473145,0.0,1.6904367208480835,2.7755038738250732,1.001039981842041,2.7755038738250732,1.001039981842041,2.948591470718384,68.603759765625,worker,68.603759765625
celery\t\unit\utils\test_sysinfo.py,10.546367645263672,8.759779930114746,10.358475685119629,10.58968734741211,6.06519889831543,3.3119473457336426,7.940881252288818,4.6565937995910645,89.977783203125,13.356009483337402,utils,89.977783203125
celery\t\unit\events\test_snapshot.py,1.6798256635665894,31.359281539916992,2.1807103157043457,8.099653244018555,118.54391479492188,1.000884771347046,7.6361589431762695,1.7469075918197632,13.13399600982666,4.872970104217529,events,118.54391479492188
celery\t\unit\worker\__init__.py,0.1730874627828598,7.370155334472656,0.0,1.6903144121170044,2.775381565093994,1.000917673110962,2.775381565093994,1.000917673110962,2.9484691619873047,68.6036376953125,worker,68.6036376953125
celery\t\unit\contrib\test_migrate.py,12.50328540802002,84.25503540039062,9.383407592773438,120.95289611816406,18.19451904296875,5.8833417892456055,45.87595748901367,19.848520278930664,13.1068115234375,18.52511978149414,contrib,120.95289611816406
celery\examples\pydantic\__init__.py,0.1732824742794037,3.1760387420654297,0.0,1.174201250076294,1.0009187459945679,1.0009187459945679,1.0009187459945679,1.0009187459945679,1.174201250076294,1.174201250076294,bin,3.1760387420654297
celery\t\unit\utils\test_pickle.py,3.377521514892578,5.8783416748046875,5.364287376403809,5.851470947265625,4.865594863891602,1.866201639175415,42.18398666381836,7.142215728759766,84.49069213867188,5.4210991859436035,utils,84.49069213867188
celery\celery\result.py,94.2701644897461,29.123258590698242,15.209433555603027,56.0580940246582,25.99555015563965,5.513605117797852,51.713253021240234,13.835556983947754,20.284542083740234,94.784423828125,worker,94.784423828125
celery\celery\utils\text.py,9.246110916137695,27.663787841796875,13.87706470489502,11.496066093444824,9.031975746154785,6.024065971374512,12.146513938903809,9.453913688659668,83.84590148925781,13.728300094604492,utils,83.84590148925781
celery\t\unit\backends\test_elasticsearch.py,157.58819580078125,25.87769317626953,69.1446533203125,17.95777702331543,17.284025192260742,7.3432440757751465,25.981319427490234,17.909950256347656,23.17568588256836,24.477937698364258,backends,157.58819580078125
celery\t\benchmarks\bench_worker.py,46.52151107788086,35.57730484008789,104.06561279296875,10.453766822814941,13.286314964294434,7.9651970863342285,21.177846908569336,10.197875022888184,26.063390731811523,129.12355041503906,worker,129.12355041503906
celery\celery\apps\worker.py,50.56955337524414,78.33819580078125,128.65516662597656,43.12383270263672,120.52674102783203,13.225032806396484,150.9593963623047,21.712411880493164,37.04508590698242,101.10492706298828,loaders,150.9593963623047
celery\t\unit\contrib\proj\conf.py,0.6495499610900879,6.181581974029541,1.811034083366394,125.54502868652344,3.318662166595459,4.05340576171875,2.1598434448242188,2.4899144172668457,5.983641624450684,4.242021560668945,contrib,125.54502868652344
celery\celery\contrib\testing\manager.py,67.96746063232422,63.398529052734375,8.007719993591309,134.9822998046875,17.7567195892334,6.738900661468506,14.91342830657959,6.1615424156188965,69.47732543945312,88.70670318603516,contrib,134.9822998046875
celery\celery\events\__init__.py,0.17192651331424713,6.9050612449646,2.253384590148926,1.1729625463485718,150.35826110839844,1.0010359287261963,1.0010359287261963,1.0010359287261963,4.902989387512207,1.1729625463485718,events,150.35826110839844
celery\t\unit\events\test_dumper.py,11.226040840148926,68.42816925048828,7.553897857666016,7.5969157218933105,148.9712677001953,1.7612000703811646,13.797009468078613,3.390443801879883,11.20329475402832,110.05203247070312,events,148.9712677001953
celery\t\unit\backends\test_cosmosdbsql.py,130.17355346679688,38.84505844116211,9.319217681884766,12.39349365234375,9.552559852600098,4.735379695892334,7.121840000152588,7.435190677642822,15.040138244628906,9.905985832214355,backends,130.17355346679688
celery\t\integration\test_worker.py,21.132423400878906,52.566650390625,107.65692901611328,73.78788757324219,7.787609577178955,69.85879516601562,22.000232696533203,12.528594970703125,20.29755210876465,109.5172348022461,worker,109.5172348022461
celery\celery\contrib\abortable.py,59.73772430419922,7.775641441345215,3.8518598079681396,102.41344451904297,7.263492107391357,1.00100839138031,6.152881622314453,2.718299627304077,2.099011182785034,11.640737533569336,contrib,102.41344451904297
celery\t\smoke\signals.py,1.1983305215835571,10.51198673248291,0.0,1.8700153827667236,4.867674827575684,1.0008533000946045,7.723423480987549,1.0008533000946045,3.198622703552246,76.67403411865234,worker,76.67403411865234
celery\celery\bin\amqp.py,10.612363815307617,137.99456787109375,6.461565971374512,3.7642173767089844,2.353090286254883,1.0006924867630005,3.68584942817688,10.1993408203125,5.723652362823486,26.315649032592773,bin,137.99456787109375
celery\t\integration\test_canvas.py,87.76456451416016,42.80330276489258,18.98529052734375,24.565345764160156,13.335564613342285,9.232454299926758,59.750091552734375,20.26205062866211,52.08308410644531,34.282958984375,backends,87.76456451416016
celery\t\integration\test_serialization.py,54.628868103027344,38.222755432128906,9.770429611206055,13.91197681427002,4.840948104858398,5.601332187652588,8.311346054077148,18.125106811523438,16.963180541992188,122.58683776855469,worker,122.58683776855469
celery\celery\app\__init__.py,7.087092399597168,56.45408248901367,10.819965362548828,8.82267951965332,8.602446556091309,3.274966239929199,10.722269058227539,5.403532981872559,12.101860046386719,14.818278312683105,bin,56.45408248901367
celery\celery\canvas.py,56.21343994140625,53.1744270324707,18.04268455505371,26.749034881591797,10.748468399047852,6.618106842041016,69.52136993408203,8.966230392456055,15.03980827331543,69.00232696533203,loaders,69.52136993408203
celery\celery\platforms.py,15.242496490478516,77.62928009033203,16.264707565307617,16.288015365600586,15.688864707946777,8.008090019226074,11.681108474731445,129.01773071289062,55.7213249206543,58.9243278503418,security,129.01773071289062
celery\celery\fixups\django.py,40.995025634765625,33.83586120605469,33.10445785522461,103.1927719116211,17.156902313232422,220.28701782226562,67.69054412841797,12.449296951293945,113.92745208740234,117.04988861083984,fixups,220.28701782226562
celery\celery\app\log.py,9.52282428741455,15.584298133850098,9.15634536743164,11.49039363861084,13.649222373962402,4.1036787033081055,58.422298431396484,7.2368245124816895,16.29642105102539,78.36946868896484,worker,78.36946868896484
celery\t\unit\bin\proj\app_with_custom_cmds.py,4.17384147644043,120.35755157470703,3.724888563156128,56.805816650390625,9.222723007202148,2.900468349456787,3.0763683319091797,1.0010097026824951,6.377114772796631,72.3309326171875,bin,120.35755157470703
celery\t\unit\utils\test_dispatcher.py,11.847902297973633,21.615549087524414,2.0743539333343506,6.259504318237305,8.729745864868164,2.74534273147583,3.0612056255340576,2.630333185195923,105.69368743896484,4.749403476715088,utils,105.69368743896484
celery\t\unit\tasks\__init__.py,3.0481209754943848,7.780068874359131,2.8750336170196533,2.7573609352111816,1.000917673110962,1.000917673110962,5.3134684562683105,2.438434600830078,1.174005150794983,5.632394790649414,bin,7.780068874359131
celery\t\unit\bin\test_daemonization.py,2.1151909828186035,143.77085876464844,3.348618984222412,8.951770782470703,95.64512634277344,1.6436524391174316,6.45865535736084,2.554262399673462,9.10094165802002,68.41944885253906,bin,143.77085876464844
celery\celery\contrib\django\__init__.py,0.1730874627828598,3.1762073040008545,0.0,103.00785064697266,1.001039981842041,4.053411960601807,1.001039981842041,1.001039981842041,1.174127459526062,2.47578763961792,contrib,103.00785064697266
celery\celery\worker\consumer\events.py,6.28558349609375,43.64101028442383,7.497974395751953,3.4643115997314453,204.74830627441406,1.5627402067184448,10.746793746948242,2.6806414127349854,9.439458847045898,83.09141540527344,events,204.74830627441406
celery\celery\contrib\__init__.py,0.1732824742794037,3.1764042377471924,0.0,100.02753448486328,1.0010405778884888,1.0010405778884888,1.0010405778884888,1.0010405778884888,1.1743230819702148,2.477449893951416,contrib,100.02753448486328
celery\t\unit\utils\test_utils.py,6.873101711273193,29.423599243164062,1.2040177583694458,8.024652481079102,1.000842809677124,1.000842809677124,3.299715280532837,1.6028516292572021,92.16187286376953,3.895901679992676,utils,92.16187286376953
celery\t\unit\utils\test_threads.py,3.1779491901397705,35.424922943115234,6.051555633544922,10.38762092590332,7.670007705688477,1.4942365884780884,3.5685431957244873,1.6582354307174683,94.860107421875,6.315659523010254,utils,94.860107421875
celery\t\unit\contrib\django\__init__.py,0.17289286851882935,3.175642967224121,0.0,102.93352508544922,1.0009167194366455,4.050981044769287,1.0009167194366455,1.0009167194366455,1.17380952835083,2.4740066528320312,contrib,102.93352508544922
celery\t\unit\concurrency\test_concurrency.py,14.82990550994873,47.482295989990234,201.62551879882812,14.652116775512695,92.95938110351562,5.378007411956787,11.065587997436523,4.937704563140869,21.953786849975586,54.32794952392578,concurrency,201.62551879882812
celery\celery\app\autoretry.py,10.602070808410645,10.744518280029297,5.972074508666992,3.734029531478882,1.000950813293457,6.488495349884033,6.6770243644714355,2.7441463470458984,7.0193328857421875,11.232583045959473,worker,11.232583045959473
celery\celery\app\events.py,7.403678894042969,11.329673767089844,6.200987339019775,1.160722017288208,116.50914001464844,1.0011072158813477,1.0011072158813477,1.0011072158813477,5.678181171417236,3.927671432495117,events,116.50914001464844
celery\t\smoke\tests\quorum_queues\test_qos.py,22.917240142822266,33.506614685058594,105.4373779296875,15.90445327758789,6.027828693389893,1.68956458568573,13.336688041687012,8.065722465515137,9.902010917663574,107.46483612060547,worker,107.46483612060547
celery\celery\events\receiver.py,6.838585376739502,24.174915313720703,6.357758522033691,38.32109069824219,149.5164337158203,1.9105007648468018,11.045233726501465,8.81914234161377,11.565918922424316,71.3255844116211,events,149.5164337158203
celery\t\unit\app\test_beat.py,55.12675094604492,89.55836486816406,14.992560386657715,22.804597854614258,32.52768325805664,6.897824764251709,32.09326934814453,10.144749641418457,27.356590270996094,20.367908477783203,bin,89.55836486816406
celery\t\unit\app\__init__.py,0.4865780472755432,3.1758406162261963,0.0,1.174005150794983,1.000917673110962,1.000917673110962,1.000917673110962,1.000917673110962,2.6442410945892334,1.174005150794983,bin,3.1758406162261963
celery\t\unit\backends\test_database.py,161.3484649658203,140.73410034179688,26.392528533935547,22.404508590698242,45.83689498901367,11.800596237182617,28.26913070678711,10.14522647857666,22.173526763916016,122.7610855102539,backends,161.3484649658203
celery\t\unit\worker\test_state.py,14.62645149230957,86.0842056274414,15.010075569152832,20.386777877807617,14.963560104370117,10.355687141418457,51.345985412597656,7.610642433166504,23.139881134033203,96.79182434082031,worker,96.79182434082031
celery\t\unit\apps\test_multi.py,8.049509048461914,63.61153030395508,8.290618896484375,11.701446533203125,15.329093933105469,5.095932960510254,14.534002304077148,3.8984932899475098,41.465511322021484,76.01008605957031,worker,76.01008605957031
celery\examples\stamping\revoke_example.py,12.257043838500977,9.159212112426758,5.142831325531006,6.106970310211182,5.4536566734313965,1.0008256435394287,59.25789260864258,2.974327325820923,3.6766557693481445,8.390815734863281,loaders,59.25789260864258
celery\celery\backends\gcs.py,140.4010467529297,46.39110565185547,15.535961151123047,14.784785270690918,14.80492877960205,13.659369468688965,14.978943824768066,15.645169258117676,18.92025375366211,19.129934310913086,backends,140.4010467529297
celery\celery\utils\debug.py,3.1118412017822266,35.16736602783203,4.857506275177002,4.829988956451416,13.360763549804688,4.9443254470825195,6.742027282714844,3.376588821411133,114.72486877441406,5.427413463592529,utils,114.72486877441406
celery\t\unit\test_canvas.py,11.426837921142578,13.536529541015625,10.894063949584961,7.288515090942383,2.593533754348755,1.000842809677124,9.059514045715332,3.8253514766693115,7.00091552734375,69.40943908691406,worker,69.40943908691406
celery\celery\concurrency\base.py,20.6850643157959,21.1672420501709,124.94866180419922,8.432623863220215,54.469871520996094,6.034953594207764,17.430997848510742,6.918948173522949,21.775348663330078,61.795799255371094,concurrency,124.94866180419922
celery\examples\gevent\celeryconfig.py,50.64078903198242,11.450231552124023,5.261174201965332,4.97969388961792,39.757835388183594,1.0008964538574219,8.436878204345703,2.759108543395996,7.225526332855225,24.592378616333008,backends,50.64078903198242
celery\t\unit\backends\test_rpc.py,123.4136962890625,66.40827941894531,17.001279830932617,15.127470016479492,118.48358154296875,3.26619553565979,13.785197257995605,5.772022724151611,52.2327766418457,70.68566131591797,backends,123.4136962890625
celery\examples\next-steps\proj\tasks.py,4.593899726867676,9.640050888061523,4.8792338371276855,4.3400797843933105,1.0008964538574219,1.0008964538574219,7.339272499084473,3.1136884689331055,3.2415921688079834,7.310400009155273,bin,9.640050888061523
celery\celery\_state.py,12.349384307861328,19.3709774017334,9.048933982849121,4.939592361450195,11.709478378295898,119.555908203125,63.29182052612305,5.138435363769531,33.321414947509766,80.99272155761719,fixups,119.555908203125
celery\t\smoke\conftest.py,61.14702606201172,116.98207092285156,12.285633087158203,57.119178771972656,5.6520843505859375,11.367206573486328,11.305208206176758,5.948626518249512,14.531607627868652,126.66687774658203,worker,126.66687774658203
celery\t\unit\bin\proj\daemon.py,0.837730884552002,106.73535919189453,0.751517653465271,1.001030683517456,1.001030683517456,1.001030683517456,1.4028778076171875,1.001030683517456,3.1707022190093994,1.001030683517456,bin,106.73535919189453
celery\celery\worker\consumer\tasks.py,16.387081146240234,27.395462036132812,99.76078033447266,12.40878677368164,11.100157737731934,3.5572867393493652,13.025074005126953,10.434438705444336,8.753106117248535,112.97872924804688,worker,112.97872924804688
celery\t\unit\contrib\test_pytest.py,7.471711158752441,10.749439239501953,3.223703384399414,105.05268096923828,5.454193115234375,3.921959638595581,6.52822732925415,3.584557056427002,7.478152751922607,26.988767623901367,contrib,105.05268096923828
celery\t\unit\worker\test_request.py,84.14373016357422,65.94603729248047,27.56452751159668,24.507675170898438,179.4588165283203,10.01070785522461,85.85438537597656,19.127065658569336,42.15360641479492,113.41293334960938,events,179.4588165283203
celery\celery\utils\saferepr.py,3.5315842628479004,43.046485900878906,3.0142338275909424,8.114572525024414,5.440375804901123,5.588131427764893,4.063461780548096,3.2785751819610596,73.67753601074219,7.660516262054443,utils,73.67753601074219
celery\celery\worker\consumer\consumer.py,39.178131103515625,73.39627075195312,24.761484146118164,41.14292526245117,166.5548095703125,14.367361068725586,106.45228576660156,15.961702346801758,29.869617462158203,140.671630859375,events,166.5548095703125
celery\t\integration\test_mem_leak_in_exception_handling.py,53.1866455078125,114.91820526123047,13.35474681854248,17.294963836669922,6.153852462768555,8.127492904663086,16.83431053161621,11.130562782287598,32.91658401489258,33.3328857421875,bin,114.91820526123047
celery\t\unit\security\test_security.py,9.872214317321777,49.713016510009766,11.285659790039062,14.97596263885498,5.942811489105225,5.758142471313477,12.781100273132324,164.68992614746094,14.884669303894043,12.772500038146973,security,164.68992614746094
celery\celery\bin\call.py,8.281302452087402,114.69222259521484,4.708501815795898,7.273754596710205,3.8550891876220703,2.986452102661133,9.155150413513184,4.8366827964782715,9.041337013244629,6.498134136199951,bin,114.69222259521484
celery\t\unit\contrib\proj\xyzzy.py,3.512781858444214,5.451715469360352,3.8234963417053223,100.36861419677734,1.0010359287261963,1.0010359287261963,5.739365100860596,2.5804789066314697,2.5318796634674072,5.887434005737305,contrib,100.36861419677734
celery\celery\utils\annotations.py,2.4183688163757324,3.334186553955078,1.5147652626037598,3.629587411880493,1.0009828805923462,1.5573220252990723,1.0009828805923462,1.943248987197876,84.1965103149414,1.0009828805923462,utils,84.1965103149414
celery\examples\celery_http_gateway\manage.py,2.089996814727783,32.274749755859375,1.3268667459487915,2.3278911113739014,3.6547577381134033,5.935984134674072,5.37299108505249,2.7058277130126953,11.157811164855957,3.5497958660125732,bin,32.274749755859375
celery\celery\contrib\migrate.py,19.008533477783203,30.618745803833008,12.796904563903809,79.11625671386719,18.09868621826172,3.6616463661193848,59.978614807128906,20.586688995361328,10.8379545211792,83.61009216308594,worker,83.61009216308594
celery\t\unit\utils\test_text.py,9.268317222595215,93.11894226074219,4.8511962890625,10.062127113342285,1.0007754564285278,1.0007754564285278,8.091352462768555,4.2929368019104,84.25594329833984,8.508183479309082,bin,93.11894226074219
celery\t\smoke\workers\other.py,1.3338133096694946,101.66958618164062,3.1904006004333496,10.682332038879395,4.7639994621276855,8.991157531738281,5.284657001495361,1.8065367937088013,11.415356636047363,124.4500732421875,worker,124.4500732421875
celery\t\unit\tasks\test_result.py,101.47013092041016,78.63829803466797,20.126054763793945,30.23868751525879,22.97364616394043,10.0437650680542,52.1462287902832,16.98550033569336,28.509838104248047,83.85247039794922,backends,101.47013092041016
celery\celery\worker\consumer\gossip.py,16.16576385498047,37.56574630737305,17.75273323059082,9.701098442077637,168.5563507080078,4.493040084838867,87.00035095214844,16.933378219604492,20.20870590209961,130.7244415283203,events,168.5563507080078
celery\t\unit\bin\__init__.py,0.1730874627828598,99.37017059326172,0.0,1.174005150794983,1.000917673110962,1.000917673110962,1.3586938381195068,1.000917673110962,1.5317813158035278,1.174005150794983,bin,99.37017059326172
celery\celery\bin\list.py,5.012193202972412,118.36017608642578,2.0,4.2546234130859375,2.3488881587982178,1.0009949207305908,5.680191516876221,5.422680377960205,5.57853364944458,4.748320579528809,bin,118.36017608642578
celery\celery\states.py,6.192047119140625,8.593724250793457,4.713676452636719,1.1542216539382935,12.869375228881836,1.9230949878692627,3.4499590396881104,1.7912416458129883,2.609800100326538,6.818619251251221,events,12.869375228881836
celery\celery\worker\consumer\connection.py,1.3167881965637207,12.19154167175293,0.41653233766555786,3.938920497894287,4.4007110595703125,1.5981985330581665,6.2186760902404785,1.0009998083114624,3.622441291809082,89.04683685302734,worker,89.04683685302734
celery\t\unit\utils\test_local.py,6.520376682281494,53.46071243286133,11.684185028076172,15.594770431518555,6.610413074493408,6.883503437042236,12.50352668762207,7.398115634918213,84.0078353881836,11.995916366577148,utils,84.0078353881836
celery\docs\changelog_formatter.py,5.890162944793701,37.98357009887695,9.444049835205078,16.181983947753906,9.079575538635254,10.617875099182129,13.22840690612793,11.699402809143066,33.9993782043457,7.680459022521973,bin,37.98357009887695
celery\t\smoke\tasks.py,19.140600204467773,94.69862365722656,10.111603736877441,4.703545570373535,1.0009334087371826,2.2412102222442627,7.684728145599365,4.150728225708008,89.57762908935547,12.093235969543457,bin,94.69862365722656
celery\celery\worker\components.py,15.964165687561035,79.07979583740234,149.23074340820312,12.678991317749023,185.0428924560547,6.573572158813477,18.65101432800293,7.398502826690674,30.513648986816406,96.49483489990234,events,185.0428924560547
celery\t\unit\events\__init__.py,0.1730874627828598,5.615421772003174,0.9597208499908447,1.174005150794983,97.43250274658203,1.000917673110962,1.000917673110962,1.000917673110962,3.613586664199829,1.174005150794983,events,97.43250274658203
celery\t\unit\app\test_control.py,24.267948150634766,99.46930694580078,21.056625366210938,76.67604064941406,111.19659423828125,6.7337775230407715,65.55254364013672,12.940049171447754,45.29816818237305,26.86967658996582,events,111.19659423828125
celery\t\unit\security\test_key.py,2.7611100673675537,5.944352149963379,3.0633764266967773,10.034969329833984,2.8875043392181396,2.8875043392181396,3.9636499881744385,134.77496337890625,5.604815483093262,3.7619423866271973,security,134.77496337890625
celery\celery\bin\purge.py,13.805081367492676,151.23390197753906,6.01710319519043,12.90291976928711,5.421888828277588,3.1793532371520996,10.864480972290039,16.224197387695312,12.340713500976562,12.047074317932129,bin,151.23390197753906
celery\celery\bin\shell.py,13.107504844665527,171.28274536132812,122.71880340576172,17.140153884887695,56.9760627746582,6.843689441680908,59.88325119018555,8.807395935058594,21.71544647216797,18.46198272705078,bin,171.28274536132812
celery\t\unit\backends\test_mongodb.py,189.97265625,112.19068145751953,11.56483268737793,15.424304008483887,12.937644958496094,7.990527153015137,26.191194534301758,7.437333106994629,31.087779998779297,77.51716613769531,backends,189.97265625
celery\t\unit\backends\test_filesystem.py,86.61864471435547,50.58418273925781,7.920245170593262,13.068256378173828,13.968596458435059,7.463483810424805,39.17282485961914,13.528509140014648,35.189659118652344,14.995076179504395,backends,86.61864471435547
celery\t\unit\contrib\test_rdb.py,6.282083034515381,85.18045806884766,7.238330841064453,122.79788970947266,7.504289150238037,3.645716428756714,6.31311559677124,4.168298244476318,7.429120063781738,7.4115777015686035,contrib,122.79788970947266
celery\t\unit\test_generics.py,15.965802192687988,17.553102493286133,6.4088053703308105,9.022871971130371,4.226141929626465,3.0927209854125977,10.391229629516602,6.0149383544921875,7.6443023681640625,23.510509490966797,worker,23.510509490966797
celery\celery\backends\database\session.py,85.40947723388672,84.85791015625,12.393465042114258,3.8679020404815674,2.671586275100708,2.581575393676758,5.87281608581543,2.323641300201416,10.060811996459961,28.281824111938477,backends,85.40947723388672
celery\t\unit\worker\test_control.py,64.81714630126953,100.97651672363281,24.939634323120117,74.30485534667969,170.46029663085938,6.476500511169434,99.02071380615234,15.896560668945312,32.27077102661133,119.44828033447266,events,170.46029663085938
celery\celery\contrib\sphinx.py,9.788750648498535,31.8787899017334,16.93817138671875,122.24491882324219,6.352999210357666,4.390761375427246,12.843559265136719,5.252663612365723,17.354463577270508,27.56433868408203,contrib,122.24491882324219
celery\t\unit\security\test_serialization.py,5.670877933502197,24.129152297973633,4.527188301086426,11.12294864654541,4.987849235534668,3.5921123027801514,6.094747066497803,128.41416931152344,12.266046524047852,5.6522674560546875,security,128.41416931152344
celery\celery\utils\__init__.py,9.563364028930664,33.7618522644043,3.783618688583374,2.662670373916626,2.753469467163086,1.5854939222335815,7.9403181076049805,5.298588275909424,88.15758514404297,71.3207778930664,utils,88.15758514404297
celery\t\unit\backends\test_consul.py,128.12957763671875,6.325963497161865,4.0419487953186035,13.163520812988281,1.0007997751235962,1.5582284927368164,3.0902950763702393,5.640550136566162,7.418612003326416,2.178436279296875,backends,128.12957763671875
celery\examples\django\proj\celery.py,12.554859161376953,87.4207992553711,11.373180389404297,11.047163009643555,3.3647820949554443,6.762348175048828,10.706463813781738,5.43320894241333,8.429207801818848,14.816570281982422,bin,87.4207992553711
celery\t\unit\tasks\test_chord.py,67.20941162109375,78.797119140625,10.103489875793457,15.043492317199707,4.905288219451904,5.552671432495117,30.001953125,6.614168167114258,39.878604888916016,17.426959991455078,bin,78.797119140625
celery\examples\gevent\tasks.py,12.61834716796875,12.628228187561035,9.277576446533203,4.013329982757568,38.96128845214844,1.0008896589279175,6.969946384429932,3.7162258625030518,2.2023212909698486,11.125887870788574,events,38.96128845214844
celery\t\unit\backends\test_couchbase.py,140.1753692626953,14.98440933227539,11.555316925048828,18.78583526611328,17.132070541381836,7.056884765625,46.6900749206543,8.040605545043945,22.14671516418457,17.039993286132812,backends,140.1753692626953
celery\celery\backends\couchdb.py,91.27570343017578,6.886015892028809,3.2997958660125732,10.336763381958008,2.836944341659546,3.7793989181518555,5.280562400817871,6.019469738006592,6.1509108543396,7.342331886291504,backends,91.27570343017578
celery\t\smoke\workers\dev.py,0.9634642004966736,101.90839385986328,3.9836349487304688,11.13554859161377,4.735230445861816,9.305685043334961,5.6875319480896,2.195056676864624,11.067916870117188,124.1075439453125,worker,124.1075439453125
celery\t\unit\contrib\test_abortable.py,11.821318626403809,8.304096221923828,5.9840874671936035,105.04927825927734,1.000832438468933,1.000832438468933,7.854781627655029,3.285482168197632,6.340259075164795,10.461263656616211,contrib,105.04927825927734
celery\celery\utils\objects.py,3.8482401371002197,11.146539688110352,11.810934066772461,9.81350040435791,3.5875158309936523,3.5875158309936523,4.9096455574035645,7.789323329925537,91.7547836303711,7.462069988250732,utils,91.7547836303711
celery\celery\app\task.py,75.84680938720703,107.9064712524414,26.02176284790039,17.43831443786621,128.31219482421875,7.470600128173828,84.94120788574219,17.79861068725586,30.075437545776367,95.89537048339844,events,128.31219482421875
celery\examples\stamping\visitors.py,5.515285491943359,8.199557304382324,3.972221851348877,4.272046089172363,6.667269229888916,1.8017094135284424,62.381263732910156,2.986874580383301,3.3606643676757812,7.650667190551758,loaders,62.381263732910156
celery\celery\app\trace.py,65.85176849365234,44.79082489013672,19.496959686279297,11.193892478942871,31.618846893310547,3.627974510192871,104.92996215820312,42.858306884765625,22.619539260864258,101.14291381835938,loaders,104.92996215820312
celery\celery\worker\strategy.py,12.266580581665039,31.726476669311523,12.965560913085938,6.529072284698486,200.19552612304688,1.0007768869400024,68.26532745361328,8.567252159118652,18.18985366821289,71.62779235839844,events,200.19552612304688
celery\celery\worker\control.py,47.037052154541016,158.39987182617188,26.669858932495117,82.92597961425781,165.5316925048828,13.919724464416504,73.17022705078125,17.458755493164062,37.533042907714844,111.71797943115234,events,165.5316925048828
celery\t\smoke\tests\quorum_queues\__init__.py,0.1726987361907959,6.775660514831543,0.0,4.395910263061523,1.0009156465530396,1.0009156465530396,1.0009156465530396,1.0009156465530396,1.537955641746521,1.5228418111801147,bin,6.775660514831543
celery\t\integration\test_security.py,64.15447998046875,52.226951599121094,13.73631477355957,28.44076156616211,46.94707489013672,6.9405694007873535,13.266561508178711,225.74176025390625,24.867115020751953,84.99114990234375,security,225.74176025390625
celery\t\smoke\tests\test_canvas.py,65.6417007446289,27.630842208862305,12.13317584991455,16.34346580505371,5.21316385269165,1.9107178449630737,20.242433547973633,7.119449615478516,9.342429161071777,89.8399887084961,worker,89.8399887084961
celery\t\unit\worker\test_bootsteps.py,5.8404622077941895,38.45261764526367,7.183088302612305,14.240608215332031,10.135537147521973,4.371392726898193,13.575735092163086,3.364217519760132,18.42816925048828,87.25411987304688,worker,87.25411987304688
celery\t\unit\worker\test_loops.py,16.643714904785156,68.39220428466797,22.222274780273438,23.535593032836914,147.58322143554688,7.335029125213623,70.4593734741211,17.620105743408203,42.53529739379883,86.93285369873047,events,147.58322143554688
celery\celery\worker\worker.py,24.5362548828125,44.0583381652832,139.25196838378906,25.0101318359375,148.65110778808594,13.525947570800781,82.03882598876953,14.150185585021973,55.5887336730957,122.01362609863281,events,148.65110778808594
celery\celery\backends\dynamodb.py,90.07300567626953,44.88785934448242,8.855135917663574,12.309606552124023,15.491631507873535,13.337891578674316,8.888907432556152,20.096590042114258,53.25198745727539,15.788538932800293,backends,90.07300567626953
celery\celery\utils\graph.py,13.618940353393555,88.73271942138672,11.783052444458008,9.462885856628418,13.217589378356934,9.422080993652344,8.441605567932129,6.466729640960693,88.57549285888672,20.901880264282227,bin,88.73271942138672
celery\celery\backends\database\models.py,97.0900650024414,19.402624130249023,13.184046745300293,7.474607944488525,15.657026290893555,2.5105061531066895,11.196619033813477,8.442913055419922,10.240702629089355,81.88206481933594,backends,97.0900650024414
celery\t\smoke\tests\test_thread_safe.py,5.603735446929932,20.121688842773438,17.78466033935547,12.527188301086426,9.458312034606934,1.0011439323425293,11.9371976852417,4.0527215003967285,12.248688697814941,105.1106185913086,worker,105.1106185913086
celery\t\smoke\tests\stamping\__init__.py,0.17289286851882935,3.874882936477661,0.0,4.39747953414917,1.0009167194366455,1.0009167194366455,1.0009167194366455,1.0009167194366455,1.538560390472412,1.5234295129776,contrib,4.39747953414917
celery\t\unit\contrib\django\test_task.py,13.839963912963867,13.833781242370605,11.797635078430176,110.50482940673828,3.543354034423828,7.589503288269043,12.551648139953613,5.922759532928467,12.644783020019531,12.596378326416016,contrib,110.50482940673828
celery\t\smoke\tests\test_worker.py,42.85213851928711,32.20780563354492,74.69998931884766,24.311744689941406,12.77485179901123,6.0142645835876465,16.9455623626709,15.190999984741211,15.096770286560059,113.63629150390625,worker,113.63629150390625
celery\celery\concurrency\asynpool.py,26.510717391967773,115.3508529663086,80.32659912109375,17.924827575683594,145.236572265625,10.436790466308594,72.81244659423828,15.588659286499023,57.83280563354492,126.61579895019531,events,145.236572265625
celery\t\unit\bin\test_beat.py,8.571627616882324,120.14888763427734,2.202951431274414,8.800776481628418,1.0011155605316162,4.685355186462402,15.111958503723145,1.7590001821517944,8.510690689086914,2.842135190963745,bin,120.14888763427734
celery\celery\events\dispatcher.py,7.757310390472412,62.22353744506836,10.923894882202148,5.3852033615112305,164.55953979492188,3.4291388988494873,48.77910614013672,8.032770156860352,13.693791389465332,6.88375186920166,events,164.55953979492188
celery\t\unit\backends\test_cassandra.py,93.763427734375,34.01560974121094,24.72855567932129,23.397132873535156,22.206951141357422,8.500420570373535,45.137672424316406,22.787338256835938,26.614849090576172,23.23554039001465,backends,93.763427734375
celery\t\smoke\tests\failover\__init__.py,0.17289286851882935,3.874882936477661,0.0,4.39747953414917,1.0009167194366455,1.0009167194366455,1.0009167194366455,1.0009167194366455,1.538560390472412,1.5234295129776,contrib,4.39747953414917
celery\t\smoke\tests\__init__.py,0.1730874627828598,3.8758676052093506,0.0,4.399052143096924,1.000917673110962,1.000917673110962,1.000917673110962,1.000917673110962,1.5391665697097778,1.52401864528656,contrib,4.399052143096924
celery\t\unit\conftest.py,81.7286605834961,186.6712188720703,29.84620475769043,28.018722534179688,21.603260040283203,12.736237525939941,71.31354522705078,19.053537368774414,46.309600830078125,122.16352081298828,bin,186.6712188720703
celery\celery\utils\collections.py,12.701462745666504,104.52223205566406,7.062040328979492,11.386322021484375,7.1667938232421875,7.760074615478516,9.163448333740234,9.181702613830566,72.04078674316406,11.530454635620117,bin,104.52223205566406
celery\examples\eventlet\webcrawler.py,10.141664505004883,8.441073417663574,9.015166282653809,2.720608949661255,5.96771240234375,1.000832438468933,7.199967384338379,3.208974599838257,40.904266357421875,8.49748420715332,utils,40.904266357421875
celery\t\unit\app\test_log.py,14.058194160461426,41.867427825927734,21.957908630371094,21.004690170288086,23.45429801940918,11.643942832946777,52.192481994628906,15.35258674621582,130.84519958496094,74.69192504882812,utils,130.84519958496094
celery\t\integration\test_backend.py,52.07097625732422,8.972521781921387,4.2115960121154785,12.550436973571777,7.87711763381958,8.175909042358398,4.311707496643066,4.83506441116333,5.070640563964844,6.133328914642334,backends,52.07097625732422
celery\celery\exceptions.py,51.16923522949219,14.0956449508667,8.182199478149414,4.395430088043213,7.922321319580078,1.0008925199508667,7.164717197418213,46.76609802246094,7.068756103515625,50.77448654174805,backends,51.16923522949219
celery\t\unit\utils\test_iso8601.py,3.855165481567383,4.887452125549316,0.7119640111923218,7.3282365798950195,2.183656692504883,3.3220694065093994,2.0686466693878174,3.678051471710205,78.79206085205078,7.714790344238281,utils,78.79206085205078
celery\t\unit\app\test_celery.py,1.5477402210235596,7.028789520263672,1.2451471090316772,7.060247421264648,1.001141905784607,1.001141905784607,3.386871337890625,1.6237155199050903,3.6134700775146484,2.246289014816284,contrib,7.060247421264648
celery\examples\celery_http_gateway\urls.py,4.155475616455078,8.114466667175293,3.4557251930236816,2.7209320068359375,4.728893756866455,1.8251259326934814,7.008714199066162,2.7290077209472656,26.481874465942383,6.190377712249756,utils,26.481874465942383
celery\celery\worker\pidbox.py,8.853342056274414,32.97970962524414,12.390495300292969,54.83247375488281,142.29205322265625,1.6809444427490234,10.448444366455078,6.694744110107422,14.037857055664062,70.5569839477539,events,142.29205322265625
celery\celery\app\defaults.py,88.01578521728516,68.11361694335938,82.58814239501953,51.85782241821289,140.9287567138672,7.951241493225098,20.101009368896484,133.17510986328125,26.33975601196289,97.99121856689453,events,140.9287567138672
celery\t\smoke\tests\test_signals.py,41.64142990112305,18.63184356689453,5.317030429840088,64.484375,9.406166076660156,1.001135230064392,15.997777938842773,3.311404228210449,7.8461456298828125,84.91062927246094,worker,84.91062927246094
celery\celery\worker\heartbeat.py,3.9990458488464355,16.014970779418945,5.0136942863464355,3.62778639793396,110.56494140625,2.847018003463745,9.285916328430176,2.1620335578918457,11.541969299316406,81.85523223876953,events,110.56494140625
celery\celery\app\control.py,25.399938583374023,85.69349670410156,23.953983306884766,71.07512664794922,105.71598815917969,5.471288681030273,63.574493408203125,10.252364158630371,23.927181243896484,28.307132720947266,events,105.71598815917969
celery\examples\periodic-tasks\myapp.py,6.094015598297119,17.607135772705078,4.26038932800293,6.533877849578857,6.042040824890137,2.600682258605957,10.532193183898926,3.1317391395568848,8.61978530883789,27.29430389404297,worker,27.29430389404297
celery\t\unit\apps\__init__.py,0.1730874627828598,3.1758406162261963,0.0,1.174005150794983,1.000917673110962,1.000917673110962,1.000917673110962,1.000917673110962,2.4874956607818604,1.174005150794983,bin,3.1758406162261963
celery\celery\backends\base.py,152.7587127685547,74.82384490966797,26.390892028808594,26.469465255737305,30.946226119995117,14.325305938720703,51.05982971191406,64.84416961669922,35.58625411987305,86.10794067382812,backends,152.7587127685547
celery\t\unit\concurrency\__init__.py,0.1730874627828598,3.1758406162261963,103.69924926757812,1.174005150794983,1.000917673110962,1.000917673110962,1.000917673110962,1.000917673110962,1.174005150794983,1.174005150794983,concurrency,103.69924926757812
celery\t\smoke\__init__.py,0.1732824742794037,3.1760387420654297,0.0,1.174201250076294,1.0009187459945679,1.0009187459945679,1.0009187459945679,1.0009187459945679,1.174201250076294,1.174201250076294,bin,3.1760387420654297
celery\t\smoke\workers\__init__.py,0.1730874627828598,8.794266700744629,0.0,1.174005150794983,2.6463043689727783,1.000917673110962,2.6463043689727783,1.000917673110962,2.8193917274475098,63.69869613647461,worker,63.69869613647461
celery\celery\worker\autoscale.py,6.865896701812744,67.7391357421875,135.4944610595703,3.613957166671753,47.656707763671875,1.000869631767273,12.089334487915039,7.501579284667969,6.827996730804443,86.02373504638672,concurrency,135.4944610595703
celery\celery\concurrency\solo.py,3.7253715991973877,13.667542457580566,116.90251922607422,3.940646171569824,3.429051160812378,1.6903362274169922,8.075629234313965,3.1076574325561523,6.887279033660889,72.3539810180664,concurrency,116.90251922607422
celery\celery\backends\rpc.py,150.78167724609375,82.23189544677734,23.586519241333008,20.25697135925293,102.77042388916016,3.5346450805664062,14.110872268676758,18.778114318847656,19.618600845336914,23.57707405090332,backends,150.78167724609375
celery\t\unit\concurrency\test_thread.py,10.799762725830078,13.33121109008789,103.49201965332031,9.340126991271973,59.23934555053711,3.738945960998535,15.544825553894043,3.0008230209350586,12.07200813293457,8.862322807312012,concurrency,103.49201965332031
celery\celery\loaders\default.py,4.769662857055664,10.653908729553223,9.535293579101562,7.238758087158203,5.250826835632324,8.766169548034668,163.19879150390625,7.46059513092041,18.00029945373535,26.776443481445312,loaders,163.19879150390625
celery\t\smoke\operations\worker_kill.py,0.2890893220901489,12.260880470275879,0.0,59.383087158203125,13.674727439880371,4.562649250030518,7.045323371887207,1.000846266746521,5.718747138977051,105.51773834228516,worker,105.51773834228516
celery\celery\utils\threads.py,6.672491550445557,13.639701843261719,10.805672645568848,5.205117702484131,56.95368194580078,3.486170768737793,9.89366626739502,3.3767731189727783,87.1053695678711,8.848666191101074,utils,87.1053695678711
celery\t\unit\contrib\test_sphinx.py,7.408862590789795,36.03132629394531,17.735952377319336,112.67229461669922,5.54318904876709,6.289083003997803,14.465886116027832,6.714829444885254,19.406736373901367,13.200493812561035,contrib,112.67229461669922
celery\celery\utils\time.py,18.61870002746582,55.061485290527344,9.999210357666016,9.815457344055176,12.51408863067627,9.373461723327637,12.049994468688965,8.80553150177002,107.07355499267578,15.064807891845703,utils,107.07355499267578
celery\examples\resultgraph\tasks.py,60.7142219543457,18.941946029663086,7.627678394317627,11.475435256958008,2.508042335510254,1.0007754564285278,10.246543884277344,6.492561340332031,37.355918884277344,13.88974380493164,backends,60.7142219543457
celery\celery\backends\azureblockblob.py,106.66011810302734,7.421956539154053,1.6263322830200195,4.342135429382324,1.000869631767273,3.173565626144409,4.32987117767334,4.147642135620117,6.922642707824707,4.547073841094971,backends,106.66011810302734
celery\examples\stamping\config.py,46.29572677612305,5.191177845001221,0.0,2.7703053951263428,1.5138821601867676,1.0010359287261963,1.5138821601867676,1.0010359287261963,3.920712471008301,20.489192962646484,backends,46.29572677612305
celery\celery\utils\static\__init__.py,0.16965071856975555,7.488239765167236,1.7707641124725342,2.5693016052246094,5.753252983093262,4.478085994720459,3.6619014739990234,2.399650812149048,91.69388580322266,3.1961445808410645,utils,91.69388580322266
celery\celery\contrib\testing\app.py,62.02351379394531,17.021257400512695,2.003584146499634,97.14571380615234,9.86154842376709,1.0010722875595093,10.07811450958252,1.3480346202850342,33.92148971557617,100.68302154541016,worker,100.68302154541016
celery\examples\next-steps\setup.py,7.530385971069336,57.08802032470703,10.44882869720459,15.240483283996582,7.4223456382751465,4.419891834259033,7.4221625328063965,3.1787092685699463,8.596342086791992,13.830686569213867,bin,57.08802032470703
celery\examples\django\proj\__init__.py,0.4854852855205536,3.175814628601074,0.667595386505127,4.221500396728516,1.001038670539856,4.048801422119141,1.001038670539856,1.001038670539856,2.6429171562194824,1.1737374067306519,contrib,4.221500396728516
celery\examples\next-steps\proj\__init__.py,0.17289286851882935,3.540393590927124,0.6683458685874939,1.75650954246521,1.0009167194366455,1.0009167194366455,1.0009167194366455,1.0009167194366455,1.7209358215332031,1.17380952835083,bin,3.540393590927124
celery\t\integration\test_loader.py,8.378092765808105,17.22289276123047,15.681171417236328,19.27082061767578,3.715801239013672,6.423679828643799,76.02925872802734,6.686069488525391,16.74347496032715,19.8195858001709,loaders,76.02925872802734
celery\t\unit\backends\test_couchdb.py,154.00079345703125,23.045679092407227,14.263094902038574,16.516592025756836,24.854572296142578,8.492563247680664,90.53526306152344,7.280521869659424,22.048330307006836,22.834049224853516,backends,154.00079345703125
celery\t\unit\app\test_registry.py,13.684764862060547,36.29924011230469,12.705436706542969,14.483877182006836,3.179391860961914,3.179391860961914,14.312483787536621,6.414179801940918,13.664200782775879,15.48742389678955,bin,36.29924011230469
celery\t\unit\utils\test_objects.py,0.8958882689476013,26.97159194946289,1.2982444763183594,5.013650894165039,1.000901460647583,1.000901460647583,2.0312371253967285,1.3443467617034912,86.76640319824219,1.896789789199829,utils,86.76640319824219
celery\examples\stamping\examples.py,3.4769701957702637,8.058255195617676,4.863457202911377,2.2931363582611084,6.152755260467529,1.000787377357483,6.8366379737854,2.7392725944519043,2.621182680130005,5.80061674118042,bin,8.058255195617676
celery\examples\next-steps\proj\celery.py,51.38045883178711,13.65158462524414,3.640944719314575,5.358173847198486,2.7550177574157715,2.6283466815948486,8.46103572845459,2.4284934997558594,8.915959358215332,25.678075790405273,backends,51.38045883178711
celery\celery\backends\consul.py,82.41657257080078,10.646184921264648,7.284040927886963,7.949621677398682,2.034714460372925,8.950798988342285,3.2059240341186523,6.877162456512451,4.29633092880249,5.9741668701171875,backends,82.41657257080078
celery\celery\backends\filesystem.py,120.84563446044922,36.77836227416992,6.9283013343811035,12.321328163146973,7.456897735595703,6.631628036499023,9.289525985717773,8.023900985717773,20.090740203857422,9.722037315368652,backends,120.84563446044922
celery\celery\utils\nodenames.py,9.27499008178711,31.19400405883789,0.7070935368537903,4.381557941436768,2.918972969055176,1.0009949207305908,3.991032123565674,6.347182750701904,84.48351287841797,75.45601654052734,utils,84.48351287841797
celery\celery\bootsteps.py,10.574475288391113,75.47566986083984,14.13991928100586,9.499502182006836,49.65288162231445,5.900190830230713,13.90652084350586,4.9224772453308105,22.865224838256836,94.12223052978516,worker,94.12223052978516
celery\t\smoke\tests\stamping\test_revoke.py,46.498043060302734,18.426769256591797,3.656740188598633,52.8839111328125,9.312283515930176,1.0011428594589233,61.583499908447266,2.8295130729675293,10.25005054473877,86.38813018798828,worker,86.38813018798828
celery\t\unit\utils\test_timer2.py,6.115324974060059,18.579214096069336,7.240602493286133,6.5875444412231445,58.106624603271484,3.742112398147583,6.875074863433838,2.5481925010681152,97.00228881835938,5.56133508682251,utils,97.00228881835938
celery\celery\contrib\testing\tasks.py,4.02578592300415,10.75118350982666,4.6896538734436035,103.8755874633789,1.0010849237442017,1.0010849237442017,7.039763927459717,3.0139780044555664,4.031493186950684,8.331250190734863,contrib,103.8755874633789
celery\celery\events\dumper.py,7.162909507751465,24.18598747253418,9.093456268310547,7.340043067932129,166.1715850830078,6.2741923332214355,18.0612735748291,5.957883834838867,22.848459243774414,82.13941955566406,events,166.1715850830078
celery\t\unit\worker\test_autoscale.py,17.2708797454834,73.9746322631836,134.6744842529297,14.071409225463867,65.33543395996094,3.7440719604492188,20.876720428466797,14.268978118896484,18.421632766723633,99.57652282714844,concurrency,134.6744842529297
celery\celery\utils\timer2.py,7.167659282684326,20.41383934020996,9.72370433807373,6.475641250610352,53.438941955566406,3.0503525733947754,9.481165885925293,3.6375813484191895,87.57868194580078,9.140644073486328,utils,87.57868194580078
celery\celery\bin\__init__.py,0.1732824742794037,99.43968200683594,0.0,1.1743230819702148,1.0010405778884888,1.0010405778884888,1.3592199087142944,1.0010405778884888,1.5325024127960205,1.1743230819702148,bin,99.43968200683594
celery\t\unit\security\case.py,2.430075168609619,3.2924561500549316,0.5794430375099182,3.7742433547973633,1.0009115934371948,1.0009115934371948,2.8700761795043945,127.71402740478516,1.0009115934371948,2.0488193035125732,security,127.71402740478516
celery\t\smoke\tests\stamping\conftest.py,3.6358509063720703,16.473115921020508,3.0534908771514893,10.774528503417969,7.029117584228516,1.0011048316955566,8.044756889343262,2.527850389480591,4.2545881271362305,99.68684387207031,worker,99.68684387207031
celery\t\smoke\tests\stamping\test_visitor.py,12.02773666381836,15.105181694030762,4.421955108642578,9.223677635192871,4.582075119018555,1.0008125305175781,48.4372673034668,5.083844184875488,6.390511512756348,81.18004608154297,worker,81.18004608154297
celery\celery\worker\consumer\control.py,6.487321376800537,40.19418716430664,9.817919731140137,66.56572723388672,5.808050632476807,1.7029132843017578,10.457487106323242,5.100606918334961,5.15314245223999,86.20578002929688,worker,86.20578002929688
celery\examples\pydantic\tasks.py,6.077957630157471,11.674084663391113,4.105269432067871,5.558778285980225,1.5015580654144287,1.0010217428207397,7.659461975097656,3.0536563396453857,3.528433322906494,26.368087768554688,worker,26.368087768554688
celery\celery\concurrency\__init__.py,8.918686866760254,13.908252716064453,147.07321166992188,1.6503615379333496,49.59952163696289,1.001150131225586,6.730470180511475,3.957780361175537,8.354606628417969,73.63530731201172,concurrency,147.07321166992188
celery\t\unit\app\test_loaders.py,117.51561737060547,80.08675384521484,23.866640090942383,25.465944290161133,8.033023834228516,12.555355072021484,198.48744201660156,13.851536750793457,38.370384216308594,105.73821258544922,loaders,198.48744201660156
celery\celery\worker\consumer\agent.py,0.4952639043331146,8.633811950683594,0.0,2.2228336334228516,7.208084583282471,1.001019835472107,2.861635446548462,1.001019835472107,4.508360385894775,75.33319854736328,worker,75.33319854736328
celery\t\unit\bin\test_worker.py,23.33909797668457,137.3500518798828,98.96131134033203,14.314990997314453,8.941978454589844,9.410820007324219,16.77313232421875,6.746297836303711,10.539741516113281,97.0738296508789,bin,137.3500518798828
celery\celery\contrib\rdb.py,6.613117218017578,81.31719970703125,6.723367214202881,92.22282409667969,15.324414253234863,4.343052387237549,9.806729316711426,3.2620434761047363,8.597912788391113,11.744071006774902,contrib,92.22282409667969
celery\t\unit\utils\test_saferepr.py,16.18961524963379,76.98506164550781,3.2336857318878174,10.979436874389648,2.7873048782348633,2.0097687244415283,4.835912227630615,5.363261699676514,74.02932739257812,4.885052680969238,bin,76.98506164550781
celery\t\unit\app\test_routes.py,11.426799774169922,67.92869567871094,8.515815734863281,13.279768943786621,1.0010346174240112,1.2633363008499146,10.316778182983398,7.048610687255859,8.126725196838379,10.506185531616211,bin,67.92869567871094
celery\celery\app\registry.py,11.10669231414795,19.033933639526367,16.44134521484375,10.61428165435791,5.847860813140869,12.873602867126465,12.793951034545898,7.702662467956543,12.529196739196777,18.10193634033203,bin,19.033933639526367
celery\t\unit\bin\proj\app.py,0.8564857244491577,102.54707336425781,3.83079195022583,6.65435266494751,2.7651760578155518,2.974313497543335,3.118184804916382,1.0010319948196411,4.913055896759033,68.03850555419922,bin,102.54707336425781
celery\t\smoke\operations\worker_restart.py,0.29029443860054016,11.891955375671387,5.691959381103516,46.42701721191406,13.350259780883789,3.8198130130767822,4.355675220489502,1.0008498430252075,5.0207366943359375,107.3369140625,worker,107.3369140625
celery\t\unit\tasks\test_canvas.py,54.649993896484375,141.4100341796875,12.196184158325195,32.165283203125,15.199700355529785,9.319085121154785,46.1034049987793,10.438004493713379,36.05051040649414,25.43548011779785,bin,141.4100341796875
celery\t\smoke\workers\latest.py,0.6980013847351074,29.866323471069336,0.3443380296230316,10.736512184143066,4.1245808601379395,8.725171089172363,5.084474086761475,1.5778157711029053,9.393357276916504,122.468017578125,worker,122.468017578125
celery\celery\__init__.py,15.789336204528809,49.32733154296875,138.76388549804688,9.195818901062012,56.372100830078125,7.4893317222595215,17.4296817779541,7.542257308959961,97.52803039550781,18.967144012451172,concurrency,138.76388549804688
celery\celery\concurrency\prefork.py,15.340982437133789,29.684776306152344,125.215576171875,11.220474243164062,78.09133911132812,8.320541381835938,71.4144058227539,11.584747314453125,28.520435333251953,105.67620086669922,concurrency,125.215576171875
celery\celery\utils\quorum_queues.py,1.869277834892273,9.812923431396484,1.2800824642181396,2.8600220680236816,1.5736873149871826,1.0010179281234741,1.5736873149871826,1.0010179281234741,87.49150085449219,22.7624568939209,utils,87.49150085449219
celery\celery\concurrency\thread.py,7.80025577545166,13.095556259155273,123.14119720458984,1.956980586051941,3.5283358097076416,1.5654323101043701,8.903915405273438,3.4108290672302246,11.911837577819824,67.63727569580078,concurrency,123.14119720458984
celery\celery\bin\beat.py,10.537752151489258,145.11521911621094,1.9340271949768066,16.589200973510742,4.078298568725586,8.40317440032959,16.69040870666504,2.638291835784912,15.793560981750488,24.679290771484375,bin,145.11521911621094
celery\examples\stamping\myapp.py,5.407108306884766,11.458191871643066,3.6466739177703857,2.1254632472991943,4.475210189819336,2.5863075256347656,60.751888275146484,4.610373497009277,8.097565650939941,7.985588073730469,loaders,60.751888275146484
celery\t\unit\bin\celery.py,0.0,99.19744873046875,0.0,1.001039981842041,1.001039981842041,1.001039981842041,1.358816146850586,1.001039981842041,1.358816146850586,1.001039981842041,bin,99.19744873046875
celery\celery\security\serialization.py,6.714466094970703,9.266654014587402,7.213748455047607,6.234230041503906,7.143733978271484,4.641470432281494,35.591224670410156,160.97860717773438,13.577285766601562,7.840879917144775,security,160.97860717773438
celery\celery\apps\beat.py,4.75515604019165,17.344327926635742,5.078238487243652,4.009440898895264,7.325314521789551,5.831450939178467,70.82779693603516,5.688140869140625,21.379411697387695,75.7173843383789,worker,75.7173843383789
celery\t\unit\events\test_events.py,20.976503372192383,65.13711547851562,13.673977851867676,14.087894439697266,262.9074401855469,3.7669405937194824,29.490751266479492,13.46576976776123,31.46915054321289,79.1297378540039,events,262.9074401855469
celery\celery\utils\abstract.py,4.7934417724609375,8.812958717346191,3.5874733924865723,4.766793727874756,1.0009552240371704,1.9161936044692993,5.514285087585449,2.9004404544830322,86.59387969970703,6.370048522949219,utils,86.59387969970703
celery\celery\utils\serialization.py,8.756723403930664,33.35837936401367,15.903651237487793,10.280232429504395,10.25179386138916,8.664405822753906,52.675079345703125,17.38616180419922,92.7580337524414,13.41776180267334,utils,92.7580337524414
celery\t\smoke\tests\quorum_queues\test_quorum_queues.py,9.33459758758545,19.316255569458008,1.3120242357254028,10.631644248962402,6.554281711578369,4.729483127593994,11.493500709533691,1.7570745944976807,8.366907119750977,106.37763214111328,worker,106.37763214111328
celery\celery\backends\mongodb.py,135.86947631835938,96.57408142089844,14.492895126342773,12.528120994567871,16.629358291625977,4.7032151222229,12.886616706848145,6.373032093048096,13.659832954406738,79.58743286132812,backends,135.86947631835938
celery\celery\worker\consumer\delayed_delivery.py,15.895241737365723,111.46503448486328,7.86912727355957,10.373536109924316,8.341647148132324,7.5829644203186035,16.868375778198242,7.009194374084473,44.62837600708008,96.09910583496094,bin,111.46503448486328
celery\t\unit\fixups\test_django.py,43.92182922363281,45.60722351074219,121.63131713867188,88.98291015625,13.51308536529541,274.30322265625,61.07223129272461,13.430668830871582,86.90278625488281,109.68797302246094,fixups,274.30322265625
celery\t\unit\__init__.py,0.1732824742794037,3.1760387420654297,0.0,1.174201250076294,1.0009187459945679,1.0009187459945679,1.0009187459945679,1.0009187459945679,1.174201250076294,1.174201250076294,bin,3.1760387420654297
celery\celery\bin\logtool.py,19.21714210510254,123.40461730957031,8.21784782409668,9.051420211791992,13.497746467590332,8.736100196838379,15.375107765197754,6.797901630401611,14.054974555969238,12.62698745727539,bin,123.40461730957031
celery\t\smoke\tests\failover\test_broker_failover.py,12.438974380493164,16.5815486907959,1.4934637546539307,13.48287296295166,7.55665397644043,9.036478042602539,6.997997283935547,1.7504273653030396,13.231531143188477,103.75104522705078,worker,103.75104522705078
celery\t\unit\backends\test_asynchronous.py,146.59974670410156,42.39741897583008,18.61802101135254,16.230138778686523,183.28591918945312,9.955028533935547,17.17060661315918,6.726378440856934,91.24909210205078,32.30146789550781,events,183.28591918945312
celery\t\unit\app\test_preload_cli.py,11.264293670654297,174.4033203125,3.6452765464782715,10.857488632202148,2.3515307903289795,1.0010954141616821,4.539769172668457,2.310826063156128,6.049169540405273,5.209609031677246,bin,174.4033203125
celery\t\unit\bin\proj\scheduler.py,1.4307531118392944,99.14469146728516,4.222761154174805,1.0009125471115112,1.0009125471115112,1.0009125471115112,2.2268240451812744,2.0352871417999268,1.599016547203064,3.069661855697632,bin,99.14469146728516
celery\t\unit\app\test_app.py,115.5482406616211,171.92642211914062,40.22707748413086,41.08597946166992,49.51651382446289,144.33963012695312,83.89143371582031,113.49226379394531,109.01984405517578,145.08331298828125,bin,171.92642211914062
celery\t\skip.py,2.727682113647461,5.959503650665283,3.103524923324585,8.372289657592773,1.3791879415512085,1.0008964538574219,2.9577951431274414,4.156907558441162,1.9793035984039307,16.02829933166504,worker,16.02829933166504
celery\celery\events\state.py,25.267221450805664,67.08653259277344,19.25067138671875,17.088306427001953,182.50933837890625,8.424662590026855,29.03801155090332,12.284635543823242,23.513389587402344,135.40524291992188,events,182.50933837890625
celery\celery\app\routes.py,5.77609920501709,13.35032844543457,3.8037643432617188,4.452765941619873,1.0008925199508667,1.0008925199508667,6.62606954574585,2.7300801277160645,3.7332355976104736,5.539681911468506,bin,13.35032844543457
celery\celery\backends\database\__init__.py,136.48550415039062,36.821537017822266,7.945104598999023,10.224149703979492,17.615428924560547,3.7974586486816406,13.457245826721191,5.354831218719482,16.26955795288086,20.746809005737305,backends,136.48550415039062
celery\celery\events\cursesmon.py,23.42011833190918,170.14747619628906,15.245591163635254,62.6602668762207,138.6066131591797,9.441319465637207,24.96224594116211,8.865796089172363,31.283004760742188,152.8848419189453,bin,170.14747619628906
celery\t\unit\backends\test_gcs.py,154.87228393554688,38.31328582763672,11.575950622558594,16.29766082763672,13.330584526062012,7.482463836669922,13.629788398742676,9.309308052062988,20.14037322998047,25.56119155883789,backends,154.87228393554688
celery\t\unit\worker\test_heartbeat.py,7.805463790893555,39.86039352416992,5.606889247894287,9.256693840026855,63.36072540283203,4.036015033721924,9.254497528076172,8.329689025878906,14.048036575317383,81.71529388427734,worker,81.71529388427734
celery\examples\eventlet\tasks.py,8.065171241760254,11.771500587463379,7.369558334350586,4.401791095733643,5.000888824462891,1.000888705253601,6.966709613800049,2.9894955158233643,6.724722862243652,9.213349342346191,bin,11.771500587463379
celery\t\__init__.py,0.1734779328107834,3.1762373447418213,0.0,1.1743977069854736,1.0009198188781738,1.0009198188781738,1.0009198188781738,1.0009198188781738,1.1743977069854736,1.1743977069854736,bin,3.1762373447418213
celery\celery\utils\sysinfo.py,11.775476455688477,5.5130391120910645,0.0,1.7408623695373535,4.413323402404785,1.0009828805923462,1.0009828805923462,1.0009828805923462,82.43340301513672,2.3338804244995117,utils,82.43340301513672
celery\celery\__main__.py,0.5547391176223755,5.334214687347412,102.82379150390625,1.0010319948196411,1.0010319948196411,2.2736849784851074,3.332150459289551,1.3818386793136597,6.419733047485352,1.0010319948196411,concurrency,102.82379150390625
celery\celery\bin\upgrade.py,4.037032604217529,140.95506286621094,8.869552612304688,13.610861778259277,13.951079368591309,19.457460403442383,13.885659217834473,9.211545944213867,23.639799118041992,7.1723432540893555,bin,140.95506286621094
celery\celery\security\utils.py,2.5835185050964355,4.0030517578125,0.0,1.0010172128677368,1.0010172128677368,1.0010172128677368,1.0010172128677368,135.52976989746094,85.17000579833984,1.0010172128677368,security,135.52976989746094
celery\t\unit\utils\test_platforms.py,13.624232292175293,84.12711334228516,18.45018196105957,24.855615615844727,19.48537254333496,12.109896659851074,14.477258682250977,57.78919982910156,107.05422973632812,49.86735916137695,utils,107.05422973632812
celery\t\smoke\tests\test_tasks.py,18.05355453491211,27.213062286376953,95.25653076171875,15.950782775878906,11.23562240600586,5.293312072753906,16.064071655273438,7.838136196136475,18.167190551757812,90.04576873779297,concurrency,95.25653076171875
celery\celery\contrib\pytest.py,12.165287017822266,25.302734375,21.070510864257812,98.52311706542969,7.321286678314209,7.569121837615967,77.77855682373047,6.638757705688477,20.470563888549805,113.50416564941406,worker,113.50416564941406
celery\t\unit\utils\test_functional.py,7.489712238311768,119.3916244506836,5.847286701202393,13.692302703857422,4.994772911071777,6.3403143882751465,7.780072212219238,4.619912624359131,68.72089385986328,7.102565765380859,bin,119.3916244506836
celery\t\smoke\tests\quorum_queues\test_native_delayed_delivery_binding.py,4.385711669921875,54.17958450317383,3.827430009841919,12.37518310546875,8.270158767700195,1.7238802909851074,10.706941604614258,5.825305938720703,6.528280735015869,108.56214141845703,worker,108.56214141845703
celery\t\smoke\tests\test_dedup_chain_dispatch.py,14.248157501220703,25.12222671508789,5.270082950592041,12.551018714904785,5.8231892585754395,1.6212353706359863,11.203631401062012,3.9462292194366455,9.067312240600586,85.74595642089844,worker,85.74595642089844
celery\celery\contrib\testing\__init__.py,0.1730874627828598,3.1762073040008545,0.0,101.95548248291016,1.001039981842041,1.001039981842041,1.001039981842041,1.001039981842041,1.174127459526062,2.47578763961792,contrib,101.95548248291016
celery\t\smoke\tests\quorum_queues\conftest.py,4.205783843994141,105.47981262207031,7.493648052215576,15.619949340820312,8.827322959899902,8.506786346435547,11.430920600891113,5.674396991729736,12.308732032775879,149.59170532226562,worker,149.59170532226562
celery\t\unit\concurrency\test_solo.py,2.9253921508789062,15.414069175720215,106.51728057861328,5.715537071228027,4.4615912437438965,1.7619686126708984,7.773943901062012,2.3586807250976562,5.139247417449951,78.35091400146484,concurrency,106.51728057861328
celery\examples\django\demoapp\views.py,0.0,3.0027530193328857,0.0,4.053289890289307,1.000917673110962,4.053289890289307,1.000917673110962,1.000917673110962,1.000917673110962,1.000917673110962,fixups,4.053289890289307
celery\examples\celery_http_gateway\tasks.py,4.02578592300415,9.555869102478027,4.02578592300415,3.592724323272705,1.0010353326797485,1.0010353326797485,7.039714336395264,3.0139284133911133,1.0010353326797485,7.039714336395264,bin,9.555869102478027
celery\celery\security\key.py,47.98916244506836,7.2236809730529785,4.640676498413086,8.657354354858398,2.9072299003601074,2.9072299003601074,3.239919900894165,142.48764038085938,10.046308517456055,3.3900833129882812,security,142.48764038085938
celery\t\smoke\tests\quorum_queues\test_native_delayed_delivery.py,26.356725692749023,36.79310607910156,37.146331787109375,22.71734619140625,12.12498950958252,8.412358283996582,24.343393325805664,12.50914192199707,14.69208812713623,116.75263977050781,worker,116.75263977050781
celery\celery\utils\term.py,9.73001766204834,28.179683685302734,11.875371932983398,13.282559394836426,5.048974514007568,6.910218715667725,4.231103897094727,7.196555137634277,84.51171875,5.928084373474121,utils,84.51171875
celery\celery\events\event.py,5.531024932861328,8.88410472869873,3.509472131729126,3.4833531379699707,155.30819702148438,2.8145864009857178,2.99522066116333,4.844473838806152,8.727178573608398,3.4833531379699707,events,155.30819702148438
celery\examples\django\demoapp\__init__.py,0.1730874627828598,3.1758406162261963,0.0,4.226377010345459,1.000917673110962,4.053289890289307,1.000917673110962,1.000917673110962,1.174005150794983,1.174005150794983,contrib,4.226377010345459
celery\celery\concurrency\eventlet.py,11.60372543334961,21.74374008178711,122.68128967285156,8.158588409423828,11.488313674926758,6.045430660247803,15.441825866699219,8.012788772583008,21.69272804260254,13.678394317626953,concurrency,122.68128967285156
celery\celery\backends\cosmosdbsql.py,117.69855499267578,12.081348419189453,2.713646411895752,4.171825885772705,4.3952836990356445,2.4126944541931152,6.413017749786377,4.0005974769592285,8.47962474822998,4.462402820587158,backends,117.69855499267578
celery\t\unit\concurrency\test_eventlet.py,16.248817443847656,23.331340789794922,137.6239776611328,14.221968650817871,9.438495635986328,6.605900764465332,14.930293083190918,8.884249687194824,21.447158813476562,15.221108436584473,concurrency,137.6239776611328
celery\extra\release\attribution.py,0.0,32.55770492553711,0.0,1.5619657039642334,1.0008533000946045,4.352224349975586,2.9989235401153564,1.0008533000946045,8.302458763122559,1.0008533000946045,bin,32.55770492553711
celery\celery\bin\multi.py,11.418914794921875,160.0533447265625,9.411320686340332,12.285103797912598,18.485885620117188,10.325284957885742,12.593372344970703,5.363901615142822,57.24601364135742,11.483391761779785,bin,160.0533447265625
celery\examples\eventlet\bulk_task_producer.py,11.628920555114746,9.375716209411621,8.031668663024902,3.4320175647735596,47.83252716064453,1.7091655731201172,6.678053855895996,2.7016403675079346,6.943928241729736,5.4578962326049805,events,47.83252716064453
celery\t\unit\utils\test_graph.py,4.159187316894531,8.234000205993652,1.6074638366699219,5.857059955596924,1.5660059452056885,1.000787377357483,2.658003568649292,2.372610092163086,88.84815216064453,24.15166473388672,utils,88.84815216064453
celery\celery\bin\migrate.py,9.694252014160156,129.58609008789062,6.991854667663574,20.273923873901367,10.848161697387695,3.514878988265991,12.424407005310059,12.286240577697754,34.82326126098633,29.638648986816406,bin,129.58609008789062
celery\celery\worker\consumer\mingle.py,8.928754806518555,20.536352157592773,9.381806373596191,40.75011444091797,144.97610473632812,2.6106574535369873,7.460750102996826,7.25395393371582,14.090328216552734,74.57884216308594,events,144.97610473632812
celery\t\unit\tasks\test_trace.py,80.16800689697266,92.90847778320312,11.729255676269531,18.784042358398438,31.29977798461914,4.659723281860352,48.84456253051758,7.547210216522217,22.116090774536133,107.51703643798828,worker,107.51703643798828
celery\celery\utils\iso8601.py,1.4827120304107666,4.257779598236084,0.0,1.2142597436904907,1.9016194343566895,1.0009419918060303,1.4544183015823364,1.0009419918060303,80.6019515991211,1.6645984649658203,utils,80.6019515991211
celery\celery\loaders\__init__.py,0.6727729439735413,3.57002592086792,0.0,1.1701973676681519,1.0011062622070312,1.0011062622070312,171.36224365234375,1.0011062622070312,7.960270404815674,1.1701973676681519,loaders,171.36224365234375
celery\celery\backends\asynchronous.py,131.7620849609375,38.737361907958984,20.014827728271484,9.828250885009766,217.06008911132812,7.8980488777160645,20.383211135864258,11.67647933959961,55.17744445800781,19.736473083496094,events,217.06008911132812
celery\t\unit\events\test_state.py,19.747867584228516,93.9947738647461,16.68512535095215,18.519250869750977,181.6438446044922,5.913071632385254,38.96745300292969,10.451478004455566,52.817535400390625,166.0160675048828,events,181.6438446044922
celery\t\unit\worker\test_strategy.py,13.55220890045166,52.677467346191406,9.433423042297363,14.633294105529785,151.97459411621094,3.361645460128784,68.54771423339844,11.012066841125488,21.5015811920166,88.29227447509766,events,151.97459411621094
celery\t\integration\test_database_backend.py,117.63514709472656,40.22666549682617,13.562247276306152,15.791929244995117,8.114208221435547,8.08258056640625,10.4625244140625,5.182404518127441,14.195084571838379,12.069130897521973,backends,117.63514709472656
celery\celery\bin\worker.py,27.070802688598633,181.28428649902344,130.93850708007812,25.805429458618164,106.46915435791016,11.38493537902832,28.984567642211914,48.31145477294922,38.68867492675781,165.9181365966797,bin,181.28428649902344
celery\examples\django\demoapp\tasks.py,8.610413551330566,91.2015151977539,8.449808120727539,10.429943084716797,1.9756810665130615,3.877875804901123,8.7584228515625,4.34204626083374,5.654907703399658,10.247040748596191,bin,91.2015151977539
celery\t\smoke\tests\stamping\tasks.py,5.438695430755615,92.1373519897461,4.784674644470215,9.350153923034668,2.848755121231079,1.0008641481399536,10.531149864196777,3.3932015895843506,7.090386867523193,82.5577163696289,bin,92.1373519897461
celery\celery\contrib\testing\mocks.py,6.876170635223389,11.710798263549805,4.120809078216553,90.63055419921875,1.000900387763977,1.000900387763977,53.29661560058594,8.002786636352539,6.888472080230713,6.459239482879639,contrib,90.63055419921875
celery\examples\app\myapp.py,5.140469551086426,11.730310440063477,3.3038346767425537,4.751524448394775,3.7931876182556152,2.626506805419922,9.132097244262695,2.6529428958892822,7.619398593902588,25.36830711364746,worker,25.36830711364746
celery\t\unit\security\test_certificate.py,3.2219111919403076,26.677106857299805,3.4180715084075928,10.11923599243164,2.3725082874298096,3.0468826293945312,5.091526985168457,132.74087524414062,8.736607551574707,4.044698715209961,security,132.74087524414062
celery\celery\contrib\django\task.py,3.302196979522705,5.630818843841553,3.302196979522705,102.24274444580078,1.0010242462158203,3.9994189739227295,5.954319953918457,2.652122735977173,3.623183488845825,6.058971881866455,contrib,102.24274444580078
celery\t\unit\app\test_schedules.py,11.877259254455566,61.67905807495117,16.281164169311523,14.818509101867676,39.053993225097656,5.169432640075684,24.31804084777832,6.82200813293457,11.98811149597168,16.56670570373535,bin,61.67905807495117
celery\celery\bin\events.py,7.035653591156006,140.74916076660156,11.996294021606445,11.404729843139648,118.02991485595703,5.770519733428955,14.031940460205078,5.653829097747803,21.587251663208008,31.938720703125,bin,140.74916076660156
celery\t\unit\contrib\proj\foo.py,3.839155912399292,46.2368049621582,4.478203773498535,100.46443939208984,1.0010340213775635,1.0010340213775635,5.972906112670898,2.658324718475342,5.486854076385498,6.268543720245361,contrib,100.46443939208984
celery\t\integration\test_inspect.py,45.80352020263672,69.55843353271484,96.1476821899414,51.1646728515625,10.024820327758789,5.583903789520264,15.436397552490234,11.533458709716797,12.268396377563477,107.40946960449219,worker,107.40946960449219
celery\examples\security\mysecureapp.py,56.630096435546875,18.872848510742188,6.305830478668213,6.295008182525635,55.23088455200195,3.5904719829559326,11.88496208190918,157.37408447265625,13.395197868347168,95.99022674560547,security,157.37408447265625
celery\t\smoke\tests\stamping\workers\__init__.py,0.1726987361907959,9.486445426940918,0.0,4.395910263061523,2.644852876663208,1.0009156465530396,2.644852876663208,1.0009156465530396,3.1818928718566895,63.992454528808594,worker,63.992454528808594
celery\t\integration\conftest.py,70.36176300048828,43.057498931884766,20.926586151123047,20.805442810058594,8.590346336364746,9.919103622436523,19.238447189331055,12.489139556884766,47.754798889160156,109.76768493652344,worker,109.76768493652344
celery\t\unit\app\test_trace.py,5.854422569274902,6.584875106811523,4.784454822540283,9.657151222229004,6.688007354736328,1.3699156045913696,4.523556709289551,2.9481637477874756,35.31657028198242,10.542567253112793,utils,35.31657028198242
celery\t\smoke\operations\__init__.py,0.1730874627828598,3.1758406162261963,0.0,1.174005150794983,1.000917673110962,1.000917673110962,1.000917673110962,1.000917673110962,1.174005150794983,1.174005150794983,bin,3.1758406162261963
celery\celery\utils\imports.py,10.904136657714844,64.08784484863281,17.353200912475586,23.549739837646484,7.586103439331055,10.089869499206543,21.268535614013672,8.691099166870117,104.39717864990234,16.872438430786133,utils,104.39717864990234
celery\celery\apps\__init__.py,0.1732824742794037,3.1764042377471924,0.0,1.1743230819702148,1.0010405778884888,1.0010405778884888,1.0010405778884888,1.0010405778884888,2.4881668090820312,1.1743230819702148,bin,3.1764042377471924
celery\examples\celery_http_gateway\__init__.py,0.17289286851882935,3.1760106086730957,0.0,1.1739321947097778,1.0010392665863037,1.0010392665863037,1.0010392665863037,1.0010392665863037,1.1739321947097778,1.1739321947097778,bin,3.1760106086730957
celery\t\unit\concurrency\test_pool.py,6.966750144958496,7.985762119293213,106.01817321777344,8.791728019714355,3.861801862716675,2.2614567279815674,6.523519039154053,3.509434223175049,5.609166622161865,6.370330333709717,concurrency,106.01817321777344
celery\t\unit\bin\proj\pyramid_celery_app.py,3.2027206420898438,137.64410400390625,5.896024703979492,12.219367027282715,6.065286159515381,10.253422737121582,11.927366256713867,3.884242534637451,12.950661659240723,68.28901672363281,bin,137.64410400390625
celery\t\unit\backends\test_azureblockblob.py,128.03086853027344,30.228313446044922,10.771111488342285,15.434182167053223,12.887224197387695,7.529452800750732,9.05215072631836,11.535701751708984,17.810226440429688,26.063892364501953,backends,128.03086853027344
celery\t\unit\app\test_defaults.py,8.508956909179688,38.699180603027344,14.361217498779297,15.286863327026367,6.4396233558654785,6.322843551635742,14.057466506958008,10.903270721435547,16.5635929107666,29.715620040893555,bin,38.699180603027344
celery\examples\quorum-queues\declare_queue.py,1.4533970355987549,81.37571716308594,0.0,2.1145451068878174,1.0008848905563354,1.0008848905563354,1.0008848905563354,1.6538631916046143,1.38698410987854,1.5520788431167603,bin,81.37571716308594
celery\celery\loaders\app.py,0.3127865493297577,3.0031158924102783,0.0,1.001038670539856,1.001038670539856,1.001038670539856,96.99884033203125,1.001038670539856,5.2130126953125,1.001038670539856,loaders,96.99884033203125
celery\celery\local.py,22.938613891601562,79.76959991455078,21.89417266845703,18.833059310913086,9.718062400817871,10.3695650100708,24.753671646118164,15.31364631652832,27.082653045654297,25.494001388549805,bin,79.76959991455078
celery\t\unit\backends\__init__.py,81.74732208251953,3.1758406162261963,0.0,1.174005150794983,1.000917673110962,1.000917673110962,1.000917673110962,1.000917673110962,3.2777817249298096,1.174005150794983,backends,81.74732208251953
celery\t\unit\app\test_utils.py,6.569517135620117,33.14415740966797,5.422670364379883,9.235519409179688,5.555578231811523,3.1008477210998535,10.49945068359375,10.657999992370605,85.75918579101562,8.396546363830566,utils,85.75918579101562
celery\t\unit\utils\test_term.py,19.596723556518555,69.72142791748047,12.26682186126709,20.055301666259766,5.653830051422119,6.919764041900635,6.854498863220215,7.997387886047363,88.01431274414062,8.245333671569824,utils,88.01431274414062
celery\celery\utils\dispatch\signal.py,15.863102912902832,44.21135330200195,6.935037136077881,6.995059490203857,6.229911804199219,4.148252010345459,7.091006278991699,4.735835075378418,80.63679504394531,9.335532188415527,utils,80.63679504394531
celery\examples\django\proj\urls.py,0.7390822768211365,3.0027499198913574,0.6683458685874939,4.050981044769287,1.0009167194366455,4.050981044769287,1.0009167194366455,1.0009167194366455,26.377506256103516,1.0009167194366455,utils,26.377506256103516
celery\t\unit\utils\test_deprecated.py,2.420581340789795,6.030001163482666,1.7495346069335938,8.055248260498047,1.0009597539901733,1.0009597539901733,2.73254656791687,1.3529484272003174,90.9109878540039,2.3237457275390625,utils,90.9109878540039
celery\celery\concurrency\gevent.py,6.762800216674805,16.54473114013672,96.8653793334961,3.0848593711853027,40.76966857910156,2.6788711547851562,9.327119827270508,3.196946144104004,9.174651145935059,6.532893657684326,concurrency,96.8653793334961
celery\celery\backends\elasticsearch.py,128.9923858642578,13.054156303405762,43.13599395751953,7.491513729095459,15.082486152648926,2.882091522216797,5.459523677825928,12.959644317626953,13.77770709991455,11.200578689575195,backends,128.9923858642578
celery\celery\worker\consumer\__init__.py,4.11076545715332,16.629383087158203,4.8895111083984375,49.435462951660156,104.41558074951172,2.074188470840454,8.140275955200195,3.5073182582855225,7.5105390548706055,76.62788391113281,events,104.41558074951172
celery\celery\worker\consumer\heart.py,1.5549752712249756,16.20876121520996,3.361786127090454,3.0442657470703125,143.52584838867188,3.067922592163086,7.233585834503174,2.366016387939453,12.120084762573242,75.8761215209961,events,143.52584838867188
celery\t\unit\worker\test_native_delayed_delivery.py,30.823163986206055,128.2200927734375,9.844023704528809,19.499656677246094,9.19459056854248,8.735426902770996,20.7886905670166,14.365447998046875,58.93079376220703,109.60542297363281,bin,128.2200927734375
celery\t\smoke\tests\stamping\test_hybrid_cluster.py,13.633843421936035,26.38409423828125,6.622465133666992,13.396352767944336,11.465607643127441,3.3311502933502197,50.007381439208984,7.441018104553223,11.098468780517578,113.07477569580078,worker,113.07477569580078
celery\t\smoke\tests\stamping\workers\legacy.py,0.6980013847351074,15.400614738464355,0.3443380296230316,9.4896240234375,4.1245808601379395,8.725171089172363,5.084474086761475,1.5778157711029053,8.150932312011719,122.49333953857422,worker,122.49333953857422
celery\t\smoke\tests\stamping\signals.py,4.779653072357178,9.275794982910156,3.64904522895813,5.295360565185547,3.3230137825012207,1.0008753538131714,59.607635498046875,4.613248825073242,2.8419930934906006,7.695158004760742,loaders,59.607635498046875
celery\celery\backends\couchbase.py,124.57001495361328,7.591012954711914,5.039294719696045,13.924339294433594,4.797081470489502,1.0009334087371826,4.545454978942871,7.714876651763916,8.939306259155273,5.896819591522217,backends,124.57001495361328
celery\t\smoke\tests\quorum_queues\test_cycle_detection.py,16.14590835571289,21.3563175201416,4.079941749572754,8.169734954833984,2.921555280685425,1.0011109113693237,9.041467666625977,3.041081666946411,6.7266435623168945,79.28190612792969,worker,79.28190612792969
celery\examples\stamping\tasks.py,6.885939121246338,96.11993408203125,5.0687665939331055,6.261295795440674,6.45365571975708,1.0007106065750122,62.86396789550781,3.38808012008667,5.0120978355407715,12.636106491088867,bin,96.11993408203125
celery\t\unit\utils\test_time.py,5.179381847381592,12.747697830200195,1.6010875701904297,10.565532684326172,6.340031147003174,3.883975028991699,6.682854175567627,3.3493385314941406,83.480224609375,8.482986450195312,utils,83.480224609375
celery\celery\bin\result.py,53.022850036621094,122.27669525146484,5.5654683113098145,8.268721580505371,3.633805274963379,2.285912036895752,10.385934829711914,4.426187515258789,7.6741461753845215,8.658003807067871,bin,122.27669525146484
celery\celery\utils\functional.py,14.36392879486084,62.383846282958984,14.074933052062988,14.42837142944336,5.311377048492432,9.650644302368164,6.54271125793457,11.72578239440918,85.31623840332031,11.006776809692383,utils,85.31623840332031
celery\celery\utils\log.py,12.516788482666016,22.049043655395508,12.827130317687988,6.911642074584961,13.410989761352539,3.889824151992798,60.419960021972656,8.955018997192383,125.4304428100586,77.00114440917969,utils,125.4304428100586
celery\celery\app\backends.py,175.61770629882812,9.258378982543945,8.246028900146484,16.42082977294922,7.111969947814941,6.888819694519043,68.21473693847656,5.653961658477783,18.595380783081055,7.776528835296631,backends,175.61770629882812
celery\t\unit\bin\proj\__init__.py,0.6626347303390503,99.48026275634766,0.6653540134429932,1.1731555461883545,1.0010366439819336,1.0010366439819336,1.3568108081817627,1.0010366439819336,1.7710083723068237,1.1731555461883545,bin,99.48026275634766
celery\examples\tutorial\tasks.py,5.961264133453369,14.298318862915039,4.129542350769043,5.421361446380615,2.7666165828704834,2.6391043663024902,10.387516021728516,3.0658013820648193,7.638091087341309,27.13858985900879,worker,27.13858985900879
celery\examples\django\proj\settings.py,148.29713439941406,45.625282287597656,6.378902435302734,125.54117584228516,5.3845601081848145,7.841856479644775,8.156466484069824,123.05720520019531,35.822086334228516,27.28860092163086,backends,148.29713439941406
celery\celery\backends\s3.py,112.72405242919922,42.80010223388672,1.9258356094360352,3.285984992980957,1.0009249448776245,1.0009249448776245,2.9969322681427,6.587910175323486,8.334449768066406,2.993459939956665,backends,112.72405242919922
celery\setup.py,18.84743881225586,59.011383056640625,14.573105812072754,31.818815231323242,44.01333999633789,26.24347686767578,11.248712539672852,10.096633911132812,44.10134506225586,13.135245323181152,bin,59.011383056640625
celery\t\unit\concurrency\test_prefork.py,71.90674591064453,71.01322937011719,122.91492462158203,18.820480346679688,80.06493377685547,12.462838172912598,109.70012664794922,13.742403984069824,42.31687927246094,122.9662094116211,worker,122.9662094116211
celery\examples\django\proj\wsgi.py,2.398547887802124,5.4012675285339355,7.321535110473633,7.874473571777344,3.399454355239868,6.709017276763916,4.564910888671875,3.399454355239868,7.963459014892578,5.798002243041992,utils,7.963459014892578
celery\t\integration\tasks.py,51.0589485168457,143.42831420898438,16.763900756835938,39.97481918334961,16.20250129699707,7.758877277374268,51.28769302368164,16.91462516784668,21.72818946838379,42.87564468383789,bin,143.42831420898438
celery\t\unit\worker\test_worker.py,29.47492027282715,173.86907958984375,107.50420379638672,60.726585388183594,189.0614013671875,10.743607521057129,33.82481384277344,18.07651138305664,103.4344253540039,165.27825927734375,events,189.0614013671875
celery\t\unit\utils\test_debug.py,3.7902355194091797,29.917768478393555,1.2825590372085571,9.569138526916504,2.00108003616333,1.00108003616333,3.4514777660369873,1.6423596143722534,97.73339080810547,5.761199951171875,utils,97.73339080810547
celery\t\unit\backends\test_cache.py,184.97491455078125,94.71283721923828,27.061565399169922,24.1380615234375,18.160112380981445,12.748286247253418,25.217609405517578,12.332350730895996,29.17053985595703,101.77804565429688,backends,184.97491455078125
celery\t\integration\django_settings.py,135.99493408203125,6.476554870605469,3.4385454654693604,120.7833251953125,1.4978435039520264,6.721464157104492,6.299333095550537,1.001101016998291,9.037941932678223,21.65691566467285,backends,135.99493408203125
celery\celery\app\annotations.py,3.6762850284576416,6.209502696990967,3.384775400161743,2.7551286220550537,1.0009973049163818,1.5432231426239014,6.078160762786865,3.2356109619140625,3.7493200302124023,4.905063629150391,bin,6.209502696990967
celery\celery\signals.py,17.800193786621094,22.92172622680664,19.84137725830078,11.412437438964844,13.512238502502441,3.831005334854126,51.10855484008789,10.493600845336914,21.5119571685791,94.723876953125,worker,94.723876953125
celery\celery\backends\__init__.py,81.79548645019531,3.1764042377471924,0.0,1.1743230819702148,1.0010405778884888,1.0010405778884888,1.0010405778884888,1.0010405778884888,3.2793431282043457,1.1743230819702148,backends,81.79548645019531
celery\celery\backends\cache.py,166.71786499023438,10.9212007522583,6.6509528160095215,11.547262191772461,1.000884771347046,7.884753704071045,2.5964837074279785,6.7095818519592285,9.623367309570312,8.89892864227295,backends,166.71786499023438
celery\t\unit\backends\test_redis.py,169.7032470703125,100.7185287475586,24.25359344482422,29.877710342407227,93.99598693847656,9.176830291748047,31.343730926513672,27.013639450073242,33.00168228149414,81.29996490478516,backends,169.7032470703125
celery\t\unit\backends\test_dynamodb.py,158.85833740234375,51.587852478027344,15.968713760375977,18.482587814331055,18.50519371032715,10.255810737609863,32.87833023071289,16.465879440307617,57.582645416259766,24.058170318603516,backends,158.85833740234375
celery\celery\events\snapshot.py,2.620643377304077,13.163546562194824,3.1166670322418213,2.5816142559051514,158.04310607910156,1.001452922821045,6.732336521148682,1.4179672002792358,13.541807174682617,5.799134731292725,events,158.04310607910156
celery\t\unit\test_loops.py,4.584599494934082,14.917596817016602,11.276590347290039,8.198893547058105,101.7973861694336,2.320589542388916,13.830588340759277,3.615102529525757,13.979909896850586,76.51367950439453,events,101.7973861694336
celery\t\unit\tasks\test_context.py,9.44974422454834,30.659021377563477,5.463038444519043,9.860904693603516,1.0006474256515503,1.7349107265472412,56.67474365234375,3.3028078079223633,5.73907995223999,11.867931365966797,loaders,56.67474365234375
celery\celery\utils\dispatch\__init__.py,0.17289286851882935,6.477811336517334,0.0,1.1739321947097778,1.0010392665863037,1.0010392665863037,1.0010392665863037,1.0010392665863037,86.92710876464844,1.1739321947097778,utils,86.92710876464844
celery\celery\schedules.py,19.62959861755371,69.95579528808594,10.233094215393066,11.500247955322266,150.13624572753906,3.758878707885742,8.209334373474121,5.7783966064453125,15.121613502502441,13.935690879821777,events,150.13624572753906
celery\celery\worker\loops.py,14.007296562194824,18.805198669433594,19.923248291015625,8.311020851135254,160.42617797851562,1.606952428817749,14.961286544799805,13.059572219848633,12.76608943939209,86.22832489013672,events,160.42617797851562
celery\t\unit\app\test_backends.py,162.5371856689453,35.52858352661133,129.42185974121094,98.7257080078125,19.0906982421875,5.9454450607299805,80.73135375976562,7.143937587738037,29.379352569580078,97.87200927734375,backends,162.5371856689453
celery\t\smoke\workers\alt.py,1.5489879846572876,101.00692749023438,3.1904006004333496,10.690235137939453,4.762362957000732,8.991157531738281,5.283020496368408,1.8065367937088013,10.23353099822998,124.54414367675781,worker,124.54414367675781
celery\celery\backends\cassandra.py,118.19864654541016,36.82444381713867,11.861021995544434,14.306103706359863,18.77988052368164,2.058619499206543,13.18467903137207,17.21727752685547,9.95005989074707,15.537261962890625,backends,118.19864654541016
celery\t\integration\serialization_config.py,5.751286506652832,10.675832748413086,4.665320873260498,6.705644607543945,53.25271987915039,2.965456962585449,3.361579179763794,8.048526763916016,7.524772644042969,72.01394653320312,worker,72.01394653320312
celery\t\smoke\tests\quorum_queues\test_chord_unlock_routing.py,21.315940856933594,22.374553680419922,8.604267120361328,15.4280424118042,7.950867176055908,4.784483909606934,12.615788459777832,5.47838830947876,36.456153869628906,85.496826171875,worker,85.496826171875
celery\t\unit\bin\test_multi.py,0.5826999545097351,99.85779571533203,0.5826999545097351,4.531067371368408,1.0009167194366455,1.0009167194366455,2.2323405742645264,1.292266607284546,1.9054168462753296,1.5836166143417358,bin,99.85779571533203
celery\t\unit\concurrency\test_gevent.py,12.631818771362305,19.803762435913086,117.36541748046875,11.268659591674805,55.411373138427734,6.399591445922852,11.664896011352539,7.852563858032227,18.64532470703125,11.49440860748291,concurrency,117.36541748046875
celery\t\unit\contrib\__init__.py,0.1730874627828598,3.1758406162261963,0.0,99.95536041259766,1.000917673110962,1.000917673110962,1.000917673110962,1.000917673110962,1.174005150794983,2.47566556930542,contrib,99.95536041259766
celery\t\unit\tasks\test_tasks.py,67.13538360595703,143.71096801757812,17.891921997070312,21.502704620361328,88.88423919677734,8.074553489685059,67.72239685058594,17.005146026611328,72.35216522216797,25.411354064941406,bin,143.71096801757812
celery\t\unit\app\test_exceptions.py,8.05422592163086,5.512966632843018,1.3447297811508179,5.492556095123291,1.0008498430252075,1.0008498430252075,41.85563278198242,6.242329120635986,6.104491233825684,3.3254640102386475,loaders,41.85563278198242
