file_path,Client,Common,E2E,Logic,UI,best_module,best_likelihood
teammates\src\e2e\java\teammates\e2e\cases\StudentHomePageE2ETest.java,0.034675802503313334,0.028464693682534355,4038.8457107543945,0.09028740610395158,0.039751229967389785,E2E,4038.8457107543945
teammates\src\main\java\teammates\logic\external\EmptyAuthService.java,0.0,0.0,0.0,2594.039878845215,0.05714285714285714,Logic,2594.039878845215
teammates\src\main\java\teammates\ui\webapi\DatastoreBackupAction.java,3.240364728655134,0.22672882080078124,0.08925762857709613,0.4785992758614676,2276.6539764404297,UI,2276.6539764404297
teammates\src\test\java\teammates\ui\webapi\UpdateNotificationActionTest.java,0.06679390498570033,0.12221979413713728,0.9256859915597099,1.59161376953125,2065.715103149414,UI,2065.715103149414
teammates\src\main\java\teammates\ui\output\InstructorData.java,0.009235145364488875,0.0,0.0,0.02858438832419259,2023.5248184204102,UI,2023.5248184204102
teammates\src\main\java\teammates\ui\webapi\CreateNotificationAction.java,0.02857142857142857,0.06361773354666574,0.0681861128125872,2.1373914446149556,2103.535861968994,UI,2103.535861968994
teammates\src\main\java\teammates\logic\api\package-info.java,0.0,0.0,0.0,2636.671028137207,0.0,Logic,2636.671028137207
teammates\src\main\java\teammates\storage\entity\BaseEntity.java,0.11542566844395229,0.25660149710518976,0.03461203575134277,0.12128289086478097,0.1516533442905971,Common,0.25660149710518976
teammates\src\test\java\teammates\common\datatransfer\SessionResultsBundleTest.java,0.03806031090872628,2496.8411254882812,0.204733453478132,0.12335542951311385,0.03673163482121059,Common,2496.8411254882812
teammates\src\main\java\teammates\ui\webapi\CreateCourseAction.java,0.03404123101915632,0.21073315484183175,0.7802916935511998,2.1842265537806917,2351.8978881835938,UI,2351.8978881835938
teammates\src\e2e\java\teammates\e2e\cases\AdminHomePageE2ETest.java,0.11612991605486189,0.12366041455950055,3739.7499465942383,0.07636419704982213,0.0809337820325579,E2E,3739.7499465942383
teammates\src\test\java\teammates\ui\webapi\GetFeedbackQuestionRecipientsActionTest.java,0.05410791124616351,0.20808830261230468,0.20931555884225028,1.8838424682617188,1871.4270782470703,UI,1871.4270782470703
teammates\src\main\java\teammates\common\datatransfer\FeedbackQuestionRecipient.java,0.02857142857142857,3057.6358032226562,0.012701378549848284,0.028584510939461846,0.02857142857142857,Common,3057.6358032226562
teammates\src\main\java\teammates\common\util\package-info.java,0.0,3016.4562225341797,0.0,0.02858614580971854,0.0325549874986921,Common,3016.4562225341797
teammates\src\main\java\teammates\common\datatransfer\QueryLogsResults.java,0.02857142857142857,3051.41056060791,0.011515929017748151,0.028585859707423618,0.02857142857142857,Common,3051.41056060791
teammates\src\e2e\java\teammates\e2e\pageobjects\AdminSessionsPage.java,0.11512438910348075,0.14611712864467075,3578.784713745117,0.02858317920139858,0.07538612910679408,E2E,3578.784713745117
teammates\src\test\java\teammates\logic\api\LogicExtension.java,0.0,0.0,0.08608833721705846,2643.319778442383,0.0,Logic,2643.319778442383
teammates\src\e2e\java\teammates\e2e\cases\axe\InstructorCourseJoinConfirmationPageAxeTest.java,0.06635926110403878,0.029717779159545897,4166.565055847168,0.028584960528782438,0.01650987352643694,E2E,4166.565055847168
teammates\src\main\java\teammates\common\datatransfer\ErrorLogEntry.java,0.0674762385232108,2952.2996139526367,0.10029874529157366,0.028583921704973494,0.059283454077584403,Common,2952.2996139526367
teammates\src\main\java\teammates\logic\external\MailjetService.java,1.0,0.0,0.15182056427001953,2481.8925857543945,0.07768387794494629,Logic,2481.8925857543945
teammates\src\main\java\teammates\common\util\TimeHelper.java,0.051993206569126676,2819.335289001465,0.021270721299307686,0.028583809307643347,0.06309811047145299,Common,2819.335289001465
teammates\src\main\java\teammates\ui\webapi\DeleteStudentAction.java,0.0,0.031040709359305245,0.0,2.223538861955915,2120.601272583008,UI,2120.601272583008
teammates\src\main\java\teammates\ui\webapi\ActionFactory.java,0.12513794217790877,0.12489348820277622,0.23109768458775112,0.27259546007428853,2300.047836303711,UI,2300.047836303711
teammates\src\lnp\java\teammates\lnp\util\JMeterElements.java,0.09210879462105888,0.1872300556727818,0.12732440403529577,0.5634974343436104,0.23349794660295758,Logic,0.5634974343436104
teammates\src\e2e\java\teammates\e2e\cases\axe\InstructorCoursesPageAxeTest.java,0.03761821133749826,0.03061631407056536,4154.480667114258,0.02858536924634661,0.017009060723440987,E2E,4154.480667114258
teammates\src\lnp\java\teammates\lnp\cases\InstructorStudentCascadingUpdateLNPTest.java,0.08653676850455148,0.860987799508231,0.5494624546595982,0.1367281232561384,0.13751226152692522,Common,0.860987799508231
teammates\src\test\java\teammates\ui\webapi\DeleteFeedbackQuestionActionTest.java,0.0205528770174299,0.052797160829816545,0.48391756330217633,2.1589510236467633,2016.58447265625,UI,2016.58447265625
teammates\src\client\java\teammates\client\util\ClientProperties.java,4652.972183227539,0.0,0.13441064017159599,0.07873919350760324,0.11677213396344865,Client,4652.972183227539
teammates\src\main\java\teammates\common\datatransfer\questions\FeedbackRankOptionsResponseDetails.java,0.02857142857142857,2983.159065246582,0.06769317218235561,0.028585297720772878,0.02857142857142857,Common,2983.159065246582
teammates\src\main\java\teammates\common\datatransfer\questions\FeedbackConstantSumResponseDetails.java,0.02857142857142857,3019.916114807129,0.06881944792611258,0.028585600852966308,0.02857142857142857,Common,3019.916114807129
teammates\src\test\java\teammates\ui\webapi\ResetAccountActionTest.java,0.022386772292000905,0.01639406681060791,0.6269935607910156,2.1429678780691965,1946.8820762634277,UI,1946.8820762634277
teammates\src\test\java\teammates\ui\webapi\AccountRequestSearchIndexingWorkerActionTest.java,0.015906689848218646,0.026997223922184534,0.11208348274230957,2.02428959437779,2096.6475868225098,UI,2096.6475868225098
teammates\src\main\java\teammates\storage\api\FeedbackResponseCommentsDb.java,0.04439747333526611,1.019599151611328,0.33514960152762274,0.40554144723074775,0.0367605413709368,Common,1.019599151611328
teammates\src\e2e\java\teammates\e2e\util\TestProperties.java,0.23632510049002511,0.21977626255580357,4100.05485534668,0.08637995038713728,0.292697388785226,E2E,4100.05485534668
teammates\src\main\java\teammates\common\exception\SearchServiceException.java,0.0,3004.5814514160156,0.03418558665684291,0.02858567237854004,0.0,Common,3004.5814514160156
teammates\src\client\java\teammates\client\scripts\DataMigrationForSanitizedDataInInstructorAttributes.java,4433.2109451293945,0.09573041370936802,0.08162595203944616,0.044508382252284456,0.0853900705065046,Client,4433.2109451293945
teammates\src\main\java\teammates\ui\request\FeedbackSessionRespondentRemindRequest.java,0.0,0.03106726237705776,0.01120894125529698,0.028585474831717354,2327.2919845581055,UI,2327.2919845581055
teammates\src\main\java\teammates\common\util\HttpRequest.java,0.0,3087.522735595703,0.05568722316196987,0.028585335186549595,0.44659178597586496,Common,3087.522735595703
teammates\src\e2e\java\teammates\e2e\cases\InstructorSessionIndividualExtensionPageE2ETest.java,0.1173762457711356,0.1695974486214774,2979.9560546875,0.0869441100529262,0.0895183971949986,E2E,2979.9560546875
teammates\src\main\java\teammates\logic\api\RecaptchaVerifier.java,0.0,0.0,0.009893381595611572,2634.527587890625,0.0,Logic,2634.527587890625
teammates\src\test\java\teammates\ui\webapi\QueryLogsActionTest.java,0.02212080614907401,0.055406655584062846,0.6469808850969587,0.6233595166887556,1875.3426551818848,UI,1875.3426551818848
teammates\src\main\java\teammates\ui\request\CourseArchiveRequest.java,0.0,0.0,0.0,0.028585972104753766,2175.704402923584,UI,2175.704402923584
teammates\src\test\java\teammates\test\MockFilterChain.java,0.0,0.0,0.08993234634399414,0.0285860504422869,0.03901569502694266,E2E,0.08993234634399414
teammates\src\main\java\teammates\ui\webapi\SendLoginEmailAction.java,0.00841566835130964,0.01576528719493321,0.5506569453648158,0.7805415562220982,2389.5382690429688,UI,2389.5382690429688
teammates\src\client\java\teammates\client\scripts\DataMigrationForSanitizedDataInStudentAttributes.java,4227.907981872559,0.0997638498033796,0.0747732434953962,0.04227723394121442,0.08694948468889509,Client,4227.907981872559
teammates\src\main\java\teammates\ui\webapi\GetFeedbackSessionSubmittedGiverSetAction.java,0.0,0.0,0.0,2.0580651419503346,2145.314655303955,UI,2145.314655303955
teammates\src\test\java\teammates\logic\api\MockRecaptchaVerifier.java,0.0,0.0,0.07952260289873396,2629.5699310302734,0.0,Logic,2629.5699310302734
teammates\src\test\java\teammates\common\datatransfer\attributes\FeedbackResponseCommentAttributesTest.java,0.07033489772251673,2898.586769104004,0.159903131212507,0.09981972830636161,0.06514883722577776,Common,2898.586769104004
teammates\src\main\java\teammates\common\exception\InstructorUpdateException.java,0.0,3053.6490631103516,0.0,0.028586070878165108,0.0,Common,3053.6490631103516
teammates\src\main\java\teammates\main\Application.java,0.13184056963239396,0.1861895969935826,0.04266250814710345,0.40026329585484094,0.3247091565813337,Logic,0.40026329585484094
teammates\src\test\java\teammates\logic\api\EmailGeneratorTest.java,0.10917516435895647,0.1810847418648856,0.5804373604910714,2292.72029876709,0.3516921179635184,Logic,2292.72029876709
teammates\src\main\java\teammates\common\datatransfer\questions\FeedbackRankQuestionDetails.java,0.02857142857142857,3008.9401626586914,0.0,0.02858550889151437,0.02857142857142857,Common,3008.9401626586914
teammates\src\main\java\teammates\ui\request\NotificationUpdateRequest.java,0.0,0.0,0.0,0.028586128779820034,2185.8079719543457,UI,2185.8079719543457
teammates\src\main\java\teammates\ui\output\FeedbackSessionLogEntryData.java,0.0,0.0,0.0,0.057156978334699356,2094.8431396484375,UI,2094.8431396484375
teammates\src\e2e\java\teammates\e2e\pageobjects\Browser.java,0.25381622314453123,0.3369375773838588,3856.0626220703125,0.256568227495466,0.3853463854108538,E2E,3856.0626220703125
teammates\src\test\java\teammates\ui\servlets\WebApiServletTest.java,0.02857142857142857,0.09634366035461425,0.12701798847743442,0.05870192391531808,1900.4878234863281,UI,1900.4878234863281
teammates\src\test\java\teammates\common\util\TimeHelperExtension.java,0.052369110924857,3017.31258392334,0.07425097737993513,0.028585161481584822,0.06413450241088867,Common,3017.31258392334
teammates\src\main\java\teammates\ui\output\EmailData.java,0.0,0.0,0.0,0.028585784775870187,2109.514102935791,UI,2109.514102935791
teammates\src\main\java\teammates\ui\webapi\UpdateInstructorAction.java,0.02857142857142857,0.02459078175680978,0.0,2.2439466203962053,2006.8161582946777,UI,2006.8161582946777
teammates\src\test\java\teammates\logic\core\DeadlineExtensionsLogicTest.java,0.9104078565325056,0.19249322073800224,0.5124649047851563,1927.4916458129883,0.17475012370518275,Logic,1927.4916458129883
teammates\src\main\java\teammates\ui\output\FeedbackSessionPublishStatus.java,0.0,0.0,0.0,0.028586108343941825,2129.4630241394043,UI,2129.4630241394043
teammates\src\main\java\teammates\common\datatransfer\UserInfo.java,0.02857142857142857,3042.2955322265625,0.0,0.028585784775870187,0.08571428571428572,Common,3042.2955322265625
teammates\src\main\java\teammates\ui\webapi\FeedbackSessionRemindEmailWorkerAction.java,0.0,0.026171714918954033,0.026345443725585938,2.439971269880022,2110.374069213867,UI,2110.374069213867
teammates\src\lnp\java\teammates\lnp\util\TestProperties.java,0.14780281611851284,0.16273503984723772,0.3429527010236468,0.07063995088849749,0.21713709150041852,E2E,0.3429527010236468
teammates\src\main\java\teammates\ui\webapi\CreateAccountRequestAction.java,0.0,0.04127798080444336,0.8870882306780133,2.02428959437779,2103.839740753174,UI,2103.839740753174
teammates\src\test\java\teammates\test\FileHelper.java,0.04426136016845703,0.02857142857142857,0.1601749965122768,0.07016542979649135,0.16275617054530553,UI,0.16275617054530553
teammates\src\main\java\teammates\logic\core\DataBundleLogic.java,0.1224733625139509,1.0414140973772321,0.02210604463304792,2178.7192916870117,0.05368421418326241,Logic,2178.7192916870117
teammates\src\main\java\teammates\logic\core\UsageStatisticsLogic.java,0.0,0.04590156078338623,0.021018072537013464,2503.078384399414,0.0,Logic,2503.078384399414
teammates\src\e2e\java\teammates\e2e\pageobjects\InstructorStudentListPage.java,0.0741915089743478,0.0492891754422869,3537.3989868164062,0.028580311366489957,0.0423454795564924,E2E,3537.3989868164062
teammates\src\main\java\teammates\ui\webapi\GetInstructorsAction.java,0.11032641274588449,0.20910042354038783,0.06670257023402623,2.1350309099469866,2213.131561279297,UI,2213.131561279297
teammates\src\test\java\teammates\test\EmailCheckerTest.java,0.0,0.029434326716831754,0.09020003591264997,0.039794271332877024,0.09070595332554408,UI,0.09070595332554408
teammates\src\main\java\teammates\ui\webapi\JsonResult.java,0.10545911788940429,0.1297743661063058,0.02300295829772949,0.028584827695574078,2050.601272583008,UI,2050.601272583008
teammates\src\test\java\teammates\ui\webapi\UpdateFeedbackResponseCommentActionTest.java,0.08065920557294573,0.8227923801967076,0.34982986450195314,2.2125719342912946,1581.2360572814941,UI,1581.2360572814941
teammates\src\main\java\teammates\ui\webapi\RestoreFeedbackSessionAction.java,0.006403977530343192,0.0,0.0,2.1684674944196427,2108.7753677368164,UI,2108.7753677368164
teammates\src\client\java\teammates\client\scripts\statistics\package-info.java,4716.045989990234,0.0,0.0,0.028586108343941825,0.0,Client,4716.045989990234
teammates\src\test\java\teammates\common\datatransfer\questions\FeedbackTextQuestionDetailsTest.java,0.04205844402313232,2613.0664825439453,0.21788861410958427,0.028582259586879186,0.0382253680910383,Common,2613.0664825439453
teammates\src\main\java\teammates\common\exception\package-info.java,0.0,3061.086883544922,0.0,0.02858614580971854,0.0,Common,3061.086883544922
teammates\src\main\java\teammates\logic\core\FeedbackResponseCommentsLogic.java,0.07138596943446568,0.9657582964215959,0.06241148539951869,3016.293067932129,0.18450732912336076,Logic,3016.293067932129
teammates\src\main\java\teammates\storage\api\StudentsDb.java,0.08538927350725446,0.08635331562587194,0.3163780757359096,0.40789764949253626,0.1929340362548828,Logic,0.40789764949253626
teammates\src\main\java\teammates\storage\entity\FeedbackResponseComment.java,0.0,0.05751228332519531,0.011869405848639353,0.057154607772827146,0.0,Common,0.05751228332519531
teammates\src\main\java\teammates\storage\entity\Account.java,0.013325178623199463,0.0665651593889509,0.0,0.028584960528782438,0.0,Common,0.0665651593889509
teammates\src\test\java\teammates\common\datatransfer\attributes\FeedbackResponseAttributesTest.java,0.02857142857142857,2173.0709648132324,0.16907904488699776,0.07436402184622629,0.04749713965824672,Common,2173.0709648132324
teammates\src\e2e\java\teammates\e2e\pageobjects\FeedbackSubmitPage.java,0.11945503779820034,0.6410300663539341,3215.4340744018555,0.1674621990748814,0.1822420120239258,E2E,3215.4340744018555
teammates\src\main\java\teammates\common\datatransfer\attributes\InstructorAttributes.java,0.03618143626621791,2297.068328857422,0.06791577339172364,0.09662015097481864,0.02857142857142857,Common,2297.068328857422
teammates\src\lnp\java\teammates\lnp\cases\StudentEmailUpdateLNPTest.java,0.1437504632132394,0.15362516130719867,0.28004967825753346,0.04623839855194092,0.04031399999346052,E2E,0.28004967825753346
teammates\src\main\java\teammates\ui\webapi\RegenerateInstructorKeyAction.java,0.00787739668573652,0.05999851908002581,0.5320309775216239,1.8358849661690848,2173.8223838806152,UI,2173.8223838806152
teammates\src\test\java\teammates\ui\webapi\EnrollStudentsActionTest.java,0.04994679178510394,0.04362986428397042,0.8666107722691128,1.668781934465681,1758.6104774475098,UI,1758.6104774475098
teammates\src\client\java\teammates\client\scripts\GoogleIdMigrationBaseScript.java,4312.275466918945,0.10755350249154227,0.4599574497767857,0.5246449061802455,0.09864569391523088,Client,4312.275466918945
teammates\src\main\java\teammates\common\datatransfer\questions\FeedbackMcqResponseDetails.java,0.02857142857142857,3013.3138275146484,0.0,0.028585546357291085,0.02857142857142857,Common,3013.3138275146484
teammates\src\main\java\teammates\common\util\EmailType.java,0.03895996979304722,2682.6910400390625,0.03840160710471017,1.1257038661411831,0.12534097943987166,Common,2682.6910400390625
teammates\src\main\java\teammates\storage\search\SearchManagerFactory.java,0.0,0.0,0.0,0.028585474831717354,0.0,Logic,0.028585474831717354
teammates\src\main\java\teammates\ui\output\JoinState.java,0.0,0.0,0.0,0.028586108343941825,2129.4630241394043,UI,2129.4630241394043
teammates\src\test\java\teammates\ui\webapi\RemindFeedbackSessionResultActionTest.java,0.017646689074380058,0.023319496427263532,0.88780882699149,0.028583591324942453,2157.234420776367,UI,2157.234420776367
teammates\src\test\java\teammates\storage\api\FeedbackQuestionsDbTest.java,0.048105498722621376,0.042675655228751046,0.7858467647007533,0.07103372301374163,0.0,E2E,0.7858467647007533
teammates\src\test\java\teammates\ui\webapi\UpdateFeedbackQuestionActionTest.java,0.08183347157069615,0.20950814655848912,0.7482624053955078,2.2434579031808037,1722.3448944091797,UI,1722.3448944091797
teammates\src\e2e\java\teammates\e2e\cases\InstructorCourseDetailsPageE2ETest.java,0.042473346846444264,0.06225754192897252,3586.5322875976562,0.02858295100075858,0.06673804691859654,E2E,3586.5322875976562
teammates\src\main\java\teammates\common\datatransfer\logs\RequestLogDetails.java,0.02857142857142857,2927.781295776367,0.025814342498779296,0.4941946302141462,0.08571428571428572,Common,2927.781295776367
teammates\src\e2e\java\teammates\e2e\cases\axe\InstructorHomePageAxeTest.java,0.03751167229243687,0.030539366177150182,4148.807907104492,0.028585335186549595,0.016966312272208076,E2E,4148.807907104492
teammates\src\main\java\teammates\common\datatransfer\attributes\FeedbackResponseAttributes.java,0.05714285714285714,2511.1026000976562,0.07423929486955916,0.0714500972202846,0.06450866290501185,Common,2511.1026000976562
teammates\src\main\java\teammates\common\datatransfer\attributes\StudentAttributes.java,0.0653592382158552,3422.1181106567383,0.07620476995195662,0.09954232488359724,0.02857142857142857,Common,3422.1181106567383
teammates\src\main\java\teammates\common\datatransfer\logs\EmailSentLogDetails.java,0.02857142857142857,2974.7367095947266,0.027746154580797468,0.5290394374302455,0.02857142857142857,Common,2974.7367095947266
teammates\src\main\java\teammates\storage\api\FeedbackQuestionsDb.java,0.047756927353995185,0.03389156205313546,0.11624582835606166,0.34611246926443917,0.03632874829428537,Logic,0.34611246926443917
teammates\src\main\java\teammates\ui\output\AuthInfo.java,0.0,0.051989565576825825,0.0,0.028585297720772878,2319.410629272461,UI,2319.410629272461
teammates\src\main\java\teammates\ui\webapi\JoinCourseAction.java,0.0,0.0605074337550572,1.099104963030134,2.3461451939174105,2107.5012397766113,UI,2107.5012397766113
teammates\src\main\java\teammates\ui\webapi\CalculateUsageStatisticsAction.java,0.01300995009286063,0.044259837695530484,0.014618383135114398,2.345102364676339,2090.418071746826,UI,2090.418071746826
teammates\src\main\java\teammates\ui\webapi\SendEmailWorkerAction.java,0.0,0.0,0.0,0.02858565534864153,2101.55330657959,UI,2101.55330657959
teammates\src\main\java\teammates\ui\output\NotificationData.java,0.0,0.0,0.0,0.028585161481584822,2071.0935974121094,UI,2071.0935974121094
teammates\src\main\java\teammates\common\datatransfer\logs\DefaultLogDetails.java,0.02857142857142857,3065.263214111328,0.029241480146135604,0.5560112544468471,0.02857142857142857,Common,3065.263214111328
teammates\src\e2e\java\teammates\e2e\cases\FeedbackConstSumOptionQuestionE2ETest.java,0.03298459734235491,0.04254999501364572,3289.3265533447266,0.028582429885864256,0.013423809834889004,E2E,3289.3265533447266
teammates\src\main\java\teammates\ui\webapi\DeleteFeedbackSessionAction.java,0.0,0.0,0.4189328874860491,2.1240452357700894,2141.0935974121094,UI,2141.0935974121094
teammates\src\e2e\java\teammates\e2e\cases\FeedbackRankOptionQuestionE2ETest.java,0.03743111065455845,0.03545099326542445,3263.9481353759766,0.028582259586879186,0.03654661178588867,E2E,3263.9481353759766
teammates\src\test\java\teammates\common\datatransfer\questions\FeedbackTextResponseDetailsTest.java,0.02857142857142857,2925.9169006347656,0.0911722115107945,0.05715625626700265,0.02857142857142857,Common,2925.9169006347656
teammates\src\main\java\teammates\logic\external\GoogleRecaptchaService.java,0.007991870812007359,0.0438542297908238,0.14480996813092914,2920.344009399414,0.09859796251569475,Logic,2920.344009399414
teammates\src\main\java\teammates\ui\webapi\CompileLogsAction.java,0.013543956620352609,0.04215288843427386,0.009060910769871302,0.028585093361990794,2066.9140625,UI,2066.9140625
teammates\src\test\java\teammates\ui\webapi\SearchAccountRequestsActionTest.java,0.04233509131840297,0.05714285714285714,0.12158821650913783,0.028582981654575894,2008.320198059082,UI,2008.320198059082
teammates\src\main\java\teammates\ui\output\CourseSectionNamesData.java,0.0,0.0,0.011606752872467041,0.028585972104753766,2121.1408042907715,UI,2121.1408042907715
teammates\src\main\java\teammates\common\datatransfer\questions\FeedbackQuestionType.java,0.02857142857142857,2974.7367095947266,0.032242560386657716,0.08740034103393554,0.04265693596431187,Common,2974.7367095947266
teammates\src\main\java\teammates\ui\webapi\AccountRequestSearchIndexingWorkerAction.java,0.0,0.0,0.0,2.084986659458705,2098.185272216797,UI,2098.185272216797
teammates\src\main\java\teammates\common\datatransfer\questions\FeedbackRankRecipientsQuestionDetails.java,0.1279301507132394,2999.3151092529297,0.04225465910775321,0.02858438832419259,0.07198984282357353,Common,2999.3151092529297
teammates\src\main\java\teammates\common\datatransfer\InstructorPrivileges.java,0.12090447289603097,2386.408157348633,0.012674188613891602,0.1521550178527832,0.07220040730067662,Common,2386.408157348633
teammates\src\main\java\teammates\ui\request\FeedbackQuestionBasicRequest.java,0.061395815440586636,0.16325255802699498,0.02294578892844064,0.06983716828482492,1973.3693313598633,UI,1973.3693313598633
teammates\src\test\java\teammates\common\datatransfer\CourseRosterTest.java,0.04851166520799909,2253.0224609375,0.7318032400948661,0.028579299790518625,0.11225553240094865,Common,2253.0224609375
teammates\src\main\java\teammates\common\datatransfer\NotificationStyle.java,0.059678472791399276,3143.8051986694336,0.0,0.12778833934238978,0.059678472791399276,Common,3143.8051986694336
teammates\src\e2e\java\teammates\e2e\util\Retryable.java,0.0,0.0,3324.276351928711,0.028586012976510183,0.03225465161459787,E2E,3324.276351928711
teammates\src\test\java\teammates\common\datatransfer\attributes\StudentAttributesTest.java,0.04921999658857073,3102.9703521728516,0.5073071616036552,0.13896288190569198,0.06438695362636021,Common,3102.9703521728516
teammates\src\e2e\java\teammates\e2e\util\GmailServiceMaker.java,1.0818553379603795,0.10712488038199289,3730.9617614746094,0.6373270307268415,0.5834673200334821,E2E,3730.9617614746094
teammates\src\test\java\teammates\storage\search\InstructorSearchTest.java,0.046238456453595846,0.14198638371058872,0.15106620788574218,0.07172702380589076,0.06300379889351981,E2E,0.15106620788574218
teammates\src\client\java\teammates\client\scripts\DataMigrationForUnencryptedKeyForStudents.java,4482.381896972656,0.08645119667053222,0.07618082591465541,0.045326675687517436,0.02857142857142857,Client,4482.381896972656
teammates\src\e2e\java\teammates\e2e\cases\InstructorCourseJoinConfirmationPageE2ETest.java,0.07523631368364607,0.14447942461286273,4060.1086807250977,0.05569770676749093,0.11755869729178292,E2E,4060.1086807250977
teammates\src\test\java\teammates\storage\api\package-info.java,0.0,0.0,0.0799973828451974,0.05633411748068673,0.0,E2E,0.0799973828451974
teammates\src\lnp\java\teammates\lnp\util\LNPSpecification.java,0.026814372198922295,0.05362874439784459,0.5380381447928292,0.028584762981959753,0.056309110777718684,E2E,0.5380381447928292
teammates\src\test\java\teammates\ui\webapi\GetDeadlineExtensionActionTest.java,0.014622465201786587,0.0,0.5811243329729353,0.053173763411385674,2027.684326171875,UI,2027.684326171875
teammates\src\e2e\java\teammates\e2e\cases\axe\InstructorSearchPageAxeTest.java,0.03719584260668073,0.030310824939182825,4131.9340896606445,0.02858522960117885,0.016839344160897392,E2E,4131.9340896606445
teammates\src\main\java\teammates\ui\output\HasResponsesData.java,0.0,0.0,0.0,0.028585784775870187,2109.514102935791,UI,2109.514102935791
teammates\src\main\java\teammates\ui\request\MarkNotificationAsReadRequest.java,0.014307395049503872,0.0,0.4389141355242048,0.028585546357291085,2147.8055000305176,UI,2147.8055000305176
teammates\src\main\java\teammates\logic\api\LogsProcessor.java,0.006306068812097822,0.05869411059788295,0.05434748445238386,3170.453872680664,0.012901078803198678,Logic,3170.453872680664
teammates\src\e2e\java\teammates\e2e\util\AxeUtil.java,0.0,0.0,3271.38729095459,0.028584762981959753,0.029494738578796385,E2E,3271.38729095459
teammates\src\main\java\teammates\common\util\StdOutConsoleHandler.java,0.0,2997.5930404663086,0.0,0.028585992540631974,0.032212199483598984,Common,2997.5930404663086
teammates\src\main\java\teammates\common\datatransfer\questions\FeedbackRubricQuestionDetails.java,0.09022665023803711,2629.08634185791,0.5339535849434989,0.09581021581377303,0.21883686610630582,Common,2629.08634185791
teammates\src\e2e\java\teammates\e2e\pageobjects\HomePage.java,0.07172419684273856,0.07172419684273856,3445.233726501465,0.028586680548531668,0.0,E2E,3445.233726501465
teammates\src\test\java\teammates\ui\webapi\GetOngoingSessionsActionTest.java,0.07228811127798898,0.21932291303362164,1.0052539280482702,1.7074806213378906,2054.025249481201,UI,2054.025249481201
teammates\src\main\java\teammates\common\datatransfer\logs\LogSeverity.java,0.02857142857142857,3042.2955322265625,0.028862098285130092,0.5491681235177176,0.02857142857142857,Common,3042.2955322265625
teammates\src\test\java\teammates\storage\api\AccountsDbTest.java,1.1642310006277903,0.063275146484375,0.7187279837472098,0.13018582207815987,0.09183422497340611,Client,1.1642310006277903
teammates\src\main\java\teammates\ui\webapi\RestoreCourseAction.java,0.0,0.04924889973231724,0.4154937744140625,2.1969375610351562,2153.8854789733887,UI,2153.8854789733887
teammates\src\test\java\teammates\logic\core\StudentsLogicTest.java,0.1296327999659947,0.1474459511893136,0.9162360055106027,3103.1105422973633,0.100433349609375,Logic,3103.1105422973633
teammates\src\main\java\teammates\common\datatransfer\questions\FeedbackRankOptionsQuestionDetails.java,0.11751251220703125,2714.1299438476562,0.843212890625,0.028582429885864256,0.10330581665039062,Common,2714.1299438476562
teammates\src\main\java\teammates\ui\request\FeedbackSessionCreateRequest.java,0.0067719783101763045,0.0,0.0,0.028585093361990794,2118.175983428955,UI,2118.175983428955
teammates\src\e2e\java\teammates\e2e\util\EmailAccountTest.java,0.0,0.03124770096370152,3417.168197631836,0.028585972104753766,0.032169856343950545,E2E,3417.168197631836
teammates\src\test\java\teammates\ui\webapi\FeedbackSessionOpeningSoonRemindersActionTest.java,0.13683102471487862,0.19669739859444754,0.4976116725376674,2.1532932826450892,1813.1225395202637,UI,1813.1225395202637
teammates\src\client\java\teammates\client\scripts\DataMigrationForGoogleIdToGmail.java,4591.761169433594,0.1273636681692941,0.0770101547241211,0.045618438720703126,0.04327033587864467,Client,4591.761169433594
teammates\src\e2e\java\teammates\e2e\cases\axe\InstructorCourseEditPageAxeTest.java,0.038541923250470844,0.030310824939182825,4133.404884338379,0.02858522960117885,0.016839344160897392,E2E,4133.404884338379
teammates\src\test\java\teammates\ui\webapi\StudentSearchIndexingWorkerActionTest.java,0.015906689848218646,0.026997223922184534,0.11208348274230957,2.02428959437779,2046.621208190918,UI,2046.621208190918
teammates\src\test\java\teammates\storage\api\AccountRequestsDbTest.java,1.1308301653180803,0.024503489903041294,0.45690288543701174,0.17612826483590263,0.06116792815072196,Client,1.1308301653180803
teammates\src\e2e\java\teammates\e2e\util\TestDataValidityTest.java,0.18922219957624162,0.3186923435756138,3080.543670654297,0.06264756747654505,0.3883120673043387,E2E,3080.543670654297
teammates\src\e2e\java\teammates\e2e\cases\axe\InstructorCourseStudentDetailsPageAxeTest.java,0.03875407150813511,0.030011371203831263,4111.920013427734,0.028585093361990794,0.016672982488359724,E2E,4111.920013427734
teammates\src\test\java\teammates\ui\webapi\GetCoursesActionTest.java,0.009637372834341866,0.058079276766095846,0.12519239698137555,0.7440553392682757,1815.8886909484863,UI,1815.8886909484863
teammates\src\main\java\teammates\ui\constants\ResourceEndpoints.java,0.0,0.0,0.024452355929783412,0.469627925327846,1974.372158050537,UI,1974.372158050537
teammates\src\e2e\java\teammates\e2e\pageobjects\InstructorNotificationsPage.java,0.07201824869428362,0.07201824869428362,3448.4172439575195,0.028585934638977052,0.05714285714285714,E2E,3448.4172439575195
teammates\src\test\java\teammates\logic\api\UserProvisionTest.java,0.04319820404052734,0.1120816911969866,0.08779040064130511,2476.3805770874023,0.23221784319196428,Logic,2476.3805770874023
teammates\src\e2e\java\teammates\e2e\cases\InstructorFeedbackSessionsPageE2ETest.java,0.14958952495029995,0.23155204227992465,3545.3903579711914,0.08376611982073102,0.39394356863839286,E2E,3545.3903579711914
teammates\src\main\java\teammates\ui\webapi\GetHasResponsesAction.java,0.005066658343587603,0.02442886829376221,0.009067908355167935,2.237051609584263,1995.1202964782715,UI,1995.1202964782715
teammates\src\lnp\java\teammates\lnp\cases\StudentTeamUpdateLNPTest.java,0.1437504632132394,0.15362516130719867,0.28004967825753346,0.04623839855194092,0.04031399999346052,E2E,0.28004967825753346
teammates\src\test\java\teammates\ui\webapi\GetActionClassesActionTest.java,0.0939939090183803,0.17675016948154995,0.09807416370936803,0.028583591324942453,2082.6316452026367,UI,2082.6316452026367
teammates\src\main\java\teammates\storage\entity\Instructor.java,0.022151485511234827,0.06066252844674247,0.0,0.028583809307643347,0.07424625669206891,UI,0.07424625669206891
teammates\src\e2e\java\teammates\e2e\cases\InstructorFeedbackEditPageE2ETest.java,0.1213574000767299,0.23941023690359933,3578.8987350463867,0.028580311366489957,0.11399529320853097,E2E,3578.8987350463867
teammates\src\main\java\teammates\ui\output\SessionResultsData.java,0.06030114037649972,0.8787369319370815,0.040049658502851214,0.07909997531345912,1701.1453437805176,UI,1701.1453437805176
teammates\src\main\java\teammates\ui\servlets\OAuth2CallbackServlet.java,0.0730546270098005,0.10435335976736886,0.10047426223754882,0.8653111049107143,2711.416664123535,UI,2711.416664123535
teammates\src\e2e\java\teammates\e2e\pageobjects\InstructorCourseEditPage.java,0.10395712171282087,0.2113522802080427,2718.5783767700195,0.2439509528023856,0.02857142857142857,E2E,2718.5783767700195
teammates\src\e2e\java\teammates\e2e\cases\axe\AdminSessionsPageAxeTest.java,0.037207235608782085,0.028733938080923897,4016.8169021606445,0.028584510939461846,0.01596329723085676,E2E,4016.8169021606445
teammates\src\e2e\java\teammates\e2e\cases\axe\AdminHomePageAxeTest.java,0.030771378108433316,0.030771378108433316,4158.183288574219,0.02858544077192034,0.017095208168029785,E2E,4158.183288574219
teammates\src\lnp\java\teammates\lnp\cases\InstructorUpdateLNPTest.java,0.1384843417576381,0.1491518701825823,0.27090138026646204,0.046201048578534805,0.03969483375549317,E2E,0.27090138026646204
teammates\src\main\java\teammates\storage\entity\FeedbackQuestion.java,0.04754654679979597,0.056542788233075826,0.012358075380325318,0.028582981654575894,0.0,Common,0.056542788233075826
teammates\src\e2e\java\teammates\e2e\cases\FeedbackNumScaleQuestionE2ETest.java,0.033139191355024064,0.024162861279078893,3270.8251953125,0.028582429885864256,0.013423809834889004,E2E,3270.8251953125
teammates\src\main\java\teammates\logic\core\CoursesLogic.java,0.013848190648215158,0.0645345755985805,0.5264316013881138,3378.6597061157227,0.08667973790849959,Logic,3378.6597061157227
teammates\src\client\java\teammates\client\scripts\DataMigrationForTextQuestionRecommendedLength.java,4414.310646057129,0.05714285714285714,0.10530988148280553,0.10552425384521484,0.054458018711635046,Client,4414.310646057129
teammates\src\test\java\teammates\common\datatransfer\questions\FeedbackMsqQuestionDetailsTest.java,0.06600639479500907,2047.4755668640137,0.16830746786934989,0.028577610424586706,0.03317225319998605,Common,2047.4755668640137
teammates\src\test\java\teammates\common\datatransfer\questions\FeedbackRankQuestionDetailsTest.java,0.02857142857142857,2949.9671173095703,0.09053521837506975,0.028585025242396762,0.02857142857142857,Common,2949.9671173095703
teammates\src\main\java\teammates\logic\external\RecaptchaService.java,0.0,0.0,0.0,2599.210090637207,0.0,Logic,2599.210090637207
teammates\src\test\java\teammates\logic\external\package-info.java,0.0,0.0,0.0799973828451974,2602.679862976074,0.0,Logic,2602.679862976074
teammates\src\main\java\teammates\ui\output\FeedbackQuestionData.java,0.05945972033909389,0.14177000863211495,0.01156193699155535,0.07410156386239188,1948.9094924926758,UI,1948.9094924926758
teammates\src\e2e\java\teammates\e2e\cases\axe\AdminAccountsPageAxeTest.java,0.030539366177150182,0.030539366177150182,4210.8037185668945,0.028585335186549595,0.016966312272208076,E2E,4210.8037185668945
teammates\src\main\java\teammates\storage\api\EntitiesDb.java,0.12165021896362305,0.16816583360944476,0.42425564357212614,0.575520270211356,0.024229809216090612,Logic,0.575520270211356
teammates\src\main\java\teammates\ui\webapi\GetSessionResponseStatsAction.java,0.0,0.0,0.0,2.1128173828125,2151.837902069092,UI,2151.837902069092
teammates\src\main\java\teammates\ui\output\DeadlineExtensionData.java,0.0,0.04049430915287563,0.0,0.02858550889151437,2162.6290702819824,UI,2162.6290702819824
teammates\src\main\java\teammates\logic\external\GoogleCloudLoggingService.java,0.0,0.14631171907697404,0.13186119624546597,2332.446975708008,0.16251520429338728,Logic,2332.446975708008
teammates\src\test\java\teammates\ui\webapi\GetInstructorPrivilegeActionTest.java,0.0431408166885376,0.05714285714285714,0.41592979431152344,0.03582085881914411,1851.164264678955,UI,1851.164264678955
teammates\src\e2e\java\teammates\e2e\cases\axe\InstructorCourseEnrollPageAxeTest.java,0.038541923250470844,0.030310824939182825,4144.436378479004,0.02858619008745466,0.016839344160897392,E2E,4144.436378479004
teammates\src\main\java\teammates\common\util\HttpRequestHelper.java,0.023661933626447404,2828.55899810791,0.08124886921473912,0.12095026288713728,0.08418945584978377,Common,2828.55899810791
teammates\src\main\java\teammates\common\datatransfer\attributes\FeedbackSessionAttributes.java,0.049130518095833915,2148.6356925964355,0.2528754643031529,0.19973456518990654,0.08571428571428572,Common,2148.6356925964355
teammates\src\main\java\teammates\main\package-info.java,0.0,0.0,0.0,0.02858618668147496,0.0,Logic,0.02858618668147496
teammates\src\main\java\teammates\ui\webapi\GetAccountAction.java,0.0072639337607792445,0.0,0.0,1.9404573713030133,2102.681770324707,UI,2102.681770324707
teammates\src\test\java\teammates\storage\api\EntitiesDbTest.java,0.0,0.08515446526663643,1.1084841047014509,0.16200836726597379,0.03243385383061,E2E,1.1084841047014509
teammates\src\main\java\teammates\common\datatransfer\logs\SourceLocation.java,0.02857142857142857,3172.5949096679688,0.027885275227682933,0.5315487997872489,0.0742549010685512,Common,3172.5949096679688
teammates\src\test\java\teammates\test\AssertHelper.java,0.07491468702043806,0.06688391140529087,0.5912136622837612,0.028584892409188406,0.0,E2E,0.5912136622837612
teammates\src\test\java\teammates\common\datatransfer\attributes\FeedbackQuestionAttributesTest.java,0.13984462193080358,1879.895896911621,0.3593782697405134,0.12246990203857422,0.034031248092651366,Common,1879.895896911621
teammates\src\lnp\java\teammates\lnp\cases\BaseLNPTestCase.java,0.3881687436785017,0.13865021296909877,0.32387613568987167,0.36706295013427737,0.3690176010131836,Client,0.3881687436785017
teammates\src\e2e\java\teammates\e2e\cases\axe\InstructorStudentListPageAxeTest.java,0.03761821133749826,0.03061631407056536,4154.480667114258,0.02858536924634661,0.017009060723440987,E2E,4154.480667114258
teammates\src\e2e\java\teammates\e2e\pageobjects\InstructorCourseStudentDetailsEditPage.java,0.09110210282461983,0.06253067425319127,3238.8049697875977,0.1188023430960519,0.0,E2E,3238.8049697875977
teammates\src\main\java\teammates\ui\webapi\GetCourseAction.java,0.0,0.029404708317347934,0.0,2.0697808401925224,2093.52481842041,UI,2093.52481842041
teammates\src\e2e\java\teammates\e2e\cases\axe\InstructorNotificationsPageAxeTest.java,0.03698838778904506,0.030160355567932128,4120.803527832031,0.09357899257114956,0.016755751201084683,E2E,4120.803527832031
teammates\src\main\java\teammates\logic\core\package-info.java,0.0,0.0,0.0,2602.679862976074,0.0,Logic,2602.679862976074
teammates\src\main\java\teammates\common\datatransfer\DataBundle.java,0.02857142857142857,2987.401885986328,0.0,0.028585335186549595,0.02857142857142857,Common,2987.401885986328
teammates\src\main\java\teammates\ui\webapi\EnrollStudentsAction.java,0.09335962704249791,0.13238123485020228,0.023011994361877442,2.2022864205496653,2051.1849975585938,UI,2051.1849975585938
teammates\src\e2e\java\teammates\e2e\pageobjects\FeedbackResultsPage.java,0.16151316506522043,0.90566896711077,2977.0627975463867,0.11126668112618583,0.14886564527239118,E2E,2977.0627975463867
teammates\src\e2e\java\teammates\e2e\cases\axe\package-info.java,0.03224102769579206,0.03224102769579206,4132.229423522949,0.028586108343941825,0.01791167940412249,E2E,4132.229423522949
teammates\src\e2e\java\teammates\e2e\util\MaximumRetriesExceededException.java,0.039618001665387835,0.06359494754246303,3362.048110961914,0.028585859707423618,0.060543366840907505,E2E,3362.048110961914
teammates\src\test\java\teammates\ui\webapi\FeedbackSessionOpeningRemindersActionTest.java,0.1410926137651716,0.1845911843436105,0.1102255003792899,2.1364798409598214,1998.744945526123,UI,1998.744945526123
teammates\src\e2e\java\teammates\e2e\pageobjects\InstructorCourseDetailsPage.java,0.06955020087105887,0.06801104545593262,3071.862030029297,0.02858132634844099,0.02857142857142857,E2E,3071.862030029297
teammates\src\test\java\teammates\common\util\UrlTest.java,0.08461331639971052,2733.4564208984375,0.5486934116908482,0.21540837969098772,0.15544636590140207,Common,2733.4564208984375
teammates\src\test\java\teammates\logic\api\EmailSenderTest.java,0.009573560101645333,0.01958442074911935,0.1816070556640625,2282.136344909668,0.1613394056047712,Logic,2282.136344909668
teammates\src\test\java\teammates\logic\core\InstructorsLogicTest.java,0.13991832733154297,0.19941328593662808,1.3770362854003906,2818.66397857666,0.2894068854195731,Logic,2818.66397857666
teammates\src\main\java\teammates\ui\request\CourseCreateRequest.java,0.007377621105739049,0.0,0.0,0.028585801805768696,2164.5889282226562,UI,2164.5889282226562
teammates\src\test\java\teammates\common\util\SanitizationHelperTest.java,0.07878189086914063,2420.0300216674805,0.7089333125523158,0.11966389247349331,0.17707644871303013,Common,2420.0300216674805
teammates\src\main\java\teammates\logic\core\NotificationsLogic.java,0.0,0.0,0.020225375039236885,2546.760025024414,0.0,Logic,2546.760025024414
teammates\src\main\java\teammates\ui\webapi\GetAuthInfoAction.java,0.0077297704560416085,0.0,0.008310467004776001,0.6328050885881696,2093.52481842041,UI,2093.52481842041
teammates\src\test\java\teammates\logic\external\GoogleRecaptchaServiceTest.java,1.0152760096958706,0.08749970027378627,0.6743995666503906,2479.1307067871094,0.48361930847167967,Logic,2479.1307067871094
teammates\src\test\java\teammates\ui\webapi\BaseActionTest.java,0.0859708649771554,0.23607902526855468,0.08149469920567104,1.8621270315987724,2081.8931770324707,UI,2081.8931770324707
teammates\src\main\java\teammates\storage\entity\Notification.java,0.0160664439201355,0.13579113824026925,0.04487709317888532,0.028583591324942453,0.0,Common,0.13579113824026925
teammates\src\test\java\teammates\ui\webapi\GetAuthInfoActionTest.java,0.01708252089364188,0.06355447769165039,0.08432956423078264,0.028581053870064873,2089.3347358703613,UI,2089.3347358703613
teammates\src\main\java\teammates\ui\webapi\UnpublishFeedbackSessionAction.java,0.0,0.0,0.014391415459769113,2.2746303013392857,2151.8922424316406,UI,2151.8922424316406
teammates\src\test\java\teammates\ui\webapi\DeleteStudentActionTest.java,1.4989219665527345,0.02211446932383946,0.08866139820643834,0.06175812312534877,1948.9094924926758,UI,1948.9094924926758
teammates\src\main\java\teammates\ui\servlets\HealthCheckServlet.java,0.007410759585244315,0.0,0.012148364952632358,0.02858583927154541,2112.970390319824,UI,2112.970390319824
teammates\src\client\java\teammates\client\scripts\DataMigrationForNullCommentGiverType.java,4488.189239501953,1.11537355695452,0.07638548442295619,0.04539867469242641,0.05590463706425258,Client,4488.189239501953
teammates\src\test\java\teammates\ui\webapi\JsonResultTest.java,0.0,0.05579114641462054,0.1012552125113351,0.0285846369607108,2038.7753677368164,UI,2038.7753677368164
teammates\src\test\java\teammates\ui\webapi\SendErrorReportActionTest.java,0.006211107969284058,0.04681387628827776,0.09318274770464216,0.053433077675955634,2349.0257263183594,UI,2349.0257263183594
teammates\src\main\java\teammates\ui\output\FeedbackSessionsData.java,0.0,0.0,0.011485969168799265,0.028585822241646904,2111.8152236938477,UI,2111.8152236938477
teammates\src\main\java\teammates\ui\webapi\GetFeedbackResponseCommentAction.java,0.008192787000111171,0.9575880868094307,0.98614501953125,2.164011710030692,1994.676628112793,UI,1994.676628112793
teammates\src\test\java\teammates\storage\api\FeedbackResponsesDbTest.java,0.08546672548566546,0.10639386177062989,0.5848437173025949,0.07532201494489398,0.08544595582144601,E2E,0.5848437173025949
teammates\src\test\java\teammates\common\util\StringHelperExtension.java,0.0,2999.9292755126953,0.07917222976684571,0.028586012976510183,0.03225465161459787,Common,2999.9292755126953
teammates\src\main\java\teammates\ui\output\JoinLinkData.java,0.0,0.0,0.0,0.028586012976510183,2123.5028076171875,UI,2123.5028076171875
teammates\src\lnp\java\teammates\lnp\util\package-info.java,0.0,0.0,0.04436095782688686,0.02858614580971854,0.0325549874986921,E2E,0.04436095782688686
teammates\src\main\java\teammates\ui\webapi\CreateInstructorAction.java,0.0,0.026600725310189383,0.4450662885393415,2.1310453142438615,2044.372158050537,UI,2044.372158050537
teammates\src\main\java\teammates\ui\webapi\InstructorSearchIndexingWorkerAction.java,0.0,0.0,0.0,2.084986659458705,2098.185272216797,UI,2098.185272216797
teammates\src\main\java\teammates\ui\output\RegenerateKeyData.java,0.03721205166407994,0.0,0.0,0.028585917609078543,2139.2753982543945,UI,2139.2753982543945
teammates\src\test\java\teammates\ui\webapi\GetRegkeyValidityActionTest.java,0.00861905813217163,0.21129706246512278,0.07915938241141184,1.9212718418666295,2087.9456520080566,UI,2087.9456520080566
teammates\src\test\java\teammates\common\datatransfer\questions\FeedbackRankOptionsQuestionDetailsTest.java,0.02857142857142857,2421.835136413574,0.11515797206333706,0.028580546379089355,0.03614566326141357,Common,2421.835136413574
teammates\src\main\java\teammates\ui\webapi\GetRegkeyValidityAction.java,0.0,0.031970272745404926,0.0,2.0837770734514507,2120.601272583008,UI,2120.601272583008
teammates\src\main\java\teammates\common\exception\EmailSendingException.java,0.0,3039.355010986328,0.031902435847691125,0.02858595507485526,0.0,Common,3039.355010986328
teammates\src\main\java\teammates\common\datatransfer\TeamEvalResult.java,0.09334121431623187,2200.583209991455,0.08824586868286133,0.5898966653006418,0.12334051132202148,Common,2200.583209991455
teammates\src\main\java\teammates\storage\search\StudentSearchManager.java,0.06205510411943708,0.06205510411943708,0.01186010411807469,0.028583809307643347,0.043563141141619,Client,0.06205510411943708
teammates\src\main\java\teammates\ui\webapi\DeleteStudentsAction.java,0.0,0.0,0.0,2.1202760968889507,2136.9140625,UI,2136.9140625
teammates\src\test\java\teammates\ui\webapi\FeedbackSessionClosedRemindersActionTest.java,0.14481524058750697,0.18179732731410436,0.10726430756705148,2.0738512311662944,1986.6176986694336,UI,1986.6176986694336
teammates\src\main\java\teammates\ui\webapi\GetTimeZonesAction.java,0.08493166651044573,0.0993067605154855,0.41211068289620534,0.11846256256103516,2132.775650024414,UI,2132.775650024414
teammates\src\client\java\teammates\client\scripts\DataMigrationForTextQuestionDetailsFormat.java,4459.362411499023,0.05714285714285714,0.11411895751953124,0.04504472868783133,0.055329513549804685,Client,4459.362411499023
teammates\src\main\java\teammates\ui\output\FeedbackQuestionRecipientData.java,0.0,0.0,0.011353058474404472,0.02858565534864153,2101.55330657959,UI,2101.55330657959
teammates\src\main\java\teammates\logic\core\AccountRequestsLogic.java,0.0,0.03890972478049142,0.01782909802028111,2521.9421005249023,0.0,Logic,2521.9421005249023
teammates\src\test\java\teammates\logic\api\MockEmailSender.java,0.0,0.0,0.08766687256949289,2603.597640991211,0.0,Logic,2603.597640991211
teammates\src\main\java\teammates\storage\search\AccountRequestSearchManager.java,0.0,0.0,0.010850812707628523,0.028585025242396762,0.0,Logic,0.028585025242396762
teammates\src\main\java\teammates\common\datatransfer\questions\FeedbackTextResponseDetails.java,0.02857142857142857,3026.5696716308594,0.03973570551191057,0.05715708732604981,0.02857142857142857,Common,3026.5696716308594
teammates\src\main\java\teammates\ui\servlets\LoginServlet.java,0.05744703156607492,0.0,0.07780331202915737,1.182224600655692,2692.698211669922,UI,2692.698211669922
teammates\src\test\java\teammates\ui\webapi\GetAccountRequestActionTest.java,0.023045614787510462,0.0,0.5631552015032087,1.8188959394182478,2074.8219871520996,UI,2074.8219871520996
teammates\src\test\java\teammates\ui\webapi\DeleteAccountRequestActionTest.java,0.01893623045512608,0.0,0.08960706847054618,1.9550349644252232,2066.308307647705,UI,2066.308307647705
teammates\src\main\java\teammates\ui\output\OngoingSessionsData.java,0.0,0.0,0.011124213252748762,0.02858536924634661,2083.8845443725586,UI,2083.8845443725586
teammates\src\test\java\teammates\ui\request\StudentsEnrollRequestTest.java,0.0,0.8842427389962333,0.48059844970703125,0.0949052197592599,2098.6289405822754,UI,2098.6289405822754
teammates\src\main\java\teammates\storage\api\AccountRequestsDb.java,0.023815321922302245,0.0715383665902274,0.12336429868425641,0.4051337378365653,0.1431020872933524,Logic,0.4051337378365653
teammates\src\test\java\teammates\ui\webapi\GetFeedbackSessionSubmittedGiverSetActionTest.java,0.04389120510646275,0.0,0.125305666242327,0.02858426911490304,2065.3798484802246,UI,2065.3798484802246
teammates\src\e2e\java\teammates\e2e\cases\axe\StudentCourseDetailsPageAxeTest.java,0.03740577016557966,0.030462803159441266,4213.474006652832,0.028585297720772878,0.01692377669470651,E2E,4213.474006652832
teammates\src\e2e\java\teammates\e2e\pageobjects\AdminHomePage.java,0.10887923921857562,0.061142832892281666,3230.6961059570312,0.028583591324942453,0.03724675519125802,E2E,3230.6961059570312
teammates\src\main\java\teammates\ui\servlets\package-info.java,0.0,0.0,0.0,0.02858614580971854,2131.8692207336426,UI,2131.8692207336426
teammates\src\main\java\teammates\ui\webapi\GetStudentAction.java,0.0,0.0,0.0,2.185023280552455,2071.691474914551,UI,2071.691474914551
teammates\src\test\java\teammates\ui\webapi\GetFeedbackResponseCommentActionTest.java,0.04191586630684989,0.4940590994698661,0.19550384793962752,2.1695009504045757,1821.684284210205,UI,1821.684284210205
teammates\src\main\java\teammates\ui\webapi\InvalidHttpParameterException.java,0.0,0.0,0.03600544248308454,0.028585617882864817,2099.305191040039,UI,2099.305191040039
teammates\src\main\java\teammates\ui\webapi\DeleteDataBundleAction.java,0.08704136439732142,0.20765868595668246,0.0,1.9985089983258928,2197.051887512207,UI,2197.051887512207
teammates\src\e2e\java\teammates\e2e\cases\FeedbackContributionQuestionE2ETest.java,0.03284045968736921,0.023784490994044713,3256.079864501953,0.028582259586879186,0.013213603837149484,E2E,3256.079864501953
teammates\src\main\java\teammates\common\datatransfer\attributes\EntityAttributes.java,0.02857142857142857,2941.871871948242,0.06401126725333077,0.15263851710728238,0.02857142857142857,Common,2941.871871948242
teammates\src\main\java\teammates\common\datatransfer\attributes\AccountAttributes.java,0.02857142857142857,2756.3845825195312,0.06022805486406599,0.10460379464285714,0.02857142857142857,Common,2756.3845825195312
teammates\src\test\java\teammates\test\BaseTestCase.java,0.06773954119001116,0.18596046992710658,0.10959033966064453,0.09761626379830497,0.12320383616856166,Common,0.18596046992710658
teammates\src\test\java\teammates\common\datatransfer\questions\package-info.java,0.02857142857142857,3081.703109741211,0.07975888933454241,0.028586108343941825,0.02857142857142857,Common,3081.703109741211
teammates\src\main\java\teammates\common\util\AppUrl.java,0.00819023847579956,2933.6054611206055,0.0,0.028585161481584822,0.17358414786202567,Common,2933.6054611206055
teammates\src\main\java\teammates\common\datatransfer\logs\FeedbackSessionAuditLogDetails.java,0.02857142857142857,3000.259323120117,0.02816774163927351,0.5652151925223214,0.02857142857142857,Common,3000.259323120117
teammates\src\test\java\teammates\test\AbstractBackDoor.java,0.03160736220223563,0.11502250943865094,0.11232344763619559,0.124542236328125,0.2664682933262416,UI,0.2664682933262416
teammates\src\e2e\java\teammates\e2e\cases\FeedbackResultsPageE2ETest.java,0.17658187321254185,0.8121111188616071,2425.083808898926,0.15728729793003626,0.28221563611711775,E2E,2425.083808898926
teammates\src\main\java\teammates\common\util\SanitizationHelper.java,0.0,2745.442008972168,0.5290340423583985,0.12285774775913784,0.8643848419189453,Common,2745.442008972168
teammates\src\main\java\teammates\ui\output\InstructorPrivilegeData.java,0.0,0.0,0.0,0.028585972104753766,2121.1408042907715,UI,2121.1408042907715
teammates\src\main\java\teammates\common\datatransfer\InstructorPrivilegesLegacy.java,0.02857142857142857,3040.031394958496,0.0,0.02858576433999198,0.02857142857142857,Common,3040.031394958496
teammates\src\main\java\teammates\common\datatransfer\AttributesDeletionQuery.java,0.02857142857142857,2775.3318786621094,0.007517995153154646,0.028583591324942453,0.08571428571428572,Common,2775.3318786621094
teammates\src\test\java\teammates\ui\webapi\GetStudentsActionTest.java,0.02536104576928275,0.5092353275844029,0.1397780418395996,0.5363477434430803,1845.3292846679688,UI,1845.3292846679688
teammates\src\test\java\teammates\ui\webapi\InstructorSearchIndexingWorkerActionTest.java,0.015906689848218646,0.026997223922184534,0.11208348274230957,2.02428959437779,2046.621208190918,UI,2046.621208190918
teammates\src\main\java\teammates\logic\external\GoogleCloudTasksService.java,3.633950587681362,0.13657411847795758,0.15864895411900112,2837.1413040161133,0.056322911807468956,Logic,2837.1413040161133
teammates\src\test\java\teammates\common\datatransfer\questions\FeedbackQuestionDetailsTest.java,0.034975406101771765,3036.875648498535,1.0179753984723772,0.09607767377580916,0.02857142857142857,Common,3036.875648498535
teammates\src\main\java\teammates\storage\entity\CourseStudent.java,0.014767657007489885,0.06066252844674247,0.0,0.028583809307643347,0.07424625669206891,UI,0.07424625669206891
teammates\src\main\java\teammates\ui\output\CommentVisibilityType.java,0.0,0.0,0.0,0.02858603000640869,2124.6886825561523,UI,2124.6886825561523
teammates\src\test\java\teammates\common\datatransfer\attributes\package-info.java,0.02857142857142857,3081.703109741211,0.07975888933454241,0.028586108343941825,0.02857142857142857,Common,3081.703109741211
teammates\src\test\java\teammates\common\datatransfer\questions\FeedbackRankRecipientsQuestionDetailsTest.java,0.07665068081447056,2392.7354049682617,0.16121023723057337,0.05979863575526646,0.05849204063415527,Common,2392.7354049682617
teammates\src\main\java\teammates\ui\webapi\SubmitFeedbackResponsesAction.java,0.06129899706159319,0.10341131346566336,0.5063571384974889,2.4632165091378346,1840.7705688476562,UI,1840.7705688476562
teammates\src\e2e\java\teammates\e2e\cases\InstructorFeedbackReportPageE2ETest.java,0.1553147724696568,0.7605461665562221,3251.736373901367,0.10066360064915249,0.31484530312674386,E2E,3251.736373901367
teammates\src\main\java\teammates\storage\api\NotificationsDb.java,0.05409110614231655,0.07260618891034808,0.11086254119873047,0.19169003622872488,0.03358450957706997,Logic,0.19169003622872488
teammates\src\lnp\java\teammates\lnp\cases\package-info.java,0.0323268004826137,0.0323268004826137,0.1591371808733259,0.02858614580971854,0.017959330763135637,E2E,0.1591371808733259
teammates\src\main\java\teammates\ui\constants\QuestionTypeStructures.java,0.0,0.04276914596557617,0.0,0.11699341365269252,2050.601272583008,UI,2050.601272583008
teammates\src\test\java\teammates\ui\webapi\FeedbackSessionResendPublishedEmailWorkerActionTest.java,0.07783000128609793,0.053912598746163505,0.11780994960239956,1.7903496878487724,2078.8354301452637,UI,2078.8354301452637
teammates\src\test\java\teammates\ui\webapi\FeedbackSessionRemindParticularUsersEmailWorkerActionTest.java,0.08162588391985212,0.08430369922092983,0.42854061126708987,1.881268310546875,1995.1202964782715,UI,1995.1202964782715
teammates\src\main\java\teammates\ui\webapi\UpdateFeedbackQuestionAction.java,0.0,0.0,0.5452723366873605,2.0894481113978793,2044.372158050537,UI,2044.372158050537
teammates\src\main\java\teammates\ui\webapi\GetCourseJoinStatusAction.java,0.00841566835130964,0.02994682788848877,0.0,2.0805079868861607,2062.592601776123,UI,2062.592601776123
teammates\src\test\java\teammates\common\util\package-info.java,0.0,3016.4562225341797,0.0799973828451974,0.02858614580971854,0.0325549874986921,Common,3016.4562225341797
teammates\src\e2e\java\teammates\e2e\cases\StudentNotificationsPageE2ETest.java,0.042540059770856585,0.06002401624407087,3840.7119369506836,0.10027291434151786,0.15928570883614676,E2E,3840.7119369506836
teammates\src\e2e\java\teammates\e2e\cases\InstructorCourseStudentDetailsPageE2ETest.java,0.03823769773755755,0.02928800242287772,3493.6863708496094,0.028584762981959753,0.01627110924039568,E2E,3493.6863708496094
teammates\src\client\java\teammates\client\util\LoopHelper.java,4356.763801574707,0.0,0.0,0.02858565534864153,0.03146670205252511,Client,4356.763801574707
teammates\src\main\java\teammates\ui\request\FeedbackSessionUpdateRequest.java,0.0,0.04118884972163609,0.0,0.028585335186549595,2133.8898277282715,UI,2133.8898277282715
teammates\src\test\java\teammates\ui\webapi\GetInstructorsActionTest.java,0.015178867748805456,0.020844193867274693,0.23369241441999164,2.216819109235491,1871.3087844848633,UI,1871.3087844848633
teammates\src\main\java\teammates\common\util\StringHelper.java,0.10593887056623186,2885.8340072631836,0.5353450775146484,0.43544976370675226,0.20113763809204102,Common,2885.8340072631836
teammates\src\main\java\teammates\ui\webapi\InstructorCourseJoinEmailWorkerAction.java,0.008620880331311908,0.0,0.0,2.105462210518973,2050.601272583008,UI,2050.601272583008
teammates\src\main\java\teammates\common\datatransfer\InstructorPermissionSet.java,0.03308379309517997,2609.097366333008,0.004025030136108399,0.14947380338396346,0.06549641745431083,Common,2609.097366333008
teammates\src\main\java\teammates\ui\webapi\GetNotificationAction.java,0.007296057258333479,0.0,0.0,1.9443636213030133,2104.947509765625,UI,2104.947509765625
teammates\src\test\java\teammates\ui\webapi\DeleteFeedbackSessionActionTest.java,0.014960731778826033,0.04065339224679129,0.47457193647112167,2.1974147251674108,1868.1332778930664,UI,1868.1332778930664
teammates\src\main\java\teammates\ui\webapi\GetUserCookieAction.java,0.007122813378061567,0.04671950340270996,0.0,0.09087785312107631,2766.911392211914,UI,2766.911392211914
teammates\src\main\java\teammates\ui\output\package-info.java,0.0,0.0,0.0,0.02858614580971854,2131.8692207336426,UI,2131.8692207336426
teammates\src\main\java\teammates\ui\request\FeedbackQuestionUpdateRequest.java,0.0,0.0,0.0,0.028586128779820034,2185.8079719543457,UI,2185.8079719543457
teammates\src\e2e\java\teammates\e2e\cases\NotificationBannerE2ETest.java,0.03585846083504813,0.02820044755935669,3431.99764251709,0.10219222477504185,0.015666913986206055,E2E,3431.99764251709
teammates\src\e2e\java\teammates\e2e\cases\axe\InstructorFeedbackSessionsPageAxeTest.java,0.03761821133749826,0.03061631407056536,4154.480667114258,0.02858536924634661,0.017009060723440987,E2E,4154.480667114258
teammates\src\main\java\teammates\ui\output\FeedbackResponseCommentData.java,0.0,0.0,0.011846177918570382,0.028584510939461846,2031.077995300293,UI,2031.077995300293
teammates\src\main\java\teammates\ui\output\FeedbackSessionStatsData.java,0.0,0.0,0.0,0.028585917609078543,2117.6208305358887,UI,2117.6208305358887
teammates\src\client\java\teammates\client\util\BackDoor.java,4382.5921630859375,0.0,0.0,0.028585822241646904,0.03183508600507464,Client,4382.5921630859375
teammates\src\e2e\java\teammates\e2e\cases\InstructorCourseStudentDetailsEditPageE2ETest.java,0.13866773332868304,0.8467215946742467,3792.049140930176,0.02858489922114781,0.1716362680707659,E2E,3792.049140930176
teammates\src\e2e\java\teammates\e2e\pageobjects\package-info.java,0.0,0.0,3337.7271270751953,0.02858614580971854,0.0,E2E,3337.7271270751953
teammates\src\main\java\teammates\common\datatransfer\SessionResultsBundle.java,0.06568118504115514,3711.897506713867,0.06806963511875698,0.1035942826952253,0.09468001638139997,Common,3711.897506713867
teammates\src\test\java\teammates\storage\search\AccountRequestSearchTest.java,0.04735090732574463,0.08096437454223633,0.16003447941371374,0.07098713602338519,0.187091977255685,UI,0.187091977255685
teammates\src\main\java\teammates\ui\webapi\GetNotificationsAction.java,0.09062653269086565,0.06205510411943708,0.009879566941942487,2.1582938058035714,2085.0574684143066,UI,2085.0574684143066
teammates\src\e2e\java\teammates\e2e\pageobjects\InstructorCourseEnrollPage.java,0.09376158033098493,0.0565664495740618,3170.2576065063477,0.028582429885864256,0.02857142857142857,E2E,3170.2576065063477
teammates\src\test\java\teammates\common\util\TimeHelperTest.java,0.06539318220955985,2428.146629333496,0.11250932557242257,0.04147016661507743,0.05378237451825823,Common,2428.146629333496
teammates\src\test\java\teammates\common\datatransfer\questions\FeedbackContributionQuestionDetailsTest.java,0.06997269902910505,1796.4417839050293,0.8578517368861607,0.12228152411324637,0.05475508485521589,Common,1796.4417839050293
teammates\src\test\java\teammates\logic\core\FeedbackResponsesLogicTest.java,0.12745915821620396,0.392885616847447,0.2763951165335519,2706.7022705078125,0.09308695111955916,Logic,2706.7022705078125
teammates\src\test\java\teammates\ui\webapi\GetNotificationsActionTest.java,0.0822897297995431,0.10821471895490374,0.1770998682294573,2.007230268205915,2045.0014114379883,UI,2045.0014114379883
teammates\src\main\java\teammates\ui\webapi\DeleteNotificationAction.java,0.0,0.018810292652675083,0.0,1.9583116803850447,2131.5426445007324,UI,2131.5426445007324
teammates\src\main\java\teammates\common\datatransfer\attributes\AccountRequestAttributes.java,0.02857142857142857,2756.3845825195312,0.06022805486406599,0.10460379464285714,0.02857142857142857,Common,2756.3845825195312
teammates\src\test\java\teammates\ui\webapi\GetFeedbackSessionsActionTest.java,0.2230606896536691,0.41751461029052733,0.2921440124511719,1.8656145368303572,1765.0593566894531,UI,1765.0593566894531
teammates\src\main\java\teammates\ui\request\StudentsEnrollRequest.java,0.0742471558707101,0.0993185179574149,0.8519602094377791,0.10243753705705916,2089.023780822754,UI,2089.023780822754
teammates\src\main\java\teammates\ui\output\ApiOutput.java,0.0,0.0,0.0,0.028586012976510183,2175.2508544921875,UI,2175.2508544921875
teammates\src\main\java\teammates\logic\core\StudentsLogic.java,0.08682595661708287,0.08111468723842076,1.0116627284458706,3644.1643142700195,0.03432723454066685,Logic,3644.1643142700195
teammates\src\main\java\teammates\ui\webapi\FeedbackSessionResendPublishedEmailWorkerAction.java,0.0,0.026171714918954033,0.02550866433552333,2.389373779296875,2143.535575866699,UI,2143.535575866699
teammates\src\test\java\teammates\logic\core\FeedbackQuestionsLogicTest.java,0.1402026721409389,0.4699692862374442,0.5506427219935826,3174.1733169555664,0.20901719502040317,Logic,3174.1733169555664
teammates\src\main\java\teammates\ui\output\JoinStatus.java,0.0,0.0,0.0,0.028586012976510183,2123.5028076171875,UI,2123.5028076171875
teammates\src\main\java\teammates\ui\output\GeneralLogsData.java,0.0,0.0,0.009915602207183839,0.02858583927154541,2112.970390319824,UI,2112.970390319824
teammates\src\client\java\teammates\client\scripts\statistics\StatisticsPerInstitute.java,4038.5557174682617,0.086994321005685,0.07706309046064104,0.13643549510410855,0.1093987056187221,Client,4038.5557174682617
teammates\src\main\java\teammates\common\datatransfer\attributes\NotificationAttributes.java,0.02857142857142857,2558.725051879883,0.0520474910736084,0.10053512709481376,0.02857142857142857,Common,2558.725051879883
teammates\src\main\java\teammates\ui\webapi\RegenerateStudentKeyAction.java,0.00787739668573652,0.05999851908002581,0.5320309775216239,1.8358849661690848,2173.8223838806152,UI,2173.8223838806152
teammates\src\client\java\teammates\client\scripts\DataMigrationForStudentsAndTeamsRecipientType.java,4447.97737121582,0.05714285714285714,0.1014204706464495,0.04490728378295898,0.02857142857142857,Client,4447.97737121582
teammates\src\main\java\teammates\common\datatransfer\questions\FeedbackConstantSumQuestionDetails.java,0.14421232768467496,2554.433364868164,0.8628983633858817,0.028579674448285783,0.06485347066606795,Common,2554.433364868164
teammates\src\test\java\teammates\ui\webapi\GetNotificationActionTest.java,0.015522728647504534,0.0,0.9006463732038226,0.05592957564762661,2014.0278053283691,UI,2014.0278053283691
teammates\src\e2e\java\teammates\e2e\util\RetryManager.java,0.04367663860321045,0.036126290048871725,3226.1758422851562,0.028584892409188406,0.05525366238185338,E2E,3226.1758422851562
teammates\src\e2e\java\teammates\e2e\pageobjects\StudentHomePage.java,0.08262898581368583,0.07467564174107143,3377.360610961914,0.08330158506120955,0.0526949303490775,E2E,3377.360610961914
teammates\src\test\java\teammates\logic\core\FeedbackResponseCommentsLogicTest.java,0.26687491280691966,1.1439773559570312,0.4856527056012835,1853.20556640625,0.14429498400006976,Logic,1853.20556640625
teammates\src\main\java\teammates\ui\webapi\ArchiveCourseAction.java,0.0,0.0,0.015094494819641114,2.3887911115373885,2177.99898147583,UI,2177.99898147583
teammates\src\test\java\teammates\logic\core\BaseLogicTest.java,0.02857142857142857,0.05714285714285714,0.07882664544241769,2585.513381958008,0.02857142857142857,Logic,2585.513381958008
teammates\src\e2e\java\teammates\e2e\pageobjects\AdminSearchPage.java,0.09165875571114676,0.08450284685407367,2822.6694107055664,0.11569129398890904,0.42754505702427453,E2E,2822.6694107055664
teammates\src\e2e\java\teammates\e2e\cases\axe\InstructorCourseDetailsPageAxeTest.java,0.038541923250470844,0.030310824939182825,4133.404884338379,0.02858522960117885,0.016839344160897392,E2E,4133.404884338379
teammates\src\test\java\teammates\ui\request\package-info.java,0.0,0.0,0.0799973828451974,0.02858614580971854,2187.0861053466797,UI,2187.0861053466797
teammates\src\main\java\teammates\ui\output\AccountData.java,0.0,0.0,0.0,0.028585474831717354,2090.4262161254883,UI,2090.4262161254883
teammates\src\main\java\teammates\ui\output\ResponseVisibleSetting.java,0.0,0.10555831364222935,0.0,0.028586087908063617,2128.2645988464355,UI,2128.2645988464355
teammates\src\client\java\teammates\client\scripts\DataMigrationForUnencryptedKeyForInstructors.java,4482.381896972656,0.08645119667053222,0.07618082591465541,0.045326675687517436,0.02857142857142857,Client,4482.381896972656
teammates\src\test\java\teammates\ui\webapi\package-info.java,0.0,0.0,0.0799973828451974,0.02858614580971854,2131.8692207336426,UI,2131.8692207336426
teammates\src\e2e\java\teammates\e2e\pageobjects\IanaTimezonePage.java,0.07408696583339146,0.11960250309535435,3432.6596069335938,0.028585784775870187,0.04551553726196289,E2E,3432.6596069335938
teammates\src\test\java\teammates\ui\webapi\DeleteAccountActionTest.java,0.02068535259791783,0.0,0.09136101177760533,1.8358849661690848,2061.0834884643555,UI,2061.0834884643555
teammates\src\e2e\java\teammates\e2e\pageobjects\StudentCourseDetailsPage.java,0.02857142857142857,0.02857142857142857,3255.6424713134766,0.028586782727922713,0.0,E2E,3255.6424713134766
teammates\src\test\java\teammates\ui\webapi\SearchInstructorsActionTest.java,0.04174671513693673,0.05714285714285714,0.11817903518676758,0.028581929206848145,1945.5040740966797,UI,1945.5040740966797
teammates\src\main\java\teammates\ui\webapi\CreateFeedbackSessionLogAction.java,0.0,0.0,0.01813552379608154,0.3842647552490234,2058.6778259277344,UI,2058.6778259277344
teammates\src\test\java\teammates\common\datatransfer\ErrorLogEntryTest.java,0.08339512007577078,3060.6428146362305,0.1143388066973005,0.02858706201825823,2.250624084472656,Common,3060.6428146362305
teammates\src\main\java\teammates\ui\webapi\PutDataBundleAction.java,0.02857142857142857,0.09043261664254325,0.0,1.9907283238002231,2121.054153442383,UI,2121.054153442383
teammates\src\test\java\teammates\ui\servlets\package-info.java,0.0,0.0,0.0799973828451974,0.02858614580971854,2131.8692207336426,UI,2131.8692207336426
teammates\src\e2e\java\teammates\e2e\cases\InstructorCourseEnrollPageE2ETest.java,0.06353361265999931,0.97451171875,4020.822868347168,0.03977060317993164,0.07431068420410156,E2E,4020.822868347168
teammates\src\e2e\java\teammates\e2e\cases\InstructorCourseEditPageE2ETest.java,0.13063275473458427,0.15450115203857423,3577.7689361572266,0.10325617790222168,0.13364869526454382,E2E,3577.7689361572266
teammates\src\test\java\teammates\ui\webapi\FeedbackSessionRemindEmailWorkerActionTest.java,0.15719678061349052,0.1511524064200265,0.5484245300292969,2.1553373064313615,1981.296215057373,UI,1981.296215057373
teammates\src\main\java\teammates\ui\webapi\GetFeedbackSessionAction.java,0.0,0.0,0.0,1.7980013166155133,2044.372158050537,UI,2044.372158050537
teammates\src\test\java\teammates\logic\core\NotificationsLogicTest.java,1.1125855582101005,0.18933102743966237,0.5194905417306083,2213.723030090332,0.20543294634137835,Logic,2213.723030090332
teammates\src\main\java\teammates\ui\webapi\AdminExceptionTestAction.java,0.02857142857142857,0.08746065412248884,0.23259784153529575,0.10263276100158691,2073.7753677368164,UI,2073.7753677368164
teammates\src\lnp\java\teammates\lnp\cases\InstructorSessionResultLNPTest.java,0.06177703312465123,0.07443035670689174,0.43333524976457866,0.04535392693110875,0.05408741065434047,E2E,0.43333524976457866
teammates\src\main\java\teammates\ui\request\FeedbackResponseCommentCreateRequest.java,0.0,0.0,0.01156116213117327,0.028585917609078543,2171.9701385498047,UI,2171.9701385498047
teammates\src\test\java\teammates\common\datatransfer\attributes\InstructorAttributesTest.java,0.03474334648677281,2037.4897575378418,0.20336505344935826,0.17026661464146206,0.04713931764875139,Common,2037.4897575378418
teammates\src\test\java\teammates\storage\api\NotificationsDbTest.java,0.9263667515345982,0.14096031188964844,0.39921444484165736,0.13577002116612025,0.08903703008379255,Client,0.9263667515345982
teammates\src\main\java\teammates\storage\api\FeedbackResponsesDb.java,0.0477830137525286,0.06455257960728236,0.13109538214547292,0.32156554630824496,0.11078510284423829,Logic,0.32156554630824496
teammates\src\lnp\java\teammates\lnp\cases\StudentSectionUpdateLNPTest.java,0.1437504632132394,0.15362516130719867,0.28004967825753346,0.04623839855194092,0.04031399999346052,E2E,0.28004967825753346
teammates\src\main\java\teammates\ui\webapi\FeedbackSessionClosedRemindersAction.java,0.0,0.029059573582240514,0.026859310695103236,2.351965114048549,2131.027145385742,UI,2131.027145385742
teammates\src\main\java\teammates\common\datatransfer\package-info.java,0.02857142857142857,3086.4562225341797,0.0,0.02858614580971854,0.02857142857142857,Common,3086.4562225341797
teammates\src\test\java\teammates\common\datatransfer\questions\FeedbackRubricQuestionDetailsTest.java,0.09214574268886021,2172.898998260498,0.16436499186924525,0.028578352928161622,0.02857142857142857,Common,2172.898998260498
teammates\src\main\java\teammates\ui\output\FeedbackQuestionsData.java,0.007184851169586182,0.0,0.01770385844366891,0.028585583823067803,2097.0684242248535,UI,2097.0684242248535
teammates\src\main\java\teammates\ui\output\RegkeyValidityData.java,0.0,0.035238609995160784,0.0,0.028585822241646904,2111.8152236938477,UI,2111.8152236938477
teammates\src\e2e\java\teammates\e2e\cases\InstructorStudentListPageE2ETest.java,0.11001584870474679,0.16323486055646624,3262.9123306274414,0.09988948277064733,0.082981504712786,E2E,3262.9123306274414
teammates\src\test\java\teammates\ui\webapi\CreateFeedbackSessionActionTest.java,0.03432450294494629,0.12268040520804269,0.2608569553920201,1.7287787301199777,1733.9745330810547,UI,1733.9745330810547
teammates\src\main\java\teammates\ui\webapi\FeedbackSessionRemindParticularUsersEmailWorkerAction.java,0.0,0.026171714918954033,0.02550866433552333,2.389373779296875,2143.535575866699,UI,2143.535575866699
teammates\src\main\java\teammates\ui\request\InstructorCreateRequest.java,0.0,0.0,0.0,0.028585025242396762,2113.785629272461,UI,2113.785629272461
teammates\src\main\java\teammates\common\util\RequestTracer.java,0.033354060990469794,2867.755889892578,0.013785571711403983,0.04835248674665179,0.06165940420968192,Common,2867.755889892578
teammates\src\e2e\java\teammates\e2e\pageobjects\AdminAccountsPage.java,0.0768859999520438,0.061142832892281666,3214.722442626953,0.028583591324942453,0.0,E2E,3214.722442626953
teammates\src\test\java\teammates\common\datatransfer\questions\FeedbackConstantSumQuestionDetailsTest.java,0.12902908325195311,2225.9596252441406,0.154460757119315,0.028578352928161622,0.03386494432176863,Common,2225.9596252441406
teammates\src\main\java\teammates\storage\api\FeedbackSessionsDb.java,0.09390199525015695,0.12337329047066825,0.11882423673357283,0.4433041708809989,0.09659167698451451,Logic,0.4433041708809989
teammates\src\e2e\java\teammates\e2e\cases\InstructorStudentRecordsPageE2ETest.java,0.12192040852137974,0.19775750296456474,3529.9713134765625,0.028586036818368094,0.14749155044555665,E2E,3529.9713134765625
teammates\src\main\java\teammates\ui\webapi\RemindFeedbackSessionResultAction.java,0.007953344924109323,0.0,0.4078155245099749,1.8481665475027902,2116.621208190918,UI,2116.621208190918
teammates\src\test\java\teammates\ui\webapi\DeleteFeedbackResponseCommentActionTest.java,0.07315115928649903,1.1263262067522322,0.49755499703543526,2.209855433872768,1733.2538223266602,UI,1733.2538223266602
teammates\src\main\java\teammates\ui\constants\DefaultInstructorPermissions.java,0.0,0.14636008398873465,0.0,0.2072107860020229,2138.1767082214355,UI,2138.1767082214355
teammates\src\test\java\teammates\logic\core\CoursesLogicTest.java,0.09689051764351982,0.10786849430629185,0.8415445600237165,2459.5615005493164,0.09967840739658901,Logic,2459.5615005493164
teammates\src\main\java\teammates\logic\core\FeedbackQuestionsLogic.java,0.09231777872358049,0.06571220670427595,0.09462289128984724,2922.880516052246,0.16706150599888392,Logic,2922.880516052246
teammates\src\main\java\teammates\ui\output\SessionLinksRecoveryResponseData.java,0.0,0.0,0.0,0.028585917609078543,2117.6208305358887,UI,2117.6208305358887
teammates\src\main\java\teammates\common\util\EmailSendingStatus.java,0.0,2974.5652770996094,0.0,0.028585801805768696,0.03179373059953962,Common,2974.5652770996094
teammates\src\main\java\teammates\common\util\Url.java,0.0879025936126709,2952.1348571777344,0.06383038929530553,0.14556484222412108,0.029637609209333147,Common,2952.1348571777344
teammates\src\main\java\teammates\ui\webapi\GetAccountsAction.java,0.0,0.0,0.009805491140910557,1.976875959123884,2177.224998474121,UI,2177.224998474121
teammates\src\main\java\teammates\ui\webapi\Action.java,0.02236560072217669,0.0662123680114746,0.3541812079293387,2.2698457990373884,2358.845443725586,UI,2358.845443725586
teammates\src\e2e\java\teammates\e2e\pageobjects\InstructorHomePage.java,0.1557678358895438,0.14616127014160157,2749.3491744995117,0.0870441096169608,0.08086881637573243,E2E,2749.3491744995117
teammates\src\e2e\java\teammates\e2e\cases\AutomatedSessionRemindersE2ETest.java,0.03722914287022182,0.027686406884874615,3374.1861724853516,0.028584034102303642,0.015381334509168352,E2E,3374.1861724853516
teammates\src\main\java\teammates\ui\webapi\BinFeedbackSessionAction.java,0.0,0.0,0.0,2.1202760968889507,2136.9140625,UI,2136.9140625
teammates\src\test\java\teammates\storage\search\StudentSearchTest.java,0.04664407457624163,0.10937418256487165,0.17181121281215123,0.06662189619881766,0.02857142857142857,E2E,0.17181121281215123
teammates\src\main\java\teammates\ui\webapi\GetFeedbackSessionsAction.java,0.012082784516470773,0.05868053436279297,0.014804533549717494,2.2004911150251116,2101.875343322754,UI,2101.875343322754
teammates\src\e2e\java\teammates\e2e\cases\TimezoneSyncerTest.java,0.15466271809169224,0.29014339447021487,5566.132736206055,0.03746512617383684,0.45657032557896204,E2E,5566.132736206055
teammates\src\test\java\teammates\ui\webapi\FeedbackSessionUnpublishedEmailWorkerActionTest.java,0.07168640409197126,0.030281257629394532,0.1198962756565639,1.8481665475027902,2046.621208190918,UI,2046.621208190918
teammates\src\client\java\teammates\client\scripts\PopulateCourseSearchDocuments.java,4038.4889602661133,0.1370856421334403,0.09034530094691685,1.8931773594447545,0.14902079445975167,Client,4038.4889602661133
teammates\src\main\java\teammates\storage\api\UsageStatisticsDb.java,0.008109721115657262,0.08110547746930803,0.1106633118220738,0.30262625558035716,0.03125474112374442,Logic,0.30262625558035716
teammates\src\main\java\teammates\common\datatransfer\questions\FeedbackMcqQuestionDetails.java,0.12250646863664899,2681.575927734375,0.5894820077078683,0.09852519035339355,0.24573031834193637,Common,2681.575927734375
teammates\src\main\java\teammates\ui\output\NotificationsData.java,0.0,0.0,0.011485969168799265,0.028585822241646904,2111.8152236938477,UI,2111.8152236938477
teammates\src\main\java\teammates\common\util\Config.java,2.6371976579938616,2434.6127319335938,0.49793281555175783,0.6346012660435267,0.17060800279889787,Common,2434.6127319335938
teammates\src\e2e\java\teammates\e2e\cases\FeedbackMsqQuestionE2ETest.java,0.0313838005065918,0.022382523332323347,3504.788360595703,0.08021396228245327,0.16004952022007535,E2E,3504.788360595703
teammates\src\e2e\java\teammates\e2e\cases\SystemErrorEmailReportE2ETest.java,0.05394525187356131,0.1408515521458217,3670.6626510620117,0.5292720249720982,0.21697417667933871,E2E,3670.6626510620117
teammates\src\e2e\java\teammates\e2e\cases\AdminSearchPageE2ETest.java,0.0425015994480678,1.6602969578334263,2966.625442504883,0.10620809963771276,0.045214179583958215,E2E,2966.625442504883
teammates\src\client\java\teammates\client\scripts\DataMigrationForContributionQuestionDetailsIsZeroSum.java,4436.6743087768555,0.05714285714285714,0.09974861145019531,0.15898863928658621,0.054886552265712193,Client,4436.6743087768555
teammates\src\main\java\teammates\ui\webapi\AuthType.java,0.0,0.0,0.0,0.028585897173200335,2116.4536476135254,UI,2116.4536476135254
teammates\src\main\java\teammates\ui\webapi\FeedbackSessionOpeningRemindersAction.java,0.0,0.029059573582240514,0.026859310695103236,2.351965114048549,2131.027145385742,UI,2131.027145385742
teammates\src\client\java\teammates\client\scripts\IndexFeedbackSessionFields.java,4517.549057006836,0.05714285714285714,0.0774357523236956,0.04576816558837891,0.02857142857142857,Client,4517.549057006836
teammates\src\test\java\teammates\ui\webapi\ActionFactoryTest.java,0.008713365452630179,0.025023955958230155,0.0793323312486921,0.02858414990561349,2476.315155029297,UI,2476.315155029297
teammates\src\client\java\teammates\client\util\package-info.java,4432.559928894043,0.0,0.0,0.02858614580971854,0.0325549874986921,Client,4432.559928894043
teammates\src\main\java\teammates\common\util\JsonUtils.java,0.007192702804292951,2579.155158996582,0.029478113991873604,0.08592909404209682,0.032456496783665245,Common,2579.155158996582
teammates\src\main\java\teammates\logic\external\package-info.java,0.0,0.0,0.0,2602.679862976074,0.0,Logic,2602.679862976074
teammates\src\main\java\teammates\ui\webapi\GetFeedbackQuestionsAction.java,0.0,0.0,0.007318597180502756,2.2007559640066963,2031.4208602905273,UI,2031.4208602905273
teammates\src\lnp\java\teammates\lnp\cases\FeedbackSessionSubmitLNPTest.java,0.15435950415475028,0.19080657958984376,0.42719593048095705,0.04575661931719099,0.07434301376342774,E2E,0.42719593048095705
teammates\src\main\java\teammates\ui\webapi\GenerateEmailAction.java,0.015159710815974644,0.0,0.005625015497207642,2.0059932163783483,2031.077995300293,UI,2031.077995300293
teammates\src\e2e\java\teammates\e2e\cases\FeedbackRankRecipientQuestionE2ETest.java,0.03284045968736921,0.023784490994044713,3256.079864501953,0.028582259586879186,0.013213603837149484,E2E,3256.079864501953
teammates\src\e2e\java\teammates\e2e\cases\InstructorSearchPageE2ETest.java,0.04101906844547817,0.04938577243259975,3271.4545822143555,0.045101165771484375,0.013864944662366594,E2E,3271.4545822143555
teammates\src\test\java\teammates\ui\webapi\CalculateUsageStatisticsActionTest.java,0.021693737166268486,0.02810535260609218,0.10339064598083496,1.8806346348353795,2066.9140625,UI,2066.9140625
teammates\src\main\java\teammates\ui\output\TimeZonesData.java,0.0,0.0,0.0,0.02858583927154541,2112.970390319824,UI,2112.970390319824
teammates\src\main\java\teammates\ui\webapi\GetOngoingSessionsAction.java,0.027667505400521413,0.05617012637002128,0.6584389822823661,2.079313223702567,2000.8093452453613,UI,2000.8093452453613
teammates\src\main\java\teammates\ui\output\AccountRequestData.java,0.0,0.0,0.0,0.028585403306143623,2086.054153442383,UI,2086.054153442383
teammates\src\main\java\teammates\ui\request\InstructorPrivilegeUpdateRequest.java,0.0,0.0,0.0,0.028585822241646904,2165.81111907959,UI,2165.81111907959
teammates\src\test\java\teammates\common\datatransfer\attributes\CourseAttributesTest.java,0.040727663040161136,2557.3527908325195,0.23592924390520367,0.16639130456107004,0.02857142857142857,Common,2557.3527908325195
teammates\src\e2e\java\teammates\e2e\cases\axe\InstructorStudentActivityLogsPageAxeTest.java,0.03740577016557966,0.030462803159441266,4213.474006652832,0.028585297720772878,0.01692377669470651,E2E,4213.474006652832
teammates\src\test\java\teammates\ui\webapi\GetInstructorActionTest.java,0.02907627991267613,0.05682385989597866,0.9117457798549107,2.1350904192243303,1896.943016052246,UI,1896.943016052246
teammates\src\main\java\teammates\ui\output\InstructorPermissionRole.java,0.0,0.0,0.0,0.028585403306143623,2086.054153442383,UI,2086.054153442383
teammates\src\main\java\teammates\common\util\TzdbResourceZoneRulesProvider.java,0.14231016976492747,2646.9113159179688,0.5128586905343192,0.10081701959882464,0.2316145760672433,Common,2646.9113159179688
teammates\src\main\java\teammates\ui\output\FeedbackVisibilityType.java,0.0,0.0,0.0,0.0285860504422869,2125.8774948120117,UI,2125.8774948120117
teammates\src\main\java\teammates\ui\webapi\ActionResult.java,0.0,0.02785797119140625,0.010051042693001883,0.02858595507485526,2119.9644088745117,UI,2119.9644088745117
teammates\src\test\java\teammates\common\datatransfer\questions\FeedbackNumericalScaleQuestionDetailsTest.java,0.04252991335732596,2385.4815673828125,1.0434124537876674,0.229821286882673,0.0636378288269043,Common,2385.4815673828125
teammates\src\e2e\java\teammates\e2e\cases\axe\InstructorSessionIndividualExtensionPageAxeTest.java,0.03893405028751918,0.030160355567932128,4122.929611206055,0.028585161481584822,0.016755751201084683,E2E,4122.929611206055
teammates\src\test\java\teammates\ui\webapi\DeleteInstructorActionTest.java,0.014416790008544922,0.0392500741141183,1.4186378479003907,2.181496320452009,1710.532341003418,UI,1710.532341003418
teammates\src\main\java\teammates\logic\core\InstructorsLogic.java,0.04235529218401227,0.06295576095581054,0.8929323468889508,4697.254638671875,0.028386686529432024,Logic,4697.254638671875
teammates\src\e2e\java\teammates\e2e\pageobjects\AdminTimezonePage.java,0.11332176072256905,0.14987689426967077,3388.6145401000977,0.02858536924634661,0.036555130141122,E2E,3388.6145401000977
teammates\src\test\java\teammates\ui\webapi\CreateNotificationActionTest.java,0.02350649322782244,0.08419657434735979,0.38163860866001675,1.6309710911342077,2070.353260040283,UI,2070.353260040283
teammates\src\test\java\teammates\storage\api\FeedbackSessionsDbTest.java,0.08335522242954799,0.12467974254063198,1.0099853515625,0.09381988389151437,0.06434157916477748,E2E,1.0099853515625
teammates\src\main\java\teammates\ui\webapi\DeleteFeedbackResponseCommentAction.java,0.005618827257837568,0.6777165004185268,0.01804318768637521,2.2453669956752234,2165.3622436523438,UI,2165.3622436523438
teammates\src\main\java\teammates\logic\api\EmailGenerator.java,0.11044256346566336,0.18229033606392997,0.42067721230643135,2622.837333679199,0.19261529105050224,Logic,2622.837333679199
teammates\src\main\java\teammates\ui\output\FeedbackSessionSubmittedGiverSet.java,0.008674698216574532,0.021446570328303747,0.007737834112984793,0.028585972104753766,2173.6848640441895,UI,2173.6848640441895
teammates\src\main\java\teammates\ui\webapi\FeedbackSessionOpeningSoonRemindersAction.java,0.0,0.029059573582240514,0.026859310695103236,2.351965114048549,2131.027145385742,UI,2131.027145385742
teammates\src\main\java\teammates\ui\output\ReadNotificationsData.java,0.0,0.0,0.011606752872467041,0.028585972104753766,2121.1408042907715,UI,2121.1408042907715
teammates\src\test\java\teammates\ui\webapi\UnpublishFeedbackSessionActionTest.java,0.02319225583757673,0.022701001167297362,0.09447399548121861,1.978465053013393,1961.4208602905273,UI,1961.4208602905273
teammates\src\main\java\teammates\ui\webapi\BasicCommentSubmissionAction.java,0.00841566835130964,1.0218236650739396,0.4010268075125558,1.841003199986049,2039.0907287597656,UI,2039.0907287597656
teammates\src\e2e\java\teammates\e2e\cases\AdminSessionsPageE2ETest.java,0.11146408489772251,0.17080651691981724,4089.974250793457,0.04990073612758091,0.10737272671290807,E2E,4089.974250793457
teammates\src\main\java\teammates\logic\external\EmailSenderService.java,0.0,0.04911242212568011,0.0,2587.209815979004,0.0,Logic,2587.209815979004
teammates\src\main\java\teammates\ui\output\FeedbackSessionData.java,0.0,0.12893025534493582,0.0,0.028581619262695312,1951.596336364746,UI,1951.596336364746
teammates\src\test\java\teammates\storage\search\BaseSearchTest.java,0.02857142857142857,0.05714285714285714,0.07859886033194406,0.028585917609078543,0.02857142857142857,E2E,0.07859886033194406
teammates\src\main\java\teammates\logic\api\UserProvision.java,0.07802837916782925,0.16590441295078823,0.00856852616582598,2522.7827072143555,1.660806383405413,Logic,2522.7827072143555
teammates\src\main\java\teammates\ui\request\Intent.java,0.0,0.0,0.0,0.0285860504422869,2180.7294845581055,UI,2180.7294845581055
teammates\src\e2e\java\teammates\e2e\pageobjects\InstructorStudentRecordsPage.java,0.06968370165143695,0.06968370165143695,3399.9288177490234,0.028585474831717354,0.014509350912911551,E2E,3399.9288177490234
teammates\src\e2e\java\teammates\e2e\cases\axe\StudentHomePageAxeTest.java,0.03061631407056536,0.03061631407056536,4215.739479064941,0.02858536924634661,0.017009060723440987,E2E,4215.739479064941
teammates\src\test\java\teammates\ui\webapi\GetAccountsActionTest.java,0.02490975856781006,0.0,0.4211648668561663,0.0651881081717355,2022.547492980957,UI,2022.547492980957
teammates\src\lnp\java\teammates\lnp\cases\InstructorCourseUpdateLNPTest.java,0.15811056409563337,0.1648350851876395,0.2957131794520787,0.04593217372894287,0.04178503240857805,E2E,0.2957131794520787
teammates\src\client\java\teammates\client\scripts\DataMigrationForTeamNameInResponseGiver.java,4238.468170166016,0.13168465750558037,0.8809055328369141,0.6656986236572265,0.08021503176007952,Client,4238.468170166016
teammates\src\test\java\teammates\architecture\ArchitectureTest.java,1.080215563092913,1.1355139596121653,1.175816890171596,1.446039581298828,1.0904323032924108,Logic,1.446039581298828
teammates\src\main\java\teammates\common\util\FieldValidator.java,0.13945108141217913,2475.2112579345703,1.3292591639927456,0.23798392159598214,0.23823727199009487,Common,2475.2112579345703
teammates\src\main\java\teammates\storage\api\DatastoreEmulatorRunner.java,0.07167072296142578,0.05714285714285714,0.03322869368961879,0.07266092300415039,0.02857142857142857,Logic,0.07266092300415039
teammates\src\test\java\teammates\ui\webapi\GetCourseJoinStatusActionTest.java,0.01738497189113072,0.13397295815604074,0.0936164379119873,2.0986158098493304,2168.9803504943848,UI,2168.9803504943848
teammates\src\test\java\teammates\ui\webapi\FeedbackSessionPublishedEmailWorkerActionTest.java,0.07168640409197126,0.030281257629394532,0.1198962756565639,1.8481665475027902,2046.621208190918,UI,2046.621208190918
teammates\src\test\java\teammates\common\datatransfer\AttributesDeletionQueryTest.java,0.02857142857142857,2613.0664825439453,0.08154795510428292,0.028582259586879186,0.02857142857142857,Common,2613.0664825439453
teammates\src\main\java\teammates\common\datatransfer\logs\LogDetails.java,0.02857142857142857,3044.5652770996094,0.028899594715663366,0.549844469342913,0.02857142857142857,Common,3044.5652770996094
teammates\src\main\java\teammates\common\datatransfer\UserInfoCookie.java,0.04487098966326032,3002.125587463379,0.0,0.028585093361990794,0.1575241906302316,Common,3002.125587463379
teammates\src\main\java\teammates\logic\external\EmptyRecaptchaService.java,0.0,0.0,0.0,2595.758743286133,0.0,Logic,2595.758743286133
teammates\src\client\java\teammates\client\scripts\DataMigrationForInstructorFeedbackResponseComments.java,4473.627090454102,1.1223127092633929,0.08179653031485422,0.04511432307107108,0.05544259207589286,Client,4473.627090454102
teammates\src\test\java\teammates\ui\webapi\GetSessionResultsActionTest.java,0.017371669837406702,0.02886745248522077,0.1629516874040876,2.0636282784598214,1731.6633987426758,UI,1731.6633987426758
teammates\src\main\java\teammates\ui\webapi\InvalidOperationException.java,0.0,0.02994929722377232,0.03629824093409947,0.028585617882864817,2099.305191040039,UI,2099.305191040039
teammates\src\test\java\teammates\ui\webapi\GetReadNotificationsActionTest.java,0.0836918490273612,0.11294591086251395,0.12571698597499303,0.060383966990879605,2297.079544067383,UI,2297.079544067383
teammates\src\e2e\java\teammates\e2e\cases\axe\StudentCourseJoinConfirmationPageAxeTest.java,0.06697057315281459,0.029717779159545897,4090.174789428711,0.028584960528782438,0.01650987352643694,E2E,4090.174789428711
teammates\src\lnp\java\teammates\lnp\util\LNPTestData.java,0.02857142857142857,0.05714285714285714,0.053408973557608465,0.028584960528782438,0.05849897520882743,UI,0.05849897520882743
teammates\src\e2e\java\teammates\e2e\cases\InstructorStudentActivityLogsPageE2ETest.java,0.07082734107971192,0.11524786267961774,3400.38330078125,0.4189673560006278,0.03630074773515974,E2E,3400.38330078125
teammates\src\main\java\teammates\ui\webapi\StudentSearchIndexingWorkerAction.java,0.0,0.0,0.0,2.084986659458705,2098.185272216797,UI,2098.185272216797
teammates\src\e2e\java\teammates\e2e\pageobjects\InstructorFeedbackResultsPage.java,0.16587206976754323,1.0158522469656808,2720.671615600586,0.11092711176191057,0.23932835715157644,E2E,2720.671615600586
teammates\src\e2e\java\teammates\e2e\cases\axe\StudentNotificationsPageAxeTest.java,0.03698838778904506,0.030160355567932128,4120.803527832031,0.09357899257114956,0.016755751201084683,E2E,4120.803527832031
teammates\src\e2e\java\teammates\e2e\cases\InstructorCoursesPageE2ETest.java,0.23188907078334264,0.1972949845450265,3741.3483810424805,0.08317679677690779,0.12312748772757394,E2E,3741.3483810424805
teammates\src\test\java\teammates\test\BaseTestCaseWithDatabaseAccess.java,0.08915091242109026,0.2137305395943778,0.06995509011404855,0.09376819474356515,0.10246354511805943,Common,0.2137305395943778
teammates\src\main\java\teammates\storage\search\StudentSearchDocument.java,0.0,0.05342484542301723,0.0,0.047016361781529015,0.036407273156302315,Common,0.05342484542301723
teammates\src\e2e\java\teammates\e2e\pageobjects\UserNotificationsPage.java,0.17052462441580638,0.22267819813319614,3672.6391983032227,0.028582790919712612,0.36708134242466517,E2E,3672.6391983032227
teammates\src\test\java\teammates\common\datatransfer\attributes\BaseAttributesTest.java,0.02857142857142857,3076.9748306274414,0.07952260289873396,0.028586070878165108,0.02857142857142857,Common,3076.9748306274414
teammates\src\test\java\teammates\test\MockHttpServletRequest.java,0.01633929695401873,0.07181570189339774,0.14741408484322685,0.585438483101981,0.029471935544695172,Logic,0.585438483101981
teammates\src\test\java\teammates\logic\core\AccountsLogicTest.java,0.1246190071105957,0.21445582253592355,1.561907958984375,1861.4177703857422,0.16734932490757534,Logic,1861.4177703857422
teammates\src\main\java\teammates\storage\api\InstructorsDb.java,0.08705471583775111,0.08635331562587194,0.31601099286760603,0.42880333491734096,0.17635854993547712,Logic,0.42880333491734096
teammates\src\main\java\teammates\common\datatransfer\logs\QueryLogsParams.java,0.02857142857142857,2856.9489669799805,0.053461524418422154,0.4775236402239118,0.08571428571428572,Common,2856.9489669799805
teammates\src\main\java\teammates\ui\request\SendEmailRequest.java,0.0,0.0,0.0,0.028585161481584822,2122.60986328125,UI,2122.60986328125
teammates\src\main\java\teammates\ui\webapi\FeedbackSessionUnpublishedEmailWorkerAction.java,0.00671683805329459,0.07169037546430315,0.027211802346365794,2.372021266392299,2117.3770332336426,UI,2117.3770332336426
teammates\src\test\java\teammates\ui\webapi\SendLoginEmailActionTest.java,0.012059032917022705,0.015304362773895264,0.5796083722795758,0.7970639910016741,2143.174285888672,UI,2143.174285888672
teammates\src\main\java\teammates\ui\webapi\GetFeedbackResponsesAction.java,0.10041827474321638,1.0817653111049108,0.35444820949009487,2.183436366489955,2104.5830154418945,UI,2104.5830154418945
teammates\src\main\java\teammates\ui\request\NotificationBasicRequest.java,0.006403977530343192,0.03562343461172921,0.3929151807512556,0.0285846369607108,2274.6939849853516,UI,2274.6939849853516
teammates\src\main\java\teammates\common\exception\DeadlineExceededException.java,0.0,3058.6478424072266,0.0,0.028586128779820034,0.0,Common,3058.6478424072266
teammates\src\main\java\teammates\storage\api\CoursesDb.java,0.050084318433489115,0.07050214494977679,0.11804079328264509,0.4249841145106724,0.037182130132402694,Logic,0.4249841145106724
teammates\src\main\java\teammates\ui\request\FeedbackResponseCommentBasicRequest.java,0.0,0.7340160369873047,0.04349481378282819,0.028584892409188406,2105.133228302002,UI,2105.133228302002
teammates\src\main\java\teammates\ui\servlets\OriginCheckFilter.java,0.022333054883139473,0.058248860495431085,0.0997037274496896,0.4690178462437221,2086.4672470092773,UI,2086.4672470092773
teammates\src\main\java\teammates\ui\webapi\GetCourseSectionNamesAction.java,0.0,0.0,0.009289693832397462,2.1316641671316963,2149.578170776367,UI,2149.578170776367
teammates\src\main\java\teammates\ui\output\CoursesData.java,0.0,0.0,0.011485969168799265,0.028585822241646904,2111.8152236938477,UI,2111.8152236938477
teammates\src\client\java\teammates\client\scripts\DataMigrationForSampleGoogleIdInStudentAttributes.java,4482.381896972656,0.05714285714285714,0.07618082591465541,0.045326675687517436,0.05578764166150774,Client,4482.381896972656
teammates\src\main\java\teammates\common\datatransfer\attributes\UsageStatisticsAttributes.java,0.0387047461100987,2846.343650817871,0.047246156420026504,0.07742432185581752,0.4843205043247768,Common,2846.343650817871
teammates\src\test\java\teammates\common\datatransfer\attributes\DeadlineExtensionAttributesTest.java,0.05714285714285714,2454.136276245117,0.14013184138706752,0.07949350902012416,0.11254877362932478,Common,2454.136276245117
teammates\src\main\java\teammates\ui\webapi\UpdateNotificationAction.java,0.02857142857142857,0.039294130461556574,0.0,1.8806346348353795,2066.9140625,UI,2066.9140625
teammates\src\main\java\teammates\ui\output\FeedbackResponsesData.java,0.0,0.0,0.012027021816798619,0.028585638318743025,2100.427780151367,UI,2100.427780151367
teammates\src\test\java\teammates\test\AssertHelperTest.java,0.008606818744114467,0.0,0.5864443642752512,0.028585859707423618,0.0,E2E,0.5864443642752512
teammates\src\test\java\teammates\ui\webapi\GetFeedbackResponsesActionTest.java,0.04290902955191476,0.11008328710283552,0.20692426136561803,1.957122802734375,1793.5509300231934,UI,1793.5509300231934
teammates\src\main\java\teammates\ui\webapi\DeleteAccountAction.java,0.0,0.0,0.0,1.9583116803850447,2112.970390319824,UI,2112.970390319824
teammates\src\main\java\teammates\logic\external\MailgunService.java,3.568951633998326,0.0,0.05139566149030413,2763.283271789551,0.4095133100237165,Logic,2763.283271789551
teammates\src\lnp\java\teammates\lnp\cases\FeedbackQuestionUpdateLNPTest.java,0.1384843417576381,0.1491518701825823,0.2948619570050921,0.04556450843811035,0.03969483375549317,E2E,0.2948619570050921
teammates\src\test\java\teammates\ui\webapi\PublishFeedbackSessionActionTest.java,0.022588706016540526,0.021557482651301793,0.6037247794015067,2.0991995675223216,1936.8161582946777,UI,1936.8161582946777
teammates\src\main\java\teammates\ui\webapi\DeleteCourseAction.java,0.0,0.032869482040405275,0.0,2.209539794921875,2149.578170776367,UI,2149.578170776367
teammates\src\main\java\teammates\storage\entity\DeadlineExtension.java,0.015316024848393032,0.1073556627546038,0.0,0.02858426911490304,0.1341461045401437,UI,0.1341461045401437
teammates\src\test\java\teammates\ui\webapi\RestoreFeedbackSessionActionTest.java,0.006403977530343192,0.03269310678754534,0.09081916127886092,2.0946201869419645,2038.7753677368164,UI,2038.7753677368164
teammates\src\test\java\teammates\ui\webapi\CreateCourseActionTest.java,0.01248865979058402,0.14102245058332172,0.8137999943324498,2.0565926688058034,2165.8459663391113,UI,2165.8459663391113
teammates\src\client\java\teammates\client\scripts\statistics\CursorIterator.java,4575.742111206055,0.0,0.010850812707628523,0.028585025242396762,0.0,Client,4575.742111206055
teammates\src\test\java\teammates\logic\api\package-info.java,0.0,0.0,0.0799973828451974,2636.671028137207,0.0,Logic,2636.671028137207
teammates\src\client\java\teammates\client\scripts\DataBundleRegenerator.java,4277.556381225586,0.23496194566999162,0.09591751098632813,0.04155043193272182,0.18331995010375976,Client,4277.556381225586
teammates\src\main\java\teammates\ui\request\FeedbackResponsesRequest.java,0.0,0.0,0.011739210571561541,0.028585161481584822,2122.60986328125,UI,2122.60986328125
teammates\src\test\java\teammates\ui\webapi\SessionLinksRecoveryActionTest.java,0.020509309428078788,0.0,0.6490259987967355,0.045877303395952494,1870.5170440673828,UI,1870.5170440673828
teammates\src\main\java\teammates\logic\core\LogicStarter.java,0.0,0.06849545070103237,0.051584815979003905,5230.71891784668,0.0,Logic,5230.71891784668
teammates\src\test\java\teammates\logic\core\DataBundleLogicTest.java,0.10318445478166853,0.26251024518694194,0.9616087777273995,2670.250701904297,0.16940578733171735,Logic,2670.250701904297
teammates\src\main\java\teammates\common\datatransfer\FeedbackResultFetchType.java,0.02857142857142857,3024.346122741699,0.0,0.028585638318743025,0.02857142857142857,Common,3024.346122741699
teammates\src\main\java\teammates\ui\output\StudentsData.java,0.0,0.0,0.012037953308650425,0.02858565534864153,2101.55330657959,UI,2101.55330657959
teammates\src\main\java\teammates\common\datatransfer\logs\ExceptionLogDetails.java,0.02857142857142857,3009.7367095947266,0.04065173353467669,0.5290394374302455,0.02857142857142857,Common,3009.7367095947266
teammates\src\main\java\teammates\ui\webapi\ResetAccountRequestAction.java,0.006403977530343192,0.0,0.022959940774100168,2.2746303013392857,2131.440906524658,UI,2131.440906524658
teammates\src\main\java\teammates\ui\servlets\LogoutServlet.java,0.016261041164398193,0.0,0.0602841854095459,0.31482718331473214,2164.734592437744,UI,2164.734592437744
teammates\src\test\java\teammates\common\datatransfer\questions\FeedbackMcqQuestionDetailsTest.java,0.06569615091596331,2348.9920806884766,0.1680790628705706,0.02858008997780936,0.02857142857142857,Common,2348.9920806884766
teammates\src\test\java\teammates\ui\webapi\BinCourseActionTest.java,0.1406886237008231,0.25899203164236884,0.10788403919764927,2.1679268973214287,2007.2037506103516,UI,2007.2037506103516
teammates\src\test\java\teammates\ui\webapi\CreateFeedbackResponseCommentActionTest.java,0.07477278028215681,1.1022474016462054,0.24324651445661272,2.208221217564174,1576.2921524047852,UI,1576.2921524047852
teammates\src\e2e\java\teammates\e2e\pageobjects\StudentNotificationsPage.java,0.07201824869428362,0.07201824869428362,3448.4172439575195,0.028585934638977052,0.05714285714285714,E2E,3448.4172439575195
teammates\src\e2e\java\teammates\e2e\pageobjects\ErrorReportingModal.java,0.06968370165143695,0.06968370165143695,4044.335289001465,0.028585474831717354,0.38608627319335936,E2E,4044.335289001465
teammates\src\main\java\teammates\common\datatransfer\logs\RequestLogUser.java,0.02857142857142857,3040.031394958496,0.02882470062800816,0.5484935760498046,0.02857142857142857,Common,3040.031394958496
teammates\src\main\java\teammates\ui\webapi\SearchStudentsAction.java,0.0,0.07245407785688128,0.011184104851314,2.1943577357700894,2086.1119651794434,UI,2086.1119651794434
teammates\src\test\java\teammates\ui\webapi\RestoreCourseActionTest.java,0.01893623045512608,0.049386610303606304,0.5412068503243582,2.123290797642299,2006.2921142578125,UI,2006.2921142578125
teammates\src\test\java\teammates\ui\webapi\JoinCourseActionTest.java,0.015096940313066754,0.08661469050816127,0.5875516074044363,2.075624302455357,2182.221508026123,UI,2182.221508026123
teammates\src\main\java\teammates\ui\request\package-info.java,0.0,0.0,0.0,0.02858614580971854,2187.0861053466797,UI,2187.0861053466797
teammates\src\main\java\teammates\common\exception\EntityDoesNotExistException.java,0.0,3048.8593673706055,0.0,0.02858603000640869,0.0,Common,3048.8593673706055
teammates\src\test\java\teammates\ui\webapi\GetFeedbackQuestionsActionTest.java,0.016413862364632742,0.11839297158377511,0.4135049547467913,1.9254082815987723,1822.1076583862305,UI,1822.1076583862305
teammates\src\main\java\teammates\ui\servlets\WebSecurityHeaderFilter.java,0.15005749293736048,0.19597851889474052,0.0,0.028585546357291085,2299.0798568725586,UI,2299.0798568725586
teammates\src\e2e\java\teammates\e2e\cases\AdminAccountsPageE2ETest.java,0.11196019990103585,0.23599605560302733,3468.424644470215,0.028583809307643347,0.09129794665745326,E2E,3468.424644470215
teammates\src\main\java\teammates\ui\output\FeedbackSessionSubmissionStatus.java,0.0,0.0,0.0,0.0285860504422869,2125.8774948120117,UI,2125.8774948120117
teammates\src\main\java\teammates\common\datatransfer\CourseRoster.java,0.0763392516544887,2736.1427307128906,0.027286010129111155,0.10786900520324708,0.08571428571428572,Common,2736.1427307128906
teammates\src\e2e\java\teammates\e2e\cases\FeedbackMcqQuestionE2ETest.java,0.0325526441846575,0.023784490994044713,3613.2856369018555,0.08232526097978865,1.5112969534737724,E2E,3613.2856369018555
teammates\src\main\java\teammates\common\datatransfer\questions\FeedbackTextQuestionDetails.java,0.05714285714285714,2933.855667114258,0.05183407919747489,0.028584892409188406,0.02857142857142857,Common,2933.855667114258
teammates\src\client\java\teammates\client\scripts\MockCourseWithLargeResponseScript.java,3902.5547409057617,0.18288346699305943,0.31496661049979074,2.0745069231305804,0.12001315525599889,Client,3902.5547409057617
teammates\src\main\java\teammates\common\datatransfer\NotificationTargetUser.java,0.02857142857142857,3079.3356323242188,0.0,0.028586087908063617,0.02857142857142857,Common,3079.3356323242188
teammates\src\test\java\teammates\common\datatransfer\attributes\FeedbackSessionAttributesTest.java,0.1455784116472517,2031.4882850646973,0.9737598964146206,0.12687146323067802,0.11262058530535017,Common,2031.4882850646973
teammates\src\e2e\java\teammates\e2e\cases\axe\FeedbackSubmitPageAxeTest.java,0.03893405028751918,0.030160355567932128,4122.929611206055,0.028585161481584822,0.016755751201084683,E2E,4122.929611206055
teammates\src\main\java\teammates\ui\output\OngoingSession.java,0.0,0.03762157303946359,0.058803558349609375,0.028584510939461846,2031.077995300293,UI,2031.077995300293
teammates\src\main\java\teammates\ui\request\InvalidHttpRequestBodyException.java,0.0,0.031176563671657016,0.03362002713339669,0.02858595507485526,2174.456443786621,UI,2174.456443786621
teammates\src\main\java\teammates\logic\api\EmailSender.java,0.0060295164585113525,0.028138293538774763,0.10370232718331474,2889.354782104492,0.07094505855015346,Logic,2889.354782104492
teammates\src\main\java\teammates\ui\constants\package-info.java,0.0,0.0,0.0,0.02858614580971854,2131.8692207336426,UI,2131.8692207336426
teammates\src\test\java\teammates\ui\webapi\GetAccountActionTest.java,0.02259693145751953,0.0,0.6254922049386161,0.05712916510445731,2008.8354301452637,UI,2008.8354301452637
teammates\src\main\java\teammates\common\datatransfer\logs\GeneralLogEntry.java,0.02857142857142857,2966.3982009887695,0.027608416761670793,0.5265549795968192,0.02857142857142857,Common,2966.3982009887695
teammates\src\main\java\teammates\logic\core\FeedbackResponsesLogic.java,0.10953952244349889,0.13977064405168807,0.21314473833356584,2339.632453918457,0.1336543219430106,Logic,2339.632453918457
teammates\src\main\java\teammates\storage\entity\FeedbackSession.java,0.0,0.09465490068708148,0.03603986671992711,0.028581929206848145,0.06297296796526228,Common,0.09465490068708148
teammates\src\main\java\teammates\ui\output\UsageStatisticsRangeData.java,0.0,0.0,0.011485969168799265,0.028585822241646904,2111.8152236938477,UI,2111.8152236938477
teammates\src\main\java\teammates\ui\webapi\BinCourseAction.java,0.0,0.03205998965672084,0.0,2.2370699201311384,2136.9140625,UI,2136.9140625
teammates\src\client\java\teammates\client\scripts\DataMigrationEntitiesBaseScript.java,4074.386978149414,0.2401601791381836,1.189219447544643,0.5862353188650948,0.11842128208705358,Client,4074.386978149414
teammates\src\main\java\teammates\ui\output\SessionVisibleSetting.java,0.0,0.1057368346623012,0.0,0.028586108343941825,2129.4630241394043,UI,2129.4630241394043
teammates\src\test\java\teammates\ui\webapi\FeedbackSessionPublishedRemindersActionTest.java,0.08081880296979632,0.16711608341761996,0.09550260135105677,2.156762913295201,2037.7230072021484,UI,2037.7230072021484
teammates\src\main\java\teammates\common\datatransfer\questions\FeedbackConstantSumDistributePointsType.java,0.02857142857142857,3076.627960205078,0.009849240098680769,0.028585784775870187,0.02857142857142857,Common,3076.627960205078
teammates\src\test\java\teammates\ui\webapi\CompileLogsActionTest.java,0.022555266107831682,0.0,0.6353067125592913,0.5300289154052734,2039.0995407104492,UI,2039.0995407104492
teammates\src\main\java\teammates\logic\external\TaskQueueService.java,0.03505724498203822,0.028996923991612026,0.010190234865461077,2595.758743286133,0.0,Logic,2595.758743286133
teammates\src\e2e\java\teammates\e2e\util\TestPropertiesTest.java,0.0,0.0,3417.168197631836,0.028585972104753766,0.032169856343950545,E2E,3417.168197631836
teammates\src\main\java\teammates\storage\search\package-info.java,0.0,0.0,0.0,0.02858614580971854,0.0,Logic,0.02858614580971854
teammates\src\main\java\teammates\ui\constants\ApiConst.java,0.0,0.05342484542301723,0.0,0.11781862803867885,2071.0935974121094,UI,2071.0935974121094
teammates\src\test\java\teammates\test\package-info.java,0.0,0.0,0.09033291680472237,0.02858618668147496,0.0,E2E,0.09033291680472237
teammates\src\main\java\teammates\common\datatransfer\questions\FeedbackContributionResponseDetails.java,0.02857142857142857,3042.2955322265625,0.05879297256469727,0.09146834100995745,0.02857142857142857,Common,3042.2955322265625
teammates\src\main\java\teammates\ui\webapi\FeedbackSessionClosingRemindersAction.java,0.00803322196006775,0.023319496427263532,0.03571993964059012,2.4784170968191965,2049.7390365600586,UI,2049.7390365600586
teammates\src\main\java\teammates\ui\webapi\UpdateFeedbackResponseCommentAction.java,0.021306686741965158,0.9812495640345982,0.022869600568498884,2.245394243512835,2046.0251998901367,UI,2046.0251998901367
teammates\src\main\java\teammates\ui\servlets\RequestTraceFilter.java,0.014640249524797712,0.021420867102486748,0.7649248395647321,0.3828042166573661,2241.3538360595703,UI,2241.3538360595703
teammates\src\test\java\teammates\architecture\package-info.java,0.0,0.0,0.08023811067853655,0.02858618668147496,0.0,E2E,0.08023811067853655
teammates\src\test\java\teammates\ui\webapi\DeleteCourseActionTest.java,0.0145079391343253,0.030105733871459962,0.09183471543448311,2.1515679495675224,1974.372158050537,UI,1974.372158050537
teammates\src\test\java\teammates\common\util\FieldValidatorTest.java,0.18499434334891182,1775.0177955627441,1.3786598205566407,0.20576673235212053,0.29355989183698383,Common,1775.0177955627441
teammates\src\test\java\teammates\logic\api\BaseLogicTest.java,0.02857142857142857,0.05714285714285714,0.07882664544241769,2619.0583419799805,0.02857142857142857,Logic,2619.0583419799805
teammates\src\e2e\java\teammates\e2e\pageobjects\InstructorCourseStudentDetailsViewPage.java,0.06627968379429408,0.06627968379429408,3333.8666915893555,0.028584762981959753,0.0,E2E,3333.8666915893555
teammates\src\e2e\java\teammates\e2e\cases\StudentCourseJoinConfirmationPageE2ETest.java,0.07796629496983119,0.07542239597865513,4035.892105102539,0.05235868522099086,0.015381334509168352,E2E,4035.892105102539
teammates\src\main\java\teammates\common\datatransfer\FeedbackParticipantType.java,0.02857142857142857,2941.871871948242,0.09000568389892578,0.06660808835710798,0.06520029476710729,Common,2941.871871948242
teammates\src\main\java\teammates\common\exception\EntityAlreadyExistsException.java,0.0,3048.8593673706055,0.0,0.02858603000640869,0.0,Common,3048.8593673706055
teammates\src\test\java\teammates\ui\webapi\SearchStudentsActionTest.java,0.04196304593767439,0.05714285714285714,0.12329869951520647,0.02858132634844099,1869.9247741699219,UI,1869.9247741699219
teammates\src\client\java\teammates\client\scripts\ListActiveInstructors.java,4356.942176818848,0.11095632144383022,0.12860604694911412,0.04376630783081055,0.09059606279645648,Client,4356.942176818848
teammates\src\main\java\teammates\ui\output\FeedbackSessionLogsData.java,0.0070317400353295464,0.03855045182364328,0.018159019947052,0.028585403306143623,2086.054153442383,UI,2086.054153442383
teammates\src\test\java\teammates\ui\webapi\SendJoinReminderEmailActionTest.java,0.09136287144252232,0.07900975772312709,0.4992768968854632,2.006551688058036,1822.1498489379883,UI,1822.1498489379883
teammates\src\e2e\java\teammates\e2e\cases\axe\InstructorCourseStudentDetailsEditPageAxeTest.java,0.03875407150813511,0.030011371203831263,4111.920013427734,0.028585093361990794,0.016672982488359724,E2E,4111.920013427734
teammates\src\main\java\teammates\ui\output\StudentData.java,0.009304589033126831,0.0,0.0,0.0285846369607108,2038.7753677368164,UI,2038.7753677368164
teammates\src\main\java\teammates\common\datatransfer\questions\FeedbackQuestionDetails.java,0.05714285714285714,2906.680679321289,0.030833332879202705,0.02858426911490304,0.02857142857142857,Common,2906.680679321289
teammates\src\main\java\teammates\common\datatransfer\attributes\package-info.java,0.02857142857142857,3081.703109741211,0.0,0.028586108343941825,0.02857142857142857,Common,3081.703109741211
teammates\src\e2e\java\teammates\e2e\pageobjects\InstructorCoursesPage.java,0.13621093205043247,0.04357061386108398,2557.5485229492188,0.028578352928161622,0.02857142857142857,E2E,2557.5485229492188
teammates\src\main\java\teammates\common\datatransfer\questions\FeedbackMsqQuestionDetails.java,0.11910806383405413,2444.7568893432617,0.813351331438337,0.08152681078229632,0.2072558675493513,Common,2444.7568893432617
teammates\src\main\java\teammates\ui\servlets\AuthServlet.java,0.04898645196642194,0.07273342950003488,0.05599104676927839,0.028584510939461846,2605.9616470336914,UI,2605.9616470336914
teammates\src\e2e\java\teammates\e2e\pageobjects\InstructorStudentActivityLogsPage.java,0.06387601579938616,0.05868174689156669,3162.47371673584,0.760120119367327,0.0,E2E,3162.47371673584
teammates\src\main\java\teammates\ui\webapi\FeedbackSessionPublishedRemindersAction.java,0.0,0.0,0.009783761841910226,1.946329825265067,2106.084785461426,UI,2106.084785461426
teammates\src\main\java\teammates\ui\servlets\WebApiServlet.java,0.04979805605752127,0.14134163175310407,2.7124744960239955,0.48288819449288506,2223.9354133605957,UI,2223.9354133605957
teammates\src\e2e\java\teammates\e2e\cases\FeedbackConstSumRecipientQuestionE2ETest.java,0.03284045968736921,0.04175090108598981,3263.814353942871,0.028582259586879186,0.013213603837149484,E2E,3263.814353942871
teammates\src\main\java\teammates\logic\external\EmptyEmailService.java,0.0,0.0,0.0,2577.097969055176,0.0,Logic,2577.097969055176
teammates\src\main\java\teammates\logic\external\SendgridService.java,0.0,0.02236027717590332,0.06915276391165597,2448.615188598633,0.16896061216081892,Logic,2448.615188598633
teammates\src\test\java\teammates\ui\webapi\GetCourseActionTest.java,0.02159550360270909,0.07060121808733259,0.4480664116995675,2.112670680454799,1832.3341941833496,UI,1832.3341941833496
teammates\src\main\java\teammates\ui\webapi\UnauthorizedAccessException.java,0.0,0.031035256385803223,0.0,0.028585917609078543,2117.6208305358887,UI,2117.6208305358887
teammates\src\e2e\java\teammates\e2e\cases\AdminNotificationsPageE2ETest.java,0.1407811573573521,0.17850191933768136,3558.2312393188477,0.1081676619393485,0.09457272120884487,E2E,3558.2312393188477
teammates\src\main\java\teammates\logic\external\LocalTaskQueueService.java,0.048851428713117324,0.0718717098236084,0.04709803717476981,2885.7651138305664,0.3673188073294503,Logic,2885.7651138305664
teammates\src\test\java\teammates\common\datatransfer\attributes\NotificationAttributesTest.java,0.0522118159702846,2404.5677185058594,0.6001662118094307,0.1430488041469029,0.02857142857142857,Common,2404.5677185058594
teammates\src\main\java\teammates\ui\webapi\EntityNotFoundException.java,0.0,0.0,0.0,0.02858595507485526,2119.9644088745117,UI,2119.9644088745117
teammates\src\main\java\teammates\common\datatransfer\logs\package-info.java,0.02857142857142857,3081.703109741211,0.029513038907732284,0.5609093802315849,0.02857142857142857,Common,3081.703109741211
teammates\src\main\java\teammates\storage\api\OfyHelper.java,0.05714285714285714,0.05714285714285714,0.0,0.07377104078020369,0.052886669976370676,Logic,0.07377104078020369
teammates\src\main\java\teammates\common\exception\HttpRequestFailedException.java,0.0,3048.8593673706055,0.0,0.02858603000640869,0.0,Common,3048.8593673706055
teammates\src\main\java\teammates\ui\webapi\SearchInstructorsAction.java,0.0,0.0,0.010958543845585414,2.053096226283482,2071.0935974121094,UI,2071.0935974121094
teammates\src\main\java\teammates\ui\output\SendLoginEmailResponseData.java,0.0,0.0,0.0,0.028585917609078543,2117.6208305358887,UI,2117.6208305358887
teammates\src\client\java\teammates\client\scripts\package-info.java,4561.485443115234,0.0,0.0,0.02858614580971854,0.0,Client,4561.485443115234
teammates\src\main\java\teammates\logic\core\DeadlineExtensionsLogic.java,0.02857142857142857,0.0,0.0168750490461077,2480.8167266845703,0.05714285714285714,Logic,2480.8167266845703
teammates\src\main\java\teammates\ui\webapi\UpdateFeedbackSessionAction.java,0.06084515707833427,0.10007523127964564,0.35999932970319476,2.337760271344866,1952.5468254089355,UI,1952.5468254089355
teammates\src\main\java\teammates\storage\search\InstructorSearchManager.java,0.0,0.0,0.010641580820083619,0.028584762981959753,0.0,Logic,0.028584762981959753
teammates\src\main\java\teammates\common\datatransfer\attributes\CourseAttributes.java,0.04154097012111119,2746.600112915039,0.06766589028494699,0.27825423649379183,0.10042954853602819,Common,2746.600112915039
teammates\src\e2e\java\teammates\e2e\pageobjects\AppPage.java,0.2564136505126953,0.1538438388279506,3810.682945251465,0.11763561793736049,1.1917157854352678,E2E,3810.682945251465
teammates\src\test\java\teammates\ui\webapi\FeedbackSessionClosingRemindersActionTest.java,0.13645342418125697,0.16058906827654157,0.11309078080313546,2.112268284388951,1859.074592590332,UI,1859.074592590332
teammates\src\main\java\teammates\common\util\EmailWrapper.java,0.0,2916.6675567626953,0.0,0.028584892409188406,0.0297818728855678,Common,2916.6675567626953
teammates\src\lnp\java\teammates\lnp\util\BackDoor.java,0.0,0.0,0.07224131992885045,0.028585822241646904,0.03183508600507464,E2E,0.07224131992885045
teammates\src\main\java\teammates\ui\webapi\UpdateCourseAction.java,0.0,0.030317796979631696,0.9666331699916295,2.168668256487165,2108.7753677368164,UI,2108.7753677368164
teammates\src\test\java\teammates\common\datatransfer\attributes\AccountAttributesTest.java,0.035719381059919085,2394.236373901367,0.5335085187639509,0.1768280301775251,0.04510371344430106,Common,2394.236373901367
teammates\src\main\java\teammates\storage\search\InstructorSearchDocument.java,0.0,0.05316094330378941,0.0,0.0469656160899571,0.03633791719164167,Common,0.05316094330378941
teammates\src\test\java\teammates\ui\webapi\GetStudentActionTest.java,0.015311895098005021,0.04587078435080392,0.8529968806675502,1.8231472560337612,1812.429599761963,UI,1812.429599761963
teammates\src\main\java\teammates\ui\webapi\GetInstructorAction.java,0.006211107969284058,0.0,0.0,2.056598118373326,2093.52481842041,UI,2093.52481842041
teammates\src\main\java\teammates\ui\output\MessageOutput.java,0.0,0.0,0.0,0.028586012976510183,2123.5028076171875,UI,2123.5028076171875
teammates\src\main\java\teammates\ui\webapi\SendJoinReminderEmailAction.java,0.008317996774400984,0.017786693572998048,0.017605907576424735,2.1358755929129463,2036.471176147461,UI,2036.471176147461
teammates\src\test\java\teammates\ui\webapi\SubmitFeedbackResponsesActionTest.java,0.04449860709054129,0.13375557490757534,0.2716962814331055,1.8455267769949777,1540.8247184753418,UI,1540.8247184753418
teammates\src\main\java\teammates\ui\webapi\BasicFeedbackSubmissionAction.java,0.08500901630946568,0.1489682606288365,0.9388021196637835,2.608790806361607,2040.727882385254,UI,2040.727882385254
teammates\src\test\java\teammates\storage\api\FeedbackResponseCommentsDbTest.java,0.08477486201695034,0.8677645547049386,0.31091782706124443,0.11863735743931361,0.057492767061506,Common,0.8677645547049386
teammates\src\test\java\teammates\ui\webapi\GetFeedbackSessionActionTest.java,0.14014699118477958,0.12646534783499583,0.6618050166538784,1.2154361179896764,1474.7681999206543,UI,1474.7681999206543
teammates\src\main\java\teammates\ui\webapi\DeleteInstructorAction.java,0.00725396956716265,0.054219205038888114,0.9011835370744977,2.2200404575892856,2044.372158050537,UI,2044.372158050537
teammates\src\test\java\teammates\ui\webapi\RemindFeedbackSessionSubmissionActionTest.java,0.017502495220729282,0.022701001167297362,0.8773521423339844,0.028583380154200963,2142.2179222106934,UI,2142.2179222106934
teammates\src\test\java\teammates\logic\api\MockUserProvision.java,0.0,0.03540429047175816,0.07642969403948102,2581.8924713134766,1.429589625767299,Logic,2581.8924713134766
teammates\src\main\java\teammates\ui\output\NumberOfEntitiesToGiveFeedbackToSetting.java,0.0,0.1057368346623012,0.0,0.028586108343941825,2129.4630241394043,UI,2129.4630241394043
teammates\src\main\java\teammates\ui\webapi\DeleteAccountRequestAction.java,0.0,0.0,0.0,2.070706830705915,2138.481388092041,UI,2138.481388092041
teammates\src\lnp\java\teammates\lnp\cases\InstructorStudentEnrollmentLNPTest.java,0.057074781826564246,0.898761476789202,0.3324283872331892,0.09979569571358816,0.07706116267613002,Common,0.898761476789202
teammates\src\main\java\teammates\storage\entity\AccountRequest.java,0.012612137624195644,0.06423982211521694,0.0,0.028584510939461846,0.0784599781036377,UI,0.0784599781036377
teammates\src\main\java\teammates\ui\request\FeedbackQuestionCreateRequest.java,0.0,0.0,0.0,0.028586128779820034,2185.8079719543457,UI,2185.8079719543457
teammates\src\test\java\teammates\logic\api\MockTaskQueuer.java,0.07056500571114677,0.07964508874075753,0.09605083465576172,2570.0879287719727,0.0,Logic,2570.0879287719727
teammates\src\test\java\teammates\test\EmailChecker.java,0.006118965148925781,0.0,0.45992022923060827,0.04068730899265834,0.0,E2E,0.45992022923060827
teammates\src\main\java\teammates\common\datatransfer\questions\FeedbackMsqResponseDetails.java,0.02857142857142857,3008.9401626586914,0.06812677383422852,0.02858550889151437,0.043143422263009205,Common,3008.9401626586914
teammates\src\test\java\teammates\test\TestNgXmlTest.java,0.14859283992222377,0.23447916848318917,0.20208123070853098,0.11996521268572126,0.1286968776157924,Common,0.23447916848318917
teammates\src\test\java\teammates\ui\webapi\DeleteStudentsActionTest.java,0.00787739668573652,0.02657806021826608,0.09267529760088239,0.11898884092058454,2069.009437561035,UI,2069.009437561035
teammates\src\main\java\teammates\ui\webapi\ResetAccountAction.java,0.0077297704560416085,0.01576528719493321,0.008310467004776001,2.1959991455078125,2039.0907287597656,UI,2039.0907287597656
teammates\src\main\java\teammates\ui\output\AccountsData.java,0.0,0.0,0.011485969168799265,0.028585822241646904,2111.8152236938477,UI,2111.8152236938477
teammates\src\e2e\java\teammates\e2e\cases\axe\InstructorStudentRecordsPageAxeTest.java,0.03875407150813511,0.030011371203831263,4123.211326599121,0.028586087908063617,0.06401212556021554,E2E,4123.211326599121
teammates\src\main\java\teammates\common\datatransfer\questions\FeedbackRankRecipientsResponseDetails.java,0.03434762954711914,2819.3262100219727,0.06217625481741769,0.028583809307643347,0.05713258470807757,Common,2819.3262100219727
teammates\src\e2e\java\teammates\e2e\pageobjects\CourseJoinConfirmationPage.java,0.02857142857142857,0.06719309943062919,3386.5461349487305,0.028585297720772878,0.16013398851667132,E2E,3386.5461349487305
teammates\src\e2e\java\teammates\e2e\pageobjects\InstructorSessionIndividualExtensionPage.java,0.14673332486833846,0.11906472614833287,3197.892951965332,0.03904350825718471,0.07718571254185268,E2E,3197.892951965332
teammates\src\main\java\teammates\ui\servlets\DevServerLoginServlet.java,0.009200810534613474,0.0,0.04161873885563442,0.6238412584577288,2666.559829711914,UI,2666.559829711914
teammates\src\test\java\teammates\storage\api\StudentsDbTest.java,0.022861215046473912,0.6242626190185547,1.4770877293178013,0.09935953957693917,0.3071427481515067,E2E,1.4770877293178013
teammates\src\test\java\teammates\ui\webapi\CreateInstructorActionTest.java,0.06520498820713588,0.04735419409615653,0.9222329275948661,2.144941929408482,1905.060691833496,UI,1905.060691833496
teammates\src\test\java\teammates\ui\webapi\BinFeedbackSessionActionTest.java,0.0201298679624285,0.05131840365273612,0.44506983075823103,2.1554898943219865,2002.26318359375,UI,2002.26318359375
teammates\src\main\java\teammates\common\util\FileHelper.java,0.007328465155192784,3002.7731323242188,0.009805491140910557,0.05715717588152204,0.07651867185320173,Common,3002.7731323242188
teammates\src\test\java\teammates\ui\webapi\UpdateStudentActionTest.java,0.041816575186593194,0.596290751865932,1.4396410260881696,1.993888419015067,1853.7001037597656,UI,1853.7001037597656
teammates\src\main\java\teammates\ui\webapi\GetInstructorPrivilegeAction.java,0.008590953690665109,0.0,0.39911185673304966,2.145446559361049,2116.621208190918,UI,2116.621208190918
teammates\src\main\java\teammates\common\datatransfer\logs\FeedbackSessionLogType.java,0.035803522382463725,3073.491439819336,0.02856560775211879,0.6997188568115235,0.02857142857142857,Common,3073.491439819336
teammates\src\main\java\teammates\ui\output\UsageStatisticsData.java,0.0,0.0,0.0,0.02858522960117885,2075.314655303955,UI,2075.314655303955
teammates\src\test\java\teammates\test\TestProperties.java,0.11974481855119978,0.1688028335571289,0.20795883451189315,0.057156521933419364,0.1564713341849191,E2E,0.20795883451189315
teammates\src\main\java\teammates\logic\api\AuthProxy.java,0.0,0.0,0.009530328852789743,2605.132522583008,0.05714285714285714,Logic,2605.132522583008
teammates\src\e2e\java\teammates\e2e\cases\InstructorNotificationsPageE2ETest.java,0.042540059770856585,0.06002401624407087,3840.7119369506836,0.10027291434151786,0.15928570883614676,E2E,3840.7119369506836
teammates\src\main\java\teammates\ui\webapi\AdminOnlyAction.java,0.0,0.03484931332724435,0.0,0.10943118504115514,2179.514102935791,UI,2179.514102935791
teammates\src\test\java\teammates\ui\webapi\GetUsageStatisticsActionTest.java,0.028682756423950195,0.02397263560976301,0.6070050375802176,0.12250264031546457,1987.7872848510742,UI,1987.7872848510742
teammates\src\main\java\teammates\common\util\TaskWrapper.java,0.0,3022.0606231689453,0.0,0.028585638318743025,0.0314262969153268,Common,3022.0606231689453
teammates\src\main\java\teammates\storage\entity\UsageStatistics.java,0.0,0.06622088296072824,0.0,0.028584892409188406,0.08075143269130163,UI,0.08075143269130163
teammates\src\test\java\teammates\ui\webapi\GetCourseSectionNamesActionTest.java,0.014640249524797712,0.06250391687665667,0.10586149351937431,2.5915638514927455,2029.5333671569824,UI,2029.5333671569824
teammates\src\client\java\teammates\client\scripts\DataMigrationForFeedbackSessionMismatchedTimezone.java,4308.025970458984,0.05714285714285714,0.06982418469020299,0.04309026854378836,0.02857142857142857,Client,4308.025970458984
teammates\src\test\java\teammates\ui\webapi\UpdateInstructorPrivilegeActionTest.java,0.010566513878958565,0.029026586668831962,0.48461499895368304,1.814684077671596,1653.0649375915527,UI,1653.0649375915527
teammates\src\main\java\teammates\ui\request\FeedbackSessionRemindRequest.java,0.0,0.030074654306684222,0.010850812707628523,0.028585025242396762,2294.3099212646484,UI,2294.3099212646484
teammates\src\client\java\teammates\client\scripts\TeamEvalResultCalculations.java,4389.187240600586,0.0,1.365915025983538,0.24550527845110212,0.034969541004725865,Client,4389.187240600586
teammates\src\main\java\teammates\ui\webapi\FeedbackSessionPublishedEmailWorkerAction.java,0.00671683805329459,0.07169037546430315,0.027211802346365794,2.372021266392299,2117.3770332336426,UI,2117.3770332336426
teammates\src\e2e\java\teammates\e2e\cases\axe\AdminSearchPageAxeTest.java,0.03719584260668073,0.030310824939182825,4131.9340896606445,0.05715665817260742,0.016839344160897392,E2E,4131.9340896606445
teammates\src\test\java\teammates\test\ThreadHelper.java,0.0,0.0,0.08976225171770369,0.028585992540631974,0.0,E2E,0.08976225171770369
teammates\src\test\java\teammates\logic\core\AccountRequestsLogicTest.java,1.1987279619489397,0.08879237174987793,0.47592212132045203,2287.860641479492,0.09992615836007254,Logic,2287.860641479492
teammates\src\main\java\teammates\ui\request\FeedbackSessionBasicRequest.java,0.012598400456564768,0.11331475121634348,0.33559889112200053,0.028583380154200963,2006.259536743164,UI,2006.259536743164
teammates\src\test\java\teammates\ui\webapi\CreateFeedbackSessionLogActionTest.java,0.02090569564274379,0.035282322338649204,0.5099140167236328,0.41389432634626117,1914.9478340148926,UI,1914.9478340148926
teammates\src\main\java\teammates\ui\webapi\RemindFeedbackSessionSubmissionAction.java,0.00787739668573652,0.0,0.4034551348005022,1.8358849661690848,2108.7753677368164,UI,2108.7753677368164
teammates\src\client\java\teammates\client\scripts\DataMigrationForSanitizedDataInCourseAttributes.java,4470.186958312988,0.07898907661437989,0.08326145580836705,0.04504472868783133,0.07226386751447406,Client,4470.186958312988
teammates\src\main\java\teammates\logic\api\Logic.java,0.0350585869380406,0.0976283209664481,0.025038177626473562,2257.4188232421875,0.11169345038277763,Logic,2257.4188232421875
teammates\src\main\java\teammates\logic\external\FirebaseAuthService.java,0.0,0.0,0.019509296757834298,2963.201332092285,0.10149729592459543,Logic,2963.201332092285
teammates\src\test\java\teammates\common\datatransfer\package-info.java,0.02857142857142857,3086.4562225341797,0.0799973828451974,0.02858614580971854,0.02857142857142857,Common,3086.4562225341797
teammates\src\main\java\teammates\ui\output\FeedbackResponseData.java,0.0,0.0,0.0,0.028585474831717354,2090.4262161254883,UI,2090.4262161254883
teammates\src\test\java\teammates\test\MockHttpServletResponse.java,0.08049770763942174,0.12070749827793666,0.11222286905561174,0.35210277012416297,0.05805294173104422,Logic,0.35210277012416297
teammates\src\e2e\java\teammates\e2e\cases\FeedbackSubmitPageE2ETest.java,0.09225755419049944,1.1377595084054128,3296.238594055176,0.09148369516645159,1.5121539524623326,E2E,3296.238594055176
teammates\src\main\java\teammates\common\datatransfer\attributes\DeadlineExtensionAttributes.java,0.05714285714285714,2689.7814559936523,0.05505532877785819,0.10232391357421874,0.08571428571428572,Common,2689.7814559936523
teammates\src\test\java\teammates\common\datatransfer\TeamEvalResultTest.java,0.08943018913269044,1997.2521209716797,0.6761889321463449,0.29756848471505304,0.0675058228628976,Common,1997.2521209716797
teammates\src\e2e\java\teammates\e2e\pageobjects\InstructorFeedbackSessionsPage.java,0.15185823440551757,0.2163304465157645,2672.1644973754883,0.0840043340410505,0.14435524259294782,E2E,2672.1644973754883
teammates\src\test\java\teammates\ui\webapi\StudentCourseJoinEmailWorkerActionTest.java,0.008713365452630179,0.0,0.12157395226614816,0.02858414990561349,2008.8354301452637,UI,2008.8354301452637
teammates\src\main\java\teammates\ui\output\ActionClasses.java,0.0,0.0,0.011606752872467041,0.028585972104753766,2121.1408042907715,UI,2121.1408042907715
teammates\src\main\java\teammates\ui\webapi\GetAccountRequestAction.java,0.007122813378061567,0.0,0.0,1.9232969011579242,2137.4314308166504,UI,2137.4314308166504
teammates\src\test\java\teammates\logic\core\UsageStatisticsLogicTest.java,0.046170125688825336,0.1329773357936314,0.11884809221540178,2514.1253662109375,0.046170125688825336,Logic,2514.1253662109375
teammates\src\test\java\teammates\ui\webapi\GetTimeZonesActionTest.java,0.009200167655944825,0.0,0.6450523921421596,0.028584827695574078,2050.601272583008,UI,2050.601272583008
teammates\src\e2e\java\teammates\e2e\util\package-info.java,0.0,0.0,3337.7271270751953,0.02858614580971854,0.0325549874986921,E2E,3337.7271270751953
teammates\src\main\java\teammates\common\exception\EnrollException.java,0.0,3048.8593673706055,0.0,0.02858603000640869,0.0,Common,3048.8593673706055
teammates\src\client\java\teammates\client\connector\DatastoreClient.java,4608.1866455078125,0.1237222535269601,0.0,1.077081080845424,0.07771894591195243,Client,4608.1866455078125
teammates\src\test\java\teammates\ui\webapi\DeleteNotificationActionTest.java,0.02120466913495745,0.05074937002999442,0.09088485581534249,0.02858414990561349,2087.6132011413574,UI,2087.6132011413574
teammates\src\e2e\java\teammates\e2e\util\EmailAccount.java,0.011237654515675136,0.02979096003941127,3091.3780975341797,0.028583591324942453,0.17341685976300922,E2E,3091.3780975341797
teammates\src\test\java\teammates\logic\api\MockLogsProcessor.java,0.0,0.06817126955304827,0.07470248767307826,2384.500503540039,0.0,Logic,2384.500503540039
teammates\src\e2e\java\teammates\e2e\cases\axe\InstructorFeedbackReportPageAxeTest.java,0.038575778688703266,0.029863854816981724,4225.065994262695,0.028585025242396762,0.01659102780478341,E2E,4225.065994262695
teammates\src\main\java\teammates\ui\webapi\GetUsageStatisticsAction.java,0.05277714388711112,0.14772131783621653,1.4170843941824778,1.8732511247907366,2117.0104026794434,UI,2117.0104026794434
teammates\src\main\java\teammates\ui\webapi\CreateFeedbackQuestionAction.java,0.0,0.0,0.5699129922049386,1.9883762904575892,2146.4145469665527,UI,2146.4145469665527
teammates\src\main\java\teammates\ui\request\StudentUpdateRequest.java,0.0,0.0,0.012496530158179147,0.05715619495936802,2096.6475868225098,UI,2096.6475868225098
teammates\src\main\java\teammates\ui\webapi\ActionMappingException.java,0.0,0.03124770096370152,0.0,0.028585972104753766,2121.1408042907715,UI,2121.1408042907715
teammates\src\main\java\teammates\storage\entity\Course.java,0.01300995009286063,0.06554474149431501,0.0,0.028584762981959753,0.0,Common,0.06554474149431501
teammates\src\main\java\teammates\ui\webapi\CreateFeedbackSessionAction.java,0.02857142857142857,0.035505117688860215,0.30012964521135604,2.3432122366768975,1994.001579284668,UI,1994.001579284668
teammates\src\main\java\teammates\ui\webapi\package-info.java,0.0,0.0,0.0,0.02858614580971854,2131.8692207336426,UI,2131.8692207336426
teammates\src\test\java\teammates\ui\webapi\UpdateCourseActionTest.java,0.10711735997881208,0.20810913358415875,0.08765175001961845,2.1311534336635045,1964.916934967041,UI,1964.916934967041
teammates\src\client\java\teammates\client\scripts\SingleAccountGoogleIdMigrationScript.java,4473.632164001465,0.0,0.07680012839181083,0.04554454939705985,0.0,Client,4473.632164001465
teammates\src\lnp\java\teammates\lnp\util\LNPResultsStatistics.java,0.007092194472040449,0.0,0.5034905569893974,0.3160576684134347,0.03106726237705776,E2E,0.5034905569893974
teammates\src\e2e\java\teammates\e2e\cases\axe\FeedbackResultsPageAxeTest.java,0.03893405028751918,0.030160355567932128,4122.929611206055,0.028585161481584822,0.0386850220816476,E2E,4122.929611206055
teammates\src\lnp\java\teammates\lnp\cases\FeedbackSessionViewLNPTest.java,0.07512850080217634,0.07827948842729841,0.4442764827183315,0.04502343450273786,0.05450455461229597,E2E,0.4442764827183315
teammates\src\main\java\teammates\common\datatransfer\questions\FeedbackNumericalScaleResponseDetails.java,0.02857142857142857,3042.2955322265625,0.0,0.028585784775870187,0.02857142857142857,Common,3042.2955322265625
teammates\src\main\java\teammates\storage\api\DeadlineExtensionsDb.java,0.048289520399911065,0.08871947016034808,0.49899074009486605,0.35725010463169643,0.1702643530709403,E2E,0.49899074009486605
teammates\src\main\java\teammates\common\datatransfer\questions\FeedbackResponseDetails.java,0.02857142857142857,2995.9518814086914,0.039033099583217074,0.028585403306143623,0.02857142857142857,Common,2995.9518814086914
teammates\src\test\java\teammates\ui\webapi\CreateAccountRequestActionTest.java,0.14221749986921037,0.11559391021728516,0.5265836988176619,1.605863080705915,1976.7133331298828,UI,1976.7133331298828
teammates\src\test\java\teammates\ui\webapi\UpdateInstructorActionTest.java,0.06597745759146555,0.0631772654397147,1.5352266584123884,1.9924098423549108,1901.7616844177246,UI,1901.7616844177246
teammates\src\main\java\teammates\common\datatransfer\FeedbackSessionLogEntry.java,0.02857142857142857,3037.7731323242188,0.0,0.02858574731009347,0.02857142857142857,Common,3037.7731323242188
teammates\src\main\java\teammates\ui\servlets\WebPageServlet.java,0.008915936946868897,0.0,0.02826374088014875,0.3160576684134347,2189.8641395568848,UI,2189.8641395568848
teammates\src\main\java\teammates\common\datatransfer\logs\InstanceLogDetails.java,0.02857142857142857,3040.031394958496,0.02882470062800816,0.5484935760498046,0.02857142857142857,Common,3040.031394958496
teammates\src\e2e\java\teammates\e2e\cases\FeedbackTextQuestionE2ETest.java,0.033139191355024064,0.024162861279078893,3633.7987899780273,0.028582429885864256,0.013423809834889004,E2E,3633.7987899780273
teammates\src\main\java\teammates\ui\webapi\GateKeeper.java,0.01262704644884382,0.8549364362444196,0.018795289312090194,0.09217826979500907,1979.1834831237793,UI,1979.1834831237793
teammates\src\test\java\teammates\ui\servlets\OriginCheckFilterTest.java,0.02701357092176165,0.04250247819083078,0.08715252876281739,0.045877303395952494,2095.8127212524414,UI,2095.8127212524414
teammates\src\main\java\teammates\ui\webapi\StudentCourseJoinEmailWorkerAction.java,0.008149780545915876,0.0,0.0,2.048176574707031,2066.9140625,UI,2066.9140625
teammates\src\main\java\teammates\ui\webapi\SessionLinksRecoveryAction.java,0.006504975046430315,0.0,0.5684526171003069,0.028584762981959753,2116.621208190918,UI,2116.621208190918
teammates\src\test\java\teammates\ui\servlets\LegacyUrlMapperTest.java,0.02857142857142857,0.026171714918954033,0.17901115417480468,0.028584510939461846,2059.7256469726562,UI,2059.7256469726562
teammates\src\test\java\teammates\storage\api\DeadlineExtensionsDbTest.java,0.858248519897461,0.1398634229387556,0.993133544921875,0.16068098885672433,0.2009159769330706,E2E,0.993133544921875
teammates\src\main\java\teammates\ui\webapi\UpdateInstructorPrivilegeAction.java,0.03478253568921771,0.0,0.01395798751286098,2.4104629516601563,2183.963203430176,UI,2183.963203430176
teammates\src\test\java\teammates\ui\webapi\GetFeedbackSessionLogsActionTest.java,0.02379042250769479,0.08087403433663505,0.5725619179861886,0.22306773321969167,1811.362419128418,UI,1811.362419128418
teammates\src\main\java\teammates\ui\webapi\UpdateStudentAction.java,0.047192502021789554,0.09405076163155691,0.8246834346226284,2.18517826625279,2174.942569732666,UI,2174.942569732666
teammates\src\main\java\teammates\storage\api\AccountsDb.java,0.0484806980405535,0.0395014830998012,0.12112887246268136,0.4360886710030692,0.022577570165906634,Logic,0.4360886710030692
teammates\src\main\java\teammates\ui\output\FeedbackSessionLogData.java,0.04138995919908796,0.06871643747602191,0.03812353951590402,0.3886831283569336,2128.142967224121,UI,2128.142967224121
teammates\src\test\java\teammates\ui\webapi\InstructorCourseJoinEmailWorkerActionTest.java,0.008667589085442679,0.0,0.12073520932878767,1.7797859191894532,2001.6914749145508,UI,2001.6914749145508
teammates\src\main\java\teammates\ui\webapi\CreateAccountAction.java,0.29753412519182476,0.5678397587367466,0.7598137991768973,2.37026606968471,2308.616256713867,UI,2308.616256713867
teammates\src\main\java\teammates\ui\webapi\SearchAccountRequestsAction.java,0.0,0.0,0.011096254416874477,1.9049950735909598,2081.726016998291,UI,2081.726016998291
teammates\src\e2e\java\teammates\e2e\util\TestNgXmlTest.java,0.16788312367030553,0.32262071881975446,4290.711555480957,0.1260526657104492,0.16950957434517996,E2E,4290.711555480957
teammates\src\e2e\java\teammates\e2e\pageobjects\AdminNotificationsPage.java,0.15631915501185825,0.2614387239728655,3764.528350830078,0.1281789643423898,0.20642984935215541,E2E,3764.528350830078
teammates\src\test\java\teammates\ui\webapi\GetHasResponsesActionTest.java,0.013836313996996199,0.024818013395581928,1.1042800903320313,2.1721341814313617,1702.6934432983398,UI,1702.6934432983398
teammates\src\client\java\teammates\client\connector\package-info.java,4563.387222290039,0.0,0.0,0.02858614580971854,0.0,Client,4563.387222290039
teammates\src\client\java\teammates\client\scripts\DataMigrationForSanitizedInstructorName.java,4470.186958312988,0.07898907661437989,0.08326145580836705,0.04504472868783133,0.07226386751447406,Client,4470.186958312988
teammates\src\main\java\teammates\common\exception\AuthException.java,0.0,3051.2511444091797,0.03211321490151542,0.0285860504422869,0.0,Common,3051.2511444091797
teammates\src\main\java\teammates\ui\webapi\CreateFeedbackResponseCommentAction.java,0.007625943422317505,0.8923841748918806,0.8633832114083426,2.1509665352957588,1922.9007530212402,UI,1922.9007530212402
teammates\src\main\java\teammates\ui\request\NotificationCreateRequest.java,0.0,0.0,0.0,0.028586128779820034,2185.8079719543457,UI,2185.8079719543457
teammates\src\main\java\teammates\logic\external\LogService.java,0.0,0.0356508731842041,0.009893381595611572,2573.7625122070312,0.0,Logic,2573.7625122070312
teammates\src\main\java\teammates\ui\webapi\QueryLogsAction.java,0.016220309053148543,0.06317548070635115,1.1162203107561384,0.4122354779924665,1972.8448867797852,UI,1972.8448867797852
teammates\src\main\java\teammates\storage\search\SearchDocument.java,0.0,0.04877851690564837,0.0,0.028585917609078543,0.0,Common,0.04877851690564837
teammates\src\main\java\teammates\storage\search\SearchManager.java,3.685605730329241,0.868529074532645,0.09074051720755441,0.4666230337960379,0.16413320813860213,Client,3.685605730329241
teammates\src\test\java\teammates\logic\core\package-info.java,0.0,0.0,0.0799973828451974,2602.679862976074,0.0,Logic,2602.679862976074
teammates\src\e2e\java\teammates\e2e\pageobjects\InstructorFeedbackEditPage.java,0.1640538351876395,0.21039683478219168,2132.615966796875,0.2628618240356445,0.10362548828125,E2E,2132.615966796875
teammates\src\e2e\java\teammates\e2e\cases\BaseE2ETestCase.java,0.10406372887747628,0.16645932878766742,3050.8668899536133,0.028580546379089355,0.22239388057163784,E2E,3050.8668899536133
teammates\src\e2e\java\teammates\e2e\cases\InstructorHomePageE2ETest.java,0.1373004913330078,0.18818509238106865,3476.1449813842773,0.08465327535356794,0.4129206248692104,E2E,3476.1449813842773
teammates\src\test\java\teammates\ui\webapi\UpdateFeedbackSessionActionTest.java,0.14779503686087472,0.227749879019601,0.9361951555524554,2.1405670166015627,1651.5394020080566,UI,1651.5394020080566
teammates\src\main\java\teammates\common\util\Const.java,0.03821681567600795,2383.020362854004,0.10633344650268554,1.0133959089006697,0.24916071210588728,Common,2383.020362854004
teammates\src\main\java\teammates\common\util\Templates.java,0.02857142857142857,2631.1427307128906,0.644337408883231,0.028582981654575894,0.18477691922869002,Common,2631.1427307128906
teammates\src\test\java\teammates\common\util\BuildPropertiesTest.java,0.0,2990.621452331543,0.08645302908761161,0.028585934638977052,39.30474638938904,Common,2990.621452331543
teammates\src\main\java\teammates\logic\core\FeedbackSessionsLogic.java,0.062070519583565846,0.03865160601479667,0.0405566998890468,4067.018051147461,0.18209900174822127,Logic,4067.018051147461
teammates\src\test\java\teammates\ui\webapi\MarkNotificationAsReadActionTest.java,0.08472817284720284,0.09665660858154297,0.5155260903494698,0.057989100047520226,2023.5248184204102,UI,2023.5248184204102
teammates\src\main\java\teammates\ui\request\AccountCreateRequest.java,0.0,0.0,0.06114046914236886,0.028584827695574078,2100.869846343994,UI,2100.869846343994
teammates\src\test\java\teammates\ui\webapi\ArchiveCourseActionTest.java,0.043492725917271206,0.0,0.08570560727800641,2.1008754185267855,1925.1202964782715,UI,1925.1202964782715
teammates\src\e2e\java\teammates\e2e\cases\package-info.java,0.0323268004826137,0.0323268004826137,3478.3279418945312,0.02858614580971854,0.017959330763135637,E2E,3478.3279418945312
teammates\src\test\java\teammates\ui\webapi\CreateAccountActionTest.java,0.011168731961931501,0.057053783961704796,0.33758266993931363,2.131605747767857,1915.7600021362305,UI,1915.7600021362305
teammates\src\client\java\teammates\client\scripts\DataMigrationForConstSumForceUnevenDistribution.java,4403.248176574707,0.05714285714285714,0.0734891755240304,0.10523688452584402,0.05424894264766148,Client,4403.248176574707
teammates\src\test\java\teammates\common\datatransfer\questions\FeedbackResponseDetailsTest.java,0.02857142857142857,3031.0338592529297,0.08548306737627302,0.028585692814418247,0.02857142857142857,Common,3031.0338592529297
teammates\src\main\java\teammates\logic\external\LocalLoggingService.java,0.014576574734279087,0.02621513605117798,0.09329908234732491,2642.3806381225586,0.09186442920139858,Logic,2642.3806381225586
teammates\src\main\java\teammates\ui\output\EnrollStudentsData.java,0.0,0.0,0.011823041949953352,0.028585297720772878,2079.578170776367,UI,2079.578170776367
teammates\src\test\java\teammates\storage\api\CoursesDbTest.java,0.05079338209969657,0.05296931266784668,1.2829786028180803,0.09689320155552456,0.098550660269601,E2E,1.2829786028180803
teammates\src\test\java\teammates\common\util\JsonUtilsTest.java,0.0,2631.1427307128906,0.17952536174229214,0.028582981654575894,0.043572214671543666,Common,2631.1427307128906
teammates\src\e2e\java\teammates\e2e\cases\FeedbackRubricQuestionE2ETest.java,0.03950895922524589,0.04084483555385045,3240.6763076782227,0.028581929206848145,0.04837756838117327,E2E,3240.6763076782227
teammates\src\main\java\teammates\ui\webapi\GetDeadlineExtensionAction.java,0.008070053373064314,0.031542117255074636,0.0,1.943217250279018,2128.6778259277344,UI,2128.6778259277344
teammates\src\main\java\teammates\common\util\Logger.java,0.02239757605961391,2353.510208129883,0.7624177115304129,0.04458890642438616,0.2903294427054269,Common,2353.510208129883
teammates\src\test\java\teammates\test\BaseTestCaseWithLocalDatabaseAccess.java,0.05714285714285714,0.09212645121983119,0.08920158658708845,2.2335660661969867,0.02857142857142857,Logic,2.2335660661969867
teammates\src\test\java\teammates\common\datatransfer\UserInfoCookieTest.java,0.08936128616333008,3104.725799560547,0.08363751002720424,0.02858522960117885,0.5254111698695592,Common,3104.725799560547
teammates\src\main\java\teammates\ui\output\InstructorsData.java,0.0,0.0,0.012037953308650425,0.02858565534864153,2101.55330657959,UI,2101.55330657959
teammates\src\e2e\java\teammates\e2e\cases\axe\InstructorFeedbackEditPageAxeTest.java,0.03893405028751918,0.030160355567932128,4122.929611206055,0.028585161481584822,0.016755751201084683,E2E,4122.929611206055
teammates\src\main\java\teammates\common\datatransfer\questions\FeedbackRubricResponseDetails.java,0.02857142857142857,3035.521011352539,0.06981386457170759,0.028585730280194965,0.02857142857142857,Common,3035.521011352539
teammates\src\main\java\teammates\ui\request\CourseBasicRequest.java,0.00844167641230992,0.0,0.0,0.028585583823067803,2150.166301727295,UI,2150.166301727295
teammates\src\main\java\teammates\ui\webapi\GetFeedbackQuestionRecipientsAction.java,0.0060295164585113525,0.0,0.36994015829903737,2.1756349836077007,2008.8354301452637,UI,2008.8354301452637
teammates\src\main\java\teammates\ui\webapi\MarkNotificationAsReadAction.java,0.0,0.03988519396100725,0.009289693832397462,1.9014271327427454,2149.578170776367,UI,2149.578170776367
teammates\src\e2e\java\teammates\e2e\cases\StudentCourseDetailsPageE2ETest.java,0.12094563075474331,0.19368835176740373,3569.1492462158203,0.028586435317993163,0.09847128050667898,E2E,3569.1492462158203
teammates\src\main\java\teammates\ui\webapi\DeleteFeedbackQuestionAction.java,0.0,0.0,0.0,2.1278409685407365,2145.314655303955,UI,2145.314655303955
teammates\src\main\java\teammates\common\datatransfer\questions\FeedbackContributionQuestionDetails.java,0.13938628605433873,2592.338638305664,0.7622403281075614,0.3269908360072545,0.15173486982073103,Common,2592.338638305664
teammates\src\main\java\teammates\logic\core\AccountsLogic.java,0.02746166842324393,0.06645410401480538,0.7583120618547712,2125.024471282959,0.016532284872872487,Logic,2125.024471282959
teammates\src\test\java\teammates\ui\webapi\CreateFeedbackQuestionActionTest.java,0.0293637786592756,0.1564812251499721,0.6212505885532924,1.9978184291294643,1784.6503257751465,UI,1784.6503257751465
teammates\src\test\java\teammates\common\datatransfer\InstructorPrivilegesTest.java,0.06928249086652483,2110.381145477295,0.14691040856497628,0.0285778386252267,0.02857142857142857,Common,2110.381145477295
teammates\src\main\java\teammates\storage\entity\FeedbackResponse.java,0.04347246374402727,0.06122659274509975,0.0,0.028583921704973494,0.07491682597569056,UI,0.07491682597569056
teammates\src\main\java\teammates\common\datatransfer\attributes\FeedbackQuestionAttributes.java,0.11982882363455637,2235.3649139404297,0.05723796572004046,0.09607289859226771,0.08571428571428572,Common,2235.3649139404297
teammates\src\main\java\teammates\ui\output\FeedbackQuestionRecipientsData.java,0.0,0.0,0.009719148703983852,0.02858567237854004,2102.681770324707,UI,2102.681770324707
teammates\src\e2e\java\teammates\e2e\cases\BaseFeedbackQuestionE2ETest.java,0.029863854816981724,0.029863854816981724,3461.9123458862305,0.028585025242396762,0.01659102780478341,E2E,3461.9123458862305
teammates\src\main\java\teammates\storage\search\AccountRequestSearchDocument.java,0.0,0.05396058900015695,0.0,0.047118697847638814,0.03654677867889404,Common,0.05396058900015695
teammates\src\e2e\java\teammates\e2e\pageobjects\DevServerLoginPage.java,0.07719391414097378,0.07004021917070662,3407.5396728515625,0.724501964024135,0.05714285714285714,E2E,3407.5396728515625
teammates\src\test\java\teammates\storage\search\package-info.java,0.0,0.0,0.0799973828451974,0.02858614580971854,0.0,E2E,0.0799973828451974
teammates\src\main\java\teammates\ui\webapi\GetCoursesAction.java,0.00546980117048536,0.060265704563685824,0.01705456290926252,2.2221607753208708,2091.649341583252,UI,2091.649341583252
teammates\src\test\java\teammates\common\datatransfer\attributes\AccountRequestAttributesTest.java,0.02857142857142857,2595.9814453125,0.14385779244559152,0.1727681977408273,0.04714858191353934,Common,2595.9814453125
teammates\src\main\java\teammates\ui\servlets\LegacyUrlMapper.java,0.07671286719185966,0.05794200216020857,0.09677995273045131,0.3032874516078404,2418.292465209961,UI,2418.292465209961
teammates\src\main\java\teammates\ui\request\FeedbackResponseCommentUpdateRequest.java,0.0,0.0,0.01156116213117327,0.028585917609078543,2171.9701385498047,UI,2171.9701385498047
teammates\src\client\java\teammates\client\scripts\statistics\FileStore.java,4161.234893798828,0.09896978650774274,0.507356698172433,0.09017622130257742,0.14504267828805106,Client,4161.234893798828
teammates\src\test\java\teammates\ui\servlets\WebPageServletTest.java,0.0,0.030147089276994977,0.08540979794093541,0.02858567237854004,2192.8830337524414,UI,2192.8830337524414
teammates\src\test\java\teammates\ui\webapi\ResetAccountRequestActionTest.java,0.10490381377083914,0.05945972033909389,0.9612049647739955,1.945292227608817,2019.3821334838867,UI,2019.3821334838867
teammates\src\main\java\teammates\ui\webapi\GetSessionResultsAction.java,0.006777207766260419,0.0,0.006045271669115339,2.146295819963728,1995.1202964782715,UI,1995.1202964782715
teammates\src\main\java\teammates\ui\output\CourseArchiveData.java,0.0,0.0,0.0,0.028585917609078543,2117.6208305358887,UI,2117.6208305358887
teammates\src\main\java\teammates\logic\api\TaskQueuer.java,0.048741115842546735,0.1161083493913923,0.02962390695299421,2506.4183807373047,0.1598170689174107,Logic,2506.4183807373047
teammates\src\main\java\teammates\common\exception\InvalidParametersException.java,0.0,3025.2833938598633,0.10075783048357283,0.02858583927154541,0.0,Common,3025.2833938598633
teammates\src\main\java\teammates\ui\webapi\SendErrorReportAction.java,0.0067719783101763045,0.05163853849683489,0.0242793185370309,0.3030777522495815,2393.7899017333984,UI,2393.7899017333984
teammates\src\main\java\teammates\ui\output\CourseData.java,0.0,0.0,0.0,0.028585093361990794,2066.9140625,UI,2066.9140625
teammates\src\test\java\teammates\common\util\StringHelperTest.java,0.20225925445556642,2853.470916748047,0.2584235872541155,0.15089398792811803,0.32528370448521204,Common,2853.470916748047
teammates\src\main\java\teammates\ui\webapi\PutDataBundleDocumentsAction.java,0.09677104949951172,0.2264115742274693,0.0,1.979302760532924,2230.901393890381,UI,2230.901393890381
teammates\src\main\java\teammates\common\datatransfer\logs\LogEvent.java,0.02857142857142857,3035.521011352539,0.028750194822038923,0.5471497126988002,0.02857142857142857,Common,3035.521011352539
teammates\src\client\java\teammates\client\scripts\GenerateUsageStatisticsObjects.java,4386.465950012207,0.09548986979893276,0.011974698305130005,1.8907845633370535,0.02857142857142857,Client,4386.465950012207
teammates\src\main\java\teammates\storage\api\package-info.java,0.0,0.0,0.0,0.05633411748068673,0.0,Logic,0.05633411748068673
teammates\src\e2e\java\teammates\e2e\cases\axe\AdminNotificationsPageAxeTest.java,0.030771378108433316,0.030771378108433316,4158.183288574219,0.02858544077192034,0.017095208168029785,E2E,4158.183288574219
teammates\src\test\java\teammates\logic\core\FeedbackSessionsLogicTest.java,0.12990681784493582,0.315300532749721,0.8581358228410993,3130.9555053710938,0.2392747061593192,Logic,3130.9555053710938
teammates\src\main\java\teammates\ui\output\AccountRequestsData.java,0.0,0.0,0.011530967269624983,0.028585876737322127,2115.289535522461,UI,2115.289535522461
teammates\src\main\java\teammates\storage\entity\package-info.java,0.0,0.042325738498142786,0.0,0.02858614580971854,0.0,Common,0.042325738498142786
teammates\src\main\java\teammates\logic\external\AuthService.java,0.0,0.0,0.0,2597.482147216797,0.05714285714285714,Logic,2597.482147216797
teammates\src\main\java\teammates\ui\request\ErrorReportRequest.java,0.0,0.0,0.0,0.02858550889151437,2197.949504852295,UI,2197.949504852295
teammates\src\test\java\teammates\ui\webapi\GetSessionResponseStatsActionTest.java,0.020997558321271623,0.0,0.09230554444449289,0.10308102880205428,2068.5104942321777,UI,2068.5104942321777
teammates\src\e2e\java\teammates\e2e\pageobjects\InstructorSearchPage.java,0.09066210474286761,0.07242774963378906,3020.3759384155273,0.028581619262695312,0.045232898848397395,E2E,3020.3759384155273
teammates\src\e2e\java\teammates\e2e\util\BackDoor.java,0.0,0.0,3340.3600311279297,0.028585822241646904,0.03183508600507464,E2E,3340.3600311279297
teammates\src\main\java\teammates\common\datatransfer\attributes\FeedbackResponseCommentAttributes.java,0.0808927195412772,3716.710968017578,0.05631939343043736,0.0979086126599993,0.02857142857142857,Common,3716.710968017578
teammates\src\client\java\teammates\client\scripts\DataMigrationForInstructorNullIsArchivedField.java,4479.407730102539,0.05714285714285714,0.08202242170061384,0.04518450668879918,0.055556634494236534,Client,4479.407730102539
teammates\src\main\java\teammates\ui\webapi\GetFeedbackSessionLogsAction.java,0.11526254926409041,0.22373542785644532,0.8472855159214565,2.3953482491629465,2031.5446281433105,UI,2031.5446281433105
teammates\src\client\java\teammates\client\scripts\statistics\StatisticsBundle.java,4398.21174621582,0.08031023570469448,0.11010327339172363,0.1005714007786342,0.05079084805079869,Client,4398.21174621582
teammates\src\test\java\teammates\test\TestPropertiesTest.java,0.0,0.0,0.09160790443420411,0.028586070878165108,0.0,E2E,0.09160790443420411
teammates\src\test\java\teammates\storage\api\InstructorsDbTest.java,0.0996553897857666,0.1569182940891811,0.8755350385393416,0.1688408306666783,0.15241661071777343,E2E,0.8755350385393416
teammates\src\test\java\teammates\ui\webapi\RegenerateInstructorKeyActionTest.java,0.024196488516671315,0.0,0.11123953546796526,1.909271022251674,2023.9013290405273,UI,2023.9013290405273
teammates\src\main\java\teammates\ui\webapi\GetReadNotificationsAction.java,0.0,0.0,0.009740591049194336,1.9424061366489955,2173.8131713867188,UI,2173.8131713867188
teammates\src\main\java\teammates\ui\webapi\GetStudentsAction.java,0.07360750607081822,0.07633568218776159,0.7331536974225725,2.1778228759765623,2092.7747344970703,UI,2092.7747344970703
teammates\src\test\java\teammates\logic\api\MockAuthProxy.java,0.0,0.0,0.07917222976684571,2624.293441772461,0.05714285714285714,Logic,2624.293441772461
teammates\src\main\java\teammates\ui\webapi\GetActionClassesAction.java,0.0,0.033008391516549246,0.43711392538888116,0.17947854995727539,2151.726016998291,UI,2151.726016998291
teammates\src\main\java\teammates\ui\request\BasicRequest.java,0.0,0.0,0.0,0.028585972104753766,2175.704402923584,UI,2175.704402923584
teammates\src\main\java\teammates\storage\search\SearchManagerStarter.java,0.0,0.0,0.0,0.028585692814418247,0.0,Logic,0.028585692814418247
teammates\src\main\java\teammates\ui\request\CourseUpdateRequest.java,0.0,0.0,0.0,0.028586128779820034,2185.8079719543457,UI,2185.8079719543457
teammates\src\main\java\teammates\common\datatransfer\questions\FeedbackNumericalScaleQuestionDetails.java,0.05714285714285714,2753.3567428588867,0.7778094155447823,0.200400515965053,0.05131263732910156,Common,2753.3567428588867
teammates\src\main\java\teammates\ui\webapi\PublishFeedbackSessionAction.java,0.0,0.0,0.014391415459769113,2.2746303013392857,2151.8922424316406,UI,2151.8922424316406
teammates\src\main\java\teammates\common\datatransfer\questions\package-info.java,0.02857142857142857,3081.703109741211,0.0,0.028586108343941825,0.02857142857142857,Common,3081.703109741211
teammates\src\test\java\teammates\ui\webapi\RegenerateStudentKeyActionTest.java,0.024196488516671315,0.0,0.11123953546796526,1.909271022251674,2023.9013290405273,UI,2023.9013290405273
