project,removed_case,removed_module,file
bigbluebutton,removed_Apps,Apps,akka-bbb-apps/src/main/scala/org/bigbluebutton/core/util/jhotdraw/Bezier.java
bigbluebutton,removed_Apps,Apps,akka-bbb-apps/src/main/scala/org/bigbluebutton/core/util/jhotdraw/BezierPath.java
bigbluebutton,removed_Apps,Apps,akka-bbb-apps/src/main/scala/org/bigbluebutton/core/util/jhotdraw/BezierPathIterator.java
bigbluebutton,removed_Apps,Apps,akka-bbb-apps/src/main/scala/org/bigbluebutton/core/util/jhotdraw/Geom.java
bigbluebutton,removed_Apps,Apps,akka-bbb-apps/src/main/scala/org/bigbluebutton/core/util/jhotdraw/PathCommands.java
bigbluebutton,removed_Apps,Apps,akka-bbb-apps/src/main/scala/org/bigbluebutton/core/util/jhotdraw/PathData.java
bigbluebutton,removed_Apps,Apps,akka-bbb-apps/src/main/scala/org/bigbluebutton/core/util/jhotdraw/Shapes.java
bigbluebutton,removed_Apps,Apps,bbb-common-web/src/main/java/org/bigbluebutton/api/IReceivedOldMessageHandler.java
bigbluebutton,removed_Apps,Apps,bbb-common-web/src/main/java/org/bigbluebutton/api/domain/Extensions.java
bigbluebutton,removed_Apps,Apps,bbb-common-web/src/main/java/org/bigbluebutton/api/domain/Metadata.java
bigbluebutton,removed_Apps,Apps,bbb-common-web/src/main/java/org/bigbluebutton/api/domain/Preview.java
bigbluebutton,removed_Apps,Apps,bbb-common-web/src/main/java/org/bigbluebutton/api/messaging/ReceivedMessage.java
bigbluebutton,removed_Apps,Apps,bbb-common-web/src/main/java/org/bigbluebutton/api/messaging/converters/messages/EndMeetingMessage.java
bigbluebutton,removed_Apps,Apps,bbb-common-web/src/main/java/org/bigbluebutton/api/messaging/converters/messages/KeepAliveMessage.java
bigbluebutton,removed_Apps,Apps,bbb-common-web/src/main/java/org/bigbluebutton/api/messaging/converters/messages/PublishedRecordingMessage.java
bigbluebutton,removed_Apps,Apps,bbb-common-web/src/main/java/org/bigbluebutton/api/messaging/converters/messages/UnpublishedRecordingMessage.java
bigbluebutton,removed_Apps,Apps,bbb-common-web/src/main/java/org/bigbluebutton/api/messaging/messages/GuestLobbyMessageChanged.java
bigbluebutton,removed_Apps,Apps,bbb-common-web/src/main/java/org/bigbluebutton/api/messaging/messages/GuestStatusChangedEventMsg.java
bigbluebutton,removed_Apps,Apps,bbb-common-web/src/main/java/org/bigbluebutton/api/messaging/messages/RecordChapterBreak.java
bigbluebutton,removed_Apps,Apps,bbb-common-web/src/main/java/org/bigbluebutton/api/messaging/messages/UpdateRecordingStatus.java
bigbluebutton,removed_Apps,Apps,bbb-common-web/src/main/java/org/bigbluebutton/api/messaging/messages/UserStatusChanged.java
bigbluebutton,removed_Apps,Apps,bbb-common-web/src/main/java/org/bigbluebutton/api/util/DataStore.java
bigbluebutton,removed_Apps,Apps,bbb-common-web/src/main/java/org/bigbluebutton/api2/domain/DurationProp2.java
bigbluebutton,removed_Apps,Apps,bbb-common-web/src/main/java/org/bigbluebutton/api2/domain/RecordProp2.java
bigbluebutton,removed_Apps,Apps,bbb-common-web/src/main/java/org/bigbluebutton/common/messages/BbbAppsIsAliveMessage.java
bigbluebutton,removed_Apps,Apps,bbb-common-web/src/main/java/org/bigbluebutton/common/messages/MessageBuilder.java
bigbluebutton,removed_Apps,Apps,bbb-recording-imex/src/main/java/org/bigbluebutton/RecordingApp.java
bigbluebutton,removed_Apps,Apps,bbb-recording-imex/src/main/java/org/bigbluebutton/RecordingExportHandler.java
bigbluebutton,removed_Apps,Apps,bbb-recording-imex/src/main/java/org/bigbluebutton/RecordingImportHandler.java
bigbluebutton,removed_Apps,Apps,bigbluebutton-web/pres-checker/src/main/java/org/bigbluebutton/prescheck/Main.java
bigbluebutton,removed_BBB web,BBB web,akka-bbb-apps/src/main/scala/org/bigbluebutton/core/util/jhotdraw/Bezier.java
bigbluebutton,removed_BBB web,BBB web,akka-bbb-apps/src/main/scala/org/bigbluebutton/core/util/jhotdraw/BezierPath.java
bigbluebutton,removed_BBB web,BBB web,akka-bbb-apps/src/main/scala/org/bigbluebutton/core/util/jhotdraw/Geom.java
bigbluebutton,removed_BBB web,BBB web,akka-bbb-apps/src/main/scala/org/bigbluebutton/core/util/jhotdraw/Shapes.java
bigbluebutton,removed_BBB web,BBB web,bbb-common-message/src/main/java/org/bigbluebutton/common2/redis/RedisAwareCommunicator.java
bigbluebutton,removed_BBB web,BBB web,bbb-common-web/src/main/java/org/bigbluebutton/api/ApiParams.java
bigbluebutton,removed_BBB web,BBB web,bbb-common-web/src/main/java/org/bigbluebutton/api/LearningDashboardService.java
bigbluebutton,removed_BBB web,BBB web,bbb-common-web/src/main/java/org/bigbluebutton/api/RecordingService.java
bigbluebutton,removed_BBB web,BBB web,bbb-common-web/src/main/java/org/bigbluebutton/api/Util.java
bigbluebutton,removed_BBB web,BBB web,bbb-common-web/src/main/java/org/bigbluebutton/api/domain/Breakout.java
bigbluebutton,removed_BBB web,BBB web,bbb-common-web/src/main/java/org/bigbluebutton/api/domain/BreakoutRoom.java
bigbluebutton,removed_BBB web,BBB web,bbb-common-web/src/main/java/org/bigbluebutton/api/domain/BreakoutRoomsParams.java
bigbluebutton,removed_BBB web,BBB web,bbb-common-web/src/main/java/org/bigbluebutton/api/domain/Config.java
bigbluebutton,removed_BBB web,BBB web,bbb-common-web/src/main/java/org/bigbluebutton/api/domain/Extension.java
bigbluebutton,removed_BBB web,BBB web,bbb-common-web/src/main/java/org/bigbluebutton/api/domain/Extensions.java
bigbluebutton,removed_BBB web,BBB web,bbb-common-web/src/main/java/org/bigbluebutton/api/domain/Group.java
bigbluebutton,removed_BBB web,BBB web,bbb-common-web/src/main/java/org/bigbluebutton/api/domain/GuestPolicy.java
bigbluebutton,removed_BBB web,BBB web,bbb-common-web/src/main/java/org/bigbluebutton/api/domain/Image.java
bigbluebutton,removed_BBB web,BBB web,bbb-common-web/src/main/java/org/bigbluebutton/api/domain/LockSettingsParams.java
bigbluebutton,removed_BBB web,BBB web,bbb-common-web/src/main/java/org/bigbluebutton/api/domain/MeetingInfo.java
bigbluebutton,removed_BBB web,BBB web,bbb-common-web/src/main/java/org/bigbluebutton/api/domain/MeetingLayout.java
bigbluebutton,removed_BBB web,BBB web,bbb-common-web/src/main/java/org/bigbluebutton/api/domain/Metadata.java
bigbluebutton,removed_BBB web,BBB web,bbb-common-web/src/main/java/org/bigbluebutton/api/domain/Playback.java
bigbluebutton,removed_BBB web,BBB web,bbb-common-web/src/main/java/org/bigbluebutton/api/domain/Preview.java
bigbluebutton,removed_BBB web,BBB web,bbb-common-web/src/main/java/org/bigbluebutton/api/domain/Recording.java
bigbluebutton,removed_BBB web,BBB web,bbb-common-web/src/main/java/org/bigbluebutton/api/domain/RecordingMetadata.java
bigbluebutton,removed_BBB web,BBB web,bbb-common-web/src/main/java/org/bigbluebutton/api/domain/RecordingMetadataPlayback.java
bigbluebutton,removed_BBB web,BBB web,bbb-common-web/src/main/java/org/bigbluebutton/api/domain/Recordings.java
bigbluebutton,removed_BBB web,BBB web,bbb-common-web/src/main/java/org/bigbluebutton/api/domain/RegisteredUser.java
bigbluebutton,removed_BBB web,BBB web,bbb-common-web/src/main/java/org/bigbluebutton/api/domain/User.java
bigbluebutton,removed_BBB web,BBB web,bbb-common-web/src/main/java/org/bigbluebutton/api/messaging/MessageListener.java
bigbluebutton,removed_BBB web,BBB web,bbb-common-web/src/main/java/org/bigbluebutton/api/messaging/ReceivedMessage.java
bigbluebutton,removed_BBB web,BBB web,bbb-common-web/src/main/java/org/bigbluebutton/api/messaging/converters/messages/DeletedRecordingMessage.java
bigbluebutton,removed_BBB web,BBB web,bbb-common-web/src/main/java/org/bigbluebutton/api/messaging/converters/messages/DestroyMeetingMessage.java
bigbluebutton,removed_BBB web,BBB web,bbb-common-web/src/main/java/org/bigbluebutton/api/messaging/converters/messages/KeepAliveMessage.java
bigbluebutton,removed_BBB web,BBB web,bbb-common-web/src/main/java/org/bigbluebutton/api/messaging/messages/RegisterUser.java
bigbluebutton,removed_BBB web,BBB web,bbb-common-web/src/main/java/org/bigbluebutton/api/messaging/messages/StunTurnInfoRequested.java
bigbluebutton,removed_BBB web,BBB web,bbb-common-web/src/main/java/org/bigbluebutton/api/messaging/messages/UserJoined.java
bigbluebutton,removed_BBB web,BBB web,bbb-common-web/src/main/java/org/bigbluebutton/api/messaging/messages/UserLeftVoice.java
bigbluebutton,removed_BBB web,BBB web,bbb-common-web/src/main/java/org/bigbluebutton/api/messaging/messages/UserStatusChanged.java
bigbluebutton,removed_BBB web,BBB web,bbb-common-web/src/main/java/org/bigbluebutton/api/model/constraint/GetChecksumConstraint.java
bigbluebutton,removed_BBB web,BBB web,bbb-common-web/src/main/java/org/bigbluebutton/api/model/constraint/IsBooleanConstraint.java
bigbluebutton,removed_BBB web,BBB web,bbb-common-web/src/main/java/org/bigbluebutton/api/model/constraint/IsIntegralConstraint.java
bigbluebutton,removed_BBB web,BBB web,bbb-common-web/src/main/java/org/bigbluebutton/api/model/constraint/MeetingIDConstraint.java
bigbluebutton,removed_BBB web,BBB web,bbb-common-web/src/main/java/org/bigbluebutton/api/model/constraint/NotEmpty.java
bigbluebutton,removed_BBB web,BBB web,bbb-common-web/src/main/java/org/bigbluebutton/api/model/constraint/NotNull.java
bigbluebutton,removed_BBB web,BBB web,bbb-common-web/src/main/java/org/bigbluebutton/api/model/constraint/PasswordConstraint.java
bigbluebutton,removed_BBB web,BBB web,bbb-common-web/src/main/java/org/bigbluebutton/api/model/constraint/Pattern.java
bigbluebutton,removed_BBB web,BBB web,bbb-common-web/src/main/java/org/bigbluebutton/api/model/constraint/PostChecksumConstraint.java
bigbluebutton,removed_BBB web,BBB web,bbb-common-web/src/main/java/org/bigbluebutton/api/model/constraint/Size.java
bigbluebutton,removed_BBB web,BBB web,bbb-common-web/src/main/java/org/bigbluebutton/api/model/constraint/UserSessionConstraint.java
bigbluebutton,removed_BBB web,BBB web,bbb-common-web/src/main/java/org/bigbluebutton/api/model/constraint/list/NotEmptyList.java
bigbluebutton,removed_BBB web,BBB web,bbb-common-web/src/main/java/org/bigbluebutton/api/model/constraint/list/NotNullList.java
bigbluebutton,removed_BBB web,BBB web,bbb-common-web/src/main/java/org/bigbluebutton/api/model/constraint/list/PatternList.java
bigbluebutton,removed_BBB web,BBB web,bbb-common-web/src/main/java/org/bigbluebutton/api/model/constraint/list/SizeList.java
bigbluebutton,removed_BBB web,BBB web,bbb-common-web/src/main/java/org/bigbluebutton/api/model/entity/CallbackData.java
bigbluebutton,removed_BBB web,BBB web,bbb-common-web/src/main/java/org/bigbluebutton/api/model/entity/Metadata.java
bigbluebutton,removed_BBB web,BBB web,bbb-common-web/src/main/java/org/bigbluebutton/api/model/entity/Recording.java
bigbluebutton,removed_BBB web,BBB web,bbb-common-web/src/main/java/org/bigbluebutton/api/model/entity/Thumbnail.java
bigbluebutton,removed_BBB web,BBB web,bbb-common-web/src/main/java/org/bigbluebutton/api/model/shared/Checksum.java
bigbluebutton,removed_BBB web,BBB web,bbb-common-web/src/main/java/org/bigbluebutton/api/model/shared/ChecksumValidationGroup.java
bigbluebutton,removed_BBB web,BBB web,bbb-common-web/src/main/java/org/bigbluebutton/api/model/shared/GetChecksum.java
bigbluebutton,removed_BBB web,BBB web,bbb-common-web/src/main/java/org/bigbluebutton/api/model/shared/JoinPassword.java
bigbluebutton,removed_BBB web,BBB web,bbb-common-web/src/main/java/org/bigbluebutton/api/model/shared/ModeratorPassword.java
bigbluebutton,removed_BBB web,BBB web,bbb-common-web/src/main/java/org/bigbluebutton/api/model/shared/Password.java
bigbluebutton,removed_BBB web,BBB web,bbb-common-web/src/main/java/org/bigbluebutton/api/model/validator/GetChecksumValidator.java
bigbluebutton,removed_BBB web,BBB web,bbb-common-web/src/main/java/org/bigbluebutton/api/model/validator/IsIntegralValidator.java
bigbluebutton,removed_BBB web,BBB web,bbb-common-web/src/main/java/org/bigbluebutton/api/model/validator/JoinPasswordValidator.java
bigbluebutton,removed_BBB web,BBB web,bbb-common-web/src/main/java/org/bigbluebutton/api/model/validator/MeetingEndedValidator.java
bigbluebutton,removed_BBB web,BBB web,bbb-common-web/src/main/java/org/bigbluebutton/api/model/validator/MeetingExistsValidator.java
bigbluebutton,removed_BBB web,BBB web,bbb-common-web/src/main/java/org/bigbluebutton/api/model/validator/PasswordValidator.java
bigbluebutton,removed_BBB web,BBB web,bbb-common-web/src/main/java/org/bigbluebutton/api/model/validator/UserSessionValidator.java
bigbluebutton,removed_BBB web,BBB web,bbb-common-web/src/main/java/org/bigbluebutton/api/service/ServiceUtils.java
bigbluebutton,removed_BBB web,BBB web,bbb-common-web/src/main/java/org/bigbluebutton/api/service/ValidationService.java
bigbluebutton,removed_BBB web,BBB web,bbb-common-web/src/main/java/org/bigbluebutton/api/service/impl/RecordingServiceDbImpl.java
bigbluebutton,removed_BBB web,BBB web,bbb-common-web/src/main/java/org/bigbluebutton/api/service/impl/RecordingServiceFileImpl.java
bigbluebutton,removed_BBB web,BBB web,bbb-common-web/src/main/java/org/bigbluebutton/api/service/impl/XmlServiceImpl.java
bigbluebutton,removed_BBB web,BBB web,bbb-common-web/src/main/java/org/bigbluebutton/api/util/DataStore.java
bigbluebutton,removed_BBB web,BBB web,bbb-common-web/src/main/java/org/bigbluebutton/api/util/HTML5ProcessLine.java
bigbluebutton,removed_BBB web,BBB web,bbb-common-web/src/main/java/org/bigbluebutton/api/util/MeetingResponseDetail.java
bigbluebutton,removed_BBB web,BBB web,bbb-common-web/src/main/java/org/bigbluebutton/api/util/MeetingsResponse.java
bigbluebutton,removed_BBB web,BBB web,bbb-common-web/src/main/java/org/bigbluebutton/api/util/ParamsUtil.java
bigbluebutton,removed_BBB web,BBB web,bbb-common-web/src/main/java/org/bigbluebutton/api/util/RecordingMetadataReaderHelper.java
bigbluebutton,removed_BBB web,BBB web,bbb-common-web/src/main/java/org/bigbluebutton/api2/IRecordingService.java
bigbluebutton,removed_BBB web,BBB web,bbb-common-web/src/main/java/org/bigbluebutton/api2/RecordingServiceGW.java
bigbluebutton,removed_BBB web,BBB web,bbb-common-web/src/main/java/org/bigbluebutton/api2/domain/DurationProp2.java
bigbluebutton,removed_BBB web,BBB web,bbb-common-web/src/main/java/org/bigbluebutton/api2/domain/RecordProp2.java
bigbluebutton,removed_BBB web,BBB web,bbb-common-web/src/main/java/org/bigbluebutton/api2/domain/VoiceProp2.java
bigbluebutton,removed_BBB web,BBB web,bbb-common-web/src/main/java/org/bigbluebutton/api2/domain/WelcomeProp2.java
bigbluebutton,removed_BBB web,BBB web,bbb-common-web/src/main/java/org/bigbluebutton/common/messages/MessageBuilder.java
bigbluebutton,removed_BBB web,BBB web,bbb-common-web/src/main/java/org/bigbluebutton/web/services/KeepAliveMessage.java
bigbluebutton,removed_BBB web,BBB web,bbb-common-web/src/main/java/org/bigbluebutton/web/services/KeepAlivePing.java
bigbluebutton,removed_BBB web,BBB web,bbb-common-web/src/main/java/org/bigbluebutton/web/services/KeepAlivePong.java
bigbluebutton,removed_BBB web,BBB web,bbb-common-web/src/main/java/org/bigbluebutton/web/services/UserCleanupTimerTask.java
bigbluebutton,removed_BBB web,BBB web,bbb-common-web/src/main/java/org/bigbluebutton/web/services/WaitingGuestCleanupTimerTask.java
bigbluebutton,removed_BBB web,BBB web,bbb-common-web/src/main/java/org/bigbluebutton/web/services/callback/CallbackUrlService.java
bigbluebutton,removed_BBB web,BBB web,bbb-common-web/src/main/java/org/bigbluebutton/web/services/callback/DelayCallback.java
bigbluebutton,removed_BBB web,BBB web,bbb-common-web/src/main/java/org/bigbluebutton/web/services/callback/ICallbackEvent.java
bigbluebutton,removed_BBB web,BBB web,bbb-common-web/src/main/java/org/bigbluebutton/web/services/callback/MeetingEndedEvent.java
bigbluebutton,removed_BBB web,BBB web,bbb-common-web/src/main/java/org/bigbluebutton/web/services/turn/RemoteIceCandidate.java
bigbluebutton,removed_BBB web,BBB web,bbb-common-web/src/main/java/org/bigbluebutton/web/services/turn/StunServer.java
bigbluebutton,removed_BBB web,BBB web,bbb-common-web/src/main/java/org/bigbluebutton/web/services/turn/StunTurnService.java
bigbluebutton,removed_BBB web,BBB web,bbb-common-web/src/main/java/org/bigbluebutton/web/services/turn/TurnEntry.java
bigbluebutton,removed_BBB web,BBB web,bbb-common-web/src/main/java/org/bigbluebutton/web/services/turn/TurnServer.java
bigbluebutton,removed_BBB web,BBB web,bbb-recording-imex/src/main/java/org/bigbluebutton/RecordingApp.java
bigbluebutton,removed_BBB web,BBB web,bbb-recording-imex/src/main/java/org/bigbluebutton/RecordingExportHandler.java
bigbluebutton,removed_BBB web,BBB web,bbb-recording-imex/src/main/java/org/bigbluebutton/RecordingImportHandler.java
bigbluebutton,removed_FreeSWITCH,FreeSWITCH,bbb-common-message/src/main/java/org/bigbluebutton/common2/redis/RedisStorageService.java
bigbluebutton,removed_FreeSWITCH,FreeSWITCH,bbb-common-web/src/main/java/org/bigbluebutton/api/domain/BreakoutRoomsParams.java
bigbluebutton,removed_FreeSWITCH,FreeSWITCH,bbb-common-web/src/main/java/org/bigbluebutton/api/domain/Playback.java
bigbluebutton,removed_FreeSWITCH,FreeSWITCH,bbb-common-web/src/main/java/org/bigbluebutton/api/messaging/MessagingService.java
bigbluebutton,removed_FreeSWITCH,FreeSWITCH,bbb-common-web/src/main/java/org/bigbluebutton/api/messaging/messages/UserLockedInMeeting.java
bigbluebutton,removed_FreeSWITCH,FreeSWITCH,bbb-common-web/src/main/java/org/bigbluebutton/common/messages/BbbAppsIsAliveMessage.java
bigbluebutton,removed_FreeSWITCH,FreeSWITCH,bbb-common-web/src/main/java/org/bigbluebutton/common/messages/MessageBuilder.java
bigbluebutton,removed_FreeSWITCH,FreeSWITCH,bbb-recording-imex/src/main/java/org/bigbluebutton/RecordingApp.java
bigbluebutton,removed_FreeSWITCH,FreeSWITCH,bbb-recording-imex/src/main/java/org/bigbluebutton/RecordingExportHandler.java
bigbluebutton,removed_FreeSWITCH,FreeSWITCH,bbb-recording-imex/src/main/java/org/bigbluebutton/RecordingImportHandler.java
bigbluebutton,removed_FreeSWITCH,FreeSWITCH,bigbluebutton-web/pres-checker/src/main/java/org/bigbluebutton/prescheck/Main.java
bigbluebutton,removed_FSESL,FSESL,bbb-common-web/src/main/java/org/bigbluebutton/api/domain/Image.java
bigbluebutton,removed_FSESL,FSESL,bbb-common-web/src/main/java/org/bigbluebutton/api/messaging/ReceivedMessage.java
bigbluebutton,removed_FSESL,FSESL,bbb-common-web/src/main/java/org/bigbluebutton/api/messaging/converters/messages/EndMeetingMessage.java
bigbluebutton,removed_FSESL,FSESL,bbb-common-web/src/main/java/org/bigbluebutton/api/messaging/messages/MeetingEnded.java
bigbluebutton,removed_FSESL,FSESL,bbb-common-web/src/main/java/org/bigbluebutton/api/messaging/messages/UserUnsharedWebcam.java
bigbluebutton,removed_FSESL,FSESL,bbb-common-web/src/main/java/org/bigbluebutton/api2/domain/UsersProp2.java
bigbluebutton,removed_FSESL,FSESL,bbb-fsesl-client/src/main/java/org/freeswitch/esl/client/example/ExampleClient.java
bigbluebutton,removed_FSESL,FSESL,bbb-recording-imex/src/main/java/org/bigbluebutton/RecordingApp.java
bigbluebutton,removed_FSESL,FSESL,bbb-recording-imex/src/main/java/org/bigbluebutton/RecordingExportHandler.java
bigbluebutton,removed_FSESL,FSESL,bbb-recording-imex/src/main/java/org/bigbluebutton/RecordingImportHandler.java
bigbluebutton,removed_FSESL,FSESL,bigbluebutton-web/pres-checker/src/main/java/org/bigbluebutton/prescheck/Main.java
bigbluebutton,removed_Presentation Conversion,Presentation Conversion,akka-bbb-fsesl/src/main/java/org/bigbluebutton/freeswitch/voice/events/FreeswitchHeartbeatEvent.java
bigbluebutton,removed_Presentation Conversion,Presentation Conversion,bbb-common-web/src/main/java/org/bigbluebutton/api/domain/Extensions.java
bigbluebutton,removed_Presentation Conversion,Presentation Conversion,bbb-common-web/src/main/java/org/bigbluebutton/common/messages/MessageBuilder.java
bigbluebutton,removed_Presentation Conversion,Presentation Conversion,bbb-common-web/src/main/java/org/bigbluebutton/presentation/Page.java
bigbluebutton,removed_Presentation Conversion,Presentation Conversion,bbb-common-web/src/main/java/org/bigbluebutton/presentation/Util.java
bigbluebutton,removed_Presentation Conversion,Presentation Conversion,bbb-common-web/src/main/java/org/bigbluebutton/presentation/imp/TextFileCreatorImp.java
bigbluebutton,removed_Presentation Conversion,Presentation Conversion,bbb-recording-imex/src/main/java/org/bigbluebutton/RecordingApp.java
bigbluebutton,removed_Presentation Conversion,Presentation Conversion,bbb-recording-imex/src/main/java/org/bigbluebutton/RecordingExportHandler.java
bigbluebutton,removed_Presentation Conversion,Presentation Conversion,bbb-recording-imex/src/main/java/org/bigbluebutton/RecordingImportHandler.java
bigbluebutton,removed_Presentation Conversion,Presentation Conversion,bigbluebutton-web/pres-checker/src/main/java/org/bigbluebutton/prescheck/Main.java
bigbluebutton,removed_Redis DB,Redis DB,bbb-common-web/src/main/java/org/bigbluebutton/api/IReceivedOldMessageHandler.java
bigbluebutton,removed_Redis DB,Redis DB,bbb-common-web/src/main/java/org/bigbluebutton/api/domain/Image.java
bigbluebutton,removed_Redis DB,Redis DB,bbb-common-web/src/main/java/org/bigbluebutton/api/domain/Playback.java
bigbluebutton,removed_Redis DB,Redis DB,bbb-common-web/src/main/java/org/bigbluebutton/api/messaging/converters/messages/KeepAliveMessage.java
bigbluebutton,removed_Redis DB,Redis DB,bbb-common-web/src/main/java/org/bigbluebutton/api/messaging/messages/StunTurnInfoRequested.java
bigbluebutton,removed_Redis DB,Redis DB,bbb-common-web/src/main/java/org/bigbluebutton/api/messaging/messages/UserLockedInMeeting.java
bigbluebutton,removed_Redis DB,Redis DB,bbb-common-web/src/main/java/org/bigbluebutton/api/messaging/messages/UserRoleChanged.java
bigbluebutton,removed_Redis DB,Redis DB,bbb-common-web/src/main/java/org/bigbluebutton/api/messaging/messages/UserSharedWebcam.java
bigbluebutton,removed_Redis DB,Redis DB,bbb-common-web/src/main/java/org/bigbluebutton/api2/domain/MeetingProp2.java
bigbluebutton,removed_Redis DB,Redis DB,bbb-common-web/src/main/java/org/bigbluebutton/presentation/handlers/AbstractCommandHandler.java
bigbluebutton,removed_Redis DB,Redis DB,bbb-common-web/src/main/java/org/bigbluebutton/web/services/turn/TurnEntry.java
bigbluebutton,removed_Redis DB,Redis DB,bbb-recording-imex/src/main/java/org/bigbluebutton/RecordingApp.java
bigbluebutton,removed_Redis DB,Redis DB,bbb-recording-imex/src/main/java/org/bigbluebutton/RecordingExportHandler.java
bigbluebutton,removed_Redis DB,Redis DB,bbb-recording-imex/src/main/java/org/bigbluebutton/RecordingImportHandler.java
bigbluebutton,removed_Redis DB,Redis DB,bigbluebutton-web/pres-checker/src/main/java/org/bigbluebutton/prescheck/Main.java
bigbluebutton,removed_Redis PubSub,Redis PubSub,bbb-common-message/src/main/java/org/bigbluebutton/common2/redis/RedisAwareCommunicator.java
bigbluebutton,removed_Redis PubSub,Redis PubSub,bbb-common-message/src/main/java/org/bigbluebutton/common2/redis/pubsub/MessageReceiver.java
bigbluebutton,removed_Redis PubSub,Redis PubSub,bbb-common-message/src/main/java/org/bigbluebutton/common2/redis/pubsub/ReceivedMessage.java
bigbluebutton,removed_Redis PubSub,Redis PubSub,bbb-common-message/src/main/java/org/bigbluebutton/common2/redis/pubsub/ReceivedMessageHandler.java
bigbluebutton,removed_Redis PubSub,Redis PubSub,bbb-common-web/src/main/java/org/bigbluebutton/api/messaging/MessageDistributor.java
bigbluebutton,removed_Redis PubSub,Redis PubSub,bbb-common-web/src/main/java/org/bigbluebutton/api/messaging/ReceivedMessage.java
bigbluebutton,removed_Redis PubSub,Redis PubSub,bbb-common-web/src/main/java/org/bigbluebutton/api2/domain/WelcomeProp2.java
bigbluebutton,removed_Redis PubSub,Redis PubSub,bbb-common-web/src/main/java/org/bigbluebutton/common/messages/BbbAppsIsAliveMessage.java
bigbluebutton,removed_Redis PubSub,Redis PubSub,bbb-common-web/src/main/java/org/bigbluebutton/web/services/turn/TurnEntry.java
bigbluebutton,removed_Redis PubSub,Redis PubSub,bbb-recording-imex/src/main/java/org/bigbluebutton/RecordingApp.java
bigbluebutton,removed_Redis PubSub,Redis PubSub,bbb-recording-imex/src/main/java/org/bigbluebutton/RecordingExportHandler.java
bigbluebutton,removed_Redis PubSub,Redis PubSub,bbb-recording-imex/src/main/java/org/bigbluebutton/RecordingImportHandler.java
bigbluebutton,removed_Redis PubSub,Redis PubSub,bigbluebutton-web/pres-checker/src/main/java/org/bigbluebutton/prescheck/Main.java
hadoop,removed_YARN,YARN,hadoop-common-project/hadoop-common/src/main/java/org/apache/hadoop/fs/kfs/KFSOutputStream.java
hadoop,removed_YARN,YARN,hadoop-common-project/hadoop-common/src/main/java/org/apache/hadoop/record/BinaryRecordOutput.java
hadoop,removed_YARN,YARN,hadoop-common-project/hadoop-common/src/main/java/org/apache/hadoop/record/compiler/ant/RccTask.java
hadoop,removed_YARN,YARN,hadoop-common-project/hadoop-common/src/main/java/org/apache/hadoop/record/compiler/generated/SimpleCharStream.java
hadoop,removed_YARN,YARN,hadoop-hdfs-project/hadoop-hdfs/src/ant/org/apache/hadoop/ant/DfsTask.java
hadoop,removed_YARN,YARN,hadoop-hdfs-project/hadoop-hdfs/src/ant/org/apache/hadoop/ant/condition/DfsBaseConditional.java
hadoop,removed_YARN,YARN,hadoop-hdfs-project/hadoop-hdfs/src/ant/org/apache/hadoop/ant/condition/DfsExists.java
hadoop,removed_YARN,YARN,hadoop-hdfs-project/hadoop-hdfs/src/ant/org/apache/hadoop/ant/condition/DfsIsDir.java
hadoop,removed_YARN,YARN,hadoop-hdfs-project/hadoop-hdfs/src/ant/org/apache/hadoop/ant/condition/DfsZeroLen.java
hadoop,removed_YARN,YARN,hadoop-mapreduce-project/hadoop-yarn/hadoop-yarn-api/src/main/java/org/apache/hadoop/yarn/api/AMRMProtocol.java
hadoop,removed_YARN,YARN,hadoop-mapreduce-project/hadoop-yarn/hadoop-yarn-api/src/main/java/org/apache/hadoop/yarn/api/ApplicationConstants.java
hadoop,removed_YARN,YARN,hadoop-mapreduce-project/hadoop-yarn/hadoop-yarn-api/src/main/java/org/apache/hadoop/yarn/api/ClientRMProtocol.java
hadoop,removed_YARN,YARN,hadoop-mapreduce-project/hadoop-yarn/hadoop-yarn-api/src/main/java/org/apache/hadoop/yarn/api/ContainerManager.java
hadoop,removed_YARN,YARN,hadoop-mapreduce-project/hadoop-yarn/hadoop-yarn-api/src/main/java/org/apache/hadoop/yarn/api/protocolrecords/AllocateRequest.java
hadoop,removed_YARN,YARN,hadoop-mapreduce-project/hadoop-yarn/hadoop-yarn-api/src/main/java/org/apache/hadoop/yarn/api/protocolrecords/AllocateResponse.java
hadoop,removed_YARN,YARN,hadoop-mapreduce-project/hadoop-yarn/hadoop-yarn-api/src/main/java/org/apache/hadoop/yarn/api/protocolrecords/FinishApplicationMasterRequest.java
hadoop,removed_YARN,YARN,hadoop-mapreduce-project/hadoop-yarn/hadoop-yarn-api/src/main/java/org/apache/hadoop/yarn/api/protocolrecords/FinishApplicationMasterResponse.java
hadoop,removed_YARN,YARN,hadoop-mapreduce-project/hadoop-yarn/hadoop-yarn-api/src/main/java/org/apache/hadoop/yarn/api/protocolrecords/GetAllApplicationsRequest.java
hadoop,removed_YARN,YARN,hadoop-mapreduce-project/hadoop-yarn/hadoop-yarn-api/src/main/java/org/apache/hadoop/yarn/api/protocolrecords/GetAllApplicationsResponse.java
hadoop,removed_YARN,YARN,hadoop-mapreduce-project/hadoop-yarn/hadoop-yarn-api/src/main/java/org/apache/hadoop/yarn/api/protocolrecords/GetApplicationReportRequest.java
hadoop,removed_YARN,YARN,hadoop-mapreduce-project/hadoop-yarn/hadoop-yarn-api/src/main/java/org/apache/hadoop/yarn/api/protocolrecords/GetApplicationReportResponse.java
hadoop,removed_YARN,YARN,hadoop-mapreduce-project/hadoop-yarn/hadoop-yarn-api/src/main/java/org/apache/hadoop/yarn/api/protocolrecords/GetClusterMetricsRequest.java
hadoop,removed_YARN,YARN,hadoop-mapreduce-project/hadoop-yarn/hadoop-yarn-api/src/main/java/org/apache/hadoop/yarn/api/protocolrecords/GetClusterMetricsResponse.java
hadoop,removed_YARN,YARN,hadoop-mapreduce-project/hadoop-yarn/hadoop-yarn-api/src/main/java/org/apache/hadoop/yarn/api/protocolrecords/GetClusterNodesRequest.java
hadoop,removed_YARN,YARN,hadoop-mapreduce-project/hadoop-yarn/hadoop-yarn-api/src/main/java/org/apache/hadoop/yarn/api/protocolrecords/GetClusterNodesResponse.java
hadoop,removed_YARN,YARN,hadoop-mapreduce-project/hadoop-yarn/hadoop-yarn-api/src/main/java/org/apache/hadoop/yarn/api/protocolrecords/GetContainerStatusRequest.java
hadoop,removed_YARN,YARN,hadoop-mapreduce-project/hadoop-yarn/hadoop-yarn-api/src/main/java/org/apache/hadoop/yarn/api/protocolrecords/GetContainerStatusResponse.java
hadoop,removed_YARN,YARN,hadoop-mapreduce-project/hadoop-yarn/hadoop-yarn-api/src/main/java/org/apache/hadoop/yarn/api/protocolrecords/GetNewApplicationRequest.java
hadoop,removed_YARN,YARN,hadoop-mapreduce-project/hadoop-yarn/hadoop-yarn-api/src/main/java/org/apache/hadoop/yarn/api/protocolrecords/GetNewApplicationResponse.java
hadoop,removed_YARN,YARN,hadoop-mapreduce-project/hadoop-yarn/hadoop-yarn-api/src/main/java/org/apache/hadoop/yarn/api/protocolrecords/GetQueueInfoRequest.java
hadoop,removed_YARN,YARN,hadoop-mapreduce-project/hadoop-yarn/hadoop-yarn-api/src/main/java/org/apache/hadoop/yarn/api/protocolrecords/GetQueueInfoResponse.java
hadoop,removed_YARN,YARN,hadoop-mapreduce-project/hadoop-yarn/hadoop-yarn-api/src/main/java/org/apache/hadoop/yarn/api/protocolrecords/GetQueueUserAclsInfoRequest.java
hadoop,removed_YARN,YARN,hadoop-mapreduce-project/hadoop-yarn/hadoop-yarn-api/src/main/java/org/apache/hadoop/yarn/api/protocolrecords/GetQueueUserAclsInfoResponse.java
hadoop,removed_YARN,YARN,hadoop-mapreduce-project/hadoop-yarn/hadoop-yarn-api/src/main/java/org/apache/hadoop/yarn/api/protocolrecords/KillApplicationRequest.java
hadoop,removed_YARN,YARN,hadoop-mapreduce-project/hadoop-yarn/hadoop-yarn-api/src/main/java/org/apache/hadoop/yarn/api/protocolrecords/KillApplicationResponse.java
hadoop,removed_YARN,YARN,hadoop-mapreduce-project/hadoop-yarn/hadoop-yarn-api/src/main/java/org/apache/hadoop/yarn/api/protocolrecords/RegisterApplicationMasterRequest.java
hadoop,removed_YARN,YARN,hadoop-mapreduce-project/hadoop-yarn/hadoop-yarn-api/src/main/java/org/apache/hadoop/yarn/api/protocolrecords/RegisterApplicationMasterResponse.java
hadoop,removed_YARN,YARN,hadoop-mapreduce-project/hadoop-yarn/hadoop-yarn-api/src/main/java/org/apache/hadoop/yarn/api/protocolrecords/StartContainerRequest.java
hadoop,removed_YARN,YARN,hadoop-mapreduce-project/hadoop-yarn/hadoop-yarn-api/src/main/java/org/apache/hadoop/yarn/api/protocolrecords/StartContainerResponse.java
hadoop,removed_YARN,YARN,hadoop-mapreduce-project/hadoop-yarn/hadoop-yarn-api/src/main/java/org/apache/hadoop/yarn/api/protocolrecords/StopContainerRequest.java
hadoop,removed_YARN,YARN,hadoop-mapreduce-project/hadoop-yarn/hadoop-yarn-api/src/main/java/org/apache/hadoop/yarn/api/protocolrecords/StopContainerResponse.java
hadoop,removed_YARN,YARN,hadoop-mapreduce-project/hadoop-yarn/hadoop-yarn-api/src/main/java/org/apache/hadoop/yarn/api/protocolrecords/SubmitApplicationRequest.java
hadoop,removed_YARN,YARN,hadoop-mapreduce-project/hadoop-yarn/hadoop-yarn-api/src/main/java/org/apache/hadoop/yarn/api/protocolrecords/SubmitApplicationResponse.java
hadoop,removed_YARN,YARN,hadoop-mapreduce-project/hadoop-yarn/hadoop-yarn-api/src/main/java/org/apache/hadoop/yarn/api/protocolrecords/impl/pb/AllocateRequestPBImpl.java
hadoop,removed_YARN,YARN,hadoop-mapreduce-project/hadoop-yarn/hadoop-yarn-api/src/main/java/org/apache/hadoop/yarn/api/protocolrecords/impl/pb/AllocateResponsePBImpl.java
hadoop,removed_YARN,YARN,hadoop-mapreduce-project/hadoop-yarn/hadoop-yarn-api/src/main/java/org/apache/hadoop/yarn/api/protocolrecords/impl/pb/FinishApplicationMasterRequestPBImpl.java
hadoop,removed_YARN,YARN,hadoop-mapreduce-project/hadoop-yarn/hadoop-yarn-api/src/main/java/org/apache/hadoop/yarn/api/protocolrecords/impl/pb/FinishApplicationMasterResponsePBImpl.java
hadoop,removed_YARN,YARN,hadoop-mapreduce-project/hadoop-yarn/hadoop-yarn-api/src/main/java/org/apache/hadoop/yarn/api/protocolrecords/impl/pb/GetAllApplicationsRequestPBImpl.java
hadoop,removed_YARN,YARN,hadoop-mapreduce-project/hadoop-yarn/hadoop-yarn-api/src/main/java/org/apache/hadoop/yarn/api/protocolrecords/impl/pb/GetAllApplicationsResponsePBImpl.java
hadoop,removed_YARN,YARN,hadoop-mapreduce-project/hadoop-yarn/hadoop-yarn-api/src/main/java/org/apache/hadoop/yarn/api/protocolrecords/impl/pb/GetApplicationReportRequestPBImpl.java
hadoop,removed_YARN,YARN,hadoop-mapreduce-project/hadoop-yarn/hadoop-yarn-api/src/main/java/org/apache/hadoop/yarn/api/protocolrecords/impl/pb/GetApplicationReportResponsePBImpl.java
hadoop,removed_YARN,YARN,hadoop-mapreduce-project/hadoop-yarn/hadoop-yarn-api/src/main/java/org/apache/hadoop/yarn/api/protocolrecords/impl/pb/GetClusterMetricsRequestPBImpl.java
hadoop,removed_YARN,YARN,hadoop-mapreduce-project/hadoop-yarn/hadoop-yarn-api/src/main/java/org/apache/hadoop/yarn/api/protocolrecords/impl/pb/GetClusterMetricsResponsePBImpl.java
hadoop,removed_YARN,YARN,hadoop-mapreduce-project/hadoop-yarn/hadoop-yarn-api/src/main/java/org/apache/hadoop/yarn/api/protocolrecords/impl/pb/GetClusterNodesRequestPBImpl.java
hadoop,removed_YARN,YARN,hadoop-mapreduce-project/hadoop-yarn/hadoop-yarn-api/src/main/java/org/apache/hadoop/yarn/api/protocolrecords/impl/pb/GetClusterNodesResponsePBImpl.java
hadoop,removed_YARN,YARN,hadoop-mapreduce-project/hadoop-yarn/hadoop-yarn-api/src/main/java/org/apache/hadoop/yarn/api/protocolrecords/impl/pb/GetContainerStatusRequestPBImpl.java
hadoop,removed_YARN,YARN,hadoop-mapreduce-project/hadoop-yarn/hadoop-yarn-api/src/main/java/org/apache/hadoop/yarn/api/protocolrecords/impl/pb/GetContainerStatusResponsePBImpl.java
hadoop,removed_YARN,YARN,hadoop-mapreduce-project/hadoop-yarn/hadoop-yarn-api/src/main/java/org/apache/hadoop/yarn/api/protocolrecords/impl/pb/GetNewApplicationRequestPBImpl.java
hadoop,removed_YARN,YARN,hadoop-mapreduce-project/hadoop-yarn/hadoop-yarn-api/src/main/java/org/apache/hadoop/yarn/api/protocolrecords/impl/pb/GetNewApplicationResponsePBImpl.java
hadoop,removed_YARN,YARN,hadoop-mapreduce-project/hadoop-yarn/hadoop-yarn-api/src/main/java/org/apache/hadoop/yarn/api/protocolrecords/impl/pb/GetQueueInfoRequestPBImpl.java
hadoop,removed_YARN,YARN,hadoop-mapreduce-project/hadoop-yarn/hadoop-yarn-api/src/main/java/org/apache/hadoop/yarn/api/protocolrecords/impl/pb/GetQueueInfoResponsePBImpl.java
hadoop,removed_YARN,YARN,hadoop-mapreduce-project/hadoop-yarn/hadoop-yarn-api/src/main/java/org/apache/hadoop/yarn/api/protocolrecords/impl/pb/GetQueueUserAclsInfoRequestPBImpl.java
hadoop,removed_YARN,YARN,hadoop-mapreduce-project/hadoop-yarn/hadoop-yarn-api/src/main/java/org/apache/hadoop/yarn/api/protocolrecords/impl/pb/GetQueueUserAclsInfoResponsePBImpl.java
hadoop,removed_YARN,YARN,hadoop-mapreduce-project/hadoop-yarn/hadoop-yarn-api/src/main/java/org/apache/hadoop/yarn/api/protocolrecords/impl/pb/KillApplicationRequestPBImpl.java
hadoop,removed_YARN,YARN,hadoop-mapreduce-project/hadoop-yarn/hadoop-yarn-api/src/main/java/org/apache/hadoop/yarn/api/protocolrecords/impl/pb/KillApplicationResponsePBImpl.java
hadoop,removed_YARN,YARN,hadoop-mapreduce-project/hadoop-yarn/hadoop-yarn-api/src/main/java/org/apache/hadoop/yarn/api/protocolrecords/impl/pb/RegisterApplicationMasterRequestPBImpl.java
hadoop,removed_YARN,YARN,hadoop-mapreduce-project/hadoop-yarn/hadoop-yarn-api/src/main/java/org/apache/hadoop/yarn/api/protocolrecords/impl/pb/RegisterApplicationMasterResponsePBImpl.java
hadoop,removed_YARN,YARN,hadoop-mapreduce-project/hadoop-yarn/hadoop-yarn-api/src/main/java/org/apache/hadoop/yarn/api/protocolrecords/impl/pb/StartContainerRequestPBImpl.java
hadoop,removed_YARN,YARN,hadoop-mapreduce-project/hadoop-yarn/hadoop-yarn-api/src/main/java/org/apache/hadoop/yarn/api/protocolrecords/impl/pb/StartContainerResponsePBImpl.java
hadoop,removed_YARN,YARN,hadoop-mapreduce-project/hadoop-yarn/hadoop-yarn-api/src/main/java/org/apache/hadoop/yarn/api/protocolrecords/impl/pb/StopContainerRequestPBImpl.java
hadoop,removed_YARN,YARN,hadoop-mapreduce-project/hadoop-yarn/hadoop-yarn-api/src/main/java/org/apache/hadoop/yarn/api/protocolrecords/impl/pb/SubmitApplicationRequestPBImpl.java
hadoop,removed_YARN,YARN,hadoop-mapreduce-project/hadoop-yarn/hadoop-yarn-api/src/main/java/org/apache/hadoop/yarn/api/protocolrecords/impl/pb/SubmitApplicationResponsePBImpl.java
hadoop,removed_YARN,YARN,hadoop-mapreduce-project/hadoop-yarn/hadoop-yarn-api/src/main/java/org/apache/hadoop/yarn/api/protocolrecords/impl/pb/package-info.java
hadoop,removed_YARN,YARN,hadoop-mapreduce-project/hadoop-yarn/hadoop-yarn-api/src/main/java/org/apache/hadoop/yarn/api/records/AMResponse.java
hadoop,removed_YARN,YARN,hadoop-mapreduce-project/hadoop-yarn/hadoop-yarn-api/src/main/java/org/apache/hadoop/yarn/api/records/ApplicationAccessType.java
hadoop,removed_YARN,YARN,hadoop-mapreduce-project/hadoop-yarn/hadoop-yarn-api/src/main/java/org/apache/hadoop/yarn/api/records/ApplicationAttemptId.java
hadoop,removed_YARN,YARN,hadoop-mapreduce-project/hadoop-yarn/hadoop-yarn-api/src/main/java/org/apache/hadoop/yarn/api/records/ApplicationId.java
hadoop,removed_YARN,YARN,hadoop-mapreduce-project/hadoop-yarn/hadoop-yarn-api/src/main/java/org/apache/hadoop/yarn/api/records/ApplicationMaster.java
hadoop,removed_YARN,YARN,hadoop-mapreduce-project/hadoop-yarn/hadoop-yarn-api/src/main/java/org/apache/hadoop/yarn/api/records/ApplicationReport.java
hadoop,removed_YARN,YARN,hadoop-mapreduce-project/hadoop-yarn/hadoop-yarn-api/src/main/java/org/apache/hadoop/yarn/api/records/ApplicationResourceUsageReport.java
hadoop,removed_YARN,YARN,hadoop-mapreduce-project/hadoop-yarn/hadoop-yarn-api/src/main/java/org/apache/hadoop/yarn/api/records/ApplicationStatus.java
hadoop,removed_YARN,YARN,hadoop-mapreduce-project/hadoop-yarn/hadoop-yarn-api/src/main/java/org/apache/hadoop/yarn/api/records/ApplicationSubmissionContext.java
hadoop,removed_YARN,YARN,hadoop-mapreduce-project/hadoop-yarn/hadoop-yarn-api/src/main/java/org/apache/hadoop/yarn/api/records/Container.java
hadoop,removed_YARN,YARN,hadoop-mapreduce-project/hadoop-yarn/hadoop-yarn-api/src/main/java/org/apache/hadoop/yarn/api/records/ContainerId.java
hadoop,removed_YARN,YARN,hadoop-mapreduce-project/hadoop-yarn/hadoop-yarn-api/src/main/java/org/apache/hadoop/yarn/api/records/ContainerLaunchContext.java
hadoop,removed_YARN,YARN,hadoop-mapreduce-project/hadoop-yarn/hadoop-yarn-api/src/main/java/org/apache/hadoop/yarn/api/records/ContainerState.java
hadoop,removed_YARN,YARN,hadoop-mapreduce-project/hadoop-yarn/hadoop-yarn-api/src/main/java/org/apache/hadoop/yarn/api/records/ContainerStatus.java
hadoop,removed_YARN,YARN,hadoop-mapreduce-project/hadoop-yarn/hadoop-yarn-api/src/main/java/org/apache/hadoop/yarn/api/records/ContainerToken.java
hadoop,removed_YARN,YARN,hadoop-mapreduce-project/hadoop-yarn/hadoop-yarn-api/src/main/java/org/apache/hadoop/yarn/api/records/FinalApplicationStatus.java
hadoop,removed_YARN,YARN,hadoop-mapreduce-project/hadoop-yarn/hadoop-yarn-api/src/main/java/org/apache/hadoop/yarn/api/records/LocalResource.java
hadoop,removed_YARN,YARN,hadoop-mapreduce-project/hadoop-yarn/hadoop-yarn-api/src/main/java/org/apache/hadoop/yarn/api/records/LocalResourceType.java
hadoop,removed_YARN,YARN,hadoop-mapreduce-project/hadoop-yarn/hadoop-yarn-api/src/main/java/org/apache/hadoop/yarn/api/records/NodeHealthStatus.java
hadoop,removed_YARN,YARN,hadoop-mapreduce-project/hadoop-yarn/hadoop-yarn-api/src/main/java/org/apache/hadoop/yarn/api/records/NodeId.java
hadoop,removed_YARN,YARN,hadoop-mapreduce-project/hadoop-yarn/hadoop-yarn-api/src/main/java/org/apache/hadoop/yarn/api/records/NodeReport.java
hadoop,removed_YARN,YARN,hadoop-mapreduce-project/hadoop-yarn/hadoop-yarn-api/src/main/java/org/apache/hadoop/yarn/api/records/Priority.java
hadoop,removed_YARN,YARN,hadoop-mapreduce-project/hadoop-yarn/hadoop-yarn-api/src/main/java/org/apache/hadoop/yarn/api/records/ProtoBase.java
hadoop,removed_YARN,YARN,hadoop-mapreduce-project/hadoop-yarn/hadoop-yarn-api/src/main/java/org/apache/hadoop/yarn/api/records/QueueACL.java
hadoop,removed_YARN,YARN,hadoop-mapreduce-project/hadoop-yarn/hadoop-yarn-api/src/main/java/org/apache/hadoop/yarn/api/records/QueueInfo.java
hadoop,removed_YARN,YARN,hadoop-mapreduce-project/hadoop-yarn/hadoop-yarn-api/src/main/java/org/apache/hadoop/yarn/api/records/QueueState.java
hadoop,removed_YARN,YARN,hadoop-mapreduce-project/hadoop-yarn/hadoop-yarn-api/src/main/java/org/apache/hadoop/yarn/api/records/Resource.java
hadoop,removed_YARN,YARN,hadoop-mapreduce-project/hadoop-yarn/hadoop-yarn-api/src/main/java/org/apache/hadoop/yarn/api/records/ResourceRequest.java
hadoop,removed_YARN,YARN,hadoop-mapreduce-project/hadoop-yarn/hadoop-yarn-api/src/main/java/org/apache/hadoop/yarn/api/records/URL.java
hadoop,removed_YARN,YARN,hadoop-mapreduce-project/hadoop-yarn/hadoop-yarn-api/src/main/java/org/apache/hadoop/yarn/api/records/YarnApplicationState.java
hadoop,removed_YARN,YARN,hadoop-mapreduce-project/hadoop-yarn/hadoop-yarn-api/src/main/java/org/apache/hadoop/yarn/api/records/YarnClusterMetrics.java
hadoop,removed_YARN,YARN,hadoop-mapreduce-project/hadoop-yarn/hadoop-yarn-api/src/main/java/org/apache/hadoop/yarn/api/records/impl/pb/AMResponsePBImpl.java
hadoop,removed_YARN,YARN,hadoop-mapreduce-project/hadoop-yarn/hadoop-yarn-api/src/main/java/org/apache/hadoop/yarn/api/records/impl/pb/ApplicationIdPBImpl.java
hadoop,removed_YARN,YARN,hadoop-mapreduce-project/hadoop-yarn/hadoop-yarn-api/src/main/java/org/apache/hadoop/yarn/api/records/impl/pb/ApplicationMasterPBImpl.java
hadoop,removed_YARN,YARN,hadoop-mapreduce-project/hadoop-yarn/hadoop-yarn-api/src/main/java/org/apache/hadoop/yarn/api/records/impl/pb/ApplicationReportPBImpl.java
hadoop,removed_YARN,YARN,hadoop-mapreduce-project/hadoop-yarn/hadoop-yarn-api/src/main/java/org/apache/hadoop/yarn/api/records/impl/pb/ApplicationResourceUsageReportPBImpl.java
hadoop,removed_YARN,YARN,hadoop-mapreduce-project/hadoop-yarn/hadoop-yarn-api/src/main/java/org/apache/hadoop/yarn/api/records/impl/pb/ApplicationStatusPBImpl.java
hadoop,removed_YARN,YARN,hadoop-mapreduce-project/hadoop-yarn/hadoop-yarn-api/src/main/java/org/apache/hadoop/yarn/api/records/impl/pb/ApplicationSubmissionContextPBImpl.java
hadoop,removed_YARN,YARN,hadoop-mapreduce-project/hadoop-yarn/hadoop-yarn-api/src/main/java/org/apache/hadoop/yarn/api/records/impl/pb/ContainerIdPBImpl.java
hadoop,removed_YARN,YARN,hadoop-mapreduce-project/hadoop-yarn/hadoop-yarn-api/src/main/java/org/apache/hadoop/yarn/api/records/impl/pb/ContainerPBImpl.java
hadoop,removed_YARN,YARN,hadoop-mapreduce-project/hadoop-yarn/hadoop-yarn-api/src/main/java/org/apache/hadoop/yarn/api/records/impl/pb/ContainerStatusPBImpl.java
hadoop,removed_YARN,YARN,hadoop-mapreduce-project/hadoop-yarn/hadoop-yarn-api/src/main/java/org/apache/hadoop/yarn/api/records/impl/pb/ContainerTokenPBImpl.java
hadoop,removed_YARN,YARN,hadoop-mapreduce-project/hadoop-yarn/hadoop-yarn-api/src/main/java/org/apache/hadoop/yarn/api/records/impl/pb/LocalResourcePBImpl.java
hadoop,removed_YARN,YARN,hadoop-mapreduce-project/hadoop-yarn/hadoop-yarn-api/src/main/java/org/apache/hadoop/yarn/api/records/impl/pb/NodeHealthStatusPBImpl.java
hadoop,removed_YARN,YARN,hadoop-mapreduce-project/hadoop-yarn/hadoop-yarn-api/src/main/java/org/apache/hadoop/yarn/api/records/impl/pb/NodeIdPBImpl.java
hadoop,removed_YARN,YARN,hadoop-mapreduce-project/hadoop-yarn/hadoop-yarn-api/src/main/java/org/apache/hadoop/yarn/api/records/impl/pb/NodeReportPBImpl.java
hadoop,removed_YARN,YARN,hadoop-mapreduce-project/hadoop-yarn/hadoop-yarn-api/src/main/java/org/apache/hadoop/yarn/api/records/impl/pb/PriorityPBImpl.java
hadoop,removed_YARN,YARN,hadoop-mapreduce-project/hadoop-yarn/hadoop-yarn-api/src/main/java/org/apache/hadoop/yarn/api/records/impl/pb/QueueInfoPBImpl.java
hadoop,removed_YARN,YARN,hadoop-mapreduce-project/hadoop-yarn/hadoop-yarn-api/src/main/java/org/apache/hadoop/yarn/api/records/impl/pb/QueueUserACLInfoPBImpl.java
hadoop,removed_YARN,YARN,hadoop-mapreduce-project/hadoop-yarn/hadoop-yarn-api/src/main/java/org/apache/hadoop/yarn/api/records/impl/pb/ResourcePBImpl.java
hadoop,removed_YARN,YARN,hadoop-mapreduce-project/hadoop-yarn/hadoop-yarn-api/src/main/java/org/apache/hadoop/yarn/api/records/impl/pb/ResourceRequestPBImpl.java
hadoop,removed_YARN,YARN,hadoop-mapreduce-project/hadoop-yarn/hadoop-yarn-api/src/main/java/org/apache/hadoop/yarn/api/records/impl/pb/URLPBImpl.java
hadoop,removed_YARN,YARN,hadoop-mapreduce-project/hadoop-yarn/hadoop-yarn-api/src/main/java/org/apache/hadoop/yarn/api/records/impl/pb/YarnClusterMetricsPBImpl.java
hadoop,removed_YARN,YARN,hadoop-mapreduce-project/hadoop-yarn/hadoop-yarn-api/src/main/java/org/apache/hadoop/yarn/api/records/impl/pb/package-info.java
hadoop,removed_YARN,YARN,hadoop-mapreduce-project/hadoop-yarn/hadoop-yarn-api/src/main/java/org/apache/hadoop/yarn/exceptions/YarnRemoteException.java
hadoop,removed_YARN,YARN,hadoop-mapreduce-project/hadoop-yarn/hadoop-yarn-api/src/main/java/org/apache/hadoop/yarn/exceptions/impl/pb/YarnRemoteExceptionPBImpl.java
hadoop,removed_YARN,YARN,hadoop-mapreduce-project/hadoop-yarn/hadoop-yarn-api/src/main/java/org/apache/hadoop/yarn/exceptions/impl/pb/package-info.java
hadoop,removed_YARN,YARN,hadoop-mapreduce-project/hadoop-yarn/hadoop-yarn-api/src/main/java/org/apache/hadoop/yarn/exceptions/package-info.java
hadoop,removed_YARN,YARN,hadoop-mapreduce-project/hadoop-yarn/hadoop-yarn-api/src/main/java/org/apache/hadoop/yarn/util/ProtoUtils.java
hadoop,removed_YARN,YARN,hadoop-mapreduce-project/hadoop-yarn/hadoop-yarn-api/src/main/java/org/apache/hadoop/yarn/util/package-info.java
hadoop,removed_YARN,YARN,hadoop-mapreduce-project/hadoop-yarn/hadoop-yarn-applications/hadoop-yarn-applications-distributedshell/src/main/java/org/apache/hadoop/yarn/applications/distributedshell/ApplicationMaster.java
hadoop,removed_YARN,YARN,hadoop-mapreduce-project/hadoop-yarn/hadoop-yarn-applications/hadoop-yarn-applications-distributedshell/src/main/java/org/apache/hadoop/yarn/applications/distributedshell/Client.java
hadoop,removed_YARN,YARN,hadoop-mapreduce-project/hadoop-yarn/hadoop-yarn-applications/hadoop-yarn-applications-distributedshell/src/main/java/org/apache/hadoop/yarn/applications/distributedshell/DSConstants.java
hadoop,removed_YARN,YARN,hadoop-mapreduce-project/hadoop-yarn/hadoop-yarn-common/src/main/java/org/apache/hadoop/yarn/Clock.java
hadoop,removed_YARN,YARN,hadoop-mapreduce-project/hadoop-yarn/hadoop-yarn-common/src/main/java/org/apache/hadoop/yarn/ContainerLogAppender.java
hadoop,removed_YARN,YARN,hadoop-mapreduce-project/hadoop-yarn/hadoop-yarn-common/src/main/java/org/apache/hadoop/yarn/Lock.java
hadoop,removed_YARN,YARN,hadoop-mapreduce-project/hadoop-yarn/hadoop-yarn-common/src/main/java/org/apache/hadoop/yarn/SystemClock.java
hadoop,removed_YARN,YARN,hadoop-mapreduce-project/hadoop-yarn/hadoop-yarn-common/src/main/java/org/apache/hadoop/yarn/YarnException.java
hadoop,removed_YARN,YARN,hadoop-mapreduce-project/hadoop-yarn/hadoop-yarn-common/src/main/java/org/apache/hadoop/yarn/YarnVersionAnnotation.java
hadoop,removed_YARN,YARN,hadoop-mapreduce-project/hadoop-yarn/hadoop-yarn-common/src/main/java/org/apache/hadoop/yarn/api/impl/pb/client/AMRMProtocolPBClientImpl.java
hadoop,removed_YARN,YARN,hadoop-mapreduce-project/hadoop-yarn/hadoop-yarn-common/src/main/java/org/apache/hadoop/yarn/api/impl/pb/client/ClientRMProtocolPBClientImpl.java
hadoop,removed_YARN,YARN,hadoop-mapreduce-project/hadoop-yarn/hadoop-yarn-common/src/main/java/org/apache/hadoop/yarn/api/impl/pb/client/ContainerManagerPBClientImpl.java
hadoop,removed_YARN,YARN,hadoop-mapreduce-project/hadoop-yarn/hadoop-yarn-common/src/main/java/org/apache/hadoop/yarn/api/impl/pb/client/package-info.java
hadoop,removed_YARN,YARN,hadoop-mapreduce-project/hadoop-yarn/hadoop-yarn-common/src/main/java/org/apache/hadoop/yarn/api/impl/pb/service/ClientRMProtocolPBServiceImpl.java
hadoop,removed_YARN,YARN,hadoop-mapreduce-project/hadoop-yarn/hadoop-yarn-common/src/main/java/org/apache/hadoop/yarn/api/impl/pb/service/ContainerManagerPBServiceImpl.java
hadoop,removed_YARN,YARN,hadoop-mapreduce-project/hadoop-yarn/hadoop-yarn-common/src/main/java/org/apache/hadoop/yarn/api/impl/pb/service/package-info.java
hadoop,removed_YARN,YARN,hadoop-mapreduce-project/hadoop-yarn/hadoop-yarn-common/src/main/java/org/apache/hadoop/yarn/conf/YarnConfiguration.java
hadoop,removed_YARN,YARN,hadoop-mapreduce-project/hadoop-yarn/hadoop-yarn-common/src/main/java/org/apache/hadoop/yarn/conf/package-info.java
hadoop,removed_YARN,YARN,hadoop-mapreduce-project/hadoop-yarn/hadoop-yarn-common/src/main/java/org/apache/hadoop/yarn/event/AbstractEvent.java
hadoop,removed_YARN,YARN,hadoop-mapreduce-project/hadoop-yarn/hadoop-yarn-common/src/main/java/org/apache/hadoop/yarn/event/AsyncDispatcher.java
hadoop,removed_YARN,YARN,hadoop-mapreduce-project/hadoop-yarn/hadoop-yarn-common/src/main/java/org/apache/hadoop/yarn/event/Dispatcher.java
hadoop,removed_YARN,YARN,hadoop-mapreduce-project/hadoop-yarn/hadoop-yarn-common/src/main/java/org/apache/hadoop/yarn/event/EventHandler.java
hadoop,removed_YARN,YARN,hadoop-mapreduce-project/hadoop-yarn/hadoop-yarn-common/src/main/java/org/apache/hadoop/yarn/event/package-info.java
hadoop,removed_YARN,YARN,hadoop-mapreduce-project/hadoop-yarn/hadoop-yarn-common/src/main/java/org/apache/hadoop/yarn/factories/RecordFactory.java
hadoop,removed_YARN,YARN,hadoop-mapreduce-project/hadoop-yarn/hadoop-yarn-common/src/main/java/org/apache/hadoop/yarn/factories/RpcClientFactory.java
hadoop,removed_YARN,YARN,hadoop-mapreduce-project/hadoop-yarn/hadoop-yarn-common/src/main/java/org/apache/hadoop/yarn/factories/RpcServerFactory.java
hadoop,removed_YARN,YARN,hadoop-mapreduce-project/hadoop-yarn/hadoop-yarn-common/src/main/java/org/apache/hadoop/yarn/factories/YarnRemoteExceptionFactory.java
hadoop,removed_YARN,YARN,hadoop-mapreduce-project/hadoop-yarn/hadoop-yarn-common/src/main/java/org/apache/hadoop/yarn/factories/impl/pb/RecordFactoryPBImpl.java
hadoop,removed_YARN,YARN,hadoop-mapreduce-project/hadoop-yarn/hadoop-yarn-common/src/main/java/org/apache/hadoop/yarn/factories/impl/pb/RpcClientFactoryPBImpl.java
hadoop,removed_YARN,YARN,hadoop-mapreduce-project/hadoop-yarn/hadoop-yarn-common/src/main/java/org/apache/hadoop/yarn/factories/impl/pb/RpcServerFactoryPBImpl.java
hadoop,removed_YARN,YARN,hadoop-mapreduce-project/hadoop-yarn/hadoop-yarn-common/src/main/java/org/apache/hadoop/yarn/factories/impl/pb/YarnRemoteExceptionFactoryPBImpl.java
hadoop,removed_YARN,YARN,hadoop-mapreduce-project/hadoop-yarn/hadoop-yarn-common/src/main/java/org/apache/hadoop/yarn/factories/impl/pb/package-info.java
hadoop,removed_YARN,YARN,hadoop-mapreduce-project/hadoop-yarn/hadoop-yarn-common/src/main/java/org/apache/hadoop/yarn/factories/package-info.java
hadoop,removed_YARN,YARN,hadoop-mapreduce-project/hadoop-yarn/hadoop-yarn-common/src/main/java/org/apache/hadoop/yarn/factory/providers/RecordFactoryProvider.java
hadoop,removed_YARN,YARN,hadoop-mapreduce-project/hadoop-yarn/hadoop-yarn-common/src/main/java/org/apache/hadoop/yarn/factory/providers/RpcFactoryProvider.java
hadoop,removed_YARN,YARN,hadoop-mapreduce-project/hadoop-yarn/hadoop-yarn-common/src/main/java/org/apache/hadoop/yarn/factory/providers/YarnRemoteExceptionFactoryProvider.java
hadoop,removed_YARN,YARN,hadoop-mapreduce-project/hadoop-yarn/hadoop-yarn-common/src/main/java/org/apache/hadoop/yarn/factory/providers/package-info.java
hadoop,removed_YARN,YARN,hadoop-mapreduce-project/hadoop-yarn/hadoop-yarn-common/src/main/java/org/apache/hadoop/yarn/ipc/HadoopYarnProtoRPC.java
hadoop,removed_YARN,YARN,hadoop-mapreduce-project/hadoop-yarn/hadoop-yarn-common/src/main/java/org/apache/hadoop/yarn/ipc/HadoopYarnRPC.java
hadoop,removed_YARN,YARN,hadoop-mapreduce-project/hadoop-yarn/hadoop-yarn-common/src/main/java/org/apache/hadoop/yarn/ipc/ProtoOverHadoopRpcEngine.java
hadoop,removed_YARN,YARN,hadoop-mapreduce-project/hadoop-yarn/hadoop-yarn-common/src/main/java/org/apache/hadoop/yarn/ipc/RPCUtil.java
hadoop,removed_YARN,YARN,hadoop-mapreduce-project/hadoop-yarn/hadoop-yarn-common/src/main/java/org/apache/hadoop/yarn/ipc/YarnRPC.java
hadoop,removed_YARN,YARN,hadoop-mapreduce-project/hadoop-yarn/hadoop-yarn-common/src/main/java/org/apache/hadoop/yarn/ipc/package-info.java
hadoop,removed_YARN,YARN,hadoop-mapreduce-project/hadoop-yarn/hadoop-yarn-common/src/main/java/org/apache/hadoop/yarn/security/AdminACLsManager.java
hadoop,removed_YARN,YARN,hadoop-mapreduce-project/hadoop-yarn/hadoop-yarn-common/src/main/java/org/apache/hadoop/yarn/security/ApplicationTokenIdentifier.java
hadoop,removed_YARN,YARN,hadoop-mapreduce-project/hadoop-yarn/hadoop-yarn-common/src/main/java/org/apache/hadoop/yarn/security/ApplicationTokenSecretManager.java
hadoop,removed_YARN,YARN,hadoop-mapreduce-project/hadoop-yarn/hadoop-yarn-common/src/main/java/org/apache/hadoop/yarn/security/ApplicationTokenSelector.java
hadoop,removed_YARN,YARN,hadoop-mapreduce-project/hadoop-yarn/hadoop-yarn-common/src/main/java/org/apache/hadoop/yarn/security/ContainerManagerSecurityInfo.java
hadoop,removed_YARN,YARN,hadoop-mapreduce-project/hadoop-yarn/hadoop-yarn-common/src/main/java/org/apache/hadoop/yarn/security/ContainerTokenIdentifier.java
hadoop,removed_YARN,YARN,hadoop-mapreduce-project/hadoop-yarn/hadoop-yarn-common/src/main/java/org/apache/hadoop/yarn/security/ContainerTokenSelector.java
hadoop,removed_YARN,YARN,hadoop-mapreduce-project/hadoop-yarn/hadoop-yarn-common/src/main/java/org/apache/hadoop/yarn/security/SchedulerSecurityInfo.java
hadoop,removed_YARN,YARN,hadoop-mapreduce-project/hadoop-yarn/hadoop-yarn-common/src/main/java/org/apache/hadoop/yarn/security/client/ClientRMSecurityInfo.java
hadoop,removed_YARN,YARN,hadoop-mapreduce-project/hadoop-yarn/hadoop-yarn-common/src/main/java/org/apache/hadoop/yarn/security/client/ClientToAMSecretManager.java
hadoop,removed_YARN,YARN,hadoop-mapreduce-project/hadoop-yarn/hadoop-yarn-common/src/main/java/org/apache/hadoop/yarn/security/client/ClientTokenIdentifier.java
hadoop,removed_YARN,YARN,hadoop-mapreduce-project/hadoop-yarn/hadoop-yarn-common/src/main/java/org/apache/hadoop/yarn/security/client/ClientTokenSelector.java
hadoop,removed_YARN,YARN,hadoop-mapreduce-project/hadoop-yarn/hadoop-yarn-common/src/main/java/org/apache/hadoop/yarn/security/client/package-info.java
hadoop,removed_YARN,YARN,hadoop-mapreduce-project/hadoop-yarn/hadoop-yarn-common/src/main/java/org/apache/hadoop/yarn/security/package-info.java
hadoop,removed_YARN,YARN,hadoop-mapreduce-project/hadoop-yarn/hadoop-yarn-common/src/main/java/org/apache/hadoop/yarn/service/AbstractService.java
hadoop,removed_YARN,YARN,hadoop-mapreduce-project/hadoop-yarn/hadoop-yarn-common/src/main/java/org/apache/hadoop/yarn/service/CompositeService.java
hadoop,removed_YARN,YARN,hadoop-mapreduce-project/hadoop-yarn/hadoop-yarn-common/src/main/java/org/apache/hadoop/yarn/service/FilterService.java
hadoop,removed_YARN,YARN,hadoop-mapreduce-project/hadoop-yarn/hadoop-yarn-common/src/main/java/org/apache/hadoop/yarn/service/ServiceStateChangeListener.java
hadoop,removed_YARN,YARN,hadoop-mapreduce-project/hadoop-yarn/hadoop-yarn-common/src/main/java/org/apache/hadoop/yarn/service/package-info.java
hadoop,removed_YARN,YARN,hadoop-mapreduce-project/hadoop-yarn/hadoop-yarn-common/src/main/java/org/apache/hadoop/yarn/state/InvalidStateTransitonException.java
hadoop,removed_YARN,YARN,hadoop-mapreduce-project/hadoop-yarn/hadoop-yarn-common/src/main/java/org/apache/hadoop/yarn/state/MultipleArcTransition.java
hadoop,removed_YARN,YARN,hadoop-mapreduce-project/hadoop-yarn/hadoop-yarn-common/src/main/java/org/apache/hadoop/yarn/state/SingleArcTransition.java
hadoop,removed_YARN,YARN,hadoop-mapreduce-project/hadoop-yarn/hadoop-yarn-common/src/main/java/org/apache/hadoop/yarn/state/StateMachine.java
hadoop,removed_YARN,YARN,hadoop-mapreduce-project/hadoop-yarn/hadoop-yarn-common/src/main/java/org/apache/hadoop/yarn/state/StateMachineFactory.java
hadoop,removed_YARN,YARN,hadoop-mapreduce-project/hadoop-yarn/hadoop-yarn-common/src/main/java/org/apache/hadoop/yarn/state/package-info.java
hadoop,removed_YARN,YARN,hadoop-mapreduce-project/hadoop-yarn/hadoop-yarn-common/src/main/java/org/apache/hadoop/yarn/util/AbstractLivelinessMonitor.java
hadoop,removed_YARN,YARN,hadoop-mapreduce-project/hadoop-yarn/hadoop-yarn-common/src/main/java/org/apache/hadoop/yarn/util/Apps.java
hadoop,removed_YARN,YARN,hadoop-mapreduce-project/hadoop-yarn/hadoop-yarn-common/src/main/java/org/apache/hadoop/yarn/util/BuilderUtils.java
hadoop,removed_YARN,YARN,hadoop-mapreduce-project/hadoop-yarn/hadoop-yarn-common/src/main/java/org/apache/hadoop/yarn/util/ConverterUtils.java
hadoop,removed_YARN,YARN,hadoop-mapreduce-project/hadoop-yarn/hadoop-yarn-common/src/main/java/org/apache/hadoop/yarn/util/FSDownload.java
hadoop,removed_YARN,YARN,hadoop-mapreduce-project/hadoop-yarn/hadoop-yarn-common/src/main/java/org/apache/hadoop/yarn/util/Graph.java
hadoop,removed_YARN,YARN,hadoop-mapreduce-project/hadoop-yarn/hadoop-yarn-common/src/main/java/org/apache/hadoop/yarn/util/LinuxResourceCalculatorPlugin.java
hadoop,removed_YARN,YARN,hadoop-mapreduce-project/hadoop-yarn/hadoop-yarn-common/src/main/java/org/apache/hadoop/yarn/util/ProcfsBasedProcessTree.java
hadoop,removed_YARN,YARN,hadoop-mapreduce-project/hadoop-yarn/hadoop-yarn-common/src/main/java/org/apache/hadoop/yarn/util/RackResolver.java
hadoop,removed_YARN,YARN,hadoop-mapreduce-project/hadoop-yarn/hadoop-yarn-common/src/main/java/org/apache/hadoop/yarn/util/Records.java
hadoop,removed_YARN,YARN,hadoop-mapreduce-project/hadoop-yarn/hadoop-yarn-common/src/main/java/org/apache/hadoop/yarn/util/ResourceCalculatorPlugin.java
hadoop,removed_YARN,YARN,hadoop-mapreduce-project/hadoop-yarn/hadoop-yarn-common/src/main/java/org/apache/hadoop/yarn/util/Self.java
hadoop,removed_YARN,YARN,hadoop-mapreduce-project/hadoop-yarn/hadoop-yarn-common/src/main/java/org/apache/hadoop/yarn/util/StringHelper.java
hadoop,removed_YARN,YARN,hadoop-mapreduce-project/hadoop-yarn/hadoop-yarn-common/src/main/java/org/apache/hadoop/yarn/util/Times.java
hadoop,removed_YARN,YARN,hadoop-mapreduce-project/hadoop-yarn/hadoop-yarn-common/src/main/java/org/apache/hadoop/yarn/util/VisualizeStateMachine.java
hadoop,removed_YARN,YARN,hadoop-mapreduce-project/hadoop-yarn/hadoop-yarn-common/src/main/java/org/apache/hadoop/yarn/util/YarnVersionInfo.java
hadoop,removed_YARN,YARN,hadoop-mapreduce-project/hadoop-yarn/hadoop-yarn-common/src/main/java/org/apache/hadoop/yarn/webapp/Controller.java
hadoop,removed_YARN,YARN,hadoop-mapreduce-project/hadoop-yarn/hadoop-yarn-common/src/main/java/org/apache/hadoop/yarn/webapp/Dispatcher.java
hadoop,removed_YARN,YARN,hadoop-mapreduce-project/hadoop-yarn/hadoop-yarn-common/src/main/java/org/apache/hadoop/yarn/webapp/MimeType.java
hadoop,removed_YARN,YARN,hadoop-mapreduce-project/hadoop-yarn/hadoop-yarn-common/src/main/java/org/apache/hadoop/yarn/webapp/Params.java
hadoop,removed_YARN,YARN,hadoop-mapreduce-project/hadoop-yarn/hadoop-yarn-common/src/main/java/org/apache/hadoop/yarn/webapp/ResponseInfo.java
hadoop,removed_YARN,YARN,hadoop-mapreduce-project/hadoop-yarn/hadoop-yarn-common/src/main/java/org/apache/hadoop/yarn/webapp/Router.java
hadoop,removed_YARN,YARN,hadoop-mapreduce-project/hadoop-yarn/hadoop-yarn-common/src/main/java/org/apache/hadoop/yarn/webapp/SubView.java
hadoop,removed_YARN,YARN,hadoop-mapreduce-project/hadoop-yarn/hadoop-yarn-common/src/main/java/org/apache/hadoop/yarn/webapp/ToJSON.java
hadoop,removed_YARN,YARN,hadoop-mapreduce-project/hadoop-yarn/hadoop-yarn-common/src/main/java/org/apache/hadoop/yarn/webapp/View.java
hadoop,removed_YARN,YARN,hadoop-mapreduce-project/hadoop-yarn/hadoop-yarn-common/src/main/java/org/apache/hadoop/yarn/webapp/WebApp.java
hadoop,removed_YARN,YARN,hadoop-mapreduce-project/hadoop-yarn/hadoop-yarn-common/src/main/java/org/apache/hadoop/yarn/webapp/WebAppException.java
hadoop,removed_YARN,YARN,hadoop-mapreduce-project/hadoop-yarn/hadoop-yarn-common/src/main/java/org/apache/hadoop/yarn/webapp/WebApps.java
hadoop,removed_YARN,YARN,hadoop-mapreduce-project/hadoop-yarn/hadoop-yarn-common/src/main/java/org/apache/hadoop/yarn/webapp/example/HelloWorld.java
hadoop,removed_YARN,YARN,hadoop-mapreduce-project/hadoop-yarn/hadoop-yarn-common/src/main/java/org/apache/hadoop/yarn/webapp/example/MyApp.java
hadoop,removed_YARN,YARN,hadoop-mapreduce-project/hadoop-yarn/hadoop-yarn-common/src/main/java/org/apache/hadoop/yarn/webapp/hamlet/Hamlet.java
hadoop,removed_YARN,YARN,hadoop-mapreduce-project/hadoop-yarn/hadoop-yarn-common/src/main/java/org/apache/hadoop/yarn/webapp/hamlet/HamletGen.java
hadoop,removed_YARN,YARN,hadoop-mapreduce-project/hadoop-yarn/hadoop-yarn-common/src/main/java/org/apache/hadoop/yarn/webapp/hamlet/HamletImpl.java
hadoop,removed_YARN,YARN,hadoop-mapreduce-project/hadoop-yarn/hadoop-yarn-common/src/main/java/org/apache/hadoop/yarn/webapp/hamlet/HamletSpec.java
hadoop,removed_YARN,YARN,hadoop-mapreduce-project/hadoop-yarn/hadoop-yarn-common/src/main/java/org/apache/hadoop/yarn/webapp/view/DefaultPage.java
hadoop,removed_YARN,YARN,hadoop-mapreduce-project/hadoop-yarn/hadoop-yarn-common/src/main/java/org/apache/hadoop/yarn/webapp/view/ErrorPage.java
hadoop,removed_YARN,YARN,hadoop-mapreduce-project/hadoop-yarn/hadoop-yarn-common/src/main/java/org/apache/hadoop/yarn/webapp/view/FooterBlock.java
hadoop,removed_YARN,YARN,hadoop-mapreduce-project/hadoop-yarn/hadoop-yarn-common/src/main/java/org/apache/hadoop/yarn/webapp/view/HeaderBlock.java
hadoop,removed_YARN,YARN,hadoop-mapreduce-project/hadoop-yarn/hadoop-yarn-common/src/main/java/org/apache/hadoop/yarn/webapp/view/Html.java
hadoop,removed_YARN,YARN,hadoop-mapreduce-project/hadoop-yarn/hadoop-yarn-common/src/main/java/org/apache/hadoop/yarn/webapp/view/HtmlBlock.java
hadoop,removed_YARN,YARN,hadoop-mapreduce-project/hadoop-yarn/hadoop-yarn-common/src/main/java/org/apache/hadoop/yarn/webapp/view/HtmlPage.java
hadoop,removed_YARN,YARN,hadoop-mapreduce-project/hadoop-yarn/hadoop-yarn-common/src/main/java/org/apache/hadoop/yarn/webapp/view/InfoBlock.java
hadoop,removed_YARN,YARN,hadoop-mapreduce-project/hadoop-yarn/hadoop-yarn-common/src/main/java/org/apache/hadoop/yarn/webapp/view/JQueryUI.java
hadoop,removed_YARN,YARN,hadoop-mapreduce-project/hadoop-yarn/hadoop-yarn-common/src/main/java/org/apache/hadoop/yarn/webapp/view/Jsons.java
hadoop,removed_YARN,YARN,hadoop-mapreduce-project/hadoop-yarn/hadoop-yarn-common/src/main/java/org/apache/hadoop/yarn/webapp/view/LipsumBlock.java
hadoop,removed_YARN,YARN,hadoop-mapreduce-project/hadoop-yarn/hadoop-yarn-common/src/main/java/org/apache/hadoop/yarn/webapp/view/NavBlock.java
hadoop,removed_YARN,YARN,hadoop-mapreduce-project/hadoop-yarn/hadoop-yarn-common/src/main/java/org/apache/hadoop/yarn/webapp/view/TextPage.java
hadoop,removed_YARN,YARN,hadoop-mapreduce-project/hadoop-yarn/hadoop-yarn-common/src/main/java/org/apache/hadoop/yarn/webapp/view/TextView.java
hadoop,removed_YARN,YARN,hadoop-mapreduce-project/hadoop-yarn/hadoop-yarn-common/src/main/java/org/apache/hadoop/yarn/webapp/view/TwoColumnCssLayout.java
hadoop,removed_YARN,YARN,hadoop-mapreduce-project/hadoop-yarn/hadoop-yarn-common/src/main/java/org/apache/hadoop/yarn/webapp/view/TwoColumnLayout.java
hadoop,removed_YARN,YARN,hadoop-mapreduce-project/hadoop-yarn/hadoop-yarn-server/hadoop-yarn-server-common/src/main/java/org/apache/hadoop/NodeHealthCheckerService.java
hadoop,removed_YARN,YARN,hadoop-mapreduce-project/hadoop-yarn/hadoop-yarn-server/hadoop-yarn-server-common/src/main/java/org/apache/hadoop/yarn/lib/ZKClient.java
hadoop,removed_YARN,YARN,hadoop-mapreduce-project/hadoop-yarn/hadoop-yarn-server/hadoop-yarn-server-common/src/main/java/org/apache/hadoop/yarn/lib/package-info.java
hadoop,removed_YARN,YARN,hadoop-mapreduce-project/hadoop-yarn/hadoop-yarn-server/hadoop-yarn-server-common/src/main/java/org/apache/hadoop/yarn/server/RMNMSecurityInfoClass.java
hadoop,removed_YARN,YARN,hadoop-mapreduce-project/hadoop-yarn/hadoop-yarn-server/hadoop-yarn-server-common/src/main/java/org/apache/hadoop/yarn/server/api/ResourceTracker.java
hadoop,removed_YARN,YARN,hadoop-mapreduce-project/hadoop-yarn/hadoop-yarn-server/hadoop-yarn-server-common/src/main/java/org/apache/hadoop/yarn/server/api/impl/pb/client/ResourceTrackerPBClientImpl.java
hadoop,removed_YARN,YARN,hadoop-mapreduce-project/hadoop-yarn/hadoop-yarn-server/hadoop-yarn-server-common/src/main/java/org/apache/hadoop/yarn/server/api/impl/pb/service/ResourceTrackerPBServiceImpl.java
hadoop,removed_YARN,YARN,hadoop-mapreduce-project/hadoop-yarn/hadoop-yarn-server/hadoop-yarn-server-common/src/main/java/org/apache/hadoop/yarn/server/api/protocolrecords/NodeHeartbeatRequest.java
hadoop,removed_YARN,YARN,hadoop-mapreduce-project/hadoop-yarn/hadoop-yarn-server/hadoop-yarn-server-common/src/main/java/org/apache/hadoop/yarn/server/api/protocolrecords/NodeHeartbeatResponse.java
hadoop,removed_YARN,YARN,hadoop-mapreduce-project/hadoop-yarn/hadoop-yarn-server/hadoop-yarn-server-common/src/main/java/org/apache/hadoop/yarn/server/api/protocolrecords/RegisterNodeManagerRequest.java
hadoop,removed_YARN,YARN,hadoop-mapreduce-project/hadoop-yarn/hadoop-yarn-server/hadoop-yarn-server-common/src/main/java/org/apache/hadoop/yarn/server/api/protocolrecords/RegisterNodeManagerResponse.java
hadoop,removed_YARN,YARN,hadoop-mapreduce-project/hadoop-yarn/hadoop-yarn-server/hadoop-yarn-server-common/src/main/java/org/apache/hadoop/yarn/server/api/protocolrecords/impl/pb/NodeHeartbeatRequestPBImpl.java
hadoop,removed_YARN,YARN,hadoop-mapreduce-project/hadoop-yarn/hadoop-yarn-server/hadoop-yarn-server-common/src/main/java/org/apache/hadoop/yarn/server/api/protocolrecords/impl/pb/NodeHeartbeatResponsePBImpl.java
hadoop,removed_YARN,YARN,hadoop-mapreduce-project/hadoop-yarn/hadoop-yarn-server/hadoop-yarn-server-common/src/main/java/org/apache/hadoop/yarn/server/api/protocolrecords/impl/pb/RegisterNodeManagerRequestPBImpl.java
hadoop,removed_YARN,YARN,hadoop-mapreduce-project/hadoop-yarn/hadoop-yarn-server/hadoop-yarn-server-common/src/main/java/org/apache/hadoop/yarn/server/api/protocolrecords/impl/pb/RegisterNodeManagerResponsePBImpl.java
hadoop,removed_YARN,YARN,hadoop-mapreduce-project/hadoop-yarn/hadoop-yarn-server/hadoop-yarn-server-common/src/main/java/org/apache/hadoop/yarn/server/api/records/HeartbeatResponse.java
hadoop,removed_YARN,YARN,hadoop-mapreduce-project/hadoop-yarn/hadoop-yarn-server/hadoop-yarn-server-common/src/main/java/org/apache/hadoop/yarn/server/api/records/NodeAction.java
hadoop,removed_YARN,YARN,hadoop-mapreduce-project/hadoop-yarn/hadoop-yarn-server/hadoop-yarn-server-common/src/main/java/org/apache/hadoop/yarn/server/api/records/NodeStatus.java
hadoop,removed_YARN,YARN,hadoop-mapreduce-project/hadoop-yarn/hadoop-yarn-server/hadoop-yarn-server-common/src/main/java/org/apache/hadoop/yarn/server/api/records/RegistrationResponse.java
hadoop,removed_YARN,YARN,hadoop-mapreduce-project/hadoop-yarn/hadoop-yarn-server/hadoop-yarn-server-common/src/main/java/org/apache/hadoop/yarn/server/api/records/impl/pb/HeartbeatResponsePBImpl.java
hadoop,removed_YARN,YARN,hadoop-mapreduce-project/hadoop-yarn/hadoop-yarn-server/hadoop-yarn-server-common/src/main/java/org/apache/hadoop/yarn/server/api/records/impl/pb/NodeStatusPBImpl.java
hadoop,removed_YARN,YARN,hadoop-mapreduce-project/hadoop-yarn/hadoop-yarn-server/hadoop-yarn-server-common/src/main/java/org/apache/hadoop/yarn/server/api/records/impl/pb/RegistrationResponsePBImpl.java
hadoop,removed_YARN,YARN,hadoop-mapreduce-project/hadoop-yarn/hadoop-yarn-server/hadoop-yarn-server-common/src/main/java/org/apache/hadoop/yarn/server/security/ApplicationACLsManager.java
hadoop,removed_YARN,YARN,hadoop-mapreduce-project/hadoop-yarn/hadoop-yarn-server/hadoop-yarn-server-common/src/main/java/org/apache/hadoop/yarn/server/security/ContainerTokenSecretManager.java
hadoop,removed_YARN,YARN,hadoop-mapreduce-project/hadoop-yarn/hadoop-yarn-server/hadoop-yarn-server-nodemanager/src/main/java/org/apache/hadoop/yarn/server/nodemanager/CMgrCompletedAppsEvent.java
hadoop,removed_YARN,YARN,hadoop-mapreduce-project/hadoop-yarn/hadoop-yarn-server/hadoop-yarn-server-nodemanager/src/main/java/org/apache/hadoop/yarn/server/nodemanager/CMgrCompletedContainersEvent.java
hadoop,removed_YARN,YARN,hadoop-mapreduce-project/hadoop-yarn/hadoop-yarn-server/hadoop-yarn-server-nodemanager/src/main/java/org/apache/hadoop/yarn/server/nodemanager/ContainerExecutor.java
hadoop,removed_YARN,YARN,hadoop-mapreduce-project/hadoop-yarn/hadoop-yarn-server/hadoop-yarn-server-nodemanager/src/main/java/org/apache/hadoop/yarn/server/nodemanager/ContainerManagerEvent.java
hadoop,removed_YARN,YARN,hadoop-mapreduce-project/hadoop-yarn/hadoop-yarn-server/hadoop-yarn-server-nodemanager/src/main/java/org/apache/hadoop/yarn/server/nodemanager/ContainerManagerEventType.java
hadoop,removed_YARN,YARN,hadoop-mapreduce-project/hadoop-yarn/hadoop-yarn-server/hadoop-yarn-server-nodemanager/src/main/java/org/apache/hadoop/yarn/server/nodemanager/Context.java
hadoop,removed_YARN,YARN,hadoop-mapreduce-project/hadoop-yarn/hadoop-yarn-server/hadoop-yarn-server-nodemanager/src/main/java/org/apache/hadoop/yarn/server/nodemanager/DefaultContainerExecutor.java
hadoop,removed_YARN,YARN,hadoop-mapreduce-project/hadoop-yarn/hadoop-yarn-server/hadoop-yarn-server-nodemanager/src/main/java/org/apache/hadoop/yarn/server/nodemanager/DeletionService.java
hadoop,removed_YARN,YARN,hadoop-mapreduce-project/hadoop-yarn/hadoop-yarn-server/hadoop-yarn-server-nodemanager/src/main/java/org/apache/hadoop/yarn/server/nodemanager/LinuxContainerExecutor.java
hadoop,removed_YARN,YARN,hadoop-mapreduce-project/hadoop-yarn/hadoop-yarn-server/hadoop-yarn-server-nodemanager/src/main/java/org/apache/hadoop/yarn/server/nodemanager/NMAuditLogger.java
hadoop,removed_YARN,YARN,hadoop-mapreduce-project/hadoop-yarn/hadoop-yarn-server/hadoop-yarn-server-nodemanager/src/main/java/org/apache/hadoop/yarn/server/nodemanager/NodeManager.java
hadoop,removed_YARN,YARN,hadoop-mapreduce-project/hadoop-yarn/hadoop-yarn-server/hadoop-yarn-server-nodemanager/src/main/java/org/apache/hadoop/yarn/server/nodemanager/NodeResourceMonitor.java
hadoop,removed_YARN,YARN,hadoop-mapreduce-project/hadoop-yarn/hadoop-yarn-server/hadoop-yarn-server-nodemanager/src/main/java/org/apache/hadoop/yarn/server/nodemanager/NodeResourceMonitorImpl.java
hadoop,removed_YARN,YARN,hadoop-mapreduce-project/hadoop-yarn/hadoop-yarn-server/hadoop-yarn-server-nodemanager/src/main/java/org/apache/hadoop/yarn/server/nodemanager/NodeStatusUpdater.java
hadoop,removed_YARN,YARN,hadoop-mapreduce-project/hadoop-yarn/hadoop-yarn-server/hadoop-yarn-server-nodemanager/src/main/java/org/apache/hadoop/yarn/server/nodemanager/NodeStatusUpdaterImpl.java
hadoop,removed_YARN,YARN,hadoop-mapreduce-project/hadoop-yarn/hadoop-yarn-server/hadoop-yarn-server-nodemanager/src/main/java/org/apache/hadoop/yarn/server/nodemanager/ResourceView.java
hadoop,removed_YARN,YARN,hadoop-mapreduce-project/hadoop-yarn/hadoop-yarn-server/hadoop-yarn-server-nodemanager/src/main/java/org/apache/hadoop/yarn/server/nodemanager/api/LocalizationProtocol.java
hadoop,removed_YARN,YARN,hadoop-mapreduce-project/hadoop-yarn/hadoop-yarn-server/hadoop-yarn-server-nodemanager/src/main/java/org/apache/hadoop/yarn/server/nodemanager/api/impl/pb/client/LocalizationProtocolPBClientImpl.java
hadoop,removed_YARN,YARN,hadoop-mapreduce-project/hadoop-yarn/hadoop-yarn-server/hadoop-yarn-server-nodemanager/src/main/java/org/apache/hadoop/yarn/server/nodemanager/api/impl/pb/service/LocalizationProtocolPBServiceImpl.java
hadoop,removed_YARN,YARN,hadoop-mapreduce-project/hadoop-yarn/hadoop-yarn-server/hadoop-yarn-server-nodemanager/src/main/java/org/apache/hadoop/yarn/server/nodemanager/api/protocolrecords/LocalResourceStatus.java
hadoop,removed_YARN,YARN,hadoop-mapreduce-project/hadoop-yarn/hadoop-yarn-server/hadoop-yarn-server-nodemanager/src/main/java/org/apache/hadoop/yarn/server/nodemanager/api/protocolrecords/LocalizerAction.java
hadoop,removed_YARN,YARN,hadoop-mapreduce-project/hadoop-yarn/hadoop-yarn-server/hadoop-yarn-server-nodemanager/src/main/java/org/apache/hadoop/yarn/server/nodemanager/api/protocolrecords/LocalizerHeartbeatResponse.java
hadoop,removed_YARN,YARN,hadoop-mapreduce-project/hadoop-yarn/hadoop-yarn-server/hadoop-yarn-server-nodemanager/src/main/java/org/apache/hadoop/yarn/server/nodemanager/api/protocolrecords/LocalizerStatus.java
hadoop,removed_YARN,YARN,hadoop-mapreduce-project/hadoop-yarn/hadoop-yarn-server/hadoop-yarn-server-nodemanager/src/main/java/org/apache/hadoop/yarn/server/nodemanager/api/protocolrecords/ResourceStatusType.java
hadoop,removed_YARN,YARN,hadoop-mapreduce-project/hadoop-yarn/hadoop-yarn-server/hadoop-yarn-server-nodemanager/src/main/java/org/apache/hadoop/yarn/server/nodemanager/api/protocolrecords/impl/pb/LocalResourceStatusPBImpl.java
hadoop,removed_YARN,YARN,hadoop-mapreduce-project/hadoop-yarn/hadoop-yarn-server/hadoop-yarn-server-nodemanager/src/main/java/org/apache/hadoop/yarn/server/nodemanager/api/protocolrecords/impl/pb/LocalizerHeartbeatResponsePBImpl.java
hadoop,removed_YARN,YARN,hadoop-mapreduce-project/hadoop-yarn/hadoop-yarn-server/hadoop-yarn-server-nodemanager/src/main/java/org/apache/hadoop/yarn/server/nodemanager/api/protocolrecords/impl/pb/LocalizerStatusPBImpl.java
hadoop,removed_YARN,YARN,hadoop-mapreduce-project/hadoop-yarn/hadoop-yarn-server/hadoop-yarn-server-nodemanager/src/main/java/org/apache/hadoop/yarn/server/nodemanager/containermanager/AuxServices.java
hadoop,removed_YARN,YARN,hadoop-mapreduce-project/hadoop-yarn/hadoop-yarn-server/hadoop-yarn-server-nodemanager/src/main/java/org/apache/hadoop/yarn/server/nodemanager/containermanager/AuxServicesEvent.java
hadoop,removed_YARN,YARN,hadoop-mapreduce-project/hadoop-yarn/hadoop-yarn-server/hadoop-yarn-server-nodemanager/src/main/java/org/apache/hadoop/yarn/server/nodemanager/containermanager/AuxServicesEventType.java
hadoop,removed_YARN,YARN,hadoop-mapreduce-project/hadoop-yarn/hadoop-yarn-server/hadoop-yarn-server-nodemanager/src/main/java/org/apache/hadoop/yarn/server/nodemanager/containermanager/ContainerLocalization.java
hadoop,removed_YARN,YARN,hadoop-mapreduce-project/hadoop-yarn/hadoop-yarn-server/hadoop-yarn-server-nodemanager/src/main/java/org/apache/hadoop/yarn/server/nodemanager/containermanager/ContainerLocalizationImpl.java
hadoop,removed_YARN,YARN,hadoop-mapreduce-project/hadoop-yarn/hadoop-yarn-server/hadoop-yarn-server-nodemanager/src/main/java/org/apache/hadoop/yarn/server/nodemanager/containermanager/ContainerManagerImpl.java
hadoop,removed_YARN,YARN,hadoop-mapreduce-project/hadoop-yarn/hadoop-yarn-server/hadoop-yarn-server-nodemanager/src/main/java/org/apache/hadoop/yarn/server/nodemanager/containermanager/application/Application.java
hadoop,removed_YARN,YARN,hadoop-mapreduce-project/hadoop-yarn/hadoop-yarn-server/hadoop-yarn-server-nodemanager/src/main/java/org/apache/hadoop/yarn/server/nodemanager/containermanager/application/ApplicationContainerFinishedEvent.java
hadoop,removed_YARN,YARN,hadoop-mapreduce-project/hadoop-yarn/hadoop-yarn-server/hadoop-yarn-server-nodemanager/src/main/java/org/apache/hadoop/yarn/server/nodemanager/containermanager/application/ApplicationContainerInitEvent.java
hadoop,removed_YARN,YARN,hadoop-mapreduce-project/hadoop-yarn/hadoop-yarn-server/hadoop-yarn-server-nodemanager/src/main/java/org/apache/hadoop/yarn/server/nodemanager/containermanager/application/ApplicationEvent.java
hadoop,removed_YARN,YARN,hadoop-mapreduce-project/hadoop-yarn/hadoop-yarn-server/hadoop-yarn-server-nodemanager/src/main/java/org/apache/hadoop/yarn/server/nodemanager/containermanager/application/ApplicationEventType.java
hadoop,removed_YARN,YARN,hadoop-mapreduce-project/hadoop-yarn/hadoop-yarn-server/hadoop-yarn-server-nodemanager/src/main/java/org/apache/hadoop/yarn/server/nodemanager/containermanager/application/ApplicationImpl.java
hadoop,removed_YARN,YARN,hadoop-mapreduce-project/hadoop-yarn/hadoop-yarn-server/hadoop-yarn-server-nodemanager/src/main/java/org/apache/hadoop/yarn/server/nodemanager/containermanager/application/ApplicationInitEvent.java
hadoop,removed_YARN,YARN,hadoop-mapreduce-project/hadoop-yarn/hadoop-yarn-server/hadoop-yarn-server-nodemanager/src/main/java/org/apache/hadoop/yarn/server/nodemanager/containermanager/application/ApplicationInitedEvent.java
hadoop,removed_YARN,YARN,hadoop-mapreduce-project/hadoop-yarn/hadoop-yarn-server/hadoop-yarn-server-nodemanager/src/main/java/org/apache/hadoop/yarn/server/nodemanager/containermanager/application/ApplicationState.java
hadoop,removed_YARN,YARN,hadoop-mapreduce-project/hadoop-yarn/hadoop-yarn-server/hadoop-yarn-server-nodemanager/src/main/java/org/apache/hadoop/yarn/server/nodemanager/containermanager/container/Container.java
hadoop,removed_YARN,YARN,hadoop-mapreduce-project/hadoop-yarn/hadoop-yarn-server/hadoop-yarn-server-nodemanager/src/main/java/org/apache/hadoop/yarn/server/nodemanager/containermanager/container/ContainerDiagnosticsUpdateEvent.java
hadoop,removed_YARN,YARN,hadoop-mapreduce-project/hadoop-yarn/hadoop-yarn-server/hadoop-yarn-server-nodemanager/src/main/java/org/apache/hadoop/yarn/server/nodemanager/containermanager/container/ContainerEvent.java
hadoop,removed_YARN,YARN,hadoop-mapreduce-project/hadoop-yarn/hadoop-yarn-server/hadoop-yarn-server-nodemanager/src/main/java/org/apache/hadoop/yarn/server/nodemanager/containermanager/container/ContainerEventType.java
hadoop,removed_YARN,YARN,hadoop-mapreduce-project/hadoop-yarn/hadoop-yarn-server/hadoop-yarn-server-nodemanager/src/main/java/org/apache/hadoop/yarn/server/nodemanager/containermanager/container/ContainerExitEvent.java
hadoop,removed_YARN,YARN,hadoop-mapreduce-project/hadoop-yarn/hadoop-yarn-server/hadoop-yarn-server-nodemanager/src/main/java/org/apache/hadoop/yarn/server/nodemanager/containermanager/container/ContainerImpl.java
hadoop,removed_YARN,YARN,hadoop-mapreduce-project/hadoop-yarn/hadoop-yarn-server/hadoop-yarn-server-nodemanager/src/main/java/org/apache/hadoop/yarn/server/nodemanager/containermanager/container/ContainerInitEvent.java
hadoop,removed_YARN,YARN,hadoop-mapreduce-project/hadoop-yarn/hadoop-yarn-server/hadoop-yarn-server-nodemanager/src/main/java/org/apache/hadoop/yarn/server/nodemanager/containermanager/container/ContainerKillEvent.java
hadoop,removed_YARN,YARN,hadoop-mapreduce-project/hadoop-yarn/hadoop-yarn-server/hadoop-yarn-server-nodemanager/src/main/java/org/apache/hadoop/yarn/server/nodemanager/containermanager/container/ContainerResourceEvent.java
hadoop,removed_YARN,YARN,hadoop-mapreduce-project/hadoop-yarn/hadoop-yarn-server/hadoop-yarn-server-nodemanager/src/main/java/org/apache/hadoop/yarn/server/nodemanager/containermanager/container/ContainerResourceFailedEvent.java
hadoop,removed_YARN,YARN,hadoop-mapreduce-project/hadoop-yarn/hadoop-yarn-server/hadoop-yarn-server-nodemanager/src/main/java/org/apache/hadoop/yarn/server/nodemanager/containermanager/container/ContainerResourceLocalizedEvent.java
hadoop,removed_YARN,YARN,hadoop-mapreduce-project/hadoop-yarn/hadoop-yarn-server/hadoop-yarn-server-nodemanager/src/main/java/org/apache/hadoop/yarn/server/nodemanager/containermanager/container/ContainerState.java
hadoop,removed_YARN,YARN,hadoop-mapreduce-project/hadoop-yarn/hadoop-yarn-server/hadoop-yarn-server-nodemanager/src/main/java/org/apache/hadoop/yarn/server/nodemanager/containermanager/launcher/ContainerLaunch.java
hadoop,removed_YARN,YARN,hadoop-mapreduce-project/hadoop-yarn/hadoop-yarn-server/hadoop-yarn-server-nodemanager/src/main/java/org/apache/hadoop/yarn/server/nodemanager/containermanager/launcher/ContainersLauncher.java
hadoop,removed_YARN,YARN,hadoop-mapreduce-project/hadoop-yarn/hadoop-yarn-server/hadoop-yarn-server-nodemanager/src/main/java/org/apache/hadoop/yarn/server/nodemanager/containermanager/launcher/ContainersLauncherEvent.java
hadoop,removed_YARN,YARN,hadoop-mapreduce-project/hadoop-yarn/hadoop-yarn-server/hadoop-yarn-server-nodemanager/src/main/java/org/apache/hadoop/yarn/server/nodemanager/containermanager/launcher/ContainersLauncherEventType.java
hadoop,removed_YARN,YARN,hadoop-mapreduce-project/hadoop-yarn/hadoop-yarn-server/hadoop-yarn-server-nodemanager/src/main/java/org/apache/hadoop/yarn/server/nodemanager/containermanager/localizer/ContainerLocalizer.java
hadoop,removed_YARN,YARN,hadoop-mapreduce-project/hadoop-yarn/hadoop-yarn-server/hadoop-yarn-server-nodemanager/src/main/java/org/apache/hadoop/yarn/server/nodemanager/containermanager/localizer/LocalResourceRequest.java
hadoop,removed_YARN,YARN,hadoop-mapreduce-project/hadoop-yarn/hadoop-yarn-server/hadoop-yarn-server-nodemanager/src/main/java/org/apache/hadoop/yarn/server/nodemanager/containermanager/localizer/LocalResourcesTracker.java
hadoop,removed_YARN,YARN,hadoop-mapreduce-project/hadoop-yarn/hadoop-yarn-server/hadoop-yarn-server-nodemanager/src/main/java/org/apache/hadoop/yarn/server/nodemanager/containermanager/localizer/LocalResourcesTrackerImpl.java
hadoop,removed_YARN,YARN,hadoop-mapreduce-project/hadoop-yarn/hadoop-yarn-server/hadoop-yarn-server-nodemanager/src/main/java/org/apache/hadoop/yarn/server/nodemanager/containermanager/localizer/LocalizedResource.java
hadoop,removed_YARN,YARN,hadoop-mapreduce-project/hadoop-yarn/hadoop-yarn-server/hadoop-yarn-server-nodemanager/src/main/java/org/apache/hadoop/yarn/server/nodemanager/containermanager/localizer/LocalizerContext.java
hadoop,removed_YARN,YARN,hadoop-mapreduce-project/hadoop-yarn/hadoop-yarn-server/hadoop-yarn-server-nodemanager/src/main/java/org/apache/hadoop/yarn/server/nodemanager/containermanager/localizer/ResourceLocalizationService.java
hadoop,removed_YARN,YARN,hadoop-mapreduce-project/hadoop-yarn/hadoop-yarn-server/hadoop-yarn-server-nodemanager/src/main/java/org/apache/hadoop/yarn/server/nodemanager/containermanager/localizer/ResourceRetentionSet.java
hadoop,removed_YARN,YARN,hadoop-mapreduce-project/hadoop-yarn/hadoop-yarn-server/hadoop-yarn-server-nodemanager/src/main/java/org/apache/hadoop/yarn/server/nodemanager/containermanager/localizer/ResourceState.java
hadoop,removed_YARN,YARN,hadoop-mapreduce-project/hadoop-yarn/hadoop-yarn-server/hadoop-yarn-server-nodemanager/src/main/java/org/apache/hadoop/yarn/server/nodemanager/containermanager/localizer/event/ApplicationLocalizationEvent.java
hadoop,removed_YARN,YARN,hadoop-mapreduce-project/hadoop-yarn/hadoop-yarn-server/hadoop-yarn-server-nodemanager/src/main/java/org/apache/hadoop/yarn/server/nodemanager/containermanager/localizer/event/ContainerLocalizationEvent.java
hadoop,removed_YARN,YARN,hadoop-mapreduce-project/hadoop-yarn/hadoop-yarn-server/hadoop-yarn-server-nodemanager/src/main/java/org/apache/hadoop/yarn/server/nodemanager/containermanager/localizer/event/LocalizationEvent.java
hadoop,removed_YARN,YARN,hadoop-mapreduce-project/hadoop-yarn/hadoop-yarn-server/hadoop-yarn-server-nodemanager/src/main/java/org/apache/hadoop/yarn/server/nodemanager/containermanager/localizer/event/LocalizationEventType.java
hadoop,removed_YARN,YARN,hadoop-mapreduce-project/hadoop-yarn/hadoop-yarn-server/hadoop-yarn-server-nodemanager/src/main/java/org/apache/hadoop/yarn/server/nodemanager/containermanager/localizer/event/LocalizerEvent.java
hadoop,removed_YARN,YARN,hadoop-mapreduce-project/hadoop-yarn/hadoop-yarn-server/hadoop-yarn-server-nodemanager/src/main/java/org/apache/hadoop/yarn/server/nodemanager/containermanager/localizer/event/LocalizerEventType.java
hadoop,removed_YARN,YARN,hadoop-mapreduce-project/hadoop-yarn/hadoop-yarn-server/hadoop-yarn-server-nodemanager/src/main/java/org/apache/hadoop/yarn/server/nodemanager/containermanager/localizer/event/LocalizerResourceRequestEvent.java
hadoop,removed_YARN,YARN,hadoop-mapreduce-project/hadoop-yarn/hadoop-yarn-server/hadoop-yarn-server-nodemanager/src/main/java/org/apache/hadoop/yarn/server/nodemanager/containermanager/localizer/event/ResourceEvent.java
hadoop,removed_YARN,YARN,hadoop-mapreduce-project/hadoop-yarn/hadoop-yarn-server/hadoop-yarn-server-nodemanager/src/main/java/org/apache/hadoop/yarn/server/nodemanager/containermanager/localizer/event/ResourceEventType.java
hadoop,removed_YARN,YARN,hadoop-mapreduce-project/hadoop-yarn/hadoop-yarn-server/hadoop-yarn-server-nodemanager/src/main/java/org/apache/hadoop/yarn/server/nodemanager/containermanager/localizer/event/ResourceLocalizedEvent.java
hadoop,removed_YARN,YARN,hadoop-mapreduce-project/hadoop-yarn/hadoop-yarn-server/hadoop-yarn-server-nodemanager/src/main/java/org/apache/hadoop/yarn/server/nodemanager/containermanager/localizer/event/ResourceReleaseEvent.java
hadoop,removed_YARN,YARN,hadoop-mapreduce-project/hadoop-yarn/hadoop-yarn-server/hadoop-yarn-server-nodemanager/src/main/java/org/apache/hadoop/yarn/server/nodemanager/containermanager/localizer/event/ResourceRequestEvent.java
hadoop,removed_YARN,YARN,hadoop-mapreduce-project/hadoop-yarn/hadoop-yarn-server/hadoop-yarn-server-nodemanager/src/main/java/org/apache/hadoop/yarn/server/nodemanager/containermanager/localizer/security/LocalizerSecurityInfo.java
hadoop,removed_YARN,YARN,hadoop-mapreduce-project/hadoop-yarn/hadoop-yarn-server/hadoop-yarn-server-nodemanager/src/main/java/org/apache/hadoop/yarn/server/nodemanager/containermanager/localizer/security/LocalizerTokenIdentifier.java
hadoop,removed_YARN,YARN,hadoop-mapreduce-project/hadoop-yarn/hadoop-yarn-server/hadoop-yarn-server-nodemanager/src/main/java/org/apache/hadoop/yarn/server/nodemanager/containermanager/localizer/security/LocalizerTokenSecretManager.java
hadoop,removed_YARN,YARN,hadoop-mapreduce-project/hadoop-yarn/hadoop-yarn-server/hadoop-yarn-server-nodemanager/src/main/java/org/apache/hadoop/yarn/server/nodemanager/containermanager/localizer/security/LocalizerTokenSelector.java
hadoop,removed_YARN,YARN,hadoop-mapreduce-project/hadoop-yarn/hadoop-yarn-server/hadoop-yarn-server-nodemanager/src/main/java/org/apache/hadoop/yarn/server/nodemanager/containermanager/logaggregation/AggregatedLogFormat.java
hadoop,removed_YARN,YARN,hadoop-mapreduce-project/hadoop-yarn/hadoop-yarn-server/hadoop-yarn-server-nodemanager/src/main/java/org/apache/hadoop/yarn/server/nodemanager/containermanager/logaggregation/AppLogAggregator.java
hadoop,removed_YARN,YARN,hadoop-mapreduce-project/hadoop-yarn/hadoop-yarn-server/hadoop-yarn-server-nodemanager/src/main/java/org/apache/hadoop/yarn/server/nodemanager/containermanager/logaggregation/AppLogAggregatorImpl.java
hadoop,removed_YARN,YARN,hadoop-mapreduce-project/hadoop-yarn/hadoop-yarn-server/hadoop-yarn-server-nodemanager/src/main/java/org/apache/hadoop/yarn/server/nodemanager/containermanager/logaggregation/ContainerLogsRetentionPolicy.java
hadoop,removed_YARN,YARN,hadoop-mapreduce-project/hadoop-yarn/hadoop-yarn-server/hadoop-yarn-server-nodemanager/src/main/java/org/apache/hadoop/yarn/server/nodemanager/containermanager/logaggregation/LogAggregationService.java
hadoop,removed_YARN,YARN,hadoop-mapreduce-project/hadoop-yarn/hadoop-yarn-server/hadoop-yarn-server-nodemanager/src/main/java/org/apache/hadoop/yarn/server/nodemanager/containermanager/logaggregation/LogDumper.java
hadoop,removed_YARN,YARN,hadoop-mapreduce-project/hadoop-yarn/hadoop-yarn-server/hadoop-yarn-server-nodemanager/src/main/java/org/apache/hadoop/yarn/server/nodemanager/containermanager/loghandler/LogHandler.java
hadoop,removed_YARN,YARN,hadoop-mapreduce-project/hadoop-yarn/hadoop-yarn-server/hadoop-yarn-server-nodemanager/src/main/java/org/apache/hadoop/yarn/server/nodemanager/containermanager/loghandler/NonAggregatingLogHandler.java
hadoop,removed_YARN,YARN,hadoop-mapreduce-project/hadoop-yarn/hadoop-yarn-server/hadoop-yarn-server-nodemanager/src/main/java/org/apache/hadoop/yarn/server/nodemanager/containermanager/loghandler/event/LogHandlerAppFinishedEvent.java
hadoop,removed_YARN,YARN,hadoop-mapreduce-project/hadoop-yarn/hadoop-yarn-server/hadoop-yarn-server-nodemanager/src/main/java/org/apache/hadoop/yarn/server/nodemanager/containermanager/loghandler/event/LogHandlerAppStartedEvent.java
hadoop,removed_YARN,YARN,hadoop-mapreduce-project/hadoop-yarn/hadoop-yarn-server/hadoop-yarn-server-nodemanager/src/main/java/org/apache/hadoop/yarn/server/nodemanager/containermanager/loghandler/event/LogHandlerEvent.java
hadoop,removed_YARN,YARN,hadoop-mapreduce-project/hadoop-yarn/hadoop-yarn-server/hadoop-yarn-server-nodemanager/src/main/java/org/apache/hadoop/yarn/server/nodemanager/containermanager/loghandler/event/LogHandlerEventType.java
hadoop,removed_YARN,YARN,hadoop-mapreduce-project/hadoop-yarn/hadoop-yarn-server/hadoop-yarn-server-nodemanager/src/main/java/org/apache/hadoop/yarn/server/nodemanager/containermanager/monitor/ContainerStartMonitoringEvent.java
hadoop,removed_YARN,YARN,hadoop-mapreduce-project/hadoop-yarn/hadoop-yarn-server/hadoop-yarn-server-nodemanager/src/main/java/org/apache/hadoop/yarn/server/nodemanager/containermanager/monitor/ContainerStopMonitoringEvent.java
hadoop,removed_YARN,YARN,hadoop-mapreduce-project/hadoop-yarn/hadoop-yarn-server/hadoop-yarn-server-nodemanager/src/main/java/org/apache/hadoop/yarn/server/nodemanager/containermanager/monitor/ContainersMonitor.java
hadoop,removed_YARN,YARN,hadoop-mapreduce-project/hadoop-yarn/hadoop-yarn-server/hadoop-yarn-server-nodemanager/src/main/java/org/apache/hadoop/yarn/server/nodemanager/containermanager/monitor/ContainersMonitorEvent.java
hadoop,removed_YARN,YARN,hadoop-mapreduce-project/hadoop-yarn/hadoop-yarn-server/hadoop-yarn-server-nodemanager/src/main/java/org/apache/hadoop/yarn/server/nodemanager/containermanager/monitor/ContainersMonitorEventType.java
hadoop,removed_YARN,YARN,hadoop-mapreduce-project/hadoop-yarn/hadoop-yarn-server/hadoop-yarn-server-nodemanager/src/main/java/org/apache/hadoop/yarn/server/nodemanager/containermanager/monitor/ContainersMonitorImpl.java
hadoop,removed_YARN,YARN,hadoop-mapreduce-project/hadoop-yarn/hadoop-yarn-server/hadoop-yarn-server-nodemanager/src/main/java/org/apache/hadoop/yarn/server/nodemanager/metrics/NodeManagerMetrics.java
hadoop,removed_YARN,YARN,hadoop-mapreduce-project/hadoop-yarn/hadoop-yarn-server/hadoop-yarn-server-nodemanager/src/main/java/org/apache/hadoop/yarn/server/nodemanager/security/authorize/NMPolicyProvider.java
hadoop,removed_YARN,YARN,hadoop-mapreduce-project/hadoop-yarn/hadoop-yarn-server/hadoop-yarn-server-nodemanager/src/main/java/org/apache/hadoop/yarn/server/nodemanager/util/ProcessIdFileReader.java
hadoop,removed_YARN,YARN,hadoop-mapreduce-project/hadoop-yarn/hadoop-yarn-server/hadoop-yarn-server-nodemanager/src/main/java/org/apache/hadoop/yarn/server/nodemanager/webapp/AggregatedLogsBlock.java
hadoop,removed_YARN,YARN,hadoop-mapreduce-project/hadoop-yarn/hadoop-yarn-server/hadoop-yarn-server-nodemanager/src/main/java/org/apache/hadoop/yarn/server/nodemanager/webapp/AggregatedLogsNavBlock.java
hadoop,removed_YARN,YARN,hadoop-mapreduce-project/hadoop-yarn/hadoop-yarn-server/hadoop-yarn-server-nodemanager/src/main/java/org/apache/hadoop/yarn/server/nodemanager/webapp/AggregatedLogsPage.java
hadoop,removed_YARN,YARN,hadoop-mapreduce-project/hadoop-yarn/hadoop-yarn-server/hadoop-yarn-server-nodemanager/src/main/java/org/apache/hadoop/yarn/server/nodemanager/webapp/AllApplicationsPage.java
hadoop,removed_YARN,YARN,hadoop-mapreduce-project/hadoop-yarn/hadoop-yarn-server/hadoop-yarn-server-nodemanager/src/main/java/org/apache/hadoop/yarn/server/nodemanager/webapp/AllContainersPage.java
hadoop,removed_YARN,YARN,hadoop-mapreduce-project/hadoop-yarn/hadoop-yarn-server/hadoop-yarn-server-nodemanager/src/main/java/org/apache/hadoop/yarn/server/nodemanager/webapp/ApplicationPage.java
hadoop,removed_YARN,YARN,hadoop-mapreduce-project/hadoop-yarn/hadoop-yarn-server/hadoop-yarn-server-nodemanager/src/main/java/org/apache/hadoop/yarn/server/nodemanager/webapp/ContainerLogsPage.java
hadoop,removed_YARN,YARN,hadoop-mapreduce-project/hadoop-yarn/hadoop-yarn-server/hadoop-yarn-server-nodemanager/src/main/java/org/apache/hadoop/yarn/server/nodemanager/webapp/ContainerPage.java
hadoop,removed_YARN,YARN,hadoop-mapreduce-project/hadoop-yarn/hadoop-yarn-server/hadoop-yarn-server-nodemanager/src/main/java/org/apache/hadoop/yarn/server/nodemanager/webapp/NMController.java
hadoop,removed_YARN,YARN,hadoop-mapreduce-project/hadoop-yarn/hadoop-yarn-server/hadoop-yarn-server-nodemanager/src/main/java/org/apache/hadoop/yarn/server/nodemanager/webapp/NMView.java
hadoop,removed_YARN,YARN,hadoop-mapreduce-project/hadoop-yarn/hadoop-yarn-server/hadoop-yarn-server-nodemanager/src/main/java/org/apache/hadoop/yarn/server/nodemanager/webapp/NMWebParams.java
hadoop,removed_YARN,YARN,hadoop-mapreduce-project/hadoop-yarn/hadoop-yarn-server/hadoop-yarn-server-nodemanager/src/main/java/org/apache/hadoop/yarn/server/nodemanager/webapp/NavBlock.java
hadoop,removed_YARN,YARN,hadoop-mapreduce-project/hadoop-yarn/hadoop-yarn-server/hadoop-yarn-server-nodemanager/src/main/java/org/apache/hadoop/yarn/server/nodemanager/webapp/NodePage.java
hadoop,removed_YARN,YARN,hadoop-mapreduce-project/hadoop-yarn/hadoop-yarn-server/hadoop-yarn-server-nodemanager/src/main/java/org/apache/hadoop/yarn/server/nodemanager/webapp/WebServer.java
hadoop,removed_YARN,YARN,hadoop-mapreduce-project/hadoop-yarn/hadoop-yarn-server/hadoop-yarn-server-resourcemanager/src/main/java/org/apache/hadoop/yarn/server/resourcemanager/AdminService.java
hadoop,removed_YARN,YARN,hadoop-mapreduce-project/hadoop-yarn/hadoop-yarn-server/hadoop-yarn-server-resourcemanager/src/main/java/org/apache/hadoop/yarn/server/resourcemanager/ApplicationMasterService.java
hadoop,removed_YARN,YARN,hadoop-mapreduce-project/hadoop-yarn/hadoop-yarn-server/hadoop-yarn-server-resourcemanager/src/main/java/org/apache/hadoop/yarn/server/resourcemanager/ClientRMService.java
hadoop,removed_YARN,YARN,hadoop-mapreduce-project/hadoop-yarn/hadoop-yarn-server/hadoop-yarn-server-resourcemanager/src/main/java/org/apache/hadoop/yarn/server/resourcemanager/ClusterMetrics.java
hadoop,removed_YARN,YARN,hadoop-mapreduce-project/hadoop-yarn/hadoop-yarn-server/hadoop-yarn-server-resourcemanager/src/main/java/org/apache/hadoop/yarn/server/resourcemanager/NMLivelinessMonitor.java
hadoop,removed_YARN,YARN,hadoop-mapreduce-project/hadoop-yarn/hadoop-yarn-server/hadoop-yarn-server-resourcemanager/src/main/java/org/apache/hadoop/yarn/server/resourcemanager/NodesListManager.java
hadoop,removed_YARN,YARN,hadoop-mapreduce-project/hadoop-yarn/hadoop-yarn-server/hadoop-yarn-server-resourcemanager/src/main/java/org/apache/hadoop/yarn/server/resourcemanager/RMAppManager.java
hadoop,removed_YARN,YARN,hadoop-mapreduce-project/hadoop-yarn/hadoop-yarn-server/hadoop-yarn-server-resourcemanager/src/main/java/org/apache/hadoop/yarn/server/resourcemanager/RMAppManagerEvent.java
hadoop,removed_YARN,YARN,hadoop-mapreduce-project/hadoop-yarn/hadoop-yarn-server/hadoop-yarn-server-resourcemanager/src/main/java/org/apache/hadoop/yarn/server/resourcemanager/RMAppManagerEventType.java
hadoop,removed_YARN,YARN,hadoop-mapreduce-project/hadoop-yarn/hadoop-yarn-server/hadoop-yarn-server-resourcemanager/src/main/java/org/apache/hadoop/yarn/server/resourcemanager/RMAppManagerSubmitEvent.java
hadoop,removed_YARN,YARN,hadoop-mapreduce-project/hadoop-yarn/hadoop-yarn-server/hadoop-yarn-server-resourcemanager/src/main/java/org/apache/hadoop/yarn/server/resourcemanager/RMAuditLogger.java
hadoop,removed_YARN,YARN,hadoop-mapreduce-project/hadoop-yarn/hadoop-yarn-server/hadoop-yarn-server-resourcemanager/src/main/java/org/apache/hadoop/yarn/server/resourcemanager/RMContext.java
hadoop,removed_YARN,YARN,hadoop-mapreduce-project/hadoop-yarn/hadoop-yarn-server/hadoop-yarn-server-resourcemanager/src/main/java/org/apache/hadoop/yarn/server/resourcemanager/RMContextImpl.java
hadoop,removed_YARN,YARN,hadoop-mapreduce-project/hadoop-yarn/hadoop-yarn-server/hadoop-yarn-server-resourcemanager/src/main/java/org/apache/hadoop/yarn/server/resourcemanager/ResourceManager.java
hadoop,removed_YARN,YARN,hadoop-mapreduce-project/hadoop-yarn/hadoop-yarn-server/hadoop-yarn-server-resourcemanager/src/main/java/org/apache/hadoop/yarn/server/resourcemanager/ResourceTrackerService.java
hadoop,removed_YARN,YARN,hadoop-mapreduce-project/hadoop-yarn/hadoop-yarn-server/hadoop-yarn-server-resourcemanager/src/main/java/org/apache/hadoop/yarn/server/resourcemanager/amlauncher/AMLauncher.java
hadoop,removed_YARN,YARN,hadoop-mapreduce-project/hadoop-yarn/hadoop-yarn-server/hadoop-yarn-server-resourcemanager/src/main/java/org/apache/hadoop/yarn/server/resourcemanager/amlauncher/AMLauncherEvent.java
hadoop,removed_YARN,YARN,hadoop-mapreduce-project/hadoop-yarn/hadoop-yarn-server/hadoop-yarn-server-resourcemanager/src/main/java/org/apache/hadoop/yarn/server/resourcemanager/amlauncher/AMLauncherEventType.java
hadoop,removed_YARN,YARN,hadoop-mapreduce-project/hadoop-yarn/hadoop-yarn-server/hadoop-yarn-server-resourcemanager/src/main/java/org/apache/hadoop/yarn/server/resourcemanager/amlauncher/ApplicationMasterLauncher.java
hadoop,removed_YARN,YARN,hadoop-mapreduce-project/hadoop-yarn/hadoop-yarn-server/hadoop-yarn-server-resourcemanager/src/main/java/org/apache/hadoop/yarn/server/resourcemanager/api/RMAdminProtocol.java
hadoop,removed_YARN,YARN,hadoop-mapreduce-project/hadoop-yarn/hadoop-yarn-server/hadoop-yarn-server-resourcemanager/src/main/java/org/apache/hadoop/yarn/server/resourcemanager/api/impl/pb/client/RMAdminProtocolPBClientImpl.java
hadoop,removed_YARN,YARN,hadoop-mapreduce-project/hadoop-yarn/hadoop-yarn-server/hadoop-yarn-server-resourcemanager/src/main/java/org/apache/hadoop/yarn/server/resourcemanager/api/impl/pb/service/RMAdminProtocolPBServiceImpl.java
hadoop,removed_YARN,YARN,hadoop-mapreduce-project/hadoop-yarn/hadoop-yarn-server/hadoop-yarn-server-resourcemanager/src/main/java/org/apache/hadoop/yarn/server/resourcemanager/api/protocolrecords/RefreshAdminAclsRequest.java
hadoop,removed_YARN,YARN,hadoop-mapreduce-project/hadoop-yarn/hadoop-yarn-server/hadoop-yarn-server-resourcemanager/src/main/java/org/apache/hadoop/yarn/server/resourcemanager/api/protocolrecords/RefreshAdminAclsResponse.java
hadoop,removed_YARN,YARN,hadoop-mapreduce-project/hadoop-yarn/hadoop-yarn-server/hadoop-yarn-server-resourcemanager/src/main/java/org/apache/hadoop/yarn/server/resourcemanager/api/protocolrecords/RefreshNodesRequest.java
hadoop,removed_YARN,YARN,hadoop-mapreduce-project/hadoop-yarn/hadoop-yarn-server/hadoop-yarn-server-resourcemanager/src/main/java/org/apache/hadoop/yarn/server/resourcemanager/api/protocolrecords/RefreshNodesResponse.java
hadoop,removed_YARN,YARN,hadoop-mapreduce-project/hadoop-yarn/hadoop-yarn-server/hadoop-yarn-server-resourcemanager/src/main/java/org/apache/hadoop/yarn/server/resourcemanager/api/protocolrecords/RefreshQueuesRequest.java
hadoop,removed_YARN,YARN,hadoop-mapreduce-project/hadoop-yarn/hadoop-yarn-server/hadoop-yarn-server-resourcemanager/src/main/java/org/apache/hadoop/yarn/server/resourcemanager/api/protocolrecords/RefreshQueuesResponse.java
hadoop,removed_YARN,YARN,hadoop-mapreduce-project/hadoop-yarn/hadoop-yarn-server/hadoop-yarn-server-resourcemanager/src/main/java/org/apache/hadoop/yarn/server/resourcemanager/api/protocolrecords/RefreshServiceAclsRequest.java
hadoop,removed_YARN,YARN,hadoop-mapreduce-project/hadoop-yarn/hadoop-yarn-server/hadoop-yarn-server-resourcemanager/src/main/java/org/apache/hadoop/yarn/server/resourcemanager/api/protocolrecords/RefreshServiceAclsResponse.java
hadoop,removed_YARN,YARN,hadoop-mapreduce-project/hadoop-yarn/hadoop-yarn-server/hadoop-yarn-server-resourcemanager/src/main/java/org/apache/hadoop/yarn/server/resourcemanager/api/protocolrecords/RefreshUserToGroupsMappingsRequest.java
hadoop,removed_YARN,YARN,hadoop-mapreduce-project/hadoop-yarn/hadoop-yarn-server/hadoop-yarn-server-resourcemanager/src/main/java/org/apache/hadoop/yarn/server/resourcemanager/api/protocolrecords/RefreshUserToGroupsMappingsResponse.java
hadoop,removed_YARN,YARN,hadoop-mapreduce-project/hadoop-yarn/hadoop-yarn-server/hadoop-yarn-server-resourcemanager/src/main/java/org/apache/hadoop/yarn/server/resourcemanager/api/protocolrecords/impl/pb/RefreshAdminAclsRequestPBImpl.java
hadoop,removed_YARN,YARN,hadoop-mapreduce-project/hadoop-yarn/hadoop-yarn-server/hadoop-yarn-server-resourcemanager/src/main/java/org/apache/hadoop/yarn/server/resourcemanager/api/protocolrecords/impl/pb/RefreshNodesRequestPBImpl.java
hadoop,removed_YARN,YARN,hadoop-mapreduce-project/hadoop-yarn/hadoop-yarn-server/hadoop-yarn-server-resourcemanager/src/main/java/org/apache/hadoop/yarn/server/resourcemanager/api/protocolrecords/impl/pb/RefreshNodesResponsePBImpl.java
hadoop,removed_YARN,YARN,hadoop-mapreduce-project/hadoop-yarn/hadoop-yarn-server/hadoop-yarn-server-resourcemanager/src/main/java/org/apache/hadoop/yarn/server/resourcemanager/api/protocolrecords/impl/pb/RefreshQueuesRequestPBImpl.java
hadoop,removed_YARN,YARN,hadoop-mapreduce-project/hadoop-yarn/hadoop-yarn-server/hadoop-yarn-server-resourcemanager/src/main/java/org/apache/hadoop/yarn/server/resourcemanager/api/protocolrecords/impl/pb/RefreshQueuesResponsePBImpl.java
hadoop,removed_YARN,YARN,hadoop-mapreduce-project/hadoop-yarn/hadoop-yarn-server/hadoop-yarn-server-resourcemanager/src/main/java/org/apache/hadoop/yarn/server/resourcemanager/recovery/ApplicationsStore.java
hadoop,removed_YARN,YARN,hadoop-mapreduce-project/hadoop-yarn/hadoop-yarn-server/hadoop-yarn-server-resourcemanager/src/main/java/org/apache/hadoop/yarn/server/resourcemanager/recovery/MemStore.java
hadoop,removed_YARN,YARN,hadoop-mapreduce-project/hadoop-yarn/hadoop-yarn-server/hadoop-yarn-server-resourcemanager/src/main/java/org/apache/hadoop/yarn/server/resourcemanager/recovery/NodeStore.java
hadoop,removed_YARN,YARN,hadoop-mapreduce-project/hadoop-yarn/hadoop-yarn-server/hadoop-yarn-server-resourcemanager/src/main/java/org/apache/hadoop/yarn/server/resourcemanager/recovery/Recoverable.java
hadoop,removed_YARN,YARN,hadoop-mapreduce-project/hadoop-yarn/hadoop-yarn-server/hadoop-yarn-server-resourcemanager/src/main/java/org/apache/hadoop/yarn/server/resourcemanager/recovery/Store.java
hadoop,removed_YARN,YARN,hadoop-mapreduce-project/hadoop-yarn/hadoop-yarn-server/hadoop-yarn-server-resourcemanager/src/main/java/org/apache/hadoop/yarn/server/resourcemanager/recovery/StoreFactory.java
hadoop,removed_YARN,YARN,hadoop-mapreduce-project/hadoop-yarn/hadoop-yarn-server/hadoop-yarn-server-resourcemanager/src/main/java/org/apache/hadoop/yarn/server/resourcemanager/recovery/ZKStore.java
hadoop,removed_YARN,YARN,hadoop-mapreduce-project/hadoop-yarn/hadoop-yarn-server/hadoop-yarn-server-resourcemanager/src/main/java/org/apache/hadoop/yarn/server/resourcemanager/resource/Priority.java
hadoop,removed_YARN,YARN,hadoop-mapreduce-project/hadoop-yarn/hadoop-yarn-server/hadoop-yarn-server-resourcemanager/src/main/java/org/apache/hadoop/yarn/server/resourcemanager/resource/Resource.java
hadoop,removed_YARN,YARN,hadoop-mapreduce-project/hadoop-yarn/hadoop-yarn-server/hadoop-yarn-server-resourcemanager/src/main/java/org/apache/hadoop/yarn/server/resourcemanager/resource/Resources.java
hadoop,removed_YARN,YARN,hadoop-mapreduce-project/hadoop-yarn/hadoop-yarn-server/hadoop-yarn-server-resourcemanager/src/main/java/org/apache/hadoop/yarn/server/resourcemanager/rmapp/RMApp.java
hadoop,removed_YARN,YARN,hadoop-mapreduce-project/hadoop-yarn/hadoop-yarn-server/hadoop-yarn-server-resourcemanager/src/main/java/org/apache/hadoop/yarn/server/resourcemanager/rmapp/RMAppEvent.java
hadoop,removed_YARN,YARN,hadoop-mapreduce-project/hadoop-yarn/hadoop-yarn-server/hadoop-yarn-server-resourcemanager/src/main/java/org/apache/hadoop/yarn/server/resourcemanager/rmapp/RMAppEventType.java
hadoop,removed_YARN,YARN,hadoop-mapreduce-project/hadoop-yarn/hadoop-yarn-server/hadoop-yarn-server-resourcemanager/src/main/java/org/apache/hadoop/yarn/server/resourcemanager/rmapp/RMAppFailedAttemptEvent.java
hadoop,removed_YARN,YARN,hadoop-mapreduce-project/hadoop-yarn/hadoop-yarn-server/hadoop-yarn-server-resourcemanager/src/main/java/org/apache/hadoop/yarn/server/resourcemanager/rmapp/RMAppImpl.java
hadoop,removed_YARN,YARN,hadoop-mapreduce-project/hadoop-yarn/hadoop-yarn-server/hadoop-yarn-server-resourcemanager/src/main/java/org/apache/hadoop/yarn/server/resourcemanager/rmapp/RMAppRejectedEvent.java
hadoop,removed_YARN,YARN,hadoop-mapreduce-project/hadoop-yarn/hadoop-yarn-server/hadoop-yarn-server-resourcemanager/src/main/java/org/apache/hadoop/yarn/server/resourcemanager/rmapp/RMAppState.java
hadoop,removed_YARN,YARN,hadoop-mapreduce-project/hadoop-yarn/hadoop-yarn-server/hadoop-yarn-server-resourcemanager/src/main/java/org/apache/hadoop/yarn/server/resourcemanager/rmapp/attempt/AMLivelinessMonitor.java
hadoop,removed_YARN,YARN,hadoop-mapreduce-project/hadoop-yarn/hadoop-yarn-server/hadoop-yarn-server-resourcemanager/src/main/java/org/apache/hadoop/yarn/server/resourcemanager/rmapp/attempt/RMAppAttempt.java
hadoop,removed_YARN,YARN,hadoop-mapreduce-project/hadoop-yarn/hadoop-yarn-server/hadoop-yarn-server-resourcemanager/src/main/java/org/apache/hadoop/yarn/server/resourcemanager/rmapp/attempt/RMAppAttemptEvent.java
hadoop,removed_YARN,YARN,hadoop-mapreduce-project/hadoop-yarn/hadoop-yarn-server/hadoop-yarn-server-resourcemanager/src/main/java/org/apache/hadoop/yarn/server/resourcemanager/rmapp/attempt/RMAppAttemptEventType.java
hadoop,removed_YARN,YARN,hadoop-mapreduce-project/hadoop-yarn/hadoop-yarn-server/hadoop-yarn-server-resourcemanager/src/main/java/org/apache/hadoop/yarn/server/resourcemanager/rmapp/attempt/RMAppAttemptImpl.java
hadoop,removed_YARN,YARN,hadoop-mapreduce-project/hadoop-yarn/hadoop-yarn-server/hadoop-yarn-server-resourcemanager/src/main/java/org/apache/hadoop/yarn/server/resourcemanager/rmapp/attempt/RMAppAttemptState.java
hadoop,removed_YARN,YARN,hadoop-mapreduce-project/hadoop-yarn/hadoop-yarn-server/hadoop-yarn-server-resourcemanager/src/main/java/org/apache/hadoop/yarn/server/resourcemanager/rmapp/attempt/event/RMAppAttemptContainerAcquiredEvent.java
hadoop,removed_YARN,YARN,hadoop-mapreduce-project/hadoop-yarn/hadoop-yarn-server/hadoop-yarn-server-resourcemanager/src/main/java/org/apache/hadoop/yarn/server/resourcemanager/rmapp/attempt/event/RMAppAttemptContainerAllocatedEvent.java
hadoop,removed_YARN,YARN,hadoop-mapreduce-project/hadoop-yarn/hadoop-yarn-server/hadoop-yarn-server-resourcemanager/src/main/java/org/apache/hadoop/yarn/server/resourcemanager/rmapp/attempt/event/RMAppAttemptContainerFinishedEvent.java
hadoop,removed_YARN,YARN,hadoop-mapreduce-project/hadoop-yarn/hadoop-yarn-server/hadoop-yarn-server-resourcemanager/src/main/java/org/apache/hadoop/yarn/server/resourcemanager/rmapp/attempt/event/RMAppAttemptLaunchFailedEvent.java
hadoop,removed_YARN,YARN,hadoop-mapreduce-project/hadoop-yarn/hadoop-yarn-server/hadoop-yarn-server-resourcemanager/src/main/java/org/apache/hadoop/yarn/server/resourcemanager/rmapp/attempt/event/RMAppAttemptRegistrationEvent.java
hadoop,removed_YARN,YARN,hadoop-mapreduce-project/hadoop-yarn/hadoop-yarn-server/hadoop-yarn-server-resourcemanager/src/main/java/org/apache/hadoop/yarn/server/resourcemanager/rmapp/attempt/event/RMAppAttemptRejectedEvent.java
hadoop,removed_YARN,YARN,hadoop-mapreduce-project/hadoop-yarn/hadoop-yarn-server/hadoop-yarn-server-resourcemanager/src/main/java/org/apache/hadoop/yarn/server/resourcemanager/rmapp/attempt/event/RMAppAttemptStatusupdateEvent.java
hadoop,removed_YARN,YARN,hadoop-mapreduce-project/hadoop-yarn/hadoop-yarn-server/hadoop-yarn-server-resourcemanager/src/main/java/org/apache/hadoop/yarn/server/resourcemanager/rmapp/attempt/event/RMAppAttemptUnregistrationEvent.java
hadoop,removed_YARN,YARN,hadoop-mapreduce-project/hadoop-yarn/hadoop-yarn-server/hadoop-yarn-server-resourcemanager/src/main/java/org/apache/hadoop/yarn/server/resourcemanager/rmcontainer/ContainerAllocationExpirer.java
hadoop,removed_YARN,YARN,hadoop-mapreduce-project/hadoop-yarn/hadoop-yarn-server/hadoop-yarn-server-resourcemanager/src/main/java/org/apache/hadoop/yarn/server/resourcemanager/rmcontainer/RMContainer.java
hadoop,removed_YARN,YARN,hadoop-mapreduce-project/hadoop-yarn/hadoop-yarn-server/hadoop-yarn-server-resourcemanager/src/main/java/org/apache/hadoop/yarn/server/resourcemanager/rmcontainer/RMContainerEvent.java
hadoop,removed_YARN,YARN,hadoop-mapreduce-project/hadoop-yarn/hadoop-yarn-server/hadoop-yarn-server-resourcemanager/src/main/java/org/apache/hadoop/yarn/server/resourcemanager/rmcontainer/RMContainerEventType.java
hadoop,removed_YARN,YARN,hadoop-mapreduce-project/hadoop-yarn/hadoop-yarn-server/hadoop-yarn-server-resourcemanager/src/main/java/org/apache/hadoop/yarn/server/resourcemanager/rmcontainer/RMContainerFinishedEvent.java
hadoop,removed_YARN,YARN,hadoop-mapreduce-project/hadoop-yarn/hadoop-yarn-server/hadoop-yarn-server-resourcemanager/src/main/java/org/apache/hadoop/yarn/server/resourcemanager/rmcontainer/RMContainerImpl.java
hadoop,removed_YARN,YARN,hadoop-mapreduce-project/hadoop-yarn/hadoop-yarn-server/hadoop-yarn-server-resourcemanager/src/main/java/org/apache/hadoop/yarn/server/resourcemanager/rmcontainer/RMContainerReservedEvent.java
hadoop,removed_YARN,YARN,hadoop-mapreduce-project/hadoop-yarn/hadoop-yarn-server/hadoop-yarn-server-resourcemanager/src/main/java/org/apache/hadoop/yarn/server/resourcemanager/rmcontainer/RMContainerState.java
hadoop,removed_YARN,YARN,hadoop-mapreduce-project/hadoop-yarn/hadoop-yarn-server/hadoop-yarn-server-resourcemanager/src/main/java/org/apache/hadoop/yarn/server/resourcemanager/rmnode/RMNode.java
hadoop,removed_YARN,YARN,hadoop-mapreduce-project/hadoop-yarn/hadoop-yarn-server/hadoop-yarn-server-resourcemanager/src/main/java/org/apache/hadoop/yarn/server/resourcemanager/rmnode/RMNodeCleanAppEvent.java
hadoop,removed_YARN,YARN,hadoop-mapreduce-project/hadoop-yarn/hadoop-yarn-server/hadoop-yarn-server-resourcemanager/src/main/java/org/apache/hadoop/yarn/server/resourcemanager/rmnode/RMNodeCleanContainerEvent.java
hadoop,removed_YARN,YARN,hadoop-mapreduce-project/hadoop-yarn/hadoop-yarn-server/hadoop-yarn-server-resourcemanager/src/main/java/org/apache/hadoop/yarn/server/resourcemanager/rmnode/RMNodeEvent.java
hadoop,removed_YARN,YARN,hadoop-mapreduce-project/hadoop-yarn/hadoop-yarn-server/hadoop-yarn-server-resourcemanager/src/main/java/org/apache/hadoop/yarn/server/resourcemanager/rmnode/RMNodeEventType.java
hadoop,removed_YARN,YARN,hadoop-mapreduce-project/hadoop-yarn/hadoop-yarn-server/hadoop-yarn-server-resourcemanager/src/main/java/org/apache/hadoop/yarn/server/resourcemanager/rmnode/RMNodeImpl.java
hadoop,removed_YARN,YARN,hadoop-mapreduce-project/hadoop-yarn/hadoop-yarn-server/hadoop-yarn-server-resourcemanager/src/main/java/org/apache/hadoop/yarn/server/resourcemanager/rmnode/RMNodeState.java
hadoop,removed_YARN,YARN,hadoop-mapreduce-project/hadoop-yarn/hadoop-yarn-server/hadoop-yarn-server-resourcemanager/src/main/java/org/apache/hadoop/yarn/server/resourcemanager/rmnode/RMNodeStatusEvent.java
hadoop,removed_YARN,YARN,hadoop-mapreduce-project/hadoop-yarn/hadoop-yarn-server/hadoop-yarn-server-resourcemanager/src/main/java/org/apache/hadoop/yarn/server/resourcemanager/scheduler/Allocation.java
hadoop,removed_YARN,YARN,hadoop-mapreduce-project/hadoop-yarn/hadoop-yarn-server/hadoop-yarn-server-resourcemanager/src/main/java/org/apache/hadoop/yarn/server/resourcemanager/scheduler/AppSchedulingInfo.java
hadoop,removed_YARN,YARN,hadoop-mapreduce-project/hadoop-yarn/hadoop-yarn-server/hadoop-yarn-server-resourcemanager/src/main/java/org/apache/hadoop/yarn/server/resourcemanager/scheduler/NodeReport.java
hadoop,removed_YARN,YARN,hadoop-mapreduce-project/hadoop-yarn/hadoop-yarn-server/hadoop-yarn-server-resourcemanager/src/main/java/org/apache/hadoop/yarn/server/resourcemanager/scheduler/NodeResponse.java
hadoop,removed_YARN,YARN,hadoop-mapreduce-project/hadoop-yarn/hadoop-yarn-server/hadoop-yarn-server-resourcemanager/src/main/java/org/apache/hadoop/yarn/server/resourcemanager/scheduler/NodeType.java
hadoop,removed_YARN,YARN,hadoop-mapreduce-project/hadoop-yarn/hadoop-yarn-server/hadoop-yarn-server-resourcemanager/src/main/java/org/apache/hadoop/yarn/server/resourcemanager/scheduler/Queue.java
hadoop,removed_YARN,YARN,hadoop-mapreduce-project/hadoop-yarn/hadoop-yarn-server/hadoop-yarn-server-resourcemanager/src/main/java/org/apache/hadoop/yarn/server/resourcemanager/scheduler/QueueMetrics.java
hadoop,removed_YARN,YARN,hadoop-mapreduce-project/hadoop-yarn/hadoop-yarn-server/hadoop-yarn-server-resourcemanager/src/main/java/org/apache/hadoop/yarn/server/resourcemanager/scheduler/ResourceScheduler.java
hadoop,removed_YARN,YARN,hadoop-mapreduce-project/hadoop-yarn/hadoop-yarn-server/hadoop-yarn-server-resourcemanager/src/main/java/org/apache/hadoop/yarn/server/resourcemanager/scheduler/SchedulerApp.java
hadoop,removed_YARN,YARN,hadoop-mapreduce-project/hadoop-yarn/hadoop-yarn-server/hadoop-yarn-server-resourcemanager/src/main/java/org/apache/hadoop/yarn/server/resourcemanager/scheduler/SchedulerAppReport.java
hadoop,removed_YARN,YARN,hadoop-mapreduce-project/hadoop-yarn/hadoop-yarn-server/hadoop-yarn-server-resourcemanager/src/main/java/org/apache/hadoop/yarn/server/resourcemanager/scheduler/SchedulerNode.java
hadoop,removed_YARN,YARN,hadoop-mapreduce-project/hadoop-yarn/hadoop-yarn-server/hadoop-yarn-server-resourcemanager/src/main/java/org/apache/hadoop/yarn/server/resourcemanager/scheduler/SchedulerNodeReport.java
hadoop,removed_YARN,YARN,hadoop-mapreduce-project/hadoop-yarn/hadoop-yarn-server/hadoop-yarn-server-resourcemanager/src/main/java/org/apache/hadoop/yarn/server/resourcemanager/scheduler/SchedulerUtils.java
hadoop,removed_YARN,YARN,hadoop-mapreduce-project/hadoop-yarn/hadoop-yarn-server/hadoop-yarn-server-resourcemanager/src/main/java/org/apache/hadoop/yarn/server/resourcemanager/scheduler/YarnScheduler.java
hadoop,removed_YARN,YARN,hadoop-mapreduce-project/hadoop-yarn/hadoop-yarn-server/hadoop-yarn-server-resourcemanager/src/main/java/org/apache/hadoop/yarn/server/resourcemanager/scheduler/capacity/CSQueue.java
hadoop,removed_YARN,YARN,hadoop-mapreduce-project/hadoop-yarn/hadoop-yarn-server/hadoop-yarn-server-resourcemanager/src/main/java/org/apache/hadoop/yarn/server/resourcemanager/scheduler/capacity/CapacityScheduler.java
hadoop,removed_YARN,YARN,hadoop-mapreduce-project/hadoop-yarn/hadoop-yarn-server/hadoop-yarn-server-resourcemanager/src/main/java/org/apache/hadoop/yarn/server/resourcemanager/scheduler/capacity/CapacitySchedulerConfiguration.java
hadoop,removed_YARN,YARN,hadoop-mapreduce-project/hadoop-yarn/hadoop-yarn-server/hadoop-yarn-server-resourcemanager/src/main/java/org/apache/hadoop/yarn/server/resourcemanager/scheduler/capacity/CapacitySchedulerContext.java
hadoop,removed_YARN,YARN,hadoop-mapreduce-project/hadoop-yarn/hadoop-yarn-server/hadoop-yarn-server-resourcemanager/src/main/java/org/apache/hadoop/yarn/server/resourcemanager/scheduler/capacity/LeafQueue.java
hadoop,removed_YARN,YARN,hadoop-mapreduce-project/hadoop-yarn/hadoop-yarn-server/hadoop-yarn-server-resourcemanager/src/main/java/org/apache/hadoop/yarn/server/resourcemanager/scheduler/capacity/ParentQueue.java
hadoop,removed_YARN,YARN,hadoop-mapreduce-project/hadoop-yarn/hadoop-yarn-server/hadoop-yarn-server-resourcemanager/src/main/java/org/apache/hadoop/yarn/server/resourcemanager/scheduler/event/AppAddedSchedulerEvent.java
hadoop,removed_YARN,YARN,hadoop-mapreduce-project/hadoop-yarn/hadoop-yarn-server/hadoop-yarn-server-resourcemanager/src/main/java/org/apache/hadoop/yarn/server/resourcemanager/scheduler/event/AppRemovedSchedulerEvent.java
hadoop,removed_YARN,YARN,hadoop-mapreduce-project/hadoop-yarn/hadoop-yarn-server/hadoop-yarn-server-resourcemanager/src/main/java/org/apache/hadoop/yarn/server/resourcemanager/scheduler/event/ContainerExpiredSchedulerEvent.java
hadoop,removed_YARN,YARN,hadoop-mapreduce-project/hadoop-yarn/hadoop-yarn-server/hadoop-yarn-server-resourcemanager/src/main/java/org/apache/hadoop/yarn/server/resourcemanager/scheduler/event/NodeAddedSchedulerEvent.java
hadoop,removed_YARN,YARN,hadoop-mapreduce-project/hadoop-yarn/hadoop-yarn-server/hadoop-yarn-server-resourcemanager/src/main/java/org/apache/hadoop/yarn/server/resourcemanager/scheduler/event/NodeRemovedSchedulerEvent.java
hadoop,removed_YARN,YARN,hadoop-mapreduce-project/hadoop-yarn/hadoop-yarn-server/hadoop-yarn-server-resourcemanager/src/main/java/org/apache/hadoop/yarn/server/resourcemanager/scheduler/event/NodeUpdateSchedulerEvent.java
hadoop,removed_YARN,YARN,hadoop-mapreduce-project/hadoop-yarn/hadoop-yarn-server/hadoop-yarn-server-resourcemanager/src/main/java/org/apache/hadoop/yarn/server/resourcemanager/scheduler/event/SchedulerEvent.java
hadoop,removed_YARN,YARN,hadoop-mapreduce-project/hadoop-yarn/hadoop-yarn-server/hadoop-yarn-server-resourcemanager/src/main/java/org/apache/hadoop/yarn/server/resourcemanager/scheduler/event/SchedulerEventType.java
hadoop,removed_YARN,YARN,hadoop-mapreduce-project/hadoop-yarn/hadoop-yarn-server/hadoop-yarn-server-resourcemanager/src/main/java/org/apache/hadoop/yarn/server/resourcemanager/scheduler/fifo/FifoScheduler.java
hadoop,removed_YARN,YARN,hadoop-mapreduce-project/hadoop-yarn/hadoop-yarn-server/hadoop-yarn-server-resourcemanager/src/main/java/org/apache/hadoop/yarn/server/resourcemanager/security/DelegationTokenRenewer.java
hadoop,removed_YARN,YARN,hadoop-mapreduce-project/hadoop-yarn/hadoop-yarn-server/hadoop-yarn-server-resourcemanager/src/main/java/org/apache/hadoop/yarn/server/resourcemanager/security/admin/AdminSecurityInfo.java
hadoop,removed_YARN,YARN,hadoop-mapreduce-project/hadoop-yarn/hadoop-yarn-server/hadoop-yarn-server-resourcemanager/src/main/java/org/apache/hadoop/yarn/server/resourcemanager/security/authorize/RMPolicyProvider.java
hadoop,removed_YARN,YARN,hadoop-mapreduce-project/hadoop-yarn/hadoop-yarn-server/hadoop-yarn-server-resourcemanager/src/main/java/org/apache/hadoop/yarn/server/resourcemanager/tools/RMAdmin.java
hadoop,removed_YARN,YARN,hadoop-mapreduce-project/hadoop-yarn/hadoop-yarn-server/hadoop-yarn-server-resourcemanager/src/main/java/org/apache/hadoop/yarn/server/resourcemanager/webapp/AboutBlock.java
hadoop,removed_YARN,YARN,hadoop-mapreduce-project/hadoop-yarn/hadoop-yarn-server/hadoop-yarn-server-resourcemanager/src/main/java/org/apache/hadoop/yarn/server/resourcemanager/webapp/AboutPage.java
hadoop,removed_YARN,YARN,hadoop-mapreduce-project/hadoop-yarn/hadoop-yarn-server/hadoop-yarn-server-resourcemanager/src/main/java/org/apache/hadoop/yarn/server/resourcemanager/webapp/AppsBlock.java
hadoop,removed_YARN,YARN,hadoop-mapreduce-project/hadoop-yarn/hadoop-yarn-server/hadoop-yarn-server-resourcemanager/src/main/java/org/apache/hadoop/yarn/server/resourcemanager/webapp/AppsBlockWithMetrics.java
hadoop,removed_YARN,YARN,hadoop-mapreduce-project/hadoop-yarn/hadoop-yarn-server/hadoop-yarn-server-resourcemanager/src/main/java/org/apache/hadoop/yarn/server/resourcemanager/webapp/AppsList.java
hadoop,removed_YARN,YARN,hadoop-mapreduce-project/hadoop-yarn/hadoop-yarn-server/hadoop-yarn-server-resourcemanager/src/main/java/org/apache/hadoop/yarn/server/resourcemanager/webapp/CapacitySchedulerPage.java
hadoop,removed_YARN,YARN,hadoop-mapreduce-project/hadoop-yarn/hadoop-yarn-server/hadoop-yarn-server-resourcemanager/src/main/java/org/apache/hadoop/yarn/server/resourcemanager/webapp/DefaultSchedulerPage.java
hadoop,removed_YARN,YARN,hadoop-mapreduce-project/hadoop-yarn/hadoop-yarn-server/hadoop-yarn-server-resourcemanager/src/main/java/org/apache/hadoop/yarn/server/resourcemanager/webapp/MetricsOverviewTable.java
hadoop,removed_YARN,YARN,hadoop-mapreduce-project/hadoop-yarn/hadoop-yarn-server/hadoop-yarn-server-resourcemanager/src/main/java/org/apache/hadoop/yarn/server/resourcemanager/webapp/NavBlock.java
hadoop,removed_YARN,YARN,hadoop-mapreduce-project/hadoop-yarn/hadoop-yarn-server/hadoop-yarn-server-resourcemanager/src/main/java/org/apache/hadoop/yarn/server/resourcemanager/webapp/NodesPage.java
hadoop,removed_YARN,YARN,hadoop-mapreduce-project/hadoop-yarn/hadoop-yarn-server/hadoop-yarn-server-resourcemanager/src/main/java/org/apache/hadoop/yarn/server/resourcemanager/webapp/RMWebApp.java
hadoop,removed_YARN,YARN,hadoop-mapreduce-project/hadoop-yarn/hadoop-yarn-server/hadoop-yarn-server-resourcemanager/src/main/java/org/apache/hadoop/yarn/server/resourcemanager/webapp/RmController.java
hadoop,removed_YARN,YARN,hadoop-mapreduce-project/hadoop-yarn/hadoop-yarn-server/hadoop-yarn-server-resourcemanager/src/main/java/org/apache/hadoop/yarn/server/resourcemanager/webapp/RmView.java
hadoop,removed_YARN,YARN,hadoop-mapreduce-project/hadoop-yarn/hadoop-yarn-server/hadoop-yarn-server-web-proxy/src/main/java/org/apache/hadoop/yarn/server/webproxy/AppReportFetcher.java
hadoop,removed_YARN,YARN,hadoop-mapreduce-project/hadoop-yarn/hadoop-yarn-server/hadoop-yarn-server-web-proxy/src/main/java/org/apache/hadoop/yarn/server/webproxy/ProxyUriUtils.java
hadoop,removed_YARN,YARN,hadoop-mapreduce-project/hadoop-yarn/hadoop-yarn-server/hadoop-yarn-server-web-proxy/src/main/java/org/apache/hadoop/yarn/server/webproxy/WebAppProxy.java
hadoop,removed_YARN,YARN,hadoop-mapreduce-project/hadoop-yarn/hadoop-yarn-server/hadoop-yarn-server-web-proxy/src/main/java/org/apache/hadoop/yarn/server/webproxy/WebAppProxyServer.java
hadoop,removed_YARN,YARN,hadoop-mapreduce-project/hadoop-yarn/hadoop-yarn-server/hadoop-yarn-server-web-proxy/src/main/java/org/apache/hadoop/yarn/server/webproxy/WebAppProxyServlet.java
hadoop,removed_YARN,YARN,hadoop-mapreduce-project/hadoop-yarn/hadoop-yarn-server/hadoop-yarn-server-web-proxy/src/main/java/org/apache/hadoop/yarn/server/webproxy/amfilter/AmFilterInitializer.java
hadoop,removed_YARN,YARN,hadoop-mapreduce-project/hadoop-yarn/hadoop-yarn-server/hadoop-yarn-server-web-proxy/src/main/java/org/apache/hadoop/yarn/server/webproxy/amfilter/AmIpFilter.java
hadoop,removed_YARN,YARN,hadoop-mapreduce-project/hadoop-yarn/hadoop-yarn-server/hadoop-yarn-server-web-proxy/src/main/java/org/apache/hadoop/yarn/server/webproxy/amfilter/AmIpPrincipal.java
hadoop,removed_YARN,YARN,hadoop-mapreduce-project/hadoop-yarn/hadoop-yarn-server/hadoop-yarn-server-web-proxy/src/main/java/org/apache/hadoop/yarn/server/webproxy/amfilter/AmIpServletRequestWrapper.java
hadoop,removed_YARN,YARN,hadoop-mapreduce-project/src/contrib/block_forensics/client/BlockForensics.java
hadoop,removed_YARN,YARN,hadoop-mapreduce-project/src/contrib/block_forensics/src/java/org/apache/hadoop/blockforensics/BlockSearch.java
hadoop,removed_YARN,YARN,hadoop-mapreduce-project/src/contrib/data_join/src/java/org/apache/hadoop/contrib/utils/join/ResetableIterator.java
hadoop,removed_YARN,YARN,hadoop-mapreduce-project/src/contrib/eclipse-plugin/src/java/org/apache/hadoop/eclipse/Activator.java
hadoop,removed_YARN,YARN,hadoop-mapreduce-project/src/contrib/eclipse-plugin/src/java/org/apache/hadoop/eclipse/ErrorMessageDialog.java
hadoop,removed_YARN,YARN,hadoop-mapreduce-project/src/contrib/eclipse-plugin/src/java/org/apache/hadoop/eclipse/HadoopPerspectiveFactory.java
hadoop,removed_YARN,YARN,hadoop-mapreduce-project/src/contrib/eclipse-plugin/src/java/org/apache/hadoop/eclipse/ImageLibrary.java
hadoop,removed_YARN,YARN,hadoop-mapreduce-project/src/contrib/eclipse-plugin/src/java/org/apache/hadoop/eclipse/MapReduceNature.java
hadoop,removed_YARN,YARN,hadoop-mapreduce-project/src/contrib/eclipse-plugin/src/java/org/apache/hadoop/eclipse/NewDriverWizard.java
hadoop,removed_YARN,YARN,hadoop-mapreduce-project/src/contrib/eclipse-plugin/src/java/org/apache/hadoop/eclipse/NewDriverWizardPage.java
hadoop,removed_YARN,YARN,hadoop-mapreduce-project/src/contrib/eclipse-plugin/src/java/org/apache/hadoop/eclipse/NewMapReduceProjectWizard.java
hadoop,removed_YARN,YARN,hadoop-mapreduce-project/src/contrib/eclipse-plugin/src/java/org/apache/hadoop/eclipse/NewMapperWizard.java
hadoop,removed_YARN,YARN,hadoop-mapreduce-project/src/contrib/eclipse-plugin/src/java/org/apache/hadoop/eclipse/NewReducerWizard.java
hadoop,removed_YARN,YARN,hadoop-mapreduce-project/src/contrib/eclipse-plugin/src/java/org/apache/hadoop/eclipse/PropertyTester.java
hadoop,removed_YARN,YARN,hadoop-mapreduce-project/src/contrib/eclipse-plugin/src/java/org/apache/hadoop/eclipse/actions/DFSActionImpl.java
hadoop,removed_YARN,YARN,hadoop-mapreduce-project/src/contrib/eclipse-plugin/src/java/org/apache/hadoop/eclipse/actions/EditLocationAction.java
hadoop,removed_YARN,YARN,hadoop-mapreduce-project/src/contrib/eclipse-plugin/src/java/org/apache/hadoop/eclipse/actions/NewLocationAction.java
hadoop,removed_YARN,YARN,hadoop-mapreduce-project/src/contrib/eclipse-plugin/src/java/org/apache/hadoop/eclipse/actions/OpenNewMRClassWizardAction.java
hadoop,removed_YARN,YARN,hadoop-mapreduce-project/src/contrib/eclipse-plugin/src/java/org/apache/hadoop/eclipse/actions/OpenNewMRProjectAction.java
hadoop,removed_YARN,YARN,hadoop-mapreduce-project/src/contrib/eclipse-plugin/src/java/org/apache/hadoop/eclipse/dfs/ActionProvider.java
hadoop,removed_YARN,YARN,hadoop-mapreduce-project/src/contrib/eclipse-plugin/src/java/org/apache/hadoop/eclipse/dfs/DFSActions.java
hadoop,removed_YARN,YARN,hadoop-mapreduce-project/src/contrib/eclipse-plugin/src/java/org/apache/hadoop/eclipse/dfs/DFSContent.java
hadoop,removed_YARN,YARN,hadoop-mapreduce-project/src/contrib/eclipse-plugin/src/java/org/apache/hadoop/eclipse/dfs/DFSContentProvider.java
hadoop,removed_YARN,YARN,hadoop-mapreduce-project/src/contrib/eclipse-plugin/src/java/org/apache/hadoop/eclipse/dfs/DFSFile.java
hadoop,removed_YARN,YARN,hadoop-mapreduce-project/src/contrib/eclipse-plugin/src/java/org/apache/hadoop/eclipse/dfs/DFSLocationsRoot.java
hadoop,removed_YARN,YARN,hadoop-mapreduce-project/src/contrib/eclipse-plugin/src/java/org/apache/hadoop/eclipse/dfs/DFSPath.java
hadoop,removed_YARN,YARN,hadoop-mapreduce-project/src/contrib/eclipse-plugin/src/java/org/apache/hadoop/eclipse/launch/HadoopApplicationLaunchShortcut.java
hadoop,removed_YARN,YARN,hadoop-mapreduce-project/src/contrib/eclipse-plugin/src/java/org/apache/hadoop/eclipse/launch/LocalMapReduceLaunchTabGroup.java
hadoop,removed_YARN,YARN,hadoop-mapreduce-project/src/contrib/eclipse-plugin/src/java/org/apache/hadoop/eclipse/launch/MutexRule.java
hadoop,removed_YARN,YARN,hadoop-mapreduce-project/src/contrib/eclipse-plugin/src/java/org/apache/hadoop/eclipse/launch/StartHadoopLaunchTabGroup.java
hadoop,removed_YARN,YARN,hadoop-mapreduce-project/src/contrib/eclipse-plugin/src/java/org/apache/hadoop/eclipse/preferences/MapReducePreferencePage.java
hadoop,removed_YARN,YARN,hadoop-mapreduce-project/src/contrib/eclipse-plugin/src/java/org/apache/hadoop/eclipse/preferences/PreferenceConstants.java
hadoop,removed_YARN,YARN,hadoop-mapreduce-project/src/contrib/eclipse-plugin/src/java/org/apache/hadoop/eclipse/preferences/PreferenceInitializer.java
hadoop,removed_YARN,YARN,hadoop-mapreduce-project/src/contrib/eclipse-plugin/src/java/org/apache/hadoop/eclipse/server/ConfProp.java
hadoop,removed_YARN,YARN,hadoop-mapreduce-project/src/contrib/eclipse-plugin/src/java/org/apache/hadoop/eclipse/server/HadoopJob.java
hadoop,removed_YARN,YARN,hadoop-mapreduce-project/src/contrib/eclipse-plugin/src/java/org/apache/hadoop/eclipse/server/HadoopPathPage.java
hadoop,removed_YARN,YARN,hadoop-mapreduce-project/src/contrib/eclipse-plugin/src/java/org/apache/hadoop/eclipse/server/HadoopServer.java
hadoop,removed_YARN,YARN,hadoop-mapreduce-project/src/contrib/eclipse-plugin/src/java/org/apache/hadoop/eclipse/server/IJobListener.java
hadoop,removed_YARN,YARN,hadoop-mapreduce-project/src/contrib/eclipse-plugin/src/java/org/apache/hadoop/eclipse/server/JarModule.java
hadoop,removed_YARN,YARN,hadoop-mapreduce-project/src/contrib/eclipse-plugin/src/java/org/apache/hadoop/eclipse/servers/HadoopLocationWizard.java
hadoop,removed_YARN,YARN,hadoop-mapreduce-project/src/contrib/eclipse-plugin/src/java/org/apache/hadoop/eclipse/servers/HadoopServerSelectionListContentProvider.java
hadoop,removed_YARN,YARN,hadoop-mapreduce-project/src/contrib/eclipse-plugin/src/java/org/apache/hadoop/eclipse/servers/IHadoopServerListener.java
hadoop,removed_YARN,YARN,hadoop-mapreduce-project/src/contrib/eclipse-plugin/src/java/org/apache/hadoop/eclipse/servers/RunOnHadoopWizard.java
hadoop,removed_YARN,YARN,hadoop-mapreduce-project/src/contrib/eclipse-plugin/src/java/org/apache/hadoop/eclipse/servers/ServerRegistry.java
hadoop,removed_YARN,YARN,hadoop-mapreduce-project/src/contrib/eclipse-plugin/src/java/org/apache/hadoop/eclipse/view/servers/ServerView.java
hadoop,removed_YARN,YARN,hadoop-mapreduce-project/src/contrib/index/src/java/org/apache/hadoop/contrib/index/example/HashingDistributionPolicy.java
hadoop,removed_YARN,YARN,hadoop-mapreduce-project/src/contrib/index/src/java/org/apache/hadoop/contrib/index/example/LineDocTextAndOp.java
hadoop,removed_YARN,YARN,hadoop-mapreduce-project/src/contrib/index/src/java/org/apache/hadoop/contrib/index/example/RoundRobinDistributionPolicy.java
hadoop,removed_YARN,YARN,hadoop-mapreduce-project/src/contrib/index/src/java/org/apache/hadoop/contrib/index/lucene/FileSystemDirectory.java
hadoop,removed_YARN,YARN,hadoop-mapreduce-project/src/contrib/index/src/java/org/apache/hadoop/contrib/index/lucene/LuceneIndexFileNameFilter.java
hadoop,removed_YARN,YARN,hadoop-mapreduce-project/src/contrib/index/src/java/org/apache/hadoop/contrib/index/lucene/LuceneUtil.java
hadoop,removed_YARN,YARN,hadoop-mapreduce-project/src/contrib/index/src/java/org/apache/hadoop/contrib/index/lucene/MixedDeletionPolicy.java
hadoop,removed_YARN,YARN,hadoop-mapreduce-project/src/contrib/index/src/java/org/apache/hadoop/contrib/index/lucene/MixedDirectory.java
hadoop,removed_YARN,YARN,hadoop-mapreduce-project/src/contrib/index/src/java/org/apache/hadoop/contrib/index/lucene/RAMDirectoryUtil.java
hadoop,removed_YARN,YARN,hadoop-mapreduce-project/src/contrib/index/src/java/org/apache/hadoop/contrib/index/main/UpdateIndex.java
hadoop,removed_YARN,YARN,hadoop-mapreduce-project/src/contrib/raid/src/java/org/apache/hadoop/raid/BlockFixer.java
hadoop,removed_YARN,YARN,hadoop-mapreduce-project/src/contrib/raid/src/java/org/apache/hadoop/raid/ConfigManager.java
hadoop,removed_YARN,YARN,hadoop-mapreduce-project/src/contrib/raid/src/java/org/apache/hadoop/raid/Decoder.java
hadoop,removed_YARN,YARN,hadoop-mapreduce-project/src/contrib/raid/src/java/org/apache/hadoop/raid/DirectoryTraversal.java
hadoop,removed_YARN,YARN,hadoop-mapreduce-project/src/contrib/raid/src/java/org/apache/hadoop/raid/DistBlockFixer.java
hadoop,removed_YARN,YARN,hadoop-mapreduce-project/src/contrib/raid/src/java/org/apache/hadoop/raid/DistRaid.java
hadoop,removed_YARN,YARN,hadoop-mapreduce-project/src/contrib/raid/src/java/org/apache/hadoop/raid/DistRaidNode.java
hadoop,removed_YARN,YARN,hadoop-mapreduce-project/src/contrib/raid/src/java/org/apache/hadoop/raid/Encoder.java
hadoop,removed_YARN,YARN,hadoop-mapreduce-project/src/contrib/raid/src/java/org/apache/hadoop/raid/ErasureCode.java
hadoop,removed_YARN,YARN,hadoop-mapreduce-project/src/contrib/raid/src/java/org/apache/hadoop/raid/GaloisField.java
hadoop,removed_YARN,YARN,hadoop-mapreduce-project/src/contrib/raid/src/java/org/apache/hadoop/raid/HarIndex.java
hadoop,removed_YARN,YARN,hadoop-mapreduce-project/src/contrib/raid/src/java/org/apache/hadoop/raid/JobMonitor.java
hadoop,removed_YARN,YARN,hadoop-mapreduce-project/src/contrib/raid/src/java/org/apache/hadoop/raid/LocalBlockFixer.java
hadoop,removed_YARN,YARN,hadoop-mapreduce-project/src/contrib/raid/src/java/org/apache/hadoop/raid/LocalRaidNode.java
hadoop,removed_YARN,YARN,hadoop-mapreduce-project/src/contrib/raid/src/java/org/apache/hadoop/raid/ParityInputStream.java
hadoop,removed_YARN,YARN,hadoop-mapreduce-project/src/contrib/raid/src/java/org/apache/hadoop/raid/RaidConfigurationException.java
hadoop,removed_YARN,YARN,hadoop-mapreduce-project/src/contrib/raid/src/java/org/apache/hadoop/raid/RaidFilter.java
hadoop,removed_YARN,YARN,hadoop-mapreduce-project/src/contrib/raid/src/java/org/apache/hadoop/raid/RaidNode.java
hadoop,removed_YARN,YARN,hadoop-mapreduce-project/src/contrib/raid/src/java/org/apache/hadoop/raid/RaidShell.java
hadoop,removed_YARN,YARN,hadoop-mapreduce-project/src/contrib/raid/src/java/org/apache/hadoop/raid/RaidUtils.java
hadoop,removed_YARN,YARN,hadoop-mapreduce-project/src/contrib/raid/src/java/org/apache/hadoop/raid/ReedSolomonCode.java
hadoop,removed_YARN,YARN,hadoop-mapreduce-project/src/contrib/raid/src/java/org/apache/hadoop/raid/ReedSolomonDecoder.java
hadoop,removed_YARN,YARN,hadoop-mapreduce-project/src/contrib/raid/src/java/org/apache/hadoop/raid/ReedSolomonEncoder.java
hadoop,removed_YARN,YARN,hadoop-mapreduce-project/src/contrib/raid/src/java/org/apache/hadoop/raid/XORDecoder.java
hadoop,removed_YARN,YARN,hadoop-mapreduce-project/src/contrib/raid/src/java/org/apache/hadoop/raid/XOREncoder.java
hadoop,removed_YARN,YARN,hadoop-mapreduce-project/src/contrib/raid/src/java/org/apache/hadoop/raid/protocol/PolicyInfo.java
hadoop,removed_YARN,YARN,hadoop-mapreduce-project/src/contrib/raid/src/java/org/apache/hadoop/raid/protocol/RaidProtocol.java
hadoop,removed_YARN,YARN,hadoop-mapreduce-project/src/contrib/streaming/src/java/org/apache/hadoop/typedbytes/TypedBytesInput.java
hadoop,removed_YARN,YARN,hadoop-mapreduce-project/src/contrib/vaidya/src/java/org/apache/hadoop/vaidya/postexdiagnosis/tests/BalancedReducePartitioning.java
hadoop,removed_YARN,YARN,hadoop-mapreduce-project/src/contrib/vaidya/src/java/org/apache/hadoop/vaidya/postexdiagnosis/tests/MapsReExecutionImpact.java
hadoop,removed_YARN,YARN,hadoop-mapreduce-project/src/contrib/vaidya/src/java/org/apache/hadoop/vaidya/postexdiagnosis/tests/ReadingHDFSFilesAsSideEffect.java
hadoop,removed_YARN,YARN,hadoop-mapreduce-project/src/contrib/vaidya/src/java/org/apache/hadoop/vaidya/postexdiagnosis/tests/ReducesReExecutionImpact.java
hadoop,removed_YARN,YARN,hadoop-mapreduce-project/src/contrib/vaidya/src/java/org/apache/hadoop/vaidya/statistics/job/JobStatistics.java
hadoop,removed_YARN,YARN,hadoop-mapreduce-project/src/contrib/vaidya/src/java/org/apache/hadoop/vaidya/util/XMLUtils.java
hadoop,removed_YARN,YARN,hadoop-mapreduce-project/src/contrib/vertica/src/java/org/apache/hadoop/vertica/VerticaConfiguration.java
hadoop,removed_YARN,YARN,hadoop-mapreduce-project/src/contrib/vertica/src/java/org/apache/hadoop/vertica/VerticaInputFormat.java
hadoop,removed_YARN,YARN,hadoop-mapreduce-project/src/contrib/vertica/src/java/org/apache/hadoop/vertica/VerticaOutputFormat.java
hadoop,removed_YARN,YARN,hadoop-mapreduce-project/src/contrib/vertica/src/java/org/apache/hadoop/vertica/VerticaRecord.java
hadoop,removed_YARN,YARN,hadoop-mapreduce-project/src/contrib/vertica/src/java/org/apache/hadoop/vertica/VerticaRecordReader.java
hadoop,removed_YARN,YARN,hadoop-mapreduce-project/src/contrib/vertica/src/java/org/apache/hadoop/vertica/VerticaRecordWriter.java
hadoop,removed_YARN,YARN,hadoop-mapreduce-project/src/contrib/vertica/src/java/org/apache/hadoop/vertica/VerticaStreamingOutput.java
hadoop,removed_YARN,YARN,hadoop-mapreduce-project/src/contrib/vertica/src/java/org/apache/hadoop/vertica/VerticaStreamingRecordReader.java
hadoop,removed_YARN,YARN,hadoop-mapreduce-project/src/contrib/vertica/src/java/org/apache/hadoop/vertica/VerticaUtil.java
hadoop,removed_YARN,YARN,hadoop-mapreduce-project/src/examples/org/apache/hadoop/examples/DBCountPageView.java
hadoop,removed_YARN,YARN,hadoop-mapreduce-project/src/examples/org/apache/hadoop/examples/Grep.java
hadoop,removed_YARN,YARN,hadoop-mapreduce-project/src/examples/org/apache/hadoop/examples/QuasiMonteCarlo.java
hadoop,removed_YARN,YARN,hadoop-mapreduce-project/src/examples/org/apache/hadoop/examples/RandomWriter.java
hadoop,removed_YARN,YARN,hadoop-mapreduce-project/src/examples/org/apache/hadoop/examples/dancing/DancingLinks.java
hadoop,removed_YARN,YARN,hadoop-mapreduce-project/src/examples/org/apache/hadoop/examples/dancing/OneSidedPentomino.java
hadoop,removed_YARN,YARN,hadoop-mapreduce-project/src/examples/org/apache/hadoop/examples/dancing/Pentomino.java
hadoop,removed_YARN,YARN,hadoop-mapreduce-project/src/examples/org/apache/hadoop/examples/dancing/Sudoku.java
hadoop,removed_YARN,YARN,hadoop-mapreduce-project/src/examples/org/apache/hadoop/examples/pi/Combinable.java
hadoop,removed_YARN,YARN,hadoop-mapreduce-project/src/examples/org/apache/hadoop/examples/pi/Container.java
hadoop,removed_YARN,YARN,hadoop-mapreduce-project/src/examples/org/apache/hadoop/examples/pi/Parser.java
hadoop,removed_YARN,YARN,hadoop-mapreduce-project/src/examples/org/apache/hadoop/examples/pi/SummationWritable.java
hadoop,removed_YARN,YARN,hadoop-mapreduce-project/src/examples/org/apache/hadoop/examples/pi/Util.java
hadoop,removed_YARN,YARN,hadoop-mapreduce-project/src/examples/org/apache/hadoop/examples/pi/math/ArithmeticProgression.java
hadoop,removed_YARN,YARN,hadoop-mapreduce-project/src/examples/org/apache/hadoop/examples/pi/math/Bellard.java
hadoop,removed_YARN,YARN,hadoop-mapreduce-project/src/examples/org/apache/hadoop/examples/pi/math/Modular.java
hadoop,removed_YARN,YARN,hadoop-mapreduce-project/src/examples/org/apache/hadoop/examples/pi/math/Montgomery.java
hadoop,removed_YARN,YARN,hadoop-mapreduce-project/src/examples/org/apache/hadoop/examples/pi/math/Summation.java
hadoop,removed_YARN,YARN,hadoop-mapreduce-project/src/examples/org/apache/hadoop/examples/terasort/TeraScheduler.java
hadoop,removed_YARN,YARN,hadoop-mapreduce-project/src/examples/org/apache/hadoop/examples/terasort/Unsigned16.java
hadoop,removed_YARN,YARN,hadoop-mapreduce-project/src/tools/org/apache/hadoop/tools/DistCh.java
hadoop,removed_YARN,YARN,hadoop-mapreduce-project/src/tools/org/apache/hadoop/tools/DistCp.java
hadoop,removed_YARN,YARN,hadoop-mapreduce-project/src/tools/org/apache/hadoop/tools/DistTool.java
hadoop,removed_YARN,YARN,hadoop-mapreduce-project/src/tools/org/apache/hadoop/tools/HadoopArchives.java
hadoop,removed_YARN,YARN,hadoop-mapreduce-project/src/tools/org/apache/hadoop/tools/Logalyzer.java
hadoop,removed_YARN,YARN,hadoop-mapreduce-project/src/tools/org/apache/hadoop/tools/package-info.java
hadoop,removed_YARN,YARN,hadoop-mapreduce-project/src/tools/org/apache/hadoop/tools/rumen/CDFPiecewiseLinearRandomGenerator.java
hadoop,removed_YARN,YARN,hadoop-mapreduce-project/src/tools/org/apache/hadoop/tools/rumen/CDFRandomGenerator.java
hadoop,removed_YARN,YARN,hadoop-mapreduce-project/src/tools/org/apache/hadoop/tools/rumen/ClusterStory.java
hadoop,removed_YARN,YARN,hadoop-mapreduce-project/src/tools/org/apache/hadoop/tools/rumen/DeepCompare.java
hadoop,removed_YARN,YARN,hadoop-mapreduce-project/src/tools/org/apache/hadoop/tools/rumen/DeepInequalityException.java
hadoop,removed_YARN,YARN,hadoop-mapreduce-project/src/tools/org/apache/hadoop/tools/rumen/DefaultInputDemuxer.java
hadoop,removed_YARN,YARN,hadoop-mapreduce-project/src/tools/org/apache/hadoop/tools/rumen/DefaultOutputter.java
hadoop,removed_YARN,YARN,hadoop-mapreduce-project/src/tools/org/apache/hadoop/tools/rumen/DeskewedJobTraceReader.java
hadoop,removed_YARN,YARN,hadoop-mapreduce-project/src/tools/org/apache/hadoop/tools/rumen/Folder.java
hadoop,removed_YARN,YARN,hadoop-mapreduce-project/src/tools/org/apache/hadoop/tools/rumen/Histogram.java
hadoop,removed_YARN,YARN,hadoop-mapreduce-project/src/tools/org/apache/hadoop/tools/rumen/InputDemuxer.java
hadoop,removed_YARN,YARN,hadoop-mapreduce-project/src/tools/org/apache/hadoop/tools/rumen/JobConfigurationParser.java
hadoop,removed_YARN,YARN,hadoop-mapreduce-project/src/tools/org/apache/hadoop/tools/rumen/JobHistoryParser.java
hadoop,removed_YARN,YARN,hadoop-mapreduce-project/src/tools/org/apache/hadoop/tools/rumen/JobHistoryParserFactory.java
hadoop,removed_YARN,YARN,hadoop-mapreduce-project/src/tools/org/apache/hadoop/tools/rumen/JobStory.java
hadoop,removed_YARN,YARN,hadoop-mapreduce-project/src/tools/org/apache/hadoop/tools/rumen/JobStoryProducer.java
hadoop,removed_YARN,YARN,hadoop-mapreduce-project/src/tools/org/apache/hadoop/tools/rumen/JobTraceReader.java
hadoop,removed_YARN,YARN,hadoop-mapreduce-project/src/tools/org/apache/hadoop/tools/rumen/JsonObjectMapperWriter.java
hadoop,removed_YARN,YARN,hadoop-mapreduce-project/src/tools/org/apache/hadoop/tools/rumen/LogRecordType.java
hadoop,removed_YARN,YARN,hadoop-mapreduce-project/src/tools/org/apache/hadoop/tools/rumen/LoggedDiscreteCDF.java
hadoop,removed_YARN,YARN,hadoop-mapreduce-project/src/tools/org/apache/hadoop/tools/rumen/LoggedJob.java
hadoop,removed_YARN,YARN,hadoop-mapreduce-project/src/tools/org/apache/hadoop/tools/rumen/LoggedNetworkTopology.java
hadoop,removed_YARN,YARN,hadoop-mapreduce-project/src/tools/org/apache/hadoop/tools/rumen/LoggedSingleRelativeRanking.java
hadoop,removed_YARN,YARN,hadoop-mapreduce-project/src/tools/org/apache/hadoop/tools/rumen/LoggedTask.java
hadoop,removed_YARN,YARN,hadoop-mapreduce-project/src/tools/org/apache/hadoop/tools/rumen/LoggedTaskAttempt.java
hadoop,removed_YARN,YARN,hadoop-mapreduce-project/src/tools/org/apache/hadoop/tools/rumen/MapAttempt20LineHistoryEventEmitter.java
hadoop,removed_YARN,YARN,hadoop-mapreduce-project/src/tools/org/apache/hadoop/tools/rumen/Node.java
hadoop,removed_YARN,YARN,hadoop-mapreduce-project/src/tools/org/apache/hadoop/tools/rumen/Pair.java
hadoop,removed_YARN,YARN,hadoop-mapreduce-project/src/tools/org/apache/hadoop/tools/rumen/ParsedConfigFile.java
hadoop,removed_YARN,YARN,hadoop-mapreduce-project/src/tools/org/apache/hadoop/tools/rumen/ParsedHost.java
hadoop,removed_YARN,YARN,hadoop-mapreduce-project/src/tools/org/apache/hadoop/tools/rumen/ParsedLine.java
hadoop,removed_YARN,YARN,hadoop-mapreduce-project/src/tools/org/apache/hadoop/tools/rumen/PossiblyDecompressedInputStream.java
hadoop,removed_YARN,YARN,hadoop-mapreduce-project/src/tools/org/apache/hadoop/tools/rumen/Pre21JobHistoryConstants.java
hadoop,removed_YARN,YARN,hadoop-mapreduce-project/src/tools/org/apache/hadoop/tools/rumen/RandomSeedGenerator.java
hadoop,removed_YARN,YARN,hadoop-mapreduce-project/src/tools/org/apache/hadoop/tools/rumen/ReduceTaskAttemptInfo.java
hadoop,removed_YARN,YARN,hadoop-mapreduce-project/src/tools/org/apache/hadoop/tools/rumen/ResourceUsageMetrics.java
hadoop,removed_YARN,YARN,hadoop-mapreduce-project/src/tools/org/apache/hadoop/tools/rumen/RewindableInputStream.java
hadoop,removed_YARN,YARN,hadoop-mapreduce-project/src/tools/org/apache/hadoop/tools/rumen/TaskAttempt20LineEventEmitter.java
hadoop,removed_YARN,YARN,hadoop-mapreduce-project/src/tools/org/apache/hadoop/tools/rumen/TaskAttemptInfo.java
hadoop,removed_YARN,YARN,hadoop-mapreduce-project/src/tools/org/apache/hadoop/tools/rumen/TaskInfo.java
hadoop,removed_YARN,YARN,hadoop-mapreduce-project/src/tools/org/apache/hadoop/tools/rumen/TopologyBuilder.java
hadoop,removed_YARN,YARN,hadoop-mapreduce-project/src/tools/org/apache/hadoop/tools/rumen/TraceBuilder.java
hadoop,removed_YARN,YARN,hadoop-mapreduce-project/src/tools/org/apache/hadoop/tools/rumen/TreePath.java
hadoop,removed_YARN,YARN,hadoop-mapreduce-project/src/tools/org/apache/hadoop/tools/rumen/ZombieCluster.java
hadoop,removed_YARN,YARN,hadoop-mapreduce-project/src/tools/org/apache/hadoop/tools/rumen/package-info.java
jabref,removed_cli,cli,src/jmh/java/org/jabref/benchmarks/Benchmarks.java
jabref,removed_cli,cli,src/main/java/module-info.java
jabref,removed_cli,cli,src/main/java/org/jabref/architecture/AllowedToUseAwt.java
jabref,removed_cli,cli,src/main/java/org/jabref/architecture/AllowedToUseLogic.java
jabref,removed_cli,cli,src/main/java/org/jabref/architecture/AllowedToUseStandardStreams.java
jabref,removed_cli,cli,src/main/java/org/jabref/architecture/AllowedToUseSwing.java
jabref,removed_cli,cli,src/main/java/org/jabref/architecture/ApacheCommonsLang3Allowed.java
jabref,removed_cli,cli,src/main/java/org/jabref/cli/ArgumentProcessor.java
jabref,removed_cli,cli,src/main/java/org/jabref/cli/AuxCommandLine.java
jabref,removed_cli,cli,src/main/java/org/jabref/cli/JabRefCLI.java
jabref,removed_cli,cli,src/main/java/org/jabref/cli/Launcher.java
jabref,removed_cli,cli,src/main/java/org/jabref/cli/SystemOutputPrinter.java
jabref,removed_cli,cli,src/main/java/org/jabref/gui/JabRefFrame.java
jabref,removed_cli,cli,src/main/java/org/jabref/gui/collab/metedatachange/MetadataChangeDetailsView.java
jabref,removed_cli,cli,src/main/java/org/jabref/gui/commonfxcontrols/SaveOrderConfigPanel.java
jabref,removed_cli,cli,src/main/java/org/jabref/gui/desktop/os/OSX.java
jabref,removed_cli,cli,src/main/java/org/jabref/gui/entryeditor/FieldsEditorTab.java
jabref,removed_cli,cli,src/main/java/org/jabref/gui/entryeditor/SourceTab.java
jabref,removed_cli,cli,src/main/java/org/jabref/gui/exporter/SaveAction.java
jabref,removed_cli,cli,src/main/java/org/jabref/gui/externalfiles/ImportHandler.java
jabref,removed_cli,cli,src/main/java/org/jabref/gui/journals/AbbreviationType.java
jabref,removed_cli,cli,src/main/java/org/jabref/gui/keyboard/CodeAreaKeyBindings.java
jabref,removed_cli,cli,src/main/java/org/jabref/gui/keyboard/TextInputKeyBindings.java
jabref,removed_cli,cli,src/main/java/org/jabref/gui/logging/GuiWriter.java
jabref,removed_cli,cli,src/main/java/org/jabref/gui/maintable/MainTable.java
jabref,removed_cli,cli,src/main/java/org/jabref/gui/mergeentries/DiffHighlightingEllipsingTextFlow.java
jabref,removed_cli,cli,src/main/java/org/jabref/gui/mergeentries/EntriesMergeResult.java
jabref,removed_cli,cli,src/main/java/org/jabref/gui/mergeentries/MergeResult.java
jabref,removed_cli,cli,src/main/java/org/jabref/gui/mergeentries/newmergedialog/FieldRowView.java
jabref,removed_cli,cli,src/main/java/org/jabref/gui/openoffice/OOBibBase.java
jabref,removed_cli,cli,src/main/java/org/jabref/gui/remote/CLIMessageHandler.java
jabref,removed_cli,cli,src/main/java/org/jabref/logic/bst/BstFunctions.java
jabref,removed_cli,cli,src/main/java/org/jabref/logic/cleanup/FieldFormatterCleanups.java
jabref,removed_cli,cli,src/main/java/org/jabref/logic/importer/ImportFormatPreferences.java
jabref,removed_cli,cli,src/main/java/org/jabref/logic/importer/OutputPrinter.java
jabref,removed_cli,cli,src/main/java/org/jabref/logic/importer/fetcher/transformers/AbstractQueryTransformer.java
jabref,removed_cli,cli,src/main/java/org/jabref/logic/importer/fileformat/medline/ArticleId.java
jabref,removed_cli,cli,src/main/java/org/jabref/logic/importer/fileformat/medline/OtherId.java
jabref,removed_cli,cli,src/main/java/org/jabref/logic/importer/fileformat/mods/RecordInfo.java
jabref,removed_cli,cli,src/main/java/org/jabref/logic/l10n/Localization.java
jabref,removed_cli,cli,src/main/java/org/jabref/logic/l10n/LocalizationLocator.java
jabref,removed_cli,cli,src/main/java/org/jabref/logic/layout/StringInt.java
jabref,removed_cli,cli,src/main/java/org/jabref/logic/layout/format/AuthorAndsReplacer.java
jabref,removed_cli,cli,src/main/java/org/jabref/logic/layout/format/CSLType.java
jabref,removed_cli,cli,src/main/java/org/jabref/logic/openoffice/backend/Codec52.java
jabref,removed_cli,cli,src/main/java/org/jabref/logic/remote/RemoteUtil.java
jabref,removed_cli,cli,src/main/java/org/jabref/logic/remote/server/RemoteListenerServer.java
jabref,removed_cli,cli,src/main/java/org/jabref/logic/shared/DBMSConnectionProperties.java
jabref,removed_cli,cli,src/main/java/org/jabref/logic/shared/event/ConnectionLostEvent.java
jabref,removed_cli,cli,src/main/java/org/jabref/logic/util/BuildInfo.java
jabref,removed_cli,cli,src/main/java/org/jabref/logic/util/strings/StringManipulator.java
jabref,removed_cli,cli,src/main/java/org/jabref/logic/xmp/DublinCoreExtractor.java
jabref,removed_cli,cli,src/main/java/org/jabref/migrations/SpecialFieldsToSeparateFields.java
jabref,removed_cli,cli,src/main/java/org/jabref/model/entry/field/BibField.java
jabref,removed_cli,cli,src/main/java/org/jabref/model/entry/field/SpecialFieldValue.java
jabref,removed_cli,cli,src/main/java/org/jabref/model/openoffice/backend/NamedRange.java
jabref,removed_cli,cli,src/main/java/org/jabref/model/openoffice/backend/NamedRangeManager.java
jabref,removed_cli,cli,src/main/java/org/jabref/model/openoffice/ootext/OOTextIntoOO.java
jabref,removed_cli,cli,src/main/java/org/jabref/model/openoffice/style/CitationPath.java
jabref,removed_cli,cli,src/main/java/org/jabref/model/openoffice/uno/CreationException.java
jabref,removed_cli,cli,src/main/java/org/jabref/model/openoffice/uno/UnoBookmark.java
jabref,removed_cli,cli,src/main/java/org/jabref/model/openoffice/uno/UnoCast.java
jabref,removed_cli,cli,src/main/java/org/jabref/model/openoffice/uno/UnoCrossRef.java
jabref,removed_cli,cli,src/main/java/org/jabref/model/openoffice/uno/UnoNameAccess.java
jabref,removed_cli,cli,src/main/java/org/jabref/model/openoffice/uno/UnoNamed.java
jabref,removed_cli,cli,src/main/java/org/jabref/model/openoffice/uno/UnoProperties.java
jabref,removed_cli,cli,src/main/java/org/jabref/model/openoffice/uno/UnoRedlines.java
jabref,removed_cli,cli,src/main/java/org/jabref/model/openoffice/uno/UnoScreenRefresh.java
jabref,removed_cli,cli,src/main/java/org/jabref/model/openoffice/uno/UnoStyle.java
jabref,removed_cli,cli,src/main/java/org/jabref/model/openoffice/uno/UnoTextDocument.java
jabref,removed_cli,cli,src/main/java/org/jabref/model/openoffice/uno/UnoTextRange.java
jabref,removed_cli,cli,src/main/java/org/jabref/model/openoffice/uno/UnoTextSection.java
jabref,removed_cli,cli,src/main/java/org/jabref/model/openoffice/uno/UnoUndo.java
jabref,removed_cli,cli,src/main/java/org/jabref/model/openoffice/util/OOVoidResult.java
jabref,removed_cli,cli,src/main/java/org/jabref/model/search/rules/GrammarBasedSearchRule.java
jabref,removed_cli,cli,src/main/java/org/jabref/model/strings/StringUtil.java
jabref,removed_cli,cli,src/main/java/org/jabref/model/util/FileUpdateMonitor.java
jabref,removed_cli,cli,src/main/java/org/jabref/model/util/TreeCollector.java
jabref,removed_gui,gui,src/jmh/java/org/jabref/benchmarks/Benchmarks.java
jabref,removed_gui,gui,src/main/java/module-info.java
jabref,removed_gui,gui,src/main/java/org/jabref/architecture/AllowedToUseAwt.java
jabref,removed_gui,gui,src/main/java/org/jabref/architecture/AllowedToUseLogic.java
jabref,removed_gui,gui,src/main/java/org/jabref/architecture/AllowedToUseStandardStreams.java
jabref,removed_gui,gui,src/main/java/org/jabref/architecture/AllowedToUseSwing.java
jabref,removed_gui,gui,src/main/java/org/jabref/architecture/ApacheCommonsLang3Allowed.java
jabref,removed_gui,gui,src/main/java/org/jabref/gui/AbstractViewModel.java
jabref,removed_gui,gui,src/main/java/org/jabref/gui/BasePanelMode.java
jabref,removed_gui,gui,src/main/java/org/jabref/gui/ClipBoardManager.java
jabref,removed_gui,gui,src/main/java/org/jabref/gui/DefaultInjector.java
jabref,removed_gui,gui,src/main/java/org/jabref/gui/Dialog.java
jabref,removed_gui,gui,src/main/java/org/jabref/gui/DialogService.java
jabref,removed_gui,gui,src/main/java/org/jabref/gui/DragAndDropDataFormats.java
jabref,removed_gui,gui,src/main/java/org/jabref/gui/DragAndDropHelper.java
jabref,removed_gui,gui,src/main/java/org/jabref/gui/EntryTypeView.java
jabref,removed_gui,gui,src/main/java/org/jabref/gui/EntryTypeViewModel.java
jabref,removed_gui,gui,src/main/java/org/jabref/gui/FXDialog.java
jabref,removed_gui,gui,src/main/java/org/jabref/gui/FallbackExceptionHandler.java
jabref,removed_gui,gui,src/main/java/org/jabref/gui/Globals.java
jabref,removed_gui,gui,src/main/java/org/jabref/gui/JabRefDialogService.java
jabref,removed_gui,gui,src/main/java/org/jabref/gui/JabRefExecutorService.java
jabref,removed_gui,gui,src/main/java/org/jabref/gui/JabRefFrame.java
jabref,removed_gui,gui,src/main/java/org/jabref/gui/JabRefGUI.java
jabref,removed_gui,gui,src/main/java/org/jabref/gui/LibraryTab.java
jabref,removed_gui,gui,src/main/java/org/jabref/gui/MainApplication.java
jabref,removed_gui,gui,src/main/java/org/jabref/gui/OpenConsoleAction.java
jabref,removed_gui,gui,src/main/java/org/jabref/gui/SendAsEMailAction.java
jabref,removed_gui,gui,src/main/java/org/jabref/gui/StateManager.java
jabref,removed_gui,gui,src/main/java/org/jabref/gui/UpdateTimestampListener.java
jabref,removed_gui,gui,src/main/java/org/jabref/gui/WaitForSaveFinishedDialog.java
jabref,removed_gui,gui,src/main/java/org/jabref/gui/actions/Action.java
jabref,removed_gui,gui,src/main/java/org/jabref/gui/actions/ActionFactory.java
jabref,removed_gui,gui,src/main/java/org/jabref/gui/actions/ActionHelper.java
jabref,removed_gui,gui,src/main/java/org/jabref/gui/actions/JabRefAction.java
jabref,removed_gui,gui,src/main/java/org/jabref/gui/actions/SimpleCommand.java
jabref,removed_gui,gui,src/main/java/org/jabref/gui/actions/Sources.java
jabref,removed_gui,gui,src/main/java/org/jabref/gui/actions/StandardActions.java
jabref,removed_gui,gui,src/main/java/org/jabref/gui/autocompleter/AppendPersonNamesStrategy.java
jabref,removed_gui,gui,src/main/java/org/jabref/gui/autocompleter/AppendWordsStrategy.java
jabref,removed_gui,gui,src/main/java/org/jabref/gui/autocompleter/AutoCompleteFirstNameMode.java
jabref,removed_gui,gui,src/main/java/org/jabref/gui/autocompleter/AutoCompletionInput.java
jabref,removed_gui,gui,src/main/java/org/jabref/gui/autocompleter/AutoCompletionStrategy.java
jabref,removed_gui,gui,src/main/java/org/jabref/gui/autocompleter/AutoCompletionTextInputBinding.java
jabref,removed_gui,gui,src/main/java/org/jabref/gui/autocompleter/BibEntrySuggestionProvider.java
jabref,removed_gui,gui,src/main/java/org/jabref/gui/autocompleter/ContentSelectorSuggestionProvider.java
jabref,removed_gui,gui,src/main/java/org/jabref/gui/autocompleter/EmptySuggestionProvider.java
jabref,removed_gui,gui,src/main/java/org/jabref/gui/autocompleter/FieldValueSuggestionProvider.java
jabref,removed_gui,gui,src/main/java/org/jabref/gui/autocompleter/JournalsSuggestionProvider.java
jabref,removed_gui,gui,src/main/java/org/jabref/gui/autocompleter/PersonNameStringConverter.java
jabref,removed_gui,gui,src/main/java/org/jabref/gui/autocompleter/PersonNameSuggestionProvider.java
jabref,removed_gui,gui,src/main/java/org/jabref/gui/autocompleter/ReplaceStrategy.java
jabref,removed_gui,gui,src/main/java/org/jabref/gui/autocompleter/StringSuggestionProvider.java
jabref,removed_gui,gui,src/main/java/org/jabref/gui/autocompleter/SuggestionProvider.java
jabref,removed_gui,gui,src/main/java/org/jabref/gui/autocompleter/SuggestionProviders.java
jabref,removed_gui,gui,src/main/java/org/jabref/gui/autocompleter/WordSuggestionProvider.java
jabref,removed_gui,gui,src/main/java/org/jabref/gui/auximport/AuxParserResultViewModel.java
jabref,removed_gui,gui,src/main/java/org/jabref/gui/auximport/FromAuxDialog.java
jabref,removed_gui,gui,src/main/java/org/jabref/gui/auximport/NewSubLibraryAction.java
jabref,removed_gui,gui,src/main/java/org/jabref/gui/backup/BackupResolverDialog.java
jabref,removed_gui,gui,src/main/java/org/jabref/gui/bibtexextractor/BibtexExtractor.java
jabref,removed_gui,gui,src/main/java/org/jabref/gui/bibtexextractor/BibtexExtractorViewModel.java
jabref,removed_gui,gui,src/main/java/org/jabref/gui/bibtexextractor/ExtractBibtexAction.java
jabref,removed_gui,gui,src/main/java/org/jabref/gui/bibtexextractor/ExtractBibtexDialog.java
jabref,removed_gui,gui,src/main/java/org/jabref/gui/citationkeypattern/GenerateCitationKeyAction.java
jabref,removed_gui,gui,src/main/java/org/jabref/gui/citationkeypattern/GenerateCitationKeySingleAction.java
jabref,removed_gui,gui,src/main/java/org/jabref/gui/cleanup/CleanupAction.java
jabref,removed_gui,gui,src/main/java/org/jabref/gui/cleanup/CleanupDialog.java
jabref,removed_gui,gui,src/main/java/org/jabref/gui/cleanup/CleanupPresetPanel.java
jabref,removed_gui,gui,src/main/java/org/jabref/gui/cleanup/CleanupSingleAction.java
jabref,removed_gui,gui,src/main/java/org/jabref/gui/collab/ChangeScanner.java
jabref,removed_gui,gui,src/main/java/org/jabref/gui/collab/DatabaseChange.java
jabref,removed_gui,gui,src/main/java/org/jabref/gui/collab/DatabaseChangeDetailsView.java
jabref,removed_gui,gui,src/main/java/org/jabref/gui/collab/DatabaseChangeDetailsViewFactory.java
jabref,removed_gui,gui,src/main/java/org/jabref/gui/collab/DatabaseChangeList.java
jabref,removed_gui,gui,src/main/java/org/jabref/gui/collab/DatabaseChangeListener.java
jabref,removed_gui,gui,src/main/java/org/jabref/gui/collab/DatabaseChangeMonitor.java
jabref,removed_gui,gui,src/main/java/org/jabref/gui/collab/DatabaseChangeResolver.java
jabref,removed_gui,gui,src/main/java/org/jabref/gui/collab/DatabaseChangeResolverFactory.java
jabref,removed_gui,gui,src/main/java/org/jabref/gui/collab/DatabaseChangesResolverDialog.java
jabref,removed_gui,gui,src/main/java/org/jabref/gui/collab/ExternalChangesResolverViewModel.java
jabref,removed_gui,gui,src/main/java/org/jabref/gui/collab/entryadd/EntryAdd.java
jabref,removed_gui,gui,src/main/java/org/jabref/gui/collab/entrychange/EntryChange.java
jabref,removed_gui,gui,src/main/java/org/jabref/gui/collab/entrychange/EntryChangeDetailsView.java
jabref,removed_gui,gui,src/main/java/org/jabref/gui/collab/entrychange/EntryChangeResolver.java
jabref,removed_gui,gui,src/main/java/org/jabref/gui/collab/entrychange/EntryWithPreviewAndSourceDetailsView.java
jabref,removed_gui,gui,src/main/java/org/jabref/gui/collab/entrychange/PreviewWithSourceTab.java
jabref,removed_gui,gui,src/main/java/org/jabref/gui/collab/entrydelete/EntryDelete.java
jabref,removed_gui,gui,src/main/java/org/jabref/gui/collab/groupchange/GroupChange.java
jabref,removed_gui,gui,src/main/java/org/jabref/gui/collab/groupchange/GroupChangeDetailsView.java
jabref,removed_gui,gui,src/main/java/org/jabref/gui/collab/metedatachange/MetadataChange.java
jabref,removed_gui,gui,src/main/java/org/jabref/gui/collab/metedatachange/MetadataChangeDetailsView.java
jabref,removed_gui,gui,src/main/java/org/jabref/gui/collab/preamblechange/PreambleChange.java
jabref,removed_gui,gui,src/main/java/org/jabref/gui/collab/preamblechange/PreambleChangeDetailsView.java
jabref,removed_gui,gui,src/main/java/org/jabref/gui/collab/stringadd/BibTexStringAdd.java
jabref,removed_gui,gui,src/main/java/org/jabref/gui/collab/stringadd/BibTexStringAddDetailsView.java
jabref,removed_gui,gui,src/main/java/org/jabref/gui/collab/stringchange/BibTexStringChange.java
jabref,removed_gui,gui,src/main/java/org/jabref/gui/collab/stringchange/BibTexStringChangeDetailsView.java
jabref,removed_gui,gui,src/main/java/org/jabref/gui/collab/stringdelete/BibTexStringDelete.java
jabref,removed_gui,gui,src/main/java/org/jabref/gui/collab/stringdelete/BibTexStringDeleteDetailsView.java
jabref,removed_gui,gui,src/main/java/org/jabref/gui/collab/stringrename/BibTexStringRename.java
jabref,removed_gui,gui,src/main/java/org/jabref/gui/collab/stringrename/BibTexStringRenameDetailsView.java
jabref,removed_gui,gui,src/main/java/org/jabref/gui/commonfxcontrols/CitationKeyPatternPanel.java
jabref,removed_gui,gui,src/main/java/org/jabref/gui/commonfxcontrols/CitationKeyPatternPanelItemModel.java
jabref,removed_gui,gui,src/main/java/org/jabref/gui/commonfxcontrols/CitationKeyPatternPanelViewModel.java
jabref,removed_gui,gui,src/main/java/org/jabref/gui/commonfxcontrols/FieldFormatterCleanupsPanel.java
jabref,removed_gui,gui,src/main/java/org/jabref/gui/commonfxcontrols/FieldFormatterCleanupsPanelViewModel.java
jabref,removed_gui,gui,src/main/java/org/jabref/gui/commonfxcontrols/SaveOrderConfigPanel.java
jabref,removed_gui,gui,src/main/java/org/jabref/gui/commonfxcontrols/SaveOrderConfigPanelViewModel.java
jabref,removed_gui,gui,src/main/java/org/jabref/gui/commonfxcontrols/SortCriterionViewModel.java
jabref,removed_gui,gui,src/main/java/org/jabref/gui/copyfiles/CopyFilesAction.java
jabref,removed_gui,gui,src/main/java/org/jabref/gui/copyfiles/CopyFilesDialogView.java
jabref,removed_gui,gui,src/main/java/org/jabref/gui/copyfiles/CopyFilesDialogViewModel.java
jabref,removed_gui,gui,src/main/java/org/jabref/gui/copyfiles/CopyFilesResultItemViewModel.java
jabref,removed_gui,gui,src/main/java/org/jabref/gui/copyfiles/CopyFilesResultListDependency.java
jabref,removed_gui,gui,src/main/java/org/jabref/gui/copyfiles/CopyFilesTask.java
jabref,removed_gui,gui,src/main/java/org/jabref/gui/copyfiles/CopySingleFileAction.java
jabref,removed_gui,gui,src/main/java/org/jabref/gui/desktop/JabRefDesktop.java
jabref,removed_gui,gui,src/main/java/org/jabref/gui/desktop/os/DefaultDesktop.java
jabref,removed_gui,gui,src/main/java/org/jabref/gui/desktop/os/Linux.java
jabref,removed_gui,gui,src/main/java/org/jabref/gui/desktop/os/NativeDesktop.java
jabref,removed_gui,gui,src/main/java/org/jabref/gui/desktop/os/OSX.java
jabref,removed_gui,gui,src/main/java/org/jabref/gui/desktop/os/Windows.java
jabref,removed_gui,gui,src/main/java/org/jabref/gui/dialogs/AutosaveUiManager.java
jabref,removed_gui,gui,src/main/java/org/jabref/gui/dialogs/BackupUIManager.java
jabref,removed_gui,gui,src/main/java/org/jabref/gui/documentviewer/DocumentPageViewModel.java
jabref,removed_gui,gui,src/main/java/org/jabref/gui/documentviewer/DocumentViewModel.java
jabref,removed_gui,gui,src/main/java/org/jabref/gui/documentviewer/DocumentViewerControl.java
jabref,removed_gui,gui,src/main/java/org/jabref/gui/documentviewer/DocumentViewerView.java
jabref,removed_gui,gui,src/main/java/org/jabref/gui/documentviewer/DocumentViewerViewModel.java
jabref,removed_gui,gui,src/main/java/org/jabref/gui/documentviewer/PageDimension.java
jabref,removed_gui,gui,src/main/java/org/jabref/gui/documentviewer/PdfDocumentPageViewModel.java
jabref,removed_gui,gui,src/main/java/org/jabref/gui/documentviewer/PdfDocumentViewModel.java
jabref,removed_gui,gui,src/main/java/org/jabref/gui/documentviewer/ShowDocumentViewerAction.java
jabref,removed_gui,gui,src/main/java/org/jabref/gui/duplicationFinder/DuplicateResolverDialog.java
jabref,removed_gui,gui,src/main/java/org/jabref/gui/duplicationFinder/DuplicateSearch.java
jabref,removed_gui,gui,src/main/java/org/jabref/gui/edit/CopyDoiUrlAction.java
jabref,removed_gui,gui,src/main/java/org/jabref/gui/edit/CopyMoreAction.java
jabref,removed_gui,gui,src/main/java/org/jabref/gui/edit/EditAction.java
jabref,removed_gui,gui,src/main/java/org/jabref/gui/edit/ManageKeywordsAction.java
jabref,removed_gui,gui,src/main/java/org/jabref/gui/edit/ManageKeywordsDialog.java
jabref,removed_gui,gui,src/main/java/org/jabref/gui/edit/ManageKeywordsDisplayType.java
jabref,removed_gui,gui,src/main/java/org/jabref/gui/edit/ManageKeywordsViewModel.java
jabref,removed_gui,gui,src/main/java/org/jabref/gui/edit/OpenBrowserAction.java
jabref,removed_gui,gui,src/main/java/org/jabref/gui/edit/ReplaceStringAction.java
jabref,removed_gui,gui,src/main/java/org/jabref/gui/edit/ReplaceStringView.java
jabref,removed_gui,gui,src/main/java/org/jabref/gui/edit/ReplaceStringViewModel.java
jabref,removed_gui,gui,src/main/java/org/jabref/gui/edit/automaticfiededitor/AbstractAutomaticFieldEditorTabView.java
jabref,removed_gui,gui,src/main/java/org/jabref/gui/edit/automaticfiededitor/AbstractAutomaticFieldEditorTabViewModel.java
jabref,removed_gui,gui,src/main/java/org/jabref/gui/edit/automaticfiededitor/AutomaticFieldEditorAction.java
jabref,removed_gui,gui,src/main/java/org/jabref/gui/edit/automaticfiededitor/AutomaticFieldEditorDialog.java
jabref,removed_gui,gui,src/main/java/org/jabref/gui/edit/automaticfiededitor/AutomaticFieldEditorTab.java
jabref,removed_gui,gui,src/main/java/org/jabref/gui/edit/automaticfiededitor/AutomaticFieldEditorViewModel.java
jabref,removed_gui,gui,src/main/java/org/jabref/gui/edit/automaticfiededitor/LastAutomaticFieldEditorEdit.java
jabref,removed_gui,gui,src/main/java/org/jabref/gui/edit/automaticfiededitor/MoveFieldValueAction.java
jabref,removed_gui,gui,src/main/java/org/jabref/gui/edit/automaticfiededitor/NotificationPaneAdapter.java
jabref,removed_gui,gui,src/main/java/org/jabref/gui/edit/automaticfiededitor/copyormovecontent/CopyOrMoveFieldContentTabView.java
jabref,removed_gui,gui,src/main/java/org/jabref/gui/edit/automaticfiededitor/copyormovecontent/CopyOrMoveFieldContentTabViewModel.java
jabref,removed_gui,gui,src/main/java/org/jabref/gui/edit/automaticfiededitor/editfieldcontent/EditFieldContentTabView.java
jabref,removed_gui,gui,src/main/java/org/jabref/gui/edit/automaticfiededitor/editfieldcontent/EditFieldContentViewModel.java
jabref,removed_gui,gui,src/main/java/org/jabref/gui/edit/automaticfiededitor/renamefield/RenameFieldTabView.java
jabref,removed_gui,gui,src/main/java/org/jabref/gui/edit/automaticfiededitor/renamefield/RenameFieldViewModel.java
jabref,removed_gui,gui,src/main/java/org/jabref/gui/entryeditor/DeprecatedFieldsTab.java
jabref,removed_gui,gui,src/main/java/org/jabref/gui/entryeditor/EntryEditor.java
jabref,removed_gui,gui,src/main/java/org/jabref/gui/entryeditor/EntryEditorPreferences.java
jabref,removed_gui,gui,src/main/java/org/jabref/gui/entryeditor/EntryEditorTab.java
jabref,removed_gui,gui,src/main/java/org/jabref/gui/entryeditor/FieldsEditorTab.java
jabref,removed_gui,gui,src/main/java/org/jabref/gui/entryeditor/LatexCitationsTab.java
jabref,removed_gui,gui,src/main/java/org/jabref/gui/entryeditor/LatexCitationsTabViewModel.java
jabref,removed_gui,gui,src/main/java/org/jabref/gui/entryeditor/MathSciNetTab.java
jabref,removed_gui,gui,src/main/java/org/jabref/gui/entryeditor/OpenEntryEditorAction.java
jabref,removed_gui,gui,src/main/java/org/jabref/gui/entryeditor/OptionalFields2Tab.java
jabref,removed_gui,gui,src/main/java/org/jabref/gui/entryeditor/OptionalFieldsTab.java
jabref,removed_gui,gui,src/main/java/org/jabref/gui/entryeditor/OptionalFieldsTabBase.java
jabref,removed_gui,gui,src/main/java/org/jabref/gui/entryeditor/OtherFieldsTab.java
jabref,removed_gui,gui,src/main/java/org/jabref/gui/entryeditor/PreviewSwitchAction.java
jabref,removed_gui,gui,src/main/java/org/jabref/gui/entryeditor/PreviewTab.java
jabref,removed_gui,gui,src/main/java/org/jabref/gui/entryeditor/RelatedArticlesTab.java
jabref,removed_gui,gui,src/main/java/org/jabref/gui/entryeditor/RequiredFieldsTab.java
jabref,removed_gui,gui,src/main/java/org/jabref/gui/entryeditor/SourceTab.java
jabref,removed_gui,gui,src/main/java/org/jabref/gui/entryeditor/UserDefinedFieldsTab.java
jabref,removed_gui,gui,src/main/java/org/jabref/gui/entryeditor/fileannotationtab/FileAnnotationTab.java
jabref,removed_gui,gui,src/main/java/org/jabref/gui/entryeditor/fileannotationtab/FileAnnotationTabView.java
jabref,removed_gui,gui,src/main/java/org/jabref/gui/entryeditor/fileannotationtab/FileAnnotationTabViewModel.java
jabref,removed_gui,gui,src/main/java/org/jabref/gui/entryeditor/fileannotationtab/FileAnnotationViewModel.java
jabref,removed_gui,gui,src/main/java/org/jabref/gui/entryeditor/fileannotationtab/FulltextSearchResultsTab.java
jabref,removed_gui,gui,src/main/java/org/jabref/gui/errorconsole/ErrorConsoleView.java
jabref,removed_gui,gui,src/main/java/org/jabref/gui/errorconsole/ErrorConsoleViewModel.java
jabref,removed_gui,gui,src/main/java/org/jabref/gui/errorconsole/LogEventViewModel.java
jabref,removed_gui,gui,src/main/java/org/jabref/gui/exporter/CreateModifyExporterDialogView.java
jabref,removed_gui,gui,src/main/java/org/jabref/gui/exporter/CreateModifyExporterDialogViewModel.java
jabref,removed_gui,gui,src/main/java/org/jabref/gui/exporter/ExportCommand.java
jabref,removed_gui,gui,src/main/java/org/jabref/gui/exporter/ExportToClipboardAction.java
jabref,removed_gui,gui,src/main/java/org/jabref/gui/exporter/ExporterViewModel.java
jabref,removed_gui,gui,src/main/java/org/jabref/gui/exporter/SaveAction.java
jabref,removed_gui,gui,src/main/java/org/jabref/gui/exporter/SaveAllAction.java
jabref,removed_gui,gui,src/main/java/org/jabref/gui/exporter/SaveDatabaseAction.java
jabref,removed_gui,gui,src/main/java/org/jabref/gui/exporter/WriteMetadataToPdfAction.java
jabref,removed_gui,gui,src/main/java/org/jabref/gui/externalfiles/AutoLinkFilesAction.java
jabref,removed_gui,gui,src/main/java/org/jabref/gui/externalfiles/AutoSetFileLinksUtil.java
jabref,removed_gui,gui,src/main/java/org/jabref/gui/externalfiles/ChainedFilters.java
jabref,removed_gui,gui,src/main/java/org/jabref/gui/externalfiles/DateRange.java
jabref,removed_gui,gui,src/main/java/org/jabref/gui/externalfiles/DownloadFullTextAction.java
jabref,removed_gui,gui,src/main/java/org/jabref/gui/externalfiles/ExternalFileSorter.java
jabref,removed_gui,gui,src/main/java/org/jabref/gui/externalfiles/ExternalFilesEntryLinker.java
jabref,removed_gui,gui,src/main/java/org/jabref/gui/externalfiles/FileDownloadTask.java
jabref,removed_gui,gui,src/main/java/org/jabref/gui/externalfiles/FileExtensionViewModel.java
jabref,removed_gui,gui,src/main/java/org/jabref/gui/externalfiles/FileFilterUtils.java
jabref,removed_gui,gui,src/main/java/org/jabref/gui/externalfiles/FindUnlinkedFilesAction.java
jabref,removed_gui,gui,src/main/java/org/jabref/gui/externalfiles/GitIgnoreFileFilter.java
jabref,removed_gui,gui,src/main/java/org/jabref/gui/externalfiles/ImportFilesResultItemViewModel.java
jabref,removed_gui,gui,src/main/java/org/jabref/gui/externalfiles/ImportHandler.java
jabref,removed_gui,gui,src/main/java/org/jabref/gui/externalfiles/UnlinkedFilesCrawler.java
jabref,removed_gui,gui,src/main/java/org/jabref/gui/externalfiles/UnlinkedFilesDialogView.java
jabref,removed_gui,gui,src/main/java/org/jabref/gui/externalfiles/UnlinkedFilesDialogViewModel.java
jabref,removed_gui,gui,src/main/java/org/jabref/gui/externalfiles/UnlinkedPDFFileFilter.java
jabref,removed_gui,gui,src/main/java/org/jabref/gui/externalfiletype/CustomExternalFileType.java
jabref,removed_gui,gui,src/main/java/org/jabref/gui/externalfiletype/ExternalFileType.java
jabref,removed_gui,gui,src/main/java/org/jabref/gui/externalfiletype/ExternalFileTypes.java
jabref,removed_gui,gui,src/main/java/org/jabref/gui/externalfiletype/StandardExternalFileType.java
jabref,removed_gui,gui,src/main/java/org/jabref/gui/externalfiletype/UnknownExternalFileType.java
jabref,removed_gui,gui,src/main/java/org/jabref/gui/fieldeditors/AbstractEditorViewModel.java
jabref,removed_gui,gui,src/main/java/org/jabref/gui/fieldeditors/CitationKeyEditor.java
jabref,removed_gui,gui,src/main/java/org/jabref/gui/fieldeditors/CitationKeyEditorViewModel.java
jabref,removed_gui,gui,src/main/java/org/jabref/gui/fieldeditors/ContextMenuAddable.java
jabref,removed_gui,gui,src/main/java/org/jabref/gui/fieldeditors/DateEditor.java
jabref,removed_gui,gui,src/main/java/org/jabref/gui/fieldeditors/DateEditorViewModel.java
jabref,removed_gui,gui,src/main/java/org/jabref/gui/fieldeditors/EditorTextArea.java
jabref,removed_gui,gui,src/main/java/org/jabref/gui/fieldeditors/EditorTextField.java
jabref,removed_gui,gui,src/main/java/org/jabref/gui/fieldeditors/EditorTypeEditorViewModel.java
jabref,removed_gui,gui,src/main/java/org/jabref/gui/fieldeditors/EditorValidator.java
jabref,removed_gui,gui,src/main/java/org/jabref/gui/fieldeditors/FieldEditorFX.java
jabref,removed_gui,gui,src/main/java/org/jabref/gui/fieldeditors/FieldEditors.java
jabref,removed_gui,gui,src/main/java/org/jabref/gui/fieldeditors/FieldNameLabel.java
jabref,removed_gui,gui,src/main/java/org/jabref/gui/fieldeditors/GenderEditorViewModel.java
jabref,removed_gui,gui,src/main/java/org/jabref/gui/fieldeditors/JournalEditor.java
jabref,removed_gui,gui,src/main/java/org/jabref/gui/fieldeditors/JournalEditorViewModel.java
jabref,removed_gui,gui,src/main/java/org/jabref/gui/fieldeditors/KeywordsEditor.java
jabref,removed_gui,gui,src/main/java/org/jabref/gui/fieldeditors/LinkedEntriesEditor.java
jabref,removed_gui,gui,src/main/java/org/jabref/gui/fieldeditors/LinkedEntriesEditorViewModel.java
jabref,removed_gui,gui,src/main/java/org/jabref/gui/fieldeditors/LinkedFileViewModel.java
jabref,removed_gui,gui,src/main/java/org/jabref/gui/fieldeditors/LinkedFilesEditor.java
jabref,removed_gui,gui,src/main/java/org/jabref/gui/fieldeditors/LinkedFilesEditorViewModel.java
jabref,removed_gui,gui,src/main/java/org/jabref/gui/fieldeditors/MapBasedEditorViewModel.java
jabref,removed_gui,gui,src/main/java/org/jabref/gui/fieldeditors/MonthEditorViewModel.java
jabref,removed_gui,gui,src/main/java/org/jabref/gui/fieldeditors/OptionEditor.java
jabref,removed_gui,gui,src/main/java/org/jabref/gui/fieldeditors/OptionEditorViewModel.java
jabref,removed_gui,gui,src/main/java/org/jabref/gui/fieldeditors/OwnerEditor.java
jabref,removed_gui,gui,src/main/java/org/jabref/gui/fieldeditors/OwnerEditorViewModel.java
jabref,removed_gui,gui,src/main/java/org/jabref/gui/fieldeditors/PaginationEditorViewModel.java
jabref,removed_gui,gui,src/main/java/org/jabref/gui/fieldeditors/PatentTypeEditorViewModel.java
jabref,removed_gui,gui,src/main/java/org/jabref/gui/fieldeditors/PersonsEditor.java
jabref,removed_gui,gui,src/main/java/org/jabref/gui/fieldeditors/PersonsEditorViewModel.java
jabref,removed_gui,gui,src/main/java/org/jabref/gui/fieldeditors/SimpleEditor.java
jabref,removed_gui,gui,src/main/java/org/jabref/gui/fieldeditors/SimpleEditorViewModel.java
jabref,removed_gui,gui,src/main/java/org/jabref/gui/fieldeditors/TextInputControlBehavior.java
jabref,removed_gui,gui,src/main/java/org/jabref/gui/fieldeditors/TypeEditorViewModel.java
jabref,removed_gui,gui,src/main/java/org/jabref/gui/fieldeditors/URLUtil.java
jabref,removed_gui,gui,src/main/java/org/jabref/gui/fieldeditors/UrlEditor.java
jabref,removed_gui,gui,src/main/java/org/jabref/gui/fieldeditors/UrlEditorViewModel.java
jabref,removed_gui,gui,src/main/java/org/jabref/gui/fieldeditors/WriteMetadataToPdfCommand.java
jabref,removed_gui,gui,src/main/java/org/jabref/gui/fieldeditors/YesNoEditorViewModel.java
jabref,removed_gui,gui,src/main/java/org/jabref/gui/fieldeditors/contextmenu/DefaultMenu.java
jabref,removed_gui,gui,src/main/java/org/jabref/gui/fieldeditors/contextmenu/EditorContextAction.java
jabref,removed_gui,gui,src/main/java/org/jabref/gui/fieldeditors/contextmenu/EditorMenus.java
jabref,removed_gui,gui,src/main/java/org/jabref/gui/fieldeditors/contextmenu/ProtectedTermsMenu.java
jabref,removed_gui,gui,src/main/java/org/jabref/gui/fieldeditors/identifier/BaseIdentifierEditorViewModel.java
jabref,removed_gui,gui,src/main/java/org/jabref/gui/fieldeditors/identifier/DoiIdentifierEditorViewModel.java
jabref,removed_gui,gui,src/main/java/org/jabref/gui/fieldeditors/identifier/EprintIdentifierEditorViewModel.java
jabref,removed_gui,gui,src/main/java/org/jabref/gui/fieldeditors/identifier/ISBNIdentifierEditorViewModel.java
jabref,removed_gui,gui,src/main/java/org/jabref/gui/fieldeditors/identifier/IdentifierEditor.java
jabref,removed_gui,gui,src/main/java/org/jabref/gui/groups/GroupDescriptions.java
jabref,removed_gui,gui,src/main/java/org/jabref/gui/groups/GroupDialogHeader.java
jabref,removed_gui,gui,src/main/java/org/jabref/gui/groups/GroupDialogView.java
jabref,removed_gui,gui,src/main/java/org/jabref/gui/groups/GroupDialogViewModel.java
jabref,removed_gui,gui,src/main/java/org/jabref/gui/groups/GroupModeViewModel.java
jabref,removed_gui,gui,src/main/java/org/jabref/gui/groups/GroupNodeViewModel.java
jabref,removed_gui,gui,src/main/java/org/jabref/gui/groups/GroupTreeNodeViewModel.java
jabref,removed_gui,gui,src/main/java/org/jabref/gui/groups/GroupTreeView.java
jabref,removed_gui,gui,src/main/java/org/jabref/gui/groups/GroupTreeViewModel.java
jabref,removed_gui,gui,src/main/java/org/jabref/gui/groups/GroupViewMode.java
jabref,removed_gui,gui,src/main/java/org/jabref/gui/groups/MoveGroupChange.java
jabref,removed_gui,gui,src/main/java/org/jabref/gui/groups/UndoableAddOrRemoveGroup.java
jabref,removed_gui,gui,src/main/java/org/jabref/gui/groups/UndoableChangeEntriesOfGroup.java
jabref,removed_gui,gui,src/main/java/org/jabref/gui/groups/UndoableModifySubtree.java
jabref,removed_gui,gui,src/main/java/org/jabref/gui/groups/UndoableMoveGroup.java
jabref,removed_gui,gui,src/main/java/org/jabref/gui/help/AboutAction.java
jabref,removed_gui,gui,src/main/java/org/jabref/gui/help/AboutDialogView.java
jabref,removed_gui,gui,src/main/java/org/jabref/gui/help/AboutDialogViewModel.java
jabref,removed_gui,gui,src/main/java/org/jabref/gui/help/ErrorConsoleAction.java
jabref,removed_gui,gui,src/main/java/org/jabref/gui/help/HelpAction.java
jabref,removed_gui,gui,src/main/java/org/jabref/gui/help/NewVersionDialog.java
jabref,removed_gui,gui,src/main/java/org/jabref/gui/help/SearchForUpdateAction.java
jabref,removed_gui,gui,src/main/java/org/jabref/gui/help/VersionWorker.java
jabref,removed_gui,gui,src/main/java/org/jabref/gui/icon/IconTheme.java
jabref,removed_gui,gui,src/main/java/org/jabref/gui/icon/InternalMaterialDesignIcon.java
jabref,removed_gui,gui,src/main/java/org/jabref/gui/icon/JabRefIcon.java
jabref,removed_gui,gui,src/main/java/org/jabref/gui/icon/JabRefIconView.java
jabref,removed_gui,gui,src/main/java/org/jabref/gui/icon/JabRefIkonHandler.java
jabref,removed_gui,gui,src/main/java/org/jabref/gui/icon/JabRefMaterialDesignIcon.java
jabref,removed_gui,gui,src/main/java/org/jabref/gui/icon/JabrefIconProvider.java
jabref,removed_gui,gui,src/main/java/org/jabref/gui/importer/GenerateEntryFromIdAction.java
jabref,removed_gui,gui,src/main/java/org/jabref/gui/importer/GenerateEntryFromIdDialog.java
jabref,removed_gui,gui,src/main/java/org/jabref/gui/importer/GrobidOptInDialogHelper.java
jabref,removed_gui,gui,src/main/java/org/jabref/gui/importer/ImportAction.java
jabref,removed_gui,gui,src/main/java/org/jabref/gui/importer/ImportCommand.java
jabref,removed_gui,gui,src/main/java/org/jabref/gui/importer/ImportCustomEntryTypesDialog.java
jabref,removed_gui,gui,src/main/java/org/jabref/gui/importer/ImportCustomEntryTypesDialogViewModel.java
jabref,removed_gui,gui,src/main/java/org/jabref/gui/importer/ImportEntriesDialog.java
jabref,removed_gui,gui,src/main/java/org/jabref/gui/importer/ImportEntriesViewModel.java
jabref,removed_gui,gui,src/main/java/org/jabref/gui/importer/ImporterViewModel.java
jabref,removed_gui,gui,src/main/java/org/jabref/gui/importer/NewDatabaseAction.java
jabref,removed_gui,gui,src/main/java/org/jabref/gui/importer/NewEntryAction.java
jabref,removed_gui,gui,src/main/java/org/jabref/gui/importer/ParserResultWarningDialog.java
jabref,removed_gui,gui,src/main/java/org/jabref/gui/importer/actions/CheckForNewEntryTypesAction.java
jabref,removed_gui,gui,src/main/java/org/jabref/gui/importer/actions/GUIPostOpenAction.java
jabref,removed_gui,gui,src/main/java/org/jabref/gui/importer/actions/MergeReviewIntoCommentAction.java
jabref,removed_gui,gui,src/main/java/org/jabref/gui/importer/actions/MergeReviewIntoCommentConfirmationDialog.java
jabref,removed_gui,gui,src/main/java/org/jabref/gui/importer/actions/OpenDatabaseAction.java
jabref,removed_gui,gui,src/main/java/org/jabref/gui/importer/fetcher/LookupIdentifierAction.java
jabref,removed_gui,gui,src/main/java/org/jabref/gui/importer/fetcher/WebSearchPaneView.java
jabref,removed_gui,gui,src/main/java/org/jabref/gui/importer/fetcher/WebSearchPaneViewModel.java
jabref,removed_gui,gui,src/main/java/org/jabref/gui/integrity/IntegrityCheckAction.java
jabref,removed_gui,gui,src/main/java/org/jabref/gui/integrity/IntegrityCheckDialog.java
jabref,removed_gui,gui,src/main/java/org/jabref/gui/integrity/IntegrityCheckDialogViewModel.java
jabref,removed_gui,gui,src/main/java/org/jabref/gui/journals/AbbreviateAction.java
jabref,removed_gui,gui,src/main/java/org/jabref/gui/journals/AbbreviationType.java
jabref,removed_gui,gui,src/main/java/org/jabref/gui/journals/UndoableAbbreviator.java
jabref,removed_gui,gui,src/main/java/org/jabref/gui/journals/UndoableUnabbreviator.java
jabref,removed_gui,gui,src/main/java/org/jabref/gui/keyboard/CodeAreaKeyBindings.java
jabref,removed_gui,gui,src/main/java/org/jabref/gui/keyboard/KeyBinding.java
jabref,removed_gui,gui,src/main/java/org/jabref/gui/keyboard/KeyBindingCategory.java
jabref,removed_gui,gui,src/main/java/org/jabref/gui/keyboard/KeyBindingRepository.java
jabref,removed_gui,gui,src/main/java/org/jabref/gui/keyboard/TextInputKeyBindings.java
jabref,removed_gui,gui,src/main/java/org/jabref/gui/libraryproperties/AbstractPropertiesTabView.java
jabref,removed_gui,gui,src/main/java/org/jabref/gui/libraryproperties/LibraryPropertiesAction.java
jabref,removed_gui,gui,src/main/java/org/jabref/gui/libraryproperties/LibraryPropertiesView.java
jabref,removed_gui,gui,src/main/java/org/jabref/gui/libraryproperties/LibraryPropertiesViewModel.java
jabref,removed_gui,gui,src/main/java/org/jabref/gui/libraryproperties/PropertiesTab.java
jabref,removed_gui,gui,src/main/java/org/jabref/gui/libraryproperties/PropertiesTabViewModel.java
jabref,removed_gui,gui,src/main/java/org/jabref/gui/libraryproperties/constants/ConstantsItemModel.java
jabref,removed_gui,gui,src/main/java/org/jabref/gui/libraryproperties/constants/ConstantsPropertiesView.java
jabref,removed_gui,gui,src/main/java/org/jabref/gui/libraryproperties/constants/ConstantsPropertiesViewModel.java
jabref,removed_gui,gui,src/main/java/org/jabref/gui/libraryproperties/contentselectors/ContentSelectorView.java
jabref,removed_gui,gui,src/main/java/org/jabref/gui/libraryproperties/contentselectors/ContentSelectorViewModel.java
jabref,removed_gui,gui,src/main/java/org/jabref/gui/libraryproperties/general/GeneralPropertiesView.java
jabref,removed_gui,gui,src/main/java/org/jabref/gui/libraryproperties/general/GeneralPropertiesViewModel.java
jabref,removed_gui,gui,src/main/java/org/jabref/gui/libraryproperties/keypattern/KeyPatternPropertiesViewModel.java
jabref,removed_gui,gui,src/main/java/org/jabref/gui/libraryproperties/saving/SavingPropertiesView.java
jabref,removed_gui,gui,src/main/java/org/jabref/gui/libraryproperties/saving/SavingPropertiesViewModel.java
jabref,removed_gui,gui,src/main/java/org/jabref/gui/linkedfile/AttachFileAction.java
jabref,removed_gui,gui,src/main/java/org/jabref/gui/linkedfile/AttachFileFromURLAction.java
jabref,removed_gui,gui,src/main/java/org/jabref/gui/linkedfile/DeleteFileAction.java
jabref,removed_gui,gui,src/main/java/org/jabref/gui/linkedfile/LinkedFileEditDialogView.java
jabref,removed_gui,gui,src/main/java/org/jabref/gui/linkedfile/LinkedFilesEditDialogViewModel.java
jabref,removed_gui,gui,src/main/java/org/jabref/gui/logging/ApplicationInsightsLogEvent.java
jabref,removed_gui,gui,src/main/java/org/jabref/gui/logging/ApplicationInsightsWriter.java
jabref,removed_gui,gui,src/main/java/org/jabref/gui/logging/GuiWriter.java
jabref,removed_gui,gui,src/main/java/org/jabref/gui/maintable/BibEntryTableViewModel.java
jabref,removed_gui,gui,src/main/java/org/jabref/gui/maintable/CellFactory.java
jabref,removed_gui,gui,src/main/java/org/jabref/gui/maintable/MainTable.java
jabref,removed_gui,gui,src/main/java/org/jabref/gui/maintable/MainTableColumnFactory.java
jabref,removed_gui,gui,src/main/java/org/jabref/gui/maintable/MainTableColumnModel.java
jabref,removed_gui,gui,src/main/java/org/jabref/gui/maintable/MainTableDataModel.java
jabref,removed_gui,gui,src/main/java/org/jabref/gui/maintable/MainTableFieldValueFormatter.java
jabref,removed_gui,gui,src/main/java/org/jabref/gui/maintable/MainTableHeaderContextMenu.java
jabref,removed_gui,gui,src/main/java/org/jabref/gui/maintable/OpenExternalFileAction.java
jabref,removed_gui,gui,src/main/java/org/jabref/gui/maintable/OpenFolderAction.java
jabref,removed_gui,gui,src/main/java/org/jabref/gui/maintable/OpenUrlAction.java
jabref,removed_gui,gui,src/main/java/org/jabref/gui/maintable/PersistenceVisualStateTable.java
jabref,removed_gui,gui,src/main/java/org/jabref/gui/maintable/RightClickMenu.java
jabref,removed_gui,gui,src/main/java/org/jabref/gui/maintable/SearchShortScienceAction.java
jabref,removed_gui,gui,src/main/java/org/jabref/gui/maintable/SmartConstrainedResizePolicy.java
jabref,removed_gui,gui,src/main/java/org/jabref/gui/maintable/columns/FieldColumn.java
jabref,removed_gui,gui,src/main/java/org/jabref/gui/maintable/columns/FileColumn.java
jabref,removed_gui,gui,src/main/java/org/jabref/gui/maintable/columns/LibraryColumn.java
jabref,removed_gui,gui,src/main/java/org/jabref/gui/maintable/columns/LinkedIdentifierColumn.java
jabref,removed_gui,gui,src/main/java/org/jabref/gui/maintable/columns/MainTableColumn.java
jabref,removed_gui,gui,src/main/java/org/jabref/gui/maintable/columns/SpecialFieldColumn.java
jabref,removed_gui,gui,src/main/java/org/jabref/gui/menus/ChangeEntryTypeAction.java
jabref,removed_gui,gui,src/main/java/org/jabref/gui/menus/ChangeEntryTypeMenu.java
jabref,removed_gui,gui,src/main/java/org/jabref/gui/menus/FileHistoryMenu.java
jabref,removed_gui,gui,src/main/java/org/jabref/gui/mergeentries/DiffHighlighting.java
jabref,removed_gui,gui,src/main/java/org/jabref/gui/mergeentries/DiffHighlightingEllipsingTextFlow.java
jabref,removed_gui,gui,src/main/java/org/jabref/gui/mergeentries/DiffMode.java
jabref,removed_gui,gui,src/main/java/org/jabref/gui/mergeentries/EntriesMergeResult.java
jabref,removed_gui,gui,src/main/java/org/jabref/gui/mergeentries/FetchAndMergeEntry.java
jabref,removed_gui,gui,src/main/java/org/jabref/gui/mergeentries/MergeEntriesAction.java
jabref,removed_gui,gui,src/main/java/org/jabref/gui/mergeentries/MergeEntriesDialog.java
jabref,removed_gui,gui,src/main/java/org/jabref/gui/mergeentries/MergeResult.java
jabref,removed_gui,gui,src/main/java/org/jabref/gui/mergeentries/MergeTwoEntriesAction.java
jabref,removed_gui,gui,src/main/java/org/jabref/gui/mergeentries/MergeWithFetchedEntryAction.java
jabref,removed_gui,gui,src/main/java/org/jabref/gui/mergeentries/MultiMergeEntriesView.java
jabref,removed_gui,gui,src/main/java/org/jabref/gui/mergeentries/MultiMergeEntriesViewModel.java
jabref,removed_gui,gui,src/main/java/org/jabref/gui/mergeentries/newmergedialog/DiffMethod.java
jabref,removed_gui,gui,src/main/java/org/jabref/gui/mergeentries/newmergedialog/FieldRowView.java
jabref,removed_gui,gui,src/main/java/org/jabref/gui/mergeentries/newmergedialog/FieldRowViewModel.java
jabref,removed_gui,gui,src/main/java/org/jabref/gui/mergeentries/newmergedialog/GroupDiffMode.java
jabref,removed_gui,gui,src/main/java/org/jabref/gui/mergeentries/newmergedialog/PersonsNameFieldRowView.java
jabref,removed_gui,gui,src/main/java/org/jabref/gui/mergeentries/newmergedialog/ShowDiffConfig.java
jabref,removed_gui,gui,src/main/java/org/jabref/gui/mergeentries/newmergedialog/ThreeWayMergeHeaderView.java
jabref,removed_gui,gui,src/main/java/org/jabref/gui/mergeentries/newmergedialog/ThreeWayMergeView.java
jabref,removed_gui,gui,src/main/java/org/jabref/gui/mergeentries/newmergedialog/ThreeWayMergeViewModel.java
jabref,removed_gui,gui,src/main/java/org/jabref/gui/mergeentries/newmergedialog/cell/CopyFieldValueCommand.java
jabref,removed_gui,gui,src/main/java/org/jabref/gui/mergeentries/newmergedialog/cell/FieldNameCell.java
jabref,removed_gui,gui,src/main/java/org/jabref/gui/mergeentries/newmergedialog/cell/FieldValueCell.java
jabref,removed_gui,gui,src/main/java/org/jabref/gui/mergeentries/newmergedialog/cell/FieldValueCellViewModel.java
jabref,removed_gui,gui,src/main/java/org/jabref/gui/mergeentries/newmergedialog/cell/HeaderCell.java
jabref,removed_gui,gui,src/main/java/org/jabref/gui/mergeentries/newmergedialog/cell/MergedFieldCell.java
jabref,removed_gui,gui,src/main/java/org/jabref/gui/mergeentries/newmergedialog/cell/OpenExternalLinkAction.java
jabref,removed_gui,gui,src/main/java/org/jabref/gui/mergeentries/newmergedialog/cell/ThreeWayMergeCell.java
jabref,removed_gui,gui,src/main/java/org/jabref/gui/mergeentries/newmergedialog/cell/ThreeWayMergeCellViewModel.java
jabref,removed_gui,gui,src/main/java/org/jabref/gui/mergeentries/newmergedialog/cell/sidebuttons/InfoButton.java
jabref,removed_gui,gui,src/main/java/org/jabref/gui/mergeentries/newmergedialog/cell/sidebuttons/ToggleMergeUnmergeButton.java
jabref,removed_gui,gui,src/main/java/org/jabref/gui/mergeentries/newmergedialog/diffhighlighter/DiffHighlighter.java
jabref,removed_gui,gui,src/main/java/org/jabref/gui/mergeentries/newmergedialog/diffhighlighter/SplitDiffHighlighter.java
jabref,removed_gui,gui,src/main/java/org/jabref/gui/mergeentries/newmergedialog/diffhighlighter/UnifiedDiffHighlighter.java
jabref,removed_gui,gui,src/main/java/org/jabref/gui/mergeentries/newmergedialog/fieldsmerger/CommentMerger.java
jabref,removed_gui,gui,src/main/java/org/jabref/gui/mergeentries/newmergedialog/fieldsmerger/FieldMerger.java
jabref,removed_gui,gui,src/main/java/org/jabref/gui/mergeentries/newmergedialog/fieldsmerger/FieldMergerFactory.java
jabref,removed_gui,gui,src/main/java/org/jabref/gui/mergeentries/newmergedialog/fieldsmerger/FileMerger.java
jabref,removed_gui,gui,src/main/java/org/jabref/gui/mergeentries/newmergedialog/fieldsmerger/GroupMerger.java
jabref,removed_gui,gui,src/main/java/org/jabref/gui/mergeentries/newmergedialog/fieldsmerger/KeywordMerger.java
jabref,removed_gui,gui,src/main/java/org/jabref/gui/mergeentries/newmergedialog/toolbar/ThreeWayMergeToolbar.java
jabref,removed_gui,gui,src/main/java/org/jabref/gui/openoffice/AdvancedCiteDialogView.java
jabref,removed_gui,gui,src/main/java/org/jabref/gui/openoffice/AdvancedCiteDialogViewModel.java
jabref,removed_gui,gui,src/main/java/org/jabref/gui/openoffice/Bootstrap.java
jabref,removed_gui,gui,src/main/java/org/jabref/gui/openoffice/CitationEntryViewModel.java
jabref,removed_gui,gui,src/main/java/org/jabref/gui/openoffice/DetectOpenOfficeInstallation.java
jabref,removed_gui,gui,src/main/java/org/jabref/gui/openoffice/ManageCitationsDialogView.java
jabref,removed_gui,gui,src/main/java/org/jabref/gui/openoffice/ManageCitationsDialogViewModel.java
jabref,removed_gui,gui,src/main/java/org/jabref/gui/openoffice/OOBibBase.java
jabref,removed_gui,gui,src/main/java/org/jabref/gui/openoffice/OOBibBaseConnect.java
jabref,removed_gui,gui,src/main/java/org/jabref/gui/openoffice/OOError.java
jabref,removed_gui,gui,src/main/java/org/jabref/gui/openoffice/OpenOfficePanel.java
jabref,removed_gui,gui,src/main/java/org/jabref/gui/openoffice/StyleSelectDialogView.java
jabref,removed_gui,gui,src/main/java/org/jabref/gui/openoffice/StyleSelectDialogViewModel.java
jabref,removed_gui,gui,src/main/java/org/jabref/gui/openoffice/StyleSelectItemViewModel.java
jabref,removed_gui,gui,src/main/java/org/jabref/gui/preferences/PreferenceTabViewModel.java
jabref,removed_gui,gui,src/main/java/org/jabref/gui/preferences/PreferencesDialogView.java
jabref,removed_gui,gui,src/main/java/org/jabref/gui/preferences/PreferencesDialogViewModel.java
jabref,removed_gui,gui,src/main/java/org/jabref/gui/preferences/PreferencesFilterDialog.java
jabref,removed_gui,gui,src/main/java/org/jabref/gui/preferences/PreferencesSearchHandler.java
jabref,removed_gui,gui,src/main/java/org/jabref/gui/preferences/ShowPreferencesAction.java
jabref,removed_gui,gui,src/main/java/org/jabref/gui/preferences/customentrytypes/FieldViewModel.java
jabref,removed_gui,gui,src/main/java/org/jabref/gui/preferences/externalfiletypes/EditExternalFileTypeEntryDialog.java
jabref,removed_gui,gui,src/main/java/org/jabref/gui/preferences/groups/GroupsTab.java
jabref,removed_gui,gui,src/main/java/org/jabref/gui/preferences/importexport/ImportExportTabViewModel.java
jabref,removed_gui,gui,src/main/java/org/jabref/gui/preferences/journals/JournalAbbreviationsTab.java
jabref,removed_gui,gui,src/main/java/org/jabref/gui/preferences/keybindings/KeyBindingViewModel.java
jabref,removed_gui,gui,src/main/java/org/jabref/gui/preferences/keybindings/KeyBindingsTab.java
jabref,removed_gui,gui,src/main/java/org/jabref/gui/preferences/table/TableTab.java
jabref,removed_gui,gui,src/main/java/org/jabref/gui/preferences/xmp/XmpPrivacyTab.java
jabref,removed_gui,gui,src/main/java/org/jabref/gui/preview/CopyCitationAction.java
jabref,removed_gui,gui,src/main/java/org/jabref/gui/preview/PreviewPanel.java
jabref,removed_gui,gui,src/main/java/org/jabref/gui/preview/PreviewViewer.java
jabref,removed_gui,gui,src/main/java/org/jabref/gui/push/AbstractPushToApplication.java
jabref,removed_gui,gui,src/main/java/org/jabref/gui/push/PushToApplication.java
jabref,removed_gui,gui,src/main/java/org/jabref/gui/push/PushToApplicationCommand.java
jabref,removed_gui,gui,src/main/java/org/jabref/gui/push/PushToApplicationSettings.java
jabref,removed_gui,gui,src/main/java/org/jabref/gui/push/PushToApplications.java
jabref,removed_gui,gui,src/main/java/org/jabref/gui/push/PushToEmacs.java
jabref,removed_gui,gui,src/main/java/org/jabref/gui/push/PushToEmacsSettings.java
jabref,removed_gui,gui,src/main/java/org/jabref/gui/push/PushToLyx.java
jabref,removed_gui,gui,src/main/java/org/jabref/gui/push/PushToLyxSettings.java
jabref,removed_gui,gui,src/main/java/org/jabref/gui/push/PushToTeXstudio.java
jabref,removed_gui,gui,src/main/java/org/jabref/gui/push/PushToTexmaker.java
jabref,removed_gui,gui,src/main/java/org/jabref/gui/push/PushToVim.java
jabref,removed_gui,gui,src/main/java/org/jabref/gui/push/PushToVimSettings.java
jabref,removed_gui,gui,src/main/java/org/jabref/gui/push/PushToWinEdt.java
jabref,removed_gui,gui,src/main/java/org/jabref/gui/remote/CLIMessageHandler.java
jabref,removed_gui,gui,src/main/java/org/jabref/gui/search/GlobalSearchBar.java
jabref,removed_gui,gui,src/main/java/org/jabref/gui/search/GlobalSearchResultDialog.java
jabref,removed_gui,gui,src/main/java/org/jabref/gui/search/GlobalSearchResultDialogViewModel.java
jabref,removed_gui,gui,src/main/java/org/jabref/gui/search/RebuildFulltextSearchIndexAction.java
jabref,removed_gui,gui,src/main/java/org/jabref/gui/search/SearchDisplayMode.java
jabref,removed_gui,gui,src/main/java/org/jabref/gui/search/SearchFieldRightClickMenu.java
jabref,removed_gui,gui,src/main/java/org/jabref/gui/search/SearchResultsTable.java
jabref,removed_gui,gui,src/main/java/org/jabref/gui/search/SearchResultsTableDataModel.java
jabref,removed_gui,gui,src/main/java/org/jabref/gui/search/SearchTextField.java
jabref,removed_gui,gui,src/main/java/org/jabref/gui/search/rules/describer/ContainsAndRegexBasedSearchRuleDescriber.java
jabref,removed_gui,gui,src/main/java/org/jabref/gui/search/rules/describer/GrammarBasedSearchRuleDescriber.java
jabref,removed_gui,gui,src/main/java/org/jabref/gui/search/rules/describer/SearchDescriber.java
jabref,removed_gui,gui,src/main/java/org/jabref/gui/search/rules/describer/SearchDescribers.java
jabref,removed_gui,gui,src/main/java/org/jabref/gui/shared/ConnectToSharedDatabaseCommand.java
jabref,removed_gui,gui,src/main/java/org/jabref/gui/shared/PullChangesFromSharedAction.java
jabref,removed_gui,gui,src/main/java/org/jabref/gui/shared/SharedDatabaseLoginDialogView.java
jabref,removed_gui,gui,src/main/java/org/jabref/gui/shared/SharedDatabaseLoginDialogViewModel.java
jabref,removed_gui,gui,src/main/java/org/jabref/gui/shared/SharedDatabaseUIManager.java
jabref,removed_gui,gui,src/main/java/org/jabref/gui/sidepane/GroupsSidePaneComponent.java
jabref,removed_gui,gui,src/main/java/org/jabref/gui/sidepane/SidePane.java
jabref,removed_gui,gui,src/main/java/org/jabref/gui/sidepane/SidePaneComponent.java
jabref,removed_gui,gui,src/main/java/org/jabref/gui/sidepane/SidePaneContentFactory.java
jabref,removed_gui,gui,src/main/java/org/jabref/gui/sidepane/SidePaneType.java
jabref,removed_gui,gui,src/main/java/org/jabref/gui/sidepane/SidePaneViewModel.java
jabref,removed_gui,gui,src/main/java/org/jabref/gui/sidepane/TogglePaneAction.java
jabref,removed_gui,gui,src/main/java/org/jabref/gui/slr/EditExistingStudyAction.java
jabref,removed_gui,gui,src/main/java/org/jabref/gui/slr/ExistingStudySearchAction.java
jabref,removed_gui,gui,src/main/java/org/jabref/gui/slr/ManageStudyDefinitionView.java
jabref,removed_gui,gui,src/main/java/org/jabref/gui/slr/ManageStudyDefinitionViewModel.java
jabref,removed_gui,gui,src/main/java/org/jabref/gui/slr/SlrStudyAndDirectory.java
jabref,removed_gui,gui,src/main/java/org/jabref/gui/slr/StartNewStudyAction.java
jabref,removed_gui,gui,src/main/java/org/jabref/gui/slr/StudyDatabaseItem.java
jabref,removed_gui,gui,src/main/java/org/jabref/gui/specialfields/SpecialFieldAction.java
jabref,removed_gui,gui,src/main/java/org/jabref/gui/specialfields/SpecialFieldMenuItemFactory.java
jabref,removed_gui,gui,src/main/java/org/jabref/gui/specialfields/SpecialFieldValueViewModel.java
jabref,removed_gui,gui,src/main/java/org/jabref/gui/specialfields/SpecialFieldViewModel.java
jabref,removed_gui,gui,src/main/java/org/jabref/gui/texparser/CitationsDisplay.java
jabref,removed_gui,gui,src/main/java/org/jabref/gui/texparser/ParseLatexAction.java
jabref,removed_gui,gui,src/main/java/org/jabref/gui/texparser/ParseLatexDialogView.java
jabref,removed_gui,gui,src/main/java/org/jabref/gui/texparser/ParseLatexDialogViewModel.java
jabref,removed_gui,gui,src/main/java/org/jabref/gui/texparser/ParseLatexResultView.java
jabref,removed_gui,gui,src/main/java/org/jabref/gui/texparser/ParseLatexResultViewModel.java
jabref,removed_gui,gui,src/main/java/org/jabref/gui/texparser/ReferenceViewModel.java
jabref,removed_gui,gui,src/main/java/org/jabref/gui/theme/StyleSheet.java
jabref,removed_gui,gui,src/main/java/org/jabref/gui/theme/StyleSheetDataUrl.java
jabref,removed_gui,gui,src/main/java/org/jabref/gui/theme/StyleSheetFile.java
jabref,removed_gui,gui,src/main/java/org/jabref/gui/theme/StyleSheetResource.java
jabref,removed_gui,gui,src/main/java/org/jabref/gui/theme/Theme.java
jabref,removed_gui,gui,src/main/java/org/jabref/gui/theme/ThemeManager.java
jabref,removed_gui,gui,src/main/java/org/jabref/gui/undo/AbstractUndoableJabRefEdit.java
jabref,removed_gui,gui,src/main/java/org/jabref/gui/undo/CountingUndoManager.java
jabref,removed_gui,gui,src/main/java/org/jabref/gui/undo/NamedCompound.java
jabref,removed_gui,gui,src/main/java/org/jabref/gui/undo/UndoRedoAction.java
jabref,removed_gui,gui,src/main/java/org/jabref/gui/undo/UndoableChangeType.java
jabref,removed_gui,gui,src/main/java/org/jabref/gui/undo/UndoableFieldChange.java
jabref,removed_gui,gui,src/main/java/org/jabref/gui/undo/UndoableInsertEntries.java
jabref,removed_gui,gui,src/main/java/org/jabref/gui/undo/UndoableInsertString.java
jabref,removed_gui,gui,src/main/java/org/jabref/gui/undo/UndoableKeyChange.java
jabref,removed_gui,gui,src/main/java/org/jabref/gui/undo/UndoablePreambleChange.java
jabref,removed_gui,gui,src/main/java/org/jabref/gui/undo/UndoableRemoveEntries.java
jabref,removed_gui,gui,src/main/java/org/jabref/gui/undo/UndoableRemoveString.java
jabref,removed_gui,gui,src/main/java/org/jabref/gui/undo/UndoableStringChange.java
jabref,removed_gui,gui,src/main/java/org/jabref/gui/util/BackgroundTask.java
jabref,removed_gui,gui,src/main/java/org/jabref/gui/util/BaseDialog.java
jabref,removed_gui,gui,src/main/java/org/jabref/gui/util/BindingsHelper.java
jabref,removed_gui,gui,src/main/java/org/jabref/gui/util/ColorUtil.java
jabref,removed_gui,gui,src/main/java/org/jabref/gui/util/ControlHelper.java
jabref,removed_gui,gui,src/main/java/org/jabref/gui/util/CurrentThreadTaskExecutor.java
jabref,removed_gui,gui,src/main/java/org/jabref/gui/util/CustomLocalDragboard.java
jabref,removed_gui,gui,src/main/java/org/jabref/gui/util/CustomRatingSkin.java
jabref,removed_gui,gui,src/main/java/org/jabref/gui/util/CustomTitledPaneSkin.java
jabref,removed_gui,gui,src/main/java/org/jabref/gui/util/DefaultFileUpdateMonitor.java
jabref,removed_gui,gui,src/main/java/org/jabref/gui/util/DefaultTaskExecutor.java
jabref,removed_gui,gui,src/main/java/org/jabref/gui/util/DialogWindowState.java
jabref,removed_gui,gui,src/main/java/org/jabref/gui/util/DirectoryDialogConfiguration.java
jabref,removed_gui,gui,src/main/java/org/jabref/gui/util/DroppingMouseLocation.java
jabref,removed_gui,gui,src/main/java/org/jabref/gui/util/FieldsUtil.java
jabref,removed_gui,gui,src/main/java/org/jabref/gui/util/FileDialogConfiguration.java
jabref,removed_gui,gui,src/main/java/org/jabref/gui/util/FileFilterConverter.java
jabref,removed_gui,gui,src/main/java/org/jabref/gui/util/FileNodeViewModel.java
jabref,removed_gui,gui,src/main/java/org/jabref/gui/util/IconValidationDecorator.java
jabref,removed_gui,gui,src/main/java/org/jabref/gui/util/JabRefResourceLocator.java
jabref,removed_gui,gui,src/main/java/org/jabref/gui/util/NoSelectionModel.java
jabref,removed_gui,gui,src/main/java/org/jabref/gui/util/OnlyIntegerFormatter.java
jabref,removed_gui,gui,src/main/java/org/jabref/gui/util/OpenHyperlinksInExternalBrowser.java
jabref,removed_gui,gui,src/main/java/org/jabref/gui/util/OptionalObjectProperty.java
jabref,removed_gui,gui,src/main/java/org/jabref/gui/util/OptionalValueTableCellFactory.java
jabref,removed_gui,gui,src/main/java/org/jabref/gui/util/RadioButtonCell.java
jabref,removed_gui,gui,src/main/java/org/jabref/gui/util/RecursiveTreeItem.java
jabref,removed_gui,gui,src/main/java/org/jabref/gui/util/StreamGobbler.java
jabref,removed_gui,gui,src/main/java/org/jabref/gui/util/TaskExecutor.java
jabref,removed_gui,gui,src/main/java/org/jabref/gui/util/TextFlowLimited.java
jabref,removed_gui,gui,src/main/java/org/jabref/gui/util/TooltipTextUtil.java
jabref,removed_gui,gui,src/main/java/org/jabref/gui/util/UiThreadList.java
jabref,removed_gui,gui,src/main/java/org/jabref/gui/util/ValueTableCellFactory.java
jabref,removed_gui,gui,src/main/java/org/jabref/gui/util/ViewModelListCellFactory.java
jabref,removed_gui,gui,src/main/java/org/jabref/gui/util/ViewModelTableRowFactory.java
jabref,removed_gui,gui,src/main/java/org/jabref/gui/util/ViewModelTextFieldTableCellVisualizationFactory.java
jabref,removed_gui,gui,src/main/java/org/jabref/gui/util/ViewModelTreeCellFactory.java
jabref,removed_gui,gui,src/main/java/org/jabref/gui/util/ViewModelTreeTableCellFactory.java
jabref,removed_gui,gui,src/main/java/org/jabref/gui/util/ViewModelTreeTableRowFactory.java
jabref,removed_gui,gui,src/main/java/org/jabref/gui/util/ZipFileChooser.java
jabref,removed_gui,gui,src/main/java/org/jabref/gui/util/comparator/NumericFieldComparator.java
jabref,removed_gui,gui,src/main/java/org/jabref/gui/util/comparator/RankingFieldComparator.java
jabref,removed_gui,gui,src/main/java/org/jabref/gui/util/comparator/SpecialFieldComparator.java
jabref,removed_gui,gui,src/main/java/org/jabref/gui/util/component/DiffHighlightingTextPane.java
jabref,removed_gui,gui,src/main/java/org/jabref/gui/util/component/Tag.java
jabref,removed_gui,gui,src/main/java/org/jabref/gui/util/component/TagBar.java
jabref,removed_gui,gui,src/main/java/org/jabref/gui/util/component/TemporalAccessorPicker.java
jabref,removed_gui,gui,src/main/java/org/jabref/gui/util/uithreadaware/UiThreadBinding.java
jabref,removed_gui,gui,src/main/java/org/jabref/gui/util/uithreadaware/UiThreadChangeListener.java
jabref,removed_gui,gui,src/main/java/org/jabref/gui/util/uithreadaware/UiThreadHelper.java
jabref,removed_gui,gui,src/main/java/org/jabref/gui/util/uithreadaware/UiThreadInvalidationListener.java
jabref,removed_gui,gui,src/main/java/org/jabref/gui/util/uithreadaware/UiThreadListChangeListener.java
jabref,removed_gui,gui,src/main/java/org/jabref/gui/util/uithreadaware/UiThreadObservableList.java
jabref,removed_gui,gui,src/main/java/org/jabref/gui/util/uithreadaware/UiThreadStringProperty.java
jabref,removed_gui,gui,src/main/java/org/jabref/logic/bst/BstVMContext.java
jabref,removed_gui,gui,src/main/java/org/jabref/logic/bst/util/BstNameFormatter.java
jabref,removed_gui,gui,src/main/java/org/jabref/logic/cleanup/FieldFormatterCleanups.java
jabref,removed_gui,gui,src/main/java/org/jabref/logic/importer/fileformat/medline/MeshHeading.java
jabref,removed_gui,gui,src/main/java/org/jabref/logic/l10n/LocalizationKey.java
jabref,removed_gui,gui,src/main/java/org/jabref/logic/layout/format/AuthorAndsReplacer.java
jabref,removed_gui,gui,src/main/java/org/jabref/logic/layout/format/CSLType.java
jabref,removed_gui,gui,src/main/java/org/jabref/logic/logging/LogMessages.java
jabref,removed_gui,gui,src/main/java/org/jabref/logic/util/WebViewStore.java
jabref,removed_gui,gui,src/main/java/org/jabref/logic/util/io/FileFinders.java
jabref,removed_gui,gui,src/main/java/org/jabref/logic/util/io/XMLUtil.java
jabref,removed_gui,gui,src/main/java/org/jabref/logic/util/strings/StringManipulator.java
jabref,removed_gui,gui,src/main/java/org/jabref/model/entry/field/BibField.java
jabref,removed_gui,gui,src/main/java/org/jabref/model/entry/field/SpecialFieldValue.java
jabref,removed_gui,gui,src/main/java/org/jabref/model/openoffice/backend/NamedRange.java
jabref,removed_gui,gui,src/main/java/org/jabref/model/openoffice/backend/NamedRangeManager.java
jabref,removed_gui,gui,src/main/java/org/jabref/model/openoffice/rangesort/RangeOverlapBetween.java
jabref,removed_gui,gui,src/main/java/org/jabref/model/openoffice/style/Citation.java
jabref,removed_gui,gui,src/main/java/org/jabref/model/openoffice/style/CompareCitedKey.java
jabref,removed_gui,gui,src/main/java/org/jabref/model/openoffice/style/PageInfo.java
jabref,removed_gui,gui,src/main/java/org/jabref/model/openoffice/uno/UnoNamed.java
jabref,removed_gui,gui,src/main/java/org/jabref/model/openoffice/uno/UnoProperties.java
jabref,removed_gui,gui,src/main/java/org/jabref/model/openoffice/uno/UnoScreenRefresh.java
jabref,removed_gui,gui,src/main/java/org/jabref/model/openoffice/uno/UnoTextDocument.java
jabref,removed_gui,gui,src/main/java/org/jabref/model/openoffice/uno/UnoUndo.java
jabref,removed_gui,gui,src/main/java/org/jabref/model/openoffice/util/OOTuple3.java
jabref,removed_gui,gui,src/main/java/org/jabref/model/openoffice/util/OOVoidResult.java
jabref,removed_gui,gui,src/main/java/org/jabref/model/util/FileUpdateListener.java
jabref,removed_gui,gui,src/main/java/org/jabref/model/util/FileUpdateMonitor.java
jabref,removed_gui,gui,src/main/java/org/jabref/model/util/TreeCollector.java
jabref,removed_logic,logic,buildSrc/src/copied/java/org/jabref/logic/journals/Abbreviation.java
jabref,removed_logic,logic,buildSrc/src/copied/java/org/jabref/logic/journals/AbbreviationFormat.java
jabref,removed_logic,logic,buildSrc/src/copied/java/org/jabref/logic/journals/AbbreviationParser.java
jabref,removed_logic,logic,buildSrc/src/copied/java/org/jabref/logic/journals/AbbreviationWriter.java
jabref,removed_logic,logic,buildSrc/src/copied/java/org/jabref/logic/journals/JournalAbbreviationLoader.java
jabref,removed_logic,logic,buildSrc/src/copied/java/org/jabref/logic/journals/JournalAbbreviationRepository.java
jabref,removed_logic,logic,src/jmh/java/org/jabref/benchmarks/Benchmarks.java
jabref,removed_logic,logic,src/main/java/module-info.java
jabref,removed_logic,logic,src/main/java/org/jabref/architecture/AllowedToUseAwt.java
jabref,removed_logic,logic,src/main/java/org/jabref/architecture/AllowedToUseLogic.java
jabref,removed_logic,logic,src/main/java/org/jabref/architecture/AllowedToUseStandardStreams.java
jabref,removed_logic,logic,src/main/java/org/jabref/architecture/AllowedToUseSwing.java
jabref,removed_logic,logic,src/main/java/org/jabref/architecture/ApacheCommonsLang3Allowed.java
jabref,removed_logic,logic,src/main/java/org/jabref/cli/ArgumentProcessor.java
jabref,removed_logic,logic,src/main/java/org/jabref/gui/collab/DatabaseChangeResolverFactory.java
jabref,removed_logic,logic,src/main/java/org/jabref/gui/collab/metedatachange/MetadataChangeDetailsView.java
jabref,removed_logic,logic,src/main/java/org/jabref/gui/commonfxcontrols/SaveOrderConfigPanel.java
jabref,removed_logic,logic,src/main/java/org/jabref/gui/groups/GroupNodeViewModel.java
jabref,removed_logic,logic,src/main/java/org/jabref/gui/journals/AbbreviateAction.java
jabref,removed_logic,logic,src/main/java/org/jabref/gui/mergeentries/MergeResult.java
jabref,removed_logic,logic,src/main/java/org/jabref/gui/mergeentries/newmergedialog/diffhighlighter/DiffHighlighter.java
jabref,removed_logic,logic,src/main/java/org/jabref/gui/openoffice/OOBibBase.java
jabref,removed_logic,logic,src/main/java/org/jabref/gui/preferences/importexport/ImportExportTabViewModel.java
jabref,removed_logic,logic,src/main/java/org/jabref/gui/preferences/table/TableTabViewModel.java
jabref,removed_logic,logic,src/main/java/org/jabref/gui/remote/CLIMessageHandler.java
jabref,removed_logic,logic,src/main/java/org/jabref/logic/JabRefException.java
jabref,removed_logic,logic,src/main/java/org/jabref/logic/WatchServiceUnavailableException.java
jabref,removed_logic,logic,src/main/java/org/jabref/logic/autosaveandbackup/AutosaveManager.java
jabref,removed_logic,logic,src/main/java/org/jabref/logic/autosaveandbackup/BackupManager.java
jabref,removed_logic,logic,src/main/java/org/jabref/logic/auxparser/AuxParser.java
jabref,removed_logic,logic,src/main/java/org/jabref/logic/auxparser/AuxParserResult.java
jabref,removed_logic,logic,src/main/java/org/jabref/logic/auxparser/DefaultAuxParser.java
jabref,removed_logic,logic,src/main/java/org/jabref/logic/bibtex/BibEntryWriter.java
jabref,removed_logic,logic,src/main/java/org/jabref/logic/bibtex/FieldContentFormatter.java
jabref,removed_logic,logic,src/main/java/org/jabref/logic/bibtex/FieldWriter.java
jabref,removed_logic,logic,src/main/java/org/jabref/logic/bibtex/FileFieldWriter.java
jabref,removed_logic,logic,src/main/java/org/jabref/logic/bibtex/InvalidFieldValueException.java
jabref,removed_logic,logic,src/main/java/org/jabref/logic/bibtex/comparator/BibDatabaseDiff.java
jabref,removed_logic,logic,src/main/java/org/jabref/logic/bibtex/comparator/BibEntryDiff.java
jabref,removed_logic,logic,src/main/java/org/jabref/logic/bibtex/comparator/BibStringDiff.java
jabref,removed_logic,logic,src/main/java/org/jabref/logic/bibtex/comparator/BibtexStringComparator.java
jabref,removed_logic,logic,src/main/java/org/jabref/logic/bibtex/comparator/CrossRefEntryComparator.java
jabref,removed_logic,logic,src/main/java/org/jabref/logic/bibtex/comparator/EntryComparator.java
jabref,removed_logic,logic,src/main/java/org/jabref/logic/bibtex/comparator/FieldComparator.java
jabref,removed_logic,logic,src/main/java/org/jabref/logic/bibtex/comparator/FieldComparatorStack.java
jabref,removed_logic,logic,src/main/java/org/jabref/logic/bibtex/comparator/GroupDiff.java
jabref,removed_logic,logic,src/main/java/org/jabref/logic/bibtex/comparator/IdComparator.java
jabref,removed_logic,logic,src/main/java/org/jabref/logic/bibtex/comparator/MetaDataDiff.java
jabref,removed_logic,logic,src/main/java/org/jabref/logic/bibtex/comparator/PreambleDiff.java
jabref,removed_logic,logic,src/main/java/org/jabref/logic/bst/BstEntry.java
jabref,removed_logic,logic,src/main/java/org/jabref/logic/bst/BstFunctions.java
jabref,removed_logic,logic,src/main/java/org/jabref/logic/bst/BstPreviewLayout.java
jabref,removed_logic,logic,src/main/java/org/jabref/logic/bst/BstVM.java
jabref,removed_logic,logic,src/main/java/org/jabref/logic/bst/BstVMContext.java
jabref,removed_logic,logic,src/main/java/org/jabref/logic/bst/BstVMException.java
jabref,removed_logic,logic,src/main/java/org/jabref/logic/bst/BstVMVisitor.java
jabref,removed_logic,logic,src/main/java/org/jabref/logic/bst/util/BstCaseChanger.java
jabref,removed_logic,logic,src/main/java/org/jabref/logic/bst/util/BstNameFormatter.java
jabref,removed_logic,logic,src/main/java/org/jabref/logic/bst/util/BstPurifier.java
jabref,removed_logic,logic,src/main/java/org/jabref/logic/bst/util/BstTextPrefixer.java
jabref,removed_logic,logic,src/main/java/org/jabref/logic/bst/util/BstWidthCalculator.java
jabref,removed_logic,logic,src/main/java/org/jabref/logic/citationkeypattern/AbstractCitationKeyPattern.java
jabref,removed_logic,logic,src/main/java/org/jabref/logic/citationkeypattern/BracketedPattern.java
jabref,removed_logic,logic,src/main/java/org/jabref/logic/citationkeypattern/CitationKeyGenerator.java
jabref,removed_logic,logic,src/main/java/org/jabref/logic/citationkeypattern/DatabaseCitationKeyPattern.java
jabref,removed_logic,logic,src/main/java/org/jabref/logic/citationkeypattern/GlobalCitationKeyPattern.java
jabref,removed_logic,logic,src/main/java/org/jabref/logic/citationstyle/CSLAdapter.java
jabref,removed_logic,logic,src/main/java/org/jabref/logic/citationstyle/CitationStyle.java
jabref,removed_logic,logic,src/main/java/org/jabref/logic/citationstyle/CitationStyleCache.java
jabref,removed_logic,logic,src/main/java/org/jabref/logic/citationstyle/CitationStyleGenerator.java
jabref,removed_logic,logic,src/main/java/org/jabref/logic/citationstyle/CitationStyleOutputFormat.java
jabref,removed_logic,logic,src/main/java/org/jabref/logic/citationstyle/CitationStylePreviewLayout.java
jabref,removed_logic,logic,src/main/java/org/jabref/logic/citationstyle/JabRefItemDataProvider.java
jabref,removed_logic,logic,src/main/java/org/jabref/logic/citationstyle/JabRefLocaleProvider.java
jabref,removed_logic,logic,src/main/java/org/jabref/logic/cleanup/CleanupJob.java
jabref,removed_logic,logic,src/main/java/org/jabref/logic/cleanup/CleanupWorker.java
jabref,removed_logic,logic,src/main/java/org/jabref/logic/cleanup/ConvertToBiblatexCleanup.java
jabref,removed_logic,logic,src/main/java/org/jabref/logic/cleanup/ConvertToBibtexCleanup.java
jabref,removed_logic,logic,src/main/java/org/jabref/logic/cleanup/DoiCleanup.java
jabref,removed_logic,logic,src/main/java/org/jabref/logic/cleanup/EprintCleanup.java
jabref,removed_logic,logic,src/main/java/org/jabref/logic/cleanup/FieldFormatterCleanup.java
jabref,removed_logic,logic,src/main/java/org/jabref/logic/cleanup/FieldFormatterCleanups.java
jabref,removed_logic,logic,src/main/java/org/jabref/logic/cleanup/FileLinksCleanup.java
jabref,removed_logic,logic,src/main/java/org/jabref/logic/cleanup/Formatter.java
jabref,removed_logic,logic,src/main/java/org/jabref/logic/cleanup/ISSNCleanup.java
jabref,removed_logic,logic,src/main/java/org/jabref/logic/cleanup/MoveFieldCleanup.java
jabref,removed_logic,logic,src/main/java/org/jabref/logic/cleanup/MoveFilesCleanup.java
jabref,removed_logic,logic,src/main/java/org/jabref/logic/cleanup/RelativePathsCleanup.java
jabref,removed_logic,logic,src/main/java/org/jabref/logic/cleanup/RenamePdfCleanup.java
jabref,removed_logic,logic,src/main/java/org/jabref/logic/cleanup/TimeStampToCreationDate.java
jabref,removed_logic,logic,src/main/java/org/jabref/logic/cleanup/TimeStampToModificationDate.java
jabref,removed_logic,logic,src/main/java/org/jabref/logic/cleanup/UpgradePdfPsToFileCleanup.java
jabref,removed_logic,logic,src/main/java/org/jabref/logic/crawler/Crawler.java
jabref,removed_logic,logic,src/main/java/org/jabref/logic/crawler/StudyDatabaseToFetcherConverter.java
jabref,removed_logic,logic,src/main/java/org/jabref/logic/crawler/StudyFetcher.java
jabref,removed_logic,logic,src/main/java/org/jabref/logic/crawler/StudyRepository.java
jabref,removed_logic,logic,src/main/java/org/jabref/logic/crawler/StudyYamlParser.java
jabref,removed_logic,logic,src/main/java/org/jabref/logic/database/DatabaseMerger.java
jabref,removed_logic,logic,src/main/java/org/jabref/logic/database/DuplicateCheck.java
jabref,removed_logic,logic,src/main/java/org/jabref/logic/exporter/AtomicFileOutputStream.java
jabref,removed_logic,logic,src/main/java/org/jabref/logic/exporter/AtomicFileWriter.java
jabref,removed_logic,logic,src/main/java/org/jabref/logic/exporter/BibDatabaseWriter.java
jabref,removed_logic,logic,src/main/java/org/jabref/logic/exporter/BibWriter.java
jabref,removed_logic,logic,src/main/java/org/jabref/logic/exporter/BibtexDatabaseWriter.java
jabref,removed_logic,logic,src/main/java/org/jabref/logic/exporter/BlankLineBehaviour.java
jabref,removed_logic,logic,src/main/java/org/jabref/logic/exporter/EmbeddedBibFilePdfExporter.java
jabref,removed_logic,logic,src/main/java/org/jabref/logic/exporter/Exporter.java
jabref,removed_logic,logic,src/main/java/org/jabref/logic/exporter/ExporterFactory.java
jabref,removed_logic,logic,src/main/java/org/jabref/logic/exporter/GroupSerializer.java
jabref,removed_logic,logic,src/main/java/org/jabref/logic/exporter/MSBibExporter.java
jabref,removed_logic,logic,src/main/java/org/jabref/logic/exporter/MetaDataSerializer.java
jabref,removed_logic,logic,src/main/java/org/jabref/logic/exporter/ModsExporter.java
jabref,removed_logic,logic,src/main/java/org/jabref/logic/exporter/OOCalcDatabase.java
jabref,removed_logic,logic,src/main/java/org/jabref/logic/exporter/OpenDocumentRepresentation.java
jabref,removed_logic,logic,src/main/java/org/jabref/logic/exporter/OpenDocumentSpreadsheetCreator.java
jabref,removed_logic,logic,src/main/java/org/jabref/logic/exporter/OpenOfficeDocumentCreator.java
jabref,removed_logic,logic,src/main/java/org/jabref/logic/exporter/SaveConfiguration.java
jabref,removed_logic,logic,src/main/java/org/jabref/logic/exporter/SaveException.java
jabref,removed_logic,logic,src/main/java/org/jabref/logic/exporter/TemplateExporter.java
jabref,removed_logic,logic,src/main/java/org/jabref/logic/exporter/XmpExporter.java
jabref,removed_logic,logic,src/main/java/org/jabref/logic/exporter/XmpPdfExporter.java
jabref,removed_logic,logic,src/main/java/org/jabref/logic/externalfiles/ExternalFilesContentImporter.java
jabref,removed_logic,logic,src/main/java/org/jabref/logic/externalfiles/LinkedFileHandler.java
jabref,removed_logic,logic,src/main/java/org/jabref/logic/formatter/Formatters.java
jabref,removed_logic,logic,src/main/java/org/jabref/logic/formatter/IdentityFormatter.java
jabref,removed_logic,logic,src/main/java/org/jabref/logic/formatter/bibtexfields/AddBracesFormatter.java
jabref,removed_logic,logic,src/main/java/org/jabref/logic/formatter/bibtexfields/CleanupUrlFormatter.java
jabref,removed_logic,logic,src/main/java/org/jabref/logic/formatter/bibtexfields/ClearFormatter.java
jabref,removed_logic,logic,src/main/java/org/jabref/logic/formatter/bibtexfields/EscapeAmpersandsFormatter.java
jabref,removed_logic,logic,src/main/java/org/jabref/logic/formatter/bibtexfields/EscapeDollarSignFormatter.java
jabref,removed_logic,logic,src/main/java/org/jabref/logic/formatter/bibtexfields/EscapeUnderscoresFormatter.java
jabref,removed_logic,logic,src/main/java/org/jabref/logic/formatter/bibtexfields/HtmlToLatexFormatter.java
jabref,removed_logic,logic,src/main/java/org/jabref/logic/formatter/bibtexfields/HtmlToUnicodeFormatter.java
jabref,removed_logic,logic,src/main/java/org/jabref/logic/formatter/bibtexfields/LatexCleanupFormatter.java
jabref,removed_logic,logic,src/main/java/org/jabref/logic/formatter/bibtexfields/NormalizeDateFormatter.java
jabref,removed_logic,logic,src/main/java/org/jabref/logic/formatter/bibtexfields/NormalizeEnDashesFormatter.java
jabref,removed_logic,logic,src/main/java/org/jabref/logic/formatter/bibtexfields/NormalizeMonthFormatter.java
jabref,removed_logic,logic,src/main/java/org/jabref/logic/formatter/bibtexfields/NormalizeNamesFormatter.java
jabref,removed_logic,logic,src/main/java/org/jabref/logic/formatter/bibtexfields/NormalizePagesFormatter.java
jabref,removed_logic,logic,src/main/java/org/jabref/logic/formatter/bibtexfields/OrdinalsToSuperscriptFormatter.java
jabref,removed_logic,logic,src/main/java/org/jabref/logic/formatter/bibtexfields/RegexFormatter.java
jabref,removed_logic,logic,src/main/java/org/jabref/logic/formatter/bibtexfields/RemoveBracesFormatter.java
jabref,removed_logic,logic,src/main/java/org/jabref/logic/formatter/bibtexfields/RemoveDigitsFormatter.java
jabref,removed_logic,logic,src/main/java/org/jabref/logic/formatter/bibtexfields/RemoveHyphenatedNewlinesFormatter.java
jabref,removed_logic,logic,src/main/java/org/jabref/logic/formatter/bibtexfields/RemoveNewlinesFormatter.java
jabref,removed_logic,logic,src/main/java/org/jabref/logic/formatter/bibtexfields/RemoveRedundantSpacesFormatter.java
jabref,removed_logic,logic,src/main/java/org/jabref/logic/formatter/bibtexfields/ReplaceTabsBySpaceFormater.java
jabref,removed_logic,logic,src/main/java/org/jabref/logic/formatter/bibtexfields/ShortenDOIFormatter.java
jabref,removed_logic,logic,src/main/java/org/jabref/logic/formatter/bibtexfields/TrimWhitespaceFormatter.java
jabref,removed_logic,logic,src/main/java/org/jabref/logic/formatter/bibtexfields/UnicodeToLatexFormatter.java
jabref,removed_logic,logic,src/main/java/org/jabref/logic/formatter/bibtexfields/UnitsToLatexFormatter.java
jabref,removed_logic,logic,src/main/java/org/jabref/logic/formatter/casechanger/CapitalizeFormatter.java
jabref,removed_logic,logic,src/main/java/org/jabref/logic/formatter/casechanger/LowerCaseFormatter.java
jabref,removed_logic,logic,src/main/java/org/jabref/logic/formatter/casechanger/ProtectTermsFormatter.java
jabref,removed_logic,logic,src/main/java/org/jabref/logic/formatter/casechanger/SentenceCaseFormatter.java
jabref,removed_logic,logic,src/main/java/org/jabref/logic/formatter/casechanger/Title.java
jabref,removed_logic,logic,src/main/java/org/jabref/logic/formatter/casechanger/TitleCaseFormatter.java
jabref,removed_logic,logic,src/main/java/org/jabref/logic/formatter/casechanger/TitleParser.java
jabref,removed_logic,logic,src/main/java/org/jabref/logic/formatter/casechanger/UnprotectTermsFormatter.java
jabref,removed_logic,logic,src/main/java/org/jabref/logic/formatter/casechanger/UpperCaseFormatter.java
jabref,removed_logic,logic,src/main/java/org/jabref/logic/formatter/casechanger/Word.java
jabref,removed_logic,logic,src/main/java/org/jabref/logic/formatter/minifier/MinifyNameListFormatter.java
jabref,removed_logic,logic,src/main/java/org/jabref/logic/formatter/minifier/TruncateFormatter.java
jabref,removed_logic,logic,src/main/java/org/jabref/logic/git/GitHandler.java
jabref,removed_logic,logic,src/main/java/org/jabref/logic/git/SlrGitHandler.java
jabref,removed_logic,logic,src/main/java/org/jabref/logic/groups/DefaultGroupsFactory.java
jabref,removed_logic,logic,src/main/java/org/jabref/logic/help/HelpFile.java
jabref,removed_logic,logic,src/main/java/org/jabref/logic/importer/AuthorListParser.java
jabref,removed_logic,logic,src/main/java/org/jabref/logic/importer/CompositeIdFetcher.java
jabref,removed_logic,logic,src/main/java/org/jabref/logic/importer/EntryBasedFetcher.java
jabref,removed_logic,logic,src/main/java/org/jabref/logic/importer/EntryBasedParserFetcher.java
jabref,removed_logic,logic,src/main/java/org/jabref/logic/importer/FetcherClientException.java
jabref,removed_logic,logic,src/main/java/org/jabref/logic/importer/FetcherException.java
jabref,removed_logic,logic,src/main/java/org/jabref/logic/importer/FetcherResult.java
jabref,removed_logic,logic,src/main/java/org/jabref/logic/importer/FetcherServerException.java
jabref,removed_logic,logic,src/main/java/org/jabref/logic/importer/FulltextFetcher.java
jabref,removed_logic,logic,src/main/java/org/jabref/logic/importer/FulltextFetchers.java
jabref,removed_logic,logic,src/main/java/org/jabref/logic/importer/IdBasedFetcher.java
jabref,removed_logic,logic,src/main/java/org/jabref/logic/importer/IdBasedParserFetcher.java
jabref,removed_logic,logic,src/main/java/org/jabref/logic/importer/IdFetcher.java
jabref,removed_logic,logic,src/main/java/org/jabref/logic/importer/IdParserFetcher.java
jabref,removed_logic,logic,src/main/java/org/jabref/logic/importer/ImportCleanup.java
jabref,removed_logic,logic,src/main/java/org/jabref/logic/importer/ImportException.java
jabref,removed_logic,logic,src/main/java/org/jabref/logic/importer/ImportFormatReader.java
jabref,removed_logic,logic,src/main/java/org/jabref/logic/importer/Importer.java
jabref,removed_logic,logic,src/main/java/org/jabref/logic/importer/OpenDatabase.java
jabref,removed_logic,logic,src/main/java/org/jabref/logic/importer/OutputPrinter.java
jabref,removed_logic,logic,src/main/java/org/jabref/logic/importer/PagedSearchBasedFetcher.java
jabref,removed_logic,logic,src/main/java/org/jabref/logic/importer/PagedSearchBasedParserFetcher.java
jabref,removed_logic,logic,src/main/java/org/jabref/logic/importer/ParseException.java
jabref,removed_logic,logic,src/main/java/org/jabref/logic/importer/Parser.java
jabref,removed_logic,logic,src/main/java/org/jabref/logic/importer/ParserResult.java
jabref,removed_logic,logic,src/main/java/org/jabref/logic/importer/QueryParser.java
jabref,removed_logic,logic,src/main/java/org/jabref/logic/importer/SearchBasedFetcher.java
jabref,removed_logic,logic,src/main/java/org/jabref/logic/importer/SearchBasedParserFetcher.java
jabref,removed_logic,logic,src/main/java/org/jabref/logic/importer/WebFetcher.java
jabref,removed_logic,logic,src/main/java/org/jabref/logic/importer/WebFetchers.java
jabref,removed_logic,logic,src/main/java/org/jabref/logic/importer/fetcher/ACMPortalFetcher.java
jabref,removed_logic,logic,src/main/java/org/jabref/logic/importer/fetcher/ACS.java
jabref,removed_logic,logic,src/main/java/org/jabref/logic/importer/fetcher/AbstractIsbnFetcher.java
jabref,removed_logic,logic,src/main/java/org/jabref/logic/importer/fetcher/ApsFetcher.java
jabref,removed_logic,logic,src/main/java/org/jabref/logic/importer/fetcher/ArXivFetcher.java
jabref,removed_logic,logic,src/main/java/org/jabref/logic/importer/fetcher/AstrophysicsDataSystem.java
jabref,removed_logic,logic,src/main/java/org/jabref/logic/importer/fetcher/BibsonomyScraper.java
jabref,removed_logic,logic,src/main/java/org/jabref/logic/importer/fetcher/BiodiversityLibrary.java
jabref,removed_logic,logic,src/main/java/org/jabref/logic/importer/fetcher/BvbFetcher.java
jabref,removed_logic,logic,src/main/java/org/jabref/logic/importer/fetcher/CiteSeer.java
jabref,removed_logic,logic,src/main/java/org/jabref/logic/importer/fetcher/CollectionOfComputerScienceBibliographiesFetcher.java
jabref,removed_logic,logic,src/main/java/org/jabref/logic/importer/fetcher/CollectionOfComputerScienceBibliographiesParser.java
jabref,removed_logic,logic,src/main/java/org/jabref/logic/importer/fetcher/ComplexSearchQuery.java
jabref,removed_logic,logic,src/main/java/org/jabref/logic/importer/fetcher/CompositeSearchBasedFetcher.java
jabref,removed_logic,logic,src/main/java/org/jabref/logic/importer/fetcher/CrossRef.java
jabref,removed_logic,logic,src/main/java/org/jabref/logic/importer/fetcher/CustomizableKeyFetcher.java
jabref,removed_logic,logic,src/main/java/org/jabref/logic/importer/fetcher/DBLPFetcher.java
jabref,removed_logic,logic,src/main/java/org/jabref/logic/importer/fetcher/DOABFetcher.java
jabref,removed_logic,logic,src/main/java/org/jabref/logic/importer/fetcher/DOAJFetcher.java
jabref,removed_logic,logic,src/main/java/org/jabref/logic/importer/fetcher/DiVA.java
jabref,removed_logic,logic,src/main/java/org/jabref/logic/importer/fetcher/DoiFetcher.java
jabref,removed_logic,logic,src/main/java/org/jabref/logic/importer/fetcher/DoiResolution.java
jabref,removed_logic,logic,src/main/java/org/jabref/logic/importer/fetcher/GoogleScholar.java
jabref,removed_logic,logic,src/main/java/org/jabref/logic/importer/fetcher/GrobidCitationFetcher.java
jabref,removed_logic,logic,src/main/java/org/jabref/logic/importer/fetcher/GvkFetcher.java
jabref,removed_logic,logic,src/main/java/org/jabref/logic/importer/fetcher/IEEE.java
jabref,removed_logic,logic,src/main/java/org/jabref/logic/importer/fetcher/INSPIREFetcher.java
jabref,removed_logic,logic,src/main/java/org/jabref/logic/importer/fetcher/IacrEprintFetcher.java
jabref,removed_logic,logic,src/main/java/org/jabref/logic/importer/fetcher/JstorFetcher.java
jabref,removed_logic,logic,src/main/java/org/jabref/logic/importer/fetcher/LibraryOfCongress.java
jabref,removed_logic,logic,src/main/java/org/jabref/logic/importer/fetcher/MathSciNet.java
jabref,removed_logic,logic,src/main/java/org/jabref/logic/importer/fetcher/MedlineFetcher.java
jabref,removed_logic,logic,src/main/java/org/jabref/logic/importer/fetcher/Medra.java
jabref,removed_logic,logic,src/main/java/org/jabref/logic/importer/fetcher/MrDLibFetcher.java
jabref,removed_logic,logic,src/main/java/org/jabref/logic/importer/fetcher/OpenAccessDoi.java
jabref,removed_logic,logic,src/main/java/org/jabref/logic/importer/fetcher/ResearchGate.java
jabref,removed_logic,logic,src/main/java/org/jabref/logic/importer/fetcher/RfcFetcher.java
jabref,removed_logic,logic,src/main/java/org/jabref/logic/importer/fetcher/ScienceDirect.java
jabref,removed_logic,logic,src/main/java/org/jabref/logic/importer/fetcher/SemanticScholar.java
jabref,removed_logic,logic,src/main/java/org/jabref/logic/importer/fetcher/SpringerFetcher.java
jabref,removed_logic,logic,src/main/java/org/jabref/logic/importer/fetcher/SpringerLink.java
jabref,removed_logic,logic,src/main/java/org/jabref/logic/importer/fetcher/TitleFetcher.java
jabref,removed_logic,logic,src/main/java/org/jabref/logic/importer/fetcher/TrustLevel.java
jabref,removed_logic,logic,src/main/java/org/jabref/logic/importer/fetcher/ZbMATH.java
jabref,removed_logic,logic,src/main/java/org/jabref/logic/importer/fetcher/isbntobibtex/DoiToBibtexConverterComIsbnFetcher.java
jabref,removed_logic,logic,src/main/java/org/jabref/logic/importer/fetcher/isbntobibtex/EbookDeIsbnFetcher.java
jabref,removed_logic,logic,src/main/java/org/jabref/logic/importer/fetcher/isbntobibtex/IsbnFetcher.java
jabref,removed_logic,logic,src/main/java/org/jabref/logic/importer/fetcher/isbntobibtex/OpenLibraryIsbnFetcher.java
jabref,removed_logic,logic,src/main/java/org/jabref/logic/importer/fetcher/transformers/AbstractQueryTransformer.java
jabref,removed_logic,logic,src/main/java/org/jabref/logic/importer/fetcher/transformers/ArXivQueryTransformer.java
jabref,removed_logic,logic,src/main/java/org/jabref/logic/importer/fetcher/transformers/BiodiversityLibraryTransformer.java
jabref,removed_logic,logic,src/main/java/org/jabref/logic/importer/fetcher/transformers/CollectionOfComputerScienceBibliographiesQueryTransformer.java
jabref,removed_logic,logic,src/main/java/org/jabref/logic/importer/fetcher/transformers/DBLPQueryTransformer.java
jabref,removed_logic,logic,src/main/java/org/jabref/logic/importer/fetcher/transformers/DefaultLuceneQueryTransformer.java
jabref,removed_logic,logic,src/main/java/org/jabref/logic/importer/fetcher/transformers/DefaultQueryTransformer.java
jabref,removed_logic,logic,src/main/java/org/jabref/logic/importer/fetcher/transformers/GVKQueryTransformer.java
jabref,removed_logic,logic,src/main/java/org/jabref/logic/importer/fetcher/transformers/IEEEQueryTransformer.java
jabref,removed_logic,logic,src/main/java/org/jabref/logic/importer/fetcher/transformers/JstorQueryTransformer.java
jabref,removed_logic,logic,src/main/java/org/jabref/logic/importer/fetcher/transformers/MedlineQueryTransformer.java
jabref,removed_logic,logic,src/main/java/org/jabref/logic/importer/fetcher/transformers/ResearchGateQueryTransformer.java
jabref,removed_logic,logic,src/main/java/org/jabref/logic/importer/fetcher/transformers/ScholarQueryTransformer.java
jabref,removed_logic,logic,src/main/java/org/jabref/logic/importer/fetcher/transformers/SpringerQueryTransformer.java
jabref,removed_logic,logic,src/main/java/org/jabref/logic/importer/fetcher/transformers/YearAndYearRangeByFilteringQueryTransformer.java
jabref,removed_logic,logic,src/main/java/org/jabref/logic/importer/fetcher/transformers/YearRangeByFilteringQueryTransformer.java
jabref,removed_logic,logic,src/main/java/org/jabref/logic/importer/fetcher/transformers/ZbMathQueryTransformer.java
jabref,removed_logic,logic,src/main/java/org/jabref/logic/importer/fileformat/ACMPortalParser.java
jabref,removed_logic,logic,src/main/java/org/jabref/logic/importer/fileformat/BiblioscapeImporter.java
jabref,removed_logic,logic,src/main/java/org/jabref/logic/importer/fileformat/BibtexImporter.java
jabref,removed_logic,logic,src/main/java/org/jabref/logic/importer/fileformat/BibtexParser.java
jabref,removed_logic,logic,src/main/java/org/jabref/logic/importer/fileformat/CffImporter.java
jabref,removed_logic,logic,src/main/java/org/jabref/logic/importer/fileformat/CitaviXmlImporter.java
jabref,removed_logic,logic,src/main/java/org/jabref/logic/importer/fileformat/CoinsParser.java
jabref,removed_logic,logic,src/main/java/org/jabref/logic/importer/fileformat/CopacImporter.java
jabref,removed_logic,logic,src/main/java/org/jabref/logic/importer/fileformat/CustomImporter.java
jabref,removed_logic,logic,src/main/java/org/jabref/logic/importer/fileformat/EndnoteImporter.java
jabref,removed_logic,logic,src/main/java/org/jabref/logic/importer/fileformat/EndnoteXmlImporter.java
jabref,removed_logic,logic,src/main/java/org/jabref/logic/importer/fileformat/InspecImporter.java
jabref,removed_logic,logic,src/main/java/org/jabref/logic/importer/fileformat/IsiImporter.java
jabref,removed_logic,logic,src/main/java/org/jabref/logic/importer/fileformat/MarcXmlParser.java
jabref,removed_logic,logic,src/main/java/org/jabref/logic/importer/fileformat/MedlineImporter.java
jabref,removed_logic,logic,src/main/java/org/jabref/logic/importer/fileformat/MedlinePlainImporter.java
jabref,removed_logic,logic,src/main/java/org/jabref/logic/importer/fileformat/ModsImporter.java
jabref,removed_logic,logic,src/main/java/org/jabref/logic/importer/fileformat/MrDLibImporter.java
jabref,removed_logic,logic,src/main/java/org/jabref/logic/importer/fileformat/MsBibImporter.java
jabref,removed_logic,logic,src/main/java/org/jabref/logic/importer/fileformat/OvidImporter.java
jabref,removed_logic,logic,src/main/java/org/jabref/logic/importer/fileformat/PdfContentImporter.java
jabref,removed_logic,logic,src/main/java/org/jabref/logic/importer/fileformat/PdfEmbeddedBibFileImporter.java
jabref,removed_logic,logic,src/main/java/org/jabref/logic/importer/fileformat/PdfGrobidImporter.java
jabref,removed_logic,logic,src/main/java/org/jabref/logic/importer/fileformat/PdfMergeMetadataImporter.java
jabref,removed_logic,logic,src/main/java/org/jabref/logic/importer/fileformat/PdfVerbatimBibTextImporter.java
jabref,removed_logic,logic,src/main/java/org/jabref/logic/importer/fileformat/PdfXmpImporter.java
jabref,removed_logic,logic,src/main/java/org/jabref/logic/importer/fileformat/PicaXmlParser.java
jabref,removed_logic,logic,src/main/java/org/jabref/logic/importer/fileformat/RepecNepImporter.java
jabref,removed_logic,logic,src/main/java/org/jabref/logic/importer/fileformat/RisImporter.java
jabref,removed_logic,logic,src/main/java/org/jabref/logic/importer/fileformat/SilverPlatterImporter.java
jabref,removed_logic,logic,src/main/java/org/jabref/logic/importer/fileformat/medline/ArticleId.java
jabref,removed_logic,logic,src/main/java/org/jabref/logic/importer/fileformat/medline/Investigator.java
jabref,removed_logic,logic,src/main/java/org/jabref/logic/importer/fileformat/medline/MeshHeading.java
jabref,removed_logic,logic,src/main/java/org/jabref/logic/importer/fileformat/medline/OtherId.java
jabref,removed_logic,logic,src/main/java/org/jabref/logic/importer/fileformat/medline/PersonalNameSubject.java
jabref,removed_logic,logic,src/main/java/org/jabref/logic/importer/fileformat/mods/Identifier.java
jabref,removed_logic,logic,src/main/java/org/jabref/logic/importer/fileformat/mods/Name.java
jabref,removed_logic,logic,src/main/java/org/jabref/logic/importer/fileformat/mods/RecordInfo.java
jabref,removed_logic,logic,src/main/java/org/jabref/logic/importer/fileformat/mods/package-info.java
jabref,removed_logic,logic,src/main/java/org/jabref/logic/importer/util/FileFieldParser.java
jabref,removed_logic,logic,src/main/java/org/jabref/logic/importer/util/GrobidService.java
jabref,removed_logic,logic,src/main/java/org/jabref/logic/importer/util/GroupsParser.java
jabref,removed_logic,logic,src/main/java/org/jabref/logic/importer/util/INSPIREBibtexFilterReader.java
jabref,removed_logic,logic,src/main/java/org/jabref/logic/importer/util/IdentifierParser.java
jabref,removed_logic,logic,src/main/java/org/jabref/logic/importer/util/JsonReader.java
jabref,removed_logic,logic,src/main/java/org/jabref/logic/importer/util/MediaTypes.java
jabref,removed_logic,logic,src/main/java/org/jabref/logic/importer/util/MetaDataParser.java
jabref,removed_logic,logic,src/main/java/org/jabref/logic/importer/util/ShortDOIService.java
jabref,removed_logic,logic,src/main/java/org/jabref/logic/importer/util/ShortDOIServiceException.java
jabref,removed_logic,logic,src/main/java/org/jabref/logic/integrity/ASCIICharacterChecker.java
jabref,removed_logic,logic,src/main/java/org/jabref/logic/integrity/AbbreviationChecker.java
jabref,removed_logic,logic,src/main/java/org/jabref/logic/integrity/AmpersandChecker.java
jabref,removed_logic,logic,src/main/java/org/jabref/logic/integrity/BibStringChecker.java
jabref,removed_logic,logic,src/main/java/org/jabref/logic/integrity/BibTeXEntryTypeChecker.java
jabref,removed_logic,logic,src/main/java/org/jabref/logic/integrity/BooktitleChecker.java
jabref,removed_logic,logic,src/main/java/org/jabref/logic/integrity/BracesCorrector.java
jabref,removed_logic,logic,src/main/java/org/jabref/logic/integrity/BracketChecker.java
jabref,removed_logic,logic,src/main/java/org/jabref/logic/integrity/CitationKeyChecker.java
jabref,removed_logic,logic,src/main/java/org/jabref/logic/integrity/CitationKeyDeviationChecker.java
jabref,removed_logic,logic,src/main/java/org/jabref/logic/integrity/CitationKeyDuplicationChecker.java
jabref,removed_logic,logic,src/main/java/org/jabref/logic/integrity/DatabaseChecker.java
jabref,removed_logic,logic,src/main/java/org/jabref/logic/integrity/DateChecker.java
jabref,removed_logic,logic,src/main/java/org/jabref/logic/integrity/DoiDuplicationChecker.java
jabref,removed_logic,logic,src/main/java/org/jabref/logic/integrity/DoiValidityChecker.java
jabref,removed_logic,logic,src/main/java/org/jabref/logic/integrity/EditionChecker.java
jabref,removed_logic,logic,src/main/java/org/jabref/logic/integrity/EntryChecker.java
jabref,removed_logic,logic,src/main/java/org/jabref/logic/integrity/EntryLinkChecker.java
jabref,removed_logic,logic,src/main/java/org/jabref/logic/integrity/FieldChecker.java
jabref,removed_logic,logic,src/main/java/org/jabref/logic/integrity/FieldCheckers.java
jabref,removed_logic,logic,src/main/java/org/jabref/logic/integrity/FileChecker.java
jabref,removed_logic,logic,src/main/java/org/jabref/logic/integrity/HTMLCharacterChecker.java
jabref,removed_logic,logic,src/main/java/org/jabref/logic/integrity/HowPublishedChecker.java
jabref,removed_logic,logic,src/main/java/org/jabref/logic/integrity/ISBNChecker.java
jabref,removed_logic,logic,src/main/java/org/jabref/logic/integrity/ISSNChecker.java
jabref,removed_logic,logic,src/main/java/org/jabref/logic/integrity/IntegrityCheck.java
jabref,removed_logic,logic,src/main/java/org/jabref/logic/integrity/IntegrityMessage.java
jabref,removed_logic,logic,src/main/java/org/jabref/logic/integrity/JournalInAbbreviationListChecker.java
jabref,removed_logic,logic,src/main/java/org/jabref/logic/integrity/MonthChecker.java
jabref,removed_logic,logic,src/main/java/org/jabref/logic/integrity/NoBibtexFieldChecker.java
jabref,removed_logic,logic,src/main/java/org/jabref/logic/integrity/NoteChecker.java
jabref,removed_logic,logic,src/main/java/org/jabref/logic/integrity/PagesChecker.java
jabref,removed_logic,logic,src/main/java/org/jabref/logic/integrity/PersonNamesChecker.java
jabref,removed_logic,logic,src/main/java/org/jabref/logic/integrity/TitleChecker.java
jabref,removed_logic,logic,src/main/java/org/jabref/logic/integrity/TypeChecker.java
jabref,removed_logic,logic,src/main/java/org/jabref/logic/integrity/UTF8Checker.java
jabref,removed_logic,logic,src/main/java/org/jabref/logic/integrity/UrlChecker.java
jabref,removed_logic,logic,src/main/java/org/jabref/logic/integrity/ValidCitationKeyChecker.java
jabref,removed_logic,logic,src/main/java/org/jabref/logic/integrity/ValueChecker.java
jabref,removed_logic,logic,src/main/java/org/jabref/logic/integrity/YearChecker.java
jabref,removed_logic,logic,src/main/java/org/jabref/logic/journals/Abbreviation.java
jabref,removed_logic,logic,src/main/java/org/jabref/logic/journals/AbbreviationFormat.java
jabref,removed_logic,logic,src/main/java/org/jabref/logic/journals/AbbreviationParser.java
jabref,removed_logic,logic,src/main/java/org/jabref/logic/journals/AbbreviationWriter.java
jabref,removed_logic,logic,src/main/java/org/jabref/logic/journals/JournalAbbreviationLoader.java
jabref,removed_logic,logic,src/main/java/org/jabref/logic/journals/JournalAbbreviationRepository.java
jabref,removed_logic,logic,src/main/java/org/jabref/logic/l10n/Encodings.java
jabref,removed_logic,logic,src/main/java/org/jabref/logic/l10n/Language.java
jabref,removed_logic,logic,src/main/java/org/jabref/logic/l10n/Localization.java
jabref,removed_logic,logic,src/main/java/org/jabref/logic/l10n/LocalizationKey.java
jabref,removed_logic,logic,src/main/java/org/jabref/logic/l10n/LocalizationKeyParams.java
jabref,removed_logic,logic,src/main/java/org/jabref/logic/l10n/LocalizationLocator.java
jabref,removed_logic,logic,src/main/java/org/jabref/logic/layout/AbstractParamLayoutFormatter.java
jabref,removed_logic,logic,src/main/java/org/jabref/logic/layout/Layout.java
jabref,removed_logic,logic,src/main/java/org/jabref/logic/layout/LayoutEntry.java
jabref,removed_logic,logic,src/main/java/org/jabref/logic/layout/LayoutFormatter.java
jabref,removed_logic,logic,src/main/java/org/jabref/logic/layout/LayoutFormatterBasedFormatter.java
jabref,removed_logic,logic,src/main/java/org/jabref/logic/layout/LayoutHelper.java
jabref,removed_logic,logic,src/main/java/org/jabref/logic/layout/ParamLayoutFormatter.java
jabref,removed_logic,logic,src/main/java/org/jabref/logic/layout/StringInt.java
jabref,removed_logic,logic,src/main/java/org/jabref/logic/layout/TextBasedPreviewLayout.java
jabref,removed_logic,logic,src/main/java/org/jabref/logic/layout/format/AuthorAbbreviator.java
jabref,removed_logic,logic,src/main/java/org/jabref/logic/layout/format/AuthorAndToSemicolonReplacer.java
jabref,removed_logic,logic,src/main/java/org/jabref/logic/layout/format/AuthorAndsCommaReplacer.java
jabref,removed_logic,logic,src/main/java/org/jabref/logic/layout/format/AuthorAndsReplacer.java
jabref,removed_logic,logic,src/main/java/org/jabref/logic/layout/format/AuthorFirstAbbrLastCommas.java
jabref,removed_logic,logic,src/main/java/org/jabref/logic/layout/format/AuthorFirstAbbrLastOxfordCommas.java
jabref,removed_logic,logic,src/main/java/org/jabref/logic/layout/format/AuthorFirstFirst.java
jabref,removed_logic,logic,src/main/java/org/jabref/logic/layout/format/AuthorFirstFirstCommas.java
jabref,removed_logic,logic,src/main/java/org/jabref/logic/layout/format/AuthorFirstLastCommas.java
jabref,removed_logic,logic,src/main/java/org/jabref/logic/layout/format/AuthorFirstLastOxfordCommas.java
jabref,removed_logic,logic,src/main/java/org/jabref/logic/layout/format/AuthorLF_FF.java
jabref,removed_logic,logic,src/main/java/org/jabref/logic/layout/format/AuthorLF_FFAbbr.java
jabref,removed_logic,logic,src/main/java/org/jabref/logic/layout/format/AuthorLastFirst.java
jabref,removed_logic,logic,src/main/java/org/jabref/logic/layout/format/AuthorLastFirstAbbrCommas.java
jabref,removed_logic,logic,src/main/java/org/jabref/logic/layout/format/AuthorLastFirstAbbrOxfordCommas.java
jabref,removed_logic,logic,src/main/java/org/jabref/logic/layout/format/AuthorLastFirstAbbreviator.java
jabref,removed_logic,logic,src/main/java/org/jabref/logic/layout/format/AuthorLastFirstCommas.java
jabref,removed_logic,logic,src/main/java/org/jabref/logic/layout/format/AuthorLastFirstOxfordCommas.java
jabref,removed_logic,logic,src/main/java/org/jabref/logic/layout/format/AuthorNatBib.java
jabref,removed_logic,logic,src/main/java/org/jabref/logic/layout/format/AuthorOrgSci.java
jabref,removed_logic,logic,src/main/java/org/jabref/logic/layout/format/Authors.java
jabref,removed_logic,logic,src/main/java/org/jabref/logic/layout/format/CSLType.java
jabref,removed_logic,logic,src/main/java/org/jabref/logic/layout/format/CompositeFormat.java
jabref,removed_logic,logic,src/main/java/org/jabref/logic/layout/format/CreateBibORDFAuthors.java
jabref,removed_logic,logic,src/main/java/org/jabref/logic/layout/format/CreateDocBook4Authors.java
jabref,removed_logic,logic,src/main/java/org/jabref/logic/layout/format/CreateDocBook4Editors.java
jabref,removed_logic,logic,src/main/java/org/jabref/logic/layout/format/CreateDocBook5Authors.java
jabref,removed_logic,logic,src/main/java/org/jabref/logic/layout/format/CreateDocBook5Editors.java
jabref,removed_logic,logic,src/main/java/org/jabref/logic/layout/format/CurrentDate.java
jabref,removed_logic,logic,src/main/java/org/jabref/logic/layout/format/DOICheck.java
jabref,removed_logic,logic,src/main/java/org/jabref/logic/layout/format/DOIStrip.java
jabref,removed_logic,logic,src/main/java/org/jabref/logic/layout/format/DateFormatter.java
jabref,removed_logic,logic,src/main/java/org/jabref/logic/layout/format/Default.java
jabref,removed_logic,logic,src/main/java/org/jabref/logic/layout/format/DocBookAuthorFormatter.java
jabref,removed_logic,logic,src/main/java/org/jabref/logic/layout/format/DocBookVersion.java
jabref,removed_logic,logic,src/main/java/org/jabref/logic/layout/format/EntryTypeFormatter.java
jabref,removed_logic,logic,src/main/java/org/jabref/logic/layout/format/FileLink.java
jabref,removed_logic,logic,src/main/java/org/jabref/logic/layout/format/FirstPage.java
jabref,removed_logic,logic,src/main/java/org/jabref/logic/layout/format/FormatPagesForHTML.java
jabref,removed_logic,logic,src/main/java/org/jabref/logic/layout/format/FormatPagesForXML.java
jabref,removed_logic,logic,src/main/java/org/jabref/logic/layout/format/GetOpenOfficeType.java
jabref,removed_logic,logic,src/main/java/org/jabref/logic/layout/format/HTMLChars.java
jabref,removed_logic,logic,src/main/java/org/jabref/logic/layout/format/HTMLParagraphs.java
jabref,removed_logic,logic,src/main/java/org/jabref/logic/layout/format/IfPlural.java
jabref,removed_logic,logic,src/main/java/org/jabref/logic/layout/format/Iso690FormatDate.java
jabref,removed_logic,logic,src/main/java/org/jabref/logic/layout/format/Iso690NamesAuthors.java
jabref,removed_logic,logic,src/main/java/org/jabref/logic/layout/format/JournalAbbreviator.java
jabref,removed_logic,logic,src/main/java/org/jabref/logic/layout/format/LastPage.java
jabref,removed_logic,logic,src/main/java/org/jabref/logic/layout/format/LatexToUnicodeFormatter.java
jabref,removed_logic,logic,src/main/java/org/jabref/logic/layout/format/MarkdownFormatter.java
jabref,removed_logic,logic,src/main/java/org/jabref/logic/layout/format/NameFormatter.java
jabref,removed_logic,logic,src/main/java/org/jabref/logic/layout/format/NoSpaceBetweenAbbreviations.java
jabref,removed_logic,logic,src/main/java/org/jabref/logic/layout/format/NotFoundFormatter.java
jabref,removed_logic,logic,src/main/java/org/jabref/logic/layout/format/Number.java
jabref,removed_logic,logic,src/main/java/org/jabref/logic/layout/format/Ordinal.java
jabref,removed_logic,logic,src/main/java/org/jabref/logic/layout/format/RTFChars.java
jabref,removed_logic,logic,src/main/java/org/jabref/logic/layout/format/RemoveBrackets.java
jabref,removed_logic,logic,src/main/java/org/jabref/logic/layout/format/RemoveBracketsAddComma.java
jabref,removed_logic,logic,src/main/java/org/jabref/logic/layout/format/RemoveLatexCommandsFormatter.java
jabref,removed_logic,logic,src/main/java/org/jabref/logic/layout/format/RemoveTilde.java
jabref,removed_logic,logic,src/main/java/org/jabref/logic/layout/format/RemoveWhitespace.java
jabref,removed_logic,logic,src/main/java/org/jabref/logic/layout/format/Replace.java
jabref,removed_logic,logic,src/main/java/org/jabref/logic/layout/format/ReplaceUnicodeLigaturesFormatter.java
jabref,removed_logic,logic,src/main/java/org/jabref/logic/layout/format/ReplaceWithEscapedDoubleQuotes.java
jabref,removed_logic,logic,src/main/java/org/jabref/logic/layout/format/RisAuthors.java
jabref,removed_logic,logic,src/main/java/org/jabref/logic/layout/format/RisKeywords.java
jabref,removed_logic,logic,src/main/java/org/jabref/logic/layout/format/RisMonth.java
jabref,removed_logic,logic,src/main/java/org/jabref/logic/layout/format/ShortMonthFormatter.java
jabref,removed_logic,logic,src/main/java/org/jabref/logic/layout/format/ToLowerCase.java
jabref,removed_logic,logic,src/main/java/org/jabref/logic/layout/format/ToUpperCase.java
jabref,removed_logic,logic,src/main/java/org/jabref/logic/layout/format/WrapContent.java
jabref,removed_logic,logic,src/main/java/org/jabref/logic/layout/format/WrapFileLinks.java
jabref,removed_logic,logic,src/main/java/org/jabref/logic/layout/format/XMLChars.java
jabref,removed_logic,logic,src/main/java/org/jabref/logic/logging/LogMessages.java
jabref,removed_logic,logic,src/main/java/org/jabref/logic/msbib/BibTeXConverter.java
jabref,removed_logic,logic,src/main/java/org/jabref/logic/msbib/MSBibConverter.java
jabref,removed_logic,logic,src/main/java/org/jabref/logic/msbib/MSBibDatabase.java
jabref,removed_logic,logic,src/main/java/org/jabref/logic/msbib/MSBibEntryType.java
jabref,removed_logic,logic,src/main/java/org/jabref/logic/msbib/MSBibMapping.java
jabref,removed_logic,logic,src/main/java/org/jabref/logic/msbib/MsBibAuthor.java
jabref,removed_logic,logic,src/main/java/org/jabref/logic/msbib/PageNumbers.java
jabref,removed_logic,logic,src/main/java/org/jabref/logic/net/ProgressInputStream.java
jabref,removed_logic,logic,src/main/java/org/jabref/logic/net/ProxyAuthenticator.java
jabref,removed_logic,logic,src/main/java/org/jabref/logic/net/ProxyRegisterer.java
jabref,removed_logic,logic,src/main/java/org/jabref/logic/net/URLDownload.java
jabref,removed_logic,logic,src/main/java/org/jabref/logic/net/ssl/SSLCertificate.java
jabref,removed_logic,logic,src/main/java/org/jabref/logic/net/ssl/TrustStoreManager.java
jabref,removed_logic,logic,src/main/java/org/jabref/logic/openoffice/NoDocumentFoundException.java
jabref,removed_logic,logic,src/main/java/org/jabref/logic/openoffice/OpenOfficeFileSearch.java
jabref,removed_logic,logic,src/main/java/org/jabref/logic/openoffice/OpenOfficePreferences.java
jabref,removed_logic,logic,src/main/java/org/jabref/logic/openoffice/action/EditInsert.java
jabref,removed_logic,logic,src/main/java/org/jabref/logic/openoffice/action/EditMerge.java
jabref,removed_logic,logic,src/main/java/org/jabref/logic/openoffice/action/EditSeparate.java
jabref,removed_logic,logic,src/main/java/org/jabref/logic/openoffice/action/ExportCited.java
jabref,removed_logic,logic,src/main/java/org/jabref/logic/openoffice/action/ManageCitations.java
jabref,removed_logic,logic,src/main/java/org/jabref/logic/openoffice/action/Update.java
jabref,removed_logic,logic,src/main/java/org/jabref/logic/openoffice/backend/Backend52.java
jabref,removed_logic,logic,src/main/java/org/jabref/logic/openoffice/backend/Codec52.java
jabref,removed_logic,logic,src/main/java/org/jabref/logic/openoffice/backend/GetContext.java
jabref,removed_logic,logic,src/main/java/org/jabref/logic/openoffice/backend/NamedRangeManagerReferenceMark.java
jabref,removed_logic,logic,src/main/java/org/jabref/logic/openoffice/backend/NamedRangeReferenceMark.java
jabref,removed_logic,logic,src/main/java/org/jabref/logic/openoffice/frontend/OOFrontend.java
jabref,removed_logic,logic,src/main/java/org/jabref/logic/openoffice/frontend/RangeForOverlapCheck.java
jabref,removed_logic,logic,src/main/java/org/jabref/logic/openoffice/frontend/UpdateBibliography.java
jabref,removed_logic,logic,src/main/java/org/jabref/logic/openoffice/frontend/UpdateCitationMarkers.java
jabref,removed_logic,logic,src/main/java/org/jabref/logic/openoffice/style/OOBibStyle.java
jabref,removed_logic,logic,src/main/java/org/jabref/logic/openoffice/style/OOBibStyleGetCitationMarker.java
jabref,removed_logic,logic,src/main/java/org/jabref/logic/openoffice/style/OOBibStyleGetNumCitationMarker.java
jabref,removed_logic,logic,src/main/java/org/jabref/logic/openoffice/style/OOFormatBibliography.java
jabref,removed_logic,logic,src/main/java/org/jabref/logic/openoffice/style/OOPreFormatter.java
jabref,removed_logic,logic,src/main/java/org/jabref/logic/openoffice/style/OOProcess.java
jabref,removed_logic,logic,src/main/java/org/jabref/logic/openoffice/style/OOProcessAuthorYearMarkers.java
jabref,removed_logic,logic,src/main/java/org/jabref/logic/openoffice/style/OOProcessCitationKeyMarkers.java
jabref,removed_logic,logic,src/main/java/org/jabref/logic/openoffice/style/OOProcessNumericMarkers.java
jabref,removed_logic,logic,src/main/java/org/jabref/logic/openoffice/style/StyleLoader.java
jabref,removed_logic,logic,src/main/java/org/jabref/logic/pdf/AnnotationImporter.java
jabref,removed_logic,logic,src/main/java/org/jabref/logic/pdf/EntryAnnotationImporter.java
jabref,removed_logic,logic,src/main/java/org/jabref/logic/pdf/FileAnnotationCache.java
jabref,removed_logic,logic,src/main/java/org/jabref/logic/pdf/PdfAnnotationImporter.java
jabref,removed_logic,logic,src/main/java/org/jabref/logic/pdf/TextExtractor.java
jabref,removed_logic,logic,src/main/java/org/jabref/logic/pdf/search/indexing/DocumentReader.java
jabref,removed_logic,logic,src/main/java/org/jabref/logic/pdf/search/indexing/IndexingTaskManager.java
jabref,removed_logic,logic,src/main/java/org/jabref/logic/pdf/search/indexing/PdfIndexer.java
jabref,removed_logic,logic,src/main/java/org/jabref/logic/pdf/search/retrieval/PdfSearcher.java
jabref,removed_logic,logic,src/main/java/org/jabref/logic/preview/PreviewLayout.java
jabref,removed_logic,logic,src/main/java/org/jabref/logic/protectedterms/ProtectedTermsList.java
jabref,removed_logic,logic,src/main/java/org/jabref/logic/protectedterms/ProtectedTermsLoader.java
jabref,removed_logic,logic,src/main/java/org/jabref/logic/protectedterms/ProtectedTermsParser.java
jabref,removed_logic,logic,src/main/java/org/jabref/logic/remote/Protocol.java
jabref,removed_logic,logic,src/main/java/org/jabref/logic/remote/RemoteMessage.java
jabref,removed_logic,logic,src/main/java/org/jabref/logic/remote/RemoteUtil.java
jabref,removed_logic,logic,src/main/java/org/jabref/logic/remote/client/RemoteClient.java
jabref,removed_logic,logic,src/main/java/org/jabref/logic/remote/server/RemoteListenerServer.java
jabref,removed_logic,logic,src/main/java/org/jabref/logic/remote/server/RemoteListenerServerManager.java
jabref,removed_logic,logic,src/main/java/org/jabref/logic/remote/server/RemoteListenerServerThread.java
jabref,removed_logic,logic,src/main/java/org/jabref/logic/remote/server/RemoteMessageHandler.java
jabref,removed_logic,logic,src/main/java/org/jabref/logic/search/DatabaseSearcher.java
jabref,removed_logic,logic,src/main/java/org/jabref/logic/search/SearchQuery.java
jabref,removed_logic,logic,src/main/java/org/jabref/logic/shared/DBMSConnection.java
jabref,removed_logic,logic,src/main/java/org/jabref/logic/shared/DBMSConnectionProperties.java
jabref,removed_logic,logic,src/main/java/org/jabref/logic/shared/DBMSConnectionPropertiesBuilder.java
jabref,removed_logic,logic,src/main/java/org/jabref/logic/shared/DBMSProcessor.java
jabref,removed_logic,logic,src/main/java/org/jabref/logic/shared/DBMSSynchronizer.java
jabref,removed_logic,logic,src/main/java/org/jabref/logic/shared/DBMSType.java
jabref,removed_logic,logic,src/main/java/org/jabref/logic/shared/DatabaseConnection.java
jabref,removed_logic,logic,src/main/java/org/jabref/logic/shared/DatabaseConnectionProperties.java
jabref,removed_logic,logic,src/main/java/org/jabref/logic/shared/DatabaseLocation.java
jabref,removed_logic,logic,src/main/java/org/jabref/logic/shared/DatabaseNotSupportedException.java
jabref,removed_logic,logic,src/main/java/org/jabref/logic/shared/DatabaseSynchronizer.java
jabref,removed_logic,logic,src/main/java/org/jabref/logic/shared/MySQLProcessor.java
jabref,removed_logic,logic,src/main/java/org/jabref/logic/shared/OracleProcessor.java
jabref,removed_logic,logic,src/main/java/org/jabref/logic/shared/PostgreSQLProcessor.java
jabref,removed_logic,logic,src/main/java/org/jabref/logic/shared/event/ConnectionLostEvent.java
jabref,removed_logic,logic,src/main/java/org/jabref/logic/shared/event/SharedEntriesNotPresentEvent.java
jabref,removed_logic,logic,src/main/java/org/jabref/logic/shared/event/UpdateRefusedEvent.java
jabref,removed_logic,logic,src/main/java/org/jabref/logic/shared/exception/InvalidDBMSConnectionPropertiesException.java
jabref,removed_logic,logic,src/main/java/org/jabref/logic/shared/exception/NotASharedDatabaseException.java
jabref,removed_logic,logic,src/main/java/org/jabref/logic/shared/exception/OfflineLockException.java
jabref,removed_logic,logic,src/main/java/org/jabref/logic/shared/exception/SharedEntryNotPresentException.java
jabref,removed_logic,logic,src/main/java/org/jabref/logic/shared/listener/OracleNotificationListener.java
jabref,removed_logic,logic,src/main/java/org/jabref/logic/shared/listener/PostgresSQLNotificationListener.java
jabref,removed_logic,logic,src/main/java/org/jabref/logic/shared/security/Password.java
jabref,removed_logic,logic,src/main/java/org/jabref/logic/texparser/DefaultLatexParser.java
jabref,removed_logic,logic,src/main/java/org/jabref/logic/texparser/LatexParser.java
jabref,removed_logic,logic,src/main/java/org/jabref/logic/texparser/TexBibEntriesResolver.java
jabref,removed_logic,logic,src/main/java/org/jabref/logic/undo/AddUndoableActionEvent.java
jabref,removed_logic,logic,src/main/java/org/jabref/logic/undo/UndoChangeEvent.java
jabref,removed_logic,logic,src/main/java/org/jabref/logic/undo/UndoRedoEvent.java
jabref,removed_logic,logic,src/main/java/org/jabref/logic/util/BackupFileType.java
jabref,removed_logic,logic,src/main/java/org/jabref/logic/util/BuildInfo.java
jabref,removed_logic,logic,src/main/java/org/jabref/logic/util/CoarseChangeFilter.java
jabref,removed_logic,logic,src/main/java/org/jabref/logic/util/DelayTaskThrottler.java
jabref,removed_logic,logic,src/main/java/org/jabref/logic/util/ExternalLinkCreator.java
jabref,removed_logic,logic,src/main/java/org/jabref/logic/util/FileType.java
jabref,removed_logic,logic,src/main/java/org/jabref/logic/util/MetadataSerializationConfiguration.java
jabref,removed_logic,logic,src/main/java/org/jabref/logic/util/OS.java
jabref,removed_logic,logic,src/main/java/org/jabref/logic/util/StandardFileType.java
jabref,removed_logic,logic,src/main/java/org/jabref/logic/util/TestEntry.java
jabref,removed_logic,logic,src/main/java/org/jabref/logic/util/UnknownFileType.java
jabref,removed_logic,logic,src/main/java/org/jabref/logic/util/UpdateField.java
jabref,removed_logic,logic,src/main/java/org/jabref/logic/util/Version.java
jabref,removed_logic,logic,src/main/java/org/jabref/logic/util/WebViewStore.java
jabref,removed_logic,logic,src/main/java/org/jabref/logic/util/io/AutoLinkPreferences.java
jabref,removed_logic,logic,src/main/java/org/jabref/logic/util/io/BackupFileUtil.java
jabref,removed_logic,logic,src/main/java/org/jabref/logic/util/io/CitationKeyBasedFileFinder.java
jabref,removed_logic,logic,src/main/java/org/jabref/logic/util/io/DatabaseFileLookup.java
jabref,removed_logic,logic,src/main/java/org/jabref/logic/util/io/FileFinder.java
jabref,removed_logic,logic,src/main/java/org/jabref/logic/util/io/FileFinders.java
jabref,removed_logic,logic,src/main/java/org/jabref/logic/util/io/FileHistory.java
jabref,removed_logic,logic,src/main/java/org/jabref/logic/util/io/FileNameCleaner.java
jabref,removed_logic,logic,src/main/java/org/jabref/logic/util/io/FileNameUniqueness.java
jabref,removed_logic,logic,src/main/java/org/jabref/logic/util/io/FileUtil.java
jabref,removed_logic,logic,src/main/java/org/jabref/logic/util/io/RegExpBasedFileFinder.java
jabref,removed_logic,logic,src/main/java/org/jabref/logic/util/io/XMLUtil.java
jabref,removed_logic,logic,src/main/java/org/jabref/logic/util/strings/HTMLUnicodeConversionMaps.java
jabref,removed_logic,logic,src/main/java/org/jabref/logic/util/strings/QuotedStringTokenizer.java
jabref,removed_logic,logic,src/main/java/org/jabref/logic/util/strings/RtfCharMap.java
jabref,removed_logic,logic,src/main/java/org/jabref/logic/util/strings/StringLengthComparator.java
jabref,removed_logic,logic,src/main/java/org/jabref/logic/util/strings/StringManipulator.java
jabref,removed_logic,logic,src/main/java/org/jabref/logic/util/strings/StringSimilarity.java
jabref,removed_logic,logic,src/main/java/org/jabref/logic/util/strings/UnicodeLigaturesMap.java
jabref,removed_logic,logic,src/main/java/org/jabref/logic/util/strings/XmlCharsMap.java
jabref,removed_logic,logic,src/main/java/org/jabref/logic/xmp/DocumentInformationExtractor.java
jabref,removed_logic,logic,src/main/java/org/jabref/logic/xmp/DublinCoreExtractor.java
jabref,removed_logic,logic,src/main/java/org/jabref/logic/xmp/EncryptedPdfsNotSupportedException.java
jabref,removed_logic,logic,src/main/java/org/jabref/logic/xmp/XmpUtilReader.java
jabref,removed_logic,logic,src/main/java/org/jabref/logic/xmp/XmpUtilShared.java
jabref,removed_logic,logic,src/main/java/org/jabref/logic/xmp/XmpUtilWriter.java
jabref,removed_logic,logic,src/main/java/org/jabref/migrations/ConvertLegacyExplicitGroups.java
jabref,removed_logic,logic,src/main/java/org/jabref/migrations/ConvertMarkingToGroups.java
jabref,removed_logic,logic,src/main/java/org/jabref/migrations/MergeReviewIntoCommentMigration.java
jabref,removed_logic,logic,src/main/java/org/jabref/migrations/PostOpenMigration.java
jabref,removed_logic,logic,src/main/java/org/jabref/migrations/PreferencesMigrations.java
jabref,removed_logic,logic,src/main/java/org/jabref/migrations/SpecialFieldsToSeparateFields.java
jabref,removed_logic,logic,src/main/java/org/jabref/model/entry/AuthorList.java
jabref,removed_logic,logic,src/main/java/org/jabref/model/entry/BibEntryTypesManager.java
jabref,removed_logic,logic,src/main/java/org/jabref/model/entry/field/SpecialFieldValue.java
jabref,removed_logic,logic,src/main/java/org/jabref/model/metadata/SaveOrder.java
jabref,removed_logic,logic,src/main/java/org/jabref/model/openoffice/ootext/OOFormat.java
jabref,removed_logic,logic,src/main/java/org/jabref/model/openoffice/rangesort/RangeSort.java
jabref,removed_logic,logic,src/main/java/org/jabref/model/openoffice/style/CitationMarkerNumericEntry.java
jabref,removed_logic,logic,src/main/java/org/jabref/model/openoffice/style/CitationType.java
jabref,removed_logic,logic,src/main/java/org/jabref/model/openoffice/style/CompareCitedKey.java
jabref,removed_logic,logic,src/main/java/org/jabref/model/pdf/search/EnglishStemAnalyzer.java
jabref,removed_logic,logic,src/main/java/org/jabref/model/util/OptionalUtil.java
jabref,removed_model,model,src/jmh/java/org/jabref/benchmarks/Benchmarks.java
jabref,removed_model,model,src/main/java/module-info.java
jabref,removed_model,model,src/main/java/org/jabref/architecture/AllowedToUseAwt.java
jabref,removed_model,model,src/main/java/org/jabref/architecture/AllowedToUseLogic.java
jabref,removed_model,model,src/main/java/org/jabref/architecture/AllowedToUseStandardStreams.java
jabref,removed_model,model,src/main/java/org/jabref/architecture/AllowedToUseSwing.java
jabref,removed_model,model,src/main/java/org/jabref/architecture/ApacheCommonsLang3Allowed.java
jabref,removed_model,model,src/main/java/org/jabref/gui/collab/DatabaseChangeDetailsViewFactory.java
jabref,removed_model,model,src/main/java/org/jabref/gui/collab/DatabaseChangeResolver.java
jabref,removed_model,model,src/main/java/org/jabref/gui/logging/ApplicationInsightsLogEvent.java
jabref,removed_model,model,src/main/java/org/jabref/gui/logging/ApplicationInsightsWriter.java
jabref,removed_model,model,src/main/java/org/jabref/gui/specialfields/SpecialFieldViewModel.java
jabref,removed_model,model,src/main/java/org/jabref/logic/bst/util/BstNameFormatter.java
jabref,removed_model,model,src/main/java/org/jabref/logic/citationkeypattern/BracketedPattern.java
jabref,removed_model,model,src/main/java/org/jabref/logic/importer/IdParserFetcher.java
jabref,removed_model,model,src/main/java/org/jabref/logic/importer/fileformat/mods/Identifier.java
jabref,removed_model,model,src/main/java/org/jabref/logic/msbib/MsBibAuthor.java
jabref,removed_model,model,src/main/java/org/jabref/logic/openoffice/backend/Codec52.java
jabref,removed_model,model,src/main/java/org/jabref/logic/openoffice/frontend/OOFrontend.java
jabref,removed_model,model,src/main/java/org/jabref/logic/openoffice/style/OOPreFormatter.java
jabref,removed_model,model,src/main/java/org/jabref/logic/remote/server/RemoteMessageHandler.java
jabref,removed_model,model,src/main/java/org/jabref/logic/util/strings/StringManipulator.java
jabref,removed_model,model,src/main/java/org/jabref/logic/util/strings/UnicodeLigaturesMap.java
jabref,removed_model,model,src/main/java/org/jabref/migrations/ConvertLegacyExplicitGroups.java
jabref,removed_model,model,src/main/java/org/jabref/migrations/ConvertMarkingToGroups.java
jabref,removed_model,model,src/main/java/org/jabref/migrations/PreferencesMigrations.java
jabref,removed_model,model,src/main/java/org/jabref/model/ChainNode.java
jabref,removed_model,model,src/main/java/org/jabref/model/FieldChange.java
jabref,removed_model,model,src/main/java/org/jabref/model/TreeNode.java
jabref,removed_model,model,src/main/java/org/jabref/model/database/BibDatabase.java
jabref,removed_model,model,src/main/java/org/jabref/model/database/BibDatabaseContext.java
jabref,removed_model,model,src/main/java/org/jabref/model/database/BibDatabaseMode.java
jabref,removed_model,model,src/main/java/org/jabref/model/database/BibDatabaseModeDetection.java
jabref,removed_model,model,src/main/java/org/jabref/model/database/KeyCollisionException.java
jabref,removed_model,model,src/main/java/org/jabref/model/database/event/AutosaveEvent.java
jabref,removed_model,model,src/main/java/org/jabref/model/database/event/BibDatabaseContextChangedEvent.java
jabref,removed_model,model,src/main/java/org/jabref/model/database/event/ChangePropagation.java
jabref,removed_model,model,src/main/java/org/jabref/model/database/event/EntriesAddedEvent.java
jabref,removed_model,model,src/main/java/org/jabref/model/database/event/EntriesRemovedEvent.java
jabref,removed_model,model,src/main/java/org/jabref/model/entry/Author.java
jabref,removed_model,model,src/main/java/org/jabref/model/entry/AuthorList.java
jabref,removed_model,model,src/main/java/org/jabref/model/entry/BibEntry.java
jabref,removed_model,model,src/main/java/org/jabref/model/entry/BibEntryType.java
jabref,removed_model,model,src/main/java/org/jabref/model/entry/BibEntryTypeBuilder.java
jabref,removed_model,model,src/main/java/org/jabref/model/entry/BibEntryTypesManager.java
jabref,removed_model,model,src/main/java/org/jabref/model/entry/BibtexString.java
jabref,removed_model,model,src/main/java/org/jabref/model/entry/CanonicalBibEntry.java
jabref,removed_model,model,src/main/java/org/jabref/model/entry/Date.java
jabref,removed_model,model,src/main/java/org/jabref/model/entry/EntryLinkList.java
jabref,removed_model,model,src/main/java/org/jabref/model/entry/IdGenerator.java
jabref,removed_model,model,src/main/java/org/jabref/model/entry/Keyword.java
jabref,removed_model,model,src/main/java/org/jabref/model/entry/KeywordList.java
jabref,removed_model,model,src/main/java/org/jabref/model/entry/LinkedFile.java
jabref,removed_model,model,src/main/java/org/jabref/model/entry/Month.java
jabref,removed_model,model,src/main/java/org/jabref/model/entry/ParsedEntryLink.java
jabref,removed_model,model,src/main/java/org/jabref/model/entry/SharedBibEntryData.java
jabref,removed_model,model,src/main/java/org/jabref/model/entry/event/EntriesEvent.java
jabref,removed_model,model,src/main/java/org/jabref/model/entry/event/EntriesEventSource.java
jabref,removed_model,model,src/main/java/org/jabref/model/entry/event/EntryChangedEvent.java
jabref,removed_model,model,src/main/java/org/jabref/model/entry/event/FieldAddedOrRemovedEvent.java
jabref,removed_model,model,src/main/java/org/jabref/model/entry/field/AMSField.java
jabref,removed_model,model,src/main/java/org/jabref/model/entry/field/BibField.java
jabref,removed_model,model,src/main/java/org/jabref/model/entry/field/BiblatexApaField.java
jabref,removed_model,model,src/main/java/org/jabref/model/entry/field/BiblatexSoftwareField.java
jabref,removed_model,model,src/main/java/org/jabref/model/entry/field/Field.java
jabref,removed_model,model,src/main/java/org/jabref/model/entry/field/FieldFactory.java
jabref,removed_model,model,src/main/java/org/jabref/model/entry/field/FieldPriority.java
jabref,removed_model,model,src/main/java/org/jabref/model/entry/field/FieldProperty.java
jabref,removed_model,model,src/main/java/org/jabref/model/entry/field/IEEEField.java
jabref,removed_model,model,src/main/java/org/jabref/model/entry/field/InternalField.java
jabref,removed_model,model,src/main/java/org/jabref/model/entry/field/OrFields.java
jabref,removed_model,model,src/main/java/org/jabref/model/entry/field/SpecialField.java
jabref,removed_model,model,src/main/java/org/jabref/model/entry/field/SpecialFieldValue.java
jabref,removed_model,model,src/main/java/org/jabref/model/entry/field/StandardField.java
jabref,removed_model,model,src/main/java/org/jabref/model/entry/field/UnknownField.java
jabref,removed_model,model,src/main/java/org/jabref/model/entry/identifier/ARK.java
jabref,removed_model,model,src/main/java/org/jabref/model/entry/identifier/ArXivIdentifier.java
jabref,removed_model,model,src/main/java/org/jabref/model/entry/identifier/DOI.java
jabref,removed_model,model,src/main/java/org/jabref/model/entry/identifier/EprintIdentifier.java
jabref,removed_model,model,src/main/java/org/jabref/model/entry/identifier/ISBN.java
jabref,removed_model,model,src/main/java/org/jabref/model/entry/identifier/ISSN.java
jabref,removed_model,model,src/main/java/org/jabref/model/entry/identifier/IacrEprint.java
jabref,removed_model,model,src/main/java/org/jabref/model/entry/identifier/Identifier.java
jabref,removed_model,model,src/main/java/org/jabref/model/entry/identifier/MathSciNetId.java
jabref,removed_model,model,src/main/java/org/jabref/model/entry/types/BiblatexAPAEntryTypeDefinitions.java
jabref,removed_model,model,src/main/java/org/jabref/model/entry/types/BiblatexApaEntryType.java
jabref,removed_model,model,src/main/java/org/jabref/model/entry/types/BiblatexEntryTypeDefinitions.java
jabref,removed_model,model,src/main/java/org/jabref/model/entry/types/BiblatexSoftwareEntryType.java
jabref,removed_model,model,src/main/java/org/jabref/model/entry/types/BiblatexSoftwareEntryTypeDefinitions.java
jabref,removed_model,model,src/main/java/org/jabref/model/entry/types/BibtexEntryTypeDefinitions.java
jabref,removed_model,model,src/main/java/org/jabref/model/entry/types/EntryType.java
jabref,removed_model,model,src/main/java/org/jabref/model/entry/types/EntryTypeFactory.java
jabref,removed_model,model,src/main/java/org/jabref/model/entry/types/IEEETranEntryType.java
jabref,removed_model,model,src/main/java/org/jabref/model/entry/types/IEEETranEntryTypeDefinitions.java
jabref,removed_model,model,src/main/java/org/jabref/model/entry/types/StandardEntryType.java
jabref,removed_model,model,src/main/java/org/jabref/model/entry/types/SystematicLiteratureReviewStudyEntryType.java
jabref,removed_model,model,src/main/java/org/jabref/model/entry/types/SystematicLiteratureReviewStudyEntryTypeDefinitions.java
jabref,removed_model,model,src/main/java/org/jabref/model/entry/types/UnknownEntryType.java
jabref,removed_model,model,src/main/java/org/jabref/model/groups/AbstractGroup.java
jabref,removed_model,model,src/main/java/org/jabref/model/groups/AllEntriesGroup.java
jabref,removed_model,model,src/main/java/org/jabref/model/groups/AutomaticGroup.java
jabref,removed_model,model,src/main/java/org/jabref/model/groups/AutomaticKeywordGroup.java
jabref,removed_model,model,src/main/java/org/jabref/model/groups/AutomaticPersonsGroup.java
jabref,removed_model,model,src/main/java/org/jabref/model/groups/ExplicitGroup.java
jabref,removed_model,model,src/main/java/org/jabref/model/groups/GroupEntryChanger.java
jabref,removed_model,model,src/main/java/org/jabref/model/groups/GroupHierarchyType.java
jabref,removed_model,model,src/main/java/org/jabref/model/groups/GroupTreeNode.java
jabref,removed_model,model,src/main/java/org/jabref/model/groups/KeywordGroup.java
jabref,removed_model,model,src/main/java/org/jabref/model/groups/LastNameGroup.java
jabref,removed_model,model,src/main/java/org/jabref/model/groups/RegexKeywordGroup.java
jabref,removed_model,model,src/main/java/org/jabref/model/groups/SearchGroup.java
jabref,removed_model,model,src/main/java/org/jabref/model/groups/WordKeywordGroup.java
jabref,removed_model,model,src/main/java/org/jabref/model/groups/event/GroupUpdatedEvent.java
jabref,removed_model,model,src/main/java/org/jabref/model/metadata/ContentSelector.java
jabref,removed_model,model,src/main/java/org/jabref/model/metadata/ContentSelectors.java
jabref,removed_model,model,src/main/java/org/jabref/model/metadata/MetaData.java
jabref,removed_model,model,src/main/java/org/jabref/model/metadata/SaveOrder.java
jabref,removed_model,model,src/main/java/org/jabref/model/metadata/event/MetaDataChangedEvent.java
jabref,removed_model,model,src/main/java/org/jabref/model/openoffice/CitationEntry.java
jabref,removed_model,model,src/main/java/org/jabref/model/openoffice/backend/NamedRange.java
jabref,removed_model,model,src/main/java/org/jabref/model/openoffice/backend/NamedRangeManager.java
jabref,removed_model,model,src/main/java/org/jabref/model/openoffice/ootext/OOFormat.java
jabref,removed_model,model,src/main/java/org/jabref/model/openoffice/ootext/OOText.java
jabref,removed_model,model,src/main/java/org/jabref/model/openoffice/rangesort/FunctionalTextViewCursor.java
jabref,removed_model,model,src/main/java/org/jabref/model/openoffice/rangesort/RangeHolder.java
jabref,removed_model,model,src/main/java/org/jabref/model/openoffice/rangesort/RangeOverlap.java
jabref,removed_model,model,src/main/java/org/jabref/model/openoffice/rangesort/RangeOverlapBetween.java
jabref,removed_model,model,src/main/java/org/jabref/model/openoffice/rangesort/RangeOverlapKind.java
jabref,removed_model,model,src/main/java/org/jabref/model/openoffice/rangesort/RangeOverlapWithin.java
jabref,removed_model,model,src/main/java/org/jabref/model/openoffice/rangesort/RangeSort.java
jabref,removed_model,model,src/main/java/org/jabref/model/openoffice/rangesort/RangeSortEntry.java
jabref,removed_model,model,src/main/java/org/jabref/model/openoffice/rangesort/RangeSortable.java
jabref,removed_model,model,src/main/java/org/jabref/model/openoffice/style/Citation.java
jabref,removed_model,model,src/main/java/org/jabref/model/openoffice/style/CitationGroup.java
jabref,removed_model,model,src/main/java/org/jabref/model/openoffice/style/CitationGroupId.java
jabref,removed_model,model,src/main/java/org/jabref/model/openoffice/style/CitationLookupResult.java
jabref,removed_model,model,src/main/java/org/jabref/model/openoffice/style/CitationMarkerEntry.java
jabref,removed_model,model,src/main/java/org/jabref/model/openoffice/style/CitationMarkerNormEntry.java
jabref,removed_model,model,src/main/java/org/jabref/model/openoffice/style/CitationMarkerNumericBibEntry.java
jabref,removed_model,model,src/main/java/org/jabref/model/openoffice/style/CitationMarkerNumericEntry.java
jabref,removed_model,model,src/main/java/org/jabref/model/openoffice/style/CitationPath.java
jabref,removed_model,model,src/main/java/org/jabref/model/openoffice/style/CitationType.java
jabref,removed_model,model,src/main/java/org/jabref/model/openoffice/style/CitedKey.java
jabref,removed_model,model,src/main/java/org/jabref/model/openoffice/style/CitedKeys.java
jabref,removed_model,model,src/main/java/org/jabref/model/openoffice/style/ComparableCitation.java
jabref,removed_model,model,src/main/java/org/jabref/model/openoffice/style/ComparableCitedKey.java
jabref,removed_model,model,src/main/java/org/jabref/model/openoffice/style/CompareCitation.java
jabref,removed_model,model,src/main/java/org/jabref/model/openoffice/style/CompareCitedKey.java
jabref,removed_model,model,src/main/java/org/jabref/model/openoffice/style/NonUniqueCitationMarker.java
jabref,removed_model,model,src/main/java/org/jabref/model/openoffice/style/OODataModel.java
jabref,removed_model,model,src/main/java/org/jabref/model/openoffice/style/PageInfo.java
jabref,removed_model,model,src/main/java/org/jabref/model/openoffice/uno/CreationException.java
jabref,removed_model,model,src/main/java/org/jabref/model/openoffice/uno/NoDocumentException.java
jabref,removed_model,model,src/main/java/org/jabref/model/openoffice/uno/UnoBookmark.java
jabref,removed_model,model,src/main/java/org/jabref/model/openoffice/uno/UnoCast.java
jabref,removed_model,model,src/main/java/org/jabref/model/openoffice/uno/UnoCrossRef.java
jabref,removed_model,model,src/main/java/org/jabref/model/openoffice/uno/UnoCursor.java
jabref,removed_model,model,src/main/java/org/jabref/model/openoffice/uno/UnoNameAccess.java
jabref,removed_model,model,src/main/java/org/jabref/model/openoffice/uno/UnoNamed.java
jabref,removed_model,model,src/main/java/org/jabref/model/openoffice/uno/UnoProperties.java
jabref,removed_model,model,src/main/java/org/jabref/model/openoffice/uno/UnoRedlines.java
jabref,removed_model,model,src/main/java/org/jabref/model/openoffice/uno/UnoReferenceMark.java
jabref,removed_model,model,src/main/java/org/jabref/model/openoffice/uno/UnoScreenRefresh.java
jabref,removed_model,model,src/main/java/org/jabref/model/openoffice/uno/UnoSelection.java
jabref,removed_model,model,src/main/java/org/jabref/model/openoffice/uno/UnoStyle.java
jabref,removed_model,model,src/main/java/org/jabref/model/openoffice/uno/UnoTextDocument.java
jabref,removed_model,model,src/main/java/org/jabref/model/openoffice/uno/UnoTextRange.java
jabref,removed_model,model,src/main/java/org/jabref/model/openoffice/uno/UnoTextSection.java
jabref,removed_model,model,src/main/java/org/jabref/model/openoffice/uno/UnoUndo.java
jabref,removed_model,model,src/main/java/org/jabref/model/openoffice/uno/UnoUserDefinedProperty.java
jabref,removed_model,model,src/main/java/org/jabref/model/openoffice/util/OOListUtil.java
jabref,removed_model,model,src/main/java/org/jabref/model/openoffice/util/OOPair.java
jabref,removed_model,model,src/main/java/org/jabref/model/openoffice/util/OOResult.java
jabref,removed_model,model,src/main/java/org/jabref/model/openoffice/util/OOTuple3.java
jabref,removed_model,model,src/main/java/org/jabref/model/openoffice/util/OOVoidResult.java
jabref,removed_model,model,src/main/java/org/jabref/model/paging/Page.java
jabref,removed_model,model,src/main/java/org/jabref/model/pdf/FileAnnotation.java
jabref,removed_model,model,src/main/java/org/jabref/model/pdf/FileAnnotationType.java
jabref,removed_model,model,src/main/java/org/jabref/model/pdf/search/EnglishStemAnalyzer.java
jabref,removed_model,model,src/main/java/org/jabref/model/pdf/search/SearchFieldConstants.java
jabref,removed_model,model,src/main/java/org/jabref/model/pdf/search/SearchResult.java
jabref,removed_model,model,src/main/java/org/jabref/model/schema/DublinCoreSchemaCustom.java
jabref,removed_model,model,src/main/java/org/jabref/model/search/SearchMatcher.java
jabref,removed_model,model,src/main/java/org/jabref/model/search/matchers/AndMatcher.java
jabref,removed_model,model,src/main/java/org/jabref/model/search/matchers/MatcherSet.java
jabref,removed_model,model,src/main/java/org/jabref/model/search/matchers/MatcherSets.java
jabref,removed_model,model,src/main/java/org/jabref/model/search/matchers/NotMatcher.java
jabref,removed_model,model,src/main/java/org/jabref/model/search/matchers/OrMatcher.java
jabref,removed_model,model,src/main/java/org/jabref/model/search/rules/RegexBasedSearchRule.java
jabref,removed_model,model,src/main/java/org/jabref/model/search/rules/SearchRules.java
jabref,removed_model,model,src/main/java/org/jabref/model/search/rules/SentenceAnalyzer.java
jabref,removed_model,model,src/main/java/org/jabref/model/strings/LatexToUnicodeAdapter.java
jabref,removed_model,model,src/main/java/org/jabref/model/strings/StringUtil.java
jabref,removed_model,model,src/main/java/org/jabref/model/strings/UnicodeToReadableCharMap.java
jabref,removed_model,model,src/main/java/org/jabref/model/study/FetchResult.java
jabref,removed_model,model,src/main/java/org/jabref/model/study/QueryResult.java
jabref,removed_model,model,src/main/java/org/jabref/model/study/Study.java
jabref,removed_model,model,src/main/java/org/jabref/model/study/StudyDatabase.java
jabref,removed_model,model,src/main/java/org/jabref/model/study/StudyQuery.java
jabref,removed_model,model,src/main/java/org/jabref/model/texparser/Citation.java
jabref,removed_model,model,src/main/java/org/jabref/model/texparser/LatexBibEntriesResolverResult.java
jabref,removed_model,model,src/main/java/org/jabref/model/util/DummyFileUpdateMonitor.java
jabref,removed_model,model,src/main/java/org/jabref/model/util/FileUpdateListener.java
jabref,removed_model,model,src/main/java/org/jabref/model/util/FileUpdateMonitor.java
jabref,removed_model,model,src/main/java/org/jabref/model/util/ListUtil.java
jabref,removed_model,model,src/main/java/org/jabref/model/util/MultiKeyMap.java
jabref,removed_model,model,src/main/java/org/jabref/model/util/OptionalUtil.java
jabref,removed_model,model,src/main/java/org/jabref/model/util/ResultingStringState.java
jabref,removed_model,model,src/main/java/org/jabref/model/util/TreeCollector.java
jabref,removed_preferences,preferences,src/jmh/java/org/jabref/benchmarks/Benchmarks.java
jabref,removed_preferences,preferences,src/main/java/module-info.java
jabref,removed_preferences,preferences,src/main/java/org/jabref/architecture/AllowedToUseAwt.java
jabref,removed_preferences,preferences,src/main/java/org/jabref/architecture/AllowedToUseLogic.java
jabref,removed_preferences,preferences,src/main/java/org/jabref/architecture/AllowedToUseStandardStreams.java
jabref,removed_preferences,preferences,src/main/java/org/jabref/architecture/AllowedToUseSwing.java
jabref,removed_preferences,preferences,src/main/java/org/jabref/architecture/ApacheCommonsLang3Allowed.java
jabref,removed_preferences,preferences,src/main/java/org/jabref/cli/ArgumentProcessor.java
jabref,removed_preferences,preferences,src/main/java/org/jabref/gui/collab/DatabaseChangeDetailsViewFactory.java
jabref,removed_preferences,preferences,src/main/java/org/jabref/gui/collab/DatabaseChangeResolverFactory.java
jabref,removed_preferences,preferences,src/main/java/org/jabref/gui/edit/CopyMoreAction.java
jabref,removed_preferences,preferences,src/main/java/org/jabref/gui/externalfiles/FileFilterUtils.java
jabref,removed_preferences,preferences,src/main/java/org/jabref/gui/journals/AbbreviateAction.java
jabref,removed_preferences,preferences,src/main/java/org/jabref/gui/journals/AbbreviationType.java
jabref,removed_preferences,preferences,src/main/java/org/jabref/gui/maintable/MainTableFieldValueFormatter.java
jabref,removed_preferences,preferences,src/main/java/org/jabref/gui/mergeentries/newmergedialog/diffhighlighter/UnifiedDiffHighlighter.java
jabref,removed_preferences,preferences,src/main/java/org/jabref/gui/openoffice/OpenOfficePanel.java
jabref,removed_preferences,preferences,src/main/java/org/jabref/gui/preferences/importexport/ImportExportTabViewModel.java
jabref,removed_preferences,preferences,src/main/java/org/jabref/gui/preferences/linkedfiles/LinkedFilesTabViewModel.java
jabref,removed_preferences,preferences,src/main/java/org/jabref/gui/remote/CLIMessageHandler.java
jabref,removed_preferences,preferences,src/main/java/org/jabref/gui/search/GlobalSearchResultDialog.java
jabref,removed_preferences,preferences,src/main/java/org/jabref/gui/sidepane/SidePaneViewModel.java
jabref,removed_preferences,preferences,src/main/java/org/jabref/gui/specialfields/SpecialFieldValueViewModel.java
jabref,removed_preferences,preferences,src/main/java/org/jabref/logic/bst/BstFunctions.java
jabref,removed_preferences,preferences,src/main/java/org/jabref/logic/citationkeypattern/BracketedPattern.java
jabref,removed_preferences,preferences,src/main/java/org/jabref/logic/importer/IdParserFetcher.java
jabref,removed_preferences,preferences,src/main/java/org/jabref/logic/importer/OutputPrinter.java
jabref,removed_preferences,preferences,src/main/java/org/jabref/logic/importer/fetcher/DoiFetcher.java
jabref,removed_preferences,preferences,src/main/java/org/jabref/logic/importer/fetcher/transformers/AbstractQueryTransformer.java
jabref,removed_preferences,preferences,src/main/java/org/jabref/logic/importer/fileformat/CitaviXmlImporter.java
jabref,removed_preferences,preferences,src/main/java/org/jabref/logic/importer/fileformat/MarcXmlParser.java
jabref,removed_preferences,preferences,src/main/java/org/jabref/logic/importer/fileformat/medline/OtherId.java
jabref,removed_preferences,preferences,src/main/java/org/jabref/logic/importer/fileformat/mods/Name.java
jabref,removed_preferences,preferences,src/main/java/org/jabref/logic/importer/fileformat/mods/RecordInfo.java
jabref,removed_preferences,preferences,src/main/java/org/jabref/logic/layout/LayoutEntry.java
jabref,removed_preferences,preferences,src/main/java/org/jabref/logic/layout/format/AuthorAndsReplacer.java
jabref,removed_preferences,preferences,src/main/java/org/jabref/logic/openoffice/frontend/OOFrontend.java
jabref,removed_preferences,preferences,src/main/java/org/jabref/logic/remote/client/RemoteClient.java
jabref,removed_preferences,preferences,src/main/java/org/jabref/logic/remote/server/RemoteListenerServerManager.java
jabref,removed_preferences,preferences,src/main/java/org/jabref/logic/shared/DBMSConnectionProperties.java
jabref,removed_preferences,preferences,src/main/java/org/jabref/logic/util/WebViewStore.java
jabref,removed_preferences,preferences,src/main/java/org/jabref/logic/util/strings/StringManipulator.java
jabref,removed_preferences,preferences,src/main/java/org/jabref/logic/xmp/DublinCoreExtractor.java
jabref,removed_preferences,preferences,src/main/java/org/jabref/migrations/CustomEntryTypePreferenceMigration.java
jabref,removed_preferences,preferences,src/main/java/org/jabref/migrations/PostOpenMigration.java
jabref,removed_preferences,preferences,src/main/java/org/jabref/migrations/PreferencesMigrations.java
jabref,removed_preferences,preferences,src/main/java/org/jabref/model/entry/BibEntryTypesManager.java
jabref,removed_preferences,preferences,src/main/java/org/jabref/model/entry/field/BibField.java
jabref,removed_preferences,preferences,src/main/java/org/jabref/model/openoffice/backend/NamedRange.java
jabref,removed_preferences,preferences,src/main/java/org/jabref/model/openoffice/ootext/OOFormat.java
jabref,removed_preferences,preferences,src/main/java/org/jabref/model/openoffice/rangesort/RangeSortVisual.java
jabref,removed_preferences,preferences,src/main/java/org/jabref/model/openoffice/style/CitationMarkerNormEntry.java
jabref,removed_preferences,preferences,src/main/java/org/jabref/model/openoffice/style/CitationMarkerNumericEntry.java
jabref,removed_preferences,preferences,src/main/java/org/jabref/model/openoffice/style/CitationType.java
jabref,removed_preferences,preferences,src/main/java/org/jabref/model/openoffice/uno/CreationException.java
jabref,removed_preferences,preferences,src/main/java/org/jabref/model/openoffice/uno/UnoBookmark.java
jabref,removed_preferences,preferences,src/main/java/org/jabref/model/openoffice/uno/UnoCast.java
jabref,removed_preferences,preferences,src/main/java/org/jabref/model/openoffice/uno/UnoCrossRef.java
jabref,removed_preferences,preferences,src/main/java/org/jabref/model/openoffice/uno/UnoProperties.java
jabref,removed_preferences,preferences,src/main/java/org/jabref/model/openoffice/uno/UnoRedlines.java
jabref,removed_preferences,preferences,src/main/java/org/jabref/model/openoffice/uno/UnoReferenceMark.java
jabref,removed_preferences,preferences,src/main/java/org/jabref/model/openoffice/uno/UnoScreenRefresh.java
jabref,removed_preferences,preferences,src/main/java/org/jabref/model/openoffice/uno/UnoSelection.java
jabref,removed_preferences,preferences,src/main/java/org/jabref/model/openoffice/uno/UnoStyle.java
jabref,removed_preferences,preferences,src/main/java/org/jabref/model/openoffice/uno/UnoTextDocument.java
jabref,removed_preferences,preferences,src/main/java/org/jabref/model/openoffice/uno/UnoTextRange.java
jabref,removed_preferences,preferences,src/main/java/org/jabref/model/openoffice/uno/UnoTextSection.java
jabref,removed_preferences,preferences,src/main/java/org/jabref/model/openoffice/uno/UnoUndo.java
jabref,removed_preferences,preferences,src/main/java/org/jabref/model/openoffice/uno/UnoUserDefinedProperty.java
jabref,removed_preferences,preferences,src/main/java/org/jabref/model/openoffice/util/OOListUtil.java
jabref,removed_preferences,preferences,src/main/java/org/jabref/model/openoffice/util/OOTuple3.java
jabref,removed_preferences,preferences,src/main/java/org/jabref/model/pdf/search/EnglishStemAnalyzer.java
jabref,removed_preferences,preferences,src/main/java/org/jabref/model/strings/StringUtil.java
jabref,removed_preferences,preferences,src/main/java/org/jabref/model/util/FileUpdateMonitor.java
jabref,removed_preferences,preferences,src/main/java/org/jabref/preferences/BibEntryPreferences.java
jabref,removed_preferences,preferences,src/main/java/org/jabref/preferences/CleanupPreferences.java
jabref,removed_preferences,preferences,src/main/java/org/jabref/preferences/ExternalApplicationsPreferences.java
jabref,removed_preferences,preferences,src/main/java/org/jabref/preferences/FilePreferences.java
jabref,removed_preferences,preferences,src/main/java/org/jabref/preferences/GeneralPreferences.java
jabref,removed_preferences,preferences,src/main/java/org/jabref/preferences/GuiPreferences.java
jabref,removed_preferences,preferences,src/main/java/org/jabref/preferences/ImportExportPreferences.java
jabref,removed_preferences,preferences,src/main/java/org/jabref/preferences/InternalPreferences.java
jabref,removed_preferences,preferences,src/main/java/org/jabref/preferences/JabRefPreferences.java
jabref,removed_preferences,preferences,src/main/java/org/jabref/preferences/MrDlibPreferences.java
jabref,removed_preferences,preferences,src/main/java/org/jabref/preferences/PreferencesFilter.java
jabref,removed_preferences,preferences,src/main/java/org/jabref/preferences/PreferencesService.java
jabref,removed_preferences,preferences,src/main/java/org/jabref/preferences/PreviewPreferences.java
jabref,removed_preferences,preferences,src/main/java/org/jabref/preferences/PushToApplicationPreferences.java
jabref,removed_preferences,preferences,src/main/java/org/jabref/preferences/SearchPreferences.java
jabref,removed_preferences,preferences,src/main/java/org/jabref/preferences/SidePanePreferences.java
jabref,removed_preferences,preferences,src/main/java/org/jabref/preferences/TelemetryPreferences.java
mediastore,removed_Facade,Facade,Implementation/mediastore.basic/src/edu/kit/ipd/sdq/mediastore/basic/BaseEJB.java
mediastore,removed_Facade,Facade,Implementation/mediastore.basic/src/edu/kit/ipd/sdq/mediastore/basic/config/Config.java
mediastore,removed_Facade,Facade,Implementation/mediastore.basic/src/edu/kit/ipd/sdq/mediastore/basic/config/EJB.java
mediastore,removed_Facade,Facade,Implementation/mediastore.basic/src/edu/kit/ipd/sdq/mediastore/basic/config/GlobalConstantsContainer.java
mediastore,removed_Facade,Facade,Implementation/mediastore.basic/src/edu/kit/ipd/sdq/mediastore/basic/config/InterfaceDetails.java
mediastore,removed_Facade,Facade,Implementation/mediastore.basic/src/edu/kit/ipd/sdq/mediastore/basic/config/Main.java
mediastore,removed_Facade,Facade,Implementation/mediastore.basic/src/edu/kit/ipd/sdq/mediastore/basic/config/ProvidedInterface.java
mediastore,removed_Facade,Facade,Implementation/mediastore.basic/src/edu/kit/ipd/sdq/mediastore/basic/config/RequiredInterface.java
mediastore,removed_Facade,Facade,Implementation/mediastore.basic/src/edu/kit/ipd/sdq/mediastore/basic/data/AudioFile.java
mediastore,removed_Facade,Facade,Implementation/mediastore.basic/src/edu/kit/ipd/sdq/mediastore/basic/data/AudioFileInfo.java
mediastore,removed_Facade,Facade,Implementation/mediastore.basic/src/edu/kit/ipd/sdq/mediastore/basic/data/CurrentUser.java
mediastore,removed_Facade,Facade,Implementation/mediastore.basic/src/edu/kit/ipd/sdq/mediastore/basic/data/FileContent.java
mediastore,removed_Facade,Facade,Implementation/mediastore.basic/src/edu/kit/ipd/sdq/mediastore/basic/data/FileContentLocal.java
mediastore,removed_Facade,Facade,Implementation/mediastore.basic/src/edu/kit/ipd/sdq/mediastore/basic/data/FileContentRemote.java
mediastore,removed_Facade,Facade,Implementation/mediastore.basic/src/edu/kit/ipd/sdq/mediastore/basic/data/UserRegData.java
mediastore,removed_Facade,Facade,Implementation/mediastore.basic/src/edu/kit/ipd/sdq/mediastore/basic/exceptions/AppException.java
mediastore,removed_Facade,Facade,Implementation/mediastore.basic/src/edu/kit/ipd/sdq/mediastore/basic/exceptions/ConversionException.java
mediastore,removed_Facade,Facade,Implementation/mediastore.basic/src/edu/kit/ipd/sdq/mediastore/basic/exceptions/DbException.java
mediastore,removed_Facade,Facade,Implementation/mediastore.basic/src/edu/kit/ipd/sdq/mediastore/basic/exceptions/FailedDownloadException.java
mediastore,removed_Facade,Facade,Implementation/mediastore.basic/src/edu/kit/ipd/sdq/mediastore/basic/exceptions/FailedUploadException.java
mediastore,removed_Facade,Facade,Implementation/mediastore.basic/src/edu/kit/ipd/sdq/mediastore/basic/exceptions/PropertiesException.java
mediastore,removed_Facade,Facade,Implementation/mediastore.basic/src/edu/kit/ipd/sdq/mediastore/basic/exceptions/UnknownServerException.java
mediastore,removed_Facade,Facade,Implementation/mediastore.basic/src/edu/kit/ipd/sdq/mediastore/basic/exceptions/UserAlreadyExistsException.java
mediastore,removed_Facade,Facade,Implementation/mediastore.basic/src/edu/kit/ipd/sdq/mediastore/basic/interfaces/IBusinessInterface.java
mediastore,removed_Facade,Facade,Implementation/mediastore.basic/src/edu/kit/ipd/sdq/mediastore/basic/interfaces/ICacheMaintenance.java
mediastore,removed_Facade,Facade,Implementation/mediastore.basic/src/edu/kit/ipd/sdq/mediastore/basic/interfaces/ICacheMaintenanceLocal.java
mediastore,removed_Facade,Facade,Implementation/mediastore.basic/src/edu/kit/ipd/sdq/mediastore/basic/interfaces/ICacheMaintenanceRemote.java
mediastore,removed_Facade,Facade,Implementation/mediastore.basic/src/edu/kit/ipd/sdq/mediastore/basic/interfaces/IDownload.java
mediastore,removed_Facade,Facade,Implementation/mediastore.basic/src/edu/kit/ipd/sdq/mediastore/basic/interfaces/IDownloadCache.java
mediastore,removed_Facade,Facade,Implementation/mediastore.basic/src/edu/kit/ipd/sdq/mediastore/basic/interfaces/IDownloadCacheLocal.java
mediastore,removed_Facade,Facade,Implementation/mediastore.basic/src/edu/kit/ipd/sdq/mediastore/basic/interfaces/IDownloadCacheRemote.java
mediastore,removed_Facade,Facade,Implementation/mediastore.basic/src/edu/kit/ipd/sdq/mediastore/basic/interfaces/IFacade.java
mediastore,removed_Facade,Facade,Implementation/mediastore.basic/src/edu/kit/ipd/sdq/mediastore/basic/interfaces/IFacadeRemote.java
mediastore,removed_Facade,Facade,Implementation/mediastore.basic/src/edu/kit/ipd/sdq/mediastore/basic/interfaces/IMediaAccessMaintenanceRemote.java
mediastore,removed_Facade,Facade,Implementation/mediastore.basic/src/edu/kit/ipd/sdq/mediastore/basic/utils/FSUtil.java
mediastore,removed_Facade,Facade,Implementation/mediastore.basic/src/edu/kit/ipd/sdq/mediastore/basic/utils/JNDIUtil.java
mediastore,removed_Facade,Facade,Implementation/mediastore.basic/src/edu/kit/ipd/sdq/mediastore/basic/utils/PropertiesUtil.java
mediastore,removed_Facade,Facade,Implementation/mediastore.ejb.cache/ejbModule/edu/kit/ipd/sdq/mediastore/ejb/cache/CacheImpl.java
mediastore,removed_Facade,Facade,Implementation/mediastore.ejb.cache/ejbModule/edu/kit/ipd/sdq/mediastore/ejb/cache/CacheSingleton.java
mediastore,removed_Facade,Facade,Implementation/mediastore.ejb.cache/ejbModule/edu/kit/ipd/sdq/mediastore/ejb/cache/IdAndBitrate.java
mediastore,removed_Facade,Facade,Implementation/mediastore.ejb.facade/src/edu/kit/ipd/sdq/mediastore/ejb/facade/FacadeImpl.java
mediastore,removed_Facade,Facade,Implementation/mediastore.web/src/edu/kit/ipd/sdq/mediastore/web/beans/DownloadBean.java
mediastore,removed_Facade,Facade,Implementation/mediastore.web/src/edu/kit/ipd/sdq/mediastore/web/beans/SessionBean.java
mediastore,removed_Facade,Facade,Implementation/mediastore.web/src/edu/kit/ipd/sdq/mediastore/web/beans/UploadBean.java
mediastore,removed_Facade,Facade,Implementation/mediastore.web/src/edu/kit/ipd/sdq/mediastore/web/beans/WebBeanManager.java
mediastore,removed_Facade,Facade,Implementation/mediastore.web/src/edu/kit/ipd/sdq/mediastore/web/filters/MainFilter.java
mediastore,removed_Facade,Facade,Implementation/mediastore.web/src/edu/kit/ipd/sdq/mediastore/web/utils/MessageUtil.java
mediastore,removed_MediaAccess,MediaAccess,Implementation/mediastore.basic/src/edu/kit/ipd/sdq/mediastore/basic/BaseEJB.java
mediastore,removed_MediaAccess,MediaAccess,Implementation/mediastore.basic/src/edu/kit/ipd/sdq/mediastore/basic/config/Config.java
mediastore,removed_MediaAccess,MediaAccess,Implementation/mediastore.basic/src/edu/kit/ipd/sdq/mediastore/basic/config/EJB.java
mediastore,removed_MediaAccess,MediaAccess,Implementation/mediastore.basic/src/edu/kit/ipd/sdq/mediastore/basic/config/GlobalConstantsContainer.java
mediastore,removed_MediaAccess,MediaAccess,Implementation/mediastore.basic/src/edu/kit/ipd/sdq/mediastore/basic/config/InterfaceDetails.java
mediastore,removed_MediaAccess,MediaAccess,Implementation/mediastore.basic/src/edu/kit/ipd/sdq/mediastore/basic/config/Main.java
mediastore,removed_MediaAccess,MediaAccess,Implementation/mediastore.basic/src/edu/kit/ipd/sdq/mediastore/basic/config/ProvidedInterface.java
mediastore,removed_MediaAccess,MediaAccess,Implementation/mediastore.basic/src/edu/kit/ipd/sdq/mediastore/basic/config/RequiredInterface.java
mediastore,removed_MediaAccess,MediaAccess,Implementation/mediastore.basic/src/edu/kit/ipd/sdq/mediastore/basic/data/AudioFile.java
mediastore,removed_MediaAccess,MediaAccess,Implementation/mediastore.basic/src/edu/kit/ipd/sdq/mediastore/basic/data/AudioFileInfo.java
mediastore,removed_MediaAccess,MediaAccess,Implementation/mediastore.basic/src/edu/kit/ipd/sdq/mediastore/basic/data/FileContent.java
mediastore,removed_MediaAccess,MediaAccess,Implementation/mediastore.basic/src/edu/kit/ipd/sdq/mediastore/basic/data/FileContentRemote.java
mediastore,removed_MediaAccess,MediaAccess,Implementation/mediastore.basic/src/edu/kit/ipd/sdq/mediastore/basic/exceptions/AppException.java
mediastore,removed_MediaAccess,MediaAccess,Implementation/mediastore.basic/src/edu/kit/ipd/sdq/mediastore/basic/exceptions/BadLoginDataException.java
mediastore,removed_MediaAccess,MediaAccess,Implementation/mediastore.basic/src/edu/kit/ipd/sdq/mediastore/basic/exceptions/ConversionException.java
mediastore,removed_MediaAccess,MediaAccess,Implementation/mediastore.basic/src/edu/kit/ipd/sdq/mediastore/basic/exceptions/DbException.java
mediastore,removed_MediaAccess,MediaAccess,Implementation/mediastore.basic/src/edu/kit/ipd/sdq/mediastore/basic/exceptions/FailedDownloadException.java
mediastore,removed_MediaAccess,MediaAccess,Implementation/mediastore.basic/src/edu/kit/ipd/sdq/mediastore/basic/exceptions/FailedUploadException.java
mediastore,removed_MediaAccess,MediaAccess,Implementation/mediastore.basic/src/edu/kit/ipd/sdq/mediastore/basic/exceptions/PropertiesException.java
mediastore,removed_MediaAccess,MediaAccess,Implementation/mediastore.basic/src/edu/kit/ipd/sdq/mediastore/basic/exceptions/UnknownServerException.java
mediastore,removed_MediaAccess,MediaAccess,Implementation/mediastore.basic/src/edu/kit/ipd/sdq/mediastore/basic/exceptions/UserAlreadyExistsException.java
mediastore,removed_MediaAccess,MediaAccess,Implementation/mediastore.basic/src/edu/kit/ipd/sdq/mediastore/basic/interfaces/IBusinessInterface.java
mediastore,removed_MediaAccess,MediaAccess,Implementation/mediastore.basic/src/edu/kit/ipd/sdq/mediastore/basic/interfaces/ICacheMaintenance.java
mediastore,removed_MediaAccess,MediaAccess,Implementation/mediastore.basic/src/edu/kit/ipd/sdq/mediastore/basic/interfaces/ICacheMaintenanceLocal.java
mediastore,removed_MediaAccess,MediaAccess,Implementation/mediastore.basic/src/edu/kit/ipd/sdq/mediastore/basic/interfaces/ICacheMaintenanceRemote.java
mediastore,removed_MediaAccess,MediaAccess,Implementation/mediastore.basic/src/edu/kit/ipd/sdq/mediastore/basic/interfaces/IDownload.java
mediastore,removed_MediaAccess,MediaAccess,Implementation/mediastore.basic/src/edu/kit/ipd/sdq/mediastore/basic/interfaces/IDownloadCache.java
mediastore,removed_MediaAccess,MediaAccess,Implementation/mediastore.basic/src/edu/kit/ipd/sdq/mediastore/basic/interfaces/IDownloadCacheRemote.java
mediastore,removed_MediaAccess,MediaAccess,Implementation/mediastore.basic/src/edu/kit/ipd/sdq/mediastore/basic/interfaces/IDownloadMediaAccess.java
mediastore,removed_MediaAccess,MediaAccess,Implementation/mediastore.basic/src/edu/kit/ipd/sdq/mediastore/basic/interfaces/IMediaAccessMaintenance.java
mediastore,removed_MediaAccess,MediaAccess,Implementation/mediastore.basic/src/edu/kit/ipd/sdq/mediastore/basic/interfaces/IMediaAccessMaintenanceLocal.java
mediastore,removed_MediaAccess,MediaAccess,Implementation/mediastore.basic/src/edu/kit/ipd/sdq/mediastore/basic/interfaces/IMediaAccessRemote.java
mediastore,removed_MediaAccess,MediaAccess,Implementation/mediastore.basic/src/edu/kit/ipd/sdq/mediastore/basic/utils/JNDIUtil.java
mediastore,removed_MediaAccess,MediaAccess,Implementation/mediastore.basic/src/edu/kit/ipd/sdq/mediastore/basic/utils/LameUtil.java
mediastore,removed_MediaAccess,MediaAccess,Implementation/mediastore.basic/src/edu/kit/ipd/sdq/mediastore/basic/utils/PropertiesUtil.java
mediastore,removed_MediaAccess,MediaAccess,Implementation/mediastore.ejb.audiowatermarking/src/edu/kit/ipd/sdq/mediastore/ejb/audiowatermarking/WavFileException.java
mediastore,removed_MediaAccess,MediaAccess,Implementation/mediastore.ejb.cache/ejbModule/edu/kit/ipd/sdq/mediastore/ejb/cache/CacheImpl.java
mediastore,removed_MediaAccess,MediaAccess,Implementation/mediastore.ejb.cache/ejbModule/edu/kit/ipd/sdq/mediastore/ejb/cache/CacheSingleton.java
mediastore,removed_MediaAccess,MediaAccess,Implementation/mediastore.ejb.cache/ejbModule/edu/kit/ipd/sdq/mediastore/ejb/cache/IdAndBitrate.java
mediastore,removed_MediaAccess,MediaAccess,Implementation/mediastore.ejb.mediaaccess/src/edu/kit/ipd/sdq/mediastore/ejb/mediaaccess/DbManager.java
mediastore,removed_MediaAccess,MediaAccess,Implementation/mediastore.web/src/edu/kit/ipd/sdq/mediastore/web/filters/MainFilter.java
mediastore,removed_MediaManagement,MediaManagement,Implementation/mediastore.basic/src/edu/kit/ipd/sdq/mediastore/basic/BaseEJB.java
mediastore,removed_MediaManagement,MediaManagement,Implementation/mediastore.basic/src/edu/kit/ipd/sdq/mediastore/basic/config/Config.java
mediastore,removed_MediaManagement,MediaManagement,Implementation/mediastore.basic/src/edu/kit/ipd/sdq/mediastore/basic/config/EJB.java
mediastore,removed_MediaManagement,MediaManagement,Implementation/mediastore.basic/src/edu/kit/ipd/sdq/mediastore/basic/config/GlobalConstantsContainer.java
mediastore,removed_MediaManagement,MediaManagement,Implementation/mediastore.basic/src/edu/kit/ipd/sdq/mediastore/basic/config/InterfaceDetails.java
mediastore,removed_MediaManagement,MediaManagement,Implementation/mediastore.basic/src/edu/kit/ipd/sdq/mediastore/basic/config/Main.java
mediastore,removed_MediaManagement,MediaManagement,Implementation/mediastore.basic/src/edu/kit/ipd/sdq/mediastore/basic/config/ProvidedInterface.java
mediastore,removed_MediaManagement,MediaManagement,Implementation/mediastore.basic/src/edu/kit/ipd/sdq/mediastore/basic/config/RequiredInterface.java
mediastore,removed_MediaManagement,MediaManagement,Implementation/mediastore.basic/src/edu/kit/ipd/sdq/mediastore/basic/data/AudioFile.java
mediastore,removed_MediaManagement,MediaManagement,Implementation/mediastore.basic/src/edu/kit/ipd/sdq/mediastore/basic/data/CurrentUser.java
mediastore,removed_MediaManagement,MediaManagement,Implementation/mediastore.basic/src/edu/kit/ipd/sdq/mediastore/basic/data/FileContent.java
mediastore,removed_MediaManagement,MediaManagement,Implementation/mediastore.basic/src/edu/kit/ipd/sdq/mediastore/basic/data/FileContentLocal.java
mediastore,removed_MediaManagement,MediaManagement,Implementation/mediastore.basic/src/edu/kit/ipd/sdq/mediastore/basic/data/FileContentRemote.java
mediastore,removed_MediaManagement,MediaManagement,Implementation/mediastore.basic/src/edu/kit/ipd/sdq/mediastore/basic/data/UserRegData.java
mediastore,removed_MediaManagement,MediaManagement,Implementation/mediastore.basic/src/edu/kit/ipd/sdq/mediastore/basic/exceptions/AppException.java
mediastore,removed_MediaManagement,MediaManagement,Implementation/mediastore.basic/src/edu/kit/ipd/sdq/mediastore/basic/exceptions/BadLoginDataException.java
mediastore,removed_MediaManagement,MediaManagement,Implementation/mediastore.basic/src/edu/kit/ipd/sdq/mediastore/basic/exceptions/ConversionException.java
mediastore,removed_MediaManagement,MediaManagement,Implementation/mediastore.basic/src/edu/kit/ipd/sdq/mediastore/basic/exceptions/DbException.java
mediastore,removed_MediaManagement,MediaManagement,Implementation/mediastore.basic/src/edu/kit/ipd/sdq/mediastore/basic/exceptions/FailedDownloadException.java
mediastore,removed_MediaManagement,MediaManagement,Implementation/mediastore.basic/src/edu/kit/ipd/sdq/mediastore/basic/exceptions/FailedUploadException.java
mediastore,removed_MediaManagement,MediaManagement,Implementation/mediastore.basic/src/edu/kit/ipd/sdq/mediastore/basic/exceptions/PropertiesException.java
mediastore,removed_MediaManagement,MediaManagement,Implementation/mediastore.basic/src/edu/kit/ipd/sdq/mediastore/basic/exceptions/UnknownServerException.java
mediastore,removed_MediaManagement,MediaManagement,Implementation/mediastore.basic/src/edu/kit/ipd/sdq/mediastore/basic/exceptions/UserAlreadyExistsException.java
mediastore,removed_MediaManagement,MediaManagement,Implementation/mediastore.basic/src/edu/kit/ipd/sdq/mediastore/basic/interfaces/IBusinessInterface.java
mediastore,removed_MediaManagement,MediaManagement,Implementation/mediastore.basic/src/edu/kit/ipd/sdq/mediastore/basic/interfaces/ICacheMaintenance.java
mediastore,removed_MediaManagement,MediaManagement,Implementation/mediastore.basic/src/edu/kit/ipd/sdq/mediastore/basic/interfaces/ICacheMaintenanceLocal.java
mediastore,removed_MediaManagement,MediaManagement,Implementation/mediastore.basic/src/edu/kit/ipd/sdq/mediastore/basic/interfaces/ICacheMaintenanceRemote.java
mediastore,removed_MediaManagement,MediaManagement,Implementation/mediastore.basic/src/edu/kit/ipd/sdq/mediastore/basic/interfaces/IDownload.java
mediastore,removed_MediaManagement,MediaManagement,Implementation/mediastore.basic/src/edu/kit/ipd/sdq/mediastore/basic/interfaces/IDownloadCacheRemote.java
mediastore,removed_MediaManagement,MediaManagement,Implementation/mediastore.basic/src/edu/kit/ipd/sdq/mediastore/basic/interfaces/IMediaManagementLocal.java
mediastore,removed_MediaManagement,MediaManagement,Implementation/mediastore.basic/src/edu/kit/ipd/sdq/mediastore/basic/utils/FSUtil.java
mediastore,removed_MediaManagement,MediaManagement,Implementation/mediastore.basic/src/edu/kit/ipd/sdq/mediastore/basic/utils/JNDIUtil.java
mediastore,removed_MediaManagement,MediaManagement,Implementation/mediastore.basic/src/edu/kit/ipd/sdq/mediastore/basic/utils/LameUtil.java
mediastore,removed_MediaManagement,MediaManagement,Implementation/mediastore.basic/src/edu/kit/ipd/sdq/mediastore/basic/utils/PropertiesUtil.java
mediastore,removed_MediaManagement,MediaManagement,Implementation/mediastore.ejb.audiowatermarking/src/edu/kit/ipd/sdq/mediastore/ejb/audiowatermarking/WavFileException.java
mediastore,removed_MediaManagement,MediaManagement,Implementation/mediastore.ejb.cache/ejbModule/edu/kit/ipd/sdq/mediastore/ejb/cache/CacheImpl.java
mediastore,removed_MediaManagement,MediaManagement,Implementation/mediastore.ejb.cache/ejbModule/edu/kit/ipd/sdq/mediastore/ejb/cache/CacheSingleton.java
mediastore,removed_MediaManagement,MediaManagement,Implementation/mediastore.ejb.cache/ejbModule/edu/kit/ipd/sdq/mediastore/ejb/cache/IdAndBitrate.java
mediastore,removed_MediaManagement,MediaManagement,Implementation/mediastore.ejb.mediamanagement/src/edu/kit/ipd/sdq/mediastore/ejb/mediamanagement/MediaManagementImpl.java
mediastore,removed_MediaManagement,MediaManagement,Implementation/mediastore.web/src/edu/kit/ipd/sdq/mediastore/web/beans/SessionBean.java
mediastore,removed_MediaManagement,MediaManagement,Implementation/mediastore.web/src/edu/kit/ipd/sdq/mediastore/web/filters/MainFilter.java
mediastore,removed_MediaManagement,MediaManagement,Implementation/mediastore.web/src/edu/kit/ipd/sdq/mediastore/web/utils/MessageUtil.java
mediastore,removed_Packaging,Packaging,Implementation/mediastore.basic/src/edu/kit/ipd/sdq/mediastore/basic/BaseEJB.java
mediastore,removed_Packaging,Packaging,Implementation/mediastore.basic/src/edu/kit/ipd/sdq/mediastore/basic/config/Config.java
mediastore,removed_Packaging,Packaging,Implementation/mediastore.basic/src/edu/kit/ipd/sdq/mediastore/basic/config/EJB.java
mediastore,removed_Packaging,Packaging,Implementation/mediastore.basic/src/edu/kit/ipd/sdq/mediastore/basic/config/GlobalConstantsContainer.java
mediastore,removed_Packaging,Packaging,Implementation/mediastore.basic/src/edu/kit/ipd/sdq/mediastore/basic/config/InterfaceDetails.java
mediastore,removed_Packaging,Packaging,Implementation/mediastore.basic/src/edu/kit/ipd/sdq/mediastore/basic/config/Main.java
mediastore,removed_Packaging,Packaging,Implementation/mediastore.basic/src/edu/kit/ipd/sdq/mediastore/basic/config/ProvidedInterface.java
mediastore,removed_Packaging,Packaging,Implementation/mediastore.basic/src/edu/kit/ipd/sdq/mediastore/basic/config/RequiredInterface.java
mediastore,removed_Packaging,Packaging,Implementation/mediastore.basic/src/edu/kit/ipd/sdq/mediastore/basic/data/AudioFile.java
mediastore,removed_Packaging,Packaging,Implementation/mediastore.basic/src/edu/kit/ipd/sdq/mediastore/basic/data/AudioFileInfo.java
mediastore,removed_Packaging,Packaging,Implementation/mediastore.basic/src/edu/kit/ipd/sdq/mediastore/basic/data/CurrentUser.java
mediastore,removed_Packaging,Packaging,Implementation/mediastore.basic/src/edu/kit/ipd/sdq/mediastore/basic/data/FileContentLocal.java
mediastore,removed_Packaging,Packaging,Implementation/mediastore.basic/src/edu/kit/ipd/sdq/mediastore/basic/data/FileContentRemote.java
mediastore,removed_Packaging,Packaging,Implementation/mediastore.basic/src/edu/kit/ipd/sdq/mediastore/basic/data/UserRegData.java
mediastore,removed_Packaging,Packaging,Implementation/mediastore.basic/src/edu/kit/ipd/sdq/mediastore/basic/exceptions/AppException.java
mediastore,removed_Packaging,Packaging,Implementation/mediastore.basic/src/edu/kit/ipd/sdq/mediastore/basic/exceptions/ConversionException.java
mediastore,removed_Packaging,Packaging,Implementation/mediastore.basic/src/edu/kit/ipd/sdq/mediastore/basic/exceptions/DbException.java
mediastore,removed_Packaging,Packaging,Implementation/mediastore.basic/src/edu/kit/ipd/sdq/mediastore/basic/exceptions/FailedDownloadException.java
mediastore,removed_Packaging,Packaging,Implementation/mediastore.basic/src/edu/kit/ipd/sdq/mediastore/basic/exceptions/FailedUploadException.java
mediastore,removed_Packaging,Packaging,Implementation/mediastore.basic/src/edu/kit/ipd/sdq/mediastore/basic/exceptions/PropertiesException.java
mediastore,removed_Packaging,Packaging,Implementation/mediastore.basic/src/edu/kit/ipd/sdq/mediastore/basic/exceptions/UnknownServerException.java
mediastore,removed_Packaging,Packaging,Implementation/mediastore.basic/src/edu/kit/ipd/sdq/mediastore/basic/exceptions/UserAlreadyExistsException.java
mediastore,removed_Packaging,Packaging,Implementation/mediastore.basic/src/edu/kit/ipd/sdq/mediastore/basic/interfaces/IBusinessInterface.java
mediastore,removed_Packaging,Packaging,Implementation/mediastore.basic/src/edu/kit/ipd/sdq/mediastore/basic/interfaces/ICacheMaintenance.java
mediastore,removed_Packaging,Packaging,Implementation/mediastore.basic/src/edu/kit/ipd/sdq/mediastore/basic/interfaces/ICacheMaintenanceLocal.java
mediastore,removed_Packaging,Packaging,Implementation/mediastore.basic/src/edu/kit/ipd/sdq/mediastore/basic/interfaces/ICacheMaintenanceRemote.java
mediastore,removed_Packaging,Packaging,Implementation/mediastore.basic/src/edu/kit/ipd/sdq/mediastore/basic/interfaces/IDownload.java
mediastore,removed_Packaging,Packaging,Implementation/mediastore.basic/src/edu/kit/ipd/sdq/mediastore/basic/interfaces/IDownloadCache.java
mediastore,removed_Packaging,Packaging,Implementation/mediastore.basic/src/edu/kit/ipd/sdq/mediastore/basic/interfaces/IDownloadCacheRemote.java
mediastore,removed_Packaging,Packaging,Implementation/mediastore.basic/src/edu/kit/ipd/sdq/mediastore/basic/interfaces/IPackaging.java
mediastore,removed_Packaging,Packaging,Implementation/mediastore.basic/src/edu/kit/ipd/sdq/mediastore/basic/interfaces/IPackagingLocal.java
mediastore,removed_Packaging,Packaging,Implementation/mediastore.basic/src/edu/kit/ipd/sdq/mediastore/basic/interfaces/IPackagingRemote.java
mediastore,removed_Packaging,Packaging,Implementation/mediastore.basic/src/edu/kit/ipd/sdq/mediastore/basic/utils/FSUtil.java
mediastore,removed_Packaging,Packaging,Implementation/mediastore.basic/src/edu/kit/ipd/sdq/mediastore/basic/utils/JNDIUtil.java
mediastore,removed_Packaging,Packaging,Implementation/mediastore.basic/src/edu/kit/ipd/sdq/mediastore/basic/utils/LameUtil.java
mediastore,removed_Packaging,Packaging,Implementation/mediastore.basic/src/edu/kit/ipd/sdq/mediastore/basic/utils/PropertiesUtil.java
mediastore,removed_Packaging,Packaging,Implementation/mediastore.ejb.cache/ejbModule/edu/kit/ipd/sdq/mediastore/ejb/cache/CacheImpl.java
mediastore,removed_Packaging,Packaging,Implementation/mediastore.ejb.cache/ejbModule/edu/kit/ipd/sdq/mediastore/ejb/cache/CacheSingleton.java
mediastore,removed_Packaging,Packaging,Implementation/mediastore.ejb.cache/ejbModule/edu/kit/ipd/sdq/mediastore/ejb/cache/IdAndBitrate.java
mediastore,removed_Packaging,Packaging,Implementation/mediastore.ejb.packaging/src/edu/kit/ipd/sdq/mediastore/ejb/packaging/PackagingImpl.java
mediastore,removed_Packaging,Packaging,Implementation/mediastore.web/src/edu/kit/ipd/sdq/mediastore/web/beans/RegisterBean.java
mediastore,removed_Packaging,Packaging,Implementation/mediastore.web/src/edu/kit/ipd/sdq/mediastore/web/utils/SessionUtil.java
mediastore,removed_TagWatermarking,TagWatermarking,Implementation/mediastore.basic/src/edu/kit/ipd/sdq/mediastore/basic/BaseEJB.java
mediastore,removed_TagWatermarking,TagWatermarking,Implementation/mediastore.basic/src/edu/kit/ipd/sdq/mediastore/basic/config/Config.java
mediastore,removed_TagWatermarking,TagWatermarking,Implementation/mediastore.basic/src/edu/kit/ipd/sdq/mediastore/basic/config/EJB.java
mediastore,removed_TagWatermarking,TagWatermarking,Implementation/mediastore.basic/src/edu/kit/ipd/sdq/mediastore/basic/config/GlobalConstantsContainer.java
mediastore,removed_TagWatermarking,TagWatermarking,Implementation/mediastore.basic/src/edu/kit/ipd/sdq/mediastore/basic/config/InterfaceDetails.java
mediastore,removed_TagWatermarking,TagWatermarking,Implementation/mediastore.basic/src/edu/kit/ipd/sdq/mediastore/basic/config/Main.java
mediastore,removed_TagWatermarking,TagWatermarking,Implementation/mediastore.basic/src/edu/kit/ipd/sdq/mediastore/basic/config/ProvidedInterface.java
mediastore,removed_TagWatermarking,TagWatermarking,Implementation/mediastore.basic/src/edu/kit/ipd/sdq/mediastore/basic/config/RequiredInterface.java
mediastore,removed_TagWatermarking,TagWatermarking,Implementation/mediastore.basic/src/edu/kit/ipd/sdq/mediastore/basic/data/AudioFile.java
mediastore,removed_TagWatermarking,TagWatermarking,Implementation/mediastore.basic/src/edu/kit/ipd/sdq/mediastore/basic/data/FileContent.java
mediastore,removed_TagWatermarking,TagWatermarking,Implementation/mediastore.basic/src/edu/kit/ipd/sdq/mediastore/basic/data/FileContentLocal.java
mediastore,removed_TagWatermarking,TagWatermarking,Implementation/mediastore.basic/src/edu/kit/ipd/sdq/mediastore/basic/data/FileContentRemote.java
mediastore,removed_TagWatermarking,TagWatermarking,Implementation/mediastore.basic/src/edu/kit/ipd/sdq/mediastore/basic/data/UserRegData.java
mediastore,removed_TagWatermarking,TagWatermarking,Implementation/mediastore.basic/src/edu/kit/ipd/sdq/mediastore/basic/exceptions/AppException.java
mediastore,removed_TagWatermarking,TagWatermarking,Implementation/mediastore.basic/src/edu/kit/ipd/sdq/mediastore/basic/exceptions/ConversionException.java
mediastore,removed_TagWatermarking,TagWatermarking,Implementation/mediastore.basic/src/edu/kit/ipd/sdq/mediastore/basic/exceptions/DbException.java
mediastore,removed_TagWatermarking,TagWatermarking,Implementation/mediastore.basic/src/edu/kit/ipd/sdq/mediastore/basic/exceptions/FailedDownloadException.java
mediastore,removed_TagWatermarking,TagWatermarking,Implementation/mediastore.basic/src/edu/kit/ipd/sdq/mediastore/basic/exceptions/FailedUploadException.java
mediastore,removed_TagWatermarking,TagWatermarking,Implementation/mediastore.basic/src/edu/kit/ipd/sdq/mediastore/basic/exceptions/PropertiesException.java
mediastore,removed_TagWatermarking,TagWatermarking,Implementation/mediastore.basic/src/edu/kit/ipd/sdq/mediastore/basic/exceptions/UnknownServerException.java
mediastore,removed_TagWatermarking,TagWatermarking,Implementation/mediastore.basic/src/edu/kit/ipd/sdq/mediastore/basic/exceptions/UserAlreadyExistsException.java
mediastore,removed_TagWatermarking,TagWatermarking,Implementation/mediastore.basic/src/edu/kit/ipd/sdq/mediastore/basic/interfaces/IBusinessInterface.java
mediastore,removed_TagWatermarking,TagWatermarking,Implementation/mediastore.basic/src/edu/kit/ipd/sdq/mediastore/basic/interfaces/ICacheMaintenance.java
mediastore,removed_TagWatermarking,TagWatermarking,Implementation/mediastore.basic/src/edu/kit/ipd/sdq/mediastore/basic/interfaces/ICacheMaintenanceLocal.java
mediastore,removed_TagWatermarking,TagWatermarking,Implementation/mediastore.basic/src/edu/kit/ipd/sdq/mediastore/basic/interfaces/ICacheMaintenanceRemote.java
mediastore,removed_TagWatermarking,TagWatermarking,Implementation/mediastore.basic/src/edu/kit/ipd/sdq/mediastore/basic/interfaces/IDownloadAudioWatermarkingLocal.java
mediastore,removed_TagWatermarking,TagWatermarking,Implementation/mediastore.basic/src/edu/kit/ipd/sdq/mediastore/basic/interfaces/IDownloadAudioWatermarkingRemote.java
mediastore,removed_TagWatermarking,TagWatermarking,Implementation/mediastore.basic/src/edu/kit/ipd/sdq/mediastore/basic/interfaces/IDownloadCache.java
mediastore,removed_TagWatermarking,TagWatermarking,Implementation/mediastore.basic/src/edu/kit/ipd/sdq/mediastore/basic/interfaces/IDownloadCacheLocal.java
mediastore,removed_TagWatermarking,TagWatermarking,Implementation/mediastore.basic/src/edu/kit/ipd/sdq/mediastore/basic/interfaces/IDownloadTagWatermarkingRemote.java
mediastore,removed_TagWatermarking,TagWatermarking,Implementation/mediastore.basic/src/edu/kit/ipd/sdq/mediastore/basic/utils/JNDIUtil.java
mediastore,removed_TagWatermarking,TagWatermarking,Implementation/mediastore.basic/src/edu/kit/ipd/sdq/mediastore/basic/utils/LameUtil.java
mediastore,removed_TagWatermarking,TagWatermarking,Implementation/mediastore.basic/src/edu/kit/ipd/sdq/mediastore/basic/utils/PropertiesUtil.java
mediastore,removed_TagWatermarking,TagWatermarking,Implementation/mediastore.ejb.audiowatermarking/src/edu/kit/ipd/sdq/mediastore/ejb/audiowatermarking/AudioWatermarkingImpl.java
mediastore,removed_TagWatermarking,TagWatermarking,Implementation/mediastore.ejb.audiowatermarking/src/edu/kit/ipd/sdq/mediastore/ejb/audiowatermarking/WavFile.java
mediastore,removed_TagWatermarking,TagWatermarking,Implementation/mediastore.ejb.audiowatermarking/src/edu/kit/ipd/sdq/mediastore/ejb/audiowatermarking/WavFileException.java
mediastore,removed_TagWatermarking,TagWatermarking,Implementation/mediastore.ejb.cache/ejbModule/edu/kit/ipd/sdq/mediastore/ejb/cache/CacheImpl.java
mediastore,removed_TagWatermarking,TagWatermarking,Implementation/mediastore.ejb.cache/ejbModule/edu/kit/ipd/sdq/mediastore/ejb/cache/CacheSingleton.java
mediastore,removed_TagWatermarking,TagWatermarking,Implementation/mediastore.ejb.cache/ejbModule/edu/kit/ipd/sdq/mediastore/ejb/cache/IdAndBitrate.java
mediastore,removed_TagWatermarking,TagWatermarking,Implementation/mediastore.ejb.tagwatermarking/src/edu/kit/ipd/sdq/mediastore/ejb/tagwatermarking/TagWatermarkingImpl.java
mediastore,removed_TagWatermarking,TagWatermarking,Implementation/mediastore.web/src/edu/kit/ipd/sdq/mediastore/web/beans/DownloadBean.java
mediastore,removed_TagWatermarking,TagWatermarking,Implementation/mediastore.web/src/edu/kit/ipd/sdq/mediastore/web/beans/LoginBean.java
mediastore,removed_TagWatermarking,TagWatermarking,Implementation/mediastore.web/src/edu/kit/ipd/sdq/mediastore/web/beans/RegisterBean.java
mediastore,removed_TagWatermarking,TagWatermarking,Implementation/mediastore.web/src/edu/kit/ipd/sdq/mediastore/web/beans/WebBeanManager.java
mediastore,removed_UserDBAdapter,UserDBAdapter,Implementation/mediastore.basic/src/edu/kit/ipd/sdq/mediastore/basic/BaseEJB.java
mediastore,removed_UserDBAdapter,UserDBAdapter,Implementation/mediastore.basic/src/edu/kit/ipd/sdq/mediastore/basic/config/Config.java
mediastore,removed_UserDBAdapter,UserDBAdapter,Implementation/mediastore.basic/src/edu/kit/ipd/sdq/mediastore/basic/config/EJB.java
mediastore,removed_UserDBAdapter,UserDBAdapter,Implementation/mediastore.basic/src/edu/kit/ipd/sdq/mediastore/basic/config/GlobalConstantsContainer.java
mediastore,removed_UserDBAdapter,UserDBAdapter,Implementation/mediastore.basic/src/edu/kit/ipd/sdq/mediastore/basic/config/InterfaceDetails.java
mediastore,removed_UserDBAdapter,UserDBAdapter,Implementation/mediastore.basic/src/edu/kit/ipd/sdq/mediastore/basic/config/Main.java
mediastore,removed_UserDBAdapter,UserDBAdapter,Implementation/mediastore.basic/src/edu/kit/ipd/sdq/mediastore/basic/config/ProvidedInterface.java
mediastore,removed_UserDBAdapter,UserDBAdapter,Implementation/mediastore.basic/src/edu/kit/ipd/sdq/mediastore/basic/config/RequiredInterface.java
mediastore,removed_UserDBAdapter,UserDBAdapter,Implementation/mediastore.basic/src/edu/kit/ipd/sdq/mediastore/basic/data/AudioFile.java
mediastore,removed_UserDBAdapter,UserDBAdapter,Implementation/mediastore.basic/src/edu/kit/ipd/sdq/mediastore/basic/data/AudioFileInfo.java
mediastore,removed_UserDBAdapter,UserDBAdapter,Implementation/mediastore.basic/src/edu/kit/ipd/sdq/mediastore/basic/data/CurrentUser.java
mediastore,removed_UserDBAdapter,UserDBAdapter,Implementation/mediastore.basic/src/edu/kit/ipd/sdq/mediastore/basic/data/FileContent.java
mediastore,removed_UserDBAdapter,UserDBAdapter,Implementation/mediastore.basic/src/edu/kit/ipd/sdq/mediastore/basic/data/FileContentRemote.java
mediastore,removed_UserDBAdapter,UserDBAdapter,Implementation/mediastore.basic/src/edu/kit/ipd/sdq/mediastore/basic/exceptions/AppException.java
mediastore,removed_UserDBAdapter,UserDBAdapter,Implementation/mediastore.basic/src/edu/kit/ipd/sdq/mediastore/basic/exceptions/ConversionException.java
mediastore,removed_UserDBAdapter,UserDBAdapter,Implementation/mediastore.basic/src/edu/kit/ipd/sdq/mediastore/basic/exceptions/DbException.java
mediastore,removed_UserDBAdapter,UserDBAdapter,Implementation/mediastore.basic/src/edu/kit/ipd/sdq/mediastore/basic/exceptions/FailedDownloadException.java
mediastore,removed_UserDBAdapter,UserDBAdapter,Implementation/mediastore.basic/src/edu/kit/ipd/sdq/mediastore/basic/exceptions/FailedUploadException.java
mediastore,removed_UserDBAdapter,UserDBAdapter,Implementation/mediastore.basic/src/edu/kit/ipd/sdq/mediastore/basic/exceptions/PropertiesException.java
mediastore,removed_UserDBAdapter,UserDBAdapter,Implementation/mediastore.basic/src/edu/kit/ipd/sdq/mediastore/basic/exceptions/UnknownServerException.java
mediastore,removed_UserDBAdapter,UserDBAdapter,Implementation/mediastore.basic/src/edu/kit/ipd/sdq/mediastore/basic/interfaces/IBusinessInterface.java
mediastore,removed_UserDBAdapter,UserDBAdapter,Implementation/mediastore.basic/src/edu/kit/ipd/sdq/mediastore/basic/interfaces/ICacheMaintenance.java
mediastore,removed_UserDBAdapter,UserDBAdapter,Implementation/mediastore.basic/src/edu/kit/ipd/sdq/mediastore/basic/interfaces/ICacheMaintenanceLocal.java
mediastore,removed_UserDBAdapter,UserDBAdapter,Implementation/mediastore.basic/src/edu/kit/ipd/sdq/mediastore/basic/interfaces/ICacheMaintenanceRemote.java
mediastore,removed_UserDBAdapter,UserDBAdapter,Implementation/mediastore.basic/src/edu/kit/ipd/sdq/mediastore/basic/interfaces/IDownload.java
mediastore,removed_UserDBAdapter,UserDBAdapter,Implementation/mediastore.basic/src/edu/kit/ipd/sdq/mediastore/basic/interfaces/IDownloadCache.java
mediastore,removed_UserDBAdapter,UserDBAdapter,Implementation/mediastore.basic/src/edu/kit/ipd/sdq/mediastore/basic/interfaces/IDownloadCacheLocal.java
mediastore,removed_UserDBAdapter,UserDBAdapter,Implementation/mediastore.basic/src/edu/kit/ipd/sdq/mediastore/basic/interfaces/IDownloadCacheRemote.java
mediastore,removed_UserDBAdapter,UserDBAdapter,Implementation/mediastore.basic/src/edu/kit/ipd/sdq/mediastore/basic/utils/FSUtil.java
mediastore,removed_UserDBAdapter,UserDBAdapter,Implementation/mediastore.basic/src/edu/kit/ipd/sdq/mediastore/basic/utils/JNDIUtil.java
mediastore,removed_UserDBAdapter,UserDBAdapter,Implementation/mediastore.basic/src/edu/kit/ipd/sdq/mediastore/basic/utils/LameUtil.java
mediastore,removed_UserDBAdapter,UserDBAdapter,Implementation/mediastore.basic/src/edu/kit/ipd/sdq/mediastore/basic/utils/PropertiesUtil.java
mediastore,removed_UserDBAdapter,UserDBAdapter,Implementation/mediastore.ejb.audiowatermarking/src/edu/kit/ipd/sdq/mediastore/ejb/audiowatermarking/WavFile.java
mediastore,removed_UserDBAdapter,UserDBAdapter,Implementation/mediastore.ejb.cache/ejbModule/edu/kit/ipd/sdq/mediastore/ejb/cache/CacheImpl.java
mediastore,removed_UserDBAdapter,UserDBAdapter,Implementation/mediastore.ejb.cache/ejbModule/edu/kit/ipd/sdq/mediastore/ejb/cache/CacheSingleton.java
mediastore,removed_UserDBAdapter,UserDBAdapter,Implementation/mediastore.ejb.cache/ejbModule/edu/kit/ipd/sdq/mediastore/ejb/cache/IdAndBitrate.java
mediastore,removed_UserDBAdapter,UserDBAdapter,Implementation/mediastore.web/src/edu/kit/ipd/sdq/mediastore/web/utils/MessageUtil.java
mediastore,removed_UserManagement,UserManagement,Implementation/mediastore.basic/src/edu/kit/ipd/sdq/mediastore/basic/BaseEJB.java
mediastore,removed_UserManagement,UserManagement,Implementation/mediastore.basic/src/edu/kit/ipd/sdq/mediastore/basic/config/Config.java
mediastore,removed_UserManagement,UserManagement,Implementation/mediastore.basic/src/edu/kit/ipd/sdq/mediastore/basic/config/EJB.java
mediastore,removed_UserManagement,UserManagement,Implementation/mediastore.basic/src/edu/kit/ipd/sdq/mediastore/basic/config/GlobalConstantsContainer.java
mediastore,removed_UserManagement,UserManagement,Implementation/mediastore.basic/src/edu/kit/ipd/sdq/mediastore/basic/config/InterfaceDetails.java
mediastore,removed_UserManagement,UserManagement,Implementation/mediastore.basic/src/edu/kit/ipd/sdq/mediastore/basic/config/Main.java
mediastore,removed_UserManagement,UserManagement,Implementation/mediastore.basic/src/edu/kit/ipd/sdq/mediastore/basic/config/ProvidedInterface.java
mediastore,removed_UserManagement,UserManagement,Implementation/mediastore.basic/src/edu/kit/ipd/sdq/mediastore/basic/config/RequiredInterface.java
mediastore,removed_UserManagement,UserManagement,Implementation/mediastore.basic/src/edu/kit/ipd/sdq/mediastore/basic/data/AudioFile.java
mediastore,removed_UserManagement,UserManagement,Implementation/mediastore.basic/src/edu/kit/ipd/sdq/mediastore/basic/data/AudioFileInfo.java
mediastore,removed_UserManagement,UserManagement,Implementation/mediastore.basic/src/edu/kit/ipd/sdq/mediastore/basic/data/CurrentUser.java
mediastore,removed_UserManagement,UserManagement,Implementation/mediastore.basic/src/edu/kit/ipd/sdq/mediastore/basic/data/FileContent.java
mediastore,removed_UserManagement,UserManagement,Implementation/mediastore.basic/src/edu/kit/ipd/sdq/mediastore/basic/data/FileContentRemote.java
mediastore,removed_UserManagement,UserManagement,Implementation/mediastore.basic/src/edu/kit/ipd/sdq/mediastore/basic/data/UserRegData.java
mediastore,removed_UserManagement,UserManagement,Implementation/mediastore.basic/src/edu/kit/ipd/sdq/mediastore/basic/exceptions/AppException.java
mediastore,removed_UserManagement,UserManagement,Implementation/mediastore.basic/src/edu/kit/ipd/sdq/mediastore/basic/exceptions/BadLoginDataException.java
mediastore,removed_UserManagement,UserManagement,Implementation/mediastore.basic/src/edu/kit/ipd/sdq/mediastore/basic/exceptions/ConversionException.java
mediastore,removed_UserManagement,UserManagement,Implementation/mediastore.basic/src/edu/kit/ipd/sdq/mediastore/basic/exceptions/DbException.java
mediastore,removed_UserManagement,UserManagement,Implementation/mediastore.basic/src/edu/kit/ipd/sdq/mediastore/basic/exceptions/FailedDownloadException.java
mediastore,removed_UserManagement,UserManagement,Implementation/mediastore.basic/src/edu/kit/ipd/sdq/mediastore/basic/exceptions/FailedUploadException.java
mediastore,removed_UserManagement,UserManagement,Implementation/mediastore.basic/src/edu/kit/ipd/sdq/mediastore/basic/exceptions/PropertiesException.java
mediastore,removed_UserManagement,UserManagement,Implementation/mediastore.basic/src/edu/kit/ipd/sdq/mediastore/basic/exceptions/UnknownServerException.java
mediastore,removed_UserManagement,UserManagement,Implementation/mediastore.basic/src/edu/kit/ipd/sdq/mediastore/basic/exceptions/UserAlreadyExistsException.java
mediastore,removed_UserManagement,UserManagement,Implementation/mediastore.basic/src/edu/kit/ipd/sdq/mediastore/basic/interfaces/IBusinessInterface.java
mediastore,removed_UserManagement,UserManagement,Implementation/mediastore.basic/src/edu/kit/ipd/sdq/mediastore/basic/interfaces/ICacheMaintenance.java
mediastore,removed_UserManagement,UserManagement,Implementation/mediastore.basic/src/edu/kit/ipd/sdq/mediastore/basic/interfaces/ICacheMaintenanceLocal.java
mediastore,removed_UserManagement,UserManagement,Implementation/mediastore.basic/src/edu/kit/ipd/sdq/mediastore/basic/interfaces/ICacheMaintenanceRemote.java
mediastore,removed_UserManagement,UserManagement,Implementation/mediastore.basic/src/edu/kit/ipd/sdq/mediastore/basic/interfaces/IDownload.java
mediastore,removed_UserManagement,UserManagement,Implementation/mediastore.basic/src/edu/kit/ipd/sdq/mediastore/basic/interfaces/IDownloadCache.java
mediastore,removed_UserManagement,UserManagement,Implementation/mediastore.basic/src/edu/kit/ipd/sdq/mediastore/basic/interfaces/IDownloadCacheRemote.java
mediastore,removed_UserManagement,UserManagement,Implementation/mediastore.basic/src/edu/kit/ipd/sdq/mediastore/basic/utils/FSUtil.java
mediastore,removed_UserManagement,UserManagement,Implementation/mediastore.basic/src/edu/kit/ipd/sdq/mediastore/basic/utils/JNDIUtil.java
mediastore,removed_UserManagement,UserManagement,Implementation/mediastore.basic/src/edu/kit/ipd/sdq/mediastore/basic/utils/LameUtil.java
mediastore,removed_UserManagement,UserManagement,Implementation/mediastore.basic/src/edu/kit/ipd/sdq/mediastore/basic/utils/PropertiesUtil.java
mediastore,removed_UserManagement,UserManagement,Implementation/mediastore.ejb.cache/ejbModule/edu/kit/ipd/sdq/mediastore/ejb/cache/CacheImpl.java
mediastore,removed_UserManagement,UserManagement,Implementation/mediastore.ejb.cache/ejbModule/edu/kit/ipd/sdq/mediastore/ejb/cache/CacheSingleton.java
mediastore,removed_UserManagement,UserManagement,Implementation/mediastore.ejb.cache/ejbModule/edu/kit/ipd/sdq/mediastore/ejb/cache/IdAndBitrate.java
mediastore,removed_UserManagement,UserManagement,Implementation/mediastore.ejb.usermanagement/ejbModule/edu/kit/ipd/sdq/mediastore/ejb/usermanagement/UserManagementImpl.java
teammates,removed_Client,Client,src/client/java/teammates/client/connector/DatastoreClient.java
teammates,removed_Client,Client,src/client/java/teammates/client/connector/package-info.java
teammates,removed_Client,Client,src/client/java/teammates/client/scripts/DataBundleRegenerator.java
teammates,removed_Client,Client,src/client/java/teammates/client/scripts/DataMigrationEntitiesBaseScript.java
teammates,removed_Client,Client,src/client/java/teammates/client/scripts/DataMigrationForConstSumForceUnevenDistribution.java
teammates,removed_Client,Client,src/client/java/teammates/client/scripts/DataMigrationForContributionQuestionDetailsIsZeroSum.java
teammates,removed_Client,Client,src/client/java/teammates/client/scripts/DataMigrationForFeedbackSessionMismatchedTimezone.java
teammates,removed_Client,Client,src/client/java/teammates/client/scripts/DataMigrationForGoogleIdToGmail.java
teammates,removed_Client,Client,src/client/java/teammates/client/scripts/DataMigrationForInstructorFeedbackResponseComments.java
teammates,removed_Client,Client,src/client/java/teammates/client/scripts/DataMigrationForInstructorNullIsArchivedField.java
teammates,removed_Client,Client,src/client/java/teammates/client/scripts/DataMigrationForNullCommentGiverType.java
teammates,removed_Client,Client,src/client/java/teammates/client/scripts/DataMigrationForSampleGoogleIdInStudentAttributes.java
teammates,removed_Client,Client,src/client/java/teammates/client/scripts/DataMigrationForSanitizedDataInCourseAttributes.java
teammates,removed_Client,Client,src/client/java/teammates/client/scripts/DataMigrationForSanitizedDataInInstructorAttributes.java
teammates,removed_Client,Client,src/client/java/teammates/client/scripts/DataMigrationForSanitizedDataInStudentAttributes.java
teammates,removed_Client,Client,src/client/java/teammates/client/scripts/DataMigrationForSanitizedInstructorName.java
teammates,removed_Client,Client,src/client/java/teammates/client/scripts/DataMigrationForStudentsAndTeamsRecipientType.java
teammates,removed_Client,Client,src/client/java/teammates/client/scripts/DataMigrationForTeamNameInResponseGiver.java
teammates,removed_Client,Client,src/client/java/teammates/client/scripts/DataMigrationForTextQuestionDetailsFormat.java
teammates,removed_Client,Client,src/client/java/teammates/client/scripts/DataMigrationForTextQuestionRecommendedLength.java
teammates,removed_Client,Client,src/client/java/teammates/client/scripts/DataMigrationForUnencryptedKeyForInstructors.java
teammates,removed_Client,Client,src/client/java/teammates/client/scripts/DataMigrationForUnencryptedKeyForStudents.java
teammates,removed_Client,Client,src/client/java/teammates/client/scripts/GenerateUsageStatisticsObjects.java
teammates,removed_Client,Client,src/client/java/teammates/client/scripts/GoogleIdMigrationBaseScript.java
teammates,removed_Client,Client,src/client/java/teammates/client/scripts/IndexFeedbackSessionFields.java
teammates,removed_Client,Client,src/client/java/teammates/client/scripts/ListActiveInstructors.java
teammates,removed_Client,Client,src/client/java/teammates/client/scripts/MockCourseWithLargeResponseScript.java
teammates,removed_Client,Client,src/client/java/teammates/client/scripts/PopulateCourseSearchDocuments.java
teammates,removed_Client,Client,src/client/java/teammates/client/scripts/SingleAccountGoogleIdMigrationScript.java
teammates,removed_Client,Client,src/client/java/teammates/client/scripts/TeamEvalResultCalculations.java
teammates,removed_Client,Client,src/client/java/teammates/client/scripts/package-info.java
teammates,removed_Client,Client,src/client/java/teammates/client/scripts/statistics/CursorIterator.java
teammates,removed_Client,Client,src/client/java/teammates/client/scripts/statistics/FileStore.java
teammates,removed_Client,Client,src/client/java/teammates/client/scripts/statistics/StatisticsBundle.java
teammates,removed_Client,Client,src/client/java/teammates/client/scripts/statistics/StatisticsPerInstitute.java
teammates,removed_Client,Client,src/client/java/teammates/client/scripts/statistics/package-info.java
teammates,removed_Client,Client,src/client/java/teammates/client/util/BackDoor.java
teammates,removed_Client,Client,src/client/java/teammates/client/util/ClientProperties.java
teammates,removed_Client,Client,src/client/java/teammates/client/util/LoopHelper.java
teammates,removed_Client,Client,src/client/java/teammates/client/util/package-info.java
teammates,removed_Client,Client,src/main/java/teammates/logic/external/LocalLoggingService.java
teammates,removed_Client,Client,src/main/java/teammates/main/Application.java
teammates,removed_Client,Client,src/main/java/teammates/main/package-info.java
teammates,removed_Client,Client,src/main/java/teammates/storage/search/SearchManagerStarter.java
teammates,removed_Client,Client,src/main/java/teammates/ui/output/package-info.java
teammates,removed_Client,Client,src/main/java/teammates/ui/servlets/DevServerLoginServlet.java
teammates,removed_Client,Client,src/main/java/teammates/ui/servlets/HealthCheckServlet.java
teammates,removed_Client,Client,src/main/java/teammates/ui/servlets/LogoutServlet.java
teammates,removed_Client,Client,src/main/java/teammates/ui/servlets/OriginCheckFilter.java
teammates,removed_Client,Client,src/main/java/teammates/ui/servlets/RequestTraceFilter.java
teammates,removed_Client,Client,src/main/java/teammates/ui/servlets/WebApiServlet.java
teammates,removed_Client,Client,src/main/java/teammates/ui/servlets/WebSecurityHeaderFilter.java
teammates,removed_Client,Client,src/main/java/teammates/ui/webapi/ActionMappingException.java
teammates,removed_Client,Client,src/main/java/teammates/ui/webapi/AdminExceptionTestAction.java
teammates,removed_Client,Client,src/main/java/teammates/ui/webapi/ArchiveCourseAction.java
teammates,removed_Client,Client,src/main/java/teammates/ui/webapi/BasicCommentSubmissionAction.java
teammates,removed_Client,Client,src/main/java/teammates/ui/webapi/BasicFeedbackSubmissionAction.java
teammates,removed_Client,Client,src/main/java/teammates/ui/webapi/CalculateUsageStatisticsAction.java
teammates,removed_Client,Client,src/main/java/teammates/ui/webapi/CompileLogsAction.java
teammates,removed_Client,Client,src/main/java/teammates/ui/webapi/CreateAccountAction.java
teammates,removed_Client,Client,src/main/java/teammates/ui/webapi/CreateAccountRequestAction.java
teammates,removed_Client,Client,src/main/java/teammates/ui/webapi/CreateCourseAction.java
teammates,removed_Client,Client,src/main/java/teammates/ui/webapi/CreateFeedbackQuestionAction.java
teammates,removed_Client,Client,src/main/java/teammates/ui/webapi/CreateNotificationAction.java
teammates,removed_Client,Client,src/main/java/teammates/ui/webapi/DeleteAccountAction.java
teammates,removed_Client,Client,src/main/java/teammates/ui/webapi/DeleteCourseAction.java
teammates,removed_Client,Client,src/main/java/teammates/ui/webapi/DeleteInstructorAction.java
teammates,removed_Client,Client,src/main/java/teammates/ui/webapi/DeleteStudentAction.java
teammates,removed_Client,Client,src/main/java/teammates/ui/webapi/DeleteStudentsAction.java
teammates,removed_Client,Client,src/main/java/teammates/ui/webapi/EnrollStudentsAction.java
teammates,removed_Client,Client,src/main/java/teammates/ui/webapi/FeedbackSessionClosedRemindersAction.java
teammates,removed_Client,Client,src/main/java/teammates/ui/webapi/FeedbackSessionClosingRemindersAction.java
teammates,removed_Client,Client,src/main/java/teammates/ui/webapi/FeedbackSessionOpeningRemindersAction.java
teammates,removed_Client,Client,src/main/java/teammates/ui/webapi/FeedbackSessionPublishedEmailWorkerAction.java
teammates,removed_Client,Client,src/main/java/teammates/ui/webapi/FeedbackSessionRemindEmailWorkerAction.java
teammates,removed_Client,Client,src/main/java/teammates/ui/webapi/FeedbackSessionRemindParticularUsersEmailWorkerAction.java
teammates,removed_Client,Client,src/main/java/teammates/ui/webapi/FeedbackSessionUnpublishedEmailWorkerAction.java
teammates,removed_Client,Client,src/main/java/teammates/ui/webapi/GetAccountAction.java
teammates,removed_Client,Client,src/main/java/teammates/ui/webapi/GetAccountRequestAction.java
teammates,removed_Client,Client,src/main/java/teammates/ui/webapi/GetAccountsAction.java
teammates,removed_Client,Client,src/main/java/teammates/ui/webapi/GetCourseJoinStatusAction.java
teammates,removed_Client,Client,src/main/java/teammates/ui/webapi/GetCourseSectionNamesAction.java
teammates,removed_Client,Client,src/main/java/teammates/ui/webapi/GetCoursesAction.java
teammates,removed_Client,Client,src/main/java/teammates/ui/webapi/GetFeedbackQuestionsAction.java
teammates,removed_Client,Client,src/main/java/teammates/ui/webapi/GetFeedbackResponseCommentAction.java
teammates,removed_Client,Client,src/main/java/teammates/ui/webapi/GetFeedbackResponsesAction.java
teammates,removed_Client,Client,src/main/java/teammates/ui/webapi/GetFeedbackSessionSubmittedGiverSetAction.java
teammates,removed_Client,Client,src/main/java/teammates/ui/webapi/GetFeedbackSessionsAction.java
teammates,removed_Client,Client,src/main/java/teammates/ui/webapi/GetInstructorsAction.java
teammates,removed_Client,Client,src/main/java/teammates/ui/webapi/GetNotificationAction.java
teammates,removed_Client,Client,src/main/java/teammates/ui/webapi/GetRegkeyValidityAction.java
teammates,removed_Client,Client,src/main/java/teammates/ui/webapi/GetStudentAction.java
teammates,removed_Client,Client,src/main/java/teammates/ui/webapi/GetStudentsAction.java
teammates,removed_Client,Client,src/main/java/teammates/ui/webapi/InstructorSearchIndexingWorkerAction.java
teammates,removed_Client,Client,src/main/java/teammates/ui/webapi/MarkNotificationAsReadAction.java
teammates,removed_Client,Client,src/main/java/teammates/ui/webapi/PublishFeedbackSessionAction.java
teammates,removed_Client,Client,src/main/java/teammates/ui/webapi/PutDataBundleDocumentsAction.java
teammates,removed_Client,Client,src/main/java/teammates/ui/webapi/QueryLogsAction.java
teammates,removed_Client,Client,src/main/java/teammates/ui/webapi/RegenerateInstructorKeyAction.java
teammates,removed_Client,Client,src/main/java/teammates/ui/webapi/ResetAccountAction.java
teammates,removed_Client,Client,src/main/java/teammates/ui/webapi/RestoreFeedbackSessionAction.java
teammates,removed_Client,Client,src/main/java/teammates/ui/webapi/SearchStudentsAction.java
teammates,removed_Client,Client,src/main/java/teammates/ui/webapi/SendEmailWorkerAction.java
teammates,removed_Client,Client,src/main/java/teammates/ui/webapi/SendErrorReportAction.java
teammates,removed_Client,Client,src/main/java/teammates/ui/webapi/SendJoinReminderEmailAction.java
teammates,removed_Client,Client,src/main/java/teammates/ui/webapi/SessionLinksRecoveryAction.java
teammates,removed_Client,Client,src/main/java/teammates/ui/webapi/StudentCourseJoinEmailWorkerAction.java
teammates,removed_Client,Client,src/main/java/teammates/ui/webapi/StudentSearchIndexingWorkerAction.java
teammates,removed_Client,Client,src/main/java/teammates/ui/webapi/UpdateCourseAction.java
teammates,removed_Client,Client,src/main/java/teammates/ui/webapi/UpdateFeedbackResponseCommentAction.java
teammates,removed_Client,Client,src/main/java/teammates/ui/webapi/UpdateInstructorAction.java
teammates,removed_Client,Client,src/main/java/teammates/ui/webapi/UpdateNotificationAction.java
teammates,removed_Client,Client,src/main/java/teammates/ui/webapi/package-info.java
teammates,removed_Common,Common,src/lnp/java/teammates/lnp/util/package-info.java
teammates,removed_Common,Common,src/main/java/teammates/common/datatransfer/AttributesDeletionQuery.java
teammates,removed_Common,Common,src/main/java/teammates/common/datatransfer/CourseRoster.java
teammates,removed_Common,Common,src/main/java/teammates/common/datatransfer/DataBundle.java
teammates,removed_Common,Common,src/main/java/teammates/common/datatransfer/ErrorLogEntry.java
teammates,removed_Common,Common,src/main/java/teammates/common/datatransfer/FeedbackParticipantType.java
teammates,removed_Common,Common,src/main/java/teammates/common/datatransfer/FeedbackQuestionRecipient.java
teammates,removed_Common,Common,src/main/java/teammates/common/datatransfer/FeedbackResultFetchType.java
teammates,removed_Common,Common,src/main/java/teammates/common/datatransfer/FeedbackSessionLogEntry.java
teammates,removed_Common,Common,src/main/java/teammates/common/datatransfer/InstructorPermissionSet.java
teammates,removed_Common,Common,src/main/java/teammates/common/datatransfer/InstructorPrivileges.java
teammates,removed_Common,Common,src/main/java/teammates/common/datatransfer/InstructorPrivilegesLegacy.java
teammates,removed_Common,Common,src/main/java/teammates/common/datatransfer/NotificationStyle.java
teammates,removed_Common,Common,src/main/java/teammates/common/datatransfer/NotificationTargetUser.java
teammates,removed_Common,Common,src/main/java/teammates/common/datatransfer/QueryLogsResults.java
teammates,removed_Common,Common,src/main/java/teammates/common/datatransfer/SessionResultsBundle.java
teammates,removed_Common,Common,src/main/java/teammates/common/datatransfer/TeamEvalResult.java
teammates,removed_Common,Common,src/main/java/teammates/common/datatransfer/UserInfo.java
teammates,removed_Common,Common,src/main/java/teammates/common/datatransfer/UserInfoCookie.java
teammates,removed_Common,Common,src/main/java/teammates/common/datatransfer/attributes/AccountAttributes.java
teammates,removed_Common,Common,src/main/java/teammates/common/datatransfer/attributes/AccountRequestAttributes.java
teammates,removed_Common,Common,src/main/java/teammates/common/datatransfer/attributes/CourseAttributes.java
teammates,removed_Common,Common,src/main/java/teammates/common/datatransfer/attributes/DeadlineExtensionAttributes.java
teammates,removed_Common,Common,src/main/java/teammates/common/datatransfer/attributes/EntityAttributes.java
teammates,removed_Common,Common,src/main/java/teammates/common/datatransfer/attributes/FeedbackQuestionAttributes.java
teammates,removed_Common,Common,src/main/java/teammates/common/datatransfer/attributes/FeedbackResponseAttributes.java
teammates,removed_Common,Common,src/main/java/teammates/common/datatransfer/attributes/FeedbackResponseCommentAttributes.java
teammates,removed_Common,Common,src/main/java/teammates/common/datatransfer/attributes/FeedbackSessionAttributes.java
teammates,removed_Common,Common,src/main/java/teammates/common/datatransfer/attributes/InstructorAttributes.java
teammates,removed_Common,Common,src/main/java/teammates/common/datatransfer/attributes/NotificationAttributes.java
teammates,removed_Common,Common,src/main/java/teammates/common/datatransfer/attributes/StudentAttributes.java
teammates,removed_Common,Common,src/main/java/teammates/common/datatransfer/attributes/UsageStatisticsAttributes.java
teammates,removed_Common,Common,src/main/java/teammates/common/datatransfer/attributes/package-info.java
teammates,removed_Common,Common,src/main/java/teammates/common/datatransfer/logs/DefaultLogDetails.java
teammates,removed_Common,Common,src/main/java/teammates/common/datatransfer/logs/EmailSentLogDetails.java
teammates,removed_Common,Common,src/main/java/teammates/common/datatransfer/logs/ExceptionLogDetails.java
teammates,removed_Common,Common,src/main/java/teammates/common/datatransfer/logs/FeedbackSessionAuditLogDetails.java
teammates,removed_Common,Common,src/main/java/teammates/common/datatransfer/logs/FeedbackSessionLogType.java
teammates,removed_Common,Common,src/main/java/teammates/common/datatransfer/logs/GeneralLogEntry.java
teammates,removed_Common,Common,src/main/java/teammates/common/datatransfer/logs/InstanceLogDetails.java
teammates,removed_Common,Common,src/main/java/teammates/common/datatransfer/logs/LogDetails.java
teammates,removed_Common,Common,src/main/java/teammates/common/datatransfer/logs/LogEvent.java
teammates,removed_Common,Common,src/main/java/teammates/common/datatransfer/logs/LogSeverity.java
teammates,removed_Common,Common,src/main/java/teammates/common/datatransfer/logs/QueryLogsParams.java
teammates,removed_Common,Common,src/main/java/teammates/common/datatransfer/logs/RequestLogDetails.java
teammates,removed_Common,Common,src/main/java/teammates/common/datatransfer/logs/RequestLogUser.java
teammates,removed_Common,Common,src/main/java/teammates/common/datatransfer/logs/SourceLocation.java
teammates,removed_Common,Common,src/main/java/teammates/common/datatransfer/logs/package-info.java
teammates,removed_Common,Common,src/main/java/teammates/common/datatransfer/package-info.java
teammates,removed_Common,Common,src/main/java/teammates/common/datatransfer/questions/FeedbackConstantSumDistributePointsType.java
teammates,removed_Common,Common,src/main/java/teammates/common/datatransfer/questions/FeedbackConstantSumQuestionDetails.java
teammates,removed_Common,Common,src/main/java/teammates/common/datatransfer/questions/FeedbackConstantSumResponseDetails.java
teammates,removed_Common,Common,src/main/java/teammates/common/datatransfer/questions/FeedbackContributionQuestionDetails.java
teammates,removed_Common,Common,src/main/java/teammates/common/datatransfer/questions/FeedbackContributionResponseDetails.java
teammates,removed_Common,Common,src/main/java/teammates/common/datatransfer/questions/FeedbackMcqQuestionDetails.java
teammates,removed_Common,Common,src/main/java/teammates/common/datatransfer/questions/FeedbackMcqResponseDetails.java
teammates,removed_Common,Common,src/main/java/teammates/common/datatransfer/questions/FeedbackMsqQuestionDetails.java
teammates,removed_Common,Common,src/main/java/teammates/common/datatransfer/questions/FeedbackMsqResponseDetails.java
teammates,removed_Common,Common,src/main/java/teammates/common/datatransfer/questions/FeedbackNumericalScaleQuestionDetails.java
teammates,removed_Common,Common,src/main/java/teammates/common/datatransfer/questions/FeedbackNumericalScaleResponseDetails.java
teammates,removed_Common,Common,src/main/java/teammates/common/datatransfer/questions/FeedbackQuestionDetails.java
teammates,removed_Common,Common,src/main/java/teammates/common/datatransfer/questions/FeedbackQuestionType.java
teammates,removed_Common,Common,src/main/java/teammates/common/datatransfer/questions/FeedbackRankOptionsQuestionDetails.java
teammates,removed_Common,Common,src/main/java/teammates/common/datatransfer/questions/FeedbackRankOptionsResponseDetails.java
teammates,removed_Common,Common,src/main/java/teammates/common/datatransfer/questions/FeedbackRankQuestionDetails.java
teammates,removed_Common,Common,src/main/java/teammates/common/datatransfer/questions/FeedbackRankRecipientsResponseDetails.java
teammates,removed_Common,Common,src/main/java/teammates/common/datatransfer/questions/FeedbackResponseDetails.java
teammates,removed_Common,Common,src/main/java/teammates/common/datatransfer/questions/FeedbackRubricQuestionDetails.java
teammates,removed_Common,Common,src/main/java/teammates/common/datatransfer/questions/FeedbackRubricResponseDetails.java
teammates,removed_Common,Common,src/main/java/teammates/common/datatransfer/questions/FeedbackTextQuestionDetails.java
teammates,removed_Common,Common,src/main/java/teammates/common/datatransfer/questions/FeedbackTextResponseDetails.java
teammates,removed_Common,Common,src/main/java/teammates/common/datatransfer/questions/package-info.java
teammates,removed_Common,Common,src/main/java/teammates/common/exception/AuthException.java
teammates,removed_Common,Common,src/main/java/teammates/common/exception/DeadlineExceededException.java
teammates,removed_Common,Common,src/main/java/teammates/common/exception/EmailSendingException.java
teammates,removed_Common,Common,src/main/java/teammates/common/exception/EnrollException.java
teammates,removed_Common,Common,src/main/java/teammates/common/exception/EntityAlreadyExistsException.java
teammates,removed_Common,Common,src/main/java/teammates/common/exception/EntityDoesNotExistException.java
teammates,removed_Common,Common,src/main/java/teammates/common/exception/HttpRequestFailedException.java
teammates,removed_Common,Common,src/main/java/teammates/common/exception/InstructorUpdateException.java
teammates,removed_Common,Common,src/main/java/teammates/common/exception/InvalidParametersException.java
teammates,removed_Common,Common,src/main/java/teammates/common/exception/SearchServiceException.java
teammates,removed_Common,Common,src/main/java/teammates/common/exception/package-info.java
teammates,removed_Common,Common,src/main/java/teammates/common/util/AppUrl.java
teammates,removed_Common,Common,src/main/java/teammates/common/util/Config.java
teammates,removed_Common,Common,src/main/java/teammates/common/util/Const.java
teammates,removed_Common,Common,src/main/java/teammates/common/util/EmailSendingStatus.java
teammates,removed_Common,Common,src/main/java/teammates/common/util/EmailType.java
teammates,removed_Common,Common,src/main/java/teammates/common/util/EmailWrapper.java
teammates,removed_Common,Common,src/main/java/teammates/common/util/FileHelper.java
teammates,removed_Common,Common,src/main/java/teammates/common/util/HttpRequest.java
teammates,removed_Common,Common,src/main/java/teammates/common/util/HttpRequestHelper.java
teammates,removed_Common,Common,src/main/java/teammates/common/util/JsonUtils.java
teammates,removed_Common,Common,src/main/java/teammates/common/util/Logger.java
teammates,removed_Common,Common,src/main/java/teammates/common/util/RequestTracer.java
teammates,removed_Common,Common,src/main/java/teammates/common/util/SanitizationHelper.java
teammates,removed_Common,Common,src/main/java/teammates/common/util/StdOutConsoleHandler.java
teammates,removed_Common,Common,src/main/java/teammates/common/util/StringHelper.java
teammates,removed_Common,Common,src/main/java/teammates/common/util/TaskWrapper.java
teammates,removed_Common,Common,src/main/java/teammates/common/util/Templates.java
teammates,removed_Common,Common,src/main/java/teammates/common/util/TimeHelper.java
teammates,removed_Common,Common,src/main/java/teammates/common/util/TzdbResourceZoneRulesProvider.java
teammates,removed_Common,Common,src/main/java/teammates/common/util/Url.java
teammates,removed_Common,Common,src/main/java/teammates/common/util/package-info.java
teammates,removed_Common,Common,src/main/java/teammates/logic/external/EmailSenderService.java
teammates,removed_Common,Common,src/main/java/teammates/logic/external/LocalLoggingService.java
teammates,removed_Common,Common,src/main/java/teammates/logic/external/TaskQueueService.java
teammates,removed_Common,Common,src/main/java/teammates/main/Application.java
teammates,removed_Common,Common,src/main/java/teammates/main/package-info.java
teammates,removed_Common,Common,src/main/java/teammates/ui/constants/ApiConst.java
teammates,removed_Common,Common,src/main/java/teammates/ui/constants/ResourceEndpoints.java
teammates,removed_Common,Common,src/main/java/teammates/ui/constants/package-info.java
teammates,removed_Common,Common,src/main/java/teammates/ui/request/FeedbackSessionCreateRequest.java
teammates,removed_Common,Common,src/main/java/teammates/ui/request/FeedbackSessionRespondentRemindRequest.java
teammates,removed_Common,Common,src/main/java/teammates/ui/request/InvalidHttpRequestBodyException.java
teammates,removed_Common,Common,src/main/java/teammates/ui/request/MarkNotificationAsReadRequest.java
teammates,removed_Common,Common,src/main/java/teammates/ui/request/package-info.java
teammates,removed_Common,Common,src/main/java/teammates/ui/servlets/OriginCheckFilter.java
teammates,removed_Common,Common,src/main/java/teammates/ui/servlets/RequestTraceFilter.java
teammates,removed_Common,Common,src/main/java/teammates/ui/servlets/package-info.java
teammates,removed_Common,Common,src/main/java/teammates/ui/webapi/AccountRequestSearchIndexingWorkerAction.java
teammates,removed_Common,Common,src/main/java/teammates/ui/webapi/ActionFactory.java
teammates,removed_Common,Common,src/main/java/teammates/ui/webapi/ActionMappingException.java
teammates,removed_Common,Common,src/main/java/teammates/ui/webapi/ActionResult.java
teammates,removed_Common,Common,src/main/java/teammates/ui/webapi/AdminExceptionTestAction.java
teammates,removed_Common,Common,src/main/java/teammates/ui/webapi/AuthType.java
teammates,removed_Common,Common,src/main/java/teammates/ui/webapi/BinCourseAction.java
teammates,removed_Common,Common,src/main/java/teammates/ui/webapi/CompileLogsAction.java
teammates,removed_Common,Common,src/main/java/teammates/ui/webapi/CreateAccountAction.java
teammates,removed_Common,Common,src/main/java/teammates/ui/webapi/CreateFeedbackQuestionAction.java
teammates,removed_Common,Common,src/main/java/teammates/ui/webapi/CreateFeedbackSessionLogAction.java
teammates,removed_Common,Common,src/main/java/teammates/ui/webapi/DeleteCourseAction.java
teammates,removed_Common,Common,src/main/java/teammates/ui/webapi/DeleteInstructorAction.java
teammates,removed_Common,Common,src/main/java/teammates/ui/webapi/DeleteNotificationAction.java
teammates,removed_Common,Common,src/main/java/teammates/ui/webapi/DeleteStudentAction.java
teammates,removed_Common,Common,src/main/java/teammates/ui/webapi/DeleteStudentsAction.java
teammates,removed_Common,Common,src/main/java/teammates/ui/webapi/EnrollStudentsAction.java
teammates,removed_Common,Common,src/main/java/teammates/ui/webapi/EntityNotFoundException.java
teammates,removed_Common,Common,src/main/java/teammates/ui/webapi/FeedbackSessionClosedRemindersAction.java
teammates,removed_Common,Common,src/main/java/teammates/ui/webapi/FeedbackSessionPublishedEmailWorkerAction.java
teammates,removed_Common,Common,src/main/java/teammates/ui/webapi/FeedbackSessionPublishedRemindersAction.java
teammates,removed_Common,Common,src/main/java/teammates/ui/webapi/FeedbackSessionRemindParticularUsersEmailWorkerAction.java
teammates,removed_Common,Common,src/main/java/teammates/ui/webapi/FeedbackSessionResendPublishedEmailWorkerAction.java
teammates,removed_Common,Common,src/main/java/teammates/ui/webapi/GenerateEmailAction.java
teammates,removed_Common,Common,src/main/java/teammates/ui/webapi/GetAccountsAction.java
teammates,removed_Common,Common,src/main/java/teammates/ui/webapi/GetAuthInfoAction.java
teammates,removed_Common,Common,src/main/java/teammates/ui/webapi/GetCourseAction.java
teammates,removed_Common,Common,src/main/java/teammates/ui/webapi/GetFeedbackResponsesAction.java
teammates,removed_Common,Common,src/main/java/teammates/ui/webapi/GetFeedbackSessionAction.java
teammates,removed_Common,Common,src/main/java/teammates/ui/webapi/GetFeedbackSessionLogsAction.java
teammates,removed_Common,Common,src/main/java/teammates/ui/webapi/GetHasResponsesAction.java
teammates,removed_Common,Common,src/main/java/teammates/ui/webapi/GetNotificationAction.java
teammates,removed_Common,Common,src/main/java/teammates/ui/webapi/GetOngoingSessionsAction.java
teammates,removed_Common,Common,src/main/java/teammates/ui/webapi/GetReadNotificationsAction.java
teammates,removed_Common,Common,src/main/java/teammates/ui/webapi/GetSessionResponseStatsAction.java
teammates,removed_Common,Common,src/main/java/teammates/ui/webapi/GetSessionResultsAction.java
teammates,removed_Common,Common,src/main/java/teammates/ui/webapi/GetStudentAction.java
teammates,removed_Common,Common,src/main/java/teammates/ui/webapi/GetUsageStatisticsAction.java
teammates,removed_Common,Common,src/main/java/teammates/ui/webapi/GetUserCookieAction.java
teammates,removed_Common,Common,src/main/java/teammates/ui/webapi/InvalidHttpParameterException.java
teammates,removed_Common,Common,src/main/java/teammates/ui/webapi/InvalidOperationException.java
teammates,removed_Common,Common,src/main/java/teammates/ui/webapi/JsonResult.java
teammates,removed_Common,Common,src/main/java/teammates/ui/webapi/MarkNotificationAsReadAction.java
teammates,removed_Common,Common,src/main/java/teammates/ui/webapi/PutDataBundleAction.java
teammates,removed_Common,Common,src/main/java/teammates/ui/webapi/PutDataBundleDocumentsAction.java
teammates,removed_Common,Common,src/main/java/teammates/ui/webapi/ResetAccountRequestAction.java
teammates,removed_Common,Common,src/main/java/teammates/ui/webapi/RestoreFeedbackSessionAction.java
teammates,removed_Common,Common,src/main/java/teammates/ui/webapi/SearchInstructorsAction.java
teammates,removed_Common,Common,src/main/java/teammates/ui/webapi/SendEmailWorkerAction.java
teammates,removed_Common,Common,src/main/java/teammates/ui/webapi/SendErrorReportAction.java
teammates,removed_Common,Common,src/main/java/teammates/ui/webapi/SendJoinReminderEmailAction.java
teammates,removed_Common,Common,src/main/java/teammates/ui/webapi/StudentCourseJoinEmailWorkerAction.java
teammates,removed_Common,Common,src/main/java/teammates/ui/webapi/StudentSearchIndexingWorkerAction.java
teammates,removed_Common,Common,src/main/java/teammates/ui/webapi/UnauthorizedAccessException.java
teammates,removed_Common,Common,src/main/java/teammates/ui/webapi/UnpublishFeedbackSessionAction.java
teammates,removed_Common,Common,src/main/java/teammates/ui/webapi/UpdateFeedbackQuestionAction.java
teammates,removed_Common,Common,src/main/java/teammates/ui/webapi/UpdateFeedbackSessionAction.java
teammates,removed_Common,Common,src/main/java/teammates/ui/webapi/UpdateInstructorAction.java
teammates,removed_Common,Common,src/main/java/teammates/ui/webapi/UpdateNotificationAction.java
teammates,removed_Common,Common,src/main/java/teammates/ui/webapi/package-info.java
teammates,removed_E2E,E2E,src/e2e/java/teammates/e2e/cases/AdminAccountsPageE2ETest.java
teammates,removed_E2E,E2E,src/e2e/java/teammates/e2e/cases/AdminHomePageE2ETest.java
teammates,removed_E2E,E2E,src/e2e/java/teammates/e2e/cases/AdminNotificationsPageE2ETest.java
teammates,removed_E2E,E2E,src/e2e/java/teammates/e2e/cases/AdminSearchPageE2ETest.java
teammates,removed_E2E,E2E,src/e2e/java/teammates/e2e/cases/AdminSessionsPageE2ETest.java
teammates,removed_E2E,E2E,src/e2e/java/teammates/e2e/cases/AutomatedSessionRemindersE2ETest.java
teammates,removed_E2E,E2E,src/e2e/java/teammates/e2e/cases/BaseE2ETestCase.java
teammates,removed_E2E,E2E,src/e2e/java/teammates/e2e/cases/BaseFeedbackQuestionE2ETest.java
teammates,removed_E2E,E2E,src/e2e/java/teammates/e2e/cases/FeedbackConstSumOptionQuestionE2ETest.java
teammates,removed_E2E,E2E,src/e2e/java/teammates/e2e/cases/FeedbackConstSumRecipientQuestionE2ETest.java
teammates,removed_E2E,E2E,src/e2e/java/teammates/e2e/cases/FeedbackContributionQuestionE2ETest.java
teammates,removed_E2E,E2E,src/e2e/java/teammates/e2e/cases/FeedbackMcqQuestionE2ETest.java
teammates,removed_E2E,E2E,src/e2e/java/teammates/e2e/cases/FeedbackMsqQuestionE2ETest.java
teammates,removed_E2E,E2E,src/e2e/java/teammates/e2e/cases/FeedbackNumScaleQuestionE2ETest.java
teammates,removed_E2E,E2E,src/e2e/java/teammates/e2e/cases/FeedbackRankOptionQuestionE2ETest.java
teammates,removed_E2E,E2E,src/e2e/java/teammates/e2e/cases/FeedbackRankRecipientQuestionE2ETest.java
teammates,removed_E2E,E2E,src/e2e/java/teammates/e2e/cases/FeedbackResultsPageE2ETest.java
teammates,removed_E2E,E2E,src/e2e/java/teammates/e2e/cases/FeedbackRubricQuestionE2ETest.java
teammates,removed_E2E,E2E,src/e2e/java/teammates/e2e/cases/FeedbackSubmitPageE2ETest.java
teammates,removed_E2E,E2E,src/e2e/java/teammates/e2e/cases/FeedbackTextQuestionE2ETest.java
teammates,removed_E2E,E2E,src/e2e/java/teammates/e2e/cases/InstructorCourseDetailsPageE2ETest.java
teammates,removed_E2E,E2E,src/e2e/java/teammates/e2e/cases/InstructorCourseEditPageE2ETest.java
teammates,removed_E2E,E2E,src/e2e/java/teammates/e2e/cases/InstructorCourseEnrollPageE2ETest.java
teammates,removed_E2E,E2E,src/e2e/java/teammates/e2e/cases/InstructorCourseJoinConfirmationPageE2ETest.java
teammates,removed_E2E,E2E,src/e2e/java/teammates/e2e/cases/InstructorCourseStudentDetailsEditPageE2ETest.java
teammates,removed_E2E,E2E,src/e2e/java/teammates/e2e/cases/InstructorCourseStudentDetailsPageE2ETest.java
teammates,removed_E2E,E2E,src/e2e/java/teammates/e2e/cases/InstructorCoursesPageE2ETest.java
teammates,removed_E2E,E2E,src/e2e/java/teammates/e2e/cases/InstructorFeedbackEditPageE2ETest.java
teammates,removed_E2E,E2E,src/e2e/java/teammates/e2e/cases/InstructorFeedbackReportPageE2ETest.java
teammates,removed_E2E,E2E,src/e2e/java/teammates/e2e/cases/InstructorFeedbackSessionsPageE2ETest.java
teammates,removed_E2E,E2E,src/e2e/java/teammates/e2e/cases/InstructorHomePageE2ETest.java
teammates,removed_E2E,E2E,src/e2e/java/teammates/e2e/cases/InstructorNotificationsPageE2ETest.java
teammates,removed_E2E,E2E,src/e2e/java/teammates/e2e/cases/InstructorSearchPageE2ETest.java
teammates,removed_E2E,E2E,src/e2e/java/teammates/e2e/cases/InstructorSessionIndividualExtensionPageE2ETest.java
teammates,removed_E2E,E2E,src/e2e/java/teammates/e2e/cases/InstructorStudentActivityLogsPageE2ETest.java
teammates,removed_E2E,E2E,src/e2e/java/teammates/e2e/cases/InstructorStudentListPageE2ETest.java
teammates,removed_E2E,E2E,src/e2e/java/teammates/e2e/cases/InstructorStudentRecordsPageE2ETest.java
teammates,removed_E2E,E2E,src/e2e/java/teammates/e2e/cases/NotificationBannerE2ETest.java
teammates,removed_E2E,E2E,src/e2e/java/teammates/e2e/cases/StudentCourseDetailsPageE2ETest.java
teammates,removed_E2E,E2E,src/e2e/java/teammates/e2e/cases/StudentCourseJoinConfirmationPageE2ETest.java
teammates,removed_E2E,E2E,src/e2e/java/teammates/e2e/cases/StudentHomePageE2ETest.java
teammates,removed_E2E,E2E,src/e2e/java/teammates/e2e/cases/StudentNotificationsPageE2ETest.java
teammates,removed_E2E,E2E,src/e2e/java/teammates/e2e/cases/SystemErrorEmailReportE2ETest.java
teammates,removed_E2E,E2E,src/e2e/java/teammates/e2e/cases/TimezoneSyncerTest.java
teammates,removed_E2E,E2E,src/e2e/java/teammates/e2e/cases/axe/AdminAccountsPageAxeTest.java
teammates,removed_E2E,E2E,src/e2e/java/teammates/e2e/cases/axe/AdminHomePageAxeTest.java
teammates,removed_E2E,E2E,src/e2e/java/teammates/e2e/cases/axe/AdminNotificationsPageAxeTest.java
teammates,removed_E2E,E2E,src/e2e/java/teammates/e2e/cases/axe/AdminSearchPageAxeTest.java
teammates,removed_E2E,E2E,src/e2e/java/teammates/e2e/cases/axe/AdminSessionsPageAxeTest.java
teammates,removed_E2E,E2E,src/e2e/java/teammates/e2e/cases/axe/FeedbackResultsPageAxeTest.java
teammates,removed_E2E,E2E,src/e2e/java/teammates/e2e/cases/axe/FeedbackSubmitPageAxeTest.java
teammates,removed_E2E,E2E,src/e2e/java/teammates/e2e/cases/axe/InstructorCourseDetailsPageAxeTest.java
teammates,removed_E2E,E2E,src/e2e/java/teammates/e2e/cases/axe/InstructorCourseEditPageAxeTest.java
teammates,removed_E2E,E2E,src/e2e/java/teammates/e2e/cases/axe/InstructorCourseEnrollPageAxeTest.java
teammates,removed_E2E,E2E,src/e2e/java/teammates/e2e/cases/axe/InstructorCourseJoinConfirmationPageAxeTest.java
teammates,removed_E2E,E2E,src/e2e/java/teammates/e2e/cases/axe/InstructorCourseStudentDetailsEditPageAxeTest.java
teammates,removed_E2E,E2E,src/e2e/java/teammates/e2e/cases/axe/InstructorCourseStudentDetailsPageAxeTest.java
teammates,removed_E2E,E2E,src/e2e/java/teammates/e2e/cases/axe/InstructorCoursesPageAxeTest.java
teammates,removed_E2E,E2E,src/e2e/java/teammates/e2e/cases/axe/InstructorFeedbackEditPageAxeTest.java
teammates,removed_E2E,E2E,src/e2e/java/teammates/e2e/cases/axe/InstructorFeedbackReportPageAxeTest.java
teammates,removed_E2E,E2E,src/e2e/java/teammates/e2e/cases/axe/InstructorFeedbackSessionsPageAxeTest.java
teammates,removed_E2E,E2E,src/e2e/java/teammates/e2e/cases/axe/InstructorHomePageAxeTest.java
teammates,removed_E2E,E2E,src/e2e/java/teammates/e2e/cases/axe/InstructorNotificationsPageAxeTest.java
teammates,removed_E2E,E2E,src/e2e/java/teammates/e2e/cases/axe/InstructorSearchPageAxeTest.java
teammates,removed_E2E,E2E,src/e2e/java/teammates/e2e/cases/axe/InstructorSessionIndividualExtensionPageAxeTest.java
teammates,removed_E2E,E2E,src/e2e/java/teammates/e2e/cases/axe/InstructorStudentActivityLogsPageAxeTest.java
teammates,removed_E2E,E2E,src/e2e/java/teammates/e2e/cases/axe/InstructorStudentListPageAxeTest.java
teammates,removed_E2E,E2E,src/e2e/java/teammates/e2e/cases/axe/InstructorStudentRecordsPageAxeTest.java
teammates,removed_E2E,E2E,src/e2e/java/teammates/e2e/cases/axe/StudentCourseDetailsPageAxeTest.java
teammates,removed_E2E,E2E,src/e2e/java/teammates/e2e/cases/axe/StudentCourseJoinConfirmationPageAxeTest.java
teammates,removed_E2E,E2E,src/e2e/java/teammates/e2e/cases/axe/StudentHomePageAxeTest.java
teammates,removed_E2E,E2E,src/e2e/java/teammates/e2e/cases/axe/StudentNotificationsPageAxeTest.java
teammates,removed_E2E,E2E,src/e2e/java/teammates/e2e/cases/axe/package-info.java
teammates,removed_E2E,E2E,src/e2e/java/teammates/e2e/cases/package-info.java
teammates,removed_E2E,E2E,src/e2e/java/teammates/e2e/pageobjects/AdminAccountsPage.java
teammates,removed_E2E,E2E,src/e2e/java/teammates/e2e/pageobjects/AdminHomePage.java
teammates,removed_E2E,E2E,src/e2e/java/teammates/e2e/pageobjects/AdminNotificationsPage.java
teammates,removed_E2E,E2E,src/e2e/java/teammates/e2e/pageobjects/AdminSearchPage.java
teammates,removed_E2E,E2E,src/e2e/java/teammates/e2e/pageobjects/AdminSessionsPage.java
teammates,removed_E2E,E2E,src/e2e/java/teammates/e2e/pageobjects/AdminTimezonePage.java
teammates,removed_E2E,E2E,src/e2e/java/teammates/e2e/pageobjects/AppPage.java
teammates,removed_E2E,E2E,src/e2e/java/teammates/e2e/pageobjects/Browser.java
teammates,removed_E2E,E2E,src/e2e/java/teammates/e2e/pageobjects/CourseJoinConfirmationPage.java
teammates,removed_E2E,E2E,src/e2e/java/teammates/e2e/pageobjects/DevServerLoginPage.java
teammates,removed_E2E,E2E,src/e2e/java/teammates/e2e/pageobjects/ErrorReportingModal.java
teammates,removed_E2E,E2E,src/e2e/java/teammates/e2e/pageobjects/FeedbackResultsPage.java
teammates,removed_E2E,E2E,src/e2e/java/teammates/e2e/pageobjects/FeedbackSubmitPage.java
teammates,removed_E2E,E2E,src/e2e/java/teammates/e2e/pageobjects/HomePage.java
teammates,removed_E2E,E2E,src/e2e/java/teammates/e2e/pageobjects/IanaTimezonePage.java
teammates,removed_E2E,E2E,src/e2e/java/teammates/e2e/pageobjects/InstructorCourseDetailsPage.java
teammates,removed_E2E,E2E,src/e2e/java/teammates/e2e/pageobjects/InstructorCourseEditPage.java
teammates,removed_E2E,E2E,src/e2e/java/teammates/e2e/pageobjects/InstructorCourseEnrollPage.java
teammates,removed_E2E,E2E,src/e2e/java/teammates/e2e/pageobjects/InstructorCourseStudentDetailsEditPage.java
teammates,removed_E2E,E2E,src/e2e/java/teammates/e2e/pageobjects/InstructorCourseStudentDetailsViewPage.java
teammates,removed_E2E,E2E,src/e2e/java/teammates/e2e/pageobjects/InstructorCoursesPage.java
teammates,removed_E2E,E2E,src/e2e/java/teammates/e2e/pageobjects/InstructorFeedbackEditPage.java
teammates,removed_E2E,E2E,src/e2e/java/teammates/e2e/pageobjects/InstructorFeedbackResultsPage.java
teammates,removed_E2E,E2E,src/e2e/java/teammates/e2e/pageobjects/InstructorFeedbackSessionsPage.java
teammates,removed_E2E,E2E,src/e2e/java/teammates/e2e/pageobjects/InstructorHomePage.java
teammates,removed_E2E,E2E,src/e2e/java/teammates/e2e/pageobjects/InstructorNotificationsPage.java
teammates,removed_E2E,E2E,src/e2e/java/teammates/e2e/pageobjects/InstructorSearchPage.java
teammates,removed_E2E,E2E,src/e2e/java/teammates/e2e/pageobjects/InstructorSessionIndividualExtensionPage.java
teammates,removed_E2E,E2E,src/e2e/java/teammates/e2e/pageobjects/InstructorStudentActivityLogsPage.java
teammates,removed_E2E,E2E,src/e2e/java/teammates/e2e/pageobjects/InstructorStudentListPage.java
teammates,removed_E2E,E2E,src/e2e/java/teammates/e2e/pageobjects/InstructorStudentRecordsPage.java
teammates,removed_E2E,E2E,src/e2e/java/teammates/e2e/pageobjects/StudentCourseDetailsPage.java
teammates,removed_E2E,E2E,src/e2e/java/teammates/e2e/pageobjects/StudentHomePage.java
teammates,removed_E2E,E2E,src/e2e/java/teammates/e2e/pageobjects/StudentNotificationsPage.java
teammates,removed_E2E,E2E,src/e2e/java/teammates/e2e/pageobjects/UserNotificationsPage.java
teammates,removed_E2E,E2E,src/e2e/java/teammates/e2e/pageobjects/package-info.java
teammates,removed_E2E,E2E,src/e2e/java/teammates/e2e/util/AxeUtil.java
teammates,removed_E2E,E2E,src/e2e/java/teammates/e2e/util/BackDoor.java
teammates,removed_E2E,E2E,src/e2e/java/teammates/e2e/util/EmailAccount.java
teammates,removed_E2E,E2E,src/e2e/java/teammates/e2e/util/EmailAccountTest.java
teammates,removed_E2E,E2E,src/e2e/java/teammates/e2e/util/GmailServiceMaker.java
teammates,removed_E2E,E2E,src/e2e/java/teammates/e2e/util/MaximumRetriesExceededException.java
teammates,removed_E2E,E2E,src/e2e/java/teammates/e2e/util/RetryManager.java
teammates,removed_E2E,E2E,src/e2e/java/teammates/e2e/util/Retryable.java
teammates,removed_E2E,E2E,src/e2e/java/teammates/e2e/util/TestDataValidityTest.java
teammates,removed_E2E,E2E,src/e2e/java/teammates/e2e/util/TestNgXmlTest.java
teammates,removed_E2E,E2E,src/e2e/java/teammates/e2e/util/TestProperties.java
teammates,removed_E2E,E2E,src/e2e/java/teammates/e2e/util/TestPropertiesTest.java
teammates,removed_E2E,E2E,src/e2e/java/teammates/e2e/util/package-info.java
teammates,removed_E2E,E2E,src/lnp/java/teammates/lnp/cases/BaseLNPTestCase.java
teammates,removed_E2E,E2E,src/lnp/java/teammates/lnp/cases/FeedbackQuestionUpdateLNPTest.java
teammates,removed_E2E,E2E,src/lnp/java/teammates/lnp/cases/FeedbackSessionSubmitLNPTest.java
teammates,removed_E2E,E2E,src/lnp/java/teammates/lnp/cases/FeedbackSessionViewLNPTest.java
teammates,removed_E2E,E2E,src/lnp/java/teammates/lnp/cases/InstructorCourseUpdateLNPTest.java
teammates,removed_E2E,E2E,src/lnp/java/teammates/lnp/cases/InstructorSessionResultLNPTest.java
teammates,removed_E2E,E2E,src/lnp/java/teammates/lnp/cases/InstructorStudentCascadingUpdateLNPTest.java
teammates,removed_E2E,E2E,src/lnp/java/teammates/lnp/cases/InstructorStudentEnrollmentLNPTest.java
teammates,removed_E2E,E2E,src/lnp/java/teammates/lnp/cases/InstructorUpdateLNPTest.java
teammates,removed_E2E,E2E,src/lnp/java/teammates/lnp/cases/StudentEmailUpdateLNPTest.java
teammates,removed_E2E,E2E,src/lnp/java/teammates/lnp/cases/StudentSectionUpdateLNPTest.java
teammates,removed_E2E,E2E,src/lnp/java/teammates/lnp/cases/StudentTeamUpdateLNPTest.java
teammates,removed_E2E,E2E,src/lnp/java/teammates/lnp/cases/package-info.java
teammates,removed_E2E,E2E,src/lnp/java/teammates/lnp/util/BackDoor.java
teammates,removed_E2E,E2E,src/lnp/java/teammates/lnp/util/JMeterElements.java
teammates,removed_E2E,E2E,src/lnp/java/teammates/lnp/util/LNPResultsStatistics.java
teammates,removed_E2E,E2E,src/lnp/java/teammates/lnp/util/LNPSpecification.java
teammates,removed_E2E,E2E,src/lnp/java/teammates/lnp/util/LNPTestData.java
teammates,removed_E2E,E2E,src/lnp/java/teammates/lnp/util/TestProperties.java
teammates,removed_E2E,E2E,src/lnp/java/teammates/lnp/util/package-info.java
teammates,removed_E2E,E2E,src/main/java/teammates/logic/external/FirebaseAuthService.java
teammates,removed_E2E,E2E,src/main/java/teammates/logic/external/LocalTaskQueueService.java
teammates,removed_E2E,E2E,src/main/java/teammates/logic/external/package-info.java
teammates,removed_E2E,E2E,src/main/java/teammates/main/Application.java
teammates,removed_E2E,E2E,src/main/java/teammates/main/package-info.java
teammates,removed_E2E,E2E,src/main/java/teammates/storage/api/DatastoreEmulatorRunner.java
teammates,removed_E2E,E2E,src/main/java/teammates/storage/entity/BaseEntity.java
teammates,removed_E2E,E2E,src/main/java/teammates/storage/entity/UsageStatistics.java
teammates,removed_E2E,E2E,src/main/java/teammates/ui/request/FeedbackQuestionBasicRequest.java
teammates,removed_E2E,E2E,src/main/java/teammates/ui/request/SendEmailRequest.java
teammates,removed_E2E,E2E,src/main/java/teammates/ui/request/package-info.java
teammates,removed_E2E,E2E,src/main/java/teammates/ui/servlets/AuthServlet.java
teammates,removed_E2E,E2E,src/main/java/teammates/ui/servlets/HealthCheckServlet.java
teammates,removed_E2E,E2E,src/main/java/teammates/ui/servlets/LogoutServlet.java
teammates,removed_E2E,E2E,src/main/java/teammates/ui/servlets/OriginCheckFilter.java
teammates,removed_E2E,E2E,src/main/java/teammates/ui/servlets/WebApiServlet.java
teammates,removed_E2E,E2E,src/main/java/teammates/ui/servlets/WebSecurityHeaderFilter.java
teammates,removed_E2E,E2E,src/main/java/teammates/ui/servlets/package-info.java
teammates,removed_E2E,E2E,src/main/java/teammates/ui/webapi/AccountRequestSearchIndexingWorkerAction.java
teammates,removed_E2E,E2E,src/main/java/teammates/ui/webapi/Action.java
teammates,removed_E2E,E2E,src/main/java/teammates/ui/webapi/ActionFactory.java
teammates,removed_E2E,E2E,src/main/java/teammates/ui/webapi/ActionResult.java
teammates,removed_E2E,E2E,src/main/java/teammates/ui/webapi/AdminExceptionTestAction.java
teammates,removed_E2E,E2E,src/main/java/teammates/ui/webapi/ArchiveCourseAction.java
teammates,removed_E2E,E2E,src/main/java/teammates/ui/webapi/BinFeedbackSessionAction.java
teammates,removed_E2E,E2E,src/main/java/teammates/ui/webapi/CompileLogsAction.java
teammates,removed_E2E,E2E,src/main/java/teammates/ui/webapi/CreateAccountAction.java
teammates,removed_E2E,E2E,src/main/java/teammates/ui/webapi/CreateAccountRequestAction.java
teammates,removed_E2E,E2E,src/main/java/teammates/ui/webapi/CreateCourseAction.java
teammates,removed_E2E,E2E,src/main/java/teammates/ui/webapi/CreateFeedbackQuestionAction.java
teammates,removed_E2E,E2E,src/main/java/teammates/ui/webapi/CreateFeedbackResponseCommentAction.java
teammates,removed_E2E,E2E,src/main/java/teammates/ui/webapi/CreateFeedbackSessionLogAction.java
teammates,removed_E2E,E2E,src/main/java/teammates/ui/webapi/CreateInstructorAction.java
teammates,removed_E2E,E2E,src/main/java/teammates/ui/webapi/DeleteAccountAction.java
teammates,removed_E2E,E2E,src/main/java/teammates/ui/webapi/DeleteAccountRequestAction.java
teammates,removed_E2E,E2E,src/main/java/teammates/ui/webapi/DeleteDataBundleAction.java
teammates,removed_E2E,E2E,src/main/java/teammates/ui/webapi/DeleteFeedbackQuestionAction.java
teammates,removed_E2E,E2E,src/main/java/teammates/ui/webapi/DeleteFeedbackResponseCommentAction.java
teammates,removed_E2E,E2E,src/main/java/teammates/ui/webapi/DeleteStudentAction.java
teammates,removed_E2E,E2E,src/main/java/teammates/ui/webapi/DeleteStudentsAction.java
teammates,removed_E2E,E2E,src/main/java/teammates/ui/webapi/FeedbackSessionClosedRemindersAction.java
teammates,removed_E2E,E2E,src/main/java/teammates/ui/webapi/FeedbackSessionOpeningSoonRemindersAction.java
teammates,removed_E2E,E2E,src/main/java/teammates/ui/webapi/FeedbackSessionPublishedRemindersAction.java
teammates,removed_E2E,E2E,src/main/java/teammates/ui/webapi/FeedbackSessionRemindParticularUsersEmailWorkerAction.java
teammates,removed_E2E,E2E,src/main/java/teammates/ui/webapi/FeedbackSessionResendPublishedEmailWorkerAction.java
teammates,removed_E2E,E2E,src/main/java/teammates/ui/webapi/GenerateEmailAction.java
teammates,removed_E2E,E2E,src/main/java/teammates/ui/webapi/GetAccountAction.java
teammates,removed_E2E,E2E,src/main/java/teammates/ui/webapi/GetCourseAction.java
teammates,removed_E2E,E2E,src/main/java/teammates/ui/webapi/GetCourseJoinStatusAction.java
teammates,removed_E2E,E2E,src/main/java/teammates/ui/webapi/GetCourseSectionNamesAction.java
teammates,removed_E2E,E2E,src/main/java/teammates/ui/webapi/GetCoursesAction.java
teammates,removed_E2E,E2E,src/main/java/teammates/ui/webapi/GetFeedbackQuestionRecipientsAction.java
teammates,removed_E2E,E2E,src/main/java/teammates/ui/webapi/GetFeedbackResponseCommentAction.java
teammates,removed_E2E,E2E,src/main/java/teammates/ui/webapi/GetFeedbackResponsesAction.java
teammates,removed_E2E,E2E,src/main/java/teammates/ui/webapi/GetFeedbackSessionAction.java
teammates,removed_E2E,E2E,src/main/java/teammates/ui/webapi/GetFeedbackSessionSubmittedGiverSetAction.java
teammates,removed_E2E,E2E,src/main/java/teammates/ui/webapi/GetFeedbackSessionsAction.java
teammates,removed_E2E,E2E,src/main/java/teammates/ui/webapi/GetHasResponsesAction.java
teammates,removed_E2E,E2E,src/main/java/teammates/ui/webapi/GetNotificationAction.java
teammates,removed_E2E,E2E,src/main/java/teammates/ui/webapi/GetReadNotificationsAction.java
teammates,removed_E2E,E2E,src/main/java/teammates/ui/webapi/GetRegkeyValidityAction.java
teammates,removed_E2E,E2E,src/main/java/teammates/ui/webapi/GetStudentAction.java
teammates,removed_E2E,E2E,src/main/java/teammates/ui/webapi/GetStudentsAction.java
teammates,removed_E2E,E2E,src/main/java/teammates/ui/webapi/GetTimeZonesAction.java
teammates,removed_E2E,E2E,src/main/java/teammates/ui/webapi/GetUsageStatisticsAction.java
teammates,removed_E2E,E2E,src/main/java/teammates/ui/webapi/InstructorSearchIndexingWorkerAction.java
teammates,removed_E2E,E2E,src/main/java/teammates/ui/webapi/JsonResult.java
teammates,removed_E2E,E2E,src/main/java/teammates/ui/webapi/MarkNotificationAsReadAction.java
teammates,removed_E2E,E2E,src/main/java/teammates/ui/webapi/PutDataBundleAction.java
teammates,removed_E2E,E2E,src/main/java/teammates/ui/webapi/PutDataBundleDocumentsAction.java
teammates,removed_E2E,E2E,src/main/java/teammates/ui/webapi/QueryLogsAction.java
teammates,removed_E2E,E2E,src/main/java/teammates/ui/webapi/RemindFeedbackSessionResultAction.java
teammates,removed_E2E,E2E,src/main/java/teammates/ui/webapi/ResetAccountAction.java
teammates,removed_E2E,E2E,src/main/java/teammates/ui/webapi/SearchInstructorsAction.java
teammates,removed_E2E,E2E,src/main/java/teammates/ui/webapi/SearchStudentsAction.java
teammates,removed_E2E,E2E,src/main/java/teammates/ui/webapi/SendEmailWorkerAction.java
teammates,removed_E2E,E2E,src/main/java/teammates/ui/webapi/SendLoginEmailAction.java
teammates,removed_E2E,E2E,src/main/java/teammates/ui/webapi/StudentCourseJoinEmailWorkerAction.java
teammates,removed_E2E,E2E,src/main/java/teammates/ui/webapi/StudentSearchIndexingWorkerAction.java
teammates,removed_E2E,E2E,src/main/java/teammates/ui/webapi/UnpublishFeedbackSessionAction.java
teammates,removed_E2E,E2E,src/main/java/teammates/ui/webapi/UpdateInstructorAction.java
teammates,removed_E2E,E2E,src/main/java/teammates/ui/webapi/UpdateStudentAction.java
teammates,removed_Logic,Logic,src/main/java/teammates/logic/api/AuthProxy.java
teammates,removed_Logic,Logic,src/main/java/teammates/logic/api/EmailGenerator.java
teammates,removed_Logic,Logic,src/main/java/teammates/logic/api/EmailSender.java
teammates,removed_Logic,Logic,src/main/java/teammates/logic/api/Logic.java
teammates,removed_Logic,Logic,src/main/java/teammates/logic/api/LogsProcessor.java
teammates,removed_Logic,Logic,src/main/java/teammates/logic/api/RecaptchaVerifier.java
teammates,removed_Logic,Logic,src/main/java/teammates/logic/api/TaskQueuer.java
teammates,removed_Logic,Logic,src/main/java/teammates/logic/api/UserProvision.java
teammates,removed_Logic,Logic,src/main/java/teammates/logic/api/package-info.java
teammates,removed_Logic,Logic,src/main/java/teammates/logic/core/AccountRequestsLogic.java
teammates,removed_Logic,Logic,src/main/java/teammates/logic/core/AccountsLogic.java
teammates,removed_Logic,Logic,src/main/java/teammates/logic/core/CoursesLogic.java
teammates,removed_Logic,Logic,src/main/java/teammates/logic/core/DataBundleLogic.java
teammates,removed_Logic,Logic,src/main/java/teammates/logic/core/DeadlineExtensionsLogic.java
teammates,removed_Logic,Logic,src/main/java/teammates/logic/core/FeedbackQuestionsLogic.java
teammates,removed_Logic,Logic,src/main/java/teammates/logic/core/FeedbackResponseCommentsLogic.java
teammates,removed_Logic,Logic,src/main/java/teammates/logic/core/FeedbackResponsesLogic.java
teammates,removed_Logic,Logic,src/main/java/teammates/logic/core/FeedbackSessionsLogic.java
teammates,removed_Logic,Logic,src/main/java/teammates/logic/core/InstructorsLogic.java
teammates,removed_Logic,Logic,src/main/java/teammates/logic/core/LogicStarter.java
teammates,removed_Logic,Logic,src/main/java/teammates/logic/core/NotificationsLogic.java
teammates,removed_Logic,Logic,src/main/java/teammates/logic/core/StudentsLogic.java
teammates,removed_Logic,Logic,src/main/java/teammates/logic/core/UsageStatisticsLogic.java
teammates,removed_Logic,Logic,src/main/java/teammates/logic/core/package-info.java
teammates,removed_Logic,Logic,src/main/java/teammates/logic/external/AuthService.java
teammates,removed_Logic,Logic,src/main/java/teammates/logic/external/EmailSenderService.java
teammates,removed_Logic,Logic,src/main/java/teammates/logic/external/EmptyAuthService.java
teammates,removed_Logic,Logic,src/main/java/teammates/logic/external/EmptyEmailService.java
teammates,removed_Logic,Logic,src/main/java/teammates/logic/external/EmptyRecaptchaService.java
teammates,removed_Logic,Logic,src/main/java/teammates/logic/external/FirebaseAuthService.java
teammates,removed_Logic,Logic,src/main/java/teammates/logic/external/GoogleCloudLoggingService.java
teammates,removed_Logic,Logic,src/main/java/teammates/logic/external/GoogleCloudTasksService.java
teammates,removed_Logic,Logic,src/main/java/teammates/logic/external/GoogleRecaptchaService.java
teammates,removed_Logic,Logic,src/main/java/teammates/logic/external/LocalLoggingService.java
teammates,removed_Logic,Logic,src/main/java/teammates/logic/external/LocalTaskQueueService.java
teammates,removed_Logic,Logic,src/main/java/teammates/logic/external/LogService.java
teammates,removed_Logic,Logic,src/main/java/teammates/logic/external/MailgunService.java
teammates,removed_Logic,Logic,src/main/java/teammates/logic/external/MailjetService.java
teammates,removed_Logic,Logic,src/main/java/teammates/logic/external/RecaptchaService.java
teammates,removed_Logic,Logic,src/main/java/teammates/logic/external/SendgridService.java
teammates,removed_Logic,Logic,src/main/java/teammates/logic/external/TaskQueueService.java
teammates,removed_Logic,Logic,src/main/java/teammates/logic/external/package-info.java
teammates,removed_Logic,Logic,src/main/java/teammates/main/Application.java
teammates,removed_Logic,Logic,src/main/java/teammates/main/package-info.java
teammates,removed_Logic,Logic,src/main/java/teammates/storage/entity/package-info.java
teammates,removed_Logic,Logic,src/main/java/teammates/ui/request/BasicRequest.java
teammates,removed_Logic,Logic,src/main/java/teammates/ui/request/ErrorReportRequest.java
teammates,removed_Logic,Logic,src/main/java/teammates/ui/request/Intent.java
teammates,removed_Logic,Logic,src/main/java/teammates/ui/servlets/HealthCheckServlet.java
teammates,removed_Logic,Logic,src/main/java/teammates/ui/servlets/LoginServlet.java
teammates,removed_Logic,Logic,src/main/java/teammates/ui/servlets/OriginCheckFilter.java
teammates,removed_Logic,Logic,src/main/java/teammates/ui/servlets/RequestTraceFilter.java
teammates,removed_Logic,Logic,src/main/java/teammates/ui/servlets/package-info.java
teammates,removed_Logic,Logic,src/main/java/teammates/ui/webapi/AccountRequestSearchIndexingWorkerAction.java
teammates,removed_Logic,Logic,src/main/java/teammates/ui/webapi/Action.java
teammates,removed_Logic,Logic,src/main/java/teammates/ui/webapi/AuthType.java
teammates,removed_Logic,Logic,src/main/java/teammates/ui/webapi/BasicCommentSubmissionAction.java
teammates,removed_Logic,Logic,src/main/java/teammates/ui/webapi/BasicFeedbackSubmissionAction.java
teammates,removed_Logic,Logic,src/main/java/teammates/ui/webapi/BinCourseAction.java
teammates,removed_Logic,Logic,src/main/java/teammates/ui/webapi/CalculateUsageStatisticsAction.java
teammates,removed_Logic,Logic,src/main/java/teammates/ui/webapi/CreateAccountAction.java
teammates,removed_Logic,Logic,src/main/java/teammates/ui/webapi/CreateFeedbackResponseCommentAction.java
teammates,removed_Logic,Logic,src/main/java/teammates/ui/webapi/CreateFeedbackSessionLogAction.java
teammates,removed_Logic,Logic,src/main/java/teammates/ui/webapi/DeleteFeedbackResponseCommentAction.java
teammates,removed_Logic,Logic,src/main/java/teammates/ui/webapi/DeleteNotificationAction.java
teammates,removed_Logic,Logic,src/main/java/teammates/ui/webapi/DeleteStudentAction.java
teammates,removed_Logic,Logic,src/main/java/teammates/ui/webapi/FeedbackSessionClosedRemindersAction.java
teammates,removed_Logic,Logic,src/main/java/teammates/ui/webapi/FeedbackSessionOpeningRemindersAction.java
teammates,removed_Logic,Logic,src/main/java/teammates/ui/webapi/FeedbackSessionPublishedEmailWorkerAction.java
teammates,removed_Logic,Logic,src/main/java/teammates/ui/webapi/FeedbackSessionResendPublishedEmailWorkerAction.java
teammates,removed_Logic,Logic,src/main/java/teammates/ui/webapi/GetFeedbackResponsesAction.java
teammates,removed_Logic,Logic,src/main/java/teammates/ui/webapi/GetHasResponsesAction.java
teammates,removed_Logic,Logic,src/main/java/teammates/ui/webapi/GetNotificationAction.java
teammates,removed_Logic,Logic,src/main/java/teammates/ui/webapi/GetReadNotificationsAction.java
teammates,removed_Logic,Logic,src/main/java/teammates/ui/webapi/GetStudentsAction.java
teammates,removed_Logic,Logic,src/main/java/teammates/ui/webapi/GetUserCookieAction.java
teammates,removed_Logic,Logic,src/main/java/teammates/ui/webapi/InstructorSearchIndexingWorkerAction.java
teammates,removed_Logic,Logic,src/main/java/teammates/ui/webapi/InvalidOperationException.java
teammates,removed_Logic,Logic,src/main/java/teammates/ui/webapi/JoinCourseAction.java
teammates,removed_Logic,Logic,src/main/java/teammates/ui/webapi/JsonResult.java
teammates,removed_Logic,Logic,src/main/java/teammates/ui/webapi/PublishFeedbackSessionAction.java
teammates,removed_Logic,Logic,src/main/java/teammates/ui/webapi/PutDataBundleDocumentsAction.java
teammates,removed_Logic,Logic,src/main/java/teammates/ui/webapi/RegenerateStudentKeyAction.java
teammates,removed_Logic,Logic,src/main/java/teammates/ui/webapi/RemindFeedbackSessionSubmissionAction.java
teammates,removed_Logic,Logic,src/main/java/teammates/ui/webapi/RestoreFeedbackSessionAction.java
teammates,removed_Logic,Logic,src/main/java/teammates/ui/webapi/SearchAccountRequestsAction.java
teammates,removed_Logic,Logic,src/main/java/teammates/ui/webapi/SearchStudentsAction.java
teammates,removed_Logic,Logic,src/main/java/teammates/ui/webapi/SessionLinksRecoveryAction.java
teammates,removed_Logic,Logic,src/main/java/teammates/ui/webapi/StudentSearchIndexingWorkerAction.java
teammates,removed_Logic,Logic,src/main/java/teammates/ui/webapi/UpdateCourseAction.java
teammates,removed_Logic,Logic,src/main/java/teammates/ui/webapi/UpdateInstructorAction.java
teammates,removed_Logic,Logic,src/main/java/teammates/ui/webapi/UpdateNotificationAction.java
teammates,removed_Storage,Storage,src/main/java/teammates/logic/core/package-info.java
teammates,removed_Storage,Storage,src/main/java/teammates/logic/external/package-info.java
teammates,removed_Storage,Storage,src/main/java/teammates/main/Application.java
teammates,removed_Storage,Storage,src/main/java/teammates/main/package-info.java
teammates,removed_Storage,Storage,src/main/java/teammates/storage/api/AccountRequestsDb.java
teammates,removed_Storage,Storage,src/main/java/teammates/storage/api/AccountsDb.java
teammates,removed_Storage,Storage,src/main/java/teammates/storage/api/CoursesDb.java
teammates,removed_Storage,Storage,src/main/java/teammates/storage/api/DatastoreEmulatorRunner.java
teammates,removed_Storage,Storage,src/main/java/teammates/storage/api/DeadlineExtensionsDb.java
teammates,removed_Storage,Storage,src/main/java/teammates/storage/api/EntitiesDb.java
teammates,removed_Storage,Storage,src/main/java/teammates/storage/api/FeedbackQuestionsDb.java
teammates,removed_Storage,Storage,src/main/java/teammates/storage/api/FeedbackResponseCommentsDb.java
teammates,removed_Storage,Storage,src/main/java/teammates/storage/api/FeedbackResponsesDb.java
teammates,removed_Storage,Storage,src/main/java/teammates/storage/api/FeedbackSessionsDb.java
teammates,removed_Storage,Storage,src/main/java/teammates/storage/api/InstructorsDb.java
teammates,removed_Storage,Storage,src/main/java/teammates/storage/api/NotificationsDb.java
teammates,removed_Storage,Storage,src/main/java/teammates/storage/api/OfyHelper.java
teammates,removed_Storage,Storage,src/main/java/teammates/storage/api/StudentsDb.java
teammates,removed_Storage,Storage,src/main/java/teammates/storage/api/UsageStatisticsDb.java
teammates,removed_Storage,Storage,src/main/java/teammates/storage/api/package-info.java
teammates,removed_Storage,Storage,src/main/java/teammates/storage/entity/Account.java
teammates,removed_Storage,Storage,src/main/java/teammates/storage/entity/AccountRequest.java
teammates,removed_Storage,Storage,src/main/java/teammates/storage/entity/BaseEntity.java
teammates,removed_Storage,Storage,src/main/java/teammates/storage/entity/Course.java
teammates,removed_Storage,Storage,src/main/java/teammates/storage/entity/CourseStudent.java
teammates,removed_Storage,Storage,src/main/java/teammates/storage/entity/DeadlineExtension.java
teammates,removed_Storage,Storage,src/main/java/teammates/storage/entity/FeedbackQuestion.java
teammates,removed_Storage,Storage,src/main/java/teammates/storage/entity/FeedbackResponse.java
teammates,removed_Storage,Storage,src/main/java/teammates/storage/entity/FeedbackResponseComment.java
teammates,removed_Storage,Storage,src/main/java/teammates/storage/entity/FeedbackSession.java
teammates,removed_Storage,Storage,src/main/java/teammates/storage/entity/Instructor.java
teammates,removed_Storage,Storage,src/main/java/teammates/storage/entity/Notification.java
teammates,removed_Storage,Storage,src/main/java/teammates/storage/entity/UsageStatistics.java
teammates,removed_Storage,Storage,src/main/java/teammates/storage/entity/package-info.java
teammates,removed_Storage,Storage,src/main/java/teammates/storage/search/AccountRequestSearchDocument.java
teammates,removed_Storage,Storage,src/main/java/teammates/storage/search/AccountRequestSearchManager.java
teammates,removed_Storage,Storage,src/main/java/teammates/storage/search/InstructorSearchDocument.java
teammates,removed_Storage,Storage,src/main/java/teammates/storage/search/InstructorSearchManager.java
teammates,removed_Storage,Storage,src/main/java/teammates/storage/search/SearchDocument.java
teammates,removed_Storage,Storage,src/main/java/teammates/storage/search/SearchManager.java
teammates,removed_Storage,Storage,src/main/java/teammates/storage/search/SearchManagerFactory.java
teammates,removed_Storage,Storage,src/main/java/teammates/storage/search/SearchManagerStarter.java
teammates,removed_Storage,Storage,src/main/java/teammates/storage/search/StudentSearchDocument.java
teammates,removed_Storage,Storage,src/main/java/teammates/storage/search/StudentSearchManager.java
teammates,removed_Storage,Storage,src/main/java/teammates/storage/search/package-info.java
teammates,removed_Storage,Storage,src/main/java/teammates/ui/constants/ResourceEndpoints.java
teammates,removed_Storage,Storage,src/main/java/teammates/ui/constants/package-info.java
teammates,removed_Storage,Storage,src/main/java/teammates/ui/output/InstructorPermissionRole.java
teammates,removed_Storage,Storage,src/main/java/teammates/ui/output/MessageOutput.java
teammates,removed_Storage,Storage,src/main/java/teammates/ui/request/BasicRequest.java
teammates,removed_Storage,Storage,src/main/java/teammates/ui/servlets/AuthServlet.java
teammates,removed_Storage,Storage,src/main/java/teammates/ui/servlets/HealthCheckServlet.java
teammates,removed_Storage,Storage,src/main/java/teammates/ui/servlets/LegacyUrlMapper.java
teammates,removed_Storage,Storage,src/main/java/teammates/ui/servlets/OAuth2CallbackServlet.java
teammates,removed_Storage,Storage,src/main/java/teammates/ui/servlets/OriginCheckFilter.java
teammates,removed_Storage,Storage,src/main/java/teammates/ui/servlets/WebApiServlet.java
teammates,removed_Storage,Storage,src/main/java/teammates/ui/servlets/WebPageServlet.java
teammates,removed_Storage,Storage,src/main/java/teammates/ui/servlets/package-info.java
teammates,removed_Storage,Storage,src/main/java/teammates/ui/webapi/AccountRequestSearchIndexingWorkerAction.java
teammates,removed_Storage,Storage,src/main/java/teammates/ui/webapi/Action.java
teammates,removed_Storage,Storage,src/main/java/teammates/ui/webapi/ActionResult.java
teammates,removed_Storage,Storage,src/main/java/teammates/ui/webapi/ArchiveCourseAction.java
teammates,removed_Storage,Storage,src/main/java/teammates/ui/webapi/BasicCommentSubmissionAction.java
teammates,removed_Storage,Storage,src/main/java/teammates/ui/webapi/BinCourseAction.java
teammates,removed_Storage,Storage,src/main/java/teammates/ui/webapi/BinFeedbackSessionAction.java
teammates,removed_Storage,Storage,src/main/java/teammates/ui/webapi/CalculateUsageStatisticsAction.java
teammates,removed_Storage,Storage,src/main/java/teammates/ui/webapi/CompileLogsAction.java
teammates,removed_Storage,Storage,src/main/java/teammates/ui/webapi/CreateAccountAction.java
teammates,removed_Storage,Storage,src/main/java/teammates/ui/webapi/CreateAccountRequestAction.java
teammates,removed_Storage,Storage,src/main/java/teammates/ui/webapi/CreateCourseAction.java
teammates,removed_Storage,Storage,src/main/java/teammates/ui/webapi/CreateFeedbackQuestionAction.java
teammates,removed_Storage,Storage,src/main/java/teammates/ui/webapi/CreateFeedbackSessionAction.java
teammates,removed_Storage,Storage,src/main/java/teammates/ui/webapi/CreateInstructorAction.java
teammates,removed_Storage,Storage,src/main/java/teammates/ui/webapi/CreateNotificationAction.java
teammates,removed_Storage,Storage,src/main/java/teammates/ui/webapi/DatastoreBackupAction.java
teammates,removed_Storage,Storage,src/main/java/teammates/ui/webapi/DeleteAccountAction.java
teammates,removed_Storage,Storage,src/main/java/teammates/ui/webapi/DeleteAccountRequestAction.java
teammates,removed_Storage,Storage,src/main/java/teammates/ui/webapi/DeleteCourseAction.java
teammates,removed_Storage,Storage,src/main/java/teammates/ui/webapi/DeleteDataBundleAction.java
teammates,removed_Storage,Storage,src/main/java/teammates/ui/webapi/DeleteFeedbackQuestionAction.java
teammates,removed_Storage,Storage,src/main/java/teammates/ui/webapi/DeleteFeedbackSessionAction.java
teammates,removed_Storage,Storage,src/main/java/teammates/ui/webapi/DeleteNotificationAction.java
teammates,removed_Storage,Storage,src/main/java/teammates/ui/webapi/DeleteStudentAction.java
teammates,removed_Storage,Storage,src/main/java/teammates/ui/webapi/EnrollStudentsAction.java
teammates,removed_Storage,Storage,src/main/java/teammates/ui/webapi/EntityNotFoundException.java
teammates,removed_Storage,Storage,src/main/java/teammates/ui/webapi/FeedbackSessionClosedRemindersAction.java
teammates,removed_Storage,Storage,src/main/java/teammates/ui/webapi/FeedbackSessionOpeningRemindersAction.java
teammates,removed_Storage,Storage,src/main/java/teammates/ui/webapi/FeedbackSessionPublishedEmailWorkerAction.java
teammates,removed_Storage,Storage,src/main/java/teammates/ui/webapi/FeedbackSessionPublishedRemindersAction.java
teammates,removed_Storage,Storage,src/main/java/teammates/ui/webapi/FeedbackSessionRemindEmailWorkerAction.java
teammates,removed_Storage,Storage,src/main/java/teammates/ui/webapi/FeedbackSessionRemindParticularUsersEmailWorkerAction.java
teammates,removed_Storage,Storage,src/main/java/teammates/ui/webapi/GetAccountRequestAction.java
teammates,removed_Storage,Storage,src/main/java/teammates/ui/webapi/GetAccountsAction.java
teammates,removed_Storage,Storage,src/main/java/teammates/ui/webapi/GetActionClassesAction.java
teammates,removed_Storage,Storage,src/main/java/teammates/ui/webapi/GetAuthInfoAction.java
teammates,removed_Storage,Storage,src/main/java/teammates/ui/webapi/GetCourseAction.java
teammates,removed_Storage,Storage,src/main/java/teammates/ui/webapi/GetDeadlineExtensionAction.java
teammates,removed_Storage,Storage,src/main/java/teammates/ui/webapi/GetFeedbackQuestionRecipientsAction.java
teammates,removed_Storage,Storage,src/main/java/teammates/ui/webapi/GetFeedbackQuestionsAction.java
teammates,removed_Storage,Storage,src/main/java/teammates/ui/webapi/GetFeedbackResponsesAction.java
teammates,removed_Storage,Storage,src/main/java/teammates/ui/webapi/GetFeedbackSessionsAction.java
teammates,removed_Storage,Storage,src/main/java/teammates/ui/webapi/GetInstructorPrivilegeAction.java
teammates,removed_Storage,Storage,src/main/java/teammates/ui/webapi/GetNotificationAction.java
teammates,removed_Storage,Storage,src/main/java/teammates/ui/webapi/GetNotificationsAction.java
teammates,removed_Storage,Storage,src/main/java/teammates/ui/webapi/GetReadNotificationsAction.java
teammates,removed_Storage,Storage,src/main/java/teammates/ui/webapi/GetRegkeyValidityAction.java
teammates,removed_Storage,Storage,src/main/java/teammates/ui/webapi/GetSessionResponseStatsAction.java
teammates,removed_Storage,Storage,src/main/java/teammates/ui/webapi/GetStudentAction.java
teammates,removed_Storage,Storage,src/main/java/teammates/ui/webapi/GetStudentsAction.java
teammates,removed_Storage,Storage,src/main/java/teammates/ui/webapi/GetTimeZonesAction.java
teammates,removed_Storage,Storage,src/main/java/teammates/ui/webapi/GetUsageStatisticsAction.java
teammates,removed_Storage,Storage,src/main/java/teammates/ui/webapi/GetUserCookieAction.java
teammates,removed_Storage,Storage,src/main/java/teammates/ui/webapi/PublishFeedbackSessionAction.java
teammates,removed_Storage,Storage,src/main/java/teammates/ui/webapi/PutDataBundleAction.java
teammates,removed_Storage,Storage,src/main/java/teammates/ui/webapi/QueryLogsAction.java
teammates,removed_Storage,Storage,src/main/java/teammates/ui/webapi/RemindFeedbackSessionResultAction.java
teammates,removed_Storage,Storage,src/main/java/teammates/ui/webapi/RemindFeedbackSessionSubmissionAction.java
teammates,removed_Storage,Storage,src/main/java/teammates/ui/webapi/ResetAccountRequestAction.java
teammates,removed_Storage,Storage,src/main/java/teammates/ui/webapi/RestoreCourseAction.java
teammates,removed_Storage,Storage,src/main/java/teammates/ui/webapi/SearchInstructorsAction.java
teammates,removed_Storage,Storage,src/main/java/teammates/ui/webapi/SendErrorReportAction.java
teammates,removed_Storage,Storage,src/main/java/teammates/ui/webapi/SendJoinReminderEmailAction.java
teammates,removed_Storage,Storage,src/main/java/teammates/ui/webapi/SubmitFeedbackResponsesAction.java
teammates,removed_Storage,Storage,src/main/java/teammates/ui/webapi/UnpublishFeedbackSessionAction.java
teammates,removed_Storage,Storage,src/main/java/teammates/ui/webapi/UpdateFeedbackResponseCommentAction.java
teammates,removed_Storage,Storage,src/main/java/teammates/ui/webapi/UpdateFeedbackSessionAction.java
teammates,removed_Storage,Storage,src/main/java/teammates/ui/webapi/UpdateInstructorAction.java
teammates,removed_Storage,Storage,src/main/java/teammates/ui/webapi/UpdateStudentAction.java
teammates,removed_Storage,Storage,src/main/java/teammates/ui/webapi/package-info.java
teammates,removed_UI,UI,src/main/java/teammates/logic/core/LogicStarter.java
teammates,removed_UI,UI,src/main/java/teammates/logic/external/LocalLoggingService.java
teammates,removed_UI,UI,src/main/java/teammates/logic/external/LocalTaskQueueService.java
teammates,removed_UI,UI,src/main/java/teammates/main/Application.java
teammates,removed_UI,UI,src/main/java/teammates/main/package-info.java
teammates,removed_UI,UI,src/main/java/teammates/storage/api/DatastoreEmulatorRunner.java
teammates,removed_UI,UI,src/main/java/teammates/storage/entity/Account.java
teammates,removed_UI,UI,src/main/java/teammates/storage/entity/Course.java
teammates,removed_UI,UI,src/main/java/teammates/storage/entity/FeedbackQuestion.java
teammates,removed_UI,UI,src/main/java/teammates/storage/entity/UsageStatistics.java
teammates,removed_UI,UI,src/main/java/teammates/storage/search/SearchDocument.java
teammates,removed_UI,UI,src/main/java/teammates/storage/search/SearchManagerStarter.java
teammates,removed_UI,UI,src/main/java/teammates/ui/constants/DefaultInstructorPermissions.java
teammates,removed_UI,UI,src/main/java/teammates/ui/constants/QuestionTypeStructures.java
teammates,removed_UI,UI,src/main/java/teammates/ui/constants/ResourceEndpoints.java
teammates,removed_UI,UI,src/main/java/teammates/ui/constants/package-info.java
teammates,removed_UI,UI,src/main/java/teammates/ui/output/AccountData.java
teammates,removed_UI,UI,src/main/java/teammates/ui/output/AccountRequestData.java
teammates,removed_UI,UI,src/main/java/teammates/ui/output/AccountRequestsData.java
teammates,removed_UI,UI,src/main/java/teammates/ui/output/AccountsData.java
teammates,removed_UI,UI,src/main/java/teammates/ui/output/ActionClasses.java
teammates,removed_UI,UI,src/main/java/teammates/ui/output/ApiOutput.java
teammates,removed_UI,UI,src/main/java/teammates/ui/output/AuthInfo.java
teammates,removed_UI,UI,src/main/java/teammates/ui/output/CommentVisibilityType.java
teammates,removed_UI,UI,src/main/java/teammates/ui/output/CourseArchiveData.java
teammates,removed_UI,UI,src/main/java/teammates/ui/output/CourseData.java
teammates,removed_UI,UI,src/main/java/teammates/ui/output/CourseSectionNamesData.java
teammates,removed_UI,UI,src/main/java/teammates/ui/output/CoursesData.java
teammates,removed_UI,UI,src/main/java/teammates/ui/output/DeadlineExtensionData.java
teammates,removed_UI,UI,src/main/java/teammates/ui/output/EmailData.java
teammates,removed_UI,UI,src/main/java/teammates/ui/output/EnrollStudentsData.java
teammates,removed_UI,UI,src/main/java/teammates/ui/output/FeedbackQuestionData.java
teammates,removed_UI,UI,src/main/java/teammates/ui/output/FeedbackQuestionRecipientData.java
teammates,removed_UI,UI,src/main/java/teammates/ui/output/FeedbackQuestionRecipientsData.java
teammates,removed_UI,UI,src/main/java/teammates/ui/output/FeedbackQuestionsData.java
teammates,removed_UI,UI,src/main/java/teammates/ui/output/FeedbackResponseCommentData.java
teammates,removed_UI,UI,src/main/java/teammates/ui/output/FeedbackResponseData.java
teammates,removed_UI,UI,src/main/java/teammates/ui/output/FeedbackResponsesData.java
teammates,removed_UI,UI,src/main/java/teammates/ui/output/FeedbackSessionData.java
teammates,removed_UI,UI,src/main/java/teammates/ui/output/FeedbackSessionLogData.java
teammates,removed_UI,UI,src/main/java/teammates/ui/output/FeedbackSessionLogEntryData.java
teammates,removed_UI,UI,src/main/java/teammates/ui/output/FeedbackSessionLogsData.java
teammates,removed_UI,UI,src/main/java/teammates/ui/output/FeedbackSessionPublishStatus.java
teammates,removed_UI,UI,src/main/java/teammates/ui/output/FeedbackSessionStatsData.java
teammates,removed_UI,UI,src/main/java/teammates/ui/output/FeedbackSessionSubmissionStatus.java
teammates,removed_UI,UI,src/main/java/teammates/ui/output/FeedbackSessionSubmittedGiverSet.java
teammates,removed_UI,UI,src/main/java/teammates/ui/output/FeedbackSessionsData.java
teammates,removed_UI,UI,src/main/java/teammates/ui/output/FeedbackVisibilityType.java
teammates,removed_UI,UI,src/main/java/teammates/ui/output/GeneralLogsData.java
teammates,removed_UI,UI,src/main/java/teammates/ui/output/HasResponsesData.java
teammates,removed_UI,UI,src/main/java/teammates/ui/output/InstructorData.java
teammates,removed_UI,UI,src/main/java/teammates/ui/output/InstructorPermissionRole.java
teammates,removed_UI,UI,src/main/java/teammates/ui/output/InstructorPrivilegeData.java
teammates,removed_UI,UI,src/main/java/teammates/ui/output/InstructorsData.java
teammates,removed_UI,UI,src/main/java/teammates/ui/output/JoinLinkData.java
teammates,removed_UI,UI,src/main/java/teammates/ui/output/JoinState.java
teammates,removed_UI,UI,src/main/java/teammates/ui/output/JoinStatus.java
teammates,removed_UI,UI,src/main/java/teammates/ui/output/MessageOutput.java
teammates,removed_UI,UI,src/main/java/teammates/ui/output/NotificationData.java
teammates,removed_UI,UI,src/main/java/teammates/ui/output/NotificationsData.java
teammates,removed_UI,UI,src/main/java/teammates/ui/output/NumberOfEntitiesToGiveFeedbackToSetting.java
teammates,removed_UI,UI,src/main/java/teammates/ui/output/OngoingSession.java
teammates,removed_UI,UI,src/main/java/teammates/ui/output/OngoingSessionsData.java
teammates,removed_UI,UI,src/main/java/teammates/ui/output/ReadNotificationsData.java
teammates,removed_UI,UI,src/main/java/teammates/ui/output/RegenerateKeyData.java
teammates,removed_UI,UI,src/main/java/teammates/ui/output/RegkeyValidityData.java
teammates,removed_UI,UI,src/main/java/teammates/ui/output/ResponseVisibleSetting.java
teammates,removed_UI,UI,src/main/java/teammates/ui/output/SendLoginEmailResponseData.java
teammates,removed_UI,UI,src/main/java/teammates/ui/output/SessionLinksRecoveryResponseData.java
teammates,removed_UI,UI,src/main/java/teammates/ui/output/SessionResultsData.java
teammates,removed_UI,UI,src/main/java/teammates/ui/output/SessionVisibleSetting.java
teammates,removed_UI,UI,src/main/java/teammates/ui/output/StudentData.java
teammates,removed_UI,UI,src/main/java/teammates/ui/output/StudentsData.java
teammates,removed_UI,UI,src/main/java/teammates/ui/output/TimeZonesData.java
teammates,removed_UI,UI,src/main/java/teammates/ui/output/UsageStatisticsData.java
teammates,removed_UI,UI,src/main/java/teammates/ui/output/UsageStatisticsRangeData.java
teammates,removed_UI,UI,src/main/java/teammates/ui/output/package-info.java
teammates,removed_UI,UI,src/main/java/teammates/ui/request/AccountCreateRequest.java
teammates,removed_UI,UI,src/main/java/teammates/ui/request/BasicRequest.java
teammates,removed_UI,UI,src/main/java/teammates/ui/request/CourseArchiveRequest.java
teammates,removed_UI,UI,src/main/java/teammates/ui/request/CourseBasicRequest.java
teammates,removed_UI,UI,src/main/java/teammates/ui/request/CourseCreateRequest.java
teammates,removed_UI,UI,src/main/java/teammates/ui/request/CourseUpdateRequest.java
teammates,removed_UI,UI,src/main/java/teammates/ui/request/ErrorReportRequest.java
teammates,removed_UI,UI,src/main/java/teammates/ui/request/FeedbackQuestionBasicRequest.java
teammates,removed_UI,UI,src/main/java/teammates/ui/request/FeedbackQuestionCreateRequest.java
teammates,removed_UI,UI,src/main/java/teammates/ui/request/FeedbackQuestionUpdateRequest.java
teammates,removed_UI,UI,src/main/java/teammates/ui/request/FeedbackResponseCommentBasicRequest.java
teammates,removed_UI,UI,src/main/java/teammates/ui/request/FeedbackResponseCommentCreateRequest.java
teammates,removed_UI,UI,src/main/java/teammates/ui/request/FeedbackResponseCommentUpdateRequest.java
teammates,removed_UI,UI,src/main/java/teammates/ui/request/FeedbackResponsesRequest.java
teammates,removed_UI,UI,src/main/java/teammates/ui/request/FeedbackSessionCreateRequest.java
teammates,removed_UI,UI,src/main/java/teammates/ui/request/FeedbackSessionRemindRequest.java
teammates,removed_UI,UI,src/main/java/teammates/ui/request/FeedbackSessionRespondentRemindRequest.java
teammates,removed_UI,UI,src/main/java/teammates/ui/request/FeedbackSessionUpdateRequest.java
teammates,removed_UI,UI,src/main/java/teammates/ui/request/InstructorCreateRequest.java
teammates,removed_UI,UI,src/main/java/teammates/ui/request/InstructorPrivilegeUpdateRequest.java
teammates,removed_UI,UI,src/main/java/teammates/ui/request/MarkNotificationAsReadRequest.java
teammates,removed_UI,UI,src/main/java/teammates/ui/request/NotificationBasicRequest.java
teammates,removed_UI,UI,src/main/java/teammates/ui/request/NotificationCreateRequest.java
teammates,removed_UI,UI,src/main/java/teammates/ui/request/NotificationUpdateRequest.java
teammates,removed_UI,UI,src/main/java/teammates/ui/request/SendEmailRequest.java
teammates,removed_UI,UI,src/main/java/teammates/ui/request/StudentUpdateRequest.java
teammates,removed_UI,UI,src/main/java/teammates/ui/request/StudentsEnrollRequest.java
teammates,removed_UI,UI,src/main/java/teammates/ui/request/package-info.java
teammates,removed_UI,UI,src/main/java/teammates/ui/servlets/AuthServlet.java
teammates,removed_UI,UI,src/main/java/teammates/ui/servlets/DevServerLoginServlet.java
teammates,removed_UI,UI,src/main/java/teammates/ui/servlets/HealthCheckServlet.java
teammates,removed_UI,UI,src/main/java/teammates/ui/servlets/LegacyUrlMapper.java
teammates,removed_UI,UI,src/main/java/teammates/ui/servlets/LoginServlet.java
teammates,removed_UI,UI,src/main/java/teammates/ui/servlets/LogoutServlet.java
teammates,removed_UI,UI,src/main/java/teammates/ui/servlets/OAuth2CallbackServlet.java
teammates,removed_UI,UI,src/main/java/teammates/ui/servlets/OriginCheckFilter.java
teammates,removed_UI,UI,src/main/java/teammates/ui/servlets/RequestTraceFilter.java
teammates,removed_UI,UI,src/main/java/teammates/ui/servlets/WebApiServlet.java
teammates,removed_UI,UI,src/main/java/teammates/ui/servlets/WebPageServlet.java
teammates,removed_UI,UI,src/main/java/teammates/ui/servlets/WebSecurityHeaderFilter.java
teammates,removed_UI,UI,src/main/java/teammates/ui/servlets/package-info.java
teammates,removed_UI,UI,src/main/java/teammates/ui/webapi/AccountRequestSearchIndexingWorkerAction.java
teammates,removed_UI,UI,src/main/java/teammates/ui/webapi/Action.java
teammates,removed_UI,UI,src/main/java/teammates/ui/webapi/ActionFactory.java
teammates,removed_UI,UI,src/main/java/teammates/ui/webapi/ActionResult.java
teammates,removed_UI,UI,src/main/java/teammates/ui/webapi/AdminExceptionTestAction.java
teammates,removed_UI,UI,src/main/java/teammates/ui/webapi/AdminOnlyAction.java
teammates,removed_UI,UI,src/main/java/teammates/ui/webapi/ArchiveCourseAction.java
teammates,removed_UI,UI,src/main/java/teammates/ui/webapi/AuthType.java
teammates,removed_UI,UI,src/main/java/teammates/ui/webapi/BasicCommentSubmissionAction.java
teammates,removed_UI,UI,src/main/java/teammates/ui/webapi/BinCourseAction.java
teammates,removed_UI,UI,src/main/java/teammates/ui/webapi/BinFeedbackSessionAction.java
teammates,removed_UI,UI,src/main/java/teammates/ui/webapi/CompileLogsAction.java
teammates,removed_UI,UI,src/main/java/teammates/ui/webapi/CreateAccountAction.java
teammates,removed_UI,UI,src/main/java/teammates/ui/webapi/CreateAccountRequestAction.java
teammates,removed_UI,UI,src/main/java/teammates/ui/webapi/CreateCourseAction.java
teammates,removed_UI,UI,src/main/java/teammates/ui/webapi/CreateFeedbackQuestionAction.java
teammates,removed_UI,UI,src/main/java/teammates/ui/webapi/CreateFeedbackResponseCommentAction.java
teammates,removed_UI,UI,src/main/java/teammates/ui/webapi/CreateFeedbackSessionAction.java
teammates,removed_UI,UI,src/main/java/teammates/ui/webapi/CreateFeedbackSessionLogAction.java
teammates,removed_UI,UI,src/main/java/teammates/ui/webapi/CreateInstructorAction.java
teammates,removed_UI,UI,src/main/java/teammates/ui/webapi/CreateNotificationAction.java
teammates,removed_UI,UI,src/main/java/teammates/ui/webapi/DatastoreBackupAction.java
teammates,removed_UI,UI,src/main/java/teammates/ui/webapi/DeleteAccountAction.java
teammates,removed_UI,UI,src/main/java/teammates/ui/webapi/DeleteAccountRequestAction.java
teammates,removed_UI,UI,src/main/java/teammates/ui/webapi/DeleteCourseAction.java
teammates,removed_UI,UI,src/main/java/teammates/ui/webapi/DeleteDataBundleAction.java
teammates,removed_UI,UI,src/main/java/teammates/ui/webapi/DeleteFeedbackQuestionAction.java
teammates,removed_UI,UI,src/main/java/teammates/ui/webapi/DeleteFeedbackResponseCommentAction.java
teammates,removed_UI,UI,src/main/java/teammates/ui/webapi/DeleteFeedbackSessionAction.java
teammates,removed_UI,UI,src/main/java/teammates/ui/webapi/DeleteInstructorAction.java
teammates,removed_UI,UI,src/main/java/teammates/ui/webapi/DeleteNotificationAction.java
teammates,removed_UI,UI,src/main/java/teammates/ui/webapi/DeleteStudentAction.java
teammates,removed_UI,UI,src/main/java/teammates/ui/webapi/DeleteStudentsAction.java
teammates,removed_UI,UI,src/main/java/teammates/ui/webapi/EnrollStudentsAction.java
teammates,removed_UI,UI,src/main/java/teammates/ui/webapi/EntityNotFoundException.java
teammates,removed_UI,UI,src/main/java/teammates/ui/webapi/FeedbackSessionClosedRemindersAction.java
teammates,removed_UI,UI,src/main/java/teammates/ui/webapi/FeedbackSessionClosingRemindersAction.java
teammates,removed_UI,UI,src/main/java/teammates/ui/webapi/FeedbackSessionOpeningRemindersAction.java
teammates,removed_UI,UI,src/main/java/teammates/ui/webapi/FeedbackSessionOpeningSoonRemindersAction.java
teammates,removed_UI,UI,src/main/java/teammates/ui/webapi/FeedbackSessionPublishedEmailWorkerAction.java
teammates,removed_UI,UI,src/main/java/teammates/ui/webapi/FeedbackSessionPublishedRemindersAction.java
teammates,removed_UI,UI,src/main/java/teammates/ui/webapi/FeedbackSessionRemindParticularUsersEmailWorkerAction.java
teammates,removed_UI,UI,src/main/java/teammates/ui/webapi/FeedbackSessionResendPublishedEmailWorkerAction.java
teammates,removed_UI,UI,src/main/java/teammates/ui/webapi/FeedbackSessionUnpublishedEmailWorkerAction.java
teammates,removed_UI,UI,src/main/java/teammates/ui/webapi/GenerateEmailAction.java
teammates,removed_UI,UI,src/main/java/teammates/ui/webapi/GetAccountAction.java
teammates,removed_UI,UI,src/main/java/teammates/ui/webapi/GetAccountRequestAction.java
teammates,removed_UI,UI,src/main/java/teammates/ui/webapi/GetAccountsAction.java
teammates,removed_UI,UI,src/main/java/teammates/ui/webapi/GetActionClassesAction.java
teammates,removed_UI,UI,src/main/java/teammates/ui/webapi/GetAuthInfoAction.java
teammates,removed_UI,UI,src/main/java/teammates/ui/webapi/GetCourseAction.java
teammates,removed_UI,UI,src/main/java/teammates/ui/webapi/GetCourseJoinStatusAction.java
teammates,removed_UI,UI,src/main/java/teammates/ui/webapi/GetCourseSectionNamesAction.java
teammates,removed_UI,UI,src/main/java/teammates/ui/webapi/GetCoursesAction.java
teammates,removed_UI,UI,src/main/java/teammates/ui/webapi/GetDeadlineExtensionAction.java
teammates,removed_UI,UI,src/main/java/teammates/ui/webapi/GetFeedbackQuestionRecipientsAction.java
teammates,removed_UI,UI,src/main/java/teammates/ui/webapi/GetFeedbackQuestionsAction.java
teammates,removed_UI,UI,src/main/java/teammates/ui/webapi/GetFeedbackResponseCommentAction.java
teammates,removed_UI,UI,src/main/java/teammates/ui/webapi/GetFeedbackResponsesAction.java
teammates,removed_UI,UI,src/main/java/teammates/ui/webapi/GetFeedbackSessionAction.java
teammates,removed_UI,UI,src/main/java/teammates/ui/webapi/GetFeedbackSessionLogsAction.java
teammates,removed_UI,UI,src/main/java/teammates/ui/webapi/GetFeedbackSessionSubmittedGiverSetAction.java
teammates,removed_UI,UI,src/main/java/teammates/ui/webapi/GetFeedbackSessionsAction.java
teammates,removed_UI,UI,src/main/java/teammates/ui/webapi/GetHasResponsesAction.java
teammates,removed_UI,UI,src/main/java/teammates/ui/webapi/GetInstructorAction.java
teammates,removed_UI,UI,src/main/java/teammates/ui/webapi/GetInstructorPrivilegeAction.java
teammates,removed_UI,UI,src/main/java/teammates/ui/webapi/GetInstructorsAction.java
teammates,removed_UI,UI,src/main/java/teammates/ui/webapi/GetNotificationAction.java
teammates,removed_UI,UI,src/main/java/teammates/ui/webapi/GetNotificationsAction.java
teammates,removed_UI,UI,src/main/java/teammates/ui/webapi/GetOngoingSessionsAction.java
teammates,removed_UI,UI,src/main/java/teammates/ui/webapi/GetReadNotificationsAction.java
teammates,removed_UI,UI,src/main/java/teammates/ui/webapi/GetRegkeyValidityAction.java
teammates,removed_UI,UI,src/main/java/teammates/ui/webapi/GetSessionResponseStatsAction.java
teammates,removed_UI,UI,src/main/java/teammates/ui/webapi/GetSessionResultsAction.java
teammates,removed_UI,UI,src/main/java/teammates/ui/webapi/GetStudentAction.java
teammates,removed_UI,UI,src/main/java/teammates/ui/webapi/GetStudentsAction.java
teammates,removed_UI,UI,src/main/java/teammates/ui/webapi/GetTimeZonesAction.java
teammates,removed_UI,UI,src/main/java/teammates/ui/webapi/GetUsageStatisticsAction.java
teammates,removed_UI,UI,src/main/java/teammates/ui/webapi/GetUserCookieAction.java
teammates,removed_UI,UI,src/main/java/teammates/ui/webapi/InstructorCourseJoinEmailWorkerAction.java
teammates,removed_UI,UI,src/main/java/teammates/ui/webapi/InstructorSearchIndexingWorkerAction.java
teammates,removed_UI,UI,src/main/java/teammates/ui/webapi/InvalidHttpParameterException.java
teammates,removed_UI,UI,src/main/java/teammates/ui/webapi/JoinCourseAction.java
teammates,removed_UI,UI,src/main/java/teammates/ui/webapi/JsonResult.java
teammates,removed_UI,UI,src/main/java/teammates/ui/webapi/MarkNotificationAsReadAction.java
teammates,removed_UI,UI,src/main/java/teammates/ui/webapi/PublishFeedbackSessionAction.java
teammates,removed_UI,UI,src/main/java/teammates/ui/webapi/PutDataBundleAction.java
teammates,removed_UI,UI,src/main/java/teammates/ui/webapi/PutDataBundleDocumentsAction.java
teammates,removed_UI,UI,src/main/java/teammates/ui/webapi/QueryLogsAction.java
teammates,removed_UI,UI,src/main/java/teammates/ui/webapi/RegenerateInstructorKeyAction.java
teammates,removed_UI,UI,src/main/java/teammates/ui/webapi/RegenerateStudentKeyAction.java
teammates,removed_UI,UI,src/main/java/teammates/ui/webapi/RemindFeedbackSessionResultAction.java
teammates,removed_UI,UI,src/main/java/teammates/ui/webapi/RemindFeedbackSessionSubmissionAction.java
teammates,removed_UI,UI,src/main/java/teammates/ui/webapi/ResetAccountAction.java
teammates,removed_UI,UI,src/main/java/teammates/ui/webapi/ResetAccountRequestAction.java
teammates,removed_UI,UI,src/main/java/teammates/ui/webapi/RestoreCourseAction.java
teammates,removed_UI,UI,src/main/java/teammates/ui/webapi/RestoreFeedbackSessionAction.java
teammates,removed_UI,UI,src/main/java/teammates/ui/webapi/SearchAccountRequestsAction.java
teammates,removed_UI,UI,src/main/java/teammates/ui/webapi/SearchInstructorsAction.java
teammates,removed_UI,UI,src/main/java/teammates/ui/webapi/SearchStudentsAction.java
teammates,removed_UI,UI,src/main/java/teammates/ui/webapi/SendEmailWorkerAction.java
teammates,removed_UI,UI,src/main/java/teammates/ui/webapi/SendErrorReportAction.java
teammates,removed_UI,UI,src/main/java/teammates/ui/webapi/SendJoinReminderEmailAction.java
teammates,removed_UI,UI,src/main/java/teammates/ui/webapi/SendLoginEmailAction.java
teammates,removed_UI,UI,src/main/java/teammates/ui/webapi/SessionLinksRecoveryAction.java
teammates,removed_UI,UI,src/main/java/teammates/ui/webapi/StudentCourseJoinEmailWorkerAction.java
teammates,removed_UI,UI,src/main/java/teammates/ui/webapi/StudentSearchIndexingWorkerAction.java
teammates,removed_UI,UI,src/main/java/teammates/ui/webapi/SubmitFeedbackResponsesAction.java
teammates,removed_UI,UI,src/main/java/teammates/ui/webapi/UnpublishFeedbackSessionAction.java
teammates,removed_UI,UI,src/main/java/teammates/ui/webapi/UpdateCourseAction.java
teammates,removed_UI,UI,src/main/java/teammates/ui/webapi/UpdateFeedbackQuestionAction.java
teammates,removed_UI,UI,src/main/java/teammates/ui/webapi/UpdateFeedbackResponseCommentAction.java
teammates,removed_UI,UI,src/main/java/teammates/ui/webapi/UpdateFeedbackSessionAction.java
teammates,removed_UI,UI,src/main/java/teammates/ui/webapi/UpdateInstructorAction.java
teammates,removed_UI,UI,src/main/java/teammates/ui/webapi/UpdateInstructorPrivilegeAction.java
teammates,removed_UI,UI,src/main/java/teammates/ui/webapi/UpdateNotificationAction.java
teammates,removed_UI,UI,src/main/java/teammates/ui/webapi/UpdateStudentAction.java
teammates,removed_UI,UI,src/main/java/teammates/ui/webapi/package-info.java
teastore,removed_Auth,Auth,interfaces/tools.descartes.teastore.entities/src/main/java/tools/descartes/teastore/entities/Category.java
teastore,removed_Auth,Auth,interfaces/tools.descartes.teastore.entities/src/main/java/tools/descartes/teastore/entities/ImageSize.java
teastore,removed_Auth,Auth,interfaces/tools.descartes.teastore.entities/src/main/java/tools/descartes/teastore/entities/ImageSizePreset.java
teastore,removed_Auth,Auth,interfaces/tools.descartes.teastore.entities/src/main/java/tools/descartes/teastore/entities/Order.java
teastore,removed_Auth,Auth,interfaces/tools.descartes.teastore.entities/src/main/java/tools/descartes/teastore/entities/OrderItem.java
teastore,removed_Auth,Auth,interfaces/tools.descartes.teastore.entities/src/main/java/tools/descartes/teastore/entities/Product.java
teastore,removed_Auth,Auth,interfaces/tools.descartes.teastore.entities/src/main/java/tools/descartes/teastore/entities/User.java
teastore,removed_Auth,Auth,interfaces/tools.descartes.teastore.entities/src/main/java/tools/descartes/teastore/entities/message/SessionBlob.java
teastore,removed_Auth,Auth,services/tools.descartes.teastore.auth/src/main/java/tools/descartes/teastore/auth/rest/AuthCartRest.java
teastore,removed_Auth,Auth,services/tools.descartes.teastore.auth/src/main/java/tools/descartes/teastore/auth/rest/AuthUserActionsRest.java
teastore,removed_Auth,Auth,services/tools.descartes.teastore.auth/src/main/java/tools/descartes/teastore/auth/rest/ReadyRest.java
teastore,removed_Auth,Auth,services/tools.descartes.teastore.auth/src/main/java/tools/descartes/teastore/auth/security/BCryptProvider.java
teastore,removed_Auth,Auth,services/tools.descartes.teastore.auth/src/main/java/tools/descartes/teastore/auth/security/ConstantKeyProvider.java
teastore,removed_Auth,Auth,services/tools.descartes.teastore.auth/src/main/java/tools/descartes/teastore/auth/security/IKeyProvider.java
teastore,removed_Auth,Auth,services/tools.descartes.teastore.auth/src/main/java/tools/descartes/teastore/auth/security/ISecurityProvider.java
teastore,removed_Auth,Auth,services/tools.descartes.teastore.auth/src/main/java/tools/descartes/teastore/auth/security/ISessionIdGenerator.java
teastore,removed_Auth,Auth,services/tools.descartes.teastore.auth/src/main/java/tools/descartes/teastore/auth/security/RandomSessionIdGenerator.java
teastore,removed_Auth,Auth,services/tools.descartes.teastore.auth/src/main/java/tools/descartes/teastore/auth/security/ShaSecurityProvider.java
teastore,removed_Auth,Auth,services/tools.descartes.teastore.auth/src/main/java/tools/descartes/teastore/auth/startup/AuthStartup.java
teastore,removed_Auth,Auth,utilities/tools.descartes.teastore.dockermemoryconfigurator/src/main/java/tools/descartes/teastore/dockermemoryconfigurator/Configurator.java
teastore,removed_Auth,Auth,utilities/tools.descartes.teastore.kieker.probes/src/main/java/tools/descartes/teastore/kieker/probes/AbstractOperationExecutionWithParameterAspect.java
teastore,removed_Auth,Auth,utilities/tools.descartes.teastore.kieker.probes/src/main/java/tools/descartes/teastore/kieker/probes/records/IPayloadCharacterization.java
teastore,removed_Auth,Auth,utilities/tools.descartes.teastore.kieker.probes/src/main/java/tools/descartes/teastore/kieker/probes/records/OperationExecutionWithParametersRecord.java
teastore,removed_Auth,Auth,utilities/tools.descartes.teastore.kieker.rabbitmq/src/main/java/tools/descartes/teastore/kieker/rabbitmq/DisplayLogs.java
teastore,removed_Auth,Auth,utilities/tools.descartes.teastore.kieker.rabbitmq/src/main/java/tools/descartes/teastore/kieker/rabbitmq/FileWriterDaemon.java
teastore,removed_Auth,Auth,utilities/tools.descartes.teastore.kieker.rabbitmq/src/main/java/tools/descartes/teastore/kieker/rabbitmq/IndexServlet.java
teastore,removed_Auth,Auth,utilities/tools.descartes.teastore.kieker.rabbitmq/src/main/java/tools/descartes/teastore/kieker/rabbitmq/LogConsumer.java
teastore,removed_Auth,Auth,utilities/tools.descartes.teastore.kieker.rabbitmq/src/main/java/tools/descartes/teastore/kieker/rabbitmq/LogReaderDaemon.java
teastore,removed_Auth,Auth,utilities/tools.descartes.teastore.kieker.rabbitmq/src/main/java/tools/descartes/teastore/kieker/rabbitmq/LogReaderStartup.java
teastore,removed_Auth,Auth,utilities/tools.descartes.teastore.kieker.rabbitmq/src/main/java/tools/descartes/teastore/kieker/rabbitmq/MemoryLogStorage.java
teastore,removed_Auth,Auth,utilities/tools.descartes.teastore.kieker.rabbitmq/src/main/java/tools/descartes/teastore/kieker/rabbitmq/Reset.java
teastore,removed_Auth,Auth,utilities/tools.descartes.teastore.registryclient/src/main/java/tools/descartes/teastore/registryclient/rest/NonBalancedCRUDOperations.java
teastore,removed_Auth,Auth,utilities/tools.descartes.teastore.registryclient/src/main/java/tools/descartes/teastore/registryclient/util/AbstractCRUDEndpoint.java
teastore,removed_Persistence,Persistence,interfaces/tools.descartes.teastore.entities/src/main/java/tools/descartes/teastore/entities/Category.java
teastore,removed_Persistence,Persistence,interfaces/tools.descartes.teastore.entities/src/main/java/tools/descartes/teastore/entities/ImageSize.java
teastore,removed_Persistence,Persistence,interfaces/tools.descartes.teastore.entities/src/main/java/tools/descartes/teastore/entities/ImageSizePreset.java
teastore,removed_Persistence,Persistence,interfaces/tools.descartes.teastore.entities/src/main/java/tools/descartes/teastore/entities/Order.java
teastore,removed_Persistence,Persistence,interfaces/tools.descartes.teastore.entities/src/main/java/tools/descartes/teastore/entities/OrderItem.java
teastore,removed_Persistence,Persistence,interfaces/tools.descartes.teastore.entities/src/main/java/tools/descartes/teastore/entities/Product.java
teastore,removed_Persistence,Persistence,interfaces/tools.descartes.teastore.entities/src/main/java/tools/descartes/teastore/entities/User.java
teastore,removed_Persistence,Persistence,interfaces/tools.descartes.teastore.entities/src/main/java/tools/descartes/teastore/entities/message/SessionBlob.java
teastore,removed_Persistence,Persistence,services/tools.descartes.teastore.persistence/src/main/java/tools/descartes/teastore/persistence/daemons/InitialDataGenerationDaemon.java
teastore,removed_Persistence,Persistence,services/tools.descartes.teastore.persistence/src/main/java/tools/descartes/teastore/persistence/domain/CategoryRepository.java
teastore,removed_Persistence,Persistence,services/tools.descartes.teastore.persistence/src/main/java/tools/descartes/teastore/persistence/domain/OrderItemRepository.java
teastore,removed_Persistence,Persistence,services/tools.descartes.teastore.persistence/src/main/java/tools/descartes/teastore/persistence/domain/OrderRepository.java
teastore,removed_Persistence,Persistence,services/tools.descartes.teastore.persistence/src/main/java/tools/descartes/teastore/persistence/domain/PersistenceCategory.java
teastore,removed_Persistence,Persistence,services/tools.descartes.teastore.persistence/src/main/java/tools/descartes/teastore/persistence/domain/PersistenceOrder.java
teastore,removed_Persistence,Persistence,services/tools.descartes.teastore.persistence/src/main/java/tools/descartes/teastore/persistence/domain/PersistenceOrderItem.java
teastore,removed_Persistence,Persistence,services/tools.descartes.teastore.persistence/src/main/java/tools/descartes/teastore/persistence/domain/PersistenceProduct.java
teastore,removed_Persistence,Persistence,services/tools.descartes.teastore.persistence/src/main/java/tools/descartes/teastore/persistence/domain/PersistenceUser.java
teastore,removed_Persistence,Persistence,services/tools.descartes.teastore.persistence/src/main/java/tools/descartes/teastore/persistence/domain/ProductRepository.java
teastore,removed_Persistence,Persistence,services/tools.descartes.teastore.persistence/src/main/java/tools/descartes/teastore/persistence/domain/UserRepository.java
teastore,removed_Persistence,Persistence,services/tools.descartes.teastore.persistence/src/main/java/tools/descartes/teastore/persistence/domain/converters/LocalDateAttributeConverter.java
teastore,removed_Persistence,Persistence,services/tools.descartes.teastore.persistence/src/main/java/tools/descartes/teastore/persistence/domain/converters/LocalDateTimeAttributeConverter.java
teastore,removed_Persistence,Persistence,services/tools.descartes.teastore.persistence/src/main/java/tools/descartes/teastore/persistence/repository/AbstractPersistenceRepository.java
teastore,removed_Persistence,Persistence,services/tools.descartes.teastore.persistence/src/main/java/tools/descartes/teastore/persistence/repository/CacheManager.java
teastore,removed_Persistence,Persistence,services/tools.descartes.teastore.persistence/src/main/java/tools/descartes/teastore/persistence/repository/DataGenerator.java
teastore,removed_Persistence,Persistence,services/tools.descartes.teastore.persistence/src/main/java/tools/descartes/teastore/persistence/repository/DatabaseManagementEntity.java
teastore,removed_Persistence,Persistence,services/tools.descartes.teastore.persistence/src/main/java/tools/descartes/teastore/persistence/repository/EMFManager.java
teastore,removed_Persistence,Persistence,services/tools.descartes.teastore.persistence/src/main/java/tools/descartes/teastore/persistence/rest/CacheManagerEndpoint.java
teastore,removed_Persistence,Persistence,services/tools.descartes.teastore.persistence/src/main/java/tools/descartes/teastore/persistence/rest/CategoryEndpoint.java
teastore,removed_Persistence,Persistence,services/tools.descartes.teastore.persistence/src/main/java/tools/descartes/teastore/persistence/rest/DatabaseGenerationEndpoint.java
teastore,removed_Persistence,Persistence,services/tools.descartes.teastore.persistence/src/main/java/tools/descartes/teastore/persistence/rest/OrderEndpoint.java
teastore,removed_Persistence,Persistence,services/tools.descartes.teastore.persistence/src/main/java/tools/descartes/teastore/persistence/rest/OrderItemEndpoint.java
teastore,removed_Persistence,Persistence,services/tools.descartes.teastore.persistence/src/main/java/tools/descartes/teastore/persistence/rest/ProductEndpoint.java
teastore,removed_Persistence,Persistence,services/tools.descartes.teastore.persistence/src/main/java/tools/descartes/teastore/persistence/rest/UserEndpoint.java
teastore,removed_Persistence,Persistence,services/tools.descartes.teastore.persistence/src/main/java/tools/descartes/teastore/persistence/servlet/IndexServlet.java
teastore,removed_Persistence,Persistence,utilities/tools.descartes.teastore.dockermemoryconfigurator/src/main/java/tools/descartes/teastore/dockermemoryconfigurator/Configurator.java
teastore,removed_Persistence,Persistence,utilities/tools.descartes.teastore.kieker.probes/src/main/java/tools/descartes/teastore/kieker/probes/AbstractOperationExecutionWithParameterAspect.java
teastore,removed_Persistence,Persistence,utilities/tools.descartes.teastore.kieker.probes/src/main/java/tools/descartes/teastore/kieker/probes/records/IPayloadCharacterization.java
teastore,removed_Persistence,Persistence,utilities/tools.descartes.teastore.kieker.probes/src/main/java/tools/descartes/teastore/kieker/probes/records/OperationExecutionWithParametersRecord.java
teastore,removed_Persistence,Persistence,utilities/tools.descartes.teastore.kieker.rabbitmq/src/main/java/tools/descartes/teastore/kieker/rabbitmq/DisplayLogs.java
teastore,removed_Persistence,Persistence,utilities/tools.descartes.teastore.kieker.rabbitmq/src/main/java/tools/descartes/teastore/kieker/rabbitmq/FileWriterDaemon.java
teastore,removed_Persistence,Persistence,utilities/tools.descartes.teastore.kieker.rabbitmq/src/main/java/tools/descartes/teastore/kieker/rabbitmq/IndexServlet.java
teastore,removed_Persistence,Persistence,utilities/tools.descartes.teastore.kieker.rabbitmq/src/main/java/tools/descartes/teastore/kieker/rabbitmq/LogConsumer.java
teastore,removed_Persistence,Persistence,utilities/tools.descartes.teastore.kieker.rabbitmq/src/main/java/tools/descartes/teastore/kieker/rabbitmq/LogReaderDaemon.java
teastore,removed_Persistence,Persistence,utilities/tools.descartes.teastore.kieker.rabbitmq/src/main/java/tools/descartes/teastore/kieker/rabbitmq/LogReaderStartup.java
teastore,removed_Persistence,Persistence,utilities/tools.descartes.teastore.kieker.rabbitmq/src/main/java/tools/descartes/teastore/kieker/rabbitmq/MemoryLogStorage.java
teastore,removed_Persistence,Persistence,utilities/tools.descartes.teastore.kieker.rabbitmq/src/main/java/tools/descartes/teastore/kieker/rabbitmq/Reset.java
teastore,removed_Recommender,Recommender,interfaces/tools.descartes.teastore.entities/src/main/java/tools/descartes/teastore/entities/Category.java
teastore,removed_Recommender,Recommender,interfaces/tools.descartes.teastore.entities/src/main/java/tools/descartes/teastore/entities/ImageSize.java
teastore,removed_Recommender,Recommender,interfaces/tools.descartes.teastore.entities/src/main/java/tools/descartes/teastore/entities/ImageSizePreset.java
teastore,removed_Recommender,Recommender,interfaces/tools.descartes.teastore.entities/src/main/java/tools/descartes/teastore/entities/Order.java
teastore,removed_Recommender,Recommender,interfaces/tools.descartes.teastore.entities/src/main/java/tools/descartes/teastore/entities/OrderItem.java
teastore,removed_Recommender,Recommender,interfaces/tools.descartes.teastore.entities/src/main/java/tools/descartes/teastore/entities/Product.java
teastore,removed_Recommender,Recommender,interfaces/tools.descartes.teastore.entities/src/main/java/tools/descartes/teastore/entities/User.java
teastore,removed_Recommender,Recommender,interfaces/tools.descartes.teastore.entities/src/main/java/tools/descartes/teastore/entities/message/SessionBlob.java
teastore,removed_Recommender,Recommender,services/tools.descartes.teastore.persistence/src/main/java/tools/descartes/teastore/persistence/servlet/IndexServlet.java
teastore,removed_Recommender,Recommender,services/tools.descartes.teastore.recommender/src/main/java/tools/descartes/teastore/recommender/algorithm/AbstractRecommender.java
teastore,removed_Recommender,Recommender,services/tools.descartes.teastore.recommender/src/main/java/tools/descartes/teastore/recommender/algorithm/IRecommender.java
teastore,removed_Recommender,Recommender,services/tools.descartes.teastore.recommender/src/main/java/tools/descartes/teastore/recommender/algorithm/OrderItemSet.java
teastore,removed_Recommender,Recommender,services/tools.descartes.teastore.recommender/src/main/java/tools/descartes/teastore/recommender/algorithm/RecommenderSelector.java
teastore,removed_Recommender,Recommender,services/tools.descartes.teastore.recommender/src/main/java/tools/descartes/teastore/recommender/algorithm/impl/DummyRecommender.java
teastore,removed_Recommender,Recommender,services/tools.descartes.teastore.recommender/src/main/java/tools/descartes/teastore/recommender/algorithm/impl/UseFallBackException.java
teastore,removed_Recommender,Recommender,services/tools.descartes.teastore.recommender/src/main/java/tools/descartes/teastore/recommender/algorithm/impl/cf/PreprocessedSlopeOneRecommender.java
teastore,removed_Recommender,Recommender,services/tools.descartes.teastore.recommender/src/main/java/tools/descartes/teastore/recommender/algorithm/impl/cf/SlopeOneRecommender.java
teastore,removed_Recommender,Recommender,services/tools.descartes.teastore.recommender/src/main/java/tools/descartes/teastore/recommender/algorithm/impl/orderbased/OrderBasedRecommender.java
teastore,removed_Recommender,Recommender,services/tools.descartes.teastore.recommender/src/main/java/tools/descartes/teastore/recommender/algorithm/impl/pop/PopularityBasedRecommender.java
teastore,removed_Recommender,Recommender,services/tools.descartes.teastore.recommender/src/main/java/tools/descartes/teastore/recommender/rest/RecommendEndpoint.java
teastore,removed_Recommender,Recommender,services/tools.descartes.teastore.recommender/src/main/java/tools/descartes/teastore/recommender/rest/RecommendSingleEndpoint.java
teastore,removed_Recommender,Recommender,services/tools.descartes.teastore.recommender/src/main/java/tools/descartes/teastore/recommender/rest/TrainEndpoint.java
teastore,removed_Recommender,Recommender,services/tools.descartes.teastore.recommender/src/main/java/tools/descartes/teastore/recommender/servlet/IndexServlet.java
teastore,removed_Recommender,Recommender,services/tools.descartes.teastore.recommender/src/main/java/tools/descartes/teastore/recommender/servlet/RecommenderStartup.java
teastore,removed_Recommender,Recommender,services/tools.descartes.teastore.recommender/src/main/java/tools/descartes/teastore/recommender/servlet/RetrainDaemon.java
teastore,removed_Recommender,Recommender,services/tools.descartes.teastore.recommender/src/main/java/tools/descartes/teastore/recommender/servlet/TrainingSynchronizer.java
teastore,removed_Recommender,Recommender,utilities/tools.descartes.teastore.dockermemoryconfigurator/src/main/java/tools/descartes/teastore/dockermemoryconfigurator/Configurator.java
teastore,removed_Recommender,Recommender,utilities/tools.descartes.teastore.kieker.probes/src/main/java/tools/descartes/teastore/kieker/probes/AbstractOperationExecutionWithParameterAspect.java
teastore,removed_Recommender,Recommender,utilities/tools.descartes.teastore.kieker.probes/src/main/java/tools/descartes/teastore/kieker/probes/records/IPayloadCharacterization.java
teastore,removed_Recommender,Recommender,utilities/tools.descartes.teastore.kieker.probes/src/main/java/tools/descartes/teastore/kieker/probes/records/OperationExecutionWithParametersRecord.java
teastore,removed_Recommender,Recommender,utilities/tools.descartes.teastore.kieker.rabbitmq/src/main/java/tools/descartes/teastore/kieker/rabbitmq/DisplayLogs.java
teastore,removed_Recommender,Recommender,utilities/tools.descartes.teastore.kieker.rabbitmq/src/main/java/tools/descartes/teastore/kieker/rabbitmq/FileWriterDaemon.java
teastore,removed_Recommender,Recommender,utilities/tools.descartes.teastore.kieker.rabbitmq/src/main/java/tools/descartes/teastore/kieker/rabbitmq/IndexServlet.java
teastore,removed_Recommender,Recommender,utilities/tools.descartes.teastore.kieker.rabbitmq/src/main/java/tools/descartes/teastore/kieker/rabbitmq/LogConsumer.java
teastore,removed_Recommender,Recommender,utilities/tools.descartes.teastore.kieker.rabbitmq/src/main/java/tools/descartes/teastore/kieker/rabbitmq/LogReaderDaemon.java
teastore,removed_Recommender,Recommender,utilities/tools.descartes.teastore.kieker.rabbitmq/src/main/java/tools/descartes/teastore/kieker/rabbitmq/LogReaderStartup.java
teastore,removed_Recommender,Recommender,utilities/tools.descartes.teastore.kieker.rabbitmq/src/main/java/tools/descartes/teastore/kieker/rabbitmq/MemoryLogStorage.java
teastore,removed_Recommender,Recommender,utilities/tools.descartes.teastore.kieker.rabbitmq/src/main/java/tools/descartes/teastore/kieker/rabbitmq/Reset.java
teastore,removed_Recommender,Recommender,utilities/tools.descartes.teastore.registryclient/src/main/java/tools/descartes/teastore/registryclient/util/AbstractCRUDEndpoint.java
teastore,removed_Registry,Registry,interfaces/tools.descartes.teastore.entities/src/main/java/tools/descartes/teastore/entities/Category.java
teastore,removed_Registry,Registry,interfaces/tools.descartes.teastore.entities/src/main/java/tools/descartes/teastore/entities/ImageSize.java
teastore,removed_Registry,Registry,interfaces/tools.descartes.teastore.entities/src/main/java/tools/descartes/teastore/entities/Order.java
teastore,removed_Registry,Registry,interfaces/tools.descartes.teastore.entities/src/main/java/tools/descartes/teastore/entities/OrderItem.java
teastore,removed_Registry,Registry,interfaces/tools.descartes.teastore.entities/src/main/java/tools/descartes/teastore/entities/Product.java
teastore,removed_Registry,Registry,interfaces/tools.descartes.teastore.entities/src/main/java/tools/descartes/teastore/entities/User.java
teastore,removed_Registry,Registry,interfaces/tools.descartes.teastore.entities/src/main/java/tools/descartes/teastore/entities/message/SessionBlob.java
teastore,removed_Registry,Registry,services/tools.descartes.teastore.auth/src/main/java/tools/descartes/teastore/auth/rest/ReadyRest.java
teastore,removed_Registry,Registry,services/tools.descartes.teastore.auth/src/main/java/tools/descartes/teastore/auth/startup/AuthStartup.java
teastore,removed_Registry,Registry,services/tools.descartes.teastore.image/src/main/java/tools/descartes/teastore/image/setup/CreatorRunner.java
teastore,removed_Registry,Registry,services/tools.descartes.teastore.persistence/src/main/java/tools/descartes/teastore/persistence/rest/CacheManagerEndpoint.java
teastore,removed_Registry,Registry,services/tools.descartes.teastore.registry/src/main/java/tools/descartes/teastore/registry/rest/HeartbeatInfo.java
teastore,removed_Registry,Registry,services/tools.descartes.teastore.registry/src/main/java/tools/descartes/teastore/registry/rest/Registry.java
teastore,removed_Registry,Registry,services/tools.descartes.teastore.registry/src/main/java/tools/descartes/teastore/registry/rest/RegistryREST.java
teastore,removed_Registry,Registry,services/tools.descartes.teastore.registry/src/main/java/tools/descartes/teastore/registry/rest/RegistryStartup.java
teastore,removed_Registry,Registry,services/tools.descartes.teastore.registry/src/main/java/tools/descartes/teastore/registry/servlet/IndexServlet.java
teastore,removed_Registry,Registry,utilities/tools.descartes.teastore.dockermemoryconfigurator/src/main/java/tools/descartes/teastore/dockermemoryconfigurator/Configurator.java
teastore,removed_Registry,Registry,utilities/tools.descartes.teastore.kieker.probes/src/main/java/tools/descartes/teastore/kieker/probes/AbstractOperationExecutionWithParameterAspect.java
teastore,removed_Registry,Registry,utilities/tools.descartes.teastore.kieker.probes/src/main/java/tools/descartes/teastore/kieker/probes/records/IPayloadCharacterization.java
teastore,removed_Registry,Registry,utilities/tools.descartes.teastore.kieker.probes/src/main/java/tools/descartes/teastore/kieker/probes/records/OperationExecutionWithParametersRecord.java
teastore,removed_Registry,Registry,utilities/tools.descartes.teastore.kieker.rabbitmq/src/main/java/tools/descartes/teastore/kieker/rabbitmq/DisplayLogs.java
teastore,removed_Registry,Registry,utilities/tools.descartes.teastore.kieker.rabbitmq/src/main/java/tools/descartes/teastore/kieker/rabbitmq/FileWriterDaemon.java
teastore,removed_Registry,Registry,utilities/tools.descartes.teastore.kieker.rabbitmq/src/main/java/tools/descartes/teastore/kieker/rabbitmq/IndexServlet.java
teastore,removed_Registry,Registry,utilities/tools.descartes.teastore.kieker.rabbitmq/src/main/java/tools/descartes/teastore/kieker/rabbitmq/LogConsumer.java
teastore,removed_Registry,Registry,utilities/tools.descartes.teastore.kieker.rabbitmq/src/main/java/tools/descartes/teastore/kieker/rabbitmq/LogReaderDaemon.java
teastore,removed_Registry,Registry,utilities/tools.descartes.teastore.kieker.rabbitmq/src/main/java/tools/descartes/teastore/kieker/rabbitmq/LogReaderStartup.java
teastore,removed_Registry,Registry,utilities/tools.descartes.teastore.kieker.rabbitmq/src/main/java/tools/descartes/teastore/kieker/rabbitmq/MemoryLogStorage.java
teastore,removed_Registry,Registry,utilities/tools.descartes.teastore.kieker.rabbitmq/src/main/java/tools/descartes/teastore/kieker/rabbitmq/Reset.java
teastore,removed_Registry,Registry,utilities/tools.descartes.teastore.registryclient/src/main/java/tools/descartes/teastore/registryclient/RegistryClient.java
teastore,removed_Registry,Registry,utilities/tools.descartes.teastore.registryclient/src/main/java/tools/descartes/teastore/registryclient/RegistryClientHeartbeatDaemon.java
teastore,removed_Registry,Registry,utilities/tools.descartes.teastore.registryclient/src/main/java/tools/descartes/teastore/registryclient/Service.java
teastore,removed_Registry,Registry,utilities/tools.descartes.teastore.registryclient/src/main/java/tools/descartes/teastore/registryclient/StartupCallback.java
teastore,removed_Registry,Registry,utilities/tools.descartes.teastore.registryclient/src/main/java/tools/descartes/teastore/registryclient/StartupCallbackTask.java
teastore,removed_Registry,Registry,utilities/tools.descartes.teastore.registryclient/src/main/java/tools/descartes/teastore/registryclient/loadbalancers/EndpointClientCollection.java
teastore,removed_Registry,Registry,utilities/tools.descartes.teastore.registryclient/src/main/java/tools/descartes/teastore/registryclient/loadbalancers/LoadBalancerTimeoutException.java
teastore,removed_Registry,Registry,utilities/tools.descartes.teastore.registryclient/src/main/java/tools/descartes/teastore/registryclient/loadbalancers/LoadBalancerUpdaterDaemon.java
teastore,removed_Registry,Registry,utilities/tools.descartes.teastore.registryclient/src/main/java/tools/descartes/teastore/registryclient/loadbalancers/ServiceLoadBalancer.java
teastore,removed_Registry,Registry,utilities/tools.descartes.teastore.registryclient/src/main/java/tools/descartes/teastore/registryclient/loadbalancers/ServiceLoadBalancerResult.java
teastore,removed_Registry,Registry,utilities/tools.descartes.teastore.registryclient/src/main/java/tools/descartes/teastore/registryclient/rest/CharResponseWrapper.java
teastore,removed_Registry,Registry,utilities/tools.descartes.teastore.registryclient/src/main/java/tools/descartes/teastore/registryclient/rest/HttpWrapper.java
teastore,removed_Registry,Registry,utilities/tools.descartes.teastore.registryclient/src/main/java/tools/descartes/teastore/registryclient/rest/LoadBalancedCRUDOperations.java
teastore,removed_Registry,Registry,utilities/tools.descartes.teastore.registryclient/src/main/java/tools/descartes/teastore/registryclient/rest/LoadBalancedImageOperations.java
teastore,removed_Registry,Registry,utilities/tools.descartes.teastore.registryclient/src/main/java/tools/descartes/teastore/registryclient/rest/LoadBalancedRecommenderOperations.java
teastore,removed_Registry,Registry,utilities/tools.descartes.teastore.registryclient/src/main/java/tools/descartes/teastore/registryclient/rest/LoadBalancedStoreOperations.java
teastore,removed_Registry,Registry,utilities/tools.descartes.teastore.registryclient/src/main/java/tools/descartes/teastore/registryclient/rest/NonBalancedCRUDOperations.java
teastore,removed_Registry,Registry,utilities/tools.descartes.teastore.registryclient/src/main/java/tools/descartes/teastore/registryclient/rest/ResponseWrapper.java
teastore,removed_Registry,Registry,utilities/tools.descartes.teastore.registryclient/src/main/java/tools/descartes/teastore/registryclient/rest/RestUtil.java
teastore,removed_Registry,Registry,utilities/tools.descartes.teastore.registryclient/src/main/java/tools/descartes/teastore/registryclient/rest/TrackingFilter.java
teastore,removed_Registry,Registry,utilities/tools.descartes.teastore.registryclient/src/main/java/tools/descartes/teastore/registryclient/tracing/Tracing.java
teastore,removed_Registry,Registry,utilities/tools.descartes.teastore.registryclient/src/main/java/tools/descartes/teastore/registryclient/util/AbstractCRUDEndpoint.java
teastore,removed_Registry,Registry,utilities/tools.descartes.teastore.registryclient/src/main/java/tools/descartes/teastore/registryclient/util/NotFoundException.java
teastore,removed_Registry,Registry,utilities/tools.descartes.teastore.registryclient/src/main/java/tools/descartes/teastore/registryclient/util/RESTClient.java
teastore,removed_Registry,Registry,utilities/tools.descartes.teastore.registryclient/src/main/java/tools/descartes/teastore/registryclient/util/TimeoutException.java
teastore,removed_WebUI,WebUI,interfaces/tools.descartes.teastore.entities/src/main/java/tools/descartes/teastore/entities/Category.java
teastore,removed_WebUI,WebUI,interfaces/tools.descartes.teastore.entities/src/main/java/tools/descartes/teastore/entities/ImageSize.java
teastore,removed_WebUI,WebUI,interfaces/tools.descartes.teastore.entities/src/main/java/tools/descartes/teastore/entities/ImageSizePreset.java
teastore,removed_WebUI,WebUI,interfaces/tools.descartes.teastore.entities/src/main/java/tools/descartes/teastore/entities/Order.java
teastore,removed_WebUI,WebUI,interfaces/tools.descartes.teastore.entities/src/main/java/tools/descartes/teastore/entities/OrderItem.java
teastore,removed_WebUI,WebUI,interfaces/tools.descartes.teastore.entities/src/main/java/tools/descartes/teastore/entities/Product.java
teastore,removed_WebUI,WebUI,interfaces/tools.descartes.teastore.entities/src/main/java/tools/descartes/teastore/entities/User.java
teastore,removed_WebUI,WebUI,interfaces/tools.descartes.teastore.entities/src/main/java/tools/descartes/teastore/entities/message/SessionBlob.java
teastore,removed_WebUI,WebUI,services/tools.descartes.teastore.auth/src/main/java/tools/descartes/teastore/auth/rest/ReadyRest.java
teastore,removed_WebUI,WebUI,services/tools.descartes.teastore.persistence/src/main/java/tools/descartes/teastore/persistence/servlet/IndexServlet.java
teastore,removed_WebUI,WebUI,services/tools.descartes.teastore.webui/src/main/java/tools/descartes/teastore/webui/rest/ReadyRest.java
teastore,removed_WebUI,WebUI,services/tools.descartes.teastore.webui/src/main/java/tools/descartes/teastore/webui/servlet/AboutUsServlet.java
teastore,removed_WebUI,WebUI,services/tools.descartes.teastore.webui/src/main/java/tools/descartes/teastore/webui/servlet/AbstractUIServlet.java
teastore,removed_WebUI,WebUI,services/tools.descartes.teastore.webui/src/main/java/tools/descartes/teastore/webui/servlet/CartActionServlet.java
teastore,removed_WebUI,WebUI,services/tools.descartes.teastore.webui/src/main/java/tools/descartes/teastore/webui/servlet/CartServlet.java
teastore,removed_WebUI,WebUI,services/tools.descartes.teastore.webui/src/main/java/tools/descartes/teastore/webui/servlet/CategoryServlet.java
teastore,removed_WebUI,WebUI,services/tools.descartes.teastore.webui/src/main/java/tools/descartes/teastore/webui/servlet/DataBaseActionServlet.java
teastore,removed_WebUI,WebUI,services/tools.descartes.teastore.webui/src/main/java/tools/descartes/teastore/webui/servlet/DataBaseServlet.java
teastore,removed_WebUI,WebUI,services/tools.descartes.teastore.webui/src/main/java/tools/descartes/teastore/webui/servlet/ErrorServlet.java
teastore,removed_WebUI,WebUI,services/tools.descartes.teastore.webui/src/main/java/tools/descartes/teastore/webui/servlet/IndexServlet.java
teastore,removed_WebUI,WebUI,services/tools.descartes.teastore.webui/src/main/java/tools/descartes/teastore/webui/servlet/LoginActionServlet.java
teastore,removed_WebUI,WebUI,services/tools.descartes.teastore.webui/src/main/java/tools/descartes/teastore/webui/servlet/OrderServlet.java
teastore,removed_WebUI,WebUI,services/tools.descartes.teastore.webui/src/main/java/tools/descartes/teastore/webui/servlet/ProductServlet.java
teastore,removed_WebUI,WebUI,services/tools.descartes.teastore.webui/src/main/java/tools/descartes/teastore/webui/servlet/ProfileServlet.java
teastore,removed_WebUI,WebUI,services/tools.descartes.teastore.webui/src/main/java/tools/descartes/teastore/webui/servlet/StatusServlet.java
teastore,removed_WebUI,WebUI,services/tools.descartes.teastore.webui/src/main/java/tools/descartes/teastore/webui/servlet/elhelper/ELHelperUtils.java
teastore,removed_WebUI,WebUI,services/tools.descartes.teastore.webui/src/main/java/tools/descartes/teastore/webui/startup/WebuiStartup.java
teastore,removed_WebUI,WebUI,utilities/tools.descartes.teastore.dockermemoryconfigurator/src/main/java/tools/descartes/teastore/dockermemoryconfigurator/Configurator.java
teastore,removed_WebUI,WebUI,utilities/tools.descartes.teastore.kieker.probes/src/main/java/tools/descartes/teastore/kieker/probes/AbstractOperationExecutionWithParameterAspect.java
teastore,removed_WebUI,WebUI,utilities/tools.descartes.teastore.kieker.probes/src/main/java/tools/descartes/teastore/kieker/probes/records/IPayloadCharacterization.java
teastore,removed_WebUI,WebUI,utilities/tools.descartes.teastore.kieker.probes/src/main/java/tools/descartes/teastore/kieker/probes/records/OperationExecutionWithParametersRecord.java
teastore,removed_WebUI,WebUI,utilities/tools.descartes.teastore.kieker.rabbitmq/src/main/java/tools/descartes/teastore/kieker/rabbitmq/DisplayLogs.java
teastore,removed_WebUI,WebUI,utilities/tools.descartes.teastore.kieker.rabbitmq/src/main/java/tools/descartes/teastore/kieker/rabbitmq/FileWriterDaemon.java
teastore,removed_WebUI,WebUI,utilities/tools.descartes.teastore.kieker.rabbitmq/src/main/java/tools/descartes/teastore/kieker/rabbitmq/IndexServlet.java
teastore,removed_WebUI,WebUI,utilities/tools.descartes.teastore.kieker.rabbitmq/src/main/java/tools/descartes/teastore/kieker/rabbitmq/LogConsumer.java
teastore,removed_WebUI,WebUI,utilities/tools.descartes.teastore.kieker.rabbitmq/src/main/java/tools/descartes/teastore/kieker/rabbitmq/LogReaderDaemon.java
teastore,removed_WebUI,WebUI,utilities/tools.descartes.teastore.kieker.rabbitmq/src/main/java/tools/descartes/teastore/kieker/rabbitmq/LogReaderStartup.java
teastore,removed_WebUI,WebUI,utilities/tools.descartes.teastore.kieker.rabbitmq/src/main/java/tools/descartes/teastore/kieker/rabbitmq/MemoryLogStorage.java
teastore,removed_WebUI,WebUI,utilities/tools.descartes.teastore.kieker.rabbitmq/src/main/java/tools/descartes/teastore/kieker/rabbitmq/Reset.java
teastore,removed_WebUI,WebUI,utilities/tools.descartes.teastore.registryclient/src/main/java/tools/descartes/teastore/registryclient/rest/LoadBalancedRecommenderOperations.java
