file_path,datasets,environments,policies,robot_devices,utilities,best_module,best_likelihood
lerobot\src\lerobot\cameras\opencv\__init__.py,0.0,0.0,0.0,2.2950286865234375,0.0,robot_devices,2.2950286865234375
lerobot\examples\lekiwi\replay.py,40.94869613647461,3.418224811553955,1.728687047958374,39.692970275878906,6.1779351234436035,datasets,40.94869613647461
lerobot\src\lerobot\robots\openarm_follower\config_openarm_follower.py,9.05848503112793,4.171632289886475,1.4389569759368896,48.190738677978516,3.6888952255249023,robot_devices,48.190738677978516
lerobot\src\lerobot\robots\hope_jr\hope_jr_hand.py,7.636185646057129,4.530284404754639,6.485819339752197,58.2678337097168,11.810100555419922,robot_devices,58.2678337097168
lerobot\src\lerobot\envs\robomme.py,43.6599006652832,5.37662935256958,4.181667327880859,0.6227632761001587,8.750075340270996,datasets,43.6599006652832
lerobot\src\lerobot\async_inference\robot_client.py,11.505450248718262,73.87355041503906,19.758026123046875,103.59265899658203,16.7310848236084,robot_devices,103.59265899658203
lerobot\tests\policies\pi0_pi05\test_pi05.py,45.60172653198242,7.977171897888184,93.61795043945312,34.36286544799805,10.997151374816895,policies,93.61795043945312
lerobot\src\lerobot\utils\robot_utils.py,0.7428570985794067,2.225213050842285,1.2028813362121582,41.5502815246582,2.8255746364593506,robot_devices,41.5502815246582
lerobot\src\lerobot\motors\dynamixel\__init__.py,0.0,0.0,0.0,2.6843740940093994,0.0,robot_devices,2.6843740940093994
lerobot\tests\policies\test_gaussian_actor_config.py,45.611019134521484,6.474318027496338,84.1634521484375,31.003198623657227,13.298957824707031,policies,84.1634521484375
lerobot\src\lerobot\policies\molmoact2\configuration_molmoact2.py,43.632225036621094,8.958714485168457,84.20164489746094,9.212926864624023,15.480772972106934,policies,84.20164489746094
lerobot\tests\policies\lingbot_va\test_modules.py,14.767480850219727,9.049164772033691,84.09819030761719,32.749053955078125,17.057390213012695,policies,84.09819030761719
lerobot\src\lerobot\utils\io_utils.py,14.996593475341797,0.0,3.944535493850708,0.6579917073249817,7.33957576751709,datasets,14.996593475341797
lerobot\tests\policies\groot\test_groot_train_random_crop.py,9.061928749084473,4.503273010253906,65.26642608642578,32.05575180053711,11.81987476348877,policies,65.26642608642578
lerobot\tests\policies\vla_jepa\test_vla_jepa.py,53.29373550415039,11.1550874710083,82.6739501953125,56.38132858276367,18.453630447387695,policies,82.6739501953125
lerobot\examples\omx\record_grab.py,59.19980239868164,5.9930195808410645,5.882153034210205,45.10506820678711,13.681384086608887,datasets,59.19980239868164
lerobot\src\lerobot\motors\robstride\robstride.py,18.39657974243164,8.25162410736084,10.195944786071777,26.949811935424805,19.21932029724121,robot_devices,26.949811935424805
lerobot\src\lerobot\configs\policies.py,23.36748695373535,10.904885292053223,89.01297760009766,78.44607543945312,22.247013092041016,policies,89.01297760009766
lerobot\tests\processor\test_migration_detection.py,23.60211181640625,7.649497032165527,32.9671745300293,3.697080373764038,14.106427192687988,policies,32.9671745300293
lerobot\tests\policies\test_gaussian_actor_policy.py,87.05564880371094,9.681546211242676,68.52528381347656,2.249549150466919,17.073251724243164,datasets,87.05564880371094
lerobot\tests\policies\pi0_pi05\test_pi0.py,45.29684829711914,7.876799583435059,88.31640625,35.081878662109375,10.103092193603516,policies,88.31640625
lerobot\tests\fixtures\files.py,117.60767364501953,8.35403823852539,4.155274868011475,3.5495212078094482,15.515464782714844,datasets,117.60767364501953
lerobot\src\lerobot\async_inference\__init__.py,0.0,0.0,0.0,0.01284021232277155,2.4881529808044434,utilities,2.4881529808044434
lerobot\tests\conftest.py,97.0196533203125,7.214560508728027,17.72317123413086,37.675174713134766,15.108431816101074,datasets,97.0196533203125
lerobot\tests\policies\vla_jepa\conftest.py,12.877958297729492,3.6258716583251953,79.34517669677734,35.28178787231445,8.92606258392334,policies,79.34517669677734
lerobot\src\lerobot\robots\so_follower\so_follower.py,11.225028991699219,8.694091796875,8.56417179107666,60.97419738769531,20.20328140258789,robot_devices,60.97419738769531
lerobot\src\lerobot\robots\openarm_follower\__init__.py,0.0,0.736594021320343,0.0,39.869468688964844,0.0,robot_devices,39.869468688964844
lerobot\tests\cameras\test_realsense.py,10.729753494262695,4.602942943572998,4.454161643981934,36.814979553222656,9.517542839050293,robot_devices,36.814979553222656
lerobot\tests\datasets\test_quantiles_dataset_integration.py,114.67776489257812,3.2123332023620605,3.2544538974761963,3.579198122024536,14.470782279968262,datasets,114.67776489257812
lerobot\tests\policies\test_relative_actions.py,101.58934783935547,5.402666091918945,70.10523986816406,1.1331450939178467,13.046197891235352,datasets,101.58934783935547
lerobot\src\lerobot\teleoperators\homunculus\joints_translation.py,0.5456362962722778,0.5456362962722778,2.681295871734619,0.5570449233055115,1.0912725925445557,policies,2.681295871734619
lerobot\src\lerobot\teleoperators\keyboard\teleop_keyboard.py,8.873733520507812,54.39049530029297,5.418381690979004,51.268768310546875,14.152438163757324,environments,54.39049530029297
lerobot\src\lerobot\policies\xvla\action_hub.py,8.983328819274902,0.6411842703819275,64.64289855957031,1.0278681516647339,9.424600601196289,policies,64.64289855957031
lerobot\tests\policies\pi0_pi05\test_pi0_original_vs_lerobot.py,47.60810089111328,5.162398338317871,87.82099151611328,35.79254150390625,9.696684837341309,policies,87.82099151611328
lerobot\tests\utils\test_hub.py,10.622367858886719,6.576072692871094,8.475568771362305,2.6064939498901367,15.504597663879395,utilities,15.504597663879395
lerobot\src\lerobot\robots\koch_follower\config_koch_follower.py,6.274821758270264,3.9423811435699463,0.7545028924942017,43.57893753051758,3.146385908126831,robot_devices,43.57893753051758
lerobot\src\lerobot\annotations\steerable_pipeline\config.py,14.853938102722168,6.227207183837891,8.660019874572754,7.882373332977295,11.18265438079834,datasets,14.853938102722168
lerobot\src\lerobot\teleoperators\rebot_102_leader\rebot_102_leader.py,14.908243179321289,9.259644508361816,13.134105682373047,62.58070755004883,25.838268280029297,robot_devices,62.58070755004883
lerobot\src\lerobot\processor\hil_processor.py,14.739026069641113,2.3103883266448975,14.182195663452148,37.77971649169922,9.100181579589844,robot_devices,37.77971649169922
lerobot\src\lerobot\rl\queue.py,0.0,0.0,0.29603105783462524,2.323124408721924,0.29603105783462524,robot_devices,2.323124408721924
lerobot\src\lerobot\processor\newline_task_processor.py,7.3639373779296875,1.9500458240509033,7.0,0.012407099828124046,0.3772837519645691,datasets,7.3639373779296875
lerobot\src\lerobot\policies\molmoact2\__init__.py,1.3016167879104614,0.7378369569778442,73.58869934082031,0.4573209583759308,3.2140955924987793,policies,73.58869934082031
lerobot\src\lerobot\annotations\steerable_pipeline\validator.py,47.345821380615234,3.6259593963623047,5.452843189239502,7.129217147827148,12.853198051452637,datasets,47.345821380615234
lerobot\src\lerobot\teleoperators\homunculus\config_homunculus.py,5.160391330718994,0.0,0.8265935778617859,0.012649265117943287,1.6212892532348633,datasets,5.160391330718994
lerobot\src\lerobot\cameras\zmq\camera_zmq.py,16.460256576538086,6.606106758117676,9.914667129516602,6.672787666320801,15.10973072052002,datasets,16.460256576538086
lerobot\tests\mocks\mock_dynamixel.py,9.953221321105957,3.719308853149414,13.94584846496582,1.4484760761260986,5.668368816375732,policies,13.94584846496582
lerobot\src\lerobot\motors\damiao\__init__.py,0.0,0.0,0.0,2.6885805130004883,0.0,robot_devices,2.6885805130004883
lerobot\src\lerobot\policies\multi_task_dit\__init__.py,2.9254112243652344,1.579874038696289,73.46415710449219,0.4558241069316864,3.9294536113739014,policies,73.46415710449219
lerobot\tests\cameras\test_opencv.py,14.33016586303711,7.733607769012451,8.190396308898926,7.999235153198242,13.593330383300781,datasets,14.33016586303711
lerobot\src\lerobot\policies\evo1\evo1_model.py,11.791814804077148,3.6616439819335938,73.36295318603516,34.246185302734375,14.217065811157227,policies,73.36295318603516
lerobot\tests\datasets\test_dataset_metadata.py,118.34298706054688,12.102858543395996,6.1993255615234375,44.39043426513672,22.644710540771484,datasets,118.34298706054688
lerobot\tests\processor\test_policy_robot_bridge.py,7.536278247833252,8.707343101501465,27.61458396911621,43.20069122314453,2.455075979232788,robot_devices,43.20069122314453
lerobot\src\lerobot\__version__.py,0.0,0.0,0.0,0.013468525372445583,1.0,utilities,1.0
lerobot\src\lerobot\annotations\steerable_pipeline\modules\general_vqa.py,40.37129211425781,8.269975662231445,7.081220626831055,10.02310848236084,23.1214599609375,datasets,40.37129211425781
lerobot\examples\lekiwi\evaluate.py,54.898677825927734,88.24652099609375,25.003297805786133,77.72750091552734,15.22257137298584,environments,88.24652099609375
lerobot\tests\configs\test_plugin_loading.py,8.699505805969238,3.7930078506469727,10.444228172302246,1.0966343879699707,8.45898723602295,policies,10.444228172302246
lerobot\tests\datasets\test_delta_timestamps.py,93.97574615478516,3.806673526763916,3.5354015827178955,2.5536391735076904,5.473470211029053,datasets,93.97574615478516
lerobot\tests\processor\test_gaussian_actor_processor.py,24.01947593688965,6.206907272338867,21.9334716796875,35.449867248535156,7.052633762359619,robot_devices,35.449867248535156
lerobot\src\lerobot\scripts\lerobot_find_port.py,2.18200421333313,1.9895927906036377,0.0,28.894210815429688,6.033838272094727,robot_devices,28.894210815429688
lerobot\tests\policies\rtc\test_modeling_rtc.py,3.7924466133117676,2.8357491493225098,55.08318328857422,20.479080200195312,8.054580688476562,policies,55.08318328857422
lerobot\src\lerobot\robots\hope_jr\config_hope_jr.py,6.321742057800293,4.98894739151001,1.9427704811096191,44.206729888916016,5.537994384765625,robot_devices,44.206729888916016
lerobot\tests\datasets\test_streaming_video_encoder.py,100.86739349365234,2.58620285987854,3.5254733562469482,1.8951276540756226,10.754270553588867,datasets,100.86739349365234
lerobot\examples\rtc\eval_dataset.py,56.6369514465332,17.872812271118164,34.66476821899414,34.78846740722656,24.463212966918945,datasets,56.6369514465332
lerobot\src\lerobot\rollout\inference\factory.py,43.39804458618164,7.056859970092773,19.43548011779785,72.52273559570312,4.904962539672852,robot_devices,72.52273559570312
lerobot\src\lerobot\policies\act\processor_act.py,37.97454071044922,3.2418453693389893,94.9422378540039,33.425498962402344,5.670330047607422,policies,94.9422378540039
lerobot\src\lerobot\robots\robot.py,3.683624744415283,2.3817026615142822,2.2380056381225586,50.749542236328125,4.383886814117432,robot_devices,50.749542236328125
lerobot\src\lerobot\rollout\strategies\core.py,56.635841369628906,8.308903694152832,21.50617790222168,50.76874542236328,25.758384704589844,datasets,56.635841369628906
lerobot\src\lerobot\policies\groot\modeling_groot.py,30.139841079711914,12.525053024291992,96.61483764648438,38.851280212402344,33.35215377807617,policies,96.61483764648438
lerobot\src\lerobot\robots\lekiwi\__init__.py,0.0,0.736594021320343,0.0,39.869468688964844,0.0,robot_devices,39.869468688964844
lerobot\src\lerobot\scripts\lerobot_find_cameras.py,20.90182876586914,7.834700584411621,7.459450721740723,7.218672275543213,19.41983985900879,datasets,20.90182876586914
lerobot\src\lerobot\rl\learner.py,61.613189697265625,11.711604118347168,32.310096740722656,54.8723030090332,27.621370315551758,datasets,61.613189697265625
lerobot\src\lerobot\processor\device_processor.py,10.961946487426758,1.0,9.442399978637695,35.0670280456543,4.568697929382324,robot_devices,35.0670280456543
lerobot\src\lerobot\processor\__init__.py,4.510367393493652,3.47257661819458,16.975149154663086,40.35093307495117,0.3628164529800415,robot_devices,40.35093307495117
lerobot\src\lerobot\policies\__init__.py,1.3688560724258423,3.730968713760376,91.82489013671875,38.97496795654297,3.6295645236968994,policies,91.82489013671875
lerobot\src\lerobot\robots\lekiwi\lekiwi_host.py,12.396190643310547,8.695064544677734,5.303839683532715,45.916934967041016,13.06911849975586,robot_devices,45.916934967041016
lerobot\src\lerobot\rewards\robometer\modeling_robometer.py,14.844902038574219,3.673673391342163,12.454594612121582,31.751781463623047,15.088823318481445,robot_devices,31.751781463623047
lerobot\examples\isaac_teleop_to_so101\isaac_teleop\teleop_xr_controller.py,1.0688482522964478,4.506407737731934,1.3052964210510254,39.34123611450195,7.988920211791992,robot_devices,39.34123611450195
lerobot\src\lerobot\datasets\dataset_writer.py,115.75025939941406,7.994436740875244,9.418972969055176,7.936975002288818,20.101076126098633,datasets,115.75025939941406
lerobot\src\lerobot\policies\groot\__init__.py,1.3016167879104614,0.7378369569778442,73.58869934082031,0.47016724944114685,3.2140955924987793,policies,73.58869934082031
lerobot\src\lerobot\common\wandb_utils.py,54.86204147338867,11.322565078735352,27.5376033782959,5.034127712249756,20.367324829101562,datasets,54.86204147338867
lerobot\src\lerobot\robots\reachy2\configuration_reachy2.py,9.17919635772705,5.988725662231445,4.16530704498291,48.58386993408203,3.4550812244415283,robot_devices,48.58386993408203
lerobot\tests\annotations\test_modules.py,113.45372772216797,8.06096076965332,6.821236610412598,49.74845886230469,26.566938400268555,datasets,113.45372772216797
lerobot\src\lerobot\scripts\lerobot_eval.py,105.0482177734375,38.553932189941406,24.278717041015625,28.515993118286133,24.9682559967041,datasets,105.0482177734375
lerobot\examples\isaac_teleop_to_so101\isaac_teleop\xr_controller_processor.py,4.056527137756348,1.7727285623550415,8.0,41.62160873413086,2.3703510761260986,robot_devices,41.62160873413086
lerobot\src\lerobot\teleoperators\utils.py,2.390385866165161,1.2181605100631714,0.27132970094680786,73.1363525390625,1.151693344116211,robot_devices,73.1363525390625
lerobot\src\lerobot\optim\optimizers.py,9.500330924987793,5.080831527709961,1.9778707027435303,1.9432897567749023,8.410417556762695,datasets,9.500330924987793
lerobot\tests\envs\test_envs.py,16.077238082885742,61.34960174560547,11.947794914245605,6.898327827453613,20.853261947631836,environments,61.34960174560547
lerobot\tests\utils\test_io_utils.py,10.913636207580566,1.7288870811462402,10.10688304901123,1.6608679294586182,6.746351718902588,datasets,10.913636207580566
lerobot\setup.py,5.5512895584106445,1.9599851369857788,0.0,0.012407099828124046,1.0653939247131348,datasets,5.5512895584106445
lerobot\src\lerobot\async_inference\policy_server.py,14.22294807434082,58.312870025634766,90.91847229003906,61.347164154052734,19.11162757873535,policies,90.91847229003906
lerobot\tests\robots\test_unitree_g1.py,5.023066997528076,3.2850046157836914,4.326633930206299,50.95332717895508,7.298218250274658,robot_devices,50.95332717895508
lerobot\tests\teleoperators\test_rebot_102_leader.py,2.7396292686462402,1.0967459678649902,8.570769309997559,4.674060344696045,8.433948516845703,policies,8.570769309997559
lerobot\src\lerobot\policies\pi05\__init__.py,1.3016167879104614,0.7378369569778442,75.66926574707031,0.4573209583759308,3.2140955924987793,policies,75.66926574707031
lerobot\examples\dataset\use_dataset_tools.py,113.42777252197266,2.6307570934295654,5.045834064483643,3.9594125747680664,7.947160243988037,datasets,113.42777252197266
lerobot\src\lerobot\configs\dataset.py,41.554420471191406,4.800388336181641,1.2435848712921143,3.746955394744873,9.653716087341309,datasets,41.554420471191406
lerobot\src\lerobot\datasets\depth_utils.py,71.41268920898438,2.279972791671753,4.1630353927612305,1.9236705303192139,8.020318031311035,datasets,71.41268920898438
lerobot\examples\so100_to_so100_EE\teleoperate.py,9.973891258239746,4.037978649139404,3.071143627166748,44.211997985839844,6.930666923522949,robot_devices,44.211997985839844
lerobot\tests\policies\lingbot_va\test_configuration_lingbot_va.py,6.994378566741943,4.136662006378174,79.1491470336914,24.327880859375,5.454855442047119,policies,79.1491470336914
lerobot\src\lerobot\policies\groot\action_head\cross_attention_dit.py,11.300710678100586,5.85402774810791,60.75132369995117,2.0998687744140625,16.91507911682129,policies,60.75132369995117
lerobot\src\lerobot\policies\smolvla\processor_smolvla.py,37.70145797729492,3.43819260597229,98.0018310546875,31.630077362060547,5.483767986297607,policies,98.0018310546875
lerobot\src\lerobot\policies\pi05\configuration_pi05.py,17.15388298034668,6.04797887802124,85.96051788330078,25.76445770263672,8.595887184143066,policies,85.96051788330078
lerobot\src\lerobot\utils\bimanual.py,0.0,0.0,0.7224864959716797,0.39708492159843445,0.33507007360458374,policies,0.7224864959716797
lerobot\src\lerobot\processor\relative_action_processor.py,5.222461700439453,5.277745723724365,12.185592651367188,34.986427307128906,6.155529975891113,robot_devices,34.986427307128906
lerobot\src\lerobot\teleoperators\bi_so_leader\bi_so_leader.py,1.6306779384613037,1.9855425357818604,2.6483583450317383,50.18533706665039,5.0879058837890625,robot_devices,50.18533706665039
lerobot\src\lerobot\robots\bi_openarm_follower\bi_openarm_follower.py,10.39045238494873,4.606194972991943,2.704679250717163,61.122406005859375,6.002111434936523,robot_devices,61.122406005859375
lerobot\src\lerobot\data_processing\sarm_annotations\subtask_annotation.py,67.91343688964844,7.906917572021484,17.50787353515625,37.469417572021484,27.602384567260742,datasets,67.91343688964844
lerobot\tests\policies\multi_task_dit\test_multi_task_dit.py,44.785953521728516,6.294295310974121,78.2734375,34.15339660644531,13.1607666015625,policies,78.2734375
lerobot\src\lerobot\rewards\sarm\configuration_sarm.py,13.772721290588379,6.437523365020752,20.66777992248535,21.022615432739258,6.319395065307617,robot_devices,21.022615432739258
lerobot\src\lerobot\cameras\zmq\__init__.py,0.0,0.0,0.0,2.2950286865234375,0.0,robot_devices,2.2950286865234375
lerobot\tests\datasets\test_language.py,127.52287292480469,5.590198040008545,2.9420762062072754,7.322866439819336,15.458206176757812,datasets,127.52287292480469
lerobot\examples\isaac_teleop_to_so101\record.py,56.70320510864258,61.879974365234375,6.463748455047607,87.20709991455078,21.17301368713379,robot_devices,87.20709991455078
lerobot\tests\test_robomme_env.py,31.32283592224121,3.4622421264648438,2.599083662033081,0.5464715361595154,7.005964279174805,datasets,31.32283592224121
lerobot\src\lerobot\policies\smolvla\modeling_smolvla.py,16.21757698059082,10.461151123046875,70.23212432861328,40.22613525390625,24.2169189453125,policies,70.23212432861328
lerobot\src\lerobot\datasets\image_writer.py,103.26859283447266,7.753873348236084,3.2678401470184326,4.048616409301758,20.477916717529297,datasets,103.26859283447266
lerobot\src\lerobot\rewards\sarm\rabc.py,101.2042236328125,3.173783302307129,9.68696117401123,34.53461837768555,14.248248100280762,datasets,101.2042236328125
lerobot\tests\policies\groot\test_groot_vs_original.py,18.778839111328125,5.042375087738037,93.40113067626953,35.358795166015625,18.692750930786133,policies,93.40113067626953
lerobot\examples\isaac_teleop_to_so101\common.py,29.76384925842285,17.94390296936035,9.563061714172363,101.16358947753906,39.897918701171875,robot_devices,101.16358947753906
lerobot\src\lerobot\utils\feature_utils.py,40.789791107177734,2.582923173904419,17.87896728515625,1.0596669912338257,2.671700954437256,datasets,40.789791107177734
lerobot\src\lerobot\data_processing\__init__.py,5.40605354309082,0.0,0.0,0.012876658700406551,0.0,datasets,5.40605354309082
lerobot\src\lerobot\datasets\__init__.py,120.5569076538086,3.748518705368042,1.0368919372558594,1.022853136062622,9.518693923950195,datasets,120.5569076538086
lerobot\tests\processor\test_vqbet_processor.py,24.26202392578125,4.846435070037842,22.2622013092041,35.60417556762695,6.553880214691162,robot_devices,35.60417556762695
lerobot\src\lerobot\annotations\steerable_pipeline\reader.py,18.28470802307129,6.547287464141846,3.3110523223876953,3.8362560272216797,11.899468421936035,datasets,18.28470802307129
lerobot\src\lerobot\robots\koch_follower\koch_follower.py,11.508928298950195,9.254863739013672,8.42304515838623,61.41423416137695,20.63608741760254,robot_devices,61.41423416137695
lerobot\src\lerobot\datasets\multi_dataset.py,132.2886505126953,2.3511784076690674,1.847168207168579,7.319135665893555,16.859270095825195,datasets,132.2886505126953
lerobot\tests\processor\test_tdmpc_processor.py,25.198135375976562,5.166808605194092,23.32699966430664,35.60529327392578,6.553880214691162,robot_devices,35.60529327392578
lerobot\tests\rl\test_actor.py,94.34908294677734,5.497974872589111,17.17782974243164,32.20685958862305,10.845187187194824,datasets,94.34908294677734
lerobot\tests\processor\test_diffusion_processor.py,25.06382179260254,4.820176601409912,24.23689079284668,35.513824462890625,6.53804349899292,robot_devices,35.513824462890625
lerobot\src\lerobot\policies\fastwam\wan\modular.py,29.890460968017578,9.729948997497559,57.18268966674805,40.67656707763672,30.638896942138672,policies,57.18268966674805
lerobot\src\lerobot\teleoperators\so_leader\config_so_leader.py,4.770820617675781,0.0,0.0,0.33620330691337585,1.5077846050262451,datasets,4.770820617675781
lerobot\src\lerobot\utils\utils.py,76.72782135009766,5.053129196166992,6.88526725769043,5.04934024810791,20.697114944458008,datasets,76.72782135009766
lerobot\tests\policies\pi0_fast\test_pi0_fast_original_vs_lerobot.py,31.285938262939453,10.398609161376953,82.73173522949219,34.47440719604492,10.562579154968262,policies,82.73173522949219
lerobot\src\lerobot\policies\vla_jepa\action_head.py,14.374871253967285,4.2465925216674805,66.43714141845703,35.96809005737305,18.12408447265625,policies,66.43714141845703
lerobot\src\lerobot\robots\so_follower\robot_kinematic_processor.py,14.793174743652344,6.132360458374023,11.120914459228516,44.32530975341797,10.11547565460205,robot_devices,44.32530975341797
lerobot\src\lerobot\robots\unitree_g1\run_g1_server.py,15.982566833496094,8.335862159729004,6.6732869148254395,78.87200927734375,12.11978530883789,robot_devices,78.87200927734375
lerobot\tests\annotations\test_frames.py,106.41402435302734,9.258101463317871,4.954007148742676,47.34838104248047,21.796674728393555,datasets,106.41402435302734
lerobot\examples\dataset\load_lerobot_dataset.py,111.68644714355469,7.47564697265625,1.7436485290527344,47.24226379394531,10.590667724609375,datasets,111.68644714355469
lerobot\src\lerobot\teleoperators\phone\phone_processor.py,7.400319576263428,2.4267778396606445,8.676541328430176,42.15823745727539,5.580965995788574,robot_devices,42.15823745727539
lerobot\src\lerobot\rollout\strategies\__init__.py,1.8884105682373047,0.19348439574241638,1.0,0.012767935171723366,2.081894874572754,utilities,2.081894874572754
lerobot\src\lerobot\policies\tdmpc\modeling_tdmpc.py,17.30938720703125,7.133578777313232,63.61894607543945,72.1501693725586,16.036579132080078,robot_devices,72.1501693725586
lerobot\src\lerobot\scripts\lerobot_replay.py,44.60023498535156,4.558567047119141,3.9067747592926025,42.49928283691406,9.564900398254395,datasets,44.60023498535156
lerobot\src\lerobot\policies\xvla\processor_xvla.py,41.71057891845703,5.644824028015137,79.8750991821289,72.23163604736328,10.99517822265625,policies,79.8750991821289
lerobot\src\lerobot\robots\unitree_g1\holosoma_locomotion.py,16.937711715698242,5.752747058868408,31.409103393554688,49.136051177978516,19.282791137695312,robot_devices,49.136051177978516
lerobot\src\lerobot\teleoperators\config.py,4.186197757720947,0.0,0.341831773519516,6.555245876312256,2.69242525100708,robot_devices,6.555245876312256
lerobot\src\lerobot\data_processing\sarm_annotations\__init__.py,5.402044296264648,0.0,0.0,0.012864486314356327,0.0,datasets,5.402044296264648
lerobot\src\lerobot\transport\services_pb2.py,4.590444087982178,1.2208592891693115,9.074398040771484,25.337562561035156,7.459225177764893,robot_devices,25.337562561035156
lerobot\src\lerobot\teleoperators\phone\config_phone.py,3.0,0.0,0.0,1.0576293468475342,1.865787386894226,datasets,3.0
lerobot\src\lerobot\robots\rebot_b601_follower\__init__.py,0.0,0.7359808683395386,0.0,40.545406341552734,0.0,robot_devices,40.545406341552734
lerobot\src\lerobot\teleoperators\koch_leader\koch_leader.py,11.844189643859863,8.008048057556152,10.494369506835938,21.199993133544922,20.837095260620117,robot_devices,21.199993133544922
lerobot\tests\rl\test_trainer.py,97.93321228027344,4.453367233276367,1.0,32.00062561035156,8.839957237243652,datasets,97.93321228027344
lerobot\src\lerobot\cameras\zmq\image_server.py,10.795427322387695,7.54176139831543,5.816949367523193,32.31764602661133,11.343128204345703,robot_devices,32.31764602661133
lerobot\src\lerobot\robots\rebot_b601_follower\config_rebot_b601_follower.py,6.346182823181152,5.036725044250488,5.644349098205566,51.186885833740234,8.219583511352539,robot_devices,51.186885833740234
lerobot\src\lerobot\teleoperators\openarm_leader\openarm_leader.py,22.08837890625,9.122224807739258,10.967096328735352,69.59654235839844,21.460411071777344,robot_devices,69.59654235839844
lerobot\src\lerobot\policies\pi0\processor_pi0.py,42.37376022338867,4.78872013092041,92.88470458984375,30.492704391479492,5.576318740844727,policies,92.88470458984375
lerobot\src\lerobot\datasets\compute_stats.py,94.99708557128906,6.957047462463379,10.400521278381348,0.9288687109947205,10.243420600891113,datasets,94.99708557128906
lerobot\src\lerobot\datasets\feature_utils.py,121.38258361816406,8.960044860839844,9.911783218383789,44.49449157714844,25.559921264648438,datasets,121.38258361816406
lerobot\src\lerobot\robots\earthrover_mini_plus\robot_earthrover_mini_plus.py,17.740707397460938,6.595008850097656,6.8013129234313965,54.19735336303711,7.955528259277344,robot_devices,54.19735336303711
lerobot\examples\phone_to_so100\teleoperate.py,10.444158554077148,5.724836349487305,3.4313924312591553,78.26331329345703,8.625136375427246,robot_devices,78.26331329345703
lerobot\src\lerobot\teleoperators\gamepad\teleop_gamepad.py,3.318546772003174,1.1192618608474731,1.2532191276550293,43.8051872253418,1.8980529308319092,robot_devices,43.8051872253418
lerobot\src\lerobot\policies\wall_x\constant.py,2.6790003776550293,1.6298367977142334,79.56778717041016,1.026784062385559,6.86589241027832,policies,79.56778717041016
lerobot\src\lerobot\utils\errors.py,0.0,0.0,0.0,30.812469482421875,0.0,robot_devices,30.812469482421875
lerobot\src\lerobot\policies\molmoact2\molmoact2_hf_model\__init__.py,0.0,0.0,78.1227798461914,0.012870569713413715,2.0352253913879395,policies,78.1227798461914
lerobot\src\lerobot\rewards\classifier\__init__.py,0.4133544862270355,0.29385069012641907,0.0,0.012858409434556961,0.29385069012641907,datasets,0.4133544862270355
lerobot\src\lerobot\policies\vqbet\configuration_vqbet.py,19.16141700744629,8.978053092956543,75.41067504882812,7.0213942527771,18.379318237304688,policies,75.41067504882812
lerobot\src\lerobot\annotations\steerable_pipeline\frames.py,30.257665634155273,10.531769752502441,7.596536636352539,9.414138793945312,26.410173416137695,datasets,30.257665634155273
lerobot\src\lerobot\policies\groot\configuration_groot.py,38.85577392578125,10.53316593170166,81.97647857666016,2.106599807739258,16.742645263671875,policies,81.97647857666016
lerobot\src\lerobot\configs\types.py,4.38310432434082,1.9778846502304077,10.0,0.012567499652504921,3.8425467014312744,policies,10.0
lerobot\src\lerobot\rewards\topreward\processor_topreward.py,37.63957214355469,6.788774013519287,23.72848892211914,24.357694625854492,11.629069328308105,datasets,37.63957214355469
lerobot\src\lerobot\utils\visualization_utils.py,7.825540542602539,0.0,6.467959403991699,42.549251556396484,5.284827709197998,robot_devices,42.549251556396484
lerobot\src\lerobot\utils\collate.py,3.033656120300293,0.0,0.36121389269828796,0.6340677738189697,3.150315046310425,utilities,3.150315046310425
lerobot\tests\datasets\test_visualize_dataset.py,114.10918426513672,3.306344985961914,0.290366530418396,1.3933573961257935,4.5727081298828125,datasets,114.10918426513672
lerobot\tests\rewards\test_topreward.py,8.943461418151855,3.673793315887451,11.318833351135254,30.24152946472168,7.9990386962890625,robot_devices,30.24152946472168
lerobot\src\lerobot\datasets\language.py,88.33206176757812,3.298489809036255,2.6046805381774902,6.28468132019043,11.628090858459473,datasets,88.33206176757812
lerobot\src\lerobot\utils\pedal.py,5.779473781585693,0.4840327203273773,3.0567352771759033,33.414588928222656,5.274160385131836,robot_devices,33.414588928222656
lerobot\src\lerobot\teleoperators\openarm_mini\config_openarm_mini.py,5.463318824768066,0.34726932644844055,0.0,0.3378322422504425,1.810299277305603,datasets,5.463318824768066
lerobot\src\lerobot\robots\reachy2\robot_reachy2.py,9.575254440307617,3.1630845069885254,3.027561902999878,52.5129280090332,11.732004165649414,robot_devices,52.5129280090332
lerobot\tests\test_rollout.py,103.70299530029297,6.779717922210693,18.504247665405273,74.7952880859375,22.05429458618164,datasets,103.70299530029297
lerobot\src\lerobot\rl\__init__.py,4.514006614685059,1.365403652191162,0.0,0.012755967676639557,1.8446338176727295,datasets,4.514006614685059
lerobot\src\lerobot\processor\policy_robot_bridge.py,3.2806272506713867,3.0111119747161865,17.110546112060547,40.4754638671875,1.755138635635376,robot_devices,40.4754638671875
lerobot\src\lerobot\datasets\dataset_tools.py,142.28782653808594,10.909123420715332,9.046368598937988,54.159339904785156,30.374300003051758,datasets,142.28782653808594
lerobot\src\lerobot\configs\eval.py,11.1874418258667,8.262035369873047,19.511859893798828,4.0103068351745605,11.450841903686523,policies,19.511859893798828
lerobot\tests\datasets\test_compute_stats.py,101.51597595214844,6.876034259796143,4.2649617195129395,2.3163716793060303,12.615306854248047,datasets,101.51597595214844
lerobot\src\lerobot\policies\pretrained.py,113.89665985107422,23.20165252685547,93.69366455078125,130.1682586669922,37.63441848754883,robot_devices,130.1682586669922
lerobot\src\lerobot\rollout\strategies\episodic.py,54.70946502685547,62.712669372558594,21.535140991210938,46.985618591308594,25.57784652709961,environments,62.712669372558594
lerobot\src\lerobot\cameras\camera.py,3.0472025871276855,0.45738670229911804,6.621498107910156,3.930525302886963,1.6766762733459473,policies,6.621498107910156
lerobot\src\lerobot\cameras\__init__.py,0.4126674234867096,0.29336225986480713,0.0,3.5270450115203857,1.7791686058044434,robot_devices,3.5270450115203857
lerobot\src\lerobot\robots\lekiwi\config_lekiwi.py,10.688440322875977,4.215383052825928,2.724262237548828,43.753841400146484,4.400208473205566,robot_devices,43.753841400146484
lerobot\src\lerobot\datasets\factory.py,126.40373992919922,11.550572395324707,2.3122878074645996,3.4057719707489014,18.988208770751953,datasets,126.40373992919922
lerobot\tests\policies\pi0_pi05\openpi_pytorch\gemma.py,6.142136096954346,1.353154182434082,74.76803588867188,0.8062417507171631,4.429372787475586,policies,74.76803588867188
lerobot\tests\motors\test_damiao.py,5.158848762512207,3.3924918174743652,10.366570472717285,21.67793083190918,8.847723960876465,robot_devices,21.67793083190918
lerobot\src\lerobot\motors\damiao\damiao.py,16.10122299194336,4.471362590789795,3.8161542415618896,25.635440826416016,16.059953689575195,robot_devices,25.635440826416016
lerobot\src\lerobot\configs\recipe.py,14.240851402282715,5.257109642028809,2.3315320014953613,4.407189846038818,9.339537620544434,datasets,14.240851402282715
lerobot\tests\annotations\test_writer.py,115.08164978027344,4.580894947052002,2.458827018737793,5.656364917755127,19.111095428466797,datasets,115.08164978027344
lerobot\tests\rl\test_learner_service.py,7.663549900054932,2.5182952880859375,0.4032391309738159,36.032047271728516,7.039275169372559,robot_devices,36.032047271728516
lerobot\src\lerobot\policies\molmoact2\molmoact2_hf_model\configuration_molmoact2.py,15.627165794372559,6.042600154876709,66.04174041748047,7.847803592681885,18.421424865722656,policies,66.04174041748047
lerobot\tests\policies\groot\test_groot_n1_7.py,102.33025360107422,13.096381187438965,90.11737060546875,27.323713302612305,35.52505874633789,datasets,102.33025360107422
lerobot\examples\tutorial\pi0\using_pi0_example.py,40.54249954223633,4.707533359527588,10.955536842346191,76.83406829833984,6.442782878875732,robot_devices,76.83406829833984
lerobot\src\lerobot\rollout\strategies\dagger.py,57.64314270019531,13.192435264587402,19.605716705322266,76.09489440917969,32.954288482666016,robot_devices,76.09489440917969
lerobot\examples\tutorial\act\act_using_example.py,44.192298889160156,3.9036905765533447,9.339451789855957,75.64265441894531,10.790825843811035,robot_devices,75.64265441894531
lerobot\tests\__init__.py,0.0,0.6009431481361389,0.0,0.011405416764318943,0.0,environments,0.6009431481361389
lerobot\src\lerobot\jobs\dataset.py,45.12300109863281,2.3902337551116943,2.2461726665496826,1.9536097049713135,13.321990013122559,datasets,45.12300109863281
lerobot\src\lerobot\utils\process.py,2.6504364013671875,2.904918670654297,2.771606922149658,0.373442143201828,4.736506938934326,utilities,4.736506938934326
lerobot\src\lerobot\robots\utils.py,4.962218284606934,3.225313425064087,2.3698630332946777,70.92405700683594,4.577707290649414,robot_devices,70.92405700683594
lerobot\src\lerobot\policies\tdmpc\processor_tdmpc.py,37.33019256591797,3.24835467338562,97.19132995605469,31.868404388427734,4.952239990234375,policies,97.19132995605469
lerobot\src\lerobot\annotations\steerable_pipeline\staging.py,9.220877647399902,0.0,3.545077085494995,2.566150426864624,5.720330238342285,datasets,9.220877647399902
lerobot\src\lerobot\policies\molmoact2\molmoact2_hf_model\processing_molmoact2.py,19.265121459960938,4.244420051574707,61.94860076904297,2.4709484577178955,17.945104598999023,policies,61.94860076904297
lerobot\src\lerobot\policies\vla_jepa\__init__.py,1.2994569540023804,0.7366125583648682,73.52632141113281,0.4565713107585907,3.210421562194824,policies,73.52632141113281
lerobot\src\lerobot\policies\lingbot_va\processor_lingbot_va.py,37.15800094604492,3.235393762588501,93.0774917602539,31.70909881591797,4.914790630340576,policies,93.0774917602539
lerobot\tests\rewards\test_reward_model_base.py,128.5040283203125,16.160066604614258,28.239032745361328,76.8795394897461,23.212064743041992,datasets,128.5040283203125
lerobot\src\lerobot\robots\rebot_b601_follower\rebot_b601_follower.py,15.569973945617676,7.6167755126953125,13.823959350585938,68.28453063964844,25.056903839111328,robot_devices,68.28453063964844
lerobot\src\lerobot\teleoperators\reachy2_teleoperator\config_reachy2_teleoperator.py,6.055436611175537,0.9113406538963318,0.37441787123680115,46.06169891357422,1.055700659751892,robot_devices,46.06169891357422
lerobot\src\lerobot\policies\lingbot_va\modeling_lingbot_va.py,24.05365562438965,11.030838966369629,70.48731994628906,75.79873657226562,23.744003295898438,robot_devices,75.79873657226562
lerobot\src\lerobot\utils\transition.py,2.3345322608947754,0.0,2.2023308277130127,35.50044250488281,1.6159957647323608,robot_devices,35.50044250488281
lerobot\tests\async_inference\test_helpers.py,18.4669132232666,5.788393497467041,19.83531951904297,63.07468032836914,12.143828392028809,robot_devices,63.07468032836914
lerobot\src\lerobot\scripts\lerobot_annotate.py,115.58940887451172,5.52091121673584,5.80586051940918,8.99959945678711,21.35611915588379,datasets,115.58940887451172
lerobot\tests\policies\pi0_pi05\test_pi05_compile.py,3.7035655975341797,4.547455310821533,77.164306640625,36.8547477722168,16.04123878479004,policies,77.164306640625
lerobot\src\lerobot\rewards\robometer\compute_rabc_weights.py,124.21015930175781,7.802459239959717,16.74679183959961,35.1776008605957,28.254959106445312,datasets,124.21015930175781
lerobot\src\lerobot\rollout\ring_buffer.py,0.0,0.5073533058166504,0.0,0.012055411003530025,0.8666477203369141,utilities,0.8666477203369141
lerobot\src\lerobot\policies\evo1\internvl3_embedder.py,17.062103271484375,7.402683734893799,69.90524291992188,45.47309875488281,29.288846969604492,policies,69.90524291992188
lerobot\src\lerobot\processor\migrate_policy_normalization.py,66.69983673095703,16.173452377319336,48.875221252441406,44.72835922241211,30.76304054260254,datasets,66.69983673095703
lerobot\src\lerobot\policies\molmoact2\molmoact2_hf_model\video_processing_molmoact2.py,33.50157165527344,34.753665924072266,61.5409049987793,4.583818435668945,27.220258712768555,policies,61.5409049987793
lerobot\tests\policies\pi0_pi05\openpi_pytorch\__init__.py,0.0,0.5984355807304382,76.68763732910156,0.011357825249433517,2.0360894203186035,policies,76.68763732910156
lerobot\tests\utils\test_logging_utils.py,2.4218435287475586,1.9433132410049438,1.262157917022705,28.741764068603516,8.787707328796387,robot_devices,28.741764068603516
lerobot\src\lerobot\robots\so_follower\__init__.py,0.0,0.7317169308662415,0.0,39.85712814331055,0.3948032259941101,robot_devices,39.85712814331055
lerobot\src\lerobot\envs\metaworld.py,23.92275619506836,80.28524780273438,93.91040802001953,42.230308532714844,22.238605499267578,policies,93.91040802001953
lerobot\examples\phone_to_so100\evaluate.py,55.6291618347168,84.43577575683594,25.481727600097656,83.74422454833984,16.198936462402344,environments,84.43577575683594
lerobot\tests\datasets\test_dataset_writer.py,129.49923706054688,3.6722636222839355,3.458125591278076,3.201552391052246,12.210567474365234,datasets,129.49923706054688
lerobot\src\lerobot\policies\groot\groot_n1_7.py,33.521034240722656,9.592077255249023,73.17304229736328,38.767059326171875,33.519412994384766,policies,73.17304229736328
lerobot\examples\phone_to_so100\rollout.py,5.048098564147949,7.358797073364258,24.436264038085938,46.54974365234375,5.631081581115723,robot_devices,46.54974365234375
lerobot\tests\transport\test_transport_utils.py,9.004767417907715,1.041495680809021,2.7282094955444336,29.404376983642578,8.63605785369873,robot_devices,29.404376983642578
lerobot\src\lerobot\teleoperators\unitree_g1\exo_calib.py,20.955886840820312,7.64698600769043,6.28239631652832,10.435450553894043,15.634922981262207,datasets,20.955886840820312
lerobot\src\lerobot\datasets\language_render.py,90.34017181396484,2.323941230773926,2.599196434020996,2.0847535133361816,8.336164474487305,datasets,90.34017181396484
lerobot\src\lerobot\policies\evo1\processor_evo1.py,30.4146671295166,4.523942470550537,78.90809631347656,32.91828918457031,6.5308637619018555,policies,78.90809631347656
lerobot\tests\datasets\test_video_encoding.py,103.92069244384766,11.263389587402344,10.589153289794922,5.705583572387695,19.015661239624023,datasets,103.92069244384766
lerobot\src\lerobot\policies\wall_x\processor_wall_x.py,39.50669860839844,4.702109336853027,91.88546752929688,69.44011688232422,4.796177864074707,policies,91.88546752929688
lerobot\tests\policies\pi0_pi05\test_pi05_rtc.py,41.814727783203125,5.504789352416992,83.39385986328125,35.23860549926758,7.688520431518555,policies,83.39385986328125
lerobot\src\lerobot\processor\tokenizer_processor.py,15.181928634643555,5.759158134460449,16.94502067565918,74.31661987304688,13.552663803100586,robot_devices,74.31661987304688
lerobot\src\lerobot\motors\damiao\tables.py,5.692111968994141,1.3152670860290527,9.539329528808594,6.66367769241333,4.909265995025635,policies,9.539329528808594
lerobot\src\lerobot\scripts\lerobot_setup_can.py,14.574860572814941,10.738004684448242,7.280071258544922,24.516878128051758,10.512052536010742,robot_devices,24.516878128051758
lerobot\examples\isaac_teleop_to_so101\override_reset_pose.py,9.226320266723633,3.6634178161621094,1.764345645904541,44.37339401245117,8.427363395690918,robot_devices,44.37339401245117
lerobot\src\lerobot\common\train_utils.py,7.701598644256592,6.061457633972168,20.235424041748047,1.0918338298797607,14.122386932373047,policies,20.235424041748047
lerobot\tests\envs\test_robotwin.py,6.462963581085205,11.969883918762207,3.6201391220092773,44.61788558959961,15.62520980834961,robot_devices,44.61788558959961
lerobot\src\lerobot\policies\vla_jepa\qwen_interface.py,7.963376998901367,0.19465866684913635,78.40141296386719,35.16549301147461,5.821174621582031,policies,78.40141296386719
lerobot\src\lerobot\teleoperators\teleoperator.py,3.683624744415283,0.8556381464004517,2.506139039993286,50.03730773925781,4.65201997756958,robot_devices,50.03730773925781
lerobot\tests\datasets\test_sampler.py,111.16795349121094,4.132416248321533,6.693687915802002,0.3410334587097168,11.356719970703125,datasets,111.16795349121094
lerobot\src\lerobot\optim\schedulers.py,9.131951332092285,5.5894012451171875,7.663244247436523,0.6870326995849609,12.865945816040039,utilities,12.865945816040039
lerobot\tests\datasets\test_aggregate.py,137.70257568359375,11.356290817260742,6.911023139953613,47.39621353149414,28.052173614501953,datasets,137.70257568359375
lerobot\src\lerobot\rl\algorithms\base.py,20.488805770874023,12.164040565490723,27.348379135131836,40.2591667175293,20.651920318603516,robot_devices,40.2591667175293
lerobot\src\lerobot\teleoperators\unitree_g1\unitree_g1.py,12.582032203674316,3.502855062484741,5.39631462097168,17.310335159301758,17.454761505126953,utilities,17.454761505126953
lerobot\src\lerobot\policies\fastwam\wan\adapters.py,10.29517650604248,5.68217658996582,71.69718170166016,37.742515563964844,12.542271614074707,policies,71.69718170166016
lerobot\tests\datasets\test_streaming.py,113.09530639648438,7.047077178955078,5.583475112915039,5.6853346824646,18.891916275024414,datasets,113.09530639648438
lerobot\src\lerobot\cameras\reachy2_camera\__init__.py,0.0,0.0,0.0,3.3615224361419678,0.0,robot_devices,3.3615224361419678
lerobot\src\lerobot\teleoperators\openarm_mini\openarm_mini.py,11.972294807434082,6.6155476570129395,10.86740493774414,58.55178451538086,13.218353271484375,robot_devices,58.55178451538086
lerobot\src\lerobot\transport\services_pb2_grpc.py,5.846364974975586,4.098669528961182,16.74127769470215,29.768217086791992,20.557476043701172,robot_devices,29.768217086791992
lerobot\examples\so100_to_so100_EE\record.py,50.33740234375,64.1962661743164,1.9712454080581665,51.82114791870117,11.666437149047852,environments,64.1962661743164
lerobot\tests\policies\pi0_pi05\utils\__init__.py,0.0,0.5989354252815247,76.72078704833984,0.01136731170117855,2.036954641342163,policies,76.72078704833984
lerobot\src\lerobot\policies\rtc\debug_visualizer.py,0.350965291261673,1.0428881645202637,68.90542602539062,0.01197058241814375,3.85738205909729,policies,68.90542602539062
lerobot\src\lerobot\rl\algorithms\sac\__init__.py,0.0,0.0,0.0,0.012870569713413715,0.0,robot_devices,0.012870569713413715
lerobot\scripts\ci\parse_eval_metrics.py,15.809102058410645,71.94308471679688,19.072370529174805,3.3366878032684326,15.609987258911133,environments,71.94308471679688
lerobot\src\lerobot\utils\action_interpolator.py,0.24608564376831055,0.0,1.2849147319793701,5.7549028396606445,2.690730333328247,robot_devices,5.7549028396606445
lerobot\src\lerobot\policies\vla_jepa\processor_vla_jepa.py,35.63472366333008,3.171623468399048,88.81322479248047,30.186817169189453,5.794841766357422,policies,88.81322479248047
lerobot\src\lerobot\processor\rename_processor.py,5.086494445800781,4.1331634521484375,8.058692932128906,0.7131679654121399,3.764497995376587,policies,8.058692932128906
lerobot\src\lerobot\policies\molmoact2\molmoact2_hf_model\image_processing_molmoact2.py,11.779561996459961,1.4474701881408691,58.95466613769531,0.9064953923225403,11.669808387756348,policies,58.95466613769531
lerobot\src\lerobot\__init__.py,37.469520568847656,10.294378280639648,0.6457809209823608,5.512035369873047,7.290040493011475,datasets,37.469520568847656
lerobot\tests\utils\test_replay_buffer.py,101.07260131835938,1.367689609527588,3.354682683944702,30.20784568786621,10.717217445373535,datasets,101.07260131835938
lerobot\src\lerobot\rewards\classifier\processor_classifier.py,36.7606086730957,2.798327922821045,23.381418228149414,31.694772720336914,2.157794237136841,datasets,36.7606086730957
lerobot\src\lerobot\policies\lingbot_va\configuration_lingbot_va.py,20.02376365661621,7.617490768432617,81.64110565185547,24.754426956176758,11.084786415100098,policies,81.64110565185547
lerobot\src\lerobot\rewards\sarm\compute_rabc_weights.py,121.5252685546875,8.863602638244629,16.548500061035156,36.72047805786133,32.25189208984375,datasets,121.5252685546875
lerobot\src\lerobot\processor\render_messages_processor.py,39.03456497192383,2.7996554374694824,7.274602890014648,0.012141451239585876,2.104346752166748,datasets,39.03456497192383
lerobot\examples\tutorial\async-inf\policy_server.py,0.6623086929321289,4.449007511138916,15.296243667602539,0.6735446453094482,4.280448913574219,policies,15.296243667602539
lerobot\tests\artifacts\datasets\save_dataset_to_safetensors.py,113.60267639160156,3.3390042781829834,1.1778484582901,1.4868301153182983,9.526753425598145,datasets,113.60267639160156
lerobot\tests\jobs\test_hf.py,111.42057037353516,10.823983192443848,25.154481887817383,15.945202827453613,22.860225677490234,datasets,111.42057037353516
lerobot\src\lerobot\configs\parser.py,19.715288162231445,4.50828218460083,9.13465690612793,7.708727836608887,24.694786071777344,utilities,24.694786071777344
lerobot\src\lerobot\policies\eo1\configuration_eo1.py,19.041501998901367,6.50005578994751,85.2060546875,1.298362374305725,10.521806716918945,policies,85.2060546875
lerobot\src\lerobot\policies\eo1\__init__.py,2.025675058364868,0.7378369569778442,73.58869934082031,0.4573209583759308,3.9381537437438965,policies,73.58869934082031
lerobot\src\lerobot\teleoperators\bi_openarm_leader\config_bi_openarm_leader.py,3.0,0.0,0.341351181268692,0.012755967676639557,0.4792301058769226,datasets,3.0
lerobot\examples\port_datasets\slurm_port_shards.py,115.38703918457031,7.392888069152832,3.143465995788574,3.065528154373169,20.87183952331543,datasets,115.38703918457031
lerobot\examples\tutorial\diffusion\diffusion_training_example.py,51.0828971862793,9.557659149169922,23.057039260864258,71.7494125366211,15.126496315002441,robot_devices,71.7494125366211
lerobot\tests\policies\pi0_pi05\utils\torch_compile.py,2.7373549938201904,1.9675841331481934,69.32332611083984,17.129634857177734,12.770748138427734,policies,69.32332611083984
lerobot\tests\processor\test_device_processor.py,11.81643009185791,9.150388717651367,20.61541175842285,120.46907043457031,10.73861312866211,robot_devices,120.46907043457031
lerobot\tests\rl\test_data_mixer.py,107.24608612060547,0.8571642637252808,1.6585183143615723,28.982078552246094,8.01101303100586,datasets,107.24608612060547
lerobot\src\lerobot\policies\rtc\modeling_rtc.py,5.228192329406738,3.339766502380371,67.12159729003906,25.269105911254883,15.707914352416992,policies,67.12159729003906
lerobot\tests\policies\groot\test_groot_n1_7_oss_parity.py,21.70268440246582,3.7171850204467773,76.53494262695312,23.894519805908203,14.722100257873535,policies,76.53494262695312
lerobot\examples\tutorial\rl\reward_classifier_example.py,50.48610305786133,6.482458114624023,7.505164623260498,36.4214973449707,13.831624984741211,datasets,50.48610305786133
lerobot\tests\annotations\test_validator.py,109.04993438720703,0.4877237379550934,0.3547862768173218,3.6065762042999268,6.28300666809082,datasets,109.04993438720703
lerobot\src\lerobot\policies\pi05\processor_pi05.py,40.317893981933594,7.1071906089782715,91.44171905517578,30.06150245666504,5.8859028816223145,policies,91.44171905517578
lerobot\src\lerobot\envs\robocasa.py,14.238110542297363,52.21342468261719,7.072342395782471,46.84912872314453,12.508879661560059,environments,52.21342468261719
lerobot\src\lerobot\robots\omx_follower\config_omx_follower.py,6.274821758270264,3.9423811435699463,0.7545028924942017,43.19110870361328,3.146385908126831,robot_devices,43.19110870361328
lerobot\tests\policies\smolvla\test_smolvla_rtc.py,43.196083068847656,5.660165309906006,80.89378356933594,35.64911651611328,10.388561248779297,policies,80.89378356933594
lerobot\tests\test_yaml_policy_path.py,45.9428825378418,8.221294403076172,22.972190856933594,2.5420870780944824,11.965537071228027,datasets,45.9428825378418
lerobot\src\lerobot\teleoperators\rebot_102_leader\__init__.py,0.0,0.0,0.0,0.6903471946716309,0.0,robot_devices,0.6903471946716309
lerobot\examples\tutorial\diffusion\diffusion_using_example.py,43.46713638305664,3.9036905765533447,12.153045654296875,75.64265441894531,10.06950569152832,robot_devices,75.64265441894531
lerobot\src\lerobot\rewards\robometer\__init__.py,1.3016167879104614,0.7378369569778442,0.4444746971130371,0.4573209583759308,1.1823116540908813,datasets,1.3016167879104614
lerobot\tests\rewards\test_modeling_robometer.py,11.869916915893555,7.160369873046875,11.853670120239258,33.376686096191406,13.576111793518066,robot_devices,33.376686096191406
lerobot\src\lerobot\policies\evo1\configuration_evo1.py,15.610912322998047,9.884339332580566,81.38300323486328,4.759662628173828,16.089412689208984,policies,81.38300323486328
lerobot\src\lerobot\policies\gaussian_actor\modeling_gaussian_actor.py,17.81747055053711,45.10648727416992,77.59495544433594,32.21409225463867,20.93606185913086,policies,77.59495544433594
lerobot\src\lerobot\rollout\context.py,123.78536987304688,17.026277542114258,91.34494018554688,85.06892395019531,36.69963836669922,datasets,123.78536987304688
lerobot\tests\rewards\test_classifier_processor.py,26.390512466430664,2.637371301651001,12.884119033813477,35.05979919433594,4.6434502601623535,robot_devices,35.05979919433594
lerobot\src\lerobot\scripts\lerobot_edit_dataset.py,130.86439514160156,9.717999458312988,9.774503707885742,6.404438018798828,21.955699920654297,datasets,130.86439514160156
lerobot\scripts\ci\extract_task_descriptions.py,19.17485809326172,67.05558776855469,8.548792839050293,42.167137145996094,15.163911819458008,environments,67.05558776855469
lerobot\src\lerobot\annotations\steerable_pipeline\writer.py,15.023833274841309,1.1477346420288086,3.79246187210083,4.350058078765869,13.649404525756836,datasets,15.023833274841309
lerobot\src\lerobot\policies\vla_jepa\modeling_vla_jepa.py,45.343849182128906,8.150638580322266,72.54273986816406,73.8713607788086,23.4262752532959,robot_devices,73.8713607788086
lerobot\src\lerobot\cameras\reachy2_camera\reachy2_camera.py,9.165325164794922,0.9551683068275452,10.061822891235352,7.550521373748779,11.815553665161133,utilities,11.815553665161133
lerobot\tests\processor\test_normalize_processor.py,40.0861701965332,5.010074138641357,24.011972427368164,63.22474670410156,12.799883842468262,robot_devices,63.22474670410156
lerobot\src\lerobot\policies\eo1\processor_eo1.py,43.65452194213867,9.553955078125,85.71844482421875,31.205230712890625,12.583826065063477,policies,85.71844482421875
lerobot\src\lerobot\robots\bi_so_follower\bi_so_follower.py,3.0512540340423584,3.7903707027435303,2.780895948410034,54.20880126953125,5.045433044433594,robot_devices,54.20880126953125
lerobot\src\lerobot\annotations\__init__.py,0.0,0.0,0.0,0.012894959188997746,0.0,robot_devices,0.012894959188997746
lerobot\tests\processor\test_observation_processor.py,13.751242637634277,98.82896423339844,16.151500701904297,3.569666624069214,6.600481033325195,environments,98.82896423339844
lerobot\src\lerobot\teleoperators\omx_leader\config_omx_leader.py,3.0,0.0,0.0,0.012773927301168442,1.0697990655899048,datasets,3.0
lerobot\tests\motors\test_feetech.py,9.880953788757324,3.287041664123535,14.8717041015625,21.90923500061035,13.124163627624512,robot_devices,21.90923500061035
lerobot\src\lerobot\motors\calibration_gui.py,13.8543062210083,5.01571798324585,9.918440818786621,17.924245834350586,11.694160461425781,robot_devices,17.924245834350586
lerobot\src\lerobot\processor\observation_processor.py,7.182555198669434,87.45563507080078,7.0,0.011110596358776093,3.460247039794922,environments,87.45563507080078
lerobot\src\lerobot\async_inference\configs.py,10.886484146118164,101.479736328125,27.33661651611328,79.62699890136719,19.262916564941406,environments,101.479736328125
lerobot\src\lerobot\robots\bi_rebot_b601_follower\__init__.py,0.0,0.7359808683395386,0.0,40.545406341552734,0.0,robot_devices,40.545406341552734
lerobot\src\lerobot\envs\factory.py,10.568284034729004,78.02230834960938,20.68336296081543,3.925895929336548,12.737988471984863,environments,78.02230834960938
lerobot\tests\utils\test_collate.py,98.132080078125,0.5157890319824219,1.0,0.42027050256729126,4.698764324188232,datasets,98.132080078125
lerobot\tests\datasets\test_datasets.py,137.6510009765625,16.64580535888672,25.24791145324707,45.99557113647461,32.11881637573242,datasets,137.6510009765625
lerobot\src\lerobot\envs\libero.py,24.20966148376465,53.819366455078125,11.481596946716309,55.99924850463867,27.748414993286133,robot_devices,55.99924850463867
lerobot\src\lerobot\motors\robstride\__init__.py,0.0,0.0,0.0,2.6885805130004883,0.0,robot_devices,2.6885805130004883
lerobot\tests\policies\rtc\test_action_interpolator.py,3.5912117958068848,5.416078567504883,70.80904388427734,45.98579025268555,8.92512321472168,policies,70.80904388427734
lerobot\src\lerobot\rl\data_sources\data_mixer.py,13.758525848388672,0.20553994178771973,0.34085458517074585,0.7786141037940979,1.718008279800415,datasets,13.758525848388672
lerobot\src\lerobot\cameras\utils.py,2.4722795486450195,0.3194713294506073,0.9602887630462646,33.7927131652832,2.2569375038146973,robot_devices,33.7927131652832
lerobot\src\lerobot\datasets\lerobot_dataset.py,126.92396545410156,7.585538864135742,8.012604713439941,46.35719299316406,34.69482421875,datasets,126.92396545410156
lerobot\tests\rewards\test_modeling_topreward.py,13.710784912109375,7.080531597137451,14.207632064819336,37.598854064941406,18.8642520904541,robot_devices,37.598854064941406
lerobot\tests\fixtures\optimizers.py,0.3604484796524048,3.7886226177215576,5.883861541748047,0.010885435156524181,4.9496917724609375,policies,5.883861541748047
lerobot\src\lerobot\rl\algorithms\sac\configuration_sac.py,7.413946151733398,7.923069477081299,18.626733779907227,1.203480839729309,2.892977714538574,policies,18.626733779907227
lerobot\tests\utils\test_rerun_visualization.py,8.980976104736328,0.9713274240493774,2.838904619216919,1.718727469444275,11.448205947875977,utilities,11.448205947875977
lerobot\src\lerobot\teleoperators\keyboard\__init__.py,0.0,0.0,0.0,0.012834157794713974,0.0,robot_devices,0.012834157794713974
lerobot\src\lerobot\scripts\lerobot_info.py,81.97055053710938,5.8579864501953125,8.587701797485352,28.807546615600586,17.3475341796875,datasets,81.97055053710938
lerobot\tests\motors\test_motors_bus.py,16.321144104003906,3.614802360534668,13.104286193847656,12.02064037322998,14.545854568481445,datasets,16.321144104003906
lerobot\src\lerobot\motors\robstride\tables.py,5.620641231536865,3.600445032119751,6.3334641456604,6.150166034698486,2.4801526069641113,policies,6.3334641456604
lerobot\src\lerobot\datasets\video_utils.py,110.03763580322266,10.664336204528809,13.2486572265625,6.1295857429504395,36.52473449707031,datasets,110.03763580322266
lerobot\src\lerobot\policies\utils.py,47.51096725463867,67.3445816040039,95.7010269165039,78.97030639648438,15.764341354370117,policies,95.7010269165039
lerobot\tests\processor\test_render_messages_processor.py,103.22865295410156,2.884040355682373,0.0,0.9716504812240601,5.362977981567383,datasets,103.22865295410156
lerobot\src\lerobot\processor\batch_processor.py,10.202027320861816,5.141404628753662,8.820982933044434,1.23824143409729,2.0678162574768066,datasets,10.202027320861816
lerobot\src\lerobot\policies\wall_x\__init__.py,1.2994569540023804,0.7366125583648682,73.52632141113281,0.4565713107585907,3.210421562194824,policies,73.52632141113281
lerobot\src\lerobot\datasets\aggregate.py,125.14567565917969,8.553866386413574,5.999617099761963,45.30729293823242,22.55247688293457,datasets,125.14567565917969
lerobot\src\lerobot\policies\wall_x\utils.py,16.854007720947266,7.746395111083984,68.33320617675781,40.19670867919922,10.981634140014648,policies,68.33320617675781
lerobot\src\lerobot\processor\converters.py,10.810699462890625,3.2487380504608154,22.090333938598633,73.78990936279297,3.8832497596740723,robot_devices,73.78990936279297
lerobot\src\lerobot\rollout\configs.py,58.7230224609375,9.284648895263672,22.85295867919922,76.07685852050781,17.84259605407715,robot_devices,76.07685852050781
lerobot\src\lerobot\policies\pi0_fast\__init__.py,1.2994569540023804,0.7366125583648682,76.14564514160156,0.4565713107585907,3.210421562194824,policies,76.14564514160156
lerobot\src\lerobot\policies\multi_task_dit\processor_multi_task_dit.py,39.36460876464844,4.278477191925049,93.2071304321289,33.264617919921875,6.2635369300842285,policies,93.2071304321289
lerobot\tests\datasets\test_dataset_utils.py,118.05768585205078,6.523945331573486,4.779438495635986,41.88538360595703,14.868234634399414,datasets,118.05768585205078
lerobot\src\lerobot\policies\evo1\__init__.py,1.3016167879104614,0.7378369569778442,73.58869934082031,0.4573209583759308,3.2140955924987793,policies,73.58869934082031
lerobot\src\lerobot\scripts\lerobot_find_joint_limits.py,11.7454195022583,6.879574775695801,3.1204915046691895,117.91575622558594,11.946199417114258,robot_devices,117.91575622558594
lerobot\src\lerobot\policies\act\__init__.py,2.025675058364868,0.7378369569778442,75.62000274658203,0.4573209583759308,3.9381537437438965,policies,75.62000274658203
lerobot\src\lerobot\rollout\robot_wrapper.py,0.0,0.8501210808753967,1.3633763790130615,41.7449836730957,0.36337631940841675,robot_devices,41.7449836730957
lerobot\src\lerobot\scripts\lerobot_train_tokenizer.py,56.453147888183594,7.422974109649658,19.22915267944336,2.710829496383667,25.05742835998535,datasets,56.453147888183594
lerobot\src\lerobot\policies\diffusion\processor_diffusion.py,37.33019256591797,3.24835467338562,97.96387481689453,31.868404388427734,4.952239990234375,policies,97.96387481689453
lerobot\examples\backward_compatibility\replay.py,45.34361267089844,4.227470874786377,3.92653751373291,41.777557373046875,9.65184211730957,datasets,45.34361267089844
lerobot\examples\omx\reset_environment.py,6.712625503540039,53.713958740234375,7.91239070892334,45.888065338134766,12.492558479309082,environments,53.713958740234375
lerobot\src\lerobot\policies\diffusion\configuration_diffusion.py,14.901138305664062,68.80816650390625,78.58198547363281,3.902315855026245,17.518295288085938,policies,78.58198547363281
lerobot\src\lerobot\policies\molmoact2\molmoact2_hf_model\inference.py,15.454594612121582,5.5762104988098145,58.626522064208984,35.6858024597168,17.760520935058594,policies,58.626522064208984
lerobot\examples\lekiwi\rollout.py,4.110440731048584,7.462940216064453,22.91410255432129,39.126983642578125,4.967772960662842,robot_devices,39.126983642578125
lerobot\src\lerobot\policies\smolvla\__init__.py,1.3016167879104614,0.7378369569778442,73.58869934082031,0.4573209583759308,3.2140955924987793,policies,73.58869934082031
lerobot\src\lerobot\annotations\steerable_pipeline\modules\plan_subtasks_memory.py,23.825223922729492,12.635869026184082,8.219932556152344,46.450347900390625,25.947181701660156,robot_devices,46.450347900390625
lerobot\src\lerobot\configs\rewards.py,20.12201499938965,9.673171043395996,19.850780487060547,40.37639236450195,21.755922317504883,robot_devices,40.37639236450195
lerobot\tests\annotations\run_e2e_smoke.py,34.1374626159668,4.291357040405273,0.9193991422653198,42.95296096801758,9.755936622619629,robot_devices,42.95296096801758
lerobot\tests\processor\test_pi05_processor.py,46.85816192626953,3.562077522277832,16.97443199157715,35.42940902709961,7.157690525054932,datasets,46.85816192626953
lerobot\src\lerobot\teleoperators\omx_leader\__init__.py,0.0,0.0,0.0,0.012870569713413715,0.0,robot_devices,0.012870569713413715
lerobot\tests\scripts\test_edit_dataset_parsing.py,107.99834442138672,4.138806343078613,0.8153947591781616,0.8262224793434143,7.9388227462768555,datasets,107.99834442138672
lerobot\tests\policies\eo1\test_eo1.py,6.855651378631592,5.1447529792785645,97.2125473022461,32.79457092285156,12.148336410522461,policies,97.2125473022461
lerobot\src\lerobot\teleoperators\homunculus\__init__.py,0.6656057238578796,0.6656057238578796,0.6656057238578796,0.6784398555755615,1.3312114477157593,utilities,1.3312114477157593
lerobot\tests\policies\pi0_pi05\openpi_pytorch\preprocessing_pytorch.py,9.722827911376953,5.848003387451172,70.21600341796875,36.6019172668457,12.093151092529297,policies,70.21600341796875
lerobot\src\lerobot\rewards\topreward\__init__.py,1.3016167879104614,0.7378369569778442,0.4444746971130371,0.4573209583759308,1.1823116540908813,datasets,1.3016167879104614
lerobot\examples\isaac_teleop_to_so101\teleoperate.py,5.773994445800781,5.440296649932861,3.773994207382202,76.715576171875,8.219250679016113,robot_devices,76.715576171875
lerobot\src\lerobot\teleoperators\homunculus\homunculus_arm.py,13.238593101501465,4.271159648895264,8.786894798278809,11.857281684875488,16.484601974487305,utilities,16.484601974487305
lerobot\src\lerobot\utils\keyboard_input.py,12.027355194091797,7.843760967254639,2.867457389831543,16.191179275512695,16.25640106201172,utilities,16.25640106201172
lerobot\src\lerobot\teleoperators\phone\__init__.py,0.0,0.0,0.0,0.012876658700406551,0.0,robot_devices,0.012876658700406551
lerobot\src\lerobot\policies\wall_x\qwen_model\qwen2_5_vl_moe.py,30.426496505737305,11.22793960571289,60.426151275634766,38.16304397583008,31.586393356323242,policies,60.426151275634766
lerobot\src\lerobot\teleoperators\bi_openarm_mini\config_bi_openarm_mini.py,3.0,0.34726932644844055,0.341351181268692,0.012755967676639557,0.8264994621276855,datasets,3.0
lerobot\tests\fixtures\constants.py,10.30744457244873,3.7151224613189697,5.295779228210449,42.7942008972168,10.87794017791748,robot_devices,42.7942008972168
lerobot\tests\policies\groot\test_groot_training_optim_contract.py,7.4418816566467285,6.837765693664551,75.67205810546875,3.0625030994415283,14.153948783874512,policies,75.67205810546875
lerobot\tests\policies\vla_jepa\test_world_model.py,2.4896304607391357,2.09598445892334,73.7711410522461,0.9547614455223083,7.685179233551025,policies,73.7711410522461
lerobot\src\lerobot\cameras\zmq\configuration_zmq.py,5.118194103240967,3.470456838607788,2.365375518798828,5.2237467765808105,5.447466850280762,utilities,5.447466850280762
lerobot\tests\policies\rtc\test_rtc_relative_actions.py,6.672032833099365,7.062446117401123,97.38854217529297,60.059635162353516,16.5660343170166,policies,97.38854217529297
lerobot\src\lerobot\policies\molmoact2\molmoact2_hf_model\modeling_molmoact2.py,28.925647735595703,13.044197082519531,61.891258239746094,84.53767395019531,41.09756851196289,robot_devices,84.53767395019531
lerobot\examples\so100_to_so100_EE\rollout.py,5.048098564147949,7.358797073364258,24.436264038085938,46.54974365234375,5.631081581115723,robot_devices,46.54974365234375
lerobot\src\lerobot\policies\rtc\debug_tracker.py,7.382023811340332,5.547122955322266,66.7749252319336,2.4887263774871826,12.29202651977539,policies,66.7749252319336
lerobot\src\lerobot\scripts\lerobot_setup_motors.py,4.488604545593262,7.604948043823242,0.0,150.4671630859375,3.835409164428711,robot_devices,150.4671630859375
lerobot\src\lerobot\rl\buffer.py,55.27581024169922,2.348125457763672,3.178067445755005,74.83712005615234,9.675804138183594,robot_devices,74.83712005615234
lerobot\tests\mocks\mock_serial_patch.py,2.21589732170105,3.6100611686706543,1.476985216140747,1.487801432609558,4.222080707550049,utilities,4.222080707550049
lerobot\src\lerobot\teleoperators\so_leader\so_leader.py,10.803367614746094,7.906248569488525,8.162281036376953,21.10158920288086,19.132442474365234,robot_devices,21.10158920288086
lerobot\src\lerobot\processor\normalize_processor.py,42.60607147216797,7.639246940612793,22.989707946777344,73.9573745727539,9.643677711486816,robot_devices,73.9573745727539
lerobot\tests\annotations\conftest.py,38.78644943237305,0.5735456943511963,0.0,1.0525399446487427,1.4295876026153564,datasets,38.78644943237305
lerobot\src\lerobot\teleoperators\unitree_g1\exo_serial.py,17.465456008911133,2.1758651733398438,3.394650936126709,10.240739822387695,14.160822868347168,datasets,17.465456008911133
lerobot\tests\policies\vla_jepa\test_action_head.py,4.634633541107178,2.690687894821167,64.20341491699219,26.561603546142578,11.492264747619629,policies,64.20341491699219
lerobot\src\lerobot\policies\wall_x\modeling_wall_x.py,32.528717041015625,12.908710479736328,68.49555969238281,40.36163330078125,35.22267150878906,policies,68.49555969238281
lerobot\tests\fixtures\dataset_factories.py,134.0220184326172,11.024691581726074,7.63607931137085,45.832618713378906,20.902490615844727,datasets,134.0220184326172
lerobot\src\lerobot\teleoperators\unitree_g1\__init__.py,0.0,0.0,0.0,0.01284021232277155,0.0,robot_devices,0.01284021232277155
lerobot\src\lerobot\teleoperators\homunculus\homunculus_glove.py,12.427568435668945,3.9435765743255615,8.812660217285156,11.354813575744629,15.511999130249023,utilities,15.511999130249023
lerobot\src\lerobot\policies\xvla\configuration_florence2.py,11.181750297546387,3.178277015686035,71.137451171875,1.6144607067108154,10.69312572479248,policies,71.137451171875
lerobot\src\lerobot\envs\utils.py,16.444358825683594,87.14984893798828,82.36803436279297,43.48398971557617,29.507999420166016,environments,87.14984893798828
lerobot\src\lerobot\policies\tdmpc\__init__.py,1.3016167879104614,0.7378369569778442,76.60643005371094,0.4573209583759308,3.2140955924987793,policies,76.60643005371094
lerobot\src\lerobot\teleoperators\openarm_leader\config_openarm_leader.py,8.78249454498291,3.381380558013916,1.4455158710479736,12.666627883911133,5.9020795822143555,robot_devices,12.666627883911133
lerobot\src\lerobot\teleoperators\omx_leader\omx_leader.py,9.443113327026367,7.968350887298584,9.623348236083984,19.468351364135742,17.490842819213867,robot_devices,19.468351364135742
lerobot\examples\port_datasets\display_error_files.py,78.75769805908203,6.703070640563965,3.5981874465942383,5.159357070922852,18.803913116455078,datasets,78.75769805908203
lerobot\src\lerobot\teleoperators\rebot_102_leader\config_rebot_102_leader.py,6.354771614074707,4.183009147644043,3.657175064086914,2.4668147563934326,5.298985004425049,datasets,6.354771614074707
lerobot\src\lerobot\policies\xvla\configuration_xvla.py,14.123058319091797,7.103592872619629,83.8433837890625,42.40071105957031,7.243816375732422,policies,83.8433837890625
lerobot\src\lerobot\rollout\__init__.py,97.17890930175781,1.0,7.0,0.012452509254217148,6.900383949279785,datasets,97.17890930175781
lerobot\src\lerobot\policies\pi0_fast\configuration_pi0_fast.py,12.500092506408691,5.870384216308594,87.101806640625,25.86493492126465,6.270791530609131,policies,87.101806640625
lerobot\tests\policies\pi0_pi05\test_pi0_compile.py,3.7035655975341797,4.557202339172363,77.36689758300781,36.970733642578125,16.052963256835938,policies,77.36689758300781
lerobot\src\lerobot\utils\random_utils.py,3.417907953262329,1.2346359491348267,1.1555360555648804,1.189937710762024,3.7655560970306396,utilities,3.7655560970306396
lerobot\src\lerobot\policies\diffusion\__init__.py,1.3016167879104614,0.7378369569778442,77.38160705566406,0.4573209583759308,3.2140955924987793,policies,77.38160705566406
lerobot\src\lerobot\policies\groot\utils.py,22.334041595458984,1.9281033277511597,60.944942474365234,31.07748031616211,10.674971580505371,policies,60.944942474365234
lerobot\src\lerobot\teleoperators\unitree_g1\exo_ik.py,11.87735366821289,2.7647721767425537,13.63195514678955,41.89627456665039,8.394113540649414,robot_devices,41.89627456665039
lerobot\tests\mocks\mock_feetech.py,9.438732147216797,3.572047472000122,5.415855407714844,1.2117114067077637,3.8700172901153564,datasets,9.438732147216797
lerobot\src\lerobot\teleoperators\bi_openarm_leader\__init__.py,0.0,0.0,0.0,0.012864486314356327,0.0,robot_devices,0.012864486314356327
lerobot\tests\processor\test_batch_processor.py,14.589378356933594,7.056552886962891,11.430950164794922,71.24510955810547,10.596064567565918,robot_devices,71.24510955810547
lerobot\src\lerobot\rewards\topreward\modeling_topreward.py,39.398765563964844,7.972710609436035,12.627654075622559,36.739471435546875,22.937257766723633,datasets,39.398765563964844
lerobot\examples\dataset\create_progress_videos.py,67.55776977539062,9.92176628112793,9.824003219604492,8.754900932312012,28.94939422607422,datasets,67.55776977539062
lerobot\src\lerobot\rewards\topreward\configuration_topreward.py,13.34902286529541,8.445860862731934,25.38994026184082,40.76980972290039,4.516114234924316,robot_devices,40.76980972290039
lerobot\src\lerobot\teleoperators\phone\teleop_phone.py,8.195674896240234,2.540113925933838,5.49496603012085,55.26375961303711,16.748233795166016,robot_devices,55.26375961303711
lerobot\src\lerobot\robots\bi_openarm_follower\__init__.py,0.0,0.736594021320343,0.0,39.869468688964844,0.0,robot_devices,39.869468688964844
lerobot\src\lerobot\envs\vlabench.py,17.632938385009766,48.97304916381836,11.216651916503906,43.26356887817383,21.200056076049805,environments,48.97304916381836
lerobot\tests\processor\test_rename_processor.py,16.408761978149414,10.596171379089355,18.63956642150879,43.04684829711914,9.483774185180664,robot_devices,43.04684829711914
lerobot\tests\policies\pi0_pi05\test_pi0_rtc.py,42.44041442871094,5.498383045196533,81.37855529785156,35.488800048828125,7.62300968170166,policies,81.37855529785156
lerobot\src\lerobot\policies\vqbet\modeling_vqbet.py,24.801578521728516,37.587615966796875,79.91699981689453,71.4384765625,18.965646743774414,policies,79.91699981689453
lerobot\examples\lekiwi\record.py,49.45021057128906,69.6714096069336,1.3713356256484985,44.58573913574219,11.45573616027832,environments,69.6714096069336
lerobot\examples\phone_to_so100\record.py,51.43458557128906,64.56501770019531,3.1610538959503174,53.920894622802734,13.787849426269531,environments,64.56501770019531
lerobot\src\lerobot\annotations\steerable_pipeline\vlm_client.py,25.92399787902832,10.00610637664795,13.124138832092285,53.34550094604492,26.66021156311035,robot_devices,53.34550094604492
lerobot\src\lerobot\rewards\robometer\configuration_robometer.py,14.257877349853516,8.272964477539062,20.484294891357422,2.45058536529541,9.490753173828125,policies,20.484294891357422
lerobot\src\lerobot\motors\motors_bus.py,21.033367156982422,8.662524223327637,19.803512573242188,19.999553680419922,22.3967342376709,utilities,22.3967342376709
lerobot\src\lerobot\rollout\inference\__init__.py,2.122769832611084,0.0,0.0,0.012797951698303223,0.0,datasets,2.122769832611084
lerobot\src\lerobot\rl\joint_observations_processor.py,7.510753154754639,2.0581538677215576,7.858300685882568,43.3088493347168,3.0638973712921143,robot_devices,43.3088493347168
lerobot\tests\processor\test_converters.py,9.251640319824219,2.3923285007476807,10.520129203796387,30.122596740722656,2.134061098098755,robot_devices,30.122596740722656
lerobot\src\lerobot\rollout\inference\rtc.py,33.021976470947266,7.686212539672852,20.811874389648438,74.0986099243164,10.77404499053955,robot_devices,74.0986099243164
lerobot\src\lerobot\robots\koch_follower\__init__.py,0.0,0.7372082471847534,0.0,40.20124816894531,0.0,robot_devices,40.20124816894531
lerobot\tests\configs\test_resume_from_hub.py,43.08525848388672,2.701686143875122,6.828146934509277,2.7001922130584717,12.10969352722168,datasets,43.08525848388672
lerobot\src\lerobot\processor\factory.py,0.5096688866615295,3.3990044593811035,1.0,39.014808654785156,0.36231985688209534,robot_devices,39.014808654785156
lerobot\src\lerobot\robots\unitree_g1\unitree_sdk2_socket.py,10.745218276977539,3.4478719234466553,2.8140170574188232,43.838748931884766,5.617259502410889,robot_devices,43.838748931884766
lerobot\src\lerobot\policies\factory.py,53.51898956298828,55.86581039428711,114.37789154052734,24.070199966430664,33.19804382324219,policies,114.37789154052734
lerobot\src\lerobot\scripts\convert_dataset_v21_to_v30.py,118.65184783935547,10.045943260192871,18.0749454498291,11.99210262298584,29.94595718383789,datasets,118.65184783935547
lerobot\src\lerobot\robots\bi_so_follower\config_bi_so_follower.py,4.517626762390137,3.7671279907226562,1.0990484952926636,42.844146728515625,2.8350048065185547,robot_devices,42.844146728515625
lerobot\src\lerobot\utils\sample_weighting.py,105.95462036132812,9.236666679382324,93.10369110107422,37.77798080444336,15.81281566619873,datasets,105.95462036132812
lerobot\tests\configs\test_default.py,41.681087493896484,0.5645152926445007,0.0,0.01071404479444027,4.530484199523926,datasets,41.681087493896484
lerobot\src\lerobot\scripts\lerobot_calibrate.py,6.240246772766113,3.760152578353882,2.151312828063965,79.7330551147461,6.1030120849609375,robot_devices,79.7330551147461
lerobot\src\lerobot\rl\learner_service.py,2.654228687286377,1.5466128587722778,3.110323667526245,35.183773040771484,6.11348819732666,robot_devices,35.183773040771484
lerobot\src\lerobot\teleoperators\bi_openarm_mini\bi_openarm_mini.py,3.217470407485962,2.290151596069336,2.5919620990753174,49.924373626708984,4.349242210388184,robot_devices,49.924373626708984
lerobot\src\lerobot\teleoperators\koch_leader\config_koch_leader.py,3.0,0.0,0.0,0.4027657210826874,1.0697990655899048,datasets,3.0
lerobot\src\lerobot\datasets\dataset_reader.py,129.19886779785156,7.075212478637695,5.24132776260376,5.998970031738281,18.553504943847656,datasets,129.19886779785156
lerobot\src\lerobot\utils\constants.py,10.895622253417969,89.2275619506836,23.044729232788086,51.518638610839844,15.407916069030762,environments,89.2275619506836
lerobot\tests\datasets\test_language_render.py,105.09566497802734,4.187811851501465,2.6366660594940186,8.644401550292969,11.000144004821777,datasets,105.09566497802734
lerobot\tests\annotations\_helpers.py,2.028620958328247,0.8424040079116821,0.36917173862457275,0.01071404479444027,5.566723823547363,utilities,5.566723823547363
lerobot\examples\lekiwi\teleoperate.py,6.182262897491455,3.3856351375579834,2.097397804260254,39.676666259765625,5.613723278045654,robot_devices,39.676666259765625
lerobot\src\lerobot\utils\__init__.py,3.3422396183013916,0.0,1.2912955284118652,32.053436279296875,2.654895305633545,robot_devices,32.053436279296875
lerobot\src\lerobot\model\__init__.py,0.0,0.0,4.861825942993164,37.01288986206055,0.0,robot_devices,37.01288986206055
lerobot\src\lerobot\teleoperators\bi_rebot_102_leader\config_bi_rebot_102_leader.py,3.0,0.0,0.3408719301223755,0.8125994801521301,0.4787590801715851,datasets,3.0
lerobot\src\lerobot\policies\groot\action_head\__init__.py,1.6709463596343994,0.6683785319328308,74.90544128417969,0.6925818920135498,3.371119976043701,policies,74.90544128417969
lerobot\tests\policies\xvla\test_xvla_original_vs_lerobot.py,31.121706008911133,9.532294273376465,82.1703872680664,34.78926467895508,13.069101333618164,policies,82.1703872680664
lerobot\src\lerobot\policies\molmoact2\modeling_molmoact2.py,42.358177185058594,15.207439422607422,71.59685516357422,43.46702194213867,45.73902130126953,policies,71.59685516357422
lerobot\src\lerobot\robots\bi_rebot_b601_follower\config_bi_rebot_b601_follower.py,4.512688636779785,3.7581238746643066,1.0959447622299194,43.629425048828125,2.382519006729126,robot_devices,43.629425048828125
lerobot\tests\datasets\test_lerobot_dataset.py,129.27821350097656,11.375188827514648,7.117012023925781,7.671393871307373,25.170368194580078,datasets,129.27821350097656
lerobot\tests\policies\pi0_pi05\openpi_pytorch\image_tools.py,4.534976959228516,2.1436963081359863,74.69609832763672,1.8172427415847778,9.570828437805176,policies,74.69609832763672
lerobot\src\lerobot\policies\xvla\soft_transformer.py,14.137598037719727,3.2417263984680176,64.45687103271484,24.16411781311035,17.711820602416992,policies,64.45687103271484
lerobot\src\lerobot\rollout\strategies\factory.py,0.29182207584381104,2.2711875438690186,0.0,0.012625794857740402,0.5167673826217651,environments,2.2711875438690186
lerobot\tests\annotations\test_pipeline_recipe_render.py,108.80840301513672,5.254497051239014,2.37851619720459,43.62300109863281,14.140646934509277,datasets,108.80840301513672
lerobot\tests\utils\test_random_utils.py,2.661451816558838,1.7625834941864014,0.9303061962127686,0.9393656253814697,2.3431708812713623,datasets,2.661451816558838
lerobot\tests\test_control_robot.py,117.54873657226562,4.143202781677246,0.0,44.86768341064453,12.609025001525879,datasets,117.54873657226562
lerobot\src\lerobot\rl\eval_policy.py,44.766822814941406,5.502684593200684,19.478797912597656,38.97951889038086,5.877400875091553,datasets,44.766822814941406
lerobot\tests\training\test_multi_gpu.py,111.20338439941406,79.39569854736328,27.009801864624023,85.35348510742188,27.41202735900879,datasets,111.20338439941406
lerobot\src\lerobot\robots\config.py,5.672235012054443,1.3565794229507446,0.6941387057304382,51.323604583740234,2.7437009811401367,robot_devices,51.323604583740234
lerobot\src\lerobot\policies\diffusion\modeling_diffusion.py,13.622730255126953,6.629748344421387,67.88487243652344,73.91181182861328,21.78689193725586,robot_devices,73.91181182861328
lerobot\tests\test_available.py,105.14798736572266,0.5540472269058228,1.0360724925994873,0.014035156928002834,6.665157794952393,datasets,105.14798736572266
lerobot\src\lerobot\motors\feetech\feetech.py,19.018604278564453,5.429492473602295,18.659774780273438,20.801025390625,24.10786247253418,utilities,24.10786247253418
lerobot\src\lerobot\policies\xvla\utils.py,7.2857232093811035,3.0914220809936523,66.12918853759766,1.4645546674728394,11.831679344177246,policies,66.12918853759766
lerobot\src\lerobot\rl\algorithms\factory.py,1.2127197980880737,5.398365020751953,18.630908966064453,1.4212485551834106,2.9513909816741943,policies,18.630908966064453
lerobot\src\lerobot\policies\fastwam\modeling_fastwam.py,49.95854949951172,7.7783918380737305,66.35497283935547,37.40607452392578,27.379541397094727,policies,66.35497283935547
lerobot\src\lerobot\rollout\strategies\base.py,36.82340621948242,8.305919647216797,16.67353630065918,46.870853424072266,18.899505615234375,robot_devices,46.870853424072266
lerobot\tests\rl\test_actor_learner.py,98.48273468017578,8.348270416259766,19.19261360168457,32.48073196411133,17.503307342529297,datasets,98.48273468017578
lerobot\src\lerobot\teleoperators\bi_so_leader\__init__.py,0.0,0.0,0.0,0.012864486314356327,0.39743471145629883,utilities,0.39743471145629883
lerobot\tests\processor\test_libero_processor.py,4.911098480224609,2.287015438079834,7.0,38.39362716674805,1.260758876800537,robot_devices,38.39362716674805
lerobot\tests\policies\lingbot_va\test_processor.py,41.741458892822266,3.696549892425537,86.18683624267578,23.124225616455078,7.731226444244385,policies,86.18683624267578
lerobot\src\lerobot\datasets\pyav_utils.py,77.00926971435547,3.803863525390625,4.768363952636719,1.0371286869049072,14.0123291015625,datasets,77.00926971435547
lerobot\src\lerobot\teleoperators\openarm_leader\__init__.py,0.0,0.0,0.0,0.012864486314356327,0.0,robot_devices,0.012864486314356327
lerobot\examples\dataset\use_dataset_image_transforms.py,47.68684387207031,4.34305477142334,1.8123152256011963,1.9404549598693848,9.24382495880127,datasets,47.68684387207031
lerobot\src\lerobot\robots\hope_jr\__init__.py,0.6678221225738525,1.4038029909133911,0.6678221225738525,40.53573989868164,1.335644245147705,robot_devices,40.53573989868164
lerobot\src\lerobot\policies\evo1\modeling_evo1.py,20.839488983154297,14.88829517364502,73.25313568115234,43.75471878051758,29.048770904541016,policies,73.25313568115234
lerobot\src\lerobot\configs\default.py,18.164379119873047,6.981708526611328,3.9248907566070557,2.5485177040100098,14.986746788024902,datasets,18.164379119873047
lerobot\tests\rl\test_sac_algorithm.py,90.05918884277344,8.171101570129395,22.52046012878418,27.21735954284668,14.7744140625,datasets,90.05918884277344
lerobot\tests\training\test_visual_validation.py,113.8768310546875,7.313793182373047,18.134761810302734,38.449581146240234,13.380467414855957,datasets,113.8768310546875
lerobot\tests\mocks\mock_teleop.py,3.0,0.5279408693313599,1.771588921546936,45.52812194824219,0.7730472683906555,robot_devices,45.52812194824219
lerobot\src\lerobot\utils\rerun_visualization.py,11.377923965454102,0.3609449863433838,2.8069229125976562,42.626258850097656,9.715397834777832,robot_devices,42.626258850097656
lerobot\src\lerobot\utils\hub.py,11.393994331359863,5.795125484466553,22.568321228027344,4.366260528564453,15.209197044372559,policies,22.568321228027344
lerobot\src\lerobot\cameras\realsense\__init__.py,0.0,0.0,0.0,2.2950286865234375,0.0,robot_devices,2.2950286865234375
lerobot\src\lerobot\policies\smolvla\smolvlm_with_expert.py,18.976274490356445,2.9685018062591553,67.60758972167969,33.710140228271484,19.949737548828125,policies,67.60758972167969
lerobot\tests\optim\test_schedulers.py,4.8552727699279785,4.9084272384643555,3.3100051879882812,1.192586898803711,10.772558212280273,utilities,10.772558212280273
lerobot\examples\tutorial\act\act_training_example.py,51.70087814331055,9.548812866210938,20.20071029663086,71.7494125366211,15.839180946350098,robot_devices,71.7494125366211
lerobot\src\lerobot\policies\eo1\modeling_eo1.py,17.025711059570312,5.256660461425781,61.37517166137695,36.64867401123047,17.178791046142578,policies,61.37517166137695
lerobot\src\lerobot\configs\video.py,38.94748306274414,5.1750264167785645,8.04433822631836,2.322901964187622,12.738363265991211,datasets,38.94748306274414
lerobot\src\lerobot\cameras\realsense\camera_realsense.py,21.948562622070312,8.824472427368164,7.4891510009765625,109.83303833007812,15.142033576965332,robot_devices,109.83303833007812
lerobot\tests\utils\test_process.py,96.89994812011719,4.320775985717773,0.0,0.0116428779438138,5.322295665740967,datasets,96.89994812011719
lerobot\tests\scripts\test_train_remote_dispatch.py,104.33293914794922,3.5089828968048096,19.580018997192383,0.9062879085540771,6.612034320831299,datasets,104.33293914794922
lerobot\src\lerobot\teleoperators\bi_openarm_mini\__init__.py,0.0,0.294095516204834,0.0,0.012864486314356327,0.294095516204834,environments,0.294095516204834
lerobot\src\lerobot\policies\wall_x\configuration_wall_x.py,14.275360107421875,7.053460121154785,94.96367645263672,39.450531005859375,6.938907623291016,policies,94.96367645263672
lerobot\src\lerobot\rollout\strategies\sentry.py,58.31013107299805,10.627318382263184,16.485990524291992,47.751338958740234,29.02301025390625,datasets,58.31013107299805
lerobot\tests\rewards\__init__.py,0.0,0.6004399657249451,0.0,0.011395866051316261,0.0,environments,0.6004399657249451
lerobot\src\lerobot\rewards\sarm\__init__.py,1.3016167879104614,0.7378369569778442,0.4444746971130371,0.4573209583759308,1.1823116540908813,datasets,1.3016167879104614
lerobot\tests\jobs\test_dataset.py,115.53945922851562,2.0696349143981934,1.0923868417739868,1.4158847332000732,12.297847747802734,datasets,115.53945922851562
lerobot\src\lerobot\cameras\reachy2_camera\configuration_reachy2_camera.py,6.83288049697876,3.4619650840759277,2.36232852935791,5.341879844665527,5.629119873046875,datasets,6.83288049697876
lerobot\src\lerobot\scripts\lerobot_record.py,59.06210708618164,76.0554428100586,21.872901916503906,71.16276550292969,24.945323944091797,environments,76.0554428100586
lerobot\src\lerobot\policies\wall_x\qwen_model\configuration_qwen2_5_vl.py,7.96265983581543,3.0524847507476807,72.41520690917969,1.1587536334991455,10.078474998474121,policies,72.41520690917969
lerobot\src\lerobot\robots\unitree_g1\g1_utils.py,1.9316167831420898,1.063425898551941,2.282255172729492,46.02125930786133,3.9734315872192383,robot_devices,46.02125930786133
lerobot\src\lerobot\scripts\lerobot_rollout.py,8.918911933898926,5.243764877319336,5.143686771392822,44.49440383911133,6.409905910491943,robot_devices,44.49440383911133
lerobot\tests\datasets\test_dataset_tools.py,159.85049438476562,10.25593376159668,5.772780418395996,6.614037990570068,24.93279266357422,datasets,159.85049438476562
lerobot\src\lerobot\configs\__init__.py,8.305118560791016,2.0,9.743093490600586,0.012407099828124046,2.9013864994049072,policies,9.743093490600586
lerobot\tests\processor\test_act_processor.py,23.263580322265625,4.506161212921143,21.335494995117188,35.578548431396484,6.300495147705078,robot_devices,35.578548431396484
lerobot\tests\policies\lingbot_va\test_factory.py,0.4623669385910034,5.517978668212891,88.56551361083984,26.884977340698242,3.81323504447937,policies,88.56551361083984
lerobot\src\lerobot\policies\pi0\__init__.py,1.3016167879104614,0.7378369569778442,76.20954895019531,0.4573209583759308,3.2140955924987793,policies,76.20954895019531
lerobot\src\lerobot\policies\rtc\latency_tracker.py,0.0,0.6114581227302551,71.6975326538086,0.012407099828124046,2.5827033519744873,policies,71.6975326538086
lerobot\src\lerobot\rl\trainer.py,6.417385578155518,3.364091396331787,0.34429171681404114,0.7266079187393188,4.6219482421875,datasets,6.417385578155518
lerobot\src\lerobot\rl\crop_dataset_roi.py,56.79540252685547,5.876517295837402,2.6610302925109863,41.87609100341797,13.868668556213379,datasets,56.79540252685547
lerobot\tests\utils\test_sample_weighting.py,45.25649642944336,6.61146879196167,25.34545135498047,37.07783889770508,6.93388557434082,datasets,45.25649642944336
lerobot\tests\annotations\test_vlm_client.py,100.73795318603516,1.626220464706421,5.978801727294922,0.8588382601737976,6.387931823730469,datasets,100.73795318603516
lerobot\src\lerobot\rollout\inference\base.py,4.940710067749023,1.1856271028518677,2.133312463760376,1.139111876487732,2.906562328338623,datasets,4.940710067749023
lerobot\tests\async_inference\test_policy_server.py,3.4588170051574707,87.1664810180664,23.641332626342773,59.19260787963867,10.560266494750977,environments,87.1664810180664
lerobot\tests\policies\rtc\test_action_queue.py,5.328906059265137,4.781121253967285,52.87480926513672,20.437158584594727,9.497617721557617,policies,52.87480926513672
lerobot\tests\processor\test_pipeline.py,94.39190673828125,13.235267639160156,27.13270378112793,34.91868591308594,24.000741958618164,datasets,94.39190673828125
lerobot\tests\processor\test_batch_conversion.py,8.786110877990723,0.5874549746513367,7.014716625213623,0.43447428941726685,0.3501468002796173,datasets,8.786110877990723
lerobot\tests\policies\pi0_pi05\utils\openpi_parity.py,51.73659896850586,10.484100341796875,83.8351058959961,37.14398193359375,13.271138191223145,policies,83.8351058959961
lerobot\src\lerobot\cameras\configs.py,4.925105571746826,1.9251055717468262,4.8150129318237305,4.131900310516357,8.39795207977295,utilities,8.39795207977295
lerobot\src\lerobot\teleoperators\gamepad\configuration_gamepad.py,4.781674861907959,1.7256665229797363,0.0,0.3408603072166443,0.0,datasets,4.781674861907959
lerobot\tests\policies\groot\test_groot_state_dropout.py,6.115469932556152,5.69040584564209,71.1917495727539,0.023035570979118347,7.726192951202393,policies,71.1917495727539
lerobot\src\lerobot\scripts\lerobot_teleoperate.py,11.181379318237305,4.514092445373535,6.921520233154297,52.48038864135742,8.934908866882324,robot_devices,52.48038864135742
lerobot\tests\policies\vla_jepa\test_configuration.py,7.495199203491211,3.7598793506622314,76.90542602539062,0.01001989096403122,4.858105659484863,policies,76.90542602539062
lerobot\tests\policies\evo1\test_evo1.py,40.50461196899414,12.993097305297852,74.94889068603516,27.9232120513916,23.846473693847656,policies,74.94889068603516
lerobot\tests\rewards\test_sarm_utils.py,6.943820476531982,2.0475902557373047,14.14324951171875,0.5652298927307129,5.670311450958252,policies,14.14324951171875
lerobot\tests\utils\test_encoding_utils.py,4.240089416503906,3.492450714111328,5.1952033042907715,2.805065155029297,6.9663848876953125,utilities,6.9663848876953125
lerobot\tests\teleoperators\test_unitree_g1_teleoperator.py,14.38392448425293,1.878434181213379,6.659029960632324,15.42961597442627,13.492372512817383,robot_devices,15.42961597442627
lerobot\src\lerobot\robots\unitree_g1\config_unitree_g1.py,4.797903060913086,4.9809160232543945,2.8401827812194824,49.42301559448242,5.861541271209717,robot_devices,49.42301559448242
lerobot\tests\policies\test_sarm_subtask_annotations.py,1.3557506799697876,0.8531352281570435,68.61165618896484,0.009256603196263313,3.4575297832489014,policies,68.61165618896484
lerobot\tests\datasets\test_depth.py,106.93758392333984,5.251475811004639,6.397427082061768,3.925342082977295,10.074599266052246,datasets,106.93758392333984
lerobot\src\lerobot\scripts\lerobot_train.py,115.00285339355469,46.305843353271484,81.75650787353516,32.481075286865234,30.43669891357422,datasets,115.00285339355469
lerobot\src\lerobot\motors\feetech\__init__.py,0.0,0.0,0.0,2.6843740940093994,0.0,robot_devices,2.6843740940093994
lerobot\src\lerobot\utils\logging_utils.py,7.600407123565674,2.043128252029419,2.271756887435913,31.716041564941406,8.337953567504883,robot_devices,31.716041564941406
lerobot\src\lerobot\robots\unitree_g1\gr00t_locomotion.py,7.334901332855225,3.124296188354492,95.04615020751953,46.7114372253418,12.384349822998047,policies,95.04615020751953
lerobot\tests\policies\groot\utils\dump_original_n1_7.py,27.124820709228516,9.800419807434082,91.13996124267578,36.734554290771484,16.479000091552734,policies,91.13996124267578
lerobot\src\lerobot\annotations\steerable_pipeline\prompts\__init__.py,6.173834800720215,0.954750657081604,0.954750657081604,1.3572485446929932,3.7018823623657227,datasets,6.173834800720215
lerobot\src\lerobot\optim\factory.py,3.769702434539795,9.052077293395996,16.272146224975586,1.6229532957077026,8.600837707519531,policies,16.272146224975586
lerobot\tests\policies\pi0_pi05\test_pi05_original_vs_lerobot.py,47.60810089111328,5.162398338317871,87.38248443603516,35.79254150390625,9.696684837341309,policies,87.38248443603516
lerobot\src\lerobot\teleoperators\openarm_mini\__init__.py,0.0,0.294095516204834,0.0,0.012864486314356327,0.294095516204834,environments,0.294095516204834
lerobot\src\lerobot\policies\act\modeling_act.py,15.020340919494629,6.550488471984863,65.50981903076172,72.8818359375,19.64287567138672,robot_devices,72.8818359375
lerobot\tests\rewards\test_topreward_processor.py,15.606888771057129,7.12679386138916,8.808889389038086,1.2969708442687988,11.207730293273926,datasets,15.606888771057129
lerobot\examples\isaac_teleop_to_so101\isaac_teleop\config_isaac_teleop.py,8.434586524963379,3.700900077819824,2.4978294372558594,3.841737985610962,10.302680015563965,utilities,10.302680015563965
lerobot\examples\isaac_teleop_to_so101\isaac_teleop\teleop_so101_leader_arm.py,2.3754117488861084,6.385204315185547,1.9115345478057861,40.65584945678711,7.841443061828613,robot_devices,40.65584945678711
lerobot\tests\mocks\mock_robot.py,6.1389665603637695,4.24714469909668,8.780713081359863,47.2142333984375,5.9370317459106445,robot_devices,47.2142333984375
lerobot\src\lerobot\rollout\inference\sync.py,41.544559478759766,4.662906169891357,21.14192008972168,73.10057067871094,4.2757954597473145,robot_devices,73.10057067871094
lerobot\src\lerobot\envs\robotwin.py,29.310344696044922,12.938738822937012,20.167034149169922,48.64451217651367,27.900972366333008,robot_devices,48.64451217651367
lerobot\tests\artifacts\image_transforms\save_image_transforms_to_safetensors.py,45.75979232788086,4.642649173736572,1.3702653646469116,2.6620616912841797,9.8007173538208,datasets,45.75979232788086
lerobot\src\lerobot\teleoperators\so_leader\__init__.py,0.0,0.0,0.0,0.012816028669476509,0.3948032259941101,utilities,0.3948032259941101
lerobot\src\lerobot\cameras\opencv\configuration_opencv.py,8.966989517211914,3.2250781059265137,2.6560449600219727,4.377114295959473,7.232368469238281,datasets,8.966989517211914
lerobot\src\lerobot\rewards\sarm\processor_sarm.py,57.99784851074219,7.419956684112549,30.401185989379883,31.264732360839844,14.940343856811523,datasets,57.99784851074219
lerobot\examples\annotations\run_hf_job.py,78.34305572509766,2.4357714653015137,7.377028942108154,1.0521994829177856,15.760003089904785,datasets,78.34305572509766
lerobot\src\lerobot\motors\encoding_utils.py,2.884438991546631,3.1119213104248047,4.561682224273682,5.257475852966309,5.683680534362793,utilities,5.683680534362793
lerobot\src\lerobot\robots\omx_follower\omx_follower.py,10.577940940856934,9.376029014587402,7.493776798248291,59.83868408203125,17.342998504638672,robot_devices,59.83868408203125
lerobot\tests\policies\test_policies.py,115.61927032470703,16.72539710998535,115.2652587890625,79.4234619140625,33.00146484375,datasets,115.61927032470703
lerobot\src\lerobot\scripts\lerobot_imgtransform_viz.py,43.081512451171875,3.119527578353882,3.140773057937622,1.128035306930542,7.949857711791992,datasets,43.081512451171875
lerobot\src\lerobot\transport\utils.py,9.656587600708008,1.2343679666519165,2.087764024734497,16.270221710205078,7.80764102935791,robot_devices,16.270221710205078
lerobot\src\lerobot\policies\xvla\modeling_florence2.py,23.73619842529297,9.798421859741211,58.474090576171875,32.29711151123047,32.84577178955078,policies,58.474090576171875
lerobot\src\lerobot\async_inference\helpers.py,43.44882583618164,65.81796264648438,26.00990104675293,62.92134475708008,20.140745162963867,environments,65.81796264648438
lerobot\tests\policies\rtc\test_debug_tracker.py,6.5386528968811035,4.772881507873535,55.55010986328125,26.997493743896484,15.857464790344238,policies,55.55010986328125
lerobot\tests\utils\test_foxglove_visualization.py,9.357815742492676,65.04486083984375,1.0,2.57462215423584,5.677728176116943,environments,65.04486083984375
lerobot\tests\policies\pi0_pi05\openpi_pytorch\gemma_pytorch.py,18.325679779052734,4.694197654724121,73.85247802734375,22.46653938293457,15.021700859069824,policies,73.85247802734375
lerobot\tests\scripts\test_lerobot_annotate.py,112.78006744384766,0.9794290661811829,0.0,1.0289523601531982,6.3374714851379395,datasets,112.78006744384766
lerobot\src\lerobot\policies\fastwam\wan\components.py,15.725924491882324,3.985172748565674,78.99732971191406,38.85341262817383,20.506929397583008,policies,78.99732971191406
lerobot\examples\training\train_policy.py,47.40979766845703,8.807722091674805,22.20937728881836,33.079566955566406,12.865653991699219,datasets,47.40979766845703
lerobot\src\lerobot\robots\earthrover_mini_plus\__init__.py,0.0,1.0306894779205322,0.0,39.869468688964844,0.294095516204834,robot_devices,39.869468688964844
lerobot\src\lerobot\policies\rtc\relative.py,0.0,3.4182183742523193,87.39448547363281,31.77375602722168,3.1849167346954346,policies,87.39448547363281
lerobot\src\lerobot\teleoperators\keyboard\configuration_keyboard.py,6.562866687774658,3.89794659614563,1.8152515888214111,2.1414945125579834,4.062723636627197,datasets,6.562866687774658
lerobot\tests\async_inference\test_robot_client.py,91.50446319580078,4.201541900634766,15.701839447021484,40.69942855834961,9.963958740234375,datasets,91.50446319580078
lerobot\src\lerobot\utils\foxglove_visualization.py,51.16138458251953,4.590033054351807,4.798147201538086,44.15519714355469,17.306766510009766,datasets,51.16138458251953
lerobot\src\lerobot\robots\lekiwi\lekiwi_client.py,14.480541229248047,4.73040246963501,5.144913673400879,45.49776840209961,12.322099685668945,robot_devices,45.49776840209961
lerobot\src\lerobot\robots\earthrover_mini_plus\config_earthrover_mini_plus.py,3.0,1.0744012594223022,0.0,39.844947814941406,0.748008668422699,robot_devices,39.844947814941406
lerobot\examples\so100_to_so100_EE\replay.py,42.89307403564453,3.379389524459839,1.9656946659088135,43.918800354003906,6.938701152801514,robot_devices,43.918800354003906
lerobot\src\lerobot\envs\configs.py,40.432003021240234,78.62342071533203,16.357177734375,67.43780517578125,22.311111450195312,environments,78.62342071533203
lerobot\src\lerobot\policies\gaussian_actor\configuration_gaussian_actor.py,41.17284393310547,10.75887393951416,86.61421966552734,29.617267608642578,14.59625244140625,policies,86.61421966552734
lerobot\src\lerobot\policies\groot\processor_groot.py,111.40447998046875,27.04344367980957,69.92024230957031,39.20659637451172,34.81418991088867,datasets,111.40447998046875
lerobot\tests\datasets\test_image_writer.py,116.75293731689453,6.02334451675415,5.008933067321777,1.2129769325256348,16.297836303710938,datasets,116.75293731689453
lerobot\src\lerobot\policies\vqbet\__init__.py,1.3016167879104614,0.7378369569778442,76.36347961425781,0.4573209583759308,3.2140955924987793,policies,76.36347961425781
lerobot\src\lerobot\async_inference\constants.py,0.6235131025314331,3.3854198455810547,85.9366455078125,39.83507537841797,9.051786422729492,policies,85.9366455078125
lerobot\src\lerobot\transport\__init__.py,0.0,0.0,0.0,0.012834157794713974,2.4869184494018555,utilities,2.4869184494018555
lerobot\src\lerobot\robots\unitree_g1\__init__.py,0.0,0.7372082471847534,0.0,39.87102127075195,0.0,robot_devices,39.87102127075195
lerobot\src\lerobot\rewards\sarm\modeling_sarm.py,51.945369720458984,4.39947509765625,12.685952186584473,39.03225326538086,16.256093978881836,datasets,51.945369720458984
lerobot\src\lerobot\motors\feetech\tables.py,4.057487487792969,3.8941941261291504,11.205960273742676,8.310406684875488,4.73700475692749,policies,11.205960273742676
lerobot\tests\envs\test_dispatch.py,11.600699424743652,8.397200584411621,17.53030776977539,44.49348831176758,13.671093940734863,robot_devices,44.49348831176758
lerobot\tests\robots\test_reachy2.py,8.611201286315918,3.5147271156311035,3.383443593978882,49.691898345947266,6.153903484344482,robot_devices,49.691898345947266
lerobot\src\lerobot\policies\smolvla\configuration_smolvla.py,17.67190933227539,6.449573993682861,91.29693603515625,4.764553546905518,12.01367473602295,policies,91.29693603515625
lerobot\tests\utils.py,3.9477624893188477,1.1913065910339355,6.697832107543945,38.882381439208984,11.266779899597168,robot_devices,38.882381439208984
lerobot\tests\policies\rtc\test_configuration_rtc.py,0.0,2.3739161491394043,71.06205749511719,0.010386962443590164,2.7063992023468018,policies,71.06205749511719
lerobot\src\lerobot\rewards\classifier\configuration_classifier.py,13.139337539672852,6.173128128051758,12.214234352111816,29.225830078125,6.794985771179199,robot_devices,29.225830078125
lerobot\src\lerobot\datasets\pipeline_features.py,106.95745086669922,0.0,1.3494304418563843,37.3768196105957,2.949700117111206,datasets,106.95745086669922
lerobot\tests\annotations\__init__.py,0.0,0.6004399657249451,0.0,0.011395866051316261,0.0,environments,0.6004399657249451
lerobot\src\lerobot\types.py,6.508668899536133,1.0,8.36887264251709,37.374122619628906,0.36887258291244507,robot_devices,37.374122619628906
lerobot\src\lerobot\motors\__init__.py,0.0,0.0,0.0,4.199381351470947,0.0,robot_devices,4.199381351470947
lerobot\src\lerobot\robots\hope_jr\hope_jr_arm.py,8.522135734558105,5.438106536865234,4.903468132019043,59.01660919189453,13.53007984161377,robot_devices,59.01660919189453
lerobot\src\lerobot\processor\gym_action_processor.py,11.77733325958252,1.0,8.0,0.838077187538147,5.059038162231445,datasets,11.77733325958252
lerobot\src\lerobot\policies\gaussian_actor\processor_gaussian_actor.py,37.24385070800781,4.142924785614014,94.24840545654297,31.788541793823242,4.935915946960449,policies,94.24840545654297
lerobot\tests\processor\test_smolvla_processor.py,27.79913330078125,9.43784236907959,98.60442352294922,35.48743438720703,7.020559787750244,policies,98.60442352294922
lerobot\examples\isaac_teleop_to_so101\isaac_teleop\base.py,8.336508750915527,9.065367698669434,5.234772682189941,67.5644302368164,23.431455612182617,robot_devices,67.5644302368164
lerobot\src\lerobot\annotations\steerable_pipeline\modules\interjections_and_speech.py,15.511604309082031,6.759807586669922,2.244809150695801,5.960935115814209,12.424647331237793,datasets,15.511604309082031
lerobot\src\lerobot\teleoperators\bi_so_leader\config_bi_so_leader.py,3.0,0.0,0.34151121973991394,0.012761948630213737,0.9267007112503052,datasets,3.0
lerobot\src\lerobot\policies\fastwam\processor_fastwam.py,35.2358283996582,4.374701976776123,92.60338592529297,33.832828521728516,8.080232620239258,policies,92.60338592529297
lerobot\src\lerobot\teleoperators\__init__.py,0.4133544862270355,0.29385069012641907,0.0,4.326159477233887,0.6993633508682251,robot_devices,4.326159477233887
lerobot\src\lerobot\robots\reachy2\__init__.py,0.0,0.7186320424079895,0.36630016565322876,39.824012756347656,0.0,robot_devices,39.824012756347656
lerobot\src\lerobot\policies\evo1\flow_matching.py,11.829230308532715,4.0461320877075195,56.07367706298828,37.10881805419922,17.599584579467773,policies,56.07367706298828
lerobot\tests\processor\test_tokenizer_processor.py,10.53218936920166,12.424592971801758,16.51496124267578,116.70619201660156,19.79915428161621,robot_devices,116.70619201660156
lerobot\examples\tutorial\smolvla\using_smolvla_example.py,40.6630859375,4.746511459350586,8.331363677978516,78.96700286865234,6.506885528564453,robot_devices,78.96700286865234
lerobot\src\lerobot\datasets\utils.py,137.10487365722656,16.43740463256836,8.936724662780762,47.3328971862793,38.26111602783203,datasets,137.10487365722656
lerobot\src\lerobot\utils\rotation.py,2.1208033561706543,0.0,0.21097318828105927,0.2397162914276123,2.8911008834838867,utilities,2.8911008834838867
lerobot\src\lerobot\policies\vla_jepa\world_model.py,13.477656364440918,4.529763698577881,61.632286071777344,33.98637771606445,15.014323234558105,policies,61.632286071777344
lerobot\src\lerobot\rewards\topreward\compute_rabc_weights.py,122.09378051757812,7.791799545288086,21.86446762084961,35.958824157714844,28.193944931030273,datasets,122.09378051757812
lerobot\src\lerobot\policies\fastwam\wan\__init__.py,2.005078077316284,0.0,73.4475326538086,0.22801198065280914,3.2635254859924316,policies,73.4475326538086
lerobot\src\lerobot\policies\rtc\action_interpolator.py,0.0,0.0,74.2992172241211,0.012876658700406551,2.0360894203186035,policies,74.2992172241211
lerobot\src\lerobot\policies\fastwam\wan\video_dit.py,27.0158634185791,10.696592330932617,60.10301971435547,41.25149154663086,30.67078399658203,policies,60.10301971435547
lerobot\src\lerobot\utils\device_utils.py,2.1764473915100098,6.877043724060059,2.920024871826172,97.83199310302734,8.235889434814453,robot_devices,97.83199310302734
lerobot\src\lerobot\jobs\hf.py,49.10846710205078,14.090400695800781,25.864505767822266,17.33726692199707,26.214296340942383,datasets,49.10846710205078
lerobot\src\lerobot\rl\algorithms\__init__.py,0.0,0.0,0.0,0.012876658700406551,0.0,robot_devices,0.012876658700406551
lerobot\src\lerobot\policies\pi_gemma.py,5.490087509155273,2.8151438236236572,66.5518569946289,23.66429328918457,9.838675498962402,policies,66.5518569946289
lerobot\src\lerobot\rewards\robometer\processor_robometer.py,44.18840789794922,7.885621547698975,30.145294189453125,62.861873626708984,14.928223609924316,robot_devices,62.861873626708984
lerobot\src\lerobot\robots\bi_rebot_b601_follower\bi_rebot_b601_follower.py,1.100412368774414,1.735284447669983,5.043616771697998,61.8022575378418,7.60122537612915,robot_devices,61.8022575378418
lerobot\src\lerobot\policies\pi05\modeling_pi05.py,39.026309967041016,12.376205444335938,68.12835693359375,42.4696159362793,36.39705276489258,policies,68.12835693359375
lerobot\src\lerobot\annotations\steerable_pipeline\executor.py,13.951925277709961,4.223782062530518,4.90908145904541,6.504213333129883,17.4499568939209,utilities,17.4499568939209
lerobot\tests\configs\test_recipe.py,5.97851037979126,5.519372463226318,1.0,2.582866668701172,9.84961986541748,utilities,9.84961986541748
lerobot\tests\jobs\conftest.py,0.0,0.6004399657249451,0.0,0.011395866051316261,0.0,environments,0.6004399657249451
lerobot\src\lerobot\policies\fastwam\configuration_fastwam.py,50.48788833618164,9.405195236206055,85.34580993652344,55.69084930419922,14.990519523620605,policies,85.34580993652344
lerobot\src\lerobot\model\kinematics.py,4.953593730926514,3.6722166538238525,6.062976837158203,40.730770111083984,15.157731056213379,robot_devices,40.730770111083984
lerobot\tests\optim\test_optimizers.py,6.156447887420654,4.671535491943359,8.281103134155273,1.8618651628494263,6.412752151489258,policies,8.281103134155273
lerobot\src\lerobot\policies\vqbet\processor_vqbet.py,37.33019256591797,3.24835467338562,96.9455337524414,31.868404388427734,4.952239990234375,policies,96.9455337524414
lerobot\src\lerobot\motors\dynamixel\dynamixel.py,13.662283897399902,3.5658328533172607,17.614545822143555,19.830556869506836,19.646209716796875,robot_devices,19.830556869506836
lerobot\tests\robots\test_so100_follower.py,4.105504989624023,2.5915164947509766,1.0,46.35523223876953,2.139904022216797,robot_devices,46.35523223876953
lerobot\src\lerobot\rewards\pretrained.py,112.92939758300781,16.732303619384766,17.71718978881836,134.39520263671875,29.237634658813477,robot_devices,134.39520263671875
lerobot\src\lerobot\policies\gaussian_actor\__init__.py,1.2994569540023804,1.6286742687225342,74.86976623535156,0.4565713107585907,3.210421562194824,policies,74.86976623535156
lerobot\tests\artifacts\policies\save_policy_to_safetensors.py,55.36539077758789,10.028421401977539,99.59392547607422,42.188236236572266,20.219093322753906,policies,99.59392547607422
lerobot\tests\rewards\test_sarm_processor.py,54.42573165893555,2.039569616317749,12.156692504882812,20.418519973754883,7.879795074462891,datasets,54.42573165893555
lerobot\src\lerobot\optim\__init__.py,0.7704463601112366,0.0,0.0,0.012544332072138786,0.0,datasets,0.7704463601112366
lerobot\src\lerobot\rewards\__init__.py,2.360055685043335,0.8928759098052979,6.118587493896484,0.5346550345420837,1.8904047012329102,policies,6.118587493896484
lerobot\src\lerobot\teleoperators\bi_rebot_102_leader\bi_rebot_102_leader.py,1.6093928813934326,0.0,7.362699031829834,47.918888092041016,4.633917808532715,robot_devices,47.918888092041016
lerobot\tests\datasets\test_video_decoder_cache.py,97.04143524169922,2.101022243499756,1.035986065864563,17.952789306640625,9.188896179199219,datasets,97.04143524169922
lerobot\src\lerobot\datasets\streaming_dataset.py,121.26541900634766,8.234819412231445,4.838382720947266,7.049989223480225,23.88981819152832,datasets,121.26541900634766
lerobot\examples\tutorial\rl\hilserl_example.py,50.8824348449707,11.301910400390625,20.881000518798828,79.18675231933594,15.964550018310547,robot_devices,79.18675231933594
lerobot\src\lerobot\policies\pi0_fast\processor_pi0_fast.py,39.970638275146484,7.070690631866455,93.83837127685547,29.781091690063477,5.833275318145752,policies,93.83837127685547
lerobot\src\lerobot\jobs\__init__.py,98.23068237304688,0.0,0.0,0.012852338142693043,5.0644307136535645,datasets,98.23068237304688
lerobot\examples\isaac_teleop_to_so101\isaac_teleop\__init__.py,0.0,0.656914234161377,1.0,38.56276321411133,0.3938254117965698,robot_devices,38.56276321411133
lerobot\src\lerobot\teleoperators\gamepad\__init__.py,0.0,0.0,0.0,0.012876658700406551,0.0,robot_devices,0.012876658700406551
lerobot\tests\teleoperators\test_reachy2_teleoperator.py,3.3181800842285156,2.0156443119049072,3.321650743484497,47.966121673583984,5.276307106018066,robot_devices,47.966121673583984
lerobot\src\lerobot\teleoperators\koch_leader\__init__.py,0.0,0.0,0.0,0.34309712052345276,0.0,robot_devices,0.34309712052345276
lerobot\tests\processor\test_pi0_processor.py,46.61193084716797,3.5217161178588867,17.939067840576172,35.32381057739258,7.0935444831848145,datasets,46.61193084716797
lerobot\src\lerobot\teleoperators\reachy2_teleoperator\reachy2_teleoperator.py,8.348726272583008,1.453162670135498,3.900590419769287,9.49955940246582,10.515377044677734,utilities,10.515377044677734
lerobot\src\lerobot\rl\algorithms\configs.py,21.12110710144043,14.636539459228516,32.25089645385742,6.610683917999268,23.855566024780273,policies,32.25089645385742
lerobot\src\lerobot\teleoperators\unitree_g1\config_unitree_g1.py,5.897818565368652,3.3316543102264404,1.2037512063980103,0.8776015639305115,3.313922643661499,datasets,5.897818565368652
lerobot\src\lerobot\policies\multi_task_dit\modeling_multi_task_dit.py,26.549283981323242,7.555475234985352,60.003353118896484,79.40988159179688,23.050928115844727,robot_devices,79.40988159179688
lerobot\src\lerobot\processor\delta_action_processor.py,7.027535915374756,3.954798936843872,8.0,38.55897521972656,6.401064395904541,robot_devices,38.55897521972656
lerobot\tests\utils\test_visualization_utils.py,5.339666366577148,0.8683819770812988,5.00945520401001,0.011044442653656006,1.2733738422393799,datasets,5.339666366577148
lerobot\src\lerobot\policies\vqbet\vqbet_utils.py,27.42093276977539,30.075979232788086,56.91084671020508,37.82289505004883,29.096952438354492,policies,56.91084671020508
lerobot\src\lerobot\policies\molmoact2\molmoact2_hf_model\action_tokenizer.py,12.145625114440918,3.3583576679229736,69.33982849121094,0.9269216060638428,12.809751510620117,policies,69.33982849121094
lerobot\src\lerobot\teleoperators\bi_rebot_102_leader\__init__.py,0.0,0.0,0.0,0.6903471946716309,0.0,robot_devices,0.6903471946716309
lerobot\src\lerobot\robots\lekiwi\lekiwi.py,14.892091751098633,10.175000190734863,10.846009254455566,60.83158493041992,23.952985763549805,robot_devices,60.83158493041992
lerobot\examples\training\train_with_streaming.py,45.85380172729492,9.749876022338867,19.10428810119629,35.46808624267578,13.282569885253906,datasets,45.85380172729492
lerobot\src\lerobot\scripts\lerobot_dataset_viz.py,62.34719467163086,12.46357250213623,16.498878479003906,12.632281303405762,31.640439987182617,datasets,62.34719467163086
lerobot\src\lerobot\teleoperators\reachy2_teleoperator\__init__.py,0.0,0.0,0.3661160469055176,3.7174863815307617,0.0,robot_devices,3.7174863815307617
lerobot\src\lerobot\utils\import_utils.py,75.04133605957031,6.228264331817627,19.506275177001953,79.12442779541016,22.29683494567871,robot_devices,79.12442779541016
lerobot\examples\dataset\slurm_compute_rabc.py,118.10931396484375,11.185806274414062,17.460084915161133,39.06600570678711,39.40321731567383,datasets,118.10931396484375
lerobot\src\lerobot\policies\fastwam\wan\model.py,10.71316909790039,2.0870721340179443,67.68820190429688,2.8217151165008545,14.493597984313965,policies,67.68820190429688
lerobot\src\lerobot\datasets\dataset_metadata.py,123.6082992553711,10.486658096313477,12.320955276489258,45.56436538696289,27.72873878479004,datasets,123.6082992553711
lerobot\src\lerobot\policies\multi_task_dit\configuration_multi_task_dit.py,20.24132537841797,5.75263786315918,74.1009292602539,4.993661403656006,13.826116561889648,policies,74.1009292602539
lerobot\tests\test_cli_peft.py,45.004608154296875,9.649086952209473,27.194015502929688,3.3172924518585205,23.5836181640625,datasets,45.004608154296875
lerobot\src\lerobot\robots\unitree_g1\unitree_g1.py,15.361133575439453,11.243837356567383,5.908783435821533,57.31327438354492,20.774084091186523,robot_devices,57.31327438354492
lerobot\src\lerobot\policies\pi0\configuration_pi0.py,17.74970245361328,6.325986862182617,86.00584411621094,25.76445770263672,8.873895645141602,policies,86.00584411621094
lerobot\tests\cameras\test_reachy2_camera.py,6.514805793762207,0.892535924911499,3.2978415489196777,4.812412261962891,4.577098369598389,datasets,6.514805793762207
lerobot\examples\isaac_teleop_to_so101\__init__.py,0.0,0.0,0.0,0.01136731170117855,0.39843058586120605,utilities,0.39843058586120605
lerobot\src\lerobot\common\control_utils.py,48.64363098144531,11.064000129699707,22.748985290527344,80.45923614501953,21.26954460144043,robot_devices,80.45923614501953
lerobot\src\lerobot\rl\data_sources\__init__.py,6.402044296264648,0.0,0.0,0.012864486314356327,0.0,datasets,6.402044296264648
lerobot\src\lerobot\policies\vla_jepa\configuration_vla_jepa.py,18.51657485961914,8.609703063964844,95.52225494384766,40.95918655395508,11.11991024017334,policies,95.52225494384766
lerobot\src\lerobot\rewards\classifier\modeling_classifier.py,11.632098197937012,3.3042685985565186,14.785622596740723,4.31154727935791,11.231203079223633,policies,14.785622596740723
lerobot\src\lerobot\processor\pipeline.py,32.79491424560547,13.479777336120605,29.31043815612793,44.80592346191406,23.085752487182617,robot_devices,44.80592346191406
lerobot\src\lerobot\utils\decorators.py,0.0,0.0,0.0,1.0126609802246094,0.0,robot_devices,1.0126609802246094
lerobot\examples\isaac_teleop_to_so101\isaac_teleop\clutch.py,2.7748165130615234,0.8410794734954834,0.8410794734954834,1.138014793395996,3.6507339477539062,utilities,3.6507339477539062
lerobot\examples\port_datasets\slurm_aggregate_shards.py,108.46603393554688,7.447923183441162,3.4029834270477295,3.0248000621795654,20.435026168823242,datasets,108.46603393554688
lerobot\src\lerobot\annotations\steerable_pipeline\modules\__init__.py,0.0,0.0,0.6785508990287781,0.012858409434556961,3.470498561859131,utilities,3.470498561859131
lerobot\src\lerobot\policies\fastwam\__init__.py,1.3016167879104614,0.7378369569778442,73.58869934082031,0.4573209583759308,3.2140955924987793,policies,73.58869934082031
lerobot\src\lerobot\policies\tdmpc\configuration_tdmpc.py,14.591642379760742,5.961196422576904,80.87724304199219,1.7466799020767212,11.506935119628906,policies,80.87724304199219
lerobot\examples\port_datasets\port_droid.py,125.4780044555664,8.626243591308594,12.078047752380371,46.012351989746094,34.54022979736328,datasets,125.4780044555664
lerobot\tests\policies\molmoact2\test_molmoact2.py,41.11909103393555,12.584531784057617,79.71439361572266,28.187211990356445,30.111988067626953,policies,79.71439361572266
lerobot\src\lerobot\policies\act\configuration_act.py,16.014638900756836,76.4376449584961,93.77334594726562,3.0680627822875977,13.278799057006836,policies,93.77334594726562
lerobot\src\lerobot\policies\rtc\__init__.py,0.0,0.0,74.08258056640625,0.012834157794713974,2.03007173538208,policies,74.08258056640625
lerobot\tests\processor\test_pipeline_from_pretrained_helpers.py,21.263320922851562,4.721489429473877,9.949345588684082,3.7612428665161133,16.686079025268555,datasets,21.263320922851562
lerobot\tests\policies\groot\test_groot_lerobot.py,36.2017707824707,9.868964195251465,88.05220031738281,35.415931701660156,11.723603248596191,policies,88.05220031738281
lerobot\src\lerobot\rl\algorithms\sac\sac_algorithm.py,16.04792022705078,6.456789493560791,21.709484100341797,35.227962493896484,7.109105587005615,robot_devices,35.227962493896484
lerobot\src\lerobot\policies\rtc\configuration_rtc.py,3.2904746532440186,1.901818871498108,72.20569610595703,0.3782700300216675,2.2284998893737793,policies,72.20569610595703
lerobot\src\lerobot\robots\bi_so_follower\__init__.py,0.0,0.736594021320343,0.0,39.869468688964844,0.39743471145629883,robot_devices,39.869468688964844
lerobot\src\lerobot\cameras\realsense\configuration_realsense.py,6.05301570892334,1.9164087772369385,2.698606014251709,2.5842864513397217,0.6199396848678589,datasets,6.05301570892334
lerobot\tests\policies\wall_x\test_wallx.py,45.75281524658203,7.6858930587768555,84.78041076660156,35.9071044921875,10.156068801879883,policies,84.78041076660156
lerobot\src\lerobot\policies\rtc\action_queue.py,3.7096986770629883,1.0590993165969849,69.0416488647461,0.8088918924331665,6.912417411804199,policies,69.0416488647461
lerobot\src\lerobot\rewards\factory.py,45.03076934814453,6.082056522369385,28.814117431640625,24.027082443237305,9.258437156677246,datasets,45.03076934814453
lerobot\src\lerobot\teleoperators\bi_openarm_leader\bi_openarm_leader.py,9.245312690734863,3.087757110595703,2.544296979904175,63.30635070800781,7.611203193664551,robot_devices,63.30635070800781
lerobot\tests\robots\test_rebot_b601_follower.py,4.389284610748291,2.9672131538391113,10.740694046020508,53.4023551940918,10.192416191101074,robot_devices,53.4023551940918
lerobot\examples\phone_to_so100\replay.py,42.89307403564453,3.379389524459839,1.9656946659088135,43.918800354003906,6.938701152801514,robot_devices,43.918800354003906
lerobot\src\lerobot\rewards\sarm\sarm_utils.py,7.0466628074646,2.822122573852539,1.5151801109313965,1.302247166633606,7.196591854095459,utilities,7.196591854095459
lerobot\src\lerobot\robots\__init__.py,0.41369885206222534,1.7828185558319092,0.0,41.645877838134766,0.6999459862709045,robot_devices,41.645877838134766
lerobot\tests\fixtures\hub.py,127.08798217773438,11.77470874786377,4.297094821929932,5.160656452178955,18.921327590942383,datasets,127.08798217773438
lerobot\src\lerobot\common\__init__.py,0.0,0.0,0.0,0.012882753275334835,0.0,robot_devices,0.012882753275334835
lerobot\src\lerobot\policies\pi0_fast\modeling_pi0_fast.py,36.28910446166992,12.642581939697266,80.83226776123047,43.10700988769531,38.55759048461914,policies,80.83226776123047
lerobot\src\lerobot\cameras\opencv\camera_opencv.py,17.15119171142578,5.862308502197266,8.877016067504883,8.978692054748535,13.237654685974121,datasets,17.15119171142578
lerobot\examples\so100_to_so100_EE\evaluate.py,55.6291618347168,84.43577575683594,25.481727600097656,83.74422454833984,16.198936462402344,environments,84.43577575683594
lerobot\tests\rewards\test_modeling_classifier.py,4.5189971923828125,3.085782766342163,13.971905708312988,36.126434326171875,5.544779300689697,robot_devices,36.126434326171875
lerobot\src\lerobot\policies\lingbot_va\utils.py,22.00884437561035,9.225027084350586,56.93754196166992,35.610111236572266,28.884931564331055,policies,56.93754196166992
lerobot\tests\motors\test_dynamixel.py,8.716050148010254,2.3165767192840576,16.04319953918457,20.088193893432617,11.408723831176758,robot_devices,20.088193893432617
lerobot\src\lerobot\robots\omx_follower\__init__.py,0.0,0.7372082471847534,0.0,39.87102127075195,0.0,robot_devices,39.87102127075195
lerobot\examples\port_datasets\slurm_upload.py,123.14640808105469,12.355607986450195,13.336865425109863,8.075554847717285,30.73278045654297,datasets,123.14640808105469
lerobot\tests\jobs\test_job_config.py,40.024681091308594,3.1266677379608154,18.12001609802246,0.01227283850312233,5.091041088104248,datasets,40.024681091308594
lerobot\tests\policies\pi0_pi05\openpi_pytorch\pi0_pytorch.py,13.644662857055664,6.250566005706787,67.18968200683594,35.691871643066406,14.29759693145752,policies,67.18968200683594
lerobot\src\lerobot\robots\so_follower\config_so_follower.py,6.252882957458496,3.914003849029541,0.7472262382507324,43.15224838256836,3.557762622833252,robot_devices,43.15224838256836
lerobot\src\lerobot\processor\env_processor.py,6.875176429748535,4.030801773071289,16.8238582611084,70.84847259521484,4.221593856811523,robot_devices,70.84847259521484
lerobot\tests\utils\test_train_utils.py,10.76791000366211,7.637465000152588,23.12234115600586,1.8467650413513184,13.992469787597656,policies,23.12234115600586
lerobot\src\lerobot\configs\train.py,58.45634841918945,17.120311737060547,36.260860443115234,20.417787551879883,31.199831008911133,datasets,58.45634841918945
lerobot\src\lerobot\robots\openarm_follower\openarm_follower.py,22.16170883178711,9.481921195983887,6.151458740234375,69.3863296508789,21.747037887573242,robot_devices,69.3863296508789
lerobot\src\lerobot\rl\train_rl.py,37.845516204833984,2.8665199279785156,16.055225372314453,0.01267282199114561,3.645294427871704,datasets,37.845516204833984
lerobot\src\lerobot\rollout\strategies\highlight.py,55.953895568847656,10.931486129760742,15.849492073059082,49.13797378540039,27.414947509765625,datasets,55.953895568847656
lerobot\src\lerobot\policies\xvla\modeling_xvla.py,27.2178955078125,14.961063385009766,81.03509521484375,41.34862518310547,37.95039749145508,policies,81.03509521484375
lerobot\tests\async_inference\test_e2e.py,96.88088989257812,8.398919105529785,24.789527893066406,98.32421112060547,14.830845832824707,robot_devices,98.32421112060547
lerobot\src\lerobot\transforms\__init__.py,1.4669322967529297,0.3319387435913086,0.0,0.012797951698303223,0.7900127172470093,datasets,1.4669322967529297
lerobot\src\lerobot\envs\__init__.py,2.3638646602630615,2.8664839267730713,15.009349822998047,0.45066165924072266,2.6216468811035156,policies,15.009349822998047
lerobot\src\lerobot\policies\molmoact2\processor_molmoact2.py,54.09720993041992,15.803535461425781,71.26079559326172,79.3048095703125,28.367582321166992,robot_devices,79.3048095703125
lerobot\src\lerobot\rl\actor.py,41.114112854003906,8.999141693115234,26.880355834960938,107.01512908935547,18.76271629333496,robot_devices,107.01512908935547
lerobot\src\lerobot\scripts\augment_dataset_quantile_stats.py,62.3068733215332,2.7072460651397705,7.900322437286377,1.9454436302185059,13.066886901855469,datasets,62.3068733215332
lerobot\tests\mocks\mock_motors_bus.py,10.56467056274414,4.667385578155518,12.191924095153809,13.786831855773926,7.814306259155273,robot_devices,13.786831855773926
lerobot\src\lerobot\datasets\io_utils.py,132.365478515625,9.762167930603027,8.621188163757324,4.862896919250488,27.40450668334961,datasets,132.365478515625
lerobot\tests\jobs\__init__.py,0.0,0.6004399657249451,0.0,0.011395866051316261,0.0,environments,0.6004399657249451
lerobot\tests\datasets\test_image_transforms.py,92.4712142944336,11.583195686340332,5.6189985275268555,4.751977443695068,20.188108444213867,datasets,92.4712142944336
lerobot\tests\policies\fastwam\test_fastwam_policy.py,50.32603073120117,10.390909194946289,89.97010040283203,64.2181625366211,19.96807861328125,policies,89.97010040283203
lerobot\tests\rl\test_queue.py,97.23399353027344,0.7836280465126038,0.0,0.011408638209104538,5.468226432800293,datasets,97.23399353027344
lerobot\src\lerobot\teleoperators\gamepad\gamepad_utils.py,12.644333839416504,51.62203598022461,5.65965461730957,99.85144805908203,11.668902397155762,robot_devices,99.85144805908203
lerobot\examples\tutorial\async-inf\robot_client.py,4.579321384429932,6.5293426513671875,18.687564849853516,77.81621551513672,8.131865501403809,robot_devices,77.81621551513672
lerobot\src\lerobot\policies\lingbot_va\__init__.py,1.2994569540023804,0.7366125583648682,73.52632141113281,0.4565713107585907,3.210421562194824,policies,73.52632141113281
lerobot\src\lerobot\motors\dynamixel\tables.py,2.0645365715026855,1.0306775569915771,16.079444885253906,8.613679885864258,7.322856903076172,policies,16.079444885253906
lerobot\tests\datasets\test_dataset_reader.py,128.93182373046875,5.626932144165039,2.479689836502075,5.9516096115112305,13.256555557250977,datasets,128.93182373046875
lerobot\src\lerobot\robots\bi_openarm_follower\config_bi_openarm_follower.py,4.509005546569824,3.7514090538024902,1.0936291217803955,42.82234191894531,4.651179313659668,robot_devices,42.82234191894531
lerobot\src\lerobot\robots\unitree_g1\g1_kinematics.py,13.740073204040527,4.2461323738098145,11.345327377319336,44.0196533203125,8.67297649383545,robot_devices,44.0196533203125
lerobot\tests\utils\test_keyboard_input.py,4.414094924926758,6.9827094078063965,1.185985803604126,12.504145622253418,10.409677505493164,robot_devices,12.504145622253418
lerobot\src\lerobot\policies\xvla\__init__.py,0.0,0.0,73.11337280273438,0.01284021232277155,2.0309271812438965,policies,73.11337280273438
lerobot\src\lerobot\rl\gym_manipulator.py,60.537845611572266,91.0718994140625,6.5727033615112305,91.9935302734375,26.263580322265625,robot_devices,91.9935302734375
lerobot\src\lerobot\datasets\sampler.py,101.14826965332031,1.8316150903701782,1.706830620765686,1.428426742553711,10.115574836730957,datasets,101.14826965332031
lerobot\tests\policies\rtc\test_latency_tracker.py,2.495819330215454,1.9080705642700195,63.087425231933594,1.4863394498825073,4.458526611328125,policies,63.087425231933594
lerobot\tests\rewards\test_robometer_processor.py,15.043734550476074,7.691965579986572,21.759737014770508,1.717832088470459,13.23658561706543,policies,21.759737014770508
lerobot\src\lerobot\transforms\transforms.py,8.816181182861328,5.388473987579346,1.7038891315460205,1.4697685241699219,5.866122722625732,datasets,8.816181182861328
lerobot\src\lerobot\annotations\steerable_pipeline\__init__.py,0.0,0.0,0.0,0.012858409434556961,0.0,robot_devices,0.012858409434556961
lerobot\src\lerobot\policies\pi0\modeling_pi0.py,39.271244049072266,12.518996238708496,68.34754943847656,42.90028762817383,36.66526412963867,policies,68.34754943847656
