file_path,configs,datasets,environments,policies,utilities,best_module,best_likelihood
lerobot\examples\lekiwi\replay.py,18.40258026123047,41.22775650024414,3.4517996311187744,1.7426128387451172,6.274003982543945,datasets,41.22775650024414
lerobot\src\lerobot\robots\openarm_follower\config_openarm_follower.py,18.03297996520996,9.826139450073242,4.479351997375488,1.528012752532959,4.102207660675049,configs,18.03297996520996
lerobot\src\lerobot\robots\hope_jr\hope_jr_hand.py,71.80022430419922,8.225966453552246,5.186056137084961,7.359611511230469,13.08913803100586,configs,71.80022430419922
lerobot\src\lerobot\envs\robomme.py,3.9366633892059326,45.54113006591797,5.948493957519531,4.891547679901123,9.62403678894043,datasets,45.54113006591797
lerobot\src\lerobot\async_inference\robot_client.py,29.929624557495117,13.144599914550781,89.22359466552734,20.78529167175293,18.918453216552734,environments,89.22359466552734
lerobot\tests\policies\pi0_pi05\test_pi05.py,28.335670471191406,47.90935516357422,8.433676719665527,97.82340240478516,11.493024826049805,policies,97.82340240478516
lerobot\src\lerobot\utils\robot_utils.py,1.7269936800003052,0.8029740452766418,2.4620070457458496,1.3317127227783203,3.041161298751831,utilities,3.041161298751831
lerobot\tests\policies\test_gaussian_actor_config.py,29.38930892944336,47.9336051940918,6.82076358795166,88.85801696777344,14.086532592773438,policies,88.85801696777344
lerobot\tests\policies\lingbot_va\test_modules.py,13.562092781066895,15.664796829223633,9.554764747619629,88.70869445800781,18.120328903198242,policies,88.70869445800781
lerobot\src\lerobot\policies\molmoact2\configuration_molmoact2.py,31.548330307006836,48.567283630371094,10.171165466308594,94.675048828125,17.50070571899414,policies,94.675048828125
lerobot\src\lerobot\utils\io_utils.py,2.9434683322906494,16.31710433959961,0.0,4.87223482131958,8.330838203430176,datasets,16.31710433959961
lerobot\tests\policies\groot\test_groot_train_random_crop.py,16.31513786315918,9.350847244262695,4.6481757164001465,69.33789825439453,12.422355651855469,policies,69.33789825439453
lerobot\tests\policies\vla_jepa\test_vla_jepa.py,34.90459442138672,57.0788688659668,12.278216361999512,89.44606018066406,20.399099349975586,policies,89.44606018066406
lerobot\src\lerobot\motors\robstride\robstride.py,9.460212707519531,20.16040802001953,9.642730712890625,12.200927734375,21.740623474121094,utilities,21.740623474121094
lerobot\examples\omx\record_grab.py,15.12635612487793,61.2741584777832,6.425093650817871,6.4654107093811035,14.825223922729492,datasets,61.2741584777832
lerobot\src\lerobot\configs\policies.py,87.31790924072266,24.9951171875,11.997754096984863,97.79095458984375,23.805633544921875,policies,97.79095458984375
lerobot\tests\processor\test_migration_detection.py,100.69943237304688,25.032180786132812,8.398948669433594,34.84123611450195,15.116470336914062,configs,100.69943237304688
lerobot\tests\policies\test_gaussian_actor_policy.py,33.46605682373047,97.68405151367188,10.767646789550781,73.87227630615234,18.893333435058594,datasets,97.68405151367188
lerobot\tests\fixtures\files.py,9.290907859802246,123.7160873413086,8.841203689575195,4.70330810546875,16.590328216552734,datasets,123.7160873413086
lerobot\tests\policies\pi0_pi05\test_pi0.py,27.823572158813477,46.8575325012207,8.204964637756348,91.38034057617188,10.426050186157227,policies,91.38034057617188
lerobot\src\lerobot\async_inference\__init__.py,0.0,0.0,0.0,0.0,2.690154552459717,utilities,2.690154552459717
lerobot\tests\conftest.py,12.821624755859375,107.70132446289062,7.917137145996094,19.62493324279785,16.62674331665039,datasets,107.70132446289062
lerobot\tests\policies\vla_jepa\conftest.py,24.35517120361328,13.889029502868652,4.032509803771973,85.25443267822266,9.7365083694458,policies,85.25443267822266
lerobot\src\lerobot\robots\so_follower\so_follower.py,74.26286315917969,12.388113021850586,10.36733627319336,9.648704528808594,22.654664993286133,configs,74.26286315917969
lerobot\src\lerobot\robots\openarm_follower\__init__.py,0.0,0.0,0.8355967998504639,0.0,0.0,environments,0.8355967998504639
lerobot\tests\cameras\test_realsense.py,24.633338928222656,11.83023452758789,5.109004020690918,4.8327813148498535,10.431966781616211,configs,24.633338928222656
lerobot\tests\datasets\test_quantiles_dataset_integration.py,4.297060966491699,119.82103729248047,3.6067771911621094,3.5443382263183594,16.12413787841797,datasets,119.82103729248047
lerobot\tests\policies\test_relative_actions.py,5.275276184082031,107.20468139648438,5.857421398162842,76.25718688964844,14.275376319885254,datasets,107.20468139648438
lerobot\src\lerobot\teleoperators\homunculus\joints_translation.py,1.0888075828552246,0.6653868556022644,0.6653868556022644,2.853004217147827,1.3307737112045288,policies,2.853004217147827
lerobot\src\lerobot\teleoperators\keyboard\teleop_keyboard.py,24.27984046936035,9.629806518554688,70.23687744140625,6.023598670959473,16.239015579223633,environments,70.23687744140625
lerobot\src\lerobot\policies\xvla\action_hub.py,6.571846008300781,9.777896881103516,0.7512990832328796,72.71336364746094,10.527335166931152,policies,72.71336364746094
lerobot\tests\utils\test_hub.py,25.503530502319336,10.749166488647461,6.64207124710083,8.519305229187012,15.648138046264648,configs,25.503530502319336
lerobot\tests\policies\pi0_pi05\test_pi0_original_vs_lerobot.py,26.887502670288086,50.563697814941406,5.706238269805908,93.75001525878906,10.637202262878418,policies,93.75001525878906
lerobot\src\lerobot\robots\koch_follower\config_koch_follower.py,17.796689987182617,6.605860710144043,4.370565414428711,0.8643004298210144,3.604257345199585,configs,17.796689987182617
lerobot\src\lerobot\annotations\steerable_pipeline\config.py,18.05433464050293,15.333610534667969,6.375436782836914,9.038372993469238,11.679865837097168,configs,18.05433464050293
lerobot\src\lerobot\teleoperators\rebot_102_leader\rebot_102_leader.py,30.862850189208984,17.582181930541992,10.810481071472168,15.664263725280762,29.6040096282959,configs,30.862850189208984
lerobot\src\lerobot\processor\hil_processor.py,21.902116775512695,15.892325401306152,2.5577001571655273,15.870561599731445,10.83631420135498,configs,21.902116775512695
lerobot\src\lerobot\rl\queue.py,0.0,0.0,0.0,0.338919073343277,0.338919073343277,policies,0.338919073343277
lerobot\src\lerobot\processor\newline_task_processor.py,2.0,7.630058288574219,1.963993787765503,7.0,0.4381081461906433,datasets,7.630058288574219
lerobot\src\lerobot\policies\molmoact2\__init__.py,0.837745189666748,1.4778647422790527,0.837745189666748,78.678466796875,3.513899326324463,policies,78.678466796875
lerobot\src\lerobot\annotations\steerable_pipeline\validator.py,7.741255283355713,51.8818244934082,4.007361888885498,6.0970258712768555,14.327971458435059,datasets,51.8818244934082
lerobot\src\lerobot\teleoperators\homunculus\config_homunculus.py,15.815811157226562,5.311394214630127,0.0,0.912076473236084,1.7647799253463745,configs,15.815811157226562
lerobot\src\lerobot\cameras\zmq\camera_zmq.py,29.34913444519043,17.938467025756836,7.408895492553711,11.694490432739258,17.002574920654297,configs,29.34913444519043
lerobot\tests\mocks\mock_dynamixel.py,2.3877758979797363,10.390693664550781,4.416928291320801,15.315900802612305,6.971522331237793,policies,15.315900802612305
lerobot\src\lerobot\policies\multi_task_dit\__init__.py,1.6117091178894043,3.222353219985962,1.7424399852752686,78.58686065673828,4.284265518188477,policies,78.58686065673828
lerobot\tests\cameras\test_opencv.py,35.7302360534668,15.354557037353516,9.24172306060791,9.129035949707031,14.849722862243652,configs,35.7302360534668
lerobot\src\lerobot\policies\evo1\evo1_model.py,23.0783634185791,12.488848686218262,4.026733875274658,81.23481750488281,15.056153297424316,policies,81.23481750488281
lerobot\tests\datasets\test_dataset_metadata.py,28.183399200439453,131.0203857421875,13.90781021118164,7.41542387008667,26.46097183227539,datasets,131.0203857421875
lerobot\tests\processor\test_policy_robot_bridge.py,24.848581314086914,8.190386772155762,9.249004364013672,28.46091651916504,2.740841865539551,policies,28.46091651916504
lerobot\src\lerobot\__version__.py,0.0,0.0,0.0,0.0,1.0,utilities,1.0
lerobot\examples\lekiwi\evaluate.py,26.310976028442383,56.3236198425293,94.14173889160156,25.605262756347656,15.976351737976074,environments,94.14173889160156
lerobot\src\lerobot\annotations\steerable_pipeline\modules\general_vqa.py,28.32485008239746,47.82880401611328,9.4750337600708,8.557415962219238,26.618894577026367,datasets,47.82880401611328
lerobot\tests\configs\test_plugin_loading.py,74.32527160644531,9.218194961547852,4.293604850769043,11.328097343444824,9.165529251098633,configs,74.32527160644531
lerobot\tests\datasets\test_delta_timestamps.py,0.7354189157485962,102.02366638183594,3.9658944606781006,3.7607839107513428,5.820584297180176,datasets,102.02366638183594
lerobot\tests\processor\test_gaussian_actor_processor.py,26.975250244140625,28.26528549194336,6.69671630859375,23.54436683654785,7.656515598297119,datasets,28.26528549194336
lerobot\src\lerobot\scripts\lerobot_find_port.py,1.717899203300476,2.3653934001922607,2.062937021255493,0.0,6.454070091247559,utilities,6.454070091247559
lerobot\tests\policies\rtc\test_modeling_rtc.py,21.623960494995117,4.591691970825195,3.421626567840576,60.76604080200195,9.2415771484375,policies,60.76604080200195
lerobot\src\lerobot\robots\hope_jr\config_hope_jr.py,18.486385345458984,6.546655178070068,5.353237152099609,2.0937459468841553,5.965752601623535,configs,18.486385345458984
lerobot\tests\datasets\test_streaming_video_encoder.py,21.004310607910156,108.42447662353516,3.1388111114501953,3.8840348720550537,11.79513931274414,datasets,108.42447662353516
lerobot\examples\rtc\eval_dataset.py,47.681636810302734,62.610225677490234,20.20456314086914,37.080787658691406,27.539691925048828,datasets,62.610225677490234
lerobot\src\lerobot\rollout\inference\factory.py,24.868118286132812,46.66192626953125,7.470325946807861,20.27174949645996,5.482898712158203,datasets,46.66192626953125
lerobot\src\lerobot\policies\act\processor_act.py,25.09495735168457,40.27458953857422,3.419193983078003,101.65956115722656,6.169247150421143,policies,101.65956115722656
lerobot\src\lerobot\robots\robot.py,20.485633850097656,4.192661285400391,2.6801793575286865,2.4075722694396973,4.884967803955078,configs,20.485633850097656
lerobot\src\lerobot\rollout\strategies\core.py,31.849163055419922,60.45244216918945,9.433778762817383,24.24947166442871,28.88559341430664,datasets,60.45244216918945
lerobot\src\lerobot\policies\groot\modeling_groot.py,38.672752380371094,34.592506408691406,14.534693717956543,107.43844604492188,38.21371841430664,policies,107.43844604492188
lerobot\src\lerobot\robots\lekiwi\__init__.py,0.0,0.0,0.8355967998504639,0.0,0.0,environments,0.8355967998504639
lerobot\src\lerobot\scripts\lerobot_find_cameras.py,29.453962326049805,22.62705421447754,8.389142036437988,8.568970680236816,21.234209060668945,configs,29.453962326049805
lerobot\src\lerobot\rl\learner.py,34.24821472167969,65.02653503417969,12.754897117614746,34.64635467529297,30.36444664001465,datasets,65.02653503417969
lerobot\src\lerobot\processor\__init__.py,5.078004837036133,4.524810314178467,3.571997880935669,17.46722412109375,0.3730836808681488,policies,17.46722412109375
lerobot\src\lerobot\policies\__init__.py,21.442419052124023,1.5139544010162354,3.9695115089416504,97.5882339477539,3.970686435699463,policies,97.5882339477539
lerobot\src\lerobot\processor\device_processor.py,22.150718688964844,11.755263328552246,1.0,9.739821434020996,5.130380153656006,configs,22.150718688964844
lerobot\src\lerobot\robots\lekiwi\lekiwi_host.py,29.32236671447754,13.800992012023926,9.68498706817627,5.820817470550537,14.55789566040039,configs,29.32236671447754
lerobot\src\lerobot\rewards\robometer\modeling_robometer.py,24.374208450317383,16.96523094177246,4.327516078948975,14.21890926361084,17.41266441345215,configs,24.374208450317383
lerobot\examples\isaac_teleop_to_so101\isaac_teleop\teleop_xr_controller.py,20.70391845703125,1.1050750017166138,4.7196478843688965,1.3215258121490479,8.158944129943848,configs,20.70391845703125
lerobot\src\lerobot\datasets\dataset_writer.py,15.190506935119629,126.66209411621094,9.121959686279297,11.199329376220703,22.50225257873535,datasets,126.66209411621094
lerobot\src\lerobot\policies\groot\__init__.py,0.837745189666748,1.4778647422790527,0.837745189666748,78.678466796875,3.513899326324463,policies,78.678466796875
lerobot\src\lerobot\common\wandb_utils.py,34.98012161254883,60.50529098510742,12.837115287780762,29.028249740600586,21.990726470947266,datasets,60.50529098510742
lerobot\src\lerobot\robots\reachy2\configuration_reachy2.py,12.884953498840332,9.812515258789062,6.909854412078857,4.621623992919922,3.8925912380218506,configs,12.884953498840332
lerobot\tests\annotations\test_modules.py,24.639848709106445,123.18617248535156,9.321720123291016,8.194765090942383,29.836048126220703,datasets,123.18617248535156
lerobot\src\lerobot\scripts\lerobot_eval.py,27.890703201293945,118.01441955566406,51.52779769897461,26.36367416381836,29.606868743896484,datasets,118.01441955566406
lerobot\examples\isaac_teleop_to_so101\isaac_teleop\xr_controller_processor.py,3.4172892570495605,4.071856498718262,1.8132578134536743,8.0,2.442225456237793,policies,8.0
lerobot\src\lerobot\teleoperators\utils.py,19.681766510009766,2.7756290435791016,1.3831419944763184,0.31895822286605835,1.215280294418335,configs,19.681766510009766
lerobot\src\lerobot\optim\optimizers.py,23.071828842163086,10.266624450683594,5.915445327758789,2.339810371398926,9.537566184997559,configs,23.071828842163086
lerobot\tests\envs\test_envs.py,23.82379722595215,17.15365982055664,77.28514862060547,12.611351013183594,22.925851821899414,environments,77.28514862060547
lerobot\tests\utils\test_io_utils.py,2.8106517791748047,10.961048126220703,1.7765913009643555,10.575282096862793,6.850854396820068,datasets,10.961048126220703
lerobot\setup.py,1.0831800699234009,5.630446434020996,1.9768378734588623,0.0,1.0894384384155273,datasets,5.630446434020996
lerobot\src\lerobot\async_inference\policy_server.py,32.24951934814453,16.12794303894043,74.54117584228516,97.49486541748047,21.854360580444336,policies,97.49486541748047
lerobot\tests\robots\test_unitree_g1.py,66.38449096679688,4.743343830108643,3.54227614402771,4.771721363067627,8.007102966308594,configs,66.38449096679688
lerobot\tests\teleoperators\test_rebot_102_leader.py,17.93579864501953,2.7222113609313965,1.1650762557983398,8.945481300354004,8.654947280883789,configs,17.93579864501953
lerobot\src\lerobot\policies\pi05\__init__.py,0.837745189666748,1.4778647422790527,0.837745189666748,80.83753204345703,3.513899326324463,policies,80.83753204345703
lerobot\examples\dataset\use_dataset_tools.py,4.486053466796875,115.3011245727539,2.710387706756592,5.425692081451416,8.210658073425293,datasets,115.3011245727539
lerobot\src\lerobot\configs\dataset.py,56.95980453491211,46.84037780761719,5.276647567749023,1.3918558359146118,10.66724681854248,configs,56.95980453491211
lerobot\src\lerobot\datasets\depth_utils.py,6.760728359222412,78.7288589477539,2.419189214706421,4.705745697021484,8.783027648925781,datasets,78.7288589477539
lerobot\examples\so100_to_so100_EE\teleoperate.py,20.81272315979004,10.2364501953125,4.171579837799072,3.141531229019165,7.197085857391357,configs,20.81272315979004
lerobot\src\lerobot\policies\groot\action_head\cross_attention_dit.py,24.9266357421875,12.696182250976562,6.751124858856201,68.46498107910156,19.061708450317383,policies,68.46498107910156
lerobot\tests\policies\lingbot_va\test_configuration_lingbot_va.py,34.26331329345703,7.245156764984131,4.324406147003174,81.3666000366211,5.6595048904418945,policies,81.3666000366211
lerobot\src\lerobot\policies\smolvla\processor_smolvla.py,25.773738861083984,40.12342071533203,3.639657497406006,105.21350860595703,6.024893760681152,policies,105.21350860595703
lerobot\src\lerobot\policies\pi05\configuration_pi05.py,31.570133209228516,18.550827026367188,6.802971839904785,94.8812484741211,9.635259628295898,policies,94.8812484741211
lerobot\src\lerobot\utils\bimanual.py,0.0,0.0,0.0,0.7552609443664551,0.36287790536880493,policies,0.7552609443664551
lerobot\src\lerobot\processor\relative_action_processor.py,21.460607528686523,5.460382461547852,5.6731858253479,13.004425048828125,6.51826810836792,configs,21.460607528686523
lerobot\src\lerobot\teleoperators\bi_so_leader\bi_so_leader.py,19.792448043823242,1.7471275329589844,2.0561156272888184,2.886214017868042,5.361438274383545,configs,19.792448043823242
lerobot\src\lerobot\data_processing\sarm_annotations\subtask_annotation.py,22.13848876953125,73.32842254638672,9.265606880187988,19.453676223754883,31.339021682739258,datasets,73.32842254638672
lerobot\src\lerobot\robots\bi_openarm_follower\bi_openarm_follower.py,30.35507583618164,10.927179336547852,5.409863471984863,3.0277843475341797,6.487818717956543,configs,30.35507583618164
lerobot\src\lerobot\rewards\sarm\configuration_sarm.py,17.101579666137695,15.062212944030762,7.199909687042236,22.37668228149414,6.793976783752441,policies,22.37668228149414
lerobot\tests\policies\multi_task_dit\test_multi_task_dit.py,28.906726837158203,47.42900848388672,6.776771068572998,84.4070816040039,14.392704010009766,policies,84.4070816040039
lerobot\examples\isaac_teleop_to_so101\record.py,8.975238800048828,58.02388381958008,72.95338439941406,6.877745628356934,22.74739646911621,environments,72.95338439941406
lerobot\tests\datasets\test_language.py,13.02259349822998,135.15528869628906,6.3333330154418945,3.4491169452667236,17.18239974975586,datasets,135.15528869628906
lerobot\tests\test_robomme_env.py,18.622943878173828,34.74258804321289,3.7802562713623047,2.7728099822998047,7.583780288696289,datasets,34.74258804321289
lerobot\src\lerobot\policies\smolvla\modeling_smolvla.py,35.281227111816406,19.117815017700195,12.390819549560547,79.45903778076172,28.718822479248047,policies,79.45903778076172
lerobot\src\lerobot\datasets\image_writer.py,9.105985641479492,114.11343383789062,9.295909881591797,3.9160830974578857,23.784685134887695,datasets,114.11343383789062
lerobot\src\lerobot\rewards\sarm\rabc.py,7.602712631225586,112.01073455810547,3.471247911453247,10.395147323608398,15.592745780944824,datasets,112.01073455810547
lerobot\tests\policies\groot\test_groot_vs_original.py,25.958017349243164,19.83271026611328,5.457701683044434,97.41221618652344,20.24030876159668,policies,97.41221618652344
lerobot\examples\isaac_teleop_to_so101\common.py,35.44926452636719,32.9909553527832,20.228513717651367,10.905339241027832,44.589630126953125,utilities,44.589630126953125
lerobot\src\lerobot\utils\feature_utils.py,7.6279296875,44.10660934448242,2.7712087631225586,18.801572799682617,2.879390239715576,datasets,44.10660934448242
lerobot\src\lerobot\data_processing\__init__.py,0.0,5.727832317352295,0.0,0.0,0.0,datasets,5.727832317352295
lerobot\src\lerobot\datasets\__init__.py,1.4396164417266846,123.3365707397461,4.071402072906494,1.1389219760894775,10.043757438659668,datasets,123.3365707397461
lerobot\src\lerobot\annotations\steerable_pipeline\reader.py,7.982880592346191,19.717531204223633,7.030574321746826,3.7319157123565674,12.964186668395996,datasets,19.717531204223633
lerobot\tests\processor\test_vqbet_processor.py,26.9505558013916,28.271800994873047,5.252185344696045,23.675840377807617,7.041807651519775,datasets,28.271800994873047
lerobot\src\lerobot\robots\koch_follower\koch_follower.py,75.46385192871094,12.586040496826172,10.945796012878418,9.360976219177246,22.97665786743164,configs,75.46385192871094
lerobot\src\lerobot\datasets\multi_dataset.py,4.953642845153809,135.7163543701172,2.8630785942077637,2.3028905391693115,18.638315200805664,datasets,135.7163543701172
lerobot\tests\processor\test_tdmpc_processor.py,26.9505558013916,29.44228744506836,5.653345584869385,24.716537475585938,7.041807651519775,datasets,29.44228744506836
lerobot\tests\rl\test_actor.py,5.5673065185546875,99.67164611816406,5.8625712394714355,17.8247013092041,11.353403091430664,datasets,99.67164611816406
lerobot\tests\processor\test_diffusion_processor.py,26.8908634185791,29.102550506591797,5.229068756103516,25.57962417602539,7.0273823738098145,datasets,29.102550506591797
lerobot\src\lerobot\policies\fastwam\wan\modular.py,31.763721466064453,34.380516052246094,11.396748542785645,63.18910217285156,35.58642578125,policies,63.18910217285156
lerobot\src\lerobot\utils\utils.py,12.847735404968262,83.6194839477539,5.56648063659668,7.614132881164551,22.2320499420166,datasets,83.6194839477539
lerobot\src\lerobot\teleoperators\so_leader\config_so_leader.py,15.916788101196289,4.880993843078613,0.0,0.0,1.693924903869629,configs,15.916788101196289
lerobot\tests\policies\pi0_fast\test_pi0_fast_original_vs_lerobot.py,26.23692512512207,36.65300750732422,11.530024528503418,89.35211181640625,12.0203857421875,policies,89.35211181640625
lerobot\src\lerobot\robots\so_follower\robot_kinematic_processor.py,11.77330207824707,16.686765670776367,7.258838176727295,11.959948539733887,12.061595916748047,datasets,16.686765670776367
lerobot\tests\annotations\test_frames.py,13.153676986694336,118.47623443603516,10.270630836486816,5.762214660644531,23.9295654296875,datasets,118.47623443603516
lerobot\src\lerobot\policies\vla_jepa\action_head.py,24.66652488708496,15.90359115600586,4.974660396575928,75.21180725097656,20.359159469604492,policies,75.21180725097656
lerobot\src\lerobot\robots\unitree_g1\run_g1_server.py,28.07139015197754,16.722116470336914,9.917649269104004,7.390519142150879,13.974274635314941,configs,28.07139015197754
lerobot\examples\dataset\load_lerobot_dataset.py,4.089415550231934,114.78250885009766,7.7968244552612305,1.787346601486206,10.992056846618652,datasets,114.78250885009766
lerobot\src\lerobot\teleoperators\phone\phone_processor.py,6.756012439727783,7.890622615814209,2.6902213096618652,8.801459312438965,6.19898796081543,policies,8.801459312438965
lerobot\src\lerobot\rollout\strategies\__init__.py,0.22051537036895752,2.0125269889831543,0.22051537036895752,1.0,2.2330422401428223,utilities,2.2330422401428223
lerobot\src\lerobot\policies\tdmpc\modeling_tdmpc.py,26.027320861816406,19.917985916137695,8.340502738952637,71.9072036743164,18.623374938964844,policies,71.9072036743164
lerobot\src\lerobot\robots\unitree_g1\holosoma_locomotion.py,15.717215538024902,18.67295265197754,6.1915435791015625,32.944828033447266,20.882110595703125,policies,32.944828033447266
lerobot\src\lerobot\scripts\lerobot_replay.py,20.941635131835938,46.27088165283203,4.895922660827637,4.20304012298584,10.353121757507324,datasets,46.27088165283203
lerobot\src\lerobot\policies\xvla\processor_xvla.py,32.47446060180664,47.326637268066406,6.063121795654297,88.65475463867188,12.302858352661133,policies,88.65475463867188
lerobot\src\lerobot\teleoperators\config.py,16.402423858642578,4.351527214050293,0.0,0.3674685060977936,2.9283111095428467,configs,16.402423858642578
lerobot\src\lerobot\data_processing\sarm_annotations\__init__.py,0.0,5.724893569946289,0.0,0.0,0.0,datasets,5.724893569946289
lerobot\src\lerobot\transport\services_pb2.py,2.27219295501709,4.727679252624512,1.2721929550170898,9.324117660522461,8.224234580993652,policies,9.324117660522461
lerobot\src\lerobot\teleoperators\phone\config_phone.py,15.89986801147461,3.0,0.0,0.0,1.9471666812896729,configs,15.89986801147461
lerobot\src\lerobot\robots\rebot_b601_follower\__init__.py,0.0,0.0,0.835146963596344,0.0,0.0,environments,0.835146963596344
lerobot\src\lerobot\teleoperators\koch_leader\koch_leader.py,25.20975685119629,13.015623092651367,9.312409400939941,11.71132755279541,23.133886337280273,configs,25.20975685119629
lerobot\tests\rl\test_trainer.py,16.226730346679688,101.73285675048828,4.586894512176514,1.0,9.072735786437988,datasets,101.73285675048828
lerobot\src\lerobot\cameras\zmq\image_server.py,25.7921085357666,12.349834442138672,8.296547889709473,6.806958198547363,12.618755340576172,configs,25.7921085357666
lerobot\src\lerobot\robots\rebot_b601_follower\config_rebot_b601_follower.py,18.186601638793945,6.517397880554199,5.352109909057617,6.216195583343506,8.878926277160645,configs,18.186601638793945
lerobot\src\lerobot\teleoperators\openarm_leader\openarm_leader.py,43.04616928100586,24.416576385498047,10.452690124511719,12.651446342468262,23.862743377685547,configs,43.04616928100586
lerobot\src\lerobot\policies\pi0\processor_pi0.py,25.576786041259766,45.5569953918457,5.05836820602417,100.2401351928711,6.224278450012207,policies,100.2401351928711
lerobot\src\lerobot\datasets\compute_stats.py,11.718198776245117,105.67576599121094,7.89286994934082,12.193477630615234,11.043214797973633,datasets,105.67576599121094
lerobot\src\lerobot\datasets\feature_utils.py,12.848684310913086,130.30502319335938,10.004125595092773,11.730738639831543,28.518688201904297,datasets,130.30502319335938
lerobot\src\lerobot\robots\earthrover_mini_plus\robot_earthrover_mini_plus.py,21.835142135620117,19.212112426757812,7.719532012939453,7.759641647338867,9.353379249572754,configs,21.835142135620117
lerobot\examples\phone_to_so100\teleoperate.py,21.764118194580078,10.794745445251465,5.963535785675049,3.6039085388183594,9.014527320861816,configs,21.764118194580078
lerobot\src\lerobot\teleoperators\gamepad\teleop_gamepad.py,19.987943649291992,3.4364724159240723,1.3278634548187256,1.304374098777771,2.0964012145996094,configs,19.987943649291992
lerobot\src\lerobot\policies\wall_x\constant.py,1.0736140012741089,2.8136515617370605,1.8691108226776123,85.98310852050781,7.76708984375,policies,85.98310852050781
lerobot\src\lerobot\policies\molmoact2\molmoact2_hf_model\__init__.py,0.0,0.0,0.0,83.50211334228516,2.1740198135375977,policies,83.50211334228516
lerobot\src\lerobot\rewards\classifier\__init__.py,0.33344414830207825,0.4690499007701874,0.33344414830207825,0.0,0.33344414830207825,datasets,0.4690499007701874
lerobot\src\lerobot\annotations\steerable_pipeline\frames.py,17.596416473388672,32.946292877197266,11.55942440032959,8.506688117980957,28.93191146850586,datasets,32.946292877197266
lerobot\src\lerobot\policies\vqbet\configuration_vqbet.py,19.209880828857422,21.78274917602539,10.366939544677734,83.72676086425781,21.59940528869629,policies,83.72676086425781
lerobot\src\lerobot\policies\groot\configuration_groot.py,91.89643859863281,46.11922073364258,12.711193084716797,93.23259735107422,19.42780876159668,policies,93.23259735107422
lerobot\src\lerobot\rewards\topreward\processor_topreward.py,33.824684143066406,45.176021575927734,7.396079063415527,25.722518920898438,13.425037384033203,datasets,45.176021575927734
lerobot\src\lerobot\configs\types.py,58.75069808959961,4.495774745941162,2.0575449466705322,10.0,4.167427062988281,configs,58.75069808959961
lerobot\src\lerobot\utils\visualization_utils.py,0.0,8.065041542053223,0.0,6.654830455780029,5.708974838256836,datasets,8.065041542053223
lerobot\tests\datasets\test_visualize_dataset.py,0.3240245282649994,117.04525756835938,3.5549490451812744,0.33430925011634827,4.747359275817871,datasets,117.04525756835938
lerobot\src\lerobot\utils\collate.py,3.081913471221924,3.3664934635162354,0.0,0.3781776428222656,3.4600911140441895,utilities,3.4600911140441895
lerobot\tests\rewards\test_topreward.py,5.398355960845947,9.147327423095703,3.8227150440216064,11.530409812927246,8.302846908569336,policies,11.530409812927246
lerobot\src\lerobot\datasets\language.py,11.513904571533203,90.04719543457031,3.6772208213806152,2.8788514137268066,12.696259498596191,datasets,90.04719543457031
lerobot\src\lerobot\utils\pedal.py,2.1021809577941895,6.388128757476807,0.5280863046646118,3.3708841800689697,5.57919979095459,datasets,6.388128757476807
lerobot\src\lerobot\teleoperators\openarm_mini\config_openarm_mini.py,16.324472427368164,5.668713569641113,0.3652288317680359,0.0,2.0336132049560547,configs,16.324472427368164
lerobot\src\lerobot\robots\reachy2\robot_reachy2.py,73.4909439086914,10.46591567993164,3.6602797508239746,3.2213473320007324,13.274726867675781,configs,73.4909439086914
lerobot\tests\test_rollout.py,32.05366134643555,110.72887420654297,7.447250843048096,19.784679412841797,24.110965728759766,datasets,110.72887420654297
lerobot\src\lerobot\rl\__init__.py,19.01560401916504,4.527657508850098,1.3751078844070435,0.0,1.879122018814087,configs,19.01560401916504
lerobot\src\lerobot\processor\policy_robot_bridge.py,22.89084815979004,3.307830333709717,3.1457457542419434,17.730195999145508,1.9252746105194092,configs,22.89084815979004
lerobot\src\lerobot\datasets\dataset_tools.py,27.559926986694336,150.4021453857422,12.613069534301758,10.431958198547363,33.94735336303711,datasets,150.4021453857422
lerobot\src\lerobot\configs\eval.py,66.96990203857422,11.88033676147461,8.822203636169434,20.05343246459961,12.432282447814941,configs,66.96990203857422
lerobot\tests\datasets\test_compute_stats.py,10.726509094238281,112.99925994873047,7.58983039855957,4.991064071655273,14.43913459777832,datasets,112.99925994873047
lerobot\src\lerobot\rollout\strategies\episodic.py,26.022172927856445,56.48031997680664,79.17839813232422,23.548463821411133,27.83306884765625,environments,79.17839813232422
lerobot\src\lerobot\policies\pretrained.py,47.76538848876953,123.67005920410156,26.337215423583984,103.8980484008789,41.60408401489258,datasets,123.67005920410156
lerobot\src\lerobot\cameras\camera.py,18.639190673828125,3.150425434112549,0.5322446227073669,7.446532726287842,1.8525515794754028,configs,18.639190673828125
lerobot\src\lerobot\robots\lekiwi\config_lekiwi.py,21.02992057800293,11.418431282043457,4.517284870147705,3.0378873348236084,4.76143741607666,configs,21.02992057800293
lerobot\src\lerobot\datasets\factory.py,23.237817764282227,131.4039764404297,12.930591583251953,2.529181957244873,21.28964614868164,datasets,131.4039764404297
lerobot\src\lerobot\cameras\__init__.py,54.6386604309082,0.46854543685913086,0.3330855071544647,0.0,1.8846733570098877,configs,54.6386604309082
lerobot\tests\policies\pi0_pi05\openpi_pytorch\gemma.py,18.371871948242188,6.168931007385254,1.3798737525939941,76.0024642944336,4.4833984375,policies,76.0024642944336
lerobot\src\lerobot\motors\damiao\damiao.py,7.036173343658447,17.35255241394043,5.198773384094238,5.038315773010254,18.13155174255371,utilities,18.13155174255371
lerobot\tests\motors\test_damiao.py,11.254968643188477,5.432685852050781,3.706178903579712,11.63327407836914,9.575057983398438,policies,11.63327407836914
lerobot\src\lerobot\configs\recipe.py,59.39970016479492,15.104515075683594,5.828146934509277,2.5152430534362793,10.188455581665039,configs,59.39970016479492
lerobot\tests\annotations\test_writer.py,14.882726669311523,123.46347045898438,5.212663173675537,2.825329542160034,21.827030181884766,datasets,123.46347045898438
lerobot\tests\rl\test_learner_service.py,2.0662500858306885,7.847115993499756,2.786675214767456,0.4811374247074127,7.600706577301025,datasets,7.847115993499756
lerobot\src\lerobot\policies\molmoact2\molmoact2_hf_model\configuration_molmoact2.py,76.1968765258789,17.290592193603516,7.042273998260498,74.47171783447266,20.936878204345703,configs,76.1968765258789
lerobot\tests\policies\groot\test_groot_n1_7.py,87.79541778564453,113.42745971679688,15.401782035827637,102.2303237915039,42.185020446777344,datasets,113.42745971679688
lerobot\examples\tutorial\pi0\using_pi0_example.py,20.26169776916504,41.234107971191406,4.814815044403076,11.122337341308594,6.61940860748291,datasets,41.234107971191406
lerobot\src\lerobot\rollout\strategies\dagger.py,36.01266098022461,61.154945373535156,14.995145797729492,22.578317642211914,36.93830871582031,datasets,61.154945373535156
lerobot\examples\tutorial\act\act_using_example.py,20.750852584838867,44.692047119140625,3.972304105758667,9.471212387084961,10.99460220336914,datasets,44.692047119140625
lerobot\tests\__init__.py,0.0,0.0,0.6018815040588379,0.0,0.0,environments,0.6018815040588379
lerobot\src\lerobot\utils\process.py,0.0,2.7916440963745117,3.087360143661499,2.9342238903045654,4.97063684463501,utilities,4.97063684463501
lerobot\src\lerobot\jobs\dataset.py,3.9948675632476807,46.853031158447266,2.6687097549438477,2.535231590270996,14.282800674438477,datasets,46.853031158447266
lerobot\src\lerobot\robots\utils.py,22.0787410736084,5.887868404388428,3.6114919185638428,2.798269748687744,5.019756317138672,configs,22.0787410736084
lerobot\src\lerobot\policies\tdmpc\processor_tdmpc.py,24.24498176574707,39.49576187133789,3.419193983078003,103.79624938964844,5.388385772705078,policies,103.79624938964844
lerobot\src\lerobot\annotations\steerable_pipeline\staging.py,0.0,9.467636108398438,0.0,3.6510872840881348,5.948469638824463,datasets,9.467636108398438
lerobot\src\lerobot\policies\molmoact2\molmoact2_hf_model\processing_molmoact2.py,8.807683944702148,20.903352737426758,4.819981575012207,70.65485382080078,20.281742095947266,policies,70.65485382080078
lerobot\src\lerobot\policies\vla_jepa\__init__.py,0.8368450403213501,1.4762768745422363,0.8368450403213501,78.63261413574219,3.5111982822418213,policies,78.63261413574219
lerobot\src\lerobot\policies\lingbot_va\processor_lingbot_va.py,24.129247665405273,39.43913269042969,3.4145219326019287,99.97622680664062,5.373531341552734,policies,99.97622680664062
lerobot\tests\rewards\test_reward_model_base.py,39.11252212524414,134.01426696777344,17.476743698120117,29.1361026763916,24.70941734313965,datasets,134.01426696777344
lerobot\src\lerobot\robots\rebot_b601_follower\rebot_b601_follower.py,77.48992156982422,17.881505966186523,9.34646987915039,15.554283142089844,28.603302001953125,configs,77.48992156982422
lerobot\src\lerobot\teleoperators\reachy2_teleoperator\config_reachy2_teleoperator.py,15.650333404541016,6.344357013702393,1.0526049137115479,0.385574072599411,1.2193418741226196,configs,15.650333404541016
lerobot\src\lerobot\policies\lingbot_va\modeling_lingbot_va.py,38.777610778808594,27.708444595336914,12.887019157409668,78.8789291381836,28.051986694335938,policies,78.8789291381836
lerobot\src\lerobot\utils\transition.py,3.5128536224365234,2.404520273208618,0.0,2.260551691055298,1.6430922746658325,configs,3.5128536224365234
lerobot\tests\async_inference\test_helpers.py,9.767128944396973,21.16276741027832,6.310499668121338,20.459232330322266,14.388031005859375,datasets,21.16276741027832
lerobot\src\lerobot\scripts\lerobot_annotate.py,24.234956741333008,125.64593505859375,6.152042388916016,7.113894939422607,23.62533950805664,datasets,125.64593505859375
lerobot\tests\policies\pi0_pi05\test_pi05_compile.py,19.64768409729004,3.9180190563201904,4.766513824462891,80.37908935546875,16.596294403076172,policies,80.37908935546875
lerobot\src\lerobot\rewards\robometer\compute_rabc_weights.py,37.68024826049805,133.708251953125,8.721221923828125,18.189563751220703,31.35267448425293,datasets,133.708251953125
lerobot\src\lerobot\rollout\ring_buffer.py,0.5620601177215576,0.0,0.5620601177215576,0.0,0.9878243207931519,utilities,0.9878243207931519
lerobot\src\lerobot\policies\evo1\internvl3_embedder.py,31.671268463134766,19.58206558227539,8.377704620361328,78.31840515136719,33.27412414550781,policies,78.31840515136719
lerobot\src\lerobot\processor\migrate_policy_normalization.py,56.26774597167969,76.61289978027344,18.290029525756836,52.89082717895508,35.6004524230957,datasets,76.61289978027344
lerobot\src\lerobot\policies\molmoact2\molmoact2_hf_model\video_processing_molmoact2.py,10.8939790725708,37.326290130615234,48.193790435791016,69.79739379882812,31.191495895385742,policies,69.79739379882812
lerobot\tests\policies\pi0_pi05\openpi_pytorch\__init__.py,0.0,0.0,0.6004453897476196,76.8209228515625,2.0395689010620117,policies,76.8209228515625
lerobot\tests\utils\test_logging_utils.py,3.216986656188965,2.824241876602173,2.1164376735687256,1.4498326778411865,9.514397621154785,utilities,9.514397621154785
lerobot\src\lerobot\robots\so_follower\__init__.py,0.0,0.0,0.8320115804672241,0.0,0.448917955160141,environments,0.8320115804672241
lerobot\src\lerobot\envs\metaworld.py,39.61949920654297,27.07013511657715,94.84284973144531,105.35578155517578,25.46738052368164,policies,105.35578155517578
lerobot\examples\phone_to_so100\evaluate.py,27.55078887939453,57.23661804199219,91.58624267578125,26.354530334472656,17.28914451599121,environments,91.58624267578125
lerobot\tests\datasets\test_dataset_writer.py,6.440776824951172,135.05726623535156,4.067625999450684,3.6830101013183594,13.023116111755371,datasets,135.05726623535156
lerobot\src\lerobot\policies\groot\groot_n1_7.py,36.32692337036133,39.19835662841797,11.69211196899414,81.98513793945312,39.56535339355469,policies,81.98513793945312
lerobot\examples\phone_to_so100\rollout.py,25.118133544921875,5.193085193634033,7.492993354797363,24.9063720703125,5.819406032562256,configs,25.118133544921875
lerobot\tests\transport\test_transport_utils.py,2.403420925140381,9.501996994018555,1.342838168144226,3.2093794345855713,9.36540699005127,datasets,9.501996994018555
lerobot\src\lerobot\teleoperators\unitree_g1\exo_calib.py,9.581616401672363,24.062496185302734,8.8915376663208,7.887115478515625,19.1262264251709,datasets,24.062496185302734
lerobot\src\lerobot\datasets\language_render.py,9.760336875915527,99.18115997314453,2.529594659805298,2.9487829208374023,9.61925983428955,datasets,99.18115997314453
lerobot\src\lerobot\policies\evo1\processor_evo1.py,28.545339584350586,36.407470703125,4.998019695281982,87.51732635498047,7.621579647064209,policies,87.51732635498047
lerobot\tests\datasets\test_video_encoding.py,33.42646408081055,112.392333984375,13.908736228942871,12.187917709350586,21.689929962158203,datasets,112.392333984375
lerobot\src\lerobot\policies\wall_x\processor_wall_x.py,24.04947853088379,42.01625442504883,5.014280319213867,98.8073501586914,5.2709126472473145,policies,98.8073501586914
lerobot\tests\policies\pi0_pi05\test_pi05_rtc.py,28.18148422241211,43.81122589111328,5.951958179473877,89.08063507080078,8.33361530303955,policies,89.08063507080078
lerobot\src\lerobot\processor\tokenizer_processor.py,28.244325637817383,16.971797943115234,6.285547256469727,18.543060302734375,15.502832412719727,configs,28.244325637817383
lerobot\src\lerobot\motors\damiao\tables.py,2.9968655109405518,6.819170951843262,1.5658390522003174,10.916522026062012,5.659212589263916,policies,10.916522026062012
lerobot\src\lerobot\scripts\lerobot_setup_can.py,8.127358436584473,15.944703102111816,12.356219291687012,8.6953125,12.26159954071045,datasets,15.944703102111816
lerobot\examples\isaac_teleop_to_so101\override_reset_pose.py,8.65757942199707,9.395051956176758,3.6955347061157227,1.799540400505066,8.555198669433594,datasets,9.395051956176758
lerobot\src\lerobot\common\train_utils.py,23.656389236450195,8.313328742980957,6.3294596672058105,21.391704559326172,14.946475982666016,configs,23.656389236450195
lerobot\tests\envs\test_robotwin.py,27.648351669311523,7.415480136871338,13.202569961547852,4.030500888824463,16.794546127319336,configs,27.648351669311523
lerobot\tests\datasets\test_sampler.py,2.4385838508605957,116.33415222167969,5.004957675933838,8.034974098205566,12.725991249084473,datasets,116.33415222167969
lerobot\src\lerobot\optim\schedulers.py,6.252761363983154,9.805264472961426,5.859851360321045,9.068864822387695,14.091825485229492,utilities,14.091825485229492
lerobot\tests\datasets\test_aggregate.py,18.390342712402344,143.10678100585938,12.88052749633789,8.254704475402832,32.247230529785156,datasets,143.10678100585938
lerobot\src\lerobot\teleoperators\teleoperator.py,20.480239868164062,4.192661285400391,1.0178245306015015,2.7265305519104004,5.203926086425781,configs,20.480239868164062
lerobot\src\lerobot\policies\vla_jepa\qwen_interface.py,21.293025970458984,8.502403259277344,0.21998576819896698,86.05020141601562,6.645186901092529,policies,86.05020141601562
lerobot\src\lerobot\rl\algorithms\base.py,33.91093063354492,21.569955825805664,12.854948997497559,28.47109603881836,21.711984634399414,configs,33.91093063354492
lerobot\src\lerobot\teleoperators\unitree_g1\unitree_g1.py,21.195589065551758,13.482098579406738,4.2432942390441895,6.570834159851074,19.19007110595703,configs,21.195589065551758
lerobot\tests\datasets\test_streaming.py,12.424431800842285,121.25729370117188,7.847489833831787,6.305975437164307,20.679950714111328,datasets,121.25729370117188
lerobot\src\lerobot\policies\fastwam\wan\adapters.py,22.118412017822266,11.014996528625488,6.069582939147949,78.77014923095703,13.407302856445312,policies,78.77014923095703
lerobot\src\lerobot\teleoperators\openarm_mini\openarm_mini.py,42.262290954589844,13.945634841918945,7.864591598510742,12.075357437133789,15.19859504699707,configs,42.262290954589844
lerobot\src\lerobot\transport\services_pb2_grpc.py,5.491117477416992,5.8928070068359375,4.331852436065674,17.437664031982422,21.85036277770996,utilities,21.85036277770996
lerobot\examples\so100_to_so100_EE\record.py,19.79224395751953,51.566368103027344,72.13868713378906,2.09120774269104,12.377326965332031,environments,72.13868713378906
lerobot\tests\policies\pi0_pi05\utils\__init__.py,0.0,0.0,0.6007320284843445,76.83993530273438,2.040065288543701,policies,76.83993530273438
lerobot\src\lerobot\policies\rtc\debug_visualizer.py,1.7688034772872925,0.3696328103542328,1.206100583076477,74.83255004882812,4.293667793273926,policies,74.83255004882812
lerobot\scripts\ci\parse_eval_metrics.py,19.556612014770508,16.535552978515625,78.63175201416016,19.55352210998535,16.487823486328125,environments,78.63175201416016
lerobot\src\lerobot\utils\action_interpolator.py,0.0,0.2845800518989563,0.0,1.3294830322265625,2.9552061557769775,utilities,2.9552061557769775
lerobot\src\lerobot\processor\rename_processor.py,18.943147659301758,5.370767116546631,4.462327003479004,8.196325302124023,4.220355033874512,configs,18.943147659301758
lerobot\src\lerobot\policies\vla_jepa\processor_vla_jepa.py,27.548145294189453,38.47113037109375,3.375401258468628,96.71783447265625,6.370584487915039,policies,96.71783447265625
lerobot\src\lerobot\policies\molmoact2\molmoact2_hf_model\image_processing_molmoact2.py,7.141507625579834,13.039250373840332,1.6068041324615479,66.99584197998047,13.253832817077637,policies,66.99584197998047
lerobot\src\lerobot\__init__.py,9.397749900817871,39.30906295776367,11.370473861694336,0.74104905128479,8.095296859741211,datasets,39.30906295776367
lerobot\tests\utils\test_replay_buffer.py,4.392324447631836,110.05697631835938,1.6251425743103027,3.7182908058166504,11.701872825622559,datasets,110.05697631835938
lerobot\src\lerobot\rewards\classifier\processor_classifier.py,23.68024444580078,38.70316696166992,2.920447826385498,24.167343139648438,2.3146519660949707,datasets,38.70316696166992
lerobot\src\lerobot\policies\lingbot_va\configuration_lingbot_va.py,20.651702880859375,22.24565315246582,8.53564167022705,89.8454818725586,12.777570724487305,policies,89.8454818725586
lerobot\src\lerobot\rewards\sarm\compute_rabc_weights.py,44.432373046875,133.680419921875,10.579032897949219,18.0753116607666,37.79178237915039,datasets,133.680419921875
lerobot\src\lerobot\processor\render_messages_processor.py,3.8510351181030273,41.09989929199219,2.875218152999878,7.321526050567627,2.2054548263549805,datasets,41.09989929199219
lerobot\examples\tutorial\async-inf\policy_server.py,22.6697940826416,0.6676009297370911,4.4652180671691895,15.36253547668457,4.297852516174316,configs,22.6697940826416
lerobot\tests\artifacts\datasets\save_dataset_to_safetensors.py,4.4498443603515625,117.54467010498047,3.5344858169555664,1.2191230058670044,9.915685653686523,datasets,117.54467010498047
lerobot\tests\jobs\test_hf.py,34.99901580810547,120.67030334472656,12.445240020751953,26.397716522216797,25.792760848999023,datasets,120.67030334472656
lerobot\src\lerobot\policies\eo1\configuration_eo1.py,40.19700622558594,20.732492446899414,7.472585201263428,94.30894470214844,11.781564712524414,policies,94.30894470214844
lerobot\src\lerobot\configs\parser.py,92.89622497558594,21.042064666748047,4.826541900634766,10.283442497253418,27.084671020507812,configs,92.89622497558594
lerobot\src\lerobot\policies\eo1\__init__.py,1.614402413368225,2.2545220851898193,0.837745189666748,78.678466796875,4.29055643081665,policies,78.678466796875
lerobot\examples\port_datasets\slurm_port_shards.py,10.868967056274414,119.01396942138672,7.695270538330078,3.263779878616333,21.726215362548828,datasets,119.01396942138672
lerobot\examples\tutorial\diffusion\diffusion_training_example.py,12.03905200958252,51.93883514404297,9.800040245056152,23.3958683013916,15.5616455078125,datasets,51.93883514404297
lerobot\src\lerobot\teleoperators\bi_openarm_leader\config_bi_openarm_leader.py,17.64049530029297,3.0,0.0,0.36715182662010193,0.5040141344070435,configs,17.64049530029297
lerobot\tests\policies\pi0_pi05\utils\torch_compile.py,16.64834213256836,3.0604047775268555,2.236278772354126,74.81953430175781,14.088807106018066,policies,74.81953430175781
lerobot\tests\processor\test_device_processor.py,25.90978240966797,12.975337982177734,11.350957870483398,23.27666664123535,12.77873706817627,configs,25.90978240966797
lerobot\tests\rl\test_data_mixer.py,1.9218626022338867,110.71514892578125,0.901175320148468,1.7082048654556274,8.192038536071777,datasets,110.71514892578125
lerobot\examples\tutorial\rl\reward_classifier_example.py,23.19015884399414,51.21428298950195,6.688653945922852,7.632629871368408,14.2015380859375,datasets,51.21428298950195
lerobot\src\lerobot\policies\rtc\modeling_rtc.py,24.116220474243164,6.160522937774658,3.7448339462280273,75.04570770263672,17.393293380737305,policies,75.04570770263672
lerobot\tests\policies\groot\test_groot_n1_7_oss_parity.py,71.59286499023438,23.648530960083008,4.18070650100708,83.34407806396484,16.333213806152344,policies,83.34407806396484
lerobot\tests\annotations\test_validator.py,0.3724847435951233,114.11426544189453,0.594764232635498,0.37407106161117554,6.60732364654541,datasets,114.11426544189453
lerobot\src\lerobot\policies\pi05\processor_pi05.py,26.242700576782227,43.45045852661133,7.499298572540283,98.57186889648438,6.522995471954346,policies,98.57186889648438
lerobot\src\lerobot\envs\robocasa.py,5.179317951202393,16.453153610229492,68.08345794677734,8.291037559509277,14.731287002563477,environments,68.08345794677734
lerobot\src\lerobot\robots\omx_follower\config_omx_follower.py,17.796689987182617,6.605860710144043,4.370565414428711,0.8643004298210144,3.604257345199585,configs,17.796689987182617
lerobot\tests\policies\smolvla\test_smolvla_rtc.py,28.177061080932617,45.21739959716797,6.0864458084106445,86.22569274902344,11.131756782531738,policies,86.22569274902344
lerobot\tests\test_yaml_policy_path.py,32.88106918334961,48.35066223144531,8.764573097229004,23.427715301513672,12.750258445739746,datasets,48.35066223144531
lerobot\examples\tutorial\diffusion\diffusion_using_example.py,20.010438919067383,43.951629638671875,3.972304105758667,12.315387725830078,10.257498741149902,datasets,43.951629638671875
lerobot\src\lerobot\rewards\robometer\__init__.py,0.837745189666748,1.4778647422790527,0.837745189666748,0.5046596527099609,1.342404842376709,datasets,1.4778647422790527
lerobot\tests\rewards\test_modeling_robometer.py,35.18195724487305,12.98076057434082,7.980388164520264,12.802388191223145,14.75068187713623,configs,35.18195724487305
lerobot\src\lerobot\policies\evo1\configuration_evo1.py,36.35165786743164,17.07798957824707,10.939030647277832,90.10397338867188,17.52157211303711,policies,90.10397338867188
lerobot\src\lerobot\policies\gaussian_actor\modeling_gaussian_actor.py,37.22346115112305,20.547134399414062,60.54880905151367,87.76058959960938,24.01121711730957,policies,87.76058959960938
lerobot\src\lerobot\rollout\context.py,43.36552810668945,134.17494201660156,19.042695999145508,100.37480926513672,42.28062438964844,datasets,134.17494201660156
lerobot\tests\rewards\test_classifier_processor.py,23.600528717041016,30.92279052734375,2.8490843772888184,13.34048843383789,4.961111068725586,datasets,30.92279052734375
lerobot\src\lerobot\scripts\lerobot_edit_dataset.py,26.498300552368164,137.16139221191406,10.856182098388672,11.032423973083496,24.59861946105957,datasets,137.16139221191406
lerobot\scripts\ci\extract_task_descriptions.py,14.296812057495117,20.232513427734375,75.92330169677734,9.237323760986328,16.368404388427734,environments,75.92330169677734
lerobot\src\lerobot\annotations\steerable_pipeline\writer.py,11.946423530578613,16.962360382080078,1.306302547454834,4.651473045349121,15.559800148010254,datasets,16.962360382080078
lerobot\src\lerobot\policies\vla_jepa\modeling_vla_jepa.py,29.575742721557617,52.29883575439453,9.469337463378906,82.72323608398438,27.12091636657715,policies,82.72323608398438
lerobot\src\lerobot\cameras\reachy2_camera\reachy2_camera.py,27.26171875,9.570813179016113,1.026369333267212,11.43271541595459,12.746810913085938,configs,27.26171875
lerobot\tests\processor\test_normalize_processor.py,25.110124588012695,45.51422882080078,5.881213665008545,27.714754104614258,15.257464408874512,datasets,45.51422882080078
lerobot\src\lerobot\policies\eo1\processor_eo1.py,29.901384353637695,48.405540466308594,10.459237098693848,95.4815902709961,14.137277603149414,policies,95.4815902709961
lerobot\src\lerobot\robots\bi_so_follower\bi_so_follower.py,19.959280014038086,3.3705363273620605,4.287071704864502,3.142404556274414,5.598848342895508,configs,19.959280014038086
lerobot\tests\processor\test_observation_processor.py,21.74139976501465,14.80143928527832,103.07794952392578,16.472278594970703,7.155325889587402,environments,103.07794952392578
lerobot\src\lerobot\teleoperators\omx_leader\config_omx_leader.py,15.984824180603027,3.0,0.0,0.0,1.2189050912857056,configs,15.984824180603027
lerobot\tests\motors\test_feetech.py,4.238292694091797,10.837897300720215,3.899847984313965,17.124202728271484,14.845283508300781,policies,17.124202728271484
lerobot\src\lerobot\motors\calibration_gui.py,7.090433597564697,15.334829330444336,5.862123489379883,11.694129943847656,13.717643737792969,datasets,15.334829330444336
lerobot\src\lerobot\processor\observation_processor.py,3.763922691345215,7.381414890289307,94.76079559326172,7.0,3.744539260864258,environments,94.76079559326172
lerobot\src\lerobot\async_inference\configs.py,87.68750762939453,11.348941802978516,106.54222106933594,29.091745376586914,20.413022994995117,environments,106.54222106933594
lerobot\src\lerobot\robots\bi_rebot_b601_follower\__init__.py,0.0,0.0,0.835146963596344,0.0,0.0,environments,0.835146963596344
lerobot\src\lerobot\envs\factory.py,24.345088958740234,11.080599784851074,90.95503234863281,21.96261978149414,13.6917724609375,environments,90.95503234863281
lerobot\tests\utils\test_collate.py,0.0,100.97247314453125,0.5498075485229492,1.0,4.819652557373047,datasets,100.97247314453125
lerobot\tests\datasets\test_datasets.py,46.14384460449219,147.08892822265625,19.306259155273438,29.89070701599121,37.171104431152344,datasets,147.08892822265625
lerobot\src\lerobot\envs\libero.py,15.162220001220703,28.011621475219727,70.24989318847656,13.696175575256348,31.6829776763916,environments,70.24989318847656
lerobot\tests\policies\rtc\test_action_interpolator.py,9.801714897155762,4.055543899536133,6.066269397735596,77.24850463867188,9.616655349731445,policies,77.24850463867188
lerobot\src\lerobot\rl\data_sources\data_mixer.py,1.2267506122589111,14.130778312683105,0.22675065696239471,0.36526256799697876,1.7457822561264038,datasets,14.130778312683105
lerobot\src\lerobot\cameras\utils.py,72.52191925048828,2.84916615486145,0.3485475778579712,1.0808918476104736,2.3836960792541504,configs,72.52191925048828
lerobot\src\lerobot\datasets\lerobot_dataset.py,17.032028198242188,138.00926208496094,9.398770332336426,9.646364212036133,40.04603576660156,datasets,138.00926208496094
lerobot\tests\rewards\test_modeling_topreward.py,27.72066307067871,15.128179550170898,7.924195766448975,15.535959243774414,20.7673282623291,configs,27.72066307067871
lerobot\tests\fixtures\optimizers.py,19.966510772705078,0.37578675150871277,4.084031581878662,6.098355770111084,5.257416248321533,configs,19.966510772705078
lerobot\src\lerobot\rl\algorithms\sac\configuration_sac.py,37.064579010009766,7.769102096557617,8.55167007446289,19.017763137817383,3.144611358642578,configs,37.064579010009766
lerobot\tests\utils\test_rerun_visualization.py,2.7857437133789062,9.274458885192871,1.0895187854766846,2.9989588260650635,12.205702781677246,utilities,12.205702781677246
lerobot\src\lerobot\scripts\lerobot_info.py,7.270273685455322,86.59541320800781,6.542895793914795,9.184531211853027,18.825572967529297,datasets,86.59541320800781
lerobot\tests\motors\test_motors_bus.py,5.435990810394287,16.788591384887695,3.94311785697937,13.769659996032715,15.545291900634766,datasets,16.788591384887695
lerobot\src\lerobot\motors\robstride\tables.py,1.1520142555236816,6.12764310836792,4.103540420532227,6.922370910644531,2.766510248184204,policies,6.922370910644531
lerobot\src\lerobot\datasets\video_utils.py,23.839906692504883,123.19551086425781,12.315316200256348,15.456137657165527,42.381248474121094,datasets,123.19551086425781
lerobot\src\lerobot\policies\utils.py,26.007226943969727,49.8224983215332,82.29838562011719,104.49710083007812,17.251319885253906,policies,104.49710083007812
lerobot\tests\processor\test_render_messages_processor.py,1.0,105.42472076416016,2.9369897842407227,0.0,5.435596942901611,datasets,105.42472076416016
lerobot\src\lerobot\processor\batch_processor.py,4.145082473754883,10.54504108428955,5.367893695831299,8.896924018859863,2.259091854095459,datasets,10.54504108428955
lerobot\src\lerobot\policies\wall_x\__init__.py,0.8368450403213501,1.4762768745422363,0.8368450403213501,78.63261413574219,3.5111982822418213,policies,78.63261413574219
lerobot\src\lerobot\datasets\aggregate.py,16.065330505371094,133.9918670654297,9.24328327178955,6.465062141418457,23.940471649169922,datasets,133.9918670654297
lerobot\src\lerobot\policies\wall_x\utils.py,14.731943130493164,18.590778350830078,9.097885131835938,75.6675796508789,12.540044784545898,policies,75.6675796508789
lerobot\src\lerobot\processor\converters.py,8.548906326293945,11.4442720413208,3.6282730102539062,24.859607696533203,4.203229904174805,policies,24.859607696533203
lerobot\src\lerobot\rollout\configs.py,83.68162536621094,61.45099639892578,9.99853515625,24.06195068359375,19.872507095336914,configs,83.68162536621094
lerobot\src\lerobot\policies\pi0_fast\__init__.py,0.8368450403213501,1.4762768745422363,0.8368450403213501,81.37020874023438,3.5111982822418213,policies,81.37020874023438
lerobot\src\lerobot\policies\multi_task_dit\processor_multi_task_dit.py,26.678237915039062,41.829856872558594,4.533929824829102,99.83739471435547,6.820266246795654,policies,99.83739471435547
lerobot\tests\datasets\test_dataset_utils.py,72.44676971435547,123.3293685913086,7.474925518035889,5.360223293304443,16.156509399414062,datasets,123.3293685913086
lerobot\src\lerobot\policies\evo1\__init__.py,0.837745189666748,1.4778647422790527,0.837745189666748,78.678466796875,3.513899326324463,policies,78.678466796875
lerobot\src\lerobot\scripts\lerobot_find_joint_limits.py,27.704500198364258,13.077902793884277,7.521913051605225,3.399460792541504,13.40407943725586,configs,27.704500198364258
lerobot\src\lerobot\rollout\robot_wrapper.py,0.4432971477508545,0.0,0.8592093586921692,1.3792999982833862,0.37929996848106384,policies,1.3792999982833862
lerobot\src\lerobot\policies\act\__init__.py,1.614402413368225,2.2545220851898193,0.837745189666748,80.78468322753906,4.29055643081665,policies,80.78468322753906
lerobot\src\lerobot\scripts\lerobot_train_tokenizer.py,14.368695259094238,61.16616439819336,8.813385963439941,21.867460250854492,29.89887046813965,datasets,61.16616439819336
lerobot\examples\backward_compatibility\replay.py,20.11268424987793,45.86961364746094,4.321440696716309,4.011748790740967,9.891633033752441,datasets,45.86961364746094
lerobot\src\lerobot\policies\diffusion\processor_diffusion.py,24.24498176574707,39.49576187133789,3.419193983078003,104.5544204711914,5.388385772705078,policies,104.5544204711914
lerobot\examples\omx\reset_environment.py,7.698528289794922,7.0797247886657715,63.81021499633789,8.472886085510254,13.30700969696045,environments,63.81021499633789
lerobot\src\lerobot\policies\diffusion\configuration_diffusion.py,20.90778923034668,16.68771743774414,85.6205062866211,88.23249816894531,21.241613388061523,policies,88.23249816894531
lerobot\src\lerobot\policies\molmoact2\molmoact2_hf_model\inference.py,27.621612548828125,16.59737777709961,6.339107036590576,65.4253158569336,20.22263526916504,policies,65.4253158569336
lerobot\examples\lekiwi\rollout.py,24.595335006713867,4.21359920501709,7.532236576080322,23.088783264160156,5.028675079345703,configs,24.595335006713867
lerobot\src\lerobot\policies\smolvla\__init__.py,0.837745189666748,1.4778647422790527,0.837745189666748,78.678466796875,3.513899326324463,policies,78.678466796875
lerobot\src\lerobot\annotations\steerable_pipeline\modules\plan_subtasks_memory.py,29.36439323425293,26.99790382385254,14.753515243530273,9.98255729675293,30.63007354736328,utilities,30.63007354736328
lerobot\src\lerobot\configs\rewards.py,85.00849151611328,21.475425720214844,10.41026782989502,20.622928619384766,23.17030143737793,configs,85.00849151611328
lerobot\tests\annotations\run_e2e_smoke.py,24.440250396728516,39.692283630371094,4.8503313064575195,1.108978033065796,11.019696235656738,datasets,39.692283630371094
lerobot\tests\processor\test_pi05_processor.py,24.432180404663086,48.29381561279297,3.812455892562866,17.46906852722168,7.547189712524414,datasets,48.29381561279297
lerobot\tests\scripts\test_edit_dataset_parsing.py,23.877939224243164,112.7034912109375,4.330236434936523,0.8302023410797119,8.27967643737793,datasets,112.7034912109375
lerobot\tests\policies\eo1\test_eo1.py,28.762935638427734,7.803343296051025,5.62036657333374,103.27672576904297,13.531404495239258,policies,103.27672576904297
lerobot\src\lerobot\teleoperators\homunculus\__init__.py,0.7561761736869812,0.7561761736869812,0.7561761736869812,0.7561761736869812,1.5123523473739624,utilities,1.5123523473739624
lerobot\tests\policies\pi0_pi05\openpi_pytorch\preprocessing_pytorch.py,7.390985012054443,10.250667572021484,6.244854927062988,75.06922912597656,12.957874298095703,policies,75.06922912597656
lerobot\src\lerobot\rewards\topreward\__init__.py,0.837745189666748,1.4778647422790527,0.837745189666748,0.5046596527099609,1.342404842376709,datasets,1.4778647422790527
lerobot\examples\isaac_teleop_to_so101\teleoperate.py,5.102322578430176,5.809076309204102,5.4973297119140625,3.8090763092041016,8.325273513793945,utilities,8.325273513793945
lerobot\src\lerobot\utils\keyboard_input.py,6.377147197723389,13.128008842468262,8.73932933807373,3.46114444732666,18.006587982177734,utilities,18.006587982177734
lerobot\src\lerobot\teleoperators\homunculus\homunculus_arm.py,25.942317962646484,15.158182144165039,4.8615007400512695,10.275598526000977,18.557485580444336,configs,25.942317962646484
lerobot\src\lerobot\policies\wall_x\qwen_model\qwen2_5_vl_moe.py,47.3630485534668,35.55604553222656,13.643692970275879,65.66864776611328,37.43958282470703,policies,65.66864776611328
lerobot\src\lerobot\teleoperators\bi_openarm_mini\config_bi_openarm_mini.py,18.00572395324707,3.0,0.3652288317680359,0.36715182662010193,0.8692429661750793,configs,18.00572395324707
lerobot\tests\fixtures\constants.py,7.530953884124756,11.026777267456055,4.28358793258667,5.879660129547119,12.34522533416748,utilities,12.34522533416748
lerobot\tests\policies\groot\test_groot_training_optim_contract.py,25.99143409729004,8.019050598144531,7.259851455688477,79.48522186279297,14.866349220275879,policies,79.48522186279297
lerobot\tests\policies\vla_jepa\test_world_model.py,2.1667628288269043,2.5764286518096924,2.1837685108184814,76.19688415527344,7.852593898773193,policies,76.19688415527344
lerobot\src\lerobot\cameras\zmq\configuration_zmq.py,11.076868057250977,5.301421165466309,3.8891470432281494,2.5059897899627686,5.791032791137695,configs,11.076868057250977
lerobot\tests\policies\rtc\test_rtc_relative_actions.py,34.705535888671875,8.048802375793457,8.362119674682617,105.07089233398438,18.970569610595703,policies,105.07089233398438
lerobot\src\lerobot\policies\molmoact2\molmoact2_hf_model\modeling_molmoact2.py,39.95270538330078,34.48017883300781,15.920859336853027,67.92589569091797,48.67257308959961,policies,67.92589569091797
lerobot\examples\so100_to_so100_EE\rollout.py,25.118133544921875,5.193085193634033,7.492993354797363,24.9063720703125,5.819406032562256,configs,25.118133544921875
lerobot\src\lerobot\policies\rtc\debug_tracker.py,6.469882011413574,7.8187336921691895,6.110518455505371,74.08285522460938,13.272250175476074,policies,74.08285522460938
lerobot\src\lerobot\scripts\lerobot_setup_motors.py,24.549808502197266,4.513180255889893,7.993690490722656,0.0,3.943448305130005,configs,24.549808502197266
lerobot\tests\mocks\mock_serial_patch.py,3.8011536598205566,2.5071330070495605,4.0053815841674805,1.6536840200424194,4.648799419403076,utilities,4.648799419403076
lerobot\src\lerobot\rl\buffer.py,6.482814788818359,58.51781463623047,3.155717372894287,3.8249080181121826,11.05729866027832,datasets,58.51781463623047
lerobot\src\lerobot\teleoperators\so_leader\so_leader.py,24.07311248779297,12.006693840026855,9.244087219238281,9.033307075500488,21.44120979309082,configs,24.07311248779297
lerobot\src\lerobot\processor\normalize_processor.py,26.6774959564209,45.26008224487305,8.627615928649902,24.99664306640625,10.898770332336426,datasets,45.26008224487305
lerobot\tests\annotations\conftest.py,0.41396886110305786,40.70263671875,0.6610039472579956,0.0,1.5661671161651611,datasets,40.70263671875
lerobot\src\lerobot\teleoperators\unitree_g1\exo_serial.py,5.803366184234619,19.066505432128906,2.4357402324676514,3.895571231842041,15.417411804199219,datasets,19.066505432128906
lerobot\tests\policies\vla_jepa\test_action_head.py,22.628686904907227,4.85563325881958,2.883976936340332,68.6256103515625,12.076769828796387,policies,68.6256103515625
lerobot\src\lerobot\policies\wall_x\modeling_wall_x.py,40.45375442504883,38.11037063598633,16.01573371887207,77.23173522949219,41.69816207885742,policies,77.23173522949219
lerobot\tests\fixtures\dataset_factories.py,13.690006256103516,139.93199157714844,11.710352897644043,8.720626831054688,22.320859909057617,datasets,139.93199157714844
lerobot\src\lerobot\teleoperators\homunculus\homunculus_glove.py,25.27945327758789,14.480966567993164,4.5920090675354,10.473180770874023,17.721515655517578,configs,25.27945327758789
lerobot\src\lerobot\envs\utils.py,18.03504753112793,17.79132843017578,98.410400390625,91.52882385253906,31.979721069335938,environments,98.410400390625
lerobot\src\lerobot\policies\xvla\configuration_florence2.py,34.73005676269531,12.360727310180664,4.015218734741211,79.22945404052734,12.246848106384277,policies,79.22945404052734
lerobot\src\lerobot\policies\tdmpc\__init__.py,0.837745189666748,1.4778647422790527,0.837745189666748,81.91542053222656,3.513899326324463,policies,81.91542053222656
lerobot\src\lerobot\teleoperators\openarm_leader\config_openarm_leader.py,18.56962013244629,9.364121437072754,3.540801525115967,1.5333938598632812,6.486958026885986,configs,18.56962013244629
lerobot\src\lerobot\teleoperators\omx_leader\omx_leader.py,35.824951171875,10.314376831054688,9.065354347229004,10.604355812072754,19.321462631225586,configs,35.824951171875
lerobot\examples\port_datasets\display_error_files.py,11.594964981079102,80.88910675048828,6.8826189041137695,3.6595892906188965,19.270273208618164,datasets,80.88910675048828
lerobot\src\lerobot\teleoperators\rebot_102_leader\config_rebot_102_leader.py,18.758747100830078,6.5228776931762695,4.364655494689941,3.9608988761901855,5.683000564575195,configs,18.758747100830078
lerobot\src\lerobot\policies\xvla\configuration_xvla.py,38.6953125,15.467548370361328,8.129244804382324,93.3213882446289,8.269096374511719,policies,93.3213882446289
lerobot\src\lerobot\rollout\__init__.py,2.0,106.10673522949219,1.0,7.0,7.360814571380615,datasets,106.10673522949219
lerobot\src\lerobot\policies\pi0_fast\configuration_pi0_fast.py,31.247709274291992,13.476877212524414,6.480546951293945,95.35936737060547,6.959929943084717,policies,95.35936737060547
lerobot\tests\policies\pi0_pi05\test_pi0_compile.py,19.710357666015625,3.9180190563201904,4.77460241317749,80.5533218383789,16.60594367980957,policies,80.5533218383789
lerobot\src\lerobot\utils\random_utils.py,2.376377820968628,3.9197564125061035,1.3752018213272095,1.325202465057373,4.1716203689575195,utilities,4.1716203689575195
lerobot\src\lerobot\policies\diffusion\__init__.py,0.837745189666748,1.4778647422790527,0.837745189666748,82.67426300048828,3.513899326324463,policies,82.67426300048828
lerobot\tests\mocks\mock_feetech.py,1.4988536834716797,9.741643905639648,4.1781086921691895,6.042511940002441,4.736040115356445,datasets,9.741643905639648
lerobot\src\lerobot\teleoperators\unitree_g1\exo_ik.py,4.1930084228515625,12.900373458862305,3.074511766433716,15.319794654846191,9.33535385131836,policies,15.319794654846191
lerobot\src\lerobot\policies\groot\utils.py,78.66561126708984,24.790283203125,2.3560519218444824,67.58328247070312,12.185835838317871,configs,78.66561126708984
lerobot\tests\processor\test_batch_processor.py,26.04892349243164,16.15420150756836,8.249641418457031,12.30888843536377,12.576945304870605,configs,26.04892349243164
lerobot\examples\dataset\create_progress_videos.py,23.357677459716797,73.11456298828125,10.874235153198242,11.136302947998047,31.727384567260742,datasets,73.11456298828125
lerobot\src\lerobot\rewards\topreward\modeling_topreward.py,27.61027717590332,45.23529815673828,8.609256744384766,13.474056243896484,24.98291015625,datasets,45.23529815673828
lerobot\src\lerobot\rewards\topreward\configuration_topreward.py,16.90715217590332,14.335535049438477,9.254420280456543,27.01669692993164,5.001273155212402,policies,27.01669692993164
lerobot\src\lerobot\teleoperators\phone\teleop_phone.py,35.0405158996582,8.4169340133667,2.919727325439453,6.467646598815918,18.365474700927734,configs,35.0405158996582
lerobot\src\lerobot\robots\bi_openarm_follower\__init__.py,0.0,0.0,0.8355967998504639,0.0,0.0,environments,0.8355967998504639
lerobot\src\lerobot\envs\vlabench.py,13.663366317749023,20.941469192504883,64.8965072631836,13.88023567199707,25.165443420410156,environments,64.8965072631836
lerobot\tests\processor\test_rename_processor.py,28.360008239746094,17.58454132080078,11.513677597045898,19.260053634643555,10.448240280151367,configs,28.360008239746094
lerobot\examples\lekiwi\record.py,19.44988441467285,50.34055709838867,75.8017578125,1.377068042755127,11.974985122680664,environments,75.8017578125
lerobot\tests\policies\pi0_pi05\test_pi0_rtc.py,28.152708053588867,44.32375717163086,5.9485859870910645,87.26543426513672,8.278266906738281,policies,87.26543426513672
lerobot\src\lerobot\policies\vqbet\modeling_vqbet.py,33.60179138183594,27.891956329345703,51.721038818359375,89.31297302246094,22.209741592407227,policies,89.31297302246094
lerobot\examples\phone_to_so100\record.py,21.139650344848633,52.926116943359375,72.96234893798828,3.478114366531372,14.748181343078613,environments,72.96234893798828
lerobot\src\lerobot\annotations\steerable_pipeline\vlm_client.py,31.069499969482422,29.52823257446289,12.114263534545898,15.042739868164062,30.75800323486328,configs,31.069499969482422
lerobot\src\lerobot\rewards\robometer\configuration_robometer.py,35.40330505371094,15.258515357971191,9.16124153137207,21.59531021118164,10.534250259399414,configs,35.40330505371094
lerobot\src\lerobot\motors\motors_bus.py,11.9209623336792,23.464948654174805,10.22551155090332,22.082181930541992,25.55570411682129,utilities,25.55570411682129
lerobot\src\lerobot\rollout\inference\__init__.py,0.0,2.2803122997283936,0.0,0.0,0.0,datasets,2.2803122997283936
lerobot\tests\processor\test_converters.py,3.1750850677490234,9.531070709228516,2.563960552215576,11.482778549194336,2.311567544937134,policies,11.482778549194336
lerobot\src\lerobot\rl\joint_observations_processor.py,18.915868759155273,7.882343292236328,2.1335039138793945,7.98883056640625,3.3453280925750732,configs,18.915868759155273
lerobot\src\lerobot\rollout\inference\rtc.py,31.482131958007812,39.4532470703125,8.438502311706543,21.896352767944336,12.516857147216797,datasets,39.4532470703125
lerobot\src\lerobot\robots\koch_follower\__init__.py,0.0,0.0,0.8360471129417419,0.0,0.0,environments,0.8360471129417419
lerobot\tests\configs\test_resume_from_hub.py,75.64015197753906,46.538429260253906,2.993225336074829,7.313762664794922,12.827664375305176,configs,75.64015197753906
lerobot\src\lerobot\processor\factory.py,0.3729032278060913,0.5245563387870789,3.6225459575653076,1.0,0.3729032278060913,environments,3.6225459575653076
lerobot\src\lerobot\robots\unitree_g1\unitree_sdk2_socket.py,19.312318801879883,10.598617553710938,4.1102800369262695,2.9211385250091553,6.054112911224365,configs,19.312318801879883
lerobot\src\lerobot\policies\factory.py,42.677120208740234,55.5625,72.9838638305664,126.86162567138672,38.459922790527344,policies,126.86162567138672
lerobot\src\lerobot\scripts\convert_dataset_v21_to_v30.py,26.93926429748535,127.70020294189453,10.715518951416016,20.103315353393555,32.53236389160156,datasets,127.70020294189453
lerobot\src\lerobot\robots\bi_so_follower\config_bi_so_follower.py,19.350370407104492,4.7341132164001465,4.161852836608887,1.2334716320037842,3.1671175956726074,configs,19.350370407104492
lerobot\src\lerobot\utils\sample_weighting.py,34.089351654052734,113.3676528930664,10.267155647277832,101.89264678955078,17.924116134643555,datasets,113.3676528930664
lerobot\src\lerobot\scripts\lerobot_calibrate.py,21.20866584777832,6.687725067138672,3.981158971786499,2.4074387550354004,6.538002014160156,configs,21.20866584777832
lerobot\tests\configs\test_default.py,72.9771499633789,43.11941909790039,0.6541311740875244,0.0,4.863381862640381,configs,72.9771499633789
lerobot\src\lerobot\rl\learner_service.py,0.8639341592788696,2.850487470626831,1.744604229927063,3.192747116088867,6.450610160827637,utilities,6.450610160827637
lerobot\src\lerobot\teleoperators\bi_openarm_mini\bi_openarm_mini.py,19.147703170776367,3.4760875701904297,2.393153667449951,2.8404688835144043,4.665859699249268,configs,19.147703170776367
lerobot\src\lerobot\teleoperators\koch_leader\config_koch_leader.py,15.984824180603027,3.0,0.0,0.0,1.2189050912857056,configs,15.984824180603027
lerobot\src\lerobot\datasets\dataset_reader.py,65.3997573852539,136.65756225585938,7.992885112762451,5.788219451904297,20.594270706176758,datasets,136.65756225585938
lerobot\src\lerobot\utils\constants.py,11.270164489746094,11.868393898010254,100.65947723388672,24.238977432250977,16.899065017700195,environments,100.65947723388672
lerobot\tests\datasets\test_language_render.py,8.96835994720459,114.9231185913086,4.898308753967285,3.095087766647339,12.733376502990723,datasets,114.9231185913086
lerobot\tests\annotations\_helpers.py,0.7283135056495667,2.1139976978302,0.9761343002319336,0.3826726973056793,6.246578693389893,utilities,6.246578693389893
lerobot\examples\lekiwi\teleoperate.py,20.086559295654297,6.312385559082031,3.433718681335449,2.1195263862609863,5.749490261077881,configs,20.086559295654297
lerobot\src\lerobot\utils\__init__.py,0.0,3.5330429077148438,0.0,1.335010290145874,2.789706230163574,datasets,3.5330429077148438
lerobot\src\lerobot\model\__init__.py,0.0,0.0,0.0,5.242639541625977,0.0,policies,5.242639541625977
lerobot\src\lerobot\teleoperators\bi_rebot_102_leader\config_bi_rebot_102_leader.py,17.630098342895508,3.0,0.0,0.36683568358421326,0.5037171244621277,configs,17.630098342895508
lerobot\src\lerobot\policies\groot\action_head\__init__.py,0.758212685585022,1.8955318927764893,0.758212685585022,80.00016784667969,3.6898128986358643,policies,80.00016784667969
lerobot\tests\policies\xvla\test_xvla_original_vs_lerobot.py,25.277191162109375,35.7294807434082,10.409629821777344,87.81199645996094,14.40220832824707,policies,87.81199645996094
lerobot\src\lerobot\policies\molmoact2\modeling_molmoact2.py,47.67659378051758,52.51844787597656,17.84562873840332,78.52884674072266,53.73427200317383,policies,78.52884674072266
lerobot\src\lerobot\robots\bi_rebot_b601_follower\config_bi_rebot_b601_follower.py,19.332870483398438,4.730434417724609,4.155145168304443,1.2312124967575073,2.682157516479492,configs,19.332870483398438
lerobot\tests\datasets\test_lerobot_dataset.py,9.395094871520996,135.87423706054688,12.332745552062988,8.42883586883545,27.532913208007812,datasets,135.87423706054688
lerobot\tests\policies\pi0_pi05\openpi_pytorch\image_tools.py,3.6295464038848877,4.682992935180664,2.29533314704895,77.23697662353516,9.98314094543457,policies,77.23697662353516
lerobot\src\lerobot\policies\xvla\soft_transformer.py,9.633768081665039,16.125280380249023,3.7318973541259766,72.47908782958984,20.35677146911621,policies,72.47908782958984
lerobot\src\lerobot\rollout\strategies\factory.py,18.822114944458008,0.315213680267334,2.4594428539276123,0.0,0.5241809487342834,configs,18.822114944458008
lerobot\tests\annotations\test_pipeline_recipe_render.py,26.671064376831055,117.0634536743164,6.106810092926025,2.827723979949951,15.665193557739258,datasets,117.0634536743164
lerobot\tests\test_control_robot.py,0.4832567572593689,118.70475006103516,4.283517837524414,0.0,12.930925369262695,datasets,118.70475006103516
lerobot\tests\utils\test_random_utils.py,1.8970003128051758,2.701688766479492,1.8337228298187256,0.9485001564025879,2.388996124267578,datasets,2.701688766479492
lerobot\src\lerobot\rl\eval_policy.py,22.440330505371094,46.39988708496094,5.732353687286377,19.71828269958496,6.141363143920898,datasets,46.39988708496094
lerobot\tests\training\test_multi_gpu.py,40.98979187011719,116.76573944091797,89.19309997558594,28.154970169067383,29.365419387817383,datasets,116.76573944091797
lerobot\src\lerobot\robots\config.py,17.994930267333984,5.920840263366699,1.5582573413848877,0.7409340143203735,2.9583778381347656,configs,17.994930267333984
lerobot\src\lerobot\policies\diffusion\modeling_diffusion.py,30.235858917236328,15.954644203186035,8.461217880249023,76.25385284423828,25.458641052246094,policies,76.25385284423828
lerobot\tests\test_available.py,0.0,106.30177307128906,0.5738809704780579,1.0574774742126465,6.702435493469238,datasets,106.30177307128906
lerobot\src\lerobot\motors\feetech\feetech.py,9.677895545959473,20.913772583007812,6.239440441131592,20.98942756652832,27.093826293945312,utilities,27.093826293945312
lerobot\src\lerobot\policies\xvla\utils.py,6.892612457275391,8.72281265258789,3.3406121730804443,72.61671447753906,13.169032096862793,policies,72.61671447753906
lerobot\src\lerobot\rollout\strategies\base.py,9.534862518310547,42.08781433105469,9.143250465393066,18.28645133972168,20.132326126098633,datasets,42.08781433105469
lerobot\src\lerobot\rl\algorithms\factory.py,24.3096866607666,1.321137547492981,5.701551914215088,19.29129981994629,3.256744384765625,configs,24.3096866607666
lerobot\src\lerobot\policies\fastwam\modeling_fastwam.py,34.68043899536133,56.400264739990234,8.993149757385254,75.11421966552734,31.22396469116211,policies,75.11421966552734
lerobot\tests\rl\test_actor_learner.py,30.043575286865234,106.92501831054688,9.028226852416992,19.60117530822754,19.3277587890625,datasets,106.92501831054688
lerobot\src\lerobot\teleoperators\bi_so_leader\__init__.py,0.0,0.0,0.0,0.0,0.4508523941040039,utilities,0.4508523941040039
lerobot\tests\processor\test_libero_processor.py,3.56706166267395,5.013576984405518,2.3593294620513916,7.0,1.2899789810180664,policies,7.0
lerobot\src\lerobot\datasets\pyav_utils.py,5.640814304351807,83.98701477050781,4.088155269622803,5.186442852020264,15.532742500305176,datasets,83.98701477050781
lerobot\tests\policies\lingbot_va\test_processor.py,24.754623413085938,42.985225677490234,3.7847461700439453,89.5562515258789,8.022004127502441,policies,89.5562515258789
lerobot\examples\dataset\use_dataset_image_transforms.py,32.254112243652344,48.50864791870117,4.6154398918151855,1.9774036407470703,9.824853897094727,datasets,48.50864791870117
lerobot\src\lerobot\robots\hope_jr\__init__.py,0.7578045129776001,0.7578045129776001,1.5929515361785889,0.7578045129776001,1.5156090259552002,environments,1.5929515361785889
lerobot\src\lerobot\policies\evo1\modeling_evo1.py,40.139095306396484,23.127248764038086,17.137676239013672,82.47234344482422,32.53432083129883,policies,82.47234344482422
lerobot\src\lerobot\configs\default.py,62.00481414794922,19.580066680908203,7.759153366088867,4.608565330505371,16.887601852416992,configs,62.00481414794922
lerobot\tests\rl\test_sac_algorithm.py,33.8702507019043,99.41230773925781,8.983356475830078,23.334768295288086,16.806121826171875,datasets,99.41230773925781
lerobot\tests\training\test_visual_validation.py,28.71036720275879,116.68325805664062,7.587843894958496,18.291606903076172,13.849194526672363,datasets,116.68325805664062
lerobot\tests\mocks\mock_teleop.py,18.535314559936523,3.0,0.6230366826057434,1.8703935146331787,0.8336952924728394,configs,18.535314559936523
lerobot\src\lerobot\utils\rerun_visualization.py,1.3553434610366821,12.227100372314453,0.3711104989051819,3.1102709770202637,10.822951316833496,datasets,12.227100372314453
lerobot\src\lerobot\utils\hub.py,28.696245193481445,11.930145263671875,6.322433948516846,24.10327911376953,16.20787239074707,configs,28.696245193481445
lerobot\src\lerobot\policies\smolvla\smolvlm_with_expert.py,28.017169952392578,21.042512893676758,3.2994165420532227,75.76712036132812,22.60976791381836,policies,75.76712036132812
lerobot\tests\optim\test_schedulers.py,22.874160766601562,5.475086212158203,5.377852916717529,3.967617988586426,11.83314037322998,configs,22.874160766601562
lerobot\examples\tutorial\act\act_training_example.py,12.805737495422363,52.59951400756836,9.792701721191406,20.503925323486328,16.297889709472656,datasets,52.59951400756836
lerobot\src\lerobot\policies\eo1\modeling_eo1.py,29.576030731201172,20.196758270263672,6.38661527633667,69.30650329589844,20.403779983520508,policies,69.30650329589844
lerobot\src\lerobot\cameras\realsense\camera_realsense.py,37.16044998168945,24.30482292175293,10.035676956176758,8.708187103271484,17.174327850341797,configs,37.16044998168945
lerobot\src\lerobot\configs\video.py,75.09356689453125,43.61396408081055,5.620031356811523,9.097260475158691,14.035985946655273,configs,75.09356689453125
lerobot\tests\utils\test_process.py,0.9577836990356445,100.06645965576172,4.488198280334473,0.0,5.494605541229248,datasets,100.06645965576172
lerobot\tests\scripts\test_train_remote_dispatch.py,6.551050662994385,105.95933532714844,3.5629754066467285,19.8306941986084,6.7411017417907715,datasets,105.95933532714844
lerobot\src\lerobot\teleoperators\bi_openarm_mini\__init__.py,0.3336237370967865,0.0,0.3336237370967865,0.0,0.3336237370967865,configs,0.3336237370967865
lerobot\src\lerobot\policies\wall_x\configuration_wall_x.py,35.456302642822266,15.785463333129883,8.233872413635254,105.17449188232422,7.933300018310547,policies,105.17449188232422
lerobot\src\lerobot\rollout\strategies\sentry.py,32.342708587646484,60.957698822021484,12.056475639343262,18.667858123779297,31.761219024658203,datasets,60.957698822021484
lerobot\tests\rewards\__init__.py,0.0,0.0,0.6015936732292175,0.0,0.0,environments,0.6015936732292175
lerobot\src\lerobot\rewards\sarm\__init__.py,0.837745189666748,1.4778647422790527,0.837745189666748,0.5046596527099609,1.342404842376709,datasets,1.4778647422790527
lerobot\tests\jobs\test_dataset.py,1.9882115125656128,119.79901123046875,2.319394111633301,1.1682491302490234,12.866730690002441,datasets,119.79901123046875
lerobot\src\lerobot\cameras\reachy2_camera\configuration_reachy2_camera.py,11.544878005981445,7.032184600830078,3.8891470432281494,2.5059897899627686,6.1135687828063965,configs,11.544878005981445
lerobot\src\lerobot\scripts\lerobot_record.py,31.438344955444336,61.27516555786133,90.36970520019531,23.445165634155273,27.964540481567383,environments,90.36970520019531
lerobot\src\lerobot\policies\wall_x\qwen_model\configuration_qwen2_5_vl.py,90.51347351074219,8.62640380859375,3.598421812057495,79.50849151611328,10.9033842086792,configs,90.51347351074219
lerobot\src\lerobot\robots\unitree_g1\g1_utils.py,0.6019856929779053,2.164088010787964,1.1808985471725464,2.378981590270996,4.139636516571045,utilities,4.139636516571045
lerobot\src\lerobot\scripts\lerobot_rollout.py,4.114084243774414,9.628689765930176,5.578646659851074,5.773284435272217,6.912878036499023,datasets,9.628689765930176
lerobot\tests\datasets\test_dataset_tools.py,9.20625114440918,168.12437438964844,11.687812805175781,6.808740615844727,28.25440788269043,datasets,168.12437438964844
lerobot\tests\policies\lingbot_va\test_factory.py,22.586463928222656,0.46628862619400024,5.554515361785889,89.14752197265625,3.8338418006896973,policies,89.14752197265625
lerobot\tests\processor\test_act_processor.py,27.38836097717285,27.101280212402344,4.814850330352783,22.634408950805664,6.640296459197998,configs,27.38836097717285
lerobot\src\lerobot\configs\__init__.py,73.49686431884766,8.453298568725586,2.0,9.808494567871094,3.0141961574554443,configs,73.49686431884766
lerobot\src\lerobot\policies\pi0\__init__.py,0.837745189666748,1.4778647422790527,0.837745189666748,81.41706848144531,3.513899326324463,policies,81.41706848144531
lerobot\src\lerobot\policies\rtc\latency_tracker.py,1.0010666847229004,0.0,0.6773645877838135,77.45256805419922,2.8051905632019043,policies,77.45256805419922
lerobot\src\lerobot\rl\trainer.py,3.0267369747161865,6.534813404083252,3.80145001411438,0.36863380670547485,5.184577941894531,datasets,6.534813404083252
lerobot\tests\utils\test_sample_weighting.py,30.218856811523438,47.4310417175293,6.848367691040039,26.133678436279297,7.278581142425537,datasets,47.4310417175293
lerobot\src\lerobot\rl\crop_dataset_roi.py,30.27802085876465,59.4454345703125,6.850765705108643,2.933049440383911,15.802628517150879,datasets,59.4454345703125
lerobot\tests\annotations\test_vlm_client.py,2.566570997238159,107.78732299804688,1.7488288879394531,6.264127254486084,6.638469696044922,datasets,107.78732299804688
lerobot\src\lerobot\rollout\inference\base.py,2.732271671295166,5.364846706390381,1.3566293716430664,2.252798557281494,3.181544542312622,datasets,5.364846706390381
lerobot\tests\async_inference\test_policy_server.py,28.284263610839844,3.7861721515655518,96.82938385009766,24.58433723449707,12.015691757202148,environments,96.82938385009766
lerobot\tests\policies\rtc\test_action_queue.py,29.009428024291992,6.0577712059021,5.797013759613037,58.57603454589844,10.91358470916748,policies,58.57603454589844
lerobot\tests\processor\test_pipeline.py,88.90473175048828,107.24362182617188,15.124815940856934,30.87759780883789,28.22372817993164,datasets,107.24362182617188
lerobot\tests\processor\test_batch_conversion.py,0.0,8.977469444274902,0.6979832053184509,7.895527362823486,0.3631441593170166,datasets,8.977469444274902
lerobot\tests\policies\pi0_pi05\utils\openpi_parity.py,13.30526065826416,54.866451263427734,11.172064781188965,89.8372802734375,14.555492401123047,policies,89.8372802734375
lerobot\src\lerobot\cameras\configs.py,53.91223907470703,5.043703079223633,2.043703317642212,5.539978981018066,8.892467498779297,configs,53.91223907470703
lerobot\src\lerobot\teleoperators\gamepad\configuration_gamepad.py,11.33691692352295,4.8885579109191895,1.96162748336792,0.0,0.0,configs,11.33691692352295
lerobot\tests\policies\groot\test_groot_state_dropout.py,16.879064559936523,6.318657875061035,5.834399223327637,73.82890319824219,7.888378143310547,policies,73.82890319824219
lerobot\src\lerobot\scripts\lerobot_teleoperate.py,21.264795303344727,11.924826622009277,4.853026866912842,7.580416202545166,9.74940013885498,configs,21.264795303344727
lerobot\tests\policies\vla_jepa\test_configuration.py,32.07167053222656,7.648189067840576,3.9076945781707764,78.7542953491211,4.978710651397705,policies,78.7542953491211
lerobot\tests\policies\evo1\test_evo1.py,34.99997329711914,48.17435073852539,14.457324981689453,82.2423095703125,26.785953521728516,policies,82.2423095703125
lerobot\tests\rewards\test_sarm_utils.py,2.25356125831604,7.838342189788818,2.3629698753356934,16.667654037475586,6.73280143737793,policies,16.667654037475586
lerobot\tests\utils\test_encoding_utils.py,4.771269798278809,4.448148250579834,3.6759588718414307,5.3437395095825195,7.255856037139893,utilities,7.255856037139893
lerobot\src\lerobot\robots\unitree_g1\config_unitree_g1.py,16.966785430908203,4.903838634490967,5.380139350891113,3.0389387607574463,6.457712650299072,configs,16.966785430908203
lerobot\tests\teleoperators\test_unitree_g1_teleoperator.py,20.322267532348633,15.134206771850586,2.08313250541687,7.538719177246094,14.435254096984863,configs,20.322267532348633
lerobot\tests\policies\test_sarm_subtask_annotations.py,0.3696002662181854,1.414103627204895,0.9008374214172363,71.40301513671875,3.559154510498047,policies,71.40301513671875
lerobot\tests\datasets\test_depth.py,4.894354820251465,115.03512573242188,5.903707981109619,7.687889099121094,11.190873146057129,datasets,115.03512573242188
lerobot\src\lerobot\scripts\lerobot_train.py,79.54083251953125,125.41678619384766,60.73066711425781,90.16465759277344,34.35476303100586,datasets,125.41678619384766
lerobot\src\lerobot\utils\logging_utils.py,2.329160451889038,8.263477325439453,2.375247001647949,2.6296234130859375,9.379196166992188,utilities,9.379196166992188
lerobot\src\lerobot\robots\unitree_g1\gr00t_locomotion.py,9.201393127441406,8.009923934936523,3.369130849838257,100.1209716796875,13.372084617614746,policies,100.1209716796875
lerobot\tests\policies\groot\utils\dump_original_n1_7.py,86.15827178955078,28.824756622314453,10.505274772644043,96.49861145019531,17.863309860229492,policies,96.49861145019531
lerobot\src\lerobot\annotations\steerable_pipeline\prompts\__init__.py,2.1768972873687744,6.772862434387207,1.0884486436843872,1.0884486436843872,4.0802388191223145,datasets,6.772862434387207
lerobot\src\lerobot\optim\factory.py,24.14706039428711,4.185006618499756,9.81700611114502,16.66459846496582,9.590601921081543,configs,24.14706039428711
lerobot\tests\policies\pi0_pi05\test_pi05_original_vs_lerobot.py,26.887502670288086,50.563697814941406,5.706238269805908,93.47014617919922,10.637202262878418,policies,93.47014617919922
lerobot\src\lerobot\teleoperators\openarm_mini\__init__.py,0.3336237370967865,0.0,0.3336237370967865,0.0,0.3336237370967865,configs,0.3336237370967865
lerobot\src\lerobot\policies\act\modeling_act.py,29.704143524169922,17.86881446838379,7.885669231414795,74.04276275634766,23.126611709594727,policies,74.04276275634766
lerobot\tests\rewards\test_topreward_processor.py,23.203813552856445,16.83624839782715,7.651730537414551,9.136214256286621,12.580814361572266,configs,23.203813552856445
lerobot\examples\isaac_teleop_to_so101\isaac_teleop\config_isaac_teleop.py,16.51103973388672,8.654616355895996,3.852656364440918,2.6381757259368896,10.661092758178711,configs,16.51103973388672
lerobot\examples\isaac_teleop_to_so101\isaac_teleop\teleop_so101_leader_arm.py,21.802860260009766,2.4442477226257324,6.682855129241943,1.9630658626556396,8.076557159423828,configs,21.802860260009766
lerobot\tests\mocks\mock_robot.py,74.03662872314453,6.494828224182129,4.796109676361084,9.629616737365723,6.639537811279297,configs,74.03662872314453
lerobot\src\lerobot\rollout\inference\sync.py,22.319303512573242,43.91444778442383,4.902236461639404,21.930620193481445,4.757834434509277,datasets,43.91444778442383
lerobot\src\lerobot\envs\robotwin.py,84.07384490966797,35.3150634765625,14.53531265258789,23.737611770629883,33.036617279052734,configs,84.07384490966797
lerobot\tests\artifacts\image_transforms\save_image_transforms_to_safetensors.py,23.72746467590332,48.32915496826172,5.025692939758301,1.5639595985412598,10.696304321289062,datasets,48.32915496826172
lerobot\src\lerobot\teleoperators\so_leader\__init__.py,0.0,0.0,0.0,0.0,0.448917955160141,utilities,0.448917955160141
lerobot\src\lerobot\cameras\opencv\configuration_opencv.py,14.176098823547363,9.64409351348877,3.725285768508911,2.8382134437561035,8.043905258178711,configs,14.176098823547363
lerobot\src\lerobot\rewards\sarm\processor_sarm.py,33.64866638183594,61.70498275756836,8.30196762084961,33.73625564575195,17.188936233520508,datasets,61.70498275756836
lerobot\src\lerobot\motors\encoding_utils.py,3.727830171585083,2.976940393447876,3.2451672554016113,4.812209129333496,5.878966808319092,utilities,5.878966808319092
lerobot\examples\annotations\run_hf_job.py,7.278505325317383,80.60253143310547,2.504037380218506,7.583742141723633,16.23554801940918,datasets,80.60253143310547
lerobot\src\lerobot\robots\omx_follower\omx_follower.py,85.89691925048828,11.578482627868652,10.903128623962402,8.292182922363281,19.326997756958008,configs,85.89691925048828
lerobot\tests\policies\test_policies.py,37.816280364990234,124.51360321044922,18.666488647460938,121.5574722290039,36.497222900390625,datasets,124.51360321044922
lerobot\src\lerobot\scripts\lerobot_imgtransform_viz.py,22.83621597290039,47.261905670166016,3.335283041000366,3.5080409049987793,8.623892784118652,datasets,47.261905670166016
lerobot\src\lerobot\transport\utils.py,18.477153778076172,10.031596183776855,1.3986375331878662,2.1742637157440186,8.179901123046875,configs,18.477153778076172
lerobot\src\lerobot\policies\xvla\modeling_florence2.py,40.60087966918945,28.311511993408203,12.144689559936523,64.52323150634766,38.88473892211914,policies,64.52323150634766
lerobot\src\lerobot\async_inference\helpers.py,14.154790878295898,49.70491027832031,82.18769073486328,28.337636947631836,23.82597541809082,environments,82.18769073486328
lerobot\tests\utils\test_foxglove_visualization.py,1.9960408210754395,9.852142333984375,72.44649505615234,1.0,6.129471778869629,environments,72.44649505615234
lerobot\tests\policies\rtc\test_debug_tracker.py,10.849828720092773,7.715860843658447,5.764919281005859,61.42678451538086,18.05585289001465,policies,61.42678451538086
lerobot\tests\policies\pi0_pi05\openpi_pytorch\gemma_pytorch.py,31.50576400756836,19.77027702331543,5.111806392669678,80.95877838134766,16.503562927246094,policies,80.95877838134766
lerobot\tests\scripts\test_lerobot_annotate.py,0.8395911455154419,114.06684112548828,1.029574990272522,0.0,6.394922256469727,datasets,114.06684112548828
lerobot\src\lerobot\policies\fastwam\wan\components.py,27.0755672454834,17.218626022338867,4.360940456390381,87.4512939453125,22.3685245513916,policies,87.4512939453125
lerobot\examples\training\train_policy.py,12.036442756652832,48.28251647949219,9.021604537963867,22.642290115356445,13.26857852935791,datasets,48.28251647949219
lerobot\src\lerobot\robots\earthrover_mini_plus\__init__.py,0.3336237370967865,0.0,1.1692205667495728,0.0,0.3336237370967865,environments,1.1692205667495728
lerobot\src\lerobot\policies\rtc\relative.py,6.466914653778076,0.0,3.585286855697632,93.77330780029297,3.5028703212738037,policies,93.77330780029297
lerobot\src\lerobot\utils\foxglove_visualization.py,13.263008117675781,55.786502838134766,5.4848833084106445,5.650077819824219,19.662399291992188,datasets,55.786502838134766
lerobot\src\lerobot\teleoperators\keyboard\configuration_keyboard.py,13.678454399108887,6.963338375091553,4.476230621337891,2.0989017486572266,4.666755676269531,configs,13.678454399108887
lerobot\tests\async_inference\test_robot_client.py,26.723384857177734,102.23519134521484,4.772958755493164,17.74832534790039,11.249004364013672,datasets,102.23519134521484
lerobot\src\lerobot\robots\lekiwi\lekiwi_client.py,34.944881439208984,15.891624450683594,5.843994140625,5.9087910652160645,14.164658546447754,configs,34.944881439208984
lerobot\src\lerobot\robots\earthrover_mini_plus\config_earthrover_mini_plus.py,16.341659545898438,3.0,1.1938294172286987,0.0,0.8218377828598022,configs,16.341659545898438
lerobot\examples\so100_to_so100_EE\replay.py,18.35608673095703,43.440799713134766,3.435431718826294,2.0069713592529297,7.151928424835205,datasets,43.440799713134766
lerobot\src\lerobot\envs\configs.py,54.31782913208008,48.50996017456055,92.97186279296875,18.3230037689209,25.81707763671875,environments,92.97186279296875
lerobot\src\lerobot\policies\gaussian_actor\configuration_gaussian_actor.py,34.868621826171875,47.7517204284668,11.743924140930176,95.44426727294922,16.167463302612305,policies,95.44426727294922
lerobot\src\lerobot\policies\groot\processor_groot.py,99.260986328125,123.68267059326172,36.14076232910156,78.22989654541016,41.860748291015625,datasets,123.68267059326172
lerobot\tests\datasets\test_image_writer.py,6.312748432159424,126.85289764404297,6.559426307678223,5.7381086349487305,18.50250816345215,datasets,126.85289764404297
lerobot\src\lerobot\async_inference\constants.py,0.7138457298278809,0.7138457298278809,3.61991810798645,92.73667907714844,9.817456245422363,policies,92.73667907714844
lerobot\src\lerobot\policies\vqbet\__init__.py,0.837745189666748,1.4778647422790527,0.837745189666748,81.65482330322266,3.513899326324463,policies,81.65482330322266
lerobot\src\lerobot\transport\__init__.py,0.0,0.0,0.0,0.0,2.689246654510498,utilities,2.689246654510498
lerobot\src\lerobot\robots\unitree_g1\__init__.py,0.0,0.0,0.8360471129417419,0.0,0.0,environments,0.8360471129417419
lerobot\src\lerobot\rewards\sarm\modeling_sarm.py,29.88963508605957,57.872928619384766,5.351384162902832,14.31017780303955,19.509769439697266,datasets,57.872928619384766
lerobot\src\lerobot\motors\feetech\tables.py,1.0645639896392822,4.748136520385742,4.660004138946533,12.372835159301758,5.0477824211120605,policies,12.372835159301758
lerobot\tests\envs\test_dispatch.py,26.363197326660156,12.541823387145996,9.151093482971191,18.73477554321289,15.238330841064453,configs,26.363197326660156
lerobot\tests\robots\test_reachy2.py,22.362899780273438,9.30921745300293,4.0883049964904785,3.8617117404937744,6.9424920082092285,configs,22.362899780273438
lerobot\src\lerobot\policies\smolvla\configuration_smolvla.py,33.76628112792969,19.42072105407715,7.3272175788879395,99.84335327148438,13.7464599609375,policies,99.84335327148438
lerobot\tests\utils.py,8.048070907592773,4.159671783447266,1.2671030759811401,7.035922050476074,11.728920936584473,utilities,11.728920936584473
lerobot\src\lerobot\rewards\classifier\configuration_classifier.py,15.865349769592285,14.139900207519531,7.093623638153076,13.25586223602295,7.800666809082031,configs,15.865349769592285
lerobot\tests\policies\rtc\test_configuration_rtc.py,28.62629508972168,0.0,2.4723503589630127,72.62278747558594,2.7529139518737793,policies,72.62278747558594
lerobot\tests\annotations\__init__.py,0.0,0.0,0.6799352169036865,0.0,0.0,environments,0.6799352169036865
lerobot\src\lerobot\datasets\pipeline_features.py,0.35413506627082825,113.67108154296875,0.0,1.3702888488769531,3.1433048248291016,datasets,113.67108154296875
lerobot\src\lerobot\types.py,3.431602716445923,6.716255187988281,1.0,8.382306098937988,0.38230639696121216,policies,8.382306098937988
lerobot\src\lerobot\robots\hope_jr\hope_jr_arm.py,73.57398986816406,9.07805061340332,6.151734352111816,5.44061279296875,14.880722999572754,configs,73.57398986816406
lerobot\src\lerobot\processor\gym_action_processor.py,9.091893196105957,12.404459953308105,1.0,8.0,5.581303596496582,datasets,12.404459953308105
lerobot\src\lerobot\policies\gaussian_actor\processor_gaussian_actor.py,24.24498176574707,39.49576187133789,4.379640102386475,100.92001342773438,5.388385772705078,policies,100.92001342773438
lerobot\tests\processor\test_smolvla_processor.py,26.876554489135742,31.706523895263672,10.269283294677734,102.9795150756836,7.606592655181885,policies,102.9795150756836
lerobot\examples\isaac_teleop_to_so101\isaac_teleop\base.py,27.6326961517334,8.961216926574707,9.692500114440918,5.724360942840576,24.462177276611328,configs,27.6326961517334
lerobot\src\lerobot\annotations\steerable_pipeline\modules\interjections_and_speech.py,20.564754486083984,16.90245819091797,7.592781066894531,2.6951022148132324,13.90231704711914,configs,20.564754486083984
lerobot\src\lerobot\teleoperators\bi_so_leader\config_bi_so_leader.py,17.643962860107422,3.0,0.0,0.36725732684135437,0.9851489663124084,configs,17.643962860107422
lerobot\src\lerobot\policies\fastwam\processor_fastwam.py,26.614307403564453,38.918113708496094,4.800823211669922,99.72687530517578,9.279857635498047,policies,99.72687530517578
lerobot\src\lerobot\teleoperators\__init__.py,16.438743591308594,0.4690499007701874,0.33344414830207825,0.0,0.793595552444458,configs,16.438743591308594
lerobot\src\lerobot\robots\reachy2\__init__.py,0.0,0.0,0.8218734264373779,0.3811095952987671,0.0,environments,0.8218734264373779
lerobot\src\lerobot\policies\evo1\flow_matching.py,7.484009265899658,14.14838981628418,4.797884464263916,63.43053436279297,19.774456024169922,policies,63.43053436279297
lerobot\tests\processor\test_tokenizer_processor.py,35.5877571105957,11.59869384765625,14.711133003234863,17.82852554321289,22.39041519165039,configs,35.5877571105957
lerobot\examples\tutorial\smolvla\using_smolvla_example.py,20.38042640686035,41.26585388183594,4.838624477386475,8.444612503051758,6.658690452575684,datasets,41.26585388183594
lerobot\src\lerobot\datasets\utils.py,84.53400421142578,145.4051055908203,18.161802291870117,9.896041870117188,41.93609619140625,datasets,145.4051055908203
lerobot\src\lerobot\utils\rotation.py,4.941810131072998,2.267486095428467,0.0,0.2623835802078247,3.0792667865753174,configs,4.941810131072998
lerobot\src\lerobot\policies\vla_jepa\world_model.py,10.990592956542969,15.564530372619629,5.1780104637146,69.6495590209961,17.792036056518555,policies,69.6495590209961
lerobot\src\lerobot\rewards\topreward\compute_rabc_weights.py,38.75322723388672,131.6923370361328,8.701591491699219,24.832805633544922,31.51917266845703,datasets,131.6923370361328
lerobot\src\lerobot\policies\fastwam\wan\__init__.py,1.4307265281677246,2.215106725692749,0.0,78.6806869506836,3.5885233879089355,policies,78.6806869506836
lerobot\src\lerobot\policies\rtc\action_interpolator.py,0.0,0.0,0.0,79.28750610351562,2.1746530532836914,policies,79.28750610351562
lerobot\src\lerobot\policies\fastwam\wan\video_dit.py,14.1246337890625,31.310686111450195,12.31992244720459,66.91903686523438,34.867530822753906,policies,66.91903686523438
lerobot\src\lerobot\utils\device_utils.py,6.229405403137207,2.4657137393951416,7.878023147583008,3.2090909481048584,9.098777770996094,utilities,9.098777770996094
lerobot\src\lerobot\jobs\hf.py,35.438968658447266,54.48457717895508,15.868475914001465,27.372859954833984,29.598926544189453,datasets,54.48457717895508
lerobot\src\lerobot\policies\pi_gemma.py,29.692569732666016,6.23030948638916,3.2230944633483887,74.75972747802734,11.406981468200684,policies,74.75972747802734
lerobot\src\lerobot\rewards\robometer\processor_robometer.py,35.45078659057617,50.7845344543457,8.60382080078125,32.82696533203125,16.979623794555664,datasets,50.7845344543457
lerobot\src\lerobot\robots\bi_rebot_b601_follower\bi_rebot_b601_follower.py,19.98164176940918,1.3581712245941162,2.1502816677093506,5.5370707511901855,8.233368873596191,configs,19.98164176940918
lerobot\src\lerobot\policies\pi05\modeling_pi05.py,41.58844757080078,45.926292419433594,14.795955657958984,76.24798583984375,43.29837417602539,policies,76.24798583984375
lerobot\src\lerobot\annotations\steerable_pipeline\executor.py,26.312349319458008,15.560741424560547,4.643717288970947,5.281749725341797,19.26922607421875,configs,26.312349319458008
lerobot\tests\configs\test_recipe.py,57.157779693603516,6.480286121368408,5.929657936096191,1.0,10.791423797607422,configs,57.157779693603516
lerobot\tests\jobs\conftest.py,0.0,0.0,0.6799352169036865,0.0,0.0,environments,0.6799352169036865
lerobot\src\lerobot\policies\fastwam\configuration_fastwam.py,40.127193450927734,56.60652160644531,11.01826000213623,96.14553833007812,17.246965408325195,policies,96.14553833007812
lerobot\src\lerobot\model\kinematics.py,3.1523590087890625,5.632835388183594,4.21845817565918,6.860586643218994,16.379968643188477,utilities,16.379968643188477
lerobot\tests\optim\test_optimizers.py,29.906408309936523,6.803313255310059,5.542975425720215,8.786954879760742,7.130585670471191,configs,29.906408309936523
lerobot\src\lerobot\motors\dynamixel\dynamixel.py,5.914117336273193,14.993265151977539,4.2056684494018555,20.05327033996582,22.199962615966797,utilities,22.199962615966797
lerobot\src\lerobot\policies\vqbet\processor_vqbet.py,24.24498176574707,39.49576187133789,3.419193983078003,103.53491973876953,5.388385772705078,policies,103.53491973876953
lerobot\tests\robots\test_so100_follower.py,0.719694972038269,4.116722106933594,2.707192897796631,1.0,2.2300004959106445,datasets,4.116722106933594
lerobot\src\lerobot\rewards\pretrained.py,36.0671501159668,124.20256805419922,18.770854949951172,18.602130889892578,31.412893295288086,datasets,124.20256805419922
lerobot\src\lerobot\policies\gaussian_actor\__init__.py,0.8368450403213501,1.4762768745422363,1.7940614223480225,80.00113677978516,3.5111982822418213,policies,80.00113677978516
lerobot\tests\artifacts\policies\save_policy_to_safetensors.py,24.8887939453125,59.09130096435547,11.30419635772705,105.50007629394531,22.35928726196289,policies,105.50007629394531
lerobot\tests\rewards\test_sarm_processor.py,22.40521812438965,57.425567626953125,2.382591485977173,13.176748275756836,8.686208724975586,datasets,57.425567626953125
lerobot\src\lerobot\optim\__init__.py,0.0,0.792858898639679,0.0,0.0,0.0,datasets,0.792858898639679
lerobot\src\lerobot\rewards\__init__.py,18.497047424316406,2.4397358894348145,0.9290672540664673,6.216945648193359,1.9820950031280518,configs,18.497047424316406
lerobot\tests\datasets\test_video_decoder_cache.py,6.031252861022949,107.93316650390625,2.3297953605651855,1.1344614028930664,9.907026290893555,datasets,107.93316650390625
lerobot\src\lerobot\teleoperators\bi_rebot_102_leader\bi_rebot_102_leader.py,19.895360946655273,1.735564112663269,0.0,8.397623062133789,4.883209228515625,configs,19.895360946655273
lerobot\src\lerobot\datasets\streaming_dataset.py,65.37287902832031,130.82765197753906,9.87919807434082,6.032464027404785,27.690366744995117,datasets,130.82765197753906
lerobot\examples\tutorial\rl\hilserl_example.py,30.80573081970215,53.559322357177734,11.764140129089355,21.497785568237305,17.33323860168457,datasets,53.559322357177734
lerobot\src\lerobot\policies\pi0_fast\processor_pi0_fast.py,26.321170806884766,43.21076965332031,7.472253799438477,101.7172622680664,6.47881555557251,policies,101.7172622680664
lerobot\src\lerobot\jobs\__init__.py,0.0,106.09610748291016,0.0,0.0,5.478354454040527,datasets,106.09610748291016
lerobot\examples\isaac_teleop_to_so101\isaac_teleop\__init__.py,0.0,0.0,0.6621633768081665,1.0,0.39697232842445374,policies,1.0
lerobot\tests\teleoperators\test_reachy2_teleoperator.py,17.842226028442383,3.42185378074646,2.1536359786987305,3.5174100399017334,5.6455397605896,configs,17.842226028442383
lerobot\tests\processor\test_pi0_processor.py,24.38121795654297,48.137298583984375,3.783860445022583,18.51435661315918,7.503393173217773,datasets,48.137298583984375
lerobot\src\lerobot\teleoperators\reachy2_teleoperator\reachy2_teleoperator.py,21.395532608032227,8.951090812683105,1.5708059072494507,4.278964519500732,11.535675048828125,configs,21.395532608032227
lerobot\src\lerobot\rl\algorithms\configs.py,86.93775939941406,22.455812454223633,15.47130298614502,34.67493438720703,25.255340576171875,configs,86.93775939941406
lerobot\src\lerobot\teleoperators\unitree_g1\config_unitree_g1.py,19.45517921447754,6.205193042755127,3.5158538818359375,1.298846960067749,3.6081042289733887,configs,19.45517921447754
lerobot\src\lerobot\policies\multi_task_dit\modeling_multi_task_dit.py,32.9240837097168,30.451358795166016,8.814631462097168,66.91222381591797,27.223485946655273,policies,66.91222381591797
lerobot\src\lerobot\processor\delta_action_processor.py,5.050869464874268,7.195766448974609,4.36513090133667,8.0,7.000361442565918,policies,8.0
lerobot\tests\utils\test_visualization_utils.py,0.29099321365356445,5.376706123352051,0.8821294903755188,5.054649353027344,1.2868125438690186,datasets,5.376706123352051
lerobot\src\lerobot\policies\vqbet\vqbet_utils.py,34.59001159667969,32.117549896240234,41.646060943603516,64.0714340209961,33.996028900146484,policies,64.0714340209961
lerobot\src\lerobot\policies\molmoact2\molmoact2_hf_model\action_tokenizer.py,23.93368911743164,13.203035354614258,3.802584409713745,77.20242309570312,14.838115692138672,policies,77.20242309570312
lerobot\src\lerobot\robots\lekiwi\lekiwi.py,76.0710220336914,16.951753616333008,12.275175094604492,12.405848503112793,27.394508361816406,configs,76.0710220336914
lerobot\examples\training\train_with_streaming.py,12.112458229064941,46.6803092956543,10.05077838897705,19.398717880249023,13.730804443359375,datasets,46.6803092956543
lerobot\src\lerobot\scripts\lerobot_dataset_viz.py,19.317230224609375,65.84689331054688,14.795295715332031,18.29143524169922,35.98311233520508,datasets,65.84689331054688
lerobot\src\lerobot\teleoperators\reachy2_teleoperator\__init__.py,0.0,0.0,0.0,0.3811095952987671,0.0,policies,0.3811095952987671
lerobot\src\lerobot\utils\import_utils.py,27.75476837158203,80.41008758544922,7.394722938537598,21.702381134033203,24.08772087097168,datasets,80.41008758544922
lerobot\examples\dataset\slurm_compute_rabc.py,43.68843460083008,127.77371215820312,12.310216903686523,18.67584991455078,43.475337982177734,datasets,127.77371215820312
lerobot\src\lerobot\policies\fastwam\wan\model.py,5.314372539520264,12.234329223632812,2.3712215423583984,75.7931137084961,16.11313247680664,policies,75.7931137084961
lerobot\src\lerobot\datasets\dataset_metadata.py,29.783191680908203,134.52020263671875,11.590182304382324,14.409601211547852,30.538616180419922,datasets,134.52020263671875
lerobot\src\lerobot\policies\multi_task_dit\configuration_multi_task_dit.py,19.127643585205078,22.041305541992188,6.956482410430908,83.34803771972656,16.081802368164062,policies,83.34803771972656
lerobot\tests\test_cli_peft.py,33.388736724853516,46.56452941894531,9.997130393981934,27.4842586517334,24.49740219116211,datasets,46.56452941894531
lerobot\src\lerobot\robots\unitree_g1\unitree_g1.py,72.42445373535156,16.72633934020996,13.617551803588867,6.974275588989258,24.358400344848633,configs,72.42445373535156
lerobot\src\lerobot\policies\pi0\configuration_pi0.py,31.890243530273438,19.23344612121582,7.123081684112549,94.91169738769531,9.95536994934082,policies,94.91169738769531
lerobot\tests\cameras\test_reachy2_camera.py,19.83530044555664,6.764559268951416,1.0666325092315674,3.6722326278686523,4.8983588218688965,configs,19.83530044555664
lerobot\examples\isaac_teleop_to_so101\__init__.py,0.0,0.0,0.0,0.0,0.3996257185935974,utilities,0.3996257185935974
lerobot\src\lerobot\common\control_utils.py,11.130345344543457,50.40468215942383,12.138052940368652,23.91739273071289,23.784820556640625,datasets,50.40468215942383
lerobot\src\lerobot\rl\data_sources\__init__.py,0.0,6.724893569946289,0.0,0.0,0.0,datasets,6.724893569946289
lerobot\src\lerobot\policies\vla_jepa\configuration_vla_jepa.py,22.26278305053711,20.875436782836914,10.118387222290039,105.91130828857422,12.953327178955078,policies,105.91130828857422
lerobot\src\lerobot\rewards\classifier\modeling_classifier.py,22.750106811523438,13.22425365447998,3.667067527770996,17.08496856689453,12.690596580505371,configs,22.750106811523438
lerobot\src\lerobot\processor\pipeline.py,44.54906463623047,36.34894943237305,15.771690368652344,32.649898529052734,26.386009216308594,configs,44.54906463623047
lerobot\examples\isaac_teleop_to_so101\isaac_teleop\clutch.py,2.8449127674102783,2.7947494983673096,0.8469354510307312,0.8469354510307312,3.692748546600342,utilities,3.692748546600342
lerobot\examples\port_datasets\slurm_aggregate_shards.py,9.348166465759277,112.71620178222656,7.730373859405518,3.476520538330078,21.317424774169922,datasets,112.71620178222656
lerobot\src\lerobot\annotations\steerable_pipeline\modules\__init__.py,0.0,0.0,0.0,0.7699788808822632,3.668633460998535,utilities,3.668633460998535
lerobot\src\lerobot\policies\fastwam\__init__.py,0.837745189666748,1.4778647422790527,0.837745189666748,78.678466796875,3.513899326324463,policies,78.678466796875
lerobot\src\lerobot\policies\tdmpc\configuration_tdmpc.py,17.687135696411133,15.997501373291016,6.952573299407959,88.7933349609375,13.216300964355469,policies,88.7933349609375
lerobot\examples\port_datasets\port_droid.py,18.814002990722656,132.4351043701172,9.563998222351074,12.976880073547363,37.381473541259766,datasets,132.4351043701172
lerobot\tests\policies\molmoact2\test_molmoact2.py,42.00355529785156,49.199317932128906,14.254616737365723,86.17916870117188,34.75421142578125,policies,86.17916870117188
lerobot\src\lerobot\policies\act\configuration_act.py,19.071075439453125,17.609933853149414,90.92172241210938,102.78756713867188,15.165459632873535,policies,102.78756713867188
lerobot\src\lerobot\policies\rtc\__init__.py,0.0,0.0,0.0,79.12849426269531,2.1702358722686768,policies,79.12849426269531
lerobot\tests\policies\groot\test_groot_lerobot.py,27.97543716430664,42.90215301513672,11.087418556213379,96.15495300292969,13.426981925964355,policies,96.15495300292969
lerobot\tests\processor\test_pipeline_from_pretrained_helpers.py,37.41516876220703,22.277578353881836,5.173250198364258,10.54029655456543,17.780759811401367,configs,37.41516876220703
lerobot\src\lerobot\rl\algorithms\sac\sac_algorithm.py,30.380569458007812,18.194185256958008,6.8806586265563965,22.801942825317383,8.46264934539795,configs,30.380569458007812
lerobot\src\lerobot\policies\rtc\configuration_rtc.py,11.39013957977295,3.3141372203826904,2.1619045734405518,77.63909912109375,2.387540578842163,policies,77.63909912109375
lerobot\src\lerobot\robots\bi_so_follower\__init__.py,0.0,0.0,0.8355967998504639,0.0,0.4508523941040039,environments,0.8355967998504639
lerobot\src\lerobot\cameras\realsense\configuration_realsense.py,11.076868057250977,6.254924774169922,2.220635175704956,2.8680453300476074,0.6942791938781738,configs,11.076868057250977
lerobot\tests\policies\wall_x\test_wallx.py,27.438785552978516,47.331111907958984,8.005254745483398,87.74330139160156,10.504351615905762,policies,87.74330139160156
lerobot\src\lerobot\policies\rtc\action_queue.py,4.6579108238220215,4.175023078918457,1.271113395690918,76.27071380615234,7.773781776428223,policies,76.27071380615234
lerobot\src\lerobot\rewards\factory.py,33.90394973754883,46.24134063720703,6.67948579788208,31.434587478637695,9.974081993103027,datasets,46.24134063720703
lerobot\src\lerobot\teleoperators\bi_openarm_leader\bi_openarm_leader.py,30.050500869750977,9.575579643249512,3.524982452392578,2.789175510406494,7.983901023864746,configs,30.050500869750977
lerobot\tests\robots\test_rebot_b601_follower.py,17.142709732055664,4.542877674102783,3.1190052032470703,11.27158260345459,10.63385009765625,configs,17.142709732055664
lerobot\examples\phone_to_so100\replay.py,18.35608673095703,43.440799713134766,3.435431718826294,2.0069713592529297,7.151928424835205,datasets,43.440799713134766
lerobot\src\lerobot\rewards\sarm\sarm_utils.py,4.455047130584717,8.30502700805664,3.2971315383911133,1.972301959991455,8.719079971313477,utilities,8.719079971313477
lerobot\tests\fixtures\hub.py,9.356354713439941,133.24537658691406,12.440333366394043,4.538834095001221,20.172582626342773,datasets,133.24537658691406
lerobot\src\lerobot\robots\__init__.py,16.44759750366211,0.46930253505706787,1.97554349899292,0.0,0.7940230369567871,configs,16.44759750366211
lerobot\src\lerobot\policies\pi0_fast\modeling_pi0_fast.py,45.50071334838867,42.47957992553711,14.999167442321777,91.39387512207031,45.977420806884766,policies,91.39387512207031
lerobot\src\lerobot\cameras\opencv\camera_opencv.py,37.87275695800781,19.23221778869629,6.576588153839111,10.22636604309082,15.175753593444824,configs,37.87275695800781
lerobot\examples\so100_to_so100_EE\evaluate.py,27.55078887939453,57.23661804199219,91.58624267578125,26.354530334472656,17.28914451599121,environments,91.58624267578125
lerobot\tests\rewards\test_modeling_classifier.py,22.22606658935547,4.628600597381592,3.2283754348754883,14.32703971862793,5.659523963928223,configs,22.22606658935547
lerobot\src\lerobot\policies\lingbot_va\utils.py,24.519014358520508,25.778053283691406,11.017961502075195,63.46089553833008,33.30265426635742,policies,63.46089553833008
lerobot\tests\motors\test_dynamixel.py,1.49348783493042,9.159554481506348,2.675680160522461,18.344219207763672,12.465679168701172,policies,18.344219207763672
lerobot\src\lerobot\robots\omx_follower\__init__.py,0.0,0.0,0.8360471129417419,0.0,0.0,environments,0.8360471129417419
lerobot\examples\port_datasets\slurm_upload.py,20.088815689086914,131.4523468017578,13.310225486755371,14.21860408782959,32.908077239990234,datasets,131.4523468017578
lerobot\tests\jobs\test_job_config.py,23.522647857666016,43.03897476196289,3.3285913467407227,18.655420303344727,5.403281211853027,datasets,43.03897476196289
lerobot\tests\policies\pi0_pi05\openpi_pytorch\pi0_pytorch.py,26.77690887451172,15.295717239379883,7.223705768585205,73.9704818725586,16.18484115600586,policies,73.9704818725586
lerobot\src\lerobot\robots\so_follower\config_so_follower.py,17.684263229370117,6.5893988609313965,4.34927225112915,0.8588403463363647,4.058956623077393,configs,17.684263229370117
lerobot\src\lerobot\processor\env_processor.py,8.513981819152832,7.278456211090088,4.241841793060303,17.542911529541016,4.815526485443115,policies,17.542911529541016
lerobot\tests\utils\test_train_utils.py,26.61321449279785,11.180154800415039,7.864774703979492,23.847694396972656,14.509782791137695,configs,26.61321449279785
lerobot\src\lerobot\configs\train.py,96.80155181884766,63.802406311035156,18.998355865478516,38.36433029174805,33.82699203491211,configs,96.80155181884766
lerobot\src\lerobot\robots\openarm_follower\openarm_follower.py,92.84404754638672,25.317968368530273,11.396297454833984,7.273804664611816,24.893205642700195,configs,92.84404754638672
lerobot\src\lerobot\rl\train_rl.py,22.969697952270508,42.2320671081543,3.018326759338379,16.539127349853516,3.9836888313293457,datasets,42.2320671081543
lerobot\src\lerobot\rollout\strategies\highlight.py,31.63209342956543,58.458858489990234,12.41930866241455,18.02878189086914,30.373971939086914,datasets,58.458858489990234
lerobot\src\lerobot\policies\xvla\modeling_xvla.py,41.929752349853516,31.625911712646484,17.67298126220703,92.09156799316406,44.365631103515625,policies,92.09156799316406
lerobot\tests\async_inference\test_e2e.py,32.09526824951172,107.18462371826172,9.355731010437012,25.954349517822266,16.468273162841797,datasets,107.18462371826172
lerobot\src\lerobot\transforms\__init__.py,17.579029083251953,1.5015859603881836,0.35657376050949097,0.0,0.848643958568573,configs,17.579029083251953
lerobot\src\lerobot\envs\__init__.py,21.71162223815918,2.513101100921631,3.0993494987487793,16.141422271728516,2.819906234741211,configs,21.71162223815918
lerobot\src\lerobot\policies\molmoact2\processor_molmoact2.py,39.16926193237305,58.77297592163086,18.06569480895996,77.75601959228516,31.898853302001953,policies,77.75601959228516
lerobot\src\lerobot\rl\actor.py,32.74051284790039,48.87614822387695,9.89498233795166,28.569091796875,21.299583435058594,datasets,48.87614822387695
lerobot\tests\mocks\mock_motors_bus.py,2.4029674530029297,11.451672554016113,5.362460136413574,13.412251472473145,8.992012023925781,policies,13.412251472473145
lerobot\src\lerobot\scripts\augment_dataset_quantile_stats.py,11.199899673461914,64.315185546875,2.963902235031128,8.664743423461914,14.395988464355469,datasets,64.315185546875
lerobot\src\lerobot\datasets\io_utils.py,12.602986335754395,138.07406616210938,11.277335166931152,10.342719078063965,30.540916442871094,datasets,138.07406616210938
lerobot\tests\jobs\__init__.py,0.0,0.0,0.6799352169036865,0.0,0.0,environments,0.6799352169036865
lerobot\tests\datasets\test_image_transforms.py,30.24521255493164,104.7929916381836,13.2491455078125,6.312155723571777,22.649675369262695,datasets,104.7929916381836
lerobot\tests\policies\fastwam\test_fastwam_policy.py,35.75981521606445,56.979270935058594,12.144603729248047,98.63188171386719,23.523868560791016,policies,98.63188171386719
lerobot\tests\rl\test_queue.py,5.943111419677734,101.07609558105469,0.8428715467453003,0.0,5.667307376861572,datasets,101.07609558105469
lerobot\src\lerobot\teleoperators\gamepad\gamepad_utils.py,3.4480574131011963,13.696540832519531,67.33362579345703,6.626131057739258,13.514350891113281,environments,67.33362579345703
lerobot\examples\tutorial\async-inf\robot_client.py,9.685942649841309,4.687323093414307,6.647154331207275,18.965044021606445,8.325643539428711,policies,18.965044021606445
lerobot\src\lerobot\policies\lingbot_va\__init__.py,0.8368450403213501,1.4762768745422363,0.8368450403213501,78.63261413574219,3.5111982822418213,policies,78.63261413574219
lerobot\src\lerobot\motors\dynamixel\tables.py,2.025076389312744,1.9450538158416748,1.1515371799468994,18.679271697998047,8.201326370239258,policies,18.679271697998047
lerobot\tests\datasets\test_dataset_reader.py,5.18164587020874,134.07537841796875,6.061166286468506,2.792802095413208,14.280967712402344,datasets,134.07537841796875
lerobot\tests\utils\test_keyboard_input.py,11.920390129089355,4.717983245849609,7.452723026275635,1.3199944496154785,11.14128303527832,configs,11.920390129089355
lerobot\src\lerobot\robots\unitree_g1\g1_kinematics.py,14.764321327209473,14.764994621276855,5.073158264160156,12.314196586608887,9.971781730651855,datasets,14.764994621276855
lerobot\src\lerobot\robots\bi_openarm_follower\config_bi_openarm_follower.py,19.31540870666504,4.726771354675293,4.148466110229492,1.2289621829986572,5.134733200073242,configs,19.31540870666504
lerobot\src\lerobot\policies\xvla\__init__.py,0.0,0.0,0.0,78.15113830566406,2.1708648204803467,policies,78.15113830566406
lerobot\src\lerobot\rl\gym_manipulator.py,24.928987503051758,65.3255844116211,102.0900650024414,7.660887718200684,30.393890380859375,environments,102.0900650024414
lerobot\src\lerobot\datasets\sampler.py,4.533836841583252,109.13641357421875,2.1612966060638428,2.0745744705200195,11.517346382141113,datasets,109.13641357421875
lerobot\tests\policies\rtc\test_latency_tracker.py,1.6230610609054565,2.7036221027374268,2.0910680294036865,67.44414520263672,4.8043646812438965,policies,67.44414520263672
lerobot\tests\rewards\test_robometer_processor.py,23.672794342041016,16.281776428222656,8.264352798461914,23.040306091308594,14.828707695007324,configs,23.672794342041016
lerobot\src\lerobot\transforms\transforms.py,23.569358825683594,9.663834571838379,5.9291768074035645,1.94115149974823,6.8099589347839355,configs,23.569358825683594
lerobot\src\lerobot\policies\pi0\modeling_pi0.py,41.87008285522461,46.232513427734375,14.9672269821167,76.61180877685547,43.63018035888672,policies,76.61180877685547
