file_path,model,logic,cli,preferences,best_module,best_likelihood
buildSrc\src\copied\java\org\jabref\logic\journals\AbbreviationFormat.java,0.00,95.00,0.00,0.00,logic,95.00
buildSrc\src\copied\java\org\jabref\logic\journals\Abbreviation.java,0.00,95.00,0.00,0.00,logic,95.00
buildSrc\src\copied\java\org\jabref\logic\journals\AbbreviationParser.java,0.00,98.00,0.00,0.00,logic,98.00
buildSrc\src\copied\java\org\jabref\logic\journals\AbbreviationWriter.java,0.00,98.00,0.00,0.00,logic,98.00
buildSrc\src\copied\java\org\jabref\logic\journals\JournalAbbreviationLoader.java,0.00,95.00,0.00,0.00,logic,95.00
buildSrc\src\copied\java\org\jabref\logic\journals\JournalAbbreviationPreferences.java,5.00,95.00,2.00,30.00,logic,95.00
buildSrc\src\copied\java\org\jabref\logic\journals\JournalAbbreviationRepository.java,0.00,95.00,0.00,0.00,logic,95.00
src\main\java\org\jabref\cli\AuxCommandLine.java,0.00,0.00,98.00,0.00,cli,98.00
src\main\java\org\jabref\cli\ArgumentProcessor.java,0.00,0.00,98.00,0.00,cli,98.00
src\main\java\org\jabref\cli\JabRefCLI.java,0.00,0.00,99.00,0.00,cli,99.00
src\main\java\org\jabref\cli\Launcher.java,0.00,0.00,98.00,0.00,cli,98.00
src\main\java\org\jabref\cli\SystemOutputPrinter.java,0.00,0.00,98.00,0.00,cli,98.00
src\main\java\org\jabref\gui\actions\Action.java,0.00,15.00,0.00,5.00,None,15.00
src\main\java\org\jabref\gui\actions\ActionFactory.java,5.00,45.00,5.00,5.00,None,45.00
src\main\java\org\jabref\gui\actions\ActionHelper.java,5.00,10.00,1.00,25.00,None,25.00
src\main\java\org\jabref\gui\actions\JabRefAction.java,5.00,20.00,2.00,3.00,None,20.00
src\main\java\org\jabref\gui\actions\SimpleCommand.java,5.00,12.00,1.00,2.00,None,12.00
src\main\java\org\jabref\gui\actions\Sources.java,5.00,40.00,2.00,5.00,None,40.00
src\main\java\org\jabref\gui\actions\StandardActions.java,0.00,70.00,0.00,0.00,logic,70.00
src\main\java\org\jabref\gui\autocompleter\AppendPersonNamesStrategy.java,5.00,85.00,0.00,10.00,logic,85.00
src\main\java\org\jabref\gui\autocompleter\AppendWordsStrategy.java,0.00,15.00,0.00,0.00,None,15.00
src\main\java\org\jabref\gui\autocompleter\AutoCompletePreferences.java,0.00,0.00,0.00,95.00,preferences,95.00
src\main\java\org\jabref\gui\autocompleter\AutoCompletionInput.java,5.00,70.00,0.00,0.00,logic,70.00
src\main\java\org\jabref\gui\autocompleter\AutoCompletionStrategy.java,0.00,95.00,0.00,0.00,logic,95.00
src\main\java\org\jabref\gui\autocompleter\AutoCompleteFirstNameMode.java,0.00,0.00,0.00,85.00,preferences,85.00
src\main\java\org\jabref\gui\autocompleter\AutoCompletionTextInputBinding.java,0.00,12.00,0.00,3.00,None,12.00
src\main\java\org\jabref\gui\autocompleter\BibEntrySuggestionProvider.java,0.00,85.00,0.00,0.00,logic,85.00
src\main\java\org\jabref\gui\autocompleter\ContentSelectorSuggestionProvider.java,5.00,65.00,2.00,3.00,logic,65.00
src\main\java\org\jabref\gui\autocompleter\EmptySuggestionProvider.java,5.00,60.00,2.00,3.00,logic,60.00
src\main\java\org\jabref\gui\autocompleter\FieldValueSuggestionProvider.java,5.00,35.00,1.00,4.00,None,35.00
src\main\java\org\jabref\gui\autocompleter\JournalsSuggestionProvider.java,5.00,30.00,1.00,5.00,None,30.00
src\main\java\org\jabref\gui\autocompleter\PersonNameSuggestionProvider.java,0.00,70.00,0.00,0.00,logic,70.00
src\main\java\org\jabref\gui\autocompleter\PersonNameStringConverter.java,10.00,0.00,0.00,0.00,None,10.00
src\main\java\org\jabref\gui\autocompleter\ReplaceStrategy.java,5.00,25.00,1.00,5.00,None,25.00
src\main\java\org\jabref\gui\autocompleter\StringSuggestionProvider.java,0.00,2.00,0.00,1.00,None,2.00
src\main\java\org\jabref\gui\autocompleter\SuggestionProviders.java,0.00,75.00,0.00,0.00,logic,75.00
src\main\java\org\jabref\gui\autocompleter\SuggestionProvider.java,5.00,85.00,2.00,3.00,logic,85.00
src\main\java\org\jabref\gui\autocompleter\WordSuggestionProvider.java,5.00,85.00,2.00,3.00,logic,85.00
src\main\java\org\jabref\gui\auximport\FromAuxDialog.java,5.00,15.00,1.00,3.00,None,15.00
src\main\java\org\jabref\gui\auximport\AuxParserResultViewModel.java,5.00,70.00,0.00,0.00,logic,70.00
src\main\java\org\jabref\gui\auximport\NewSubLibraryAction.java,0.00,15.00,0.00,0.00,None,15.00
src\main\java\org\jabref\gui\backup\BackupResolverDialog.java,5.00,20.00,1.00,7.00,None,20.00
src\main\java\org\jabref\gui\bibtexextractor\BibtexExtractor.java,5.00,85.00,5.00,5.00,logic,85.00
src\main\java\org\jabref\gui\bibtexextractor\BibtexExtractorViewModel.java,5.00,75.00,2.00,3.00,logic,75.00
src\main\java\org\jabref\gui\bibtexextractor\ExtractBibtexAction.java,0.00,84.00,0.00,0.00,logic,84.00
src\main\java\org\jabref\gui\bibtexextractor\ExtractBibtexDialog.java,5.00,90.00,0.00,5.00,logic,90.00
src\main\java\org\jabref\gui\citationkeypattern\GenerateCitationKeySingleAction.java,0.00,90.00,0.00,0.00,logic,90.00
src\main\java\org\jabref\gui\citationkeypattern\GenerateCitationKeyAction.java,5.00,60.00,2.00,10.00,logic,60.00
src\main\java\org\jabref\gui\cleanup\CleanupDialog.java,0.00,20.00,0.00,10.00,None,20.00
src\main\java\org\jabref\gui\cleanup\CleanupAction.java,5.00,25.00,0.00,5.00,None,25.00
src\main\java\org\jabref\gui\cleanup\CleanupPresetPanel.java,5.00,10.00,0.00,85.00,preferences,85.00
src\main\java\org\jabref\gui\cleanup\CleanupSingleAction.java,5.00,25.00,1.00,4.00,None,25.00
src\main\java\org\jabref\gui\collab\entryadd\EntryAdd.java,80.00,0.00,0.00,0.00,model,80.00
src\main\java\org\jabref\gui\collab\entrychange\EntryChangeDetailsView.java,0.00,40.00,0.00,0.00,None,40.00
src\main\java\org\jabref\gui\collab\entrychange\EntryChange.java,15.00,75.00,5.00,5.00,logic,75.00
src\main\java\org\jabref\gui\collab\entrychange\EntryChangeResolver.java,5.00,92.00,1.00,2.00,logic,92.00
src\main\java\org\jabref\gui\collab\entrychange\EntryWithPreviewAndSourceDetailsView.java,0.00,0.00,0.00,0.00,None,0.00
src\main\java\org\jabref\gui\collab\entrychange\PreviewWithSourceTab.java,5.00,30.00,1.00,10.00,None,30.00
src\main\java\org\jabref\gui\collab\entrydelete\EntryDelete.java,30.00,65.00,2.00,3.00,logic,65.00
src\main\java\org\jabref\gui\collab\groupchange\GroupChangeDetailsView.java,0.00,10.00,0.00,0.00,None,10.00
src\main\java\org\jabref\gui\collab\groupchange\GroupChange.java,10.00,80.00,5.00,5.00,logic,80.00
src\main\java\org\jabref\gui\collab\metedatachange\MetadataChangeDetailsView.java,10.00,45.00,2.00,3.00,None,45.00
src\main\java\org\jabref\gui\collab\metedatachange\MetadataChange.java,20.00,70.00,5.00,5.00,logic,70.00
src\main\java\org\jabref\gui\collab\preamblechange\PreambleChangeDetailsView.java,5.00,15.00,0.00,0.00,None,15.00
src\main\java\org\jabref\gui\collab\preamblechange\PreambleChange.java,85.00,10.00,2.00,3.00,model,85.00
src\main\java\org\jabref\gui\collab\stringadd\BibTexStringAddDetailsView.java,3.00,15.00,1.00,1.00,None,15.00
src\main\java\org\jabref\gui\collab\stringadd\BibTexStringAdd.java,85.00,0.00,0.00,0.00,model,85.00
src\main\java\org\jabref\gui\collab\stringchange\BibTexStringChangeDetailsView.java,5.00,10.00,1.00,2.00,None,10.00
src\main\java\org\jabref\gui\collab\stringchange\BibTexStringChange.java,70.00,20.00,5.00,5.00,model,70.00
src\main\java\org\jabref\gui\collab\stringdelete\BibTexStringDeleteDetailsView.java,5.00,70.00,5.00,5.00,logic,70.00
src\main\java\org\jabref\gui\collab\stringdelete\BibTexStringDelete.java,10.00,45.00,0.00,0.00,None,45.00
src\main\java\org\jabref\gui\collab\stringrename\BibTexStringRename.java,0.00,95.00,0.00,0.00,logic,95.00
src\main\java\org\jabref\gui\collab\stringrename\BibTexStringRenameDetailsView.java,2.00,8.00,0.00,0.00,None,8.00
src\main\java\org\jabref\gui\collab\ChangeScanner.java,0.00,90.00,0.00,0.00,logic,90.00
src\main\java\org\jabref\gui\collab\DatabaseChange.java,5.00,20.00,0.00,0.00,None,20.00
src\main\java\org\jabref\gui\collab\DatabaseChangeDetailsView.java,5.00,90.00,2.00,3.00,logic,90.00
src\main\java\org\jabref\gui\collab\DatabaseChangeDetailsViewFactory.java,10.00,5.00,1.00,2.00,None,10.00
src\main\java\org\jabref\gui\collab\DatabaseChangeList.java,0.00,0.00,0.00,0.00,None,0.00
src\main\java\org\jabref\gui\collab\DatabaseChangeListener.java,10.00,5.00,1.00,1.00,None,10.00
src\main\java\org\jabref\gui\collab\DatabaseChangeMonitor.java,10.00,75.00,5.00,10.00,logic,75.00
src\main\java\org\jabref\gui\collab\DatabaseChangeResolver.java,0.00,30.00,0.00,5.00,None,30.00
src\main\java\org\jabref\gui\collab\DatabaseChangeResolverFactory.java,5.00,65.00,0.00,5.00,logic,65.00
src\main\java\org\jabref\gui\collab\ExternalChangesResolverViewModel.java,10.00,70.00,5.00,5.00,logic,70.00
src\main\java\org\jabref\gui\collab\DatabaseChangesResolverDialog.java,5.00,65.00,0.00,10.00,logic,65.00
src\main\java\org\jabref\gui\commonfxcontrols\CitationKeyPatternPanel.java,0.00,0.00,0.00,85.00,preferences,85.00
src\main\java\org\jabref\gui\commonfxcontrols\CitationKeyPatternPanelItemModel.java,10.00,2.00,0.00,88.00,preferences,88.00
src\main\java\org\jabref\gui\commonfxcontrols\CitationKeyPatternPanelViewModel.java,5.00,10.00,0.00,85.00,preferences,85.00
src\main\java\org\jabref\gui\commonfxcontrols\FieldFormatterCleanupsPanel.java,0.00,0.00,0.00,85.00,preferences,85.00
src\main\java\org\jabref\gui\commonfxcontrols\SaveOrderConfigPanel.java,0.00,0.00,0.00,90.00,preferences,90.00
src\main\java\org\jabref\gui\commonfxcontrols\FieldFormatterCleanupsPanelViewModel.java,0.00,0.00,0.00,85.00,preferences,85.00
src\main\java\org\jabref\gui\commonfxcontrols\SaveOrderConfigPanelViewModel.java,0.00,0.00,0.00,85.00,preferences,85.00
src\main\java\org\jabref\gui\commonfxcontrols\SortCriterionViewModel.java,5.00,10.00,1.00,25.00,None,25.00
src\main\java\org\jabref\gui\copyfiles\CopyFilesDialogView.java,0.00,10.00,0.00,0.00,None,10.00
src\main\java\org\jabref\gui\copyfiles\CopyFilesAction.java,0.00,10.00,0.00,0.00,None,10.00
src\main\java\org\jabref\gui\copyfiles\CopyFilesDialogViewModel.java,5.00,30.00,0.00,5.00,None,30.00
src\main\java\org\jabref\gui\copyfiles\CopyFilesResultItemViewModel.java,5.00,15.00,0.00,0.00,None,15.00
src\main\java\org\jabref\gui\copyfiles\CopyFilesTask.java,0.00,10.00,0.00,0.00,None,10.00
src\main\java\org\jabref\gui\copyfiles\CopyFilesResultListDependency.java,0.00,10.00,0.00,0.00,None,10.00
src\main\java\org\jabref\gui\copyfiles\CopySingleFileAction.java,0.00,70.00,0.00,0.00,logic,70.00
src\main\java\org\jabref\gui\desktop\os\Linux.java,0.00,5.00,0.00,0.00,None,5.00
src\main\java\org\jabref\gui\desktop\os\DefaultDesktop.java,5.00,25.00,2.00,8.00,None,25.00
src\main\java\org\jabref\gui\desktop\os\OSX.java,0.00,2.00,0.00,4.00,None,4.00
src\main\java\org\jabref\gui\desktop\os\NativeDesktop.java,1.00,2.00,1.00,5.00,None,5.00
src\main\java\org\jabref\gui\desktop\os\Windows.java,0.00,0.00,0.00,20.00,None,20.00
src\main\java\org\jabref\gui\desktop\JabRefDesktop.java,5.00,35.00,2.00,8.00,None,35.00
src\main\java\org\jabref\gui\dialogs\AutosaveUiManager.java,5.00,85.00,2.00,8.00,logic,85.00
src\main\java\org\jabref\gui\dialogs\BackupUIManager.java,5.00,10.00,0.00,15.00,None,15.00
src\main\java\org\jabref\gui\documentviewer\DocumentViewerControl.java,2.00,5.00,0.00,0.00,None,5.00
src\main\java\org\jabref\gui\documentviewer\DocumentPageViewModel.java,2.00,15.00,0.00,0.00,None,15.00
src\main\java\org\jabref\gui\documentviewer\DocumentViewerView.java,3.00,15.00,0.00,2.00,None,15.00
src\main\java\org\jabref\gui\documentviewer\DocumentViewerViewModel.java,10.00,60.00,5.00,5.00,logic,60.00
src\main\java\org\jabref\gui\documentviewer\DocumentViewModel.java,25.00,0.00,0.00,0.00,None,25.00
src\main\java\org\jabref\gui\documentviewer\PageDimension.java,45.00,15.00,5.00,5.00,None,45.00
src\main\java\org\jabref\gui\documentviewer\PdfDocumentPageViewModel.java,2.00,15.00,0.00,0.00,None,15.00
src\main\java\org\jabref\gui\documentviewer\PdfDocumentViewModel.java,15.00,65.00,5.00,5.00,logic,65.00
src\main\java\org\jabref\gui\documentviewer\ShowDocumentViewerAction.java,0.00,10.00,0.00,0.00,None,10.00
src\main\java\org\jabref\gui\duplicationFinder\DuplicateResolverDialog.java,5.00,25.00,1.00,4.00,None,25.00
src\main\java\org\jabref\gui\duplicationFinder\DuplicateSearch.java,0.00,10.00,0.00,0.00,None,10.00
src\main\java\org\jabref\gui\edit\automaticfiededitor\copyormovecontent\CopyOrMoveFieldContentTabViewModel.java,0.00,90.00,0.00,0.00,logic,90.00
src\main\java\org\jabref\gui\edit\automaticfiededitor\copyormovecontent\CopyOrMoveFieldContentTabView.java,5.00,30.00,0.00,5.00,None,30.00
src\main\java\org\jabref\gui\edit\automaticfiededitor\editfieldcontent\EditFieldContentViewModel.java,5.00,15.00,0.00,0.00,None,15.00
src\main\java\org\jabref\gui\edit\automaticfiededitor\editfieldcontent\EditFieldContentTabView.java,5.00,15.00,1.00,2.00,None,15.00
src\main\java\org\jabref\gui\edit\automaticfiededitor\renamefield\RenameFieldViewModel.java,5.00,30.00,1.00,10.00,None,30.00
src\main\java\org\jabref\gui\edit\automaticfiededitor\renamefield\RenameFieldTabView.java,5.00,65.00,0.00,30.00,logic,65.00
src\main\java\org\jabref\gui\edit\automaticfiededitor\AbstractAutomaticFieldEditorTabView.java,0.00,2.00,0.00,8.00,None,8.00
src\main\java\org\jabref\gui\edit\automaticfiededitor\AbstractAutomaticFieldEditorTabViewModel.java,5.00,15.00,1.00,25.00,None,25.00
src\main\java\org\jabref\gui\edit\automaticfiededitor\AutomaticFieldEditorAction.java,5.00,30.00,1.00,1.00,None,30.00
src\main\java\org\jabref\gui\edit\automaticfiededitor\AutomaticFieldEditorDialog.java,0.00,0.00,0.00,85.00,preferences,85.00
src\main\java\org\jabref\gui\edit\automaticfiededitor\AutomaticFieldEditorTab.java,0.00,0.00,0.00,0.00,None,0.00
src\main\java\org\jabref\gui\edit\automaticfiededitor\AutomaticFieldEditorViewModel.java,5.00,20.00,1.00,7.00,None,20.00
src\main\java\org\jabref\gui\edit\automaticfiededitor\LastAutomaticFieldEditorEdit.java,0.00,60.00,0.00,0.00,logic,60.00
src\main\java\org\jabref\gui\edit\automaticfiededitor\MoveFieldValueAction.java,5.00,25.00,0.00,0.00,None,25.00
src\main\java\org\jabref\gui\edit\automaticfiededitor\NotificationPaneAdapter.java,0.00,0.00,0.00,0.00,None,0.00
src\main\java\org\jabref\gui\edit\CopyDoiUrlAction.java,2.00,20.00,0.00,1.00,None,20.00
src\main\java\org\jabref\gui\edit\CopyMoreAction.java,2.00,30.00,1.00,5.00,None,30.00
src\main\java\org\jabref\gui\edit\EditAction.java,5.00,25.00,1.00,1.00,None,25.00
src\main\java\org\jabref\gui\edit\ManageKeywordsAction.java,5.00,20.00,1.00,74.00,preferences,74.00
src\main\java\org\jabref\gui\edit\ManageKeywordsDialog.java,5.00,10.00,1.00,84.00,preferences,84.00
src\main\java\org\jabref\gui\edit\ManageKeywordsDisplayType.java,0.00,0.00,0.00,75.00,preferences,75.00
src\main\java\org\jabref\gui\edit\OpenBrowserAction.java,5.00,35.00,2.00,2.00,None,35.00
src\main\java\org\jabref\gui\edit\ManageKeywordsViewModel.java,5.00,65.00,0.00,5.00,logic,65.00
src\main\java\org\jabref\gui\edit\ReplaceStringAction.java,0.00,10.00,0.00,0.00,None,10.00
src\main\java\org\jabref\gui\edit\ReplaceStringView.java,0.00,10.00,0.00,5.00,None,10.00
src\main\java\org\jabref\gui\edit\ReplaceStringViewModel.java,5.00,45.00,2.00,3.00,None,45.00
src\main\java\org\jabref\gui\entryeditor\fileannotationtab\FileAnnotationTabView.java,5.00,20.00,0.00,5.00,None,20.00
src\main\java\org\jabref\gui\entryeditor\fileannotationtab\FileAnnotationTab.java,5.00,20.00,1.00,5.00,None,20.00
src\main\java\org\jabref\gui\entryeditor\fileannotationtab\FileAnnotationTabViewModel.java,45.00,0.00,0.00,0.00,None,45.00
src\main\java\org\jabref\gui\entryeditor\fileannotationtab\FileAnnotationViewModel.java,65.00,20.00,5.00,10.00,model,65.00
src\main\java\org\jabref\gui\entryeditor\fileannotationtab\FulltextSearchResultsTab.java,5.00,20.00,1.00,1.00,None,20.00
src\main\java\org\jabref\gui\entryeditor\DeprecatedFieldsTab.java,2.00,8.00,1.00,3.00,None,8.00
src\main\java\org\jabref\gui\entryeditor\EntryEditor.java,3.00,12.00,0.00,5.00,None,12.00
src\main\java\org\jabref\gui\entryeditor\EntryEditorPreferences.java,5.00,10.00,0.00,85.00,preferences,85.00
src\main\java\org\jabref\gui\entryeditor\EntryEditorTab.java,3.00,7.00,0.00,0.00,None,7.00
src\main\java\org\jabref\gui\entryeditor\FieldsEditorTab.java,5.00,70.00,0.00,5.00,logic,70.00
src\main\java\org\jabref\gui\entryeditor\LatexCitationsTab.java,0.00,0.00,0.00,0.00,None,0.00
src\main\java\org\jabref\gui\entryeditor\LatexCitationsTabViewModel.java,5.00,60.00,1.00,1.00,logic,60.00
src\main\java\org\jabref\gui\entryeditor\MathSciNetTab.java,0.00,5.00,0.00,0.00,None,5.00
src\main\java\org\jabref\gui\entryeditor\OptionalFields2Tab.java,3.00,4.00,1.00,15.00,None,15.00
src\main\java\org\jabref\gui\entryeditor\OpenEntryEditorAction.java,5.00,20.00,1.00,1.00,None,20.00
src\main\java\org\jabref\gui\entryeditor\OptionalFieldsTabBase.java,0.00,65.00,0.00,0.00,logic,65.00
src\main\java\org\jabref\gui\entryeditor\OptionalFieldsTab.java,0.00,0.00,0.00,5.00,None,5.00
src\main\java\org\jabref\gui\entryeditor\OtherFieldsTab.java,0.00,5.00,0.00,0.00,None,5.00
src\main\java\org\jabref\gui\entryeditor\PreviewSwitchAction.java,5.00,10.00,1.00,20.00,None,20.00
src\main\java\org\jabref\gui\entryeditor\PreviewTab.java,5.00,35.00,0.00,5.00,None,35.00
src\main\java\org\jabref\gui\entryeditor\RelatedArticlesTab.java,5.00,25.00,1.00,1.00,None,25.00
src\main\java\org\jabref\gui\entryeditor\RequiredFieldsTab.java,10.00,60.00,1.00,5.00,logic,60.00
src\main\java\org\jabref\gui\entryeditor\SourceTab.java,0.00,85.00,0.00,0.00,logic,85.00
src\main\java\org\jabref\gui\entryeditor\UserDefinedFieldsTab.java,0.00,0.00,0.00,70.00,preferences,70.00
src\main\java\org\jabref\gui\errorconsole\ErrorConsoleView.java,5.00,30.00,2.00,2.00,None,30.00
src\main\java\org\jabref\gui\errorconsole\ErrorConsoleViewModel.java,3.00,32.00,0.00,2.00,None,32.00
src\main\java\org\jabref\gui\errorconsole\LogEventViewModel.java,20.00,0.00,0.00,0.00,None,20.00
src\main\java\org\jabref\gui\exporter\CreateModifyExporterDialogView.java,5.00,10.00,0.00,85.00,preferences,85.00
src\main\java\org\jabref\gui\exporter\CreateModifyExporterDialogViewModel.java,0.00,0.00,0.00,85.00,preferences,85.00
src\main\java\org\jabref\gui\exporter\ExportCommand.java,5.00,85.00,5.00,5.00,logic,85.00
src\main\java\org\jabref\gui\exporter\ExporterViewModel.java,5.00,85.00,2.00,8.00,logic,85.00
src\main\java\org\jabref\gui\exporter\ExportToClipboardAction.java,5.00,30.00,0.00,0.00,None,30.00
src\main\java\org\jabref\gui\exporter\SaveAction.java,0.00,85.00,0.00,5.00,logic,85.00
src\main\java\org\jabref\gui\exporter\SaveAllAction.java,5.00,40.00,0.00,0.00,None,40.00
src\main\java\org\jabref\gui\exporter\SaveDatabaseAction.java,5.00,90.00,2.00,3.00,logic,90.00
src\main\java\org\jabref\gui\exporter\WriteMetadataToPdfAction.java,5.00,75.00,2.00,3.00,logic,75.00
src\main\java\org\jabref\gui\externalfiles\AutoSetFileLinksUtil.java,0.00,95.00,0.00,0.00,logic,95.00
src\main\java\org\jabref\gui\externalfiles\AutoLinkFilesAction.java,0.00,30.00,0.00,0.00,None,30.00
src\main\java\org\jabref\gui\externalfiles\ChainedFilters.java,0.00,3.00,0.00,0.00,None,3.00
src\main\java\org\jabref\gui\externalfiles\DateRange.java,0.00,75.00,0.00,0.00,logic,75.00
src\main\java\org\jabref\gui\externalfiles\DownloadFullTextAction.java,5.00,85.00,5.00,5.00,logic,85.00
src\main\java\org\jabref\gui\externalfiles\ExternalFilesEntryLinker.java,0.00,85.00,0.00,0.00,logic,85.00
src\main\java\org\jabref\gui\externalfiles\ExternalFileSorter.java,5.00,10.00,0.00,85.00,preferences,85.00
src\main\java\org\jabref\gui\externalfiles\FileDownloadTask.java,5.00,10.00,3.00,2.00,None,10.00
src\main\java\org\jabref\gui\externalfiles\FileExtensionViewModel.java,5.00,30.00,0.00,10.00,None,30.00
src\main\java\org\jabref\gui\externalfiles\FileFilterUtils.java,5.00,85.00,2.00,8.00,logic,85.00
src\main\java\org\jabref\gui\externalfiles\FindUnlinkedFilesAction.java,5.00,30.00,2.00,3.00,None,30.00
src\main\java\org\jabref\gui\externalfiles\GitIgnoreFileFilter.java,0.00,85.00,0.00,0.00,logic,85.00
src\main\java\org\jabref\gui\externalfiles\ImportHandler.java,0.00,85.00,0.00,0.00,logic,85.00
src\main\java\org\jabref\gui\externalfiles\ImportFilesResultItemViewModel.java,20.00,40.00,5.00,5.00,None,40.00
src\main\java\org\jabref\gui\externalfiles\UnlinkedFilesCrawler.java,0.00,85.00,0.00,0.00,logic,85.00
src\main\java\org\jabref\gui\externalfiles\UnlinkedFilesDialogViewModel.java,0.00,85.00,0.00,0.00,logic,85.00
src\main\java\org\jabref\gui\externalfiles\UnlinkedFilesDialogView.java,5.00,85.00,0.00,10.00,logic,85.00
src\main\java\org\jabref\gui\externalfiles\UnlinkedPDFFileFilter.java,10.00,80.00,5.00,10.00,logic,80.00
src\main\java\org\jabref\gui\externalfiletype\CustomExternalFileType.java,0.00,0.00,0.00,85.00,preferences,85.00
src\main\java\org\jabref\gui\externalfiletype\ExternalFileType.java,0.00,0.00,0.00,65.00,preferences,65.00
src\main\java\org\jabref\gui\externalfiletype\ExternalFileTypes.java,0.00,0.00,0.00,95.00,preferences,95.00
src\main\java\org\jabref\gui\externalfiletype\UnknownExternalFileType.java,0.00,0.00,0.00,85.00,preferences,85.00
src\main\java\org\jabref\gui\externalfiletype\StandardExternalFileType.java,0.00,0.00,0.00,75.00,preferences,75.00
src\main\java\org\jabref\gui\fieldeditors\contextmenu\DefaultMenu.java,0.00,1.00,0.00,0.00,None,1.00
src\main\java\org\jabref\gui\fieldeditors\contextmenu\EditorContextAction.java,5.00,20.00,1.00,4.00,None,20.00
src\main\java\org\jabref\gui\fieldeditors\contextmenu\EditorMenus.java,0.00,15.00,0.00,0.00,None,15.00
src\main\java\org\jabref\gui\fieldeditors\contextmenu\ProtectedTermsMenu.java,0.00,0.00,0.00,90.00,preferences,90.00
src\main\java\org\jabref\gui\fieldeditors\identifier\DoiIdentifierEditorViewModel.java,5.00,70.00,2.00,3.00,logic,70.00
src\main\java\org\jabref\gui\fieldeditors\identifier\BaseIdentifierEditorViewModel.java,8.00,67.00,2.00,23.00,logic,67.00
src\main\java\org\jabref\gui\fieldeditors\identifier\EprintIdentifierEditorViewModel.java,10.00,5.00,1.00,2.00,None,10.00
src\main\java\org\jabref\gui\fieldeditors\identifier\IdentifierEditor.java,5.00,15.00,0.00,3.00,None,15.00
src\main\java\org\jabref\gui\fieldeditors\identifier\ISBNIdentifierEditorViewModel.java,5.00,90.00,1.00,4.00,logic,90.00
src\main\java\org\jabref\gui\fieldeditors\AbstractEditorViewModel.java,15.00,5.00,0.00,5.00,None,15.00
src\main\java\org\jabref\gui\fieldeditors\CitationKeyEditor.java,5.00,30.00,1.00,5.00,None,30.00
src\main\java\org\jabref\gui\fieldeditors\CitationKeyEditorViewModel.java,2.00,15.00,1.00,3.00,None,15.00
src\main\java\org\jabref\gui\fieldeditors\ContextMenuAddable.java,0.00,5.00,0.00,0.00,None,5.00
src\main\java\org\jabref\gui\fieldeditors\DateEditor.java,15.00,5.00,0.00,2.00,None,15.00
src\main\java\org\jabref\gui\fieldeditors\DateEditorViewModel.java,0.00,0.00,0.00,20.00,None,20.00
src\main\java\org\jabref\gui\fieldeditors\EditorTextArea.java,2.00,5.00,1.00,3.00,None,5.00
src\main\java\org\jabref\gui\fieldeditors\EditorTextField.java,3.00,5.00,1.00,15.00,None,15.00
src\main\java\org\jabref\gui\fieldeditors\EditorTypeEditorViewModel.java,2.00,3.00,1.00,4.00,None,4.00
src\main\java\org\jabref\gui\fieldeditors\EditorValidator.java,5.00,8.00,0.00,20.00,None,20.00
src\main\java\org\jabref\gui\fieldeditors\FieldEditorFX.java,70.00,15.00,5.00,10.00,model,70.00
src\main\java\org\jabref\gui\fieldeditors\FieldEditors.java,5.00,85.00,1.00,9.00,logic,85.00
src\main\java\org\jabref\gui\fieldeditors\FieldNameLabel.java,10.00,5.00,0.00,5.00,None,10.00
src\main\java\org\jabref\gui\fieldeditors\GenderEditorViewModel.java,5.00,10.00,0.00,25.00,None,25.00
src\main\java\org\jabref\gui\fieldeditors\JournalEditor.java,0.00,10.00,0.00,5.00,None,10.00
src\main\java\org\jabref\gui\fieldeditors\JournalEditorViewModel.java,5.00,15.00,1.00,25.00,None,25.00
src\main\java\org\jabref\gui\fieldeditors\KeywordsEditor.java,3.00,10.00,1.00,2.00,None,10.00
src\main\java\org\jabref\gui\fieldeditors\LinkedEntriesEditorViewModel.java,5.00,85.00,5.00,5.00,logic,85.00
src\main\java\org\jabref\gui\fieldeditors\LinkedEntriesEditor.java,5.00,85.00,1.00,9.00,logic,85.00
src\main\java\org\jabref\gui\fieldeditors\LinkedFilesEditor.java,5.00,70.00,2.00,10.00,logic,70.00
src\main\java\org\jabref\gui\fieldeditors\LinkedFilesEditorViewModel.java,20.00,60.00,2.00,5.00,logic,60.00
src\main\java\org\jabref\gui\fieldeditors\LinkedFileViewModel.java,0.00,93.00,0.00,0.00,logic,93.00
src\main\java\org\jabref\gui\fieldeditors\MapBasedEditorViewModel.java,1.00,4.00,0.00,8.00,None,8.00
src\main\java\org\jabref\gui\fieldeditors\MonthEditorViewModel.java,25.00,0.00,0.00,0.00,None,25.00
src\main\java\org\jabref\gui\fieldeditors\OptionEditorViewModel.java,0.00,0.00,0.00,40.00,None,40.00
src\main\java\org\jabref\gui\fieldeditors\OptionEditor.java,30.00,10.00,5.00,15.00,None,30.00
src\main\java\org\jabref\gui\fieldeditors\OwnerEditor.java,20.00,10.00,5.00,5.00,None,20.00
src\main\java\org\jabref\gui\fieldeditors\OwnerEditorViewModel.java,30.00,0.00,0.00,0.00,None,30.00
src\main\java\org\jabref\gui\fieldeditors\PaginationEditorViewModel.java,5.00,92.00,1.00,2.00,logic,92.00
src\main\java\org\jabref\gui\fieldeditors\PatentTypeEditorViewModel.java,3.00,22.00,0.00,2.00,None,22.00
src\main\java\org\jabref\gui\fieldeditors\PersonsEditor.java,0.00,0.00,0.00,0.00,None,0.00
src\main\java\org\jabref\gui\fieldeditors\PersonsEditorViewModel.java,5.00,30.00,1.00,8.00,None,30.00
src\main\java\org\jabref\gui\fieldeditors\SimpleEditor.java,15.00,5.00,0.00,0.00,None,15.00
src\main\java\org\jabref\gui\fieldeditors\TextInputControlBehavior.java,0.00,5.00,0.00,0.00,None,5.00
src\main\java\org\jabref\gui\fieldeditors\SimpleEditorViewModel.java,5.00,30.00,1.00,4.00,None,30.00
src\main\java\org\jabref\gui\fieldeditors\TypeEditorViewModel.java,15.00,5.00,1.00,2.00,None,15.00
src\main\java\org\jabref\gui\fieldeditors\UrlEditor.java,20.00,0.00,0.00,0.00,None,20.00
src\main\java\org\jabref\gui\fieldeditors\URLUtil.java,5.00,8.00,1.00,30.00,None,30.00
src\main\java\org\jabref\gui\fieldeditors\UrlEditorViewModel.java,0.00,25.00,0.00,0.00,None,25.00
src\main\java\org\jabref\gui\fieldeditors\WriteMetadataToPdfCommand.java,5.00,85.00,2.00,8.00,logic,85.00
src\main\java\org\jabref\gui\fieldeditors\YesNoEditorViewModel.java,5.00,5.00,1.00,15.00,None,15.00
src\main\java\org\jabref\gui\groups\GroupDescriptions.java,0.00,80.00,0.00,0.00,logic,80.00
src\main\java\org\jabref\gui\groups\GroupDialogHeader.java,60.00,0.00,0.00,0.00,model,60.00
src\main\java\org\jabref\gui\groups\GroupDialogViewModel.java,5.00,30.00,1.00,15.00,None,30.00
src\main\java\org\jabref\gui\groups\GroupDialogView.java,5.00,10.00,0.00,85.00,preferences,85.00
src\main\java\org\jabref\gui\groups\GroupModeViewModel.java,5.00,8.00,1.00,20.00,None,20.00
src\main\java\org\jabref\gui\groups\GroupsPreferences.java,0.00,0.00,0.00,95.00,preferences,95.00
src\main\java\org\jabref\gui\groups\GroupNodeViewModel.java,5.00,15.00,0.00,5.00,None,15.00
src\main\java\org\jabref\gui\groups\GroupTreeNodeViewModel.java,10.00,60.00,2.00,3.00,logic,60.00
src\main\java\org\jabref\gui\groups\GroupTreeView.java,5.00,25.00,0.00,30.00,None,30.00
src\main\java\org\jabref\gui\groups\GroupTreeViewModel.java,0.00,95.00,0.00,0.00,logic,95.00
src\main\java\org\jabref\gui\groups\MoveGroupChange.java,0.00,70.00,0.00,0.00,logic,70.00
src\main\java\org\jabref\gui\groups\GroupViewMode.java,5.00,15.00,2.00,38.00,None,38.00
src\main\java\org\jabref\gui\groups\UndoableChangeEntriesOfGroup.java,5.00,65.00,5.00,5.00,logic,65.00
src\main\java\org\jabref\gui\groups\UndoableAddOrRemoveGroup.java,5.00,75.00,0.00,0.00,logic,75.00
src\main\java\org\jabref\gui\groups\UndoableModifySubtree.java,0.00,20.00,0.00,0.00,None,20.00
src\main\java\org\jabref\gui\groups\UndoableMoveGroup.java,0.00,10.00,0.00,0.00,None,10.00
src\main\java\org\jabref\gui\help\AboutDialogView.java,15.00,5.00,1.00,2.00,None,15.00
src\main\java\org\jabref\gui\help\AboutAction.java,3.00,15.00,1.00,2.00,None,15.00
src\main\java\org\jabref\gui\help\AboutDialogViewModel.java,5.00,35.00,2.00,8.00,None,35.00
src\main\java\org\jabref\gui\help\ErrorConsoleAction.java,5.00,10.00,1.00,2.00,None,10.00
src\main\java\org\jabref\gui\help\HelpAction.java,5.00,30.00,2.00,5.00,None,30.00
src\main\java\org\jabref\gui\help\NewVersionDialog.java,0.00,1.00,0.00,5.00,None,5.00
src\main\java\org\jabref\gui\help\SearchForUpdateAction.java,0.00,90.00,0.00,0.00,logic,90.00
src\main\java\org\jabref\gui\help\VersionWorker.java,0.00,90.00,0.00,0.00,logic,90.00
src\main\java\org\jabref\gui\icon\InternalMaterialDesignIcon.java,5.00,4.00,1.00,10.00,None,10.00
src\main\java\org\jabref\gui\icon\IconTheme.java,10.00,25.00,5.00,60.00,preferences,60.00
src\main\java\org\jabref\gui\icon\JabRefIcon.java,5.00,10.00,1.00,20.00,None,20.00
src\main\java\org\jabref\gui\icon\JabrefIconProvider.java,2.00,3.00,0.00,25.00,None,25.00
src\main\java\org\jabref\gui\icon\JabRefIconView.java,0.00,0.00,0.00,0.00,None,0.00
src\main\java\org\jabref\gui\icon\JabRefIkonHandler.java,0.00,5.00,0.00,10.00,None,10.00
src\main\java\org\jabref\gui\icon\JabRefMaterialDesignIcon.java,0.00,0.00,0.00,5.00,None,5.00
src\main\java\org\jabref\gui\importer\actions\GUIPostOpenAction.java,5.00,85.00,2.00,8.00,logic,85.00
src\main\java\org\jabref\gui\importer\actions\CheckForNewEntryTypesAction.java,0.00,90.00,0.00,10.00,logic,90.00
src\main\java\org\jabref\gui\importer\actions\MergeReviewIntoCommentAction.java,5.00,85.00,5.00,5.00,logic,85.00
src\main\java\org\jabref\gui\importer\actions\MergeReviewIntoCommentConfirmationDialog.java,0.00,15.00,0.00,0.00,None,15.00
src\main\java\org\jabref\gui\importer\actions\OpenDatabaseAction.java,2.00,70.00,0.00,0.00,logic,70.00
src\main\java\org\jabref\gui\importer\fetcher\WebSearchPaneView.java,0.00,5.00,0.00,0.00,None,5.00
src\main\java\org\jabref\gui\importer\fetcher\LookupIdentifierAction.java,0.00,10.00,0.00,0.00,None,10.00
src\main\java\org\jabref\gui\importer\fetcher\WebSearchPaneViewModel.java,5.00,85.00,2.00,3.00,logic,85.00
src\main\java\org\jabref\gui\importer\GenerateEntryFromIdDialog.java,0.00,5.00,0.00,0.00,None,5.00
src\main\java\org\jabref\gui\importer\GenerateEntryFromIdAction.java,2.00,25.00,1.00,1.00,None,25.00
src\main\java\org\jabref\gui\importer\GrobidOptInDialogHelper.java,0.00,0.00,0.00,80.00,preferences,80.00
src\main\java\org\jabref\gui\importer\ImportAction.java,5.00,65.00,5.00,5.00,logic,65.00
src\main\java\org\jabref\gui\importer\ImportCommand.java,2.00,55.00,3.00,1.00,logic,55.00
src\main\java\org\jabref\gui\importer\ImportCustomEntryTypesDialog.java,5.00,25.00,0.00,60.00,preferences,60.00
src\main\java\org\jabref\gui\importer\ImportCustomEntryTypesDialogViewModel.java,5.00,85.00,0.00,10.00,logic,85.00
src\main\java\org\jabref\gui\importer\ImportEntriesDialog.java,5.00,25.00,0.00,5.00,None,25.00
src\main\java\org\jabref\gui\importer\ImportEntriesViewModel.java,0.00,93.00,0.00,0.00,logic,93.00
src\main\java\org\jabref\gui\importer\ImporterViewModel.java,5.00,30.00,1.00,1.00,None,30.00
src\main\java\org\jabref\gui\importer\NewDatabaseAction.java,0.00,10.00,0.00,0.00,None,10.00
src\main\java\org\jabref\gui\importer\NewEntryAction.java,5.00,30.00,1.00,2.00,None,30.00
src\main\java\org\jabref\gui\importer\ParserResultWarningDialog.java,5.00,20.00,1.00,1.00,None,20.00
src\main\java\org\jabref\gui\integrity\IntegrityCheckDialog.java,0.00,85.00,0.00,0.00,logic,85.00
src\main\java\org\jabref\gui\integrity\IntegrityCheckAction.java,10.00,70.00,5.00,5.00,logic,70.00
src\main\java\org\jabref\gui\integrity\IntegrityCheckDialogViewModel.java,0.00,15.00,0.00,0.00,None,15.00
src\main\java\org\jabref\gui\journals\AbbreviationType.java,10.00,30.00,5.00,65.00,preferences,65.00
src\main\java\org\jabref\gui\journals\AbbreviateAction.java,5.00,25.00,5.00,65.00,preferences,65.00
src\main\java\org\jabref\gui\journals\UndoableAbbreviator.java,0.00,80.00,0.00,0.00,logic,80.00
src\main\java\org\jabref\gui\journals\UndoableUnabbreviator.java,0.00,15.00,0.00,0.00,None,15.00
src\main\java\org\jabref\gui\keyboard\CodeAreaKeyBindings.java,5.00,10.00,1.00,30.00,None,30.00
src\main\java\org\jabref\gui\keyboard\KeyBinding.java,2.00,10.00,3.00,85.00,preferences,85.00
src\main\java\org\jabref\gui\keyboard\KeyBindingRepository.java,0.00,0.00,0.00,95.00,preferences,95.00
src\main\java\org\jabref\gui\keyboard\KeyBindingCategory.java,15.00,70.00,5.00,10.00,logic,70.00
src\main\java\org\jabref\gui\keyboard\TextInputKeyBindings.java,5.00,10.00,0.00,40.00,None,40.00
src\main\java\org\jabref\gui\libraryproperties\constants\ConstantsPropertiesView.java,5.00,10.00,1.00,84.00,preferences,84.00
src\main\java\org\jabref\gui\libraryproperties\constants\ConstantsItemModel.java,0.00,0.00,0.00,84.00,preferences,84.00
src\main\java\org\jabref\gui\libraryproperties\constants\ConstantsPropertiesViewModel.java,0.00,0.00,0.00,80.00,preferences,80.00
src\main\java\org\jabref\gui\libraryproperties\contentselectors\ContentSelectorViewModel.java,0.00,0.00,0.00,80.00,preferences,80.00
src\main\java\org\jabref\gui\libraryproperties\contentselectors\ContentSelectorView.java,0.00,0.00,0.00,75.00,preferences,75.00
src\main\java\org\jabref\gui\libraryproperties\general\GeneralPropertiesViewModel.java,5.00,10.00,0.00,85.00,preferences,85.00
src\main\java\org\jabref\gui\libraryproperties\general\GeneralPropertiesView.java,5.00,10.00,0.00,85.00,preferences,85.00
src\main\java\org\jabref\gui\libraryproperties\keypattern\KeyPatternPropertiesViewModel.java,0.00,0.00,0.00,95.00,preferences,95.00
src\main\java\org\jabref\gui\libraryproperties\keypattern\KeyPatternPropertiesView.java,0.00,0.00,0.00,95.00,preferences,95.00
src\main\java\org\jabref\gui\libraryproperties\saving\SavingPropertiesViewModel.java,5.00,10.00,0.00,85.00,preferences,85.00
src\main\java\org\jabref\gui\libraryproperties\saving\SavingPropertiesView.java,0.00,0.00,0.00,95.00,preferences,95.00
src\main\java\org\jabref\gui\libraryproperties\AbstractPropertiesTabView.java,0.00,0.00,0.00,75.00,preferences,75.00
src\main\java\org\jabref\gui\libraryproperties\LibraryPropertiesAction.java,5.00,20.00,1.00,74.00,preferences,74.00
src\main\java\org\jabref\gui\libraryproperties\LibraryPropertiesViewModel.java,0.00,0.00,0.00,80.00,preferences,80.00
src\main\java\org\jabref\gui\libraryproperties\LibraryPropertiesView.java,0.00,0.00,0.00,85.00,preferences,85.00
src\main\java\org\jabref\gui\libraryproperties\PropertiesTab.java,0.00,0.00,0.00,85.00,preferences,85.00
src\main\java\org\jabref\gui\libraryproperties\PropertiesTabViewModel.java,0.00,0.00,0.00,85.00,preferences,85.00
src\main\java\org\jabref\gui\linkedfile\AttachFileAction.java,0.00,95.00,0.00,5.00,logic,95.00
src\main\java\org\jabref\gui\linkedfile\AttachFileFromURLAction.java,5.00,40.00,2.00,3.00,None,40.00
src\main\java\org\jabref\gui\linkedfile\DeleteFileAction.java,0.00,10.00,0.00,0.00,None,10.00
src\main\java\org\jabref\gui\linkedfile\LinkedFileEditDialogView.java,5.00,75.00,2.00,18.00,logic,75.00
src\main\java\org\jabref\gui\linkedfile\LinkedFilesEditDialogViewModel.java,25.00,60.00,5.00,10.00,logic,60.00
src\main\java\org\jabref\gui\logging\ApplicationInsightsLogEvent.java,5.00,15.00,1.00,2.00,None,15.00
src\main\java\org\jabref\gui\logging\ApplicationInsightsWriter.java,0.00,10.00,5.00,5.00,None,10.00
src\main\java\org\jabref\gui\logging\GuiWriter.java,5.00,85.00,2.00,8.00,logic,85.00
src\main\java\org\jabref\gui\maintable\columns\FieldColumn.java,0.00,5.00,0.00,2.00,None,5.00
src\main\java\org\jabref\gui\maintable\columns\FileColumn.java,0.00,0.00,0.00,25.00,None,25.00
src\main\java\org\jabref\gui\maintable\columns\LibraryColumn.java,2.00,3.00,1.00,15.00,None,15.00
src\main\java\org\jabref\gui\maintable\columns\LinkedIdentifierColumn.java,5.00,10.00,1.00,20.00,None,20.00
src\main\java\org\jabref\gui\maintable\columns\MainTableColumn.java,5.00,3.00,0.00,25.00,None,25.00
src\main\java\org\jabref\gui\maintable\columns\SpecialFieldColumn.java,0.00,25.00,0.00,5.00,None,25.00
src\main\java\org\jabref\gui\maintable\BibEntryTableViewModel.java,65.00,25.00,5.00,5.00,model,65.00
src\main\java\org\jabref\gui\maintable\CellFactory.java,5.00,20.00,0.00,5.00,None,20.00
src\main\java\org\jabref\gui\maintable\ColumnPreferences.java,0.00,0.00,0.00,85.00,preferences,85.00
src\main\java\org\jabref\gui\maintable\MainTable.java,5.00,60.00,1.00,2.00,logic,60.00
src\main\java\org\jabref\gui\maintable\MainTableColumnFactory.java,0.00,0.00,0.00,15.00,None,15.00
src\main\java\org\jabref\gui\maintable\MainTableColumnModel.java,5.00,8.00,2.00,85.00,preferences,85.00
src\main\java\org\jabref\gui\maintable\MainTableDataModel.java,3.00,27.00,0.00,0.00,None,27.00
src\main\java\org\jabref\gui\maintable\MainTableFieldValueFormatter.java,0.00,75.00,0.00,60.00,logic,75.00
src\main\java\org\jabref\gui\maintable\MainTableHeaderContextMenu.java,5.00,10.00,0.00,60.00,preferences,60.00
src\main\java\org\jabref\gui\maintable\MainTablePreferences.java,0.00,0.00,0.00,95.00,preferences,95.00
src\main\java\org\jabref\gui\maintable\NameDisplayPreferences.java,0.00,0.00,0.00,85.00,preferences,85.00
src\main\java\org\jabref\gui\maintable\OpenExternalFileAction.java,0.00,10.00,0.00,0.00,None,10.00
src\main\java\org\jabref\gui\maintable\OpenFolderAction.java,0.00,5.00,0.00,0.00,None,5.00
src\main\java\org\jabref\gui\maintable\PersistenceVisualStateTable.java,0.00,0.00,0.00,85.00,preferences,85.00
src\main\java\org\jabref\gui\maintable\OpenUrlAction.java,3.00,10.00,1.00,2.00,None,10.00
src\main\java\org\jabref\gui\maintable\RightClickMenu.java,1.00,15.00,0.00,2.00,None,15.00
src\main\java\org\jabref\gui\maintable\SearchShortScienceAction.java,2.00,15.00,1.00,1.00,None,15.00
src\main\java\org\jabref\gui\maintable\SmartConstrainedResizePolicy.java,1.00,2.00,1.00,6.00,None,6.00
src\main\java\org\jabref\gui\menus\ChangeEntryTypeMenu.java,0.00,85.00,0.00,0.00,logic,85.00
src\main\java\org\jabref\gui\menus\ChangeEntryTypeAction.java,5.00,70.00,1.00,1.00,logic,70.00
src\main\java\org\jabref\gui\menus\FileHistoryMenu.java,5.00,35.00,2.00,8.00,None,35.00
src\main\java\org\jabref\gui\mergeentries\newmergedialog\cell\sidebuttons\InfoButton.java,0.00,2.00,0.00,0.00,None,2.00
src\main\java\org\jabref\gui\mergeentries\newmergedialog\cell\sidebuttons\ToggleMergeUnmergeButton.java,1.00,10.00,0.00,2.00,None,10.00
src\main\java\org\jabref\gui\mergeentries\newmergedialog\cell\FieldNameCell.java,5.00,10.00,1.00,1.00,None,10.00
src\main\java\org\jabref\gui\mergeentries\newmergedialog\cell\CopyFieldValueCommand.java,3.00,25.00,1.00,1.00,None,25.00
src\main\java\org\jabref\gui\mergeentries\newmergedialog\cell\FieldValueCell.java,5.00,15.00,1.00,1.00,None,15.00
src\main\java\org\jabref\gui\mergeentries\newmergedialog\cell\FieldValueCellViewModel.java,5.00,30.00,1.00,4.00,None,30.00
src\main\java\org\jabref\gui\mergeentries\newmergedialog\cell\HeaderCell.java,0.00,5.00,0.00,0.00,None,5.00
src\main\java\org\jabref\gui\mergeentries\newmergedialog\cell\MergedFieldCell.java,1.00,5.00,0.00,0.00,None,5.00
src\main\java\org\jabref\gui\mergeentries\newmergedialog\cell\OpenExternalLinkAction.java,5.00,25.00,1.00,1.00,None,25.00
src\main\java\org\jabref\gui\mergeentries\newmergedialog\cell\ThreeWayMergeCell.java,2.00,15.00,1.00,1.00,None,15.00
src\main\java\org\jabref\gui\mergeentries\newmergedialog\cell\ThreeWayMergeCellViewModel.java,5.00,12.00,1.00,2.00,None,12.00
src\main\java\org\jabref\gui\mergeentries\newmergedialog\diffhighlighter\DiffHighlighter.java,5.00,25.00,2.00,2.00,None,25.00
src\main\java\org\jabref\gui\mergeentries\newmergedialog\diffhighlighter\SplitDiffHighlighter.java,0.00,30.00,0.00,0.00,None,30.00
src\main\java\org\jabref\gui\mergeentries\newmergedialog\diffhighlighter\UnifiedDiffHighlighter.java,5.00,15.00,1.00,1.00,None,15.00
src\main\java\org\jabref\gui\mergeentries\newmergedialog\fieldsmerger\FieldMerger.java,0.00,89.00,0.00,0.00,logic,89.00
src\main\java\org\jabref\gui\mergeentries\newmergedialog\fieldsmerger\CommentMerger.java,0.00,85.00,0.00,0.00,logic,85.00
src\main\java\org\jabref\gui\mergeentries\newmergedialog\fieldsmerger\FileMerger.java,0.00,93.00,0.00,0.00,logic,93.00
src\main\java\org\jabref\gui\mergeentries\newmergedialog\fieldsmerger\FieldMergerFactory.java,10.00,85.00,0.00,5.00,logic,85.00
src\main\java\org\jabref\gui\mergeentries\newmergedialog\fieldsmerger\GroupMerger.java,5.00,20.00,0.00,0.00,None,20.00
src\main\java\org\jabref\gui\mergeentries\newmergedialog\fieldsmerger\KeywordMerger.java,5.00,85.00,0.00,0.00,logic,85.00
src\main\java\org\jabref\gui\mergeentries\newmergedialog\toolbar\ThreeWayMergeToolbar.java,0.00,0.00,0.00,95.00,preferences,95.00
src\main\java\org\jabref\gui\mergeentries\newmergedialog\FieldRowView.java,3.00,42.00,1.00,2.00,None,42.00
src\main\java\org\jabref\gui\mergeentries\newmergedialog\DiffMethod.java,5.00,30.00,1.00,2.00,None,30.00
src\main\java\org\jabref\gui\mergeentries\newmergedialog\FieldRowViewModel.java,0.00,85.00,0.00,0.00,logic,85.00
src\main\java\org\jabref\gui\mergeentries\newmergedialog\GroupDiffMode.java,5.00,86.00,1.00,8.00,logic,86.00
src\main\java\org\jabref\gui\mergeentries\newmergedialog\PersonsNameFieldRowView.java,3.00,18.00,1.00,1.00,None,18.00
src\main\java\org\jabref\gui\mergeentries\newmergedialog\ShowDiffConfig.java,0.00,80.00,0.00,0.00,logic,80.00
src\main\java\org\jabref\gui\mergeentries\newmergedialog\ThreeWayMergeHeaderView.java,0.00,5.00,0.00,0.00,None,5.00
src\main\java\org\jabref\gui\mergeentries\newmergedialog\ThreeWayMergeView.java,0.00,10.00,0.00,30.00,None,30.00
src\main\java\org\jabref\gui\mergeentries\newmergedialog\ThreeWayMergeViewModel.java,10.00,70.00,5.00,5.00,logic,70.00
src\main\java\org\jabref\gui\mergeentries\DiffHighlighting.java,0.00,20.00,0.00,0.00,None,20.00
src\main\java\org\jabref\gui\mergeentries\DiffHighlightingEllipsingTextFlow.java,5.00,15.00,1.00,2.00,None,15.00
src\main\java\org\jabref\gui\mergeentries\DiffMode.java,5.00,85.00,1.00,9.00,logic,85.00
src\main\java\org\jabref\gui\mergeentries\EntriesMergeResult.java,60.00,20.00,10.00,10.00,model,60.00
src\main\java\org\jabref\gui\mergeentries\FetchAndMergeEntry.java,0.00,90.00,0.00,0.00,logic,90.00
src\main\java\org\jabref\gui\mergeentries\MergeEntriesAction.java,0.00,15.00,0.00,0.00,None,15.00
src\main\java\org\jabref\gui\mergeentries\MergeEntriesDialog.java,0.00,5.00,0.00,0.00,None,5.00
src\main\java\org\jabref\gui\mergeentries\MergeResult.java,20.00,70.00,5.00,5.00,logic,70.00
src\main\java\org\jabref\gui\mergeentries\MergeTwoEntriesAction.java,10.00,80.00,5.00,5.00,logic,80.00
src\main\java\org\jabref\gui\mergeentries\MergeWithFetchedEntryAction.java,5.00,92.00,2.00,1.00,logic,92.00
src\main\java\org\jabref\gui\mergeentries\MultiMergeEntriesViewModel.java,5.00,15.00,1.00,1.00,None,15.00
src\main\java\org\jabref\gui\mergeentries\MultiMergeEntriesView.java,15.00,10.00,0.00,0.00,None,15.00
src\main\java\org\jabref\gui\openoffice\AdvancedCiteDialogViewModel.java,0.00,85.00,0.00,0.00,logic,85.00
src\main\java\org\jabref\gui\openoffice\AdvancedCiteDialogView.java,0.00,10.00,0.00,0.00,None,10.00
src\main\java\org\jabref\gui\openoffice\Bootstrap.java,0.00,90.00,0.00,0.00,logic,90.00
src\main\java\org\jabref\gui\openoffice\DetectOpenOfficeInstallation.java,5.00,15.00,0.00,80.00,preferences,80.00
src\main\java\org\jabref\gui\openoffice\CitationEntryViewModel.java,10.00,60.00,5.00,5.00,logic,60.00
src\main\java\org\jabref\gui\openoffice\ManageCitationsDialogView.java,0.00,8.00,0.00,2.00,None,8.00
src\main\java\org\jabref\gui\openoffice\ManageCitationsDialogViewModel.java,5.00,10.00,2.00,83.00,preferences,83.00
src\main\java\org\jabref\gui\openoffice\OOBibBase.java,5.00,65.00,2.00,3.00,logic,65.00
src\main\java\org\jabref\gui\openoffice\OOBibBaseConnect.java,0.00,75.00,0.00,0.00,logic,75.00
src\main\java\org\jabref\gui\openoffice\OOError.java,5.00,85.00,5.00,5.00,logic,85.00
src\main\java\org\jabref\gui\openoffice\OpenOfficePanel.java,0.00,75.00,0.00,0.00,logic,75.00
src\main\java\org\jabref\gui\openoffice\StyleSelectDialogView.java,5.00,10.00,0.00,35.00,None,35.00
src\main\java\org\jabref\gui\openoffice\StyleSelectDialogViewModel.java,5.00,25.00,2.00,68.00,preferences,68.00
src\main\java\org\jabref\gui\openoffice\StyleSelectItemViewModel.java,5.00,10.00,0.00,25.00,None,25.00
src\main\java\org\jabref\gui\preferences\appearance\AppearanceTab.java,0.00,0.00,0.00,95.00,preferences,95.00
src\main\java\org\jabref\gui\preferences\appearance\AppearanceTabViewModel.java,0.00,0.00,0.00,95.00,preferences,95.00
src\main\java\org\jabref\gui\preferences\citationkeypattern\CitationKeyPatternTab.java,0.00,0.00,0.00,95.00,preferences,95.00
src\main\java\org\jabref\gui\preferences\citationkeypattern\CitationKeyPatternTabViewModel.java,0.00,0.00,0.00,95.00,preferences,95.00
src\main\java\org\jabref\gui\preferences\customentrytypes\CustomEntryTypesTabViewModel.java,0.00,0.00,0.00,98.00,preferences,98.00
src\main\java\org\jabref\gui\preferences\customentrytypes\CustomEntryTypesTab.java,0.00,0.00,0.00,98.00,preferences,98.00
src\main\java\org\jabref\gui\preferences\customentrytypes\CustomEntryTypeViewModel.java,0.00,0.00,0.00,95.00,preferences,95.00
src\main\java\org\jabref\gui\preferences\customentrytypes\EntryTypeViewModel.java,0.00,0.00,0.00,95.00,preferences,95.00
src\main\java\org\jabref\gui\preferences\customentrytypes\FieldViewModel.java,0.00,0.00,0.00,95.00,preferences,95.00
src\main\java\org\jabref\gui\preferences\customexporter\CustomExporterTabViewModel.java,2.00,2.00,1.00,95.00,preferences,95.00
src\main\java\org\jabref\gui\preferences\customexporter\CustomExporterTab.java,0.00,0.00,0.00,98.00,preferences,98.00
src\main\java\org\jabref\gui\preferences\customimporter\CustomImporterTabViewModel.java,5.00,10.00,0.00,85.00,preferences,85.00
src\main\java\org\jabref\gui\preferences\customimporter\CustomImporterTab.java,0.00,0.00,0.00,85.00,preferences,85.00
src\main\java\org\jabref\gui\preferences\entry\EntryTab.java,0.00,0.00,0.00,95.00,preferences,95.00
src\main\java\org\jabref\gui\preferences\entry\EntryTabViewModel.java,0.00,0.00,0.00,95.00,preferences,95.00
src\main\java\org\jabref\gui\preferences\entryeditor\EntryEditorTab.java,0.00,0.00,0.00,95.00,preferences,95.00
src\main\java\org\jabref\gui\preferences\entryeditor\EntryEditorTabViewModel.java,0.00,0.00,0.00,0.00,None,0.00
src\main\java\org\jabref\gui\preferences\entryeditortabs\CustomEditorFieldsTabViewModel.java,0.00,0.00,0.00,98.00,preferences,98.00
src\main\java\org\jabref\gui\preferences\entryeditortabs\CustomEditorFieldsTab.java,0.00,0.00,0.00,95.00,preferences,95.00
src\main\java\org\jabref\gui\preferences\external\ExternalTab.java,0.00,0.00,0.00,95.00,preferences,95.00
src\main\java\org\jabref\gui\preferences\external\ExternalTabViewModel.java,0.00,0.00,0.00,84.00,preferences,84.00
src\main\java\org\jabref\gui\preferences\externalfiletypes\EditExternalFileTypeEntryDialog.java,0.00,0.00,0.00,95.00,preferences,95.00
src\main\java\org\jabref\gui\preferences\externalfiletypes\EditExternalFileTypeViewModel.java,0.00,0.00,0.00,95.00,preferences,95.00
src\main\java\org\jabref\gui\preferences\externalfiletypes\ExternalFileTypeItemViewModel.java,0.00,0.00,0.00,98.00,preferences,98.00
src\main\java\org\jabref\gui\preferences\externalfiletypes\ExternalFileTypesTab.java,0.00,0.00,0.00,95.00,preferences,95.00
src\main\java\org\jabref\gui\preferences\externalfiletypes\ExternalFileTypesTabViewModel.java,0.00,0.00,0.00,98.00,preferences,98.00
src\main\java\org\jabref\gui\preferences\file\FileTabViewModel.java,0.00,0.00,0.00,95.00,preferences,95.00
src\main\java\org\jabref\gui\preferences\file\FileTab.java,0.00,0.00,0.00,95.00,preferences,95.00
src\main\java\org\jabref\gui\preferences\general\GeneralTabViewModel.java,0.00,0.00,0.00,98.00,preferences,98.00
src\main\java\org\jabref\gui\preferences\general\GeneralTab.java,0.00,0.00,0.00,95.00,preferences,95.00
src\main\java\org\jabref\gui\preferences\groups\GroupsTabViewModel.java,0.00,0.00,0.00,95.00,preferences,95.00
src\main\java\org\jabref\gui\preferences\groups\GroupsTab.java,0.00,0.00,0.00,95.00,preferences,95.00
src\main\java\org\jabref\gui\preferences\importexport\ImportExportTab.java,0.00,0.00,0.00,95.00,preferences,95.00
src\main\java\org\jabref\gui\preferences\importexport\ImportExportTabViewModel.java,0.00,0.00,0.00,98.00,preferences,98.00
src\main\java\org\jabref\gui\preferences\journals\AbbreviationViewModel.java,0.00,0.00,0.00,98.00,preferences,98.00
src\main\java\org\jabref\gui\preferences\journals\AbbreviationsFileViewModel.java,0.00,0.00,0.00,95.00,preferences,95.00
src\main\java\org\jabref\gui\preferences\journals\JournalAbbreviationsTab.java,0.00,0.00,0.00,95.00,preferences,95.00
src\main\java\org\jabref\gui\preferences\journals\JournalAbbreviationsTabViewModel.java,1.00,1.00,0.00,98.00,preferences,98.00
src\main\java\org\jabref\gui\preferences\keybindings\presets\BashKeyBindingPreset.java,0.00,0.00,0.00,95.00,preferences,95.00
src\main\java\org\jabref\gui\preferences\keybindings\presets\KeyBindingPreset.java,0.00,0.00,0.00,85.00,preferences,85.00
src\main\java\org\jabref\gui\preferences\keybindings\presets\NewEntryBindingPreset.java,0.00,0.00,0.00,95.00,preferences,95.00
src\main\java\org\jabref\gui\preferences\keybindings\KeyBindingsTab.java,2.00,2.00,1.00,95.00,preferences,95.00
src\main\java\org\jabref\gui\preferences\keybindings\KeyBindingsTabViewModel.java,0.00,0.00,0.00,95.00,preferences,95.00
src\main\java\org\jabref\gui\preferences\keybindings\KeyBindingViewModel.java,0.00,0.00,0.00,95.00,preferences,95.00
src\main\java\org\jabref\gui\preferences\linkedfiles\LinkedFilesTab.java,0.00,0.00,0.00,98.00,preferences,98.00
src\main\java\org\jabref\gui\preferences\linkedfiles\LinkedFilesTabViewModel.java,0.00,0.00,0.00,95.00,preferences,95.00
src\main\java\org\jabref\gui\preferences\nameformatter\NameFormatterTab.java,0.00,0.00,0.00,98.00,preferences,98.00
src\main\java\org\jabref\gui\preferences\nameformatter\NameFormatterItemModel.java,0.00,0.00,0.00,95.00,preferences,95.00
src\main\java\org\jabref\gui\preferences\nameformatter\NameFormatterTabViewModel.java,0.00,0.00,0.00,98.00,preferences,98.00
src\main\java\org\jabref\gui\preferences\network\NetworkTab.java,0.00,0.00,0.00,98.00,preferences,98.00
src\main\java\org\jabref\gui\preferences\network\NetworkTabViewModel.java,0.00,0.00,0.00,95.00,preferences,95.00
src\main\java\org\jabref\gui\preferences\network\CustomCertificateViewModel.java,0.00,0.00,0.00,95.00,preferences,95.00
src\main\java\org\jabref\gui\preferences\preview\PreviewTab.java,5.00,10.00,0.00,95.00,preferences,95.00
src\main\java\org\jabref\gui\preferences\preview\PreviewTabViewModel.java,0.00,0.00,0.00,95.00,preferences,95.00
src\main\java\org\jabref\gui\preferences\protectedterms\NewProtectedTermsFileDialog.java,0.00,0.00,0.00,95.00,preferences,95.00
src\main\java\org\jabref\gui\preferences\protectedterms\ProtectedTermsListItemModel.java,0.00,0.00,0.00,98.00,preferences,98.00
src\main\java\org\jabref\gui\preferences\protectedterms\ProtectedTermsTabViewModel.java,0.00,0.00,0.00,98.00,preferences,98.00
src\main\java\org\jabref\gui\preferences\protectedterms\ProtectedTermsTab.java,0.00,0.00,0.00,95.00,preferences,95.00
src\main\java\org\jabref\gui\preferences\table\TableTab.java,0.00,0.00,0.00,98.00,preferences,98.00
src\main\java\org\jabref\gui\preferences\table\TableTabViewModel.java,0.00,0.00,0.00,95.00,preferences,95.00
src\main\java\org\jabref\gui\preferences\xmp\XmpPrivacyTabViewModel.java,0.00,0.00,0.00,95.00,preferences,95.00
src\main\java\org\jabref\gui\preferences\xmp\XmpPrivacyTab.java,0.00,0.00,0.00,95.00,preferences,95.00
src\main\java\org\jabref\gui\preferences\AbstractPreferenceTabView.java,0.00,0.00,0.00,95.00,preferences,95.00
src\main\java\org\jabref\gui\preferences\PreferencesDialogView.java,5.00,10.00,0.00,85.00,preferences,85.00
src\main\java\org\jabref\gui\preferences\PreferencesFilterDialog.java,0.00,0.00,0.00,95.00,preferences,95.00
src\main\java\org\jabref\gui\preferences\PreferencesDialogViewModel.java,0.00,0.00,0.00,85.00,preferences,85.00
src\main\java\org\jabref\gui\preferences\PreferencesSearchHandler.java,0.00,0.00,0.00,85.00,preferences,85.00
src\main\java\org\jabref\gui\preferences\PreferencesTab.java,0.00,0.00,0.00,85.00,preferences,85.00
src\main\java\org\jabref\gui\preferences\ShowPreferencesAction.java,0.00,0.00,0.00,85.00,preferences,85.00
src\main\java\org\jabref\gui\preferences\PreferenceTabViewModel.java,0.00,0.00,0.00,85.00,preferences,85.00
src\main\java\org\jabref\gui\preview\CopyCitationAction.java,0.00,75.00,0.00,0.00,logic,75.00
src\main\java\org\jabref\gui\preview\PreviewPanel.java,5.00,2.00,0.00,15.00,None,15.00
src\main\java\org\jabref\gui\preview\PreviewViewer.java,10.00,60.00,2.00,8.00,logic,60.00
src\main\java\org\jabref\gui\push\PushToApplication.java,5.00,70.00,5.00,20.00,logic,70.00
src\main\java\org\jabref\gui\push\AbstractPushToApplication.java,0.00,85.00,0.00,0.00,logic,85.00
src\main\java\org\jabref\gui\push\PushToApplications.java,0.00,5.00,0.00,20.00,None,20.00
src\main\java\org\jabref\gui\push\PushToApplicationCommand.java,5.00,90.00,2.00,3.00,logic,90.00
src\main\java\org\jabref\gui\push\PushToApplicationSettings.java,0.00,0.00,0.00,95.00,preferences,95.00
src\main\java\org\jabref\gui\push\PushToEmacs.java,5.00,75.00,10.00,10.00,logic,75.00
src\main\java\org\jabref\gui\push\PushToEmacsSettings.java,0.00,0.00,0.00,85.00,preferences,85.00
src\main\java\org\jabref\gui\push\PushToLyx.java,5.00,70.00,0.00,10.00,logic,70.00
src\main\java\org\jabref\gui\push\PushToLyxSettings.java,2.00,2.00,1.00,95.00,preferences,95.00
src\main\java\org\jabref\gui\push\PushToTeXstudio.java,0.00,90.00,0.00,0.00,logic,90.00
src\main\java\org\jabref\gui\push\PushToTexmaker.java,0.00,70.00,0.00,0.00,logic,70.00
src\main\java\org\jabref\gui\push\PushToVimSettings.java,0.00,0.00,0.00,95.00,preferences,95.00
src\main\java\org\jabref\gui\push\PushToVim.java,5.00,70.00,0.00,10.00,logic,70.00
src\main\java\org\jabref\gui\push\PushToWinEdt.java,5.00,25.00,2.00,1.00,None,25.00
src\main\java\org\jabref\gui\remote\CLIMessageHandler.java,5.00,10.00,75.00,5.00,cli,75.00
src\main\java\org\jabref\gui\search\rules\describer\GrammarBasedSearchRuleDescriber.java,0.00,90.00,0.00,0.00,logic,90.00
src\main\java\org\jabref\gui\search\rules\describer\ContainsAndRegexBasedSearchRuleDescriber.java,5.00,30.00,3.00,2.00,None,30.00
src\main\java\org\jabref\gui\search\rules\describer\SearchDescriber.java,0.00,85.00,0.00,0.00,logic,85.00
src\main\java\org\jabref\gui\search\rules\describer\SearchDescribers.java,5.00,35.00,2.00,3.00,None,35.00
src\main\java\org\jabref\gui\search\GlobalSearchBar.java,0.00,0.00,0.00,0.00,None,0.00
src\main\java\org\jabref\gui\search\GlobalSearchResultDialog.java,3.00,7.00,0.00,12.00,None,12.00
src\main\java\org\jabref\gui\search\GlobalSearchResultDialogViewModel.java,5.00,95.00,0.00,0.00,logic,95.00
src\main\java\org\jabref\gui\search\RebuildFulltextSearchIndexAction.java,5.00,70.00,2.00,3.00,logic,70.00
src\main\java\org\jabref\gui\search\SearchDisplayMode.java,0.00,0.00,0.00,85.00,preferences,85.00
src\main\java\org\jabref\gui\search\SearchResultsTable.java,0.00,5.00,0.00,0.00,None,5.00
src\main\java\org\jabref\gui\search\SearchFieldRightClickMenu.java,2.00,15.00,0.00,3.00,None,15.00
src\main\java\org\jabref\gui\search\SearchTextField.java,5.00,35.00,1.00,4.00,None,35.00
src\main\java\org\jabref\gui\search\SearchResultsTableDataModel.java,5.00,30.00,0.00,0.00,None,30.00
src\main\java\org\jabref\gui\shared\PullChangesFromSharedAction.java,5.00,85.00,5.00,5.00,logic,85.00
src\main\java\org\jabref\gui\shared\ConnectToSharedDatabaseCommand.java,5.00,30.00,0.00,5.00,None,30.00
src\main\java\org\jabref\gui\shared\SharedDatabaseLoginDialogView.java,5.00,10.00,0.00,35.00,None,35.00
src\main\java\org\jabref\gui\shared\SharedDatabaseLoginDialogViewModel.java,0.00,0.00,0.00,30.00,None,30.00
src\main\java\org\jabref\gui\shared\SharedDatabaseUIManager.java,5.00,70.00,2.00,3.00,logic,70.00
src\main\java\org\jabref\gui\sidepane\GroupsSidePaneComponent.java,5.00,10.00,0.00,15.00,None,15.00
src\main\java\org\jabref\gui\sidepane\SidePane.java,0.00,0.00,0.00,10.00,None,10.00
src\main\java\org\jabref\gui\sidepane\SidePaneComponent.java,0.00,0.00,0.00,5.00,None,5.00
src\main\java\org\jabref\gui\sidepane\SidePaneContentFactory.java,5.00,5.00,1.00,12.00,None,12.00
src\main\java\org\jabref\gui\sidepane\SidePaneViewModel.java,0.00,0.00,0.00,85.00,preferences,85.00
src\main\java\org\jabref\gui\sidepane\SidePaneType.java,0.00,0.00,0.00,85.00,preferences,85.00
src\main\java\org\jabref\gui\sidepane\TogglePaneAction.java,2.00,10.00,0.00,8.00,None,10.00
src\main\java\org\jabref\gui\slr\ExistingStudySearchAction.java,5.00,30.00,2.00,1.00,None,30.00
src\main\java\org\jabref\gui\slr\EditExistingStudyAction.java,5.00,65.00,5.00,5.00,logic,65.00
src\main\java\org\jabref\gui\slr\ManageStudyDefinitionView.java,2.00,8.00,0.00,90.00,preferences,90.00
src\main\java\org\jabref\gui\slr\SlrStudyAndDirectory.java,60.00,15.00,5.00,5.00,model,60.00
src\main\java\org\jabref\gui\slr\ManageStudyDefinitionViewModel.java,8.00,22.00,1.00,69.00,preferences,69.00
src\main\java\org\jabref\gui\slr\StartNewStudyAction.java,5.00,70.00,5.00,5.00,logic,70.00
src\main\java\org\jabref\gui\slr\StudyDatabaseItem.java,75.00,10.00,5.00,10.00,model,75.00
src\main\java\org\jabref\gui\specialfields\SpecialFieldAction.java,0.00,89.00,0.00,0.00,logic,89.00
src\main\java\org\jabref\gui\specialfields\SpecialFieldMenuItemFactory.java,5.00,7.00,1.00,18.00,None,18.00
src\main\java\org\jabref\gui\specialfields\SpecialFieldsPreferences.java,5.00,10.00,2.00,95.00,preferences,95.00
src\main\java\org\jabref\gui\specialfields\SpecialFieldValueViewModel.java,5.00,2.00,0.00,3.00,None,5.00
src\main\java\org\jabref\gui\specialfields\SpecialFieldViewModel.java,8.00,7.00,0.00,35.00,None,35.00
src\main\java\org\jabref\gui\texparser\ParseLatexAction.java,5.00,75.00,5.00,5.00,logic,75.00
src\main\java\org\jabref\gui\texparser\CitationsDisplay.java,5.00,60.00,2.00,3.00,logic,60.00
src\main\java\org\jabref\gui\texparser\ParseLatexDialogView.java,5.00,40.00,2.00,8.00,None,40.00
src\main\java\org\jabref\gui\texparser\ParseLatexDialogViewModel.java,5.00,25.00,1.00,1.00,None,25.00
src\main\java\org\jabref\gui\texparser\ParseLatexResultView.java,2.00,8.00,0.00,3.00,None,8.00
src\main\java\org\jabref\gui\texparser\ParseLatexResultViewModel.java,0.00,10.00,0.00,0.00,None,10.00
src\main\java\org\jabref\gui\texparser\ReferenceViewModel.java,5.00,20.00,1.00,1.00,None,20.00
src\main\java\org\jabref\gui\theme\StyleSheet.java,0.00,0.00,0.00,88.00,preferences,88.00
src\main\java\org\jabref\gui\theme\StyleSheetDataUrl.java,5.00,10.00,0.00,85.00,preferences,85.00
src\main\java\org\jabref\gui\theme\StyleSheetFile.java,0.00,0.00,0.00,15.00,None,15.00
src\main\java\org\jabref\gui\theme\StyleSheetResource.java,0.00,5.00,0.00,95.00,preferences,95.00
src\main\java\org\jabref\gui\theme\Theme.java,5.00,10.00,0.00,85.00,preferences,85.00
src\main\java\org\jabref\gui\theme\ThemeManager.java,5.00,10.00,0.00,85.00,preferences,85.00
src\main\java\org\jabref\gui\undo\AbstractUndoableJabRefEdit.java,5.00,25.00,1.00,1.00,None,25.00
src\main\java\org\jabref\gui\undo\CountingUndoManager.java,5.00,20.00,1.00,2.00,None,20.00
src\main\java\org\jabref\gui\undo\NamedCompound.java,5.00,20.00,1.00,1.00,None,20.00
src\main\java\org\jabref\gui\undo\UndoableChangeType.java,5.00,93.00,1.00,1.00,logic,93.00
src\main\java\org\jabref\gui\undo\UndoableFieldChange.java,5.00,15.00,1.00,1.00,None,15.00
src\main\java\org\jabref\gui\undo\UndoableInsertString.java,0.00,60.00,0.00,0.00,logic,60.00
src\main\java\org\jabref\gui\undo\UndoableInsertEntries.java,5.00,65.00,2.00,2.00,logic,65.00
src\main\java\org\jabref\gui\undo\UndoablePreambleChange.java,5.00,30.00,0.00,0.00,None,30.00
src\main\java\org\jabref\gui\undo\UndoableKeyChange.java,5.00,70.00,0.00,0.00,logic,70.00
src\main\java\org\jabref\gui\undo\UndoableRemoveEntries.java,5.00,15.00,0.00,0.00,None,15.00
src\main\java\org\jabref\gui\undo\UndoableRemoveString.java,5.00,75.00,2.00,3.00,logic,75.00
src\main\java\org\jabref\gui\undo\UndoableStringChange.java,5.00,92.00,1.00,2.00,logic,92.00
src\main\java\org\jabref\gui\undo\UndoRedoAction.java,5.00,40.00,0.00,0.00,None,40.00
src\main\java\org\jabref\gui\util\comparator\NumericFieldComparator.java,5.00,60.00,2.00,3.00,logic,60.00
src\main\java\org\jabref\gui\util\comparator\RankingFieldComparator.java,5.00,88.00,2.00,5.00,logic,88.00
src\main\java\org\jabref\gui\util\comparator\SpecialFieldComparator.java,5.00,20.00,1.00,5.00,None,20.00
src\main\java\org\jabref\gui\util\component\Tag.java,0.00,0.00,0.00,0.00,None,0.00
src\main\java\org\jabref\gui\util\component\DiffHighlightingTextPane.java,0.00,3.00,0.00,1.00,None,3.00
src\main\java\org\jabref\gui\util\component\TagBar.java,0.00,2.00,0.00,5.00,None,5.00
src\main\java\org\jabref\gui\util\component\TemporalAccessorPicker.java,0.00,0.00,0.00,70.00,preferences,70.00
src\main\java\org\jabref\gui\util\uithreadaware\UiThreadBinding.java,2.00,12.00,1.00,3.00,None,12.00
src\main\java\org\jabref\gui\util\uithreadaware\UiThreadChangeListener.java,0.00,0.00,0.00,5.00,None,5.00
src\main\java\org\jabref\gui\util\uithreadaware\UiThreadHelper.java,0.00,10.00,0.00,0.00,None,10.00
src\main\java\org\jabref\gui\util\uithreadaware\UiThreadInvalidationListener.java,5.00,4.00,1.00,12.00,None,12.00
src\main\java\org\jabref\gui\util\uithreadaware\UiThreadListChangeListener.java,2.00,3.00,1.00,8.00,None,8.00
src\main\java\org\jabref\gui\util\uithreadaware\UiThreadObservableList.java,5.00,35.00,1.00,4.00,None,35.00
src\main\java\org\jabref\gui\util\uithreadaware\UiThreadStringProperty.java,1.00,1.00,1.00,5.00,None,5.00
src\main\java\org\jabref\gui\util\BaseDialog.java,2.00,2.00,1.00,10.00,None,10.00
src\main\java\org\jabref\gui\util\BackgroundTask.java,5.00,15.00,2.00,3.00,None,15.00
src\main\java\org\jabref\gui\util\BindingsHelper.java,2.00,3.00,1.00,10.00,None,10.00
src\main\java\org\jabref\gui\util\ColorUtil.java,5.00,5.00,2.00,88.00,preferences,88.00
src\main\java\org\jabref\gui\util\ControlHelper.java,0.00,0.00,0.00,0.00,None,0.00
src\main\java\org\jabref\gui\util\CurrentThreadTaskExecutor.java,0.00,5.00,0.00,0.00,None,5.00
src\main\java\org\jabref\gui\util\CustomLocalDragboard.java,25.00,10.00,0.00,5.00,None,25.00
src\main\java\org\jabref\gui\util\CustomRatingSkin.java,5.00,5.00,1.00,15.00,None,15.00
src\main\java\org\jabref\gui\util\CustomTitledPaneSkin.java,0.00,0.00,0.00,5.00,None,5.00
src\main\java\org\jabref\gui\util\DefaultFileUpdateMonitor.java,5.00,85.00,3.00,7.00,logic,85.00
src\main\java\org\jabref\gui\util\DefaultTaskExecutor.java,5.00,35.00,2.00,3.00,None,35.00
src\main\java\org\jabref\gui\util\DialogWindowState.java,5.00,5.00,0.00,90.00,preferences,90.00
src\main\java\org\jabref\gui\util\DirectoryDialogConfiguration.java,5.00,5.00,1.00,20.00,None,20.00
src\main\java\org\jabref\gui\util\DroppingMouseLocation.java,5.00,30.00,1.00,5.00,None,30.00
src\main\java\org\jabref\gui\util\FileDialogConfiguration.java,0.00,0.00,0.00,70.00,preferences,70.00
src\main\java\org\jabref\gui\util\FieldsUtil.java,0.00,65.00,0.00,0.00,logic,65.00
src\main\java\org\jabref\gui\util\FileFilterConverter.java,5.00,65.00,2.00,8.00,logic,65.00
src\main\java\org\jabref\gui\util\FileNodeViewModel.java,15.00,5.00,1.00,3.00,None,15.00
src\main\java\org\jabref\gui\util\IconValidationDecorator.java,2.00,8.00,0.00,0.00,None,8.00
src\main\java\org\jabref\gui\util\JabRefResourceLocator.java,0.00,5.00,0.00,10.00,None,10.00
src\main\java\org\jabref\gui\util\NoSelectionModel.java,0.00,10.00,0.00,0.00,None,10.00
src\main\java\org\jabref\gui\util\OnlyIntegerFormatter.java,0.00,0.00,0.00,25.00,None,25.00
src\main\java\org\jabref\gui\util\OpenHyperlinksInExternalBrowser.java,2.00,5.00,1.00,8.00,None,8.00
src\main\java\org\jabref\gui\util\OptionalObjectProperty.java,1.00,3.00,1.00,2.00,None,3.00
src\main\java\org\jabref\gui\util\OptionalValueTableCellFactory.java,5.00,10.00,1.00,2.00,None,10.00
src\main\java\org\jabref\gui\util\RadioButtonCell.java,2.00,2.00,0.00,6.00,None,6.00
src\main\java\org\jabref\gui\util\RecursiveTreeItem.java,2.00,5.00,1.00,2.00,None,5.00
src\main\java\org\jabref\gui\util\StreamGobbler.java,5.00,25.00,10.00,2.00,None,25.00
src\main\java\org\jabref\gui\util\TaskExecutor.java,5.00,15.00,2.00,3.00,None,15.00
src\main\java\org\jabref\gui\util\TextFlowLimited.java,0.00,0.00,0.00,1.00,None,1.00
src\main\java\org\jabref\gui\util\TooltipTextUtil.java,5.00,8.00,2.00,3.00,None,8.00
src\main\java\org\jabref\gui\util\ValueTableCellFactory.java,5.00,15.00,0.00,5.00,None,15.00
src\main\java\org\jabref\gui\util\UiThreadList.java,5.00,2.00,0.00,0.00,None,5.00
src\main\java\org\jabref\gui\util\ViewModelListCellFactory.java,2.00,8.00,0.00,1.00,None,8.00
src\main\java\org\jabref\gui\util\ViewModelTextFieldTableCellVisualizationFactory.java,5.00,12.00,1.00,6.00,None,12.00
src\main\java\org\jabref\gui\util\ViewModelTableRowFactory.java,0.00,10.00,0.00,5.00,None,10.00
src\main\java\org\jabref\gui\util\ViewModelTreeCellFactory.java,0.00,1.00,0.00,0.00,None,1.00
src\main\java\org\jabref\gui\util\ViewModelTreeTableCellFactory.java,0.00,0.00,0.00,5.00,None,5.00
src\main\java\org\jabref\gui\util\ViewModelTreeTableRowFactory.java,4.00,18.00,1.00,3.00,None,18.00
src\main\java\org\jabref\gui\util\ZipFileChooser.java,5.00,65.00,2.00,3.00,logic,65.00
src\main\java\org\jabref\gui\BasePanelMode.java,1.00,10.00,1.00,1.00,None,10.00
src\main\java\org\jabref\gui\AbstractViewModel.java,5.00,30.00,0.00,10.00,None,30.00
src\main\java\org\jabref\gui\DefaultInjector.java,5.00,30.00,2.00,10.00,None,30.00
src\main\java\org\jabref\gui\ClipBoardManager.java,5.00,65.00,5.00,5.00,logic,65.00
src\main\java\org\jabref\gui\Dialog.java,5.00,20.00,1.00,40.00,None,40.00
src\main\java\org\jabref\gui\DialogService.java,0.00,6.00,0.00,1.00,None,6.00
src\main\java\org\jabref\gui\DragAndDropDataFormats.java,0.00,20.00,0.00,0.00,None,20.00
src\main\java\org\jabref\gui\DragAndDropHelper.java,10.00,45.00,2.00,3.00,None,45.00
src\main\java\org\jabref\gui\EntryTypeView.java,0.00,0.00,0.00,85.00,preferences,85.00
src\main\java\org\jabref\gui\EntryTypeViewModel.java,5.00,15.00,2.00,3.00,None,15.00
src\main\java\org\jabref\gui\FXDialog.java,1.00,1.00,0.00,2.00,None,2.00
src\main\java\org\jabref\gui\FallbackExceptionHandler.java,0.00,30.00,0.00,5.00,None,30.00
src\main\java\org\jabref\gui\Globals.java,5.00,83.00,2.00,10.00,logic,83.00
src\main\java\org\jabref\gui\JabRefDialogService.java,5.00,70.00,0.00,5.00,logic,70.00
src\main\java\org\jabref\gui\JabRefFrame.java,5.00,75.00,0.00,10.00,logic,75.00
src\main\java\org\jabref\gui\JabRefExecutorService.java,5.00,30.00,5.00,5.00,None,30.00
src\main\java\org\jabref\gui\JabRefGUI.java,5.00,10.00,1.00,15.00,None,15.00
src\main\java\org\jabref\gui\LibraryTab.java,5.00,85.00,0.00,10.00,logic,85.00
src\main\java\org\jabref\gui\MainApplication.java,5.00,10.00,30.00,55.00,preferences,55.00
src\main\java\org\jabref\gui\OpenConsoleAction.java,0.00,10.00,0.00,0.00,None,10.00
src\main\java\org\jabref\gui\SendAsEMailAction.java,0.00,20.00,0.00,0.00,None,20.00
src\main\java\org\jabref\gui\UpdateTimestampListener.java,0.00,65.00,0.00,0.00,logic,65.00
src\main\java\org\jabref\gui\StateManager.java,0.00,0.00,0.00,65.00,preferences,65.00
src\main\java\org\jabref\gui\WaitForSaveFinishedDialog.java,0.00,5.00,0.00,0.00,None,5.00
src\main\java\org\jabref\logic\autosaveandbackup\AutosaveManager.java,0.00,98.00,0.00,0.00,logic,98.00
src\main\java\org\jabref\logic\autosaveandbackup\BackupManager.java,0.00,95.00,0.00,0.00,logic,95.00
src\main\java\org\jabref\logic\auxparser\AuxParser.java,0.00,98.00,0.00,0.00,logic,98.00
src\main\java\org\jabref\logic\auxparser\AuxParserResult.java,0.00,98.00,0.00,0.00,logic,98.00
src\main\java\org\jabref\logic\auxparser\DefaultAuxParser.java,1.00,98.00,0.00,0.00,logic,98.00
src\main\java\org\jabref\logic\bibtex\comparator\BibEntryDiff.java,0.00,98.00,0.00,0.00,logic,98.00
src\main\java\org\jabref\logic\bibtex\comparator\BibDatabaseDiff.java,0.00,98.00,0.00,0.00,logic,98.00
src\main\java\org\jabref\logic\bibtex\comparator\BibStringDiff.java,0.00,98.00,0.00,0.00,logic,98.00
src\main\java\org\jabref\logic\bibtex\comparator\BibtexStringComparator.java,0.00,98.00,0.00,0.00,logic,98.00
src\main\java\org\jabref\logic\bibtex\comparator\CrossRefEntryComparator.java,0.00,98.00,0.00,0.00,logic,98.00
src\main\java\org\jabref\logic\bibtex\comparator\EntryComparator.java,0.00,98.00,0.00,0.00,logic,98.00
src\main\java\org\jabref\logic\bibtex\comparator\FieldComparator.java,0.00,98.00,0.00,0.00,logic,98.00
src\main\java\org\jabref\logic\bibtex\comparator\FieldComparatorStack.java,0.00,98.00,0.00,0.00,logic,98.00
src\main\java\org\jabref\logic\bibtex\comparator\GroupDiff.java,0.00,98.00,0.00,0.00,logic,98.00
src\main\java\org\jabref\logic\bibtex\comparator\IdComparator.java,0.00,98.00,0.00,0.00,logic,98.00
src\main\java\org\jabref\logic\bibtex\comparator\MetaDataDiff.java,0.00,98.00,0.00,0.00,logic,98.00
src\main\java\org\jabref\logic\bibtex\comparator\PreambleDiff.java,0.00,98.00,0.00,0.00,logic,98.00
src\main\java\org\jabref\logic\bibtex\FieldContentFormatter.java,0.00,98.00,0.00,0.00,logic,98.00
src\main\java\org\jabref\logic\bibtex\BibEntryWriter.java,0.00,95.00,0.00,0.00,logic,95.00
src\main\java\org\jabref\logic\bibtex\FieldWriter.java,0.00,98.00,0.00,0.00,logic,98.00
src\main\java\org\jabref\logic\bibtex\FieldPreferences.java,0.00,95.00,0.00,0.00,logic,95.00
src\main\java\org\jabref\logic\bibtex\InvalidFieldValueException.java,0.00,0.00,0.00,0.00,None,0.00
src\main\java\org\jabref\logic\bibtex\FileFieldWriter.java,0.00,98.00,0.00,0.00,logic,98.00
src\main\java\org\jabref\logic\bst\util\BstCaseChanger.java,1.00,98.00,0.00,0.00,logic,98.00
src\main\java\org\jabref\logic\bst\util\BstNameFormatter.java,0.00,98.00,0.00,0.00,logic,98.00
src\main\java\org\jabref\logic\bst\util\BstPurifier.java,0.00,98.00,0.00,0.00,logic,98.00
src\main\java\org\jabref\logic\bst\util\BstTextPrefixer.java,0.00,98.00,0.00,0.00,logic,98.00
src\main\java\org\jabref\logic\bst\util\BstWidthCalculator.java,0.00,98.00,0.00,0.00,logic,98.00
src\main\java\org\jabref\logic\bst\BstEntry.java,0.00,95.00,0.00,0.00,logic,95.00
src\main\java\org\jabref\logic\bst\BstFunctions.java,0.00,98.00,0.00,0.00,logic,98.00
src\main\java\org\jabref\logic\bst\BstPreviewLayout.java,3.00,95.00,1.00,1.00,logic,95.00
src\main\java\org\jabref\logic\bst\BstVM.java,0.00,95.00,0.00,0.00,logic,95.00
src\main\java\org\jabref\logic\bst\BstVMContext.java,0.00,95.00,0.00,0.00,logic,95.00
src\main\java\org\jabref\logic\bst\BstVMException.java,0.00,98.00,0.00,0.00,logic,98.00
src\main\java\org\jabref\logic\bst\BstVMVisitor.java,0.00,98.00,0.00,0.00,logic,98.00
src\main\java\org\jabref\logic\citationkeypattern\BracketedPattern.java,0.00,98.00,0.00,0.00,logic,98.00
src\main\java\org\jabref\logic\citationkeypattern\AbstractCitationKeyPattern.java,0.00,98.00,0.00,0.00,logic,98.00
src\main\java\org\jabref\logic\citationkeypattern\CitationKeyGenerator.java,0.00,98.00,0.00,0.00,logic,98.00
src\main\java\org\jabref\logic\citationkeypattern\CitationKeyPatternPreferences.java,0.00,5.00,0.00,95.00,preferences,95.00
src\main\java\org\jabref\logic\citationkeypattern\DatabaseCitationKeyPattern.java,0.00,98.00,0.00,0.00,logic,98.00
src\main\java\org\jabref\logic\citationkeypattern\GlobalCitationKeyPattern.java,0.00,98.00,0.00,0.00,logic,98.00
src\main\java\org\jabref\logic\citationstyle\CitationStyleCache.java,0.00,98.00,0.00,0.00,logic,98.00
src\main\java\org\jabref\logic\citationstyle\CitationStyle.java,0.00,95.00,0.00,0.00,logic,95.00
src\main\java\org\jabref\logic\citationstyle\CitationStyleGenerator.java,1.00,98.00,0.00,0.00,logic,98.00
src\main\java\org\jabref\logic\citationstyle\CitationStyleOutputFormat.java,0.00,95.00,0.00,0.00,logic,95.00
src\main\java\org\jabref\logic\citationstyle\CitationStylePreviewLayout.java,0.00,98.00,0.00,0.00,logic,98.00
src\main\java\org\jabref\logic\citationstyle\CSLAdapter.java,0.00,95.00,0.00,0.00,logic,95.00
src\main\java\org\jabref\logic\citationstyle\JabRefItemDataProvider.java,0.00,98.00,0.00,0.00,logic,98.00
src\main\java\org\jabref\logic\citationstyle\JabRefLocaleProvider.java,0.00,95.00,0.00,0.00,logic,95.00
src\main\java\org\jabref\logic\cleanup\CleanupJob.java,0.00,98.00,0.00,0.00,logic,98.00
src\main\java\org\jabref\logic\cleanup\CleanupWorker.java,10.00,85.00,2.00,3.00,logic,85.00
src\main\java\org\jabref\logic\cleanup\ConvertToBibtexCleanup.java,0.00,98.00,0.00,0.00,logic,98.00
src\main\java\org\jabref\logic\cleanup\ConvertToBiblatexCleanup.java,1.00,98.00,0.00,0.00,logic,98.00
src\main\java\org\jabref\logic\cleanup\EprintCleanup.java,0.00,98.00,0.00,0.00,logic,98.00
src\main\java\org\jabref\logic\cleanup\DoiCleanup.java,1.00,98.00,0.00,0.00,logic,98.00
src\main\java\org\jabref\logic\cleanup\FieldFormatterCleanup.java,1.00,98.00,0.00,0.00,logic,98.00
src\main\java\org\jabref\logic\cleanup\FieldFormatterCleanups.java,2.00,98.00,0.00,0.00,logic,98.00
src\main\java\org\jabref\logic\cleanup\FileLinksCleanup.java,1.00,98.00,0.00,0.00,logic,98.00
src\main\java\org\jabref\logic\cleanup\Formatter.java,0.00,98.00,0.00,0.00,logic,98.00
src\main\java\org\jabref\logic\cleanup\MoveFieldCleanup.java,0.00,98.00,0.00,0.00,logic,98.00
src\main\java\org\jabref\logic\cleanup\ISSNCleanup.java,0.00,99.00,0.00,0.00,logic,99.00
src\main\java\org\jabref\logic\cleanup\MoveFilesCleanup.java,0.00,98.00,0.00,0.00,logic,98.00
src\main\java\org\jabref\logic\cleanup\RelativePathsCleanup.java,0.00,98.00,0.00,0.00,logic,98.00
src\main\java\org\jabref\logic\cleanup\RenamePdfCleanup.java,0.00,98.00,0.00,0.00,logic,98.00
src\main\java\org\jabref\logic\cleanup\TimeStampToCreationDate.java,0.00,98.00,0.00,0.00,logic,98.00
src\main\java\org\jabref\logic\cleanup\TimeStampToModificationDate.java,0.00,98.00,0.00,0.00,logic,98.00
src\main\java\org\jabref\logic\cleanup\UpgradePdfPsToFileCleanup.java,0.00,95.00,0.00,0.00,logic,95.00
src\main\java\org\jabref\logic\crawler\Crawler.java,0.00,98.00,0.00,0.00,logic,98.00
src\main\java\org\jabref\logic\crawler\StudyDatabaseToFetcherConverter.java,0.00,98.00,0.00,0.00,logic,98.00
src\main\java\org\jabref\logic\crawler\StudyFetcher.java,0.00,98.00,0.00,0.00,logic,98.00
src\main\java\org\jabref\logic\crawler\StudyRepository.java,0.00,98.00,0.00,0.00,logic,98.00
src\main\java\org\jabref\logic\crawler\StudyYamlParser.java,0.00,98.00,0.00,0.00,logic,98.00
src\main\java\org\jabref\logic\database\DatabaseMerger.java,0.00,98.00,0.00,0.00,logic,98.00
src\main\java\org\jabref\logic\database\DuplicateCheck.java,0.00,98.00,0.00,0.00,logic,98.00
src\main\java\org\jabref\logic\exporter\AtomicFileWriter.java,0.00,98.00,0.00,0.00,logic,98.00
src\main\java\org\jabref\logic\exporter\AtomicFileOutputStream.java,1.00,98.00,0.00,0.00,logic,98.00
src\main\java\org\jabref\logic\exporter\BibtexDatabaseWriter.java,1.00,98.00,0.00,0.00,logic,98.00
src\main\java\org\jabref\logic\exporter\BibDatabaseWriter.java,0.00,95.00,0.00,0.00,logic,95.00
src\main\java\org\jabref\logic\exporter\BibWriter.java,0.00,98.00,0.00,0.00,logic,98.00
src\main\java\org\jabref\logic\exporter\BlankLineBehaviour.java,0.00,98.00,0.00,0.00,logic,98.00
src\main\java\org\jabref\logic\exporter\EmbeddedBibFilePdfExporter.java,0.00,98.00,0.00,0.00,logic,98.00
src\main\java\org\jabref\logic\exporter\Exporter.java,0.00,98.00,0.00,0.00,logic,98.00
src\main\java\org\jabref\logic\exporter\ExporterFactory.java,1.00,98.00,0.00,0.00,logic,98.00
src\main\java\org\jabref\logic\exporter\GroupSerializer.java,0.00,98.00,0.00,0.00,logic,98.00
src\main\java\org\jabref\logic\exporter\ModsExporter.java,0.00,98.00,0.00,0.00,logic,98.00
src\main\java\org\jabref\logic\exporter\MetaDataSerializer.java,0.00,98.00,0.00,0.00,logic,98.00
src\main\java\org\jabref\logic\exporter\MSBibExporter.java,0.00,98.00,0.00,0.00,logic,98.00
src\main\java\org\jabref\logic\exporter\OOCalcDatabase.java,0.00,98.00,0.00,0.00,logic,98.00
src\main\java\org\jabref\logic\exporter\OpenDocumentRepresentation.java,0.00,98.00,0.00,0.00,logic,98.00
src\main\java\org\jabref\logic\exporter\OpenDocumentSpreadsheetCreator.java,0.00,98.00,0.00,0.00,logic,98.00
src\main\java\org\jabref\logic\exporter\OpenOfficeDocumentCreator.java,0.00,98.00,0.00,0.00,logic,98.00
src\main\java\org\jabref\logic\exporter\SaveConfiguration.java,0.00,98.00,0.00,0.00,logic,98.00
src\main\java\org\jabref\logic\exporter\SaveException.java,0.00,95.00,0.00,0.00,logic,95.00
src\main\java\org\jabref\logic\exporter\TemplateExporter.java,0.00,98.00,0.00,0.00,logic,98.00
src\main\java\org\jabref\logic\exporter\XmpExporter.java,0.00,98.00,0.00,0.00,logic,98.00
src\main\java\org\jabref\logic\exporter\XmpPdfExporter.java,0.00,98.00,0.00,0.00,logic,98.00
src\main\java\org\jabref\logic\externalfiles\ExternalFilesContentImporter.java,1.00,98.00,0.00,0.00,logic,98.00
src\main\java\org\jabref\logic\externalfiles\LinkedFileHandler.java,0.00,98.00,0.00,0.00,logic,98.00
src\main\java\org\jabref\logic\formatter\bibtexfields\CleanupUrlFormatter.java,0.00,98.00,0.00,0.00,logic,98.00
src\main\java\org\jabref\logic\formatter\bibtexfields\AddBracesFormatter.java,0.00,98.00,0.00,0.00,logic,98.00
src\main\java\org\jabref\logic\formatter\bibtexfields\ClearFormatter.java,0.00,98.00,0.00,0.00,logic,98.00
src\main\java\org\jabref\logic\formatter\bibtexfields\EscapeAmpersandsFormatter.java,0.00,98.00,0.00,0.00,logic,98.00
src\main\java\org\jabref\logic\formatter\bibtexfields\EscapeDollarSignFormatter.java,0.00,98.00,0.00,0.00,logic,98.00
src\main\java\org\jabref\logic\formatter\bibtexfields\EscapeUnderscoresFormatter.java,0.00,98.00,0.00,0.00,logic,98.00
src\main\java\org\jabref\logic\formatter\bibtexfields\HtmlToLatexFormatter.java,0.00,98.00,0.00,0.00,logic,98.00
src\main\java\org\jabref\logic\formatter\bibtexfields\HtmlToUnicodeFormatter.java,3.00,95.00,1.00,1.00,logic,95.00
src\main\java\org\jabref\logic\formatter\bibtexfields\LatexCleanupFormatter.java,0.00,98.00,0.00,0.00,logic,98.00
src\main\java\org\jabref\logic\formatter\bibtexfields\NormalizeEnDashesFormatter.java,0.00,98.00,0.00,0.00,logic,98.00
src\main\java\org\jabref\logic\formatter\bibtexfields\NormalizeDateFormatter.java,0.00,98.00,0.00,0.00,logic,98.00
src\main\java\org\jabref\logic\formatter\bibtexfields\NormalizeMonthFormatter.java,0.00,98.00,0.00,0.00,logic,98.00
src\main\java\org\jabref\logic\formatter\bibtexfields\NormalizeNamesFormatter.java,0.00,98.00,0.00,0.00,logic,98.00
src\main\java\org\jabref\logic\formatter\bibtexfields\NormalizePagesFormatter.java,0.00,98.00,0.00,0.00,logic,98.00
src\main\java\org\jabref\logic\formatter\bibtexfields\OrdinalsToSuperscriptFormatter.java,0.00,98.00,0.00,0.00,logic,98.00
src\main\java\org\jabref\logic\formatter\bibtexfields\RegexFormatter.java,0.00,98.00,0.00,0.00,logic,98.00
src\main\java\org\jabref\logic\formatter\bibtexfields\RemoveBracesFormatter.java,0.00,98.00,0.00,0.00,logic,98.00
src\main\java\org\jabref\logic\formatter\bibtexfields\RemoveDigitsFormatter.java,0.00,98.00,0.00,0.00,logic,98.00
src\main\java\org\jabref\logic\formatter\bibtexfields\RemoveHyphenatedNewlinesFormatter.java,0.00,98.00,0.00,0.00,logic,98.00
src\main\java\org\jabref\logic\formatter\bibtexfields\RemoveNewlinesFormatter.java,0.00,98.00,0.00,0.00,logic,98.00
src\main\java\org\jabref\logic\formatter\bibtexfields\RemoveRedundantSpacesFormatter.java,0.00,98.00,0.00,0.00,logic,98.00
src\main\java\org\jabref\logic\formatter\bibtexfields\ReplaceTabsBySpaceFormater.java,0.00,98.00,0.00,0.00,logic,98.00
src\main\java\org\jabref\logic\formatter\bibtexfields\ShortenDOIFormatter.java,0.00,98.00,0.00,0.00,logic,98.00
src\main\java\org\jabref\logic\formatter\bibtexfields\TrimWhitespaceFormatter.java,0.00,98.00,0.00,0.00,logic,98.00
src\main\java\org\jabref\logic\formatter\bibtexfields\UnicodeToLatexFormatter.java,0.00,98.00,0.00,0.00,logic,98.00
src\main\java\org\jabref\logic\formatter\bibtexfields\UnitsToLatexFormatter.java,0.00,98.00,0.00,0.00,logic,98.00
src\main\java\org\jabref\logic\formatter\casechanger\LowerCaseFormatter.java,0.00,98.00,0.00,0.00,logic,98.00
src\main\java\org\jabref\logic\formatter\casechanger\CapitalizeFormatter.java,0.00,98.00,0.00,0.00,logic,98.00
src\main\java\org\jabref\logic\formatter\casechanger\ProtectTermsFormatter.java,0.00,98.00,0.00,0.00,logic,98.00
src\main\java\org\jabref\logic\formatter\casechanger\SentenceCaseFormatter.java,1.00,98.00,0.00,0.00,logic,98.00
src\main\java\org\jabref\logic\formatter\casechanger\Title.java,0.00,98.00,0.00,0.00,logic,98.00
src\main\java\org\jabref\logic\formatter\casechanger\TitleCaseFormatter.java,0.00,98.00,0.00,0.00,logic,98.00
src\main\java\org\jabref\logic\formatter\casechanger\UnprotectTermsFormatter.java,0.00,99.00,0.00,0.00,logic,99.00
src\main\java\org\jabref\logic\formatter\casechanger\TitleParser.java,1.00,98.00,0.00,0.00,logic,98.00
src\main\java\org\jabref\logic\formatter\casechanger\UpperCaseFormatter.java,0.00,98.00,0.00,0.00,logic,98.00
src\main\java\org\jabref\logic\formatter\casechanger\Word.java,0.00,95.00,0.00,0.00,logic,95.00
src\main\java\org\jabref\logic\formatter\minifier\TruncateFormatter.java,0.00,99.00,0.00,0.00,logic,99.00
src\main\java\org\jabref\logic\formatter\minifier\MinifyNameListFormatter.java,0.00,98.00,0.00,0.00,logic,98.00
src\main\java\org\jabref\logic\formatter\Formatters.java,1.00,98.00,0.00,0.00,logic,98.00
src\main\java\org\jabref\logic\formatter\IdentityFormatter.java,0.00,98.00,0.00,0.00,logic,98.00
src\main\java\org\jabref\logic\git\SlrGitHandler.java,0.00,98.00,0.00,0.00,logic,98.00
src\main\java\org\jabref\logic\git\GitHandler.java,0.00,0.00,0.00,0.00,None,0.00
src\main\java\org\jabref\logic\groups\DefaultGroupsFactory.java,0.00,98.00,0.00,0.00,logic,98.00
src\main\java\org\jabref\logic\help\HelpFile.java,0.00,85.00,0.00,0.00,logic,85.00
src\main\java\org\jabref\logic\importer\fetcher\isbntobibtex\DoiToBibtexConverterComIsbnFetcher.java,0.00,98.00,0.00,0.00,logic,98.00
src\main\java\org\jabref\logic\importer\fetcher\isbntobibtex\EbookDeIsbnFetcher.java,0.00,98.00,0.00,0.00,logic,98.00
src\main\java\org\jabref\logic\importer\fetcher\isbntobibtex\IsbnFetcher.java,0.00,98.00,0.00,0.00,logic,98.00
src\main\java\org\jabref\logic\importer\fetcher\isbntobibtex\OpenLibraryIsbnFetcher.java,0.00,98.00,0.00,0.00,logic,98.00
src\main\java\org\jabref\logic\importer\fetcher\transformers\AbstractQueryTransformer.java,0.00,98.00,0.00,0.00,logic,98.00
src\main\java\org\jabref\logic\importer\fetcher\transformers\ArXivQueryTransformer.java,0.00,98.00,0.00,0.00,logic,98.00
src\main\java\org\jabref\logic\importer\fetcher\transformers\CollectionOfComputerScienceBibliographiesQueryTransformer.java,0.00,98.00,0.00,0.00,logic,98.00
src\main\java\org\jabref\logic\importer\fetcher\transformers\BiodiversityLibraryTransformer.java,0.00,99.00,0.00,0.00,logic,99.00
src\main\java\org\jabref\logic\importer\fetcher\transformers\DBLPQueryTransformer.java,0.00,98.00,0.00,0.00,logic,98.00
src\main\java\org\jabref\logic\importer\fetcher\transformers\DefaultLuceneQueryTransformer.java,0.00,98.00,0.00,0.00,logic,98.00
src\main\java\org\jabref\logic\importer\fetcher\transformers\DefaultQueryTransformer.java,0.00,98.00,0.00,0.00,logic,98.00
src\main\java\org\jabref\logic\importer\fetcher\transformers\GVKQueryTransformer.java,0.00,98.00,0.00,0.00,logic,98.00
src\main\java\org\jabref\logic\importer\fetcher\transformers\IEEEQueryTransformer.java,0.00,98.00,0.00,0.00,logic,98.00
src\main\java\org\jabref\logic\importer\fetcher\transformers\JstorQueryTransformer.java,0.00,98.00,0.00,0.00,logic,98.00
src\main\java\org\jabref\logic\importer\fetcher\transformers\MedlineQueryTransformer.java,0.00,98.00,0.00,0.00,logic,98.00
src\main\java\org\jabref\logic\importer\fetcher\transformers\ResearchGateQueryTransformer.java,0.00,98.00,0.00,0.00,logic,98.00
src\main\java\org\jabref\logic\importer\fetcher\transformers\ScholarQueryTransformer.java,0.00,98.00,0.00,0.00,logic,98.00
src\main\java\org\jabref\logic\importer\fetcher\transformers\SpringerQueryTransformer.java,0.00,98.00,0.00,0.00,logic,98.00
src\main\java\org\jabref\logic\importer\fetcher\transformers\YearAndYearRangeByFilteringQueryTransformer.java,0.00,98.00,0.00,0.00,logic,98.00
src\main\java\org\jabref\logic\importer\fetcher\transformers\YearRangeByFilteringQueryTransformer.java,0.00,98.00,0.00,0.00,logic,98.00
src\main\java\org\jabref\logic\importer\fetcher\transformers\ZbMathQueryTransformer.java,0.00,98.00,0.00,0.00,logic,98.00
src\main\java\org\jabref\logic\importer\fetcher\AbstractIsbnFetcher.java,0.00,98.00,0.00,0.00,logic,98.00
src\main\java\org\jabref\logic\importer\fetcher\ACMPortalFetcher.java,0.00,98.00,0.00,0.00,logic,98.00
src\main\java\org\jabref\logic\importer\fetcher\ACS.java,2.00,98.00,0.00,0.00,logic,98.00
src\main\java\org\jabref\logic\importer\fetcher\ApsFetcher.java,0.00,98.00,0.00,0.00,logic,98.00
src\main\java\org\jabref\logic\importer\fetcher\ArXivFetcher.java,2.00,98.00,0.00,0.00,logic,98.00
src\main\java\org\jabref\logic\importer\fetcher\AstrophysicsDataSystem.java,0.00,95.00,0.00,0.00,logic,95.00
src\main\java\org\jabref\logic\importer\fetcher\BibsonomyScraper.java,0.00,98.00,0.00,0.00,logic,98.00
src\main\java\org\jabref\logic\importer\fetcher\BiodiversityLibrary.java,0.00,98.00,0.00,0.00,logic,98.00
src\main\java\org\jabref\logic\importer\fetcher\BvbFetcher.java,0.00,98.00,0.00,0.00,logic,98.00
src\main\java\org\jabref\logic\importer\fetcher\CiteSeer.java,0.00,98.00,0.00,0.00,logic,98.00
src\main\java\org\jabref\logic\importer\fetcher\CollectionOfComputerScienceBibliographiesFetcher.java,0.00,98.00,0.00,0.00,logic,98.00
src\main\java\org\jabref\logic\importer\fetcher\CollectionOfComputerScienceBibliographiesParser.java,0.00,98.00,0.00,0.00,logic,98.00
src\main\java\org\jabref\logic\importer\fetcher\CompositeSearchBasedFetcher.java,0.00,99.00,0.00,0.00,logic,99.00
src\main\java\org\jabref\logic\importer\fetcher\ComplexSearchQuery.java,0.00,98.00,0.00,0.00,logic,98.00
src\main\java\org\jabref\logic\importer\fetcher\CustomizableKeyFetcher.java,0.00,98.00,0.00,0.00,logic,98.00
src\main\java\org\jabref\logic\importer\fetcher\CrossRef.java,0.00,98.00,0.00,0.00,logic,98.00
src\main\java\org\jabref\logic\importer\fetcher\DBLPFetcher.java,5.00,95.00,0.00,0.00,logic,95.00
src\main\java\org\jabref\logic\importer\fetcher\DiVA.java,0.00,99.00,0.00,0.00,logic,99.00
src\main\java\org\jabref\logic\importer\fetcher\DOABFetcher.java,1.00,98.00,0.00,0.00,logic,98.00
src\main\java\org\jabref\logic\importer\fetcher\DOAJFetcher.java,0.00,98.00,0.00,0.00,logic,98.00
src\main\java\org\jabref\logic\importer\fetcher\DoiFetcher.java,0.00,98.00,0.00,0.00,logic,98.00
src\main\java\org\jabref\logic\importer\fetcher\DoiResolution.java,0.00,98.00,0.00,0.00,logic,98.00
src\main\java\org\jabref\logic\importer\fetcher\GoogleScholar.java,0.00,98.00,0.00,0.00,logic,98.00
src\main\java\org\jabref\logic\importer\fetcher\GrobidCitationFetcher.java,0.00,99.00,0.00,0.00,logic,99.00
src\main\java\org\jabref\logic\importer\fetcher\GvkFetcher.java,0.00,98.00,0.00,0.00,logic,98.00
src\main\java\org\jabref\logic\importer\fetcher\GrobidPreferences.java,0.00,0.00,0.00,95.00,preferences,95.00
src\main\java\org\jabref\logic\importer\fetcher\IacrEprintFetcher.java,5.00,95.00,0.00,0.00,logic,95.00
src\main\java\org\jabref\logic\importer\fetcher\IEEE.java,1.00,98.00,0.00,0.00,logic,98.00
src\main\java\org\jabref\logic\importer\fetcher\INSPIREFetcher.java,0.00,99.00,0.00,0.00,logic,99.00
src\main\java\org\jabref\logic\importer\fetcher\JstorFetcher.java,0.00,98.00,0.00,0.00,logic,98.00
src\main\java\org\jabref\logic\importer\fetcher\LibraryOfCongress.java,1.00,98.00,0.00,0.00,logic,98.00
src\main\java\org\jabref\logic\importer\fetcher\MathSciNet.java,0.00,99.00,0.00,0.00,logic,99.00
src\main\java\org\jabref\logic\importer\fetcher\MedlineFetcher.java,0.00,92.00,0.00,0.00,logic,92.00
src\main\java\org\jabref\logic\importer\fetcher\Medra.java,0.00,98.00,0.00,0.00,logic,98.00
src\main\java\org\jabref\logic\importer\fetcher\MrDLibFetcher.java,1.00,98.00,0.00,0.00,logic,98.00
src\main\java\org\jabref\logic\importer\fetcher\OpenAccessDoi.java,1.00,98.00,0.00,0.00,logic,98.00
src\main\java\org\jabref\logic\importer\fetcher\ResearchGate.java,0.00,98.00,0.00,0.00,logic,98.00
src\main\java\org\jabref\logic\importer\fetcher\RfcFetcher.java,0.00,98.00,0.00,0.00,logic,98.00
src\main\java\org\jabref\logic\importer\fetcher\ScienceDirect.java,0.00,95.00,0.00,0.00,logic,95.00
src\main\java\org\jabref\logic\importer\fetcher\SemanticScholar.java,0.00,98.00,0.00,0.00,logic,98.00
src\main\java\org\jabref\logic\importer\fetcher\SpringerFetcher.java,1.00,98.00,0.00,0.00,logic,98.00
src\main\java\org\jabref\logic\importer\fetcher\SpringerLink.java,0.00,98.00,0.00,0.00,logic,98.00
src\main\java\org\jabref\logic\importer\fetcher\TitleFetcher.java,1.00,98.00,0.00,0.00,logic,98.00
src\main\java\org\jabref\logic\importer\fetcher\TrustLevel.java,0.00,98.00,0.00,0.00,logic,98.00
src\main\java\org\jabref\logic\importer\fetcher\ZbMATH.java,0.00,98.00,0.00,0.00,logic,98.00
src\main\java\org\jabref\logic\importer\fileformat\medline\ArticleId.java,0.00,95.00,0.00,0.00,logic,95.00
src\main\java\org\jabref\logic\importer\fileformat\medline\Investigator.java,0.00,95.00,0.00,0.00,logic,95.00
src\main\java\org\jabref\logic\importer\fileformat\medline\OtherId.java,0.00,98.00,0.00,0.00,logic,98.00
src\main\java\org\jabref\logic\importer\fileformat\medline\MeshHeading.java,5.00,95.00,0.00,0.00,logic,95.00
src\main\java\org\jabref\logic\importer\fileformat\medline\PersonalNameSubject.java,5.00,95.00,0.00,0.00,logic,95.00
src\main\java\org\jabref\logic\importer\fileformat\mods\Identifier.java,0.00,98.00,0.00,0.00,logic,98.00
src\main\java\org\jabref\logic\importer\fileformat\mods\Name.java,0.00,95.00,0.00,0.00,logic,95.00
src\main\java\org\jabref\logic\importer\fileformat\mods\package-info.java,0.00,99.00,0.00,0.00,logic,99.00
src\main\java\org\jabref\logic\importer\fileformat\mods\RecordInfo.java,0.00,98.00,0.00,0.00,logic,98.00
src\main\java\org\jabref\logic\importer\fileformat\BiblioscapeImporter.java,0.00,98.00,0.00,0.00,logic,98.00
src\main\java\org\jabref\logic\importer\fileformat\ACMPortalParser.java,0.00,98.00,0.00,0.00,logic,98.00
src\main\java\org\jabref\logic\importer\fileformat\BibtexImporter.java,0.00,98.00,0.00,0.00,logic,98.00
src\main\java\org\jabref\logic\importer\fileformat\BibtexParser.java,0.00,98.00,0.00,0.00,logic,98.00
src\main\java\org\jabref\logic\importer\fileformat\CffImporter.java,0.00,99.00,0.00,0.00,logic,99.00
src\main\java\org\jabref\logic\importer\fileformat\CitaviXmlImporter.java,0.00,98.00,0.00,0.00,logic,98.00
src\main\java\org\jabref\logic\importer\fileformat\CoinsParser.java,0.00,98.00,0.00,0.00,logic,98.00
src\main\java\org\jabref\logic\importer\fileformat\CopacImporter.java,0.00,98.00,0.00,0.00,logic,98.00
src\main\java\org\jabref\logic\importer\fileformat\CustomImporter.java,0.00,98.00,0.00,0.00,logic,98.00
src\main\java\org\jabref\logic\importer\fileformat\EndnoteImporter.java,0.00,99.00,0.00,0.00,logic,99.00
src\main\java\org\jabref\logic\importer\fileformat\EndnoteXmlImporter.java,0.00,98.00,0.00,0.00,logic,98.00
src\main\java\org\jabref\logic\importer\fileformat\InspecImporter.java,0.00,98.00,0.00,0.00,logic,98.00
src\main\java\org\jabref\logic\importer\fileformat\IsiImporter.java,0.00,98.00,0.00,0.00,logic,98.00
src\main\java\org\jabref\logic\importer\fileformat\MarcXmlParser.java,0.00,98.00,0.00,0.00,logic,98.00
src\main\java\org\jabref\logic\importer\fileformat\MedlineImporter.java,1.00,98.00,0.00,0.00,logic,98.00
src\main\java\org\jabref\logic\importer\fileformat\MedlinePlainImporter.java,0.00,98.00,0.00,0.00,logic,98.00
src\main\java\org\jabref\logic\importer\fileformat\ModsImporter.java,0.00,98.00,0.00,0.00,logic,98.00
src\main\java\org\jabref\logic\importer\fileformat\MrDLibImporter.java,0.00,98.00,0.00,0.00,logic,98.00
src\main\java\org\jabref\logic\importer\fileformat\MsBibImporter.java,0.00,98.00,0.00,0.00,logic,98.00
src\main\java\org\jabref\logic\importer\fileformat\OvidImporter.java,0.00,98.00,0.00,0.00,logic,98.00
src\main\java\org\jabref\logic\importer\fileformat\PdfContentImporter.java,0.00,98.00,0.00,0.00,logic,98.00
src\main\java\org\jabref\logic\importer\fileformat\PdfEmbeddedBibFileImporter.java,0.00,95.00,0.00,0.00,logic,95.00
src\main\java\org\jabref\logic\importer\fileformat\PdfGrobidImporter.java,0.00,99.00,0.00,0.00,logic,99.00
src\main\java\org\jabref\logic\importer\fileformat\PdfMergeMetadataImporter.java,0.00,98.00,0.00,0.00,logic,98.00
src\main\java\org\jabref\logic\importer\fileformat\PdfVerbatimBibTextImporter.java,0.00,98.00,0.00,0.00,logic,98.00
src\main\java\org\jabref\logic\importer\fileformat\PdfXmpImporter.java,0.00,99.00,0.00,0.00,logic,99.00
src\main\java\org\jabref\logic\importer\fileformat\PicaXmlParser.java,0.00,98.00,0.00,0.00,logic,98.00
src\main\java\org\jabref\logic\importer\fileformat\RepecNepImporter.java,0.00,98.00,0.00,0.00,logic,98.00
src\main\java\org\jabref\logic\importer\fileformat\RisImporter.java,0.00,98.00,0.00,0.00,logic,98.00
src\main\java\org\jabref\logic\importer\fileformat\SilverPlatterImporter.java,0.00,98.00,0.00,0.00,logic,98.00
src\main\java\org\jabref\logic\importer\util\GrobidService.java,0.00,98.00,0.00,0.00,logic,98.00
src\main\java\org\jabref\logic\importer\util\GroupsParser.java,0.00,98.00,0.00,0.00,logic,98.00
src\main\java\org\jabref\logic\importer\util\FileFieldParser.java,0.00,98.00,0.00,0.00,logic,98.00
src\main\java\org\jabref\logic\importer\util\IdentifierParser.java,0.00,98.00,0.00,0.00,logic,98.00
src\main\java\org\jabref\logic\importer\util\INSPIREBibtexFilterReader.java,0.00,98.00,0.00,0.00,logic,98.00
src\main\java\org\jabref\logic\importer\util\JsonReader.java,0.00,98.00,0.00,0.00,logic,98.00
src\main\java\org\jabref\logic\importer\util\MediaTypes.java,0.00,98.00,0.00,0.00,logic,98.00
src\main\java\org\jabref\logic\importer\util\MetaDataParser.java,0.00,98.00,0.00,0.00,logic,98.00
src\main\java\org\jabref\logic\importer\util\ShortDOIService.java,0.00,98.00,0.00,0.00,logic,98.00
src\main\java\org\jabref\logic\importer\util\ShortDOIServiceException.java,0.00,98.00,0.00,0.00,logic,98.00
src\main\java\org\jabref\logic\importer\AuthorListParser.java,0.00,98.00,0.00,0.00,logic,98.00
src\main\java\org\jabref\logic\importer\CompositeIdFetcher.java,0.00,98.00,0.00,0.00,logic,98.00
src\main\java\org\jabref\logic\importer\EntryBasedFetcher.java,0.00,98.00,0.00,0.00,logic,98.00
src\main\java\org\jabref\logic\importer\EntryBasedParserFetcher.java,0.00,98.00,0.00,0.00,logic,98.00
src\main\java\org\jabref\logic\importer\FetcherClientException.java,0.00,98.00,0.00,0.00,logic,98.00
src\main\java\org\jabref\logic\importer\FetcherException.java,0.00,98.00,0.00,0.00,logic,98.00
src\main\java\org\jabref\logic\importer\FetcherResult.java,0.00,98.00,0.00,0.00,logic,98.00
src\main\java\org\jabref\logic\importer\FetcherServerException.java,0.00,99.00,0.00,0.00,logic,99.00
src\main\java\org\jabref\logic\importer\FulltextFetcher.java,0.00,98.00,0.00,0.00,logic,98.00
src\main\java\org\jabref\logic\importer\FulltextFetchers.java,0.00,99.00,0.00,0.00,logic,99.00
src\main\java\org\jabref\logic\importer\IdBasedFetcher.java,0.00,98.00,0.00,0.00,logic,98.00
src\main\java\org\jabref\logic\importer\IdBasedParserFetcher.java,0.00,95.00,0.00,0.00,logic,95.00
src\main\java\org\jabref\logic\importer\IdFetcher.java,0.00,98.00,0.00,0.00,logic,98.00
src\main\java\org\jabref\logic\importer\IdParserFetcher.java,1.00,98.00,0.00,0.00,logic,98.00
src\main\java\org\jabref\logic\importer\ImportCleanup.java,0.00,98.00,0.00,0.00,logic,98.00
src\main\java\org\jabref\logic\importer\Importer.java,0.00,98.00,0.00,0.00,logic,98.00
src\main\java\org\jabref\logic\importer\ImporterPreferences.java,0.00,95.00,0.00,0.00,logic,95.00
src\main\java\org\jabref\logic\importer\ImportException.java,0.00,98.00,0.00,0.00,logic,98.00
src\main\java\org\jabref\logic\importer\ImportFormatReader.java,1.00,98.00,0.00,0.00,logic,98.00
src\main\java\org\jabref\logic\importer\ImportFormatPreferences.java,0.00,90.00,0.00,0.00,logic,90.00
src\main\java\org\jabref\logic\importer\OpenDatabase.java,0.00,98.00,0.00,0.00,logic,98.00
src\main\java\org\jabref\logic\importer\OutputPrinter.java,0.00,98.00,0.00,0.00,logic,98.00
src\main\java\org\jabref\logic\importer\PagedSearchBasedFetcher.java,0.00,99.00,0.00,0.00,logic,99.00
src\main\java\org\jabref\logic\importer\PagedSearchBasedParserFetcher.java,0.00,98.00,0.00,0.00,logic,98.00
src\main\java\org\jabref\logic\importer\ParseException.java,0.00,98.00,0.00,0.00,logic,98.00
src\main\java\org\jabref\logic\importer\Parser.java,0.00,98.00,0.00,0.00,logic,98.00
src\main\java\org\jabref\logic\importer\ParserResult.java,0.00,98.00,0.00,0.00,logic,98.00
src\main\java\org\jabref\logic\importer\QueryParser.java,0.00,99.00,0.00,0.00,logic,99.00
src\main\java\org\jabref\logic\importer\SearchBasedFetcher.java,0.00,98.00,0.00,0.00,logic,98.00
src\main\java\org\jabref\logic\importer\SearchBasedParserFetcher.java,0.00,98.00,0.00,0.00,logic,98.00
src\main\java\org\jabref\logic\importer\WebFetcher.java,0.00,98.00,0.00,0.00,logic,98.00
src\main\java\org\jabref\logic\importer\WebFetchers.java,2.00,98.00,0.00,0.00,logic,98.00
src\main\java\org\jabref\logic\integrity\AbbreviationChecker.java,0.00,99.00,0.00,0.00,logic,99.00
src\main\java\org\jabref\logic\integrity\AmpersandChecker.java,0.00,98.00,0.00,0.00,logic,98.00
src\main\java\org\jabref\logic\integrity\BibStringChecker.java,0.00,98.00,0.00,0.00,logic,98.00
src\main\java\org\jabref\logic\integrity\ASCIICharacterChecker.java,0.00,98.00,0.00,0.00,logic,98.00
src\main\java\org\jabref\logic\integrity\BibTeXEntryTypeChecker.java,0.00,98.00,0.00,0.00,logic,98.00
src\main\java\org\jabref\logic\integrity\BooktitleChecker.java,0.00,98.00,0.00,0.00,logic,98.00
src\main\java\org\jabref\logic\integrity\BracesCorrector.java,0.00,98.00,0.00,0.00,logic,98.00
src\main\java\org\jabref\logic\integrity\BracketChecker.java,0.00,98.00,0.00,0.00,logic,98.00
src\main\java\org\jabref\logic\integrity\CitationKeyChecker.java,0.00,98.00,0.00,0.00,logic,98.00
src\main\java\org\jabref\logic\integrity\CitationKeyDeviationChecker.java,0.00,98.00,0.00,0.00,logic,98.00
src\main\java\org\jabref\logic\integrity\CitationKeyDuplicationChecker.java,0.00,98.00,0.00,0.00,logic,98.00
src\main\java\org\jabref\logic\integrity\DatabaseChecker.java,0.00,98.00,0.00,0.00,logic,98.00
src\main\java\org\jabref\logic\integrity\DateChecker.java,0.00,98.00,0.00,0.00,logic,98.00
src\main\java\org\jabref\logic\integrity\DoiDuplicationChecker.java,0.00,98.00,0.00,0.00,logic,98.00
src\main\java\org\jabref\logic\integrity\DoiValidityChecker.java,0.00,98.00,0.00,0.00,logic,98.00
src\main\java\org\jabref\logic\integrity\EditionChecker.java,0.00,98.00,0.00,0.00,logic,98.00
src\main\java\org\jabref\logic\integrity\EntryChecker.java,0.00,98.00,0.00,0.00,logic,98.00
src\main\java\org\jabref\logic\integrity\EntryLinkChecker.java,5.00,95.00,0.00,0.00,logic,95.00
src\main\java\org\jabref\logic\integrity\FieldChecker.java,0.00,98.00,0.00,0.00,logic,98.00
src\main\java\org\jabref\logic\integrity\FileChecker.java,0.00,98.00,0.00,0.00,logic,98.00
src\main\java\org\jabref\logic\integrity\FieldCheckers.java,5.00,95.00,2.00,3.00,logic,95.00
src\main\java\org\jabref\logic\integrity\HowPublishedChecker.java,0.00,99.00,0.00,0.00,logic,99.00
src\main\java\org\jabref\logic\integrity\HTMLCharacterChecker.java,2.00,98.00,0.00,0.00,logic,98.00
src\main\java\org\jabref\logic\integrity\IntegrityCheck.java,0.00,98.00,0.00,0.00,logic,98.00
src\main\java\org\jabref\logic\integrity\ISBNChecker.java,1.00,98.00,0.00,0.00,logic,98.00
src\main\java\org\jabref\logic\integrity\IntegrityMessage.java,0.00,98.00,0.00,0.00,logic,98.00
src\main\java\org\jabref\logic\integrity\ISSNChecker.java,0.00,98.00,0.00,0.00,logic,98.00
src\main\java\org\jabref\logic\integrity\JournalInAbbreviationListChecker.java,5.00,95.00,0.00,0.00,logic,95.00
src\main\java\org\jabref\logic\integrity\MonthChecker.java,0.00,98.00,0.00,0.00,logic,98.00
src\main\java\org\jabref\logic\integrity\NoBibtexFieldChecker.java,0.00,98.00,0.00,0.00,logic,98.00
src\main\java\org\jabref\logic\integrity\NoteChecker.java,1.00,98.00,0.00,0.00,logic,98.00
src\main\java\org\jabref\logic\integrity\PagesChecker.java,0.00,98.00,0.00,0.00,logic,98.00
src\main\java\org\jabref\logic\integrity\PersonNamesChecker.java,0.00,98.00,0.00,0.00,logic,98.00
src\main\java\org\jabref\logic\integrity\TitleChecker.java,0.00,98.00,0.00,0.00,logic,98.00
src\main\java\org\jabref\logic\integrity\TypeChecker.java,0.00,98.00,0.00,0.00,logic,98.00
src\main\java\org\jabref\logic\integrity\UrlChecker.java,0.00,98.00,0.00,0.00,logic,98.00
src\main\java\org\jabref\logic\integrity\UTF8Checker.java,0.00,98.00,0.00,0.00,logic,98.00
src\main\java\org\jabref\logic\integrity\ValidCitationKeyChecker.java,0.00,98.00,0.00,0.00,logic,98.00
src\main\java\org\jabref\logic\integrity\ValueChecker.java,0.00,98.00,0.00,0.00,logic,98.00
src\main\java\org\jabref\logic\integrity\YearChecker.java,0.00,98.00,0.00,0.00,logic,98.00
src\main\java\org\jabref\logic\journals\AbbreviationFormat.java,0.00,95.00,0.00,0.00,logic,95.00
src\main\java\org\jabref\logic\journals\Abbreviation.java,0.00,95.00,0.00,0.00,logic,95.00
src\main\java\org\jabref\logic\journals\AbbreviationParser.java,0.00,95.00,0.00,0.00,logic,95.00
src\main\java\org\jabref\logic\journals\AbbreviationWriter.java,0.00,95.00,0.00,0.00,logic,95.00
src\main\java\org\jabref\logic\journals\JournalAbbreviationLoader.java,0.00,85.00,0.00,0.00,logic,85.00
src\main\java\org\jabref\logic\journals\JournalAbbreviationPreferences.java,0.00,95.00,0.00,5.00,logic,95.00
src\main\java\org\jabref\logic\journals\JournalAbbreviationRepository.java,0.00,95.00,0.00,0.00,logic,95.00
src\main\java\org\jabref\logic\l10n\Encodings.java,0.00,95.00,0.00,0.00,logic,95.00
src\main\java\org\jabref\logic\l10n\Language.java,0.00,98.00,0.00,0.00,logic,98.00
src\main\java\org\jabref\logic\l10n\Localization.java,0.00,98.00,0.00,0.00,logic,98.00
src\main\java\org\jabref\logic\l10n\LocalizationKey.java,0.00,98.00,0.00,0.00,logic,98.00
src\main\java\org\jabref\logic\l10n\LocalizationKeyParams.java,5.00,95.00,2.00,1.00,logic,95.00
src\main\java\org\jabref\logic\l10n\LocalizationLocator.java,0.00,98.00,0.00,0.00,logic,98.00
src\main\java\org\jabref\logic\layout\format\AuthorAndsCommaReplacer.java,0.00,98.00,0.00,0.00,logic,98.00
src\main\java\org\jabref\logic\layout\format\AuthorAbbreviator.java,1.00,98.00,0.00,0.00,logic,98.00
src\main\java\org\jabref\logic\layout\format\AuthorAndsReplacer.java,0.00,95.00,0.00,0.00,logic,95.00
src\main\java\org\jabref\logic\layout\format\AuthorAndToSemicolonReplacer.java,0.00,98.00,0.00,0.00,logic,98.00
src\main\java\org\jabref\logic\layout\format\AuthorFirstAbbrLastCommas.java,0.00,98.00,0.00,0.00,logic,98.00
src\main\java\org\jabref\logic\layout\format\AuthorFirstAbbrLastOxfordCommas.java,1.00,98.00,0.00,0.00,logic,98.00
src\main\java\org\jabref\logic\layout\format\AuthorFirstFirst.java,0.00,98.00,0.00,0.00,logic,98.00
src\main\java\org\jabref\logic\layout\format\AuthorFirstFirstCommas.java,0.00,98.00,0.00,0.00,logic,98.00
src\main\java\org\jabref\logic\layout\format\AuthorFirstLastCommas.java,0.00,98.00,0.00,0.00,logic,98.00
src\main\java\org\jabref\logic\layout\format\AuthorFirstLastOxfordCommas.java,1.00,98.00,0.00,0.00,logic,98.00
src\main\java\org\jabref\logic\layout\format\AuthorLastFirst.java,0.00,95.00,0.00,0.00,logic,95.00
src\main\java\org\jabref\logic\layout\format\AuthorLastFirstAbbrCommas.java,0.00,98.00,0.00,0.00,logic,98.00
src\main\java\org\jabref\logic\layout\format\AuthorLastFirstAbbreviator.java,0.00,98.00,0.00,0.00,logic,98.00
src\main\java\org\jabref\logic\layout\format\AuthorLastFirstAbbrOxfordCommas.java,0.00,98.00,0.00,0.00,logic,98.00
src\main\java\org\jabref\logic\layout\format\AuthorLastFirstCommas.java,0.00,98.00,0.00,0.00,logic,98.00
src\main\java\org\jabref\logic\layout\format\AuthorLastFirstOxfordCommas.java,0.00,98.00,0.00,0.00,logic,98.00
src\main\java\org\jabref\logic\layout\format\AuthorLF_FF.java,0.00,98.00,0.00,0.00,logic,98.00
src\main\java\org\jabref\logic\layout\format\AuthorLF_FFAbbr.java,0.00,98.00,0.00,0.00,logic,98.00
src\main\java\org\jabref\logic\layout\format\AuthorNatBib.java,0.00,98.00,0.00,0.00,logic,98.00
src\main\java\org\jabref\logic\layout\format\AuthorOrgSci.java,0.00,98.00,0.00,0.00,logic,98.00
src\main\java\org\jabref\logic\layout\format\Authors.java,0.00,98.00,0.00,0.00,logic,98.00
src\main\java\org\jabref\logic\layout\format\CompositeFormat.java,0.00,98.00,0.00,0.00,logic,98.00
src\main\java\org\jabref\logic\layout\format\CreateBibORDFAuthors.java,0.00,98.00,0.00,0.00,logic,98.00
src\main\java\org\jabref\logic\layout\format\CreateDocBook4Authors.java,0.00,98.00,0.00,0.00,logic,98.00
src\main\java\org\jabref\logic\layout\format\CreateDocBook5Authors.java,0.00,98.00,0.00,0.00,logic,98.00
src\main\java\org\jabref\logic\layout\format\CreateDocBook4Editors.java,0.00,98.00,0.00,0.00,logic,98.00
src\main\java\org\jabref\logic\layout\format\CSLType.java,0.00,98.00,0.00,0.00,logic,98.00
src\main\java\org\jabref\logic\layout\format\CreateDocBook5Editors.java,0.00,98.00,0.00,0.00,logic,98.00
src\main\java\org\jabref\logic\layout\format\CurrentDate.java,0.00,98.00,0.00,0.00,logic,98.00
src\main\java\org\jabref\logic\layout\format\DateFormatter.java,0.00,95.00,0.00,0.00,logic,95.00
src\main\java\org\jabref\logic\layout\format\Default.java,0.00,95.00,0.00,0.00,logic,95.00
src\main\java\org\jabref\logic\layout\format\DocBookAuthorFormatter.java,0.00,98.00,0.00,0.00,logic,98.00
src\main\java\org\jabref\logic\layout\format\DocBookVersion.java,0.00,95.00,0.00,0.00,logic,95.00
src\main\java\org\jabref\logic\layout\format\DOICheck.java,0.00,98.00,0.00,0.00,logic,98.00
src\main\java\org\jabref\logic\layout\format\DOIStrip.java,1.00,98.00,0.00,0.00,logic,98.00
src\main\java\org\jabref\logic\layout\format\EntryTypeFormatter.java,0.00,98.00,0.00,0.00,logic,98.00
src\main\java\org\jabref\logic\layout\format\FileLink.java,3.00,95.00,1.00,1.00,logic,95.00
src\main\java\org\jabref\logic\layout\format\FirstPage.java,0.00,98.00,0.00,0.00,logic,98.00
src\main\java\org\jabref\logic\layout\format\FormatPagesForHTML.java,0.00,98.00,0.00,0.00,logic,98.00
src\main\java\org\jabref\logic\layout\format\FormatPagesForXML.java,0.00,98.00,0.00,0.00,logic,98.00
src\main\java\org\jabref\logic\layout\format\GetOpenOfficeType.java,0.00,98.00,0.00,0.00,logic,98.00
src\main\java\org\jabref\logic\layout\format\HTMLChars.java,0.00,98.00,0.00,0.00,logic,98.00
src\main\java\org\jabref\logic\layout\format\HTMLParagraphs.java,0.00,99.00,0.00,0.00,logic,99.00
src\main\java\org\jabref\logic\layout\format\IfPlural.java,0.00,98.00,0.00,0.00,logic,98.00
src\main\java\org\jabref\logic\layout\format\Iso690FormatDate.java,0.00,98.00,0.00,0.00,logic,98.00
src\main\java\org\jabref\logic\layout\format\Iso690NamesAuthors.java,0.00,0.00,0.00,0.00,None,0.00
src\main\java\org\jabref\logic\layout\format\JournalAbbreviator.java,0.00,98.00,0.00,0.00,logic,98.00
src\main\java\org\jabref\logic\layout\format\LastPage.java,0.00,98.00,0.00,0.00,logic,98.00
src\main\java\org\jabref\logic\layout\format\LatexToUnicodeFormatter.java,0.00,98.00,0.00,0.00,logic,98.00
src\main\java\org\jabref\logic\layout\format\MarkdownFormatter.java,0.00,98.00,0.00,0.00,logic,98.00
src\main\java\org\jabref\logic\layout\format\NameFormatter.java,0.00,95.00,0.00,0.00,logic,95.00
src\main\java\org\jabref\logic\layout\format\NameFormatterPreferences.java,5.00,65.00,2.00,28.00,logic,65.00
src\main\java\org\jabref\logic\layout\format\NoSpaceBetweenAbbreviations.java,0.00,98.00,0.00,0.00,logic,98.00
src\main\java\org\jabref\logic\layout\format\NotFoundFormatter.java,0.00,98.00,0.00,0.00,logic,98.00
src\main\java\org\jabref\logic\layout\format\Number.java,0.00,98.00,0.00,0.00,logic,98.00
src\main\java\org\jabref\logic\layout\format\Ordinal.java,0.00,95.00,0.00,0.00,logic,95.00
src\main\java\org\jabref\logic\layout\format\RemoveBrackets.java,0.00,98.00,0.00,0.00,logic,98.00
src\main\java\org\jabref\logic\layout\format\RemoveBracketsAddComma.java,0.00,98.00,0.00,0.00,logic,98.00
src\main\java\org\jabref\logic\layout\format\RemoveLatexCommandsFormatter.java,0.00,98.00,0.00,0.00,logic,98.00
src\main\java\org\jabref\logic\layout\format\RemoveTilde.java,0.00,95.00,0.00,0.00,logic,95.00
src\main\java\org\jabref\logic\layout\format\RemoveWhitespace.java,0.00,98.00,0.00,0.00,logic,98.00
src\main\java\org\jabref\logic\layout\format\Replace.java,0.00,0.00,0.00,0.00,None,0.00
src\main\java\org\jabref\logic\layout\format\ReplaceUnicodeLigaturesFormatter.java,0.00,98.00,0.00,0.00,logic,98.00
src\main\java\org\jabref\logic\layout\format\ReplaceWithEscapedDoubleQuotes.java,0.00,98.00,0.00,0.00,logic,98.00
src\main\java\org\jabref\logic\layout\format\RisAuthors.java,0.00,98.00,0.00,0.00,logic,98.00
src\main\java\org\jabref\logic\layout\format\RisKeywords.java,0.00,98.00,0.00,0.00,logic,98.00
src\main\java\org\jabref\logic\layout\format\RisMonth.java,0.00,98.00,0.00,0.00,logic,98.00
src\main\java\org\jabref\logic\layout\format\RTFChars.java,0.00,98.00,0.00,0.00,logic,98.00
src\main\java\org\jabref\logic\layout\format\ShortMonthFormatter.java,0.00,98.00,0.00,0.00,logic,98.00
src\main\java\org\jabref\logic\layout\format\ToLowerCase.java,0.00,98.00,0.00,0.00,logic,98.00
src\main\java\org\jabref\logic\layout\format\ToUpperCase.java,0.00,98.00,0.00,0.00,logic,98.00
src\main\java\org\jabref\logic\layout\format\WrapContent.java,0.00,95.00,0.00,0.00,logic,95.00
src\main\java\org\jabref\logic\layout\format\WrapFileLinks.java,0.00,98.00,0.00,0.00,logic,98.00
src\main\java\org\jabref\logic\layout\format\XMLChars.java,0.00,98.00,0.00,0.00,logic,98.00
src\main\java\org\jabref\logic\layout\Layout.java,0.00,98.00,0.00,0.00,logic,98.00
src\main\java\org\jabref\logic\layout\AbstractParamLayoutFormatter.java,0.00,98.00,0.00,0.00,logic,98.00
src\main\java\org\jabref\logic\layout\LayoutFormatter.java,0.00,98.00,0.00,0.00,logic,98.00
src\main\java\org\jabref\logic\layout\LayoutEntry.java,0.00,98.00,0.00,0.00,logic,98.00
src\main\java\org\jabref\logic\layout\LayoutFormatterBasedFormatter.java,0.00,98.00,0.00,0.00,logic,98.00
src\main\java\org\jabref\logic\layout\LayoutFormatterPreferences.java,0.00,0.00,0.00,93.00,preferences,93.00
src\main\java\org\jabref\logic\layout\LayoutHelper.java,0.00,98.00,0.00,0.00,logic,98.00
src\main\java\org\jabref\logic\layout\ParamLayoutFormatter.java,0.00,98.00,0.00,0.00,logic,98.00
src\main\java\org\jabref\logic\layout\StringInt.java,0.00,98.00,0.00,0.00,logic,98.00
src\main\java\org\jabref\logic\layout\TextBasedPreviewLayout.java,0.00,95.00,0.00,0.00,logic,95.00
src\main\java\org\jabref\logic\logging\LogMessages.java,1.00,98.00,0.00,0.00,logic,98.00
src\main\java\org\jabref\logic\msbib\BibTeXConverter.java,0.00,95.00,0.00,0.00,logic,95.00
src\main\java\org\jabref\logic\msbib\MSBibConverter.java,2.00,98.00,0.00,0.00,logic,98.00
src\main\java\org\jabref\logic\msbib\MSBibDatabase.java,0.00,95.00,0.00,0.00,logic,95.00
src\main\java\org\jabref\logic\msbib\MsBibAuthor.java,0.00,98.00,0.00,0.00,logic,98.00
src\main\java\org\jabref\logic\msbib\MSBibEntryType.java,0.00,98.00,0.00,0.00,logic,98.00
src\main\java\org\jabref\logic\msbib\MSBibEntry.java,0.00,95.00,0.00,0.00,logic,95.00
src\main\java\org\jabref\logic\msbib\MSBibMapping.java,0.00,98.00,0.00,0.00,logic,98.00
src\main\java\org\jabref\logic\msbib\PageNumbers.java,0.00,95.00,0.00,0.00,logic,95.00
src\main\java\org\jabref\logic\net\ssl\SSLPreferences.java,0.00,95.00,0.00,0.00,logic,95.00
src\main\java\org\jabref\logic\net\ssl\SSLCertificate.java,0.00,95.00,0.00,0.00,logic,95.00
src\main\java\org\jabref\logic\net\ssl\TrustStoreManager.java,0.00,80.00,0.00,0.00,logic,80.00
src\main\java\org\jabref\logic\net\ProxyAuthenticator.java,0.00,98.00,0.00,0.00,logic,98.00
src\main\java\org\jabref\logic\net\ProgressInputStream.java,0.00,95.00,0.00,0.00,logic,95.00
src\main\java\org\jabref\logic\net\ProxyRegisterer.java,0.00,90.00,0.00,0.00,logic,90.00
src\main\java\org\jabref\logic\net\ProxyPreferences.java,0.00,95.00,0.00,4.00,logic,95.00
src\main\java\org\jabref\logic\net\URLDownload.java,0.00,98.00,0.00,0.00,logic,98.00
src\main\java\org\jabref\logic\openoffice\action\EditInsert.java,0.00,98.00,0.00,0.00,logic,98.00
src\main\java\org\jabref\logic\openoffice\action\EditMerge.java,0.00,95.00,0.00,0.00,logic,95.00
src\main\java\org\jabref\logic\openoffice\action\EditSeparate.java,0.00,98.00,0.00,0.00,logic,98.00
src\main\java\org\jabref\logic\openoffice\action\ExportCited.java,1.00,98.00,0.00,0.00,logic,98.00
src\main\java\org\jabref\logic\openoffice\action\ManageCitations.java,0.00,98.00,0.00,0.00,logic,98.00
src\main\java\org\jabref\logic\openoffice\action\Update.java,0.00,98.00,0.00,0.00,logic,98.00
src\main\java\org\jabref\logic\openoffice\backend\Codec52.java,0.00,98.00,0.00,0.00,logic,98.00
src\main\java\org\jabref\logic\openoffice\backend\Backend52.java,0.00,95.00,0.00,0.00,logic,95.00
src\main\java\org\jabref\logic\openoffice\backend\GetContext.java,0.00,98.00,0.00,0.00,logic,98.00
src\main\java\org\jabref\logic\openoffice\backend\NamedRangeManagerReferenceMark.java,0.00,95.00,0.00,0.00,logic,95.00
src\main\java\org\jabref\logic\openoffice\backend\NamedRangeReferenceMark.java,1.00,98.00,0.00,0.00,logic,98.00
src\main\java\org\jabref\logic\openoffice\frontend\RangeForOverlapCheck.java,0.00,95.00,0.00,0.00,logic,95.00
src\main\java\org\jabref\logic\openoffice\frontend\OOFrontend.java,1.00,98.00,0.00,0.00,logic,98.00
src\main\java\org\jabref\logic\openoffice\frontend\UpdateBibliography.java,0.00,98.00,0.00,0.00,logic,98.00
src\main\java\org\jabref\logic\openoffice\frontend\UpdateCitationMarkers.java,0.00,95.00,0.00,0.00,logic,95.00
src\main\java\org\jabref\logic\openoffice\style\OOBibStyleGetCitationMarker.java,0.00,98.00,0.00,0.00,logic,98.00
src\main\java\org\jabref\logic\openoffice\style\OOBibStyle.java,0.00,98.00,0.00,0.00,logic,98.00
src\main\java\org\jabref\logic\openoffice\style\OOBibStyleGetNumCitationMarker.java,0.00,98.00,0.00,0.00,logic,98.00
src\main\java\org\jabref\logic\openoffice\style\OOFormatBibliography.java,0.00,98.00,0.00,0.00,logic,98.00
src\main\java\org\jabref\logic\openoffice\style\OOPreFormatter.java,0.00,98.00,0.00,0.00,logic,98.00
src\main\java\org\jabref\logic\openoffice\style\OOProcess.java,0.00,95.00,0.00,0.00,logic,95.00
src\main\java\org\jabref\logic\openoffice\style\OOProcessCitationKeyMarkers.java,0.00,98.00,0.00,0.00,logic,98.00
src\main\java\org\jabref\logic\openoffice\style\OOProcessAuthorYearMarkers.java,2.00,98.00,0.00,0.00,logic,98.00
src\main\java\org\jabref\logic\openoffice\style\OOProcessNumericMarkers.java,0.00,98.00,0.00,0.00,logic,98.00
src\main\java\org\jabref\logic\openoffice\style\StyleLoader.java,4.00,95.00,0.00,0.00,logic,95.00
src\main\java\org\jabref\logic\openoffice\NoDocumentFoundException.java,0.00,98.00,0.00,0.00,logic,98.00
src\main\java\org\jabref\logic\openoffice\OpenOfficeFileSearch.java,0.00,98.00,0.00,0.00,logic,98.00
src\main\java\org\jabref\logic\openoffice\OpenOfficePreferences.java,0.00,0.00,0.00,95.00,preferences,95.00
src\main\java\org\jabref\logic\pdf\search\indexing\IndexingTaskManager.java,5.00,95.00,2.00,1.00,logic,95.00
src\main\java\org\jabref\logic\pdf\search\indexing\DocumentReader.java,0.00,98.00,0.00,0.00,logic,98.00
src\main\java\org\jabref\logic\pdf\search\indexing\PdfIndexer.java,0.00,95.00,0.00,0.00,logic,95.00
src\main\java\org\jabref\logic\pdf\search\retrieval\PdfSearcher.java,0.00,98.00,0.00,0.00,logic,98.00
src\main\java\org\jabref\logic\pdf\EntryAnnotationImporter.java,0.00,98.00,0.00,0.00,logic,98.00
src\main\java\org\jabref\logic\pdf\AnnotationImporter.java,0.00,98.00,0.00,0.00,logic,98.00
src\main\java\org\jabref\logic\pdf\PdfAnnotationImporter.java,0.00,98.00,0.00,0.00,logic,98.00
src\main\java\org\jabref\logic\pdf\FileAnnotationCache.java,4.00,95.00,0.00,0.00,logic,95.00
src\main\java\org\jabref\logic\pdf\TextExtractor.java,0.00,98.00,0.00,0.00,logic,98.00
src\main\java\org\jabref\logic\preferences\DOIPreferences.java,0.00,5.00,0.00,95.00,preferences,95.00
src\main\java\org\jabref\logic\preferences\FetcherApiKey.java,0.00,95.00,0.00,5.00,logic,95.00
src\main\java\org\jabref\logic\preferences\OwnerPreferences.java,0.00,0.00,0.00,95.00,preferences,95.00
src\main\java\org\jabref\logic\preferences\TimestampPreferences.java,0.00,5.00,0.00,95.00,preferences,95.00
src\main\java\org\jabref\logic\preview\PreviewLayout.java,3.00,95.00,1.00,1.00,logic,95.00
src\main\java\org\jabref\logic\protectedterms\ProtectedTermsList.java,0.00,98.00,0.00,0.00,logic,98.00
src\main\java\org\jabref\logic\protectedterms\ProtectedTermsLoader.java,0.00,98.00,0.00,0.00,logic,98.00
src\main\java\org\jabref\logic\protectedterms\ProtectedTermsParser.java,0.00,98.00,0.00,0.00,logic,98.00
src\main\java\org\jabref\logic\protectedterms\ProtectedTermsPreferences.java,2.00,8.00,0.00,90.00,preferences,90.00
src\main\java\org\jabref\logic\remote\client\RemoteClient.java,0.00,95.00,0.00,0.00,logic,95.00
src\main\java\org\jabref\logic\remote\server\RemoteListenerServer.java,5.00,95.00,2.00,1.00,logic,95.00
src\main\java\org\jabref\logic\remote\server\RemoteListenerServerManager.java,5.00,95.00,2.00,1.00,logic,95.00
src\main\java\org\jabref\logic\remote\server\RemoteListenerServerThread.java,0.00,98.00,0.00,0.00,logic,98.00
src\main\java\org\jabref\logic\remote\server\RemoteMessageHandler.java,0.00,95.00,0.00,0.00,logic,95.00
src\main\java\org\jabref\logic\remote\RemoteMessage.java,0.00,85.00,0.00,0.00,logic,85.00
src\main\java\org\jabref\logic\remote\Protocol.java,0.00,95.00,0.00,0.00,logic,95.00
src\main\java\org\jabref\logic\remote\RemotePreferences.java,0.00,0.00,0.00,90.00,preferences,90.00
src\main\java\org\jabref\logic\remote\RemoteUtil.java,1.00,98.00,0.00,0.00,logic,98.00
src\main\java\org\jabref\logic\search\DatabaseSearcher.java,0.00,98.00,0.00,0.00,logic,98.00
src\main\java\org\jabref\logic\search\SearchQuery.java,0.00,95.00,0.00,0.00,logic,95.00
src\main\java\org\jabref\logic\shared\event\SharedEntriesNotPresentEvent.java,0.00,95.00,0.00,0.00,logic,95.00
src\main\java\org\jabref\logic\shared\event\ConnectionLostEvent.java,90.00,10.00,0.00,0.00,model,90.00
src\main\java\org\jabref\logic\shared\event\UpdateRefusedEvent.java,0.00,90.00,0.00,0.00,logic,90.00
src\main\java\org\jabref\logic\shared\exception\InvalidDBMSConnectionPropertiesException.java,2.00,95.00,1.00,2.00,logic,95.00
src\main\java\org\jabref\logic\shared\exception\OfflineLockException.java,0.00,98.00,0.00,0.00,logic,98.00
src\main\java\org\jabref\logic\shared\exception\SharedEntryNotPresentException.java,0.00,98.00,0.00,0.00,logic,98.00
src\main\java\org\jabref\logic\shared\exception\NotASharedDatabaseException.java,0.00,98.00,0.00,0.00,logic,98.00
src\main\java\org\jabref\logic\shared\listener\OracleNotificationListener.java,0.00,98.00,0.00,0.00,logic,98.00
src\main\java\org\jabref\logic\shared\listener\PostgresSQLNotificationListener.java,0.00,90.00,0.00,0.00,logic,90.00
src\main\java\org\jabref\logic\shared\prefs\SharedDatabasePreferences.java,0.00,5.00,0.00,95.00,preferences,95.00
src\main\java\org\jabref\logic\shared\security\Password.java,0.00,95.00,0.00,0.00,logic,95.00
src\main\java\org\jabref\logic\shared\DatabaseConnection.java,0.00,95.00,0.00,0.00,logic,95.00
src\main\java\org\jabref\logic\shared\DatabaseConnectionProperties.java,0.00,85.00,0.00,0.00,logic,85.00
src\main\java\org\jabref\logic\shared\DatabaseNotSupportedException.java,0.00,95.00,0.00,0.00,logic,95.00
src\main\java\org\jabref\logic\shared\DatabaseLocation.java,0.00,95.00,0.00,0.00,logic,95.00
src\main\java\org\jabref\logic\shared\DatabaseSynchronizer.java,0.00,98.00,0.00,0.00,logic,98.00
src\main\java\org\jabref\logic\shared\DBMSConnection.java,0.00,95.00,0.00,0.00,logic,95.00
src\main\java\org\jabref\logic\shared\DBMSConnectionProperties.java,0.00,0.00,0.00,0.00,None,0.00
src\main\java\org\jabref\logic\shared\DBMSConnectionPropertiesBuilder.java,3.00,95.00,1.00,1.00,logic,95.00
src\main\java\org\jabref\logic\shared\DBMSProcessor.java,0.00,98.00,0.00,0.00,logic,98.00
src\main\java\org\jabref\logic\shared\DBMSSynchronizer.java,0.00,95.00,0.00,0.00,logic,95.00
src\main\java\org\jabref\logic\shared\DBMSType.java,0.00,98.00,0.00,0.00,logic,98.00
src\main\java\org\jabref\logic\shared\MySQLProcessor.java,0.00,95.00,0.00,0.00,logic,95.00
src\main\java\org\jabref\logic\shared\OracleProcessor.java,0.00,98.00,0.00,0.00,logic,98.00
src\main\java\org\jabref\logic\shared\PostgreSQLProcessor.java,2.00,98.00,0.00,0.00,logic,98.00
src\main\java\org\jabref\logic\texparser\LatexParser.java,0.00,98.00,0.00,0.00,logic,98.00
src\main\java\org\jabref\logic\texparser\DefaultLatexParser.java,0.00,98.00,0.00,0.00,logic,98.00
src\main\java\org\jabref\logic\texparser\TexBibEntriesResolver.java,0.00,98.00,0.00,0.00,logic,98.00
src\main\java\org\jabref\logic\undo\AddUndoableActionEvent.java,2.00,98.00,0.00,0.00,logic,98.00
src\main\java\org\jabref\logic\undo\UndoChangeEvent.java,0.00,95.00,0.00,0.00,logic,95.00
src\main\java\org\jabref\logic\undo\UndoRedoEvent.java,10.00,90.00,0.00,0.00,logic,90.00
src\main\java\org\jabref\logic\util\io\BackupFileUtil.java,1.00,98.00,0.00,0.00,logic,98.00
src\main\java\org\jabref\logic\util\io\AutoLinkPreferences.java,5.00,30.00,2.00,93.00,preferences,93.00
src\main\java\org\jabref\logic\util\io\CitationKeyBasedFileFinder.java,0.00,98.00,0.00,0.00,logic,98.00
src\main\java\org\jabref\logic\util\io\DatabaseFileLookup.java,0.00,95.00,0.00,0.00,logic,95.00
src\main\java\org\jabref\logic\util\io\FileFinder.java,0.00,98.00,0.00,0.00,logic,98.00
src\main\java\org\jabref\logic\util\io\FileFinders.java,0.00,98.00,0.00,0.00,logic,98.00
src\main\java\org\jabref\logic\util\io\FileNameCleaner.java,1.00,98.00,0.00,0.00,logic,98.00
src\main\java\org\jabref\logic\util\io\FileHistory.java,0.00,95.00,0.00,0.00,logic,95.00
src\main\java\org\jabref\logic\util\io\FileNameUniqueness.java,0.00,98.00,0.00,0.00,logic,98.00
src\main\java\org\jabref\logic\util\io\FileUtil.java,0.00,98.00,0.00,0.00,logic,98.00
src\main\java\org\jabref\logic\util\io\RegExpBasedFileFinder.java,1.00,98.00,0.00,0.00,logic,98.00
src\main\java\org\jabref\logic\util\io\XMLUtil.java,0.00,98.00,0.00,0.00,logic,98.00
src\main\java\org\jabref\logic\util\strings\HTMLUnicodeConversionMaps.java,0.00,98.00,0.00,0.00,logic,98.00
src\main\java\org\jabref\logic\util\strings\QuotedStringTokenizer.java,0.00,98.00,0.00,0.00,logic,98.00
src\main\java\org\jabref\logic\util\strings\RtfCharMap.java,0.00,98.00,0.00,0.00,logic,98.00
src\main\java\org\jabref\logic\util\strings\StringLengthComparator.java,0.00,98.00,0.00,0.00,logic,98.00
src\main\java\org\jabref\logic\util\strings\StringSimilarity.java,0.00,98.00,0.00,0.00,logic,98.00
src\main\java\org\jabref\logic\util\strings\StringManipulator.java,0.00,98.00,0.00,0.00,logic,98.00
src\main\java\org\jabref\logic\util\strings\UnicodeLigaturesMap.java,0.00,95.00,0.00,0.00,logic,95.00
src\main\java\org\jabref\logic\util\strings\XmlCharsMap.java,0.00,98.00,0.00,0.00,logic,98.00
src\main\java\org\jabref\logic\util\BackupFileType.java,0.00,98.00,0.00,0.00,logic,98.00
src\main\java\org\jabref\logic\util\BuildInfo.java,0.00,98.00,0.00,0.00,logic,98.00
src\main\java\org\jabref\logic\util\CoarseChangeFilter.java,0.00,95.00,0.00,0.00,logic,95.00
src\main\java\org\jabref\logic\util\DelayTaskThrottler.java,0.00,95.00,0.00,0.00,logic,95.00
src\main\java\org\jabref\logic\util\ExternalLinkCreator.java,2.00,98.00,0.00,0.00,logic,98.00
src\main\java\org\jabref\logic\util\FileType.java,0.00,98.00,0.00,0.00,logic,98.00
src\main\java\org\jabref\logic\util\MetadataSerializationConfiguration.java,0.00,95.00,0.00,0.00,logic,95.00
src\main\java\org\jabref\logic\util\OS.java,0.00,95.00,0.00,0.00,logic,95.00
src\main\java\org\jabref\logic\util\TestEntry.java,0.00,95.00,0.00,0.00,logic,95.00
src\main\java\org\jabref\logic\util\StandardFileType.java,0.00,98.00,0.00,0.00,logic,98.00
src\main\java\org\jabref\logic\util\UnknownFileType.java,0.00,98.00,0.00,0.00,logic,98.00
src\main\java\org\jabref\logic\util\UpdateField.java,0.00,95.00,0.00,0.00,logic,95.00
src\main\java\org\jabref\logic\util\Version.java,5.00,95.00,0.00,0.00,logic,95.00
src\main\java\org\jabref\logic\util\WebViewStore.java,2.00,95.00,1.00,2.00,logic,95.00
src\main\java\org\jabref\logic\xmp\DocumentInformationExtractor.java,0.00,98.00,0.00,0.00,logic,98.00
src\main\java\org\jabref\logic\xmp\DublinCoreExtractor.java,0.00,98.00,0.00,0.00,logic,98.00
src\main\java\org\jabref\logic\xmp\EncryptedPdfsNotSupportedException.java,0.00,98.00,0.00,0.00,logic,98.00
src\main\java\org\jabref\logic\xmp\XmpPreferences.java,0.00,0.00,0.00,95.00,preferences,95.00
src\main\java\org\jabref\logic\xmp\XmpUtilReader.java,0.00,95.00,0.00,0.00,logic,95.00
src\main\java\org\jabref\logic\xmp\XmpUtilShared.java,0.00,98.00,0.00,0.00,logic,98.00
src\main\java\org\jabref\logic\xmp\XmpUtilWriter.java,5.00,95.00,0.00,0.00,logic,95.00
src\main\java\org\jabref\logic\TypedBibEntry.java,0.00,98.00,0.00,0.00,logic,98.00
src\main\java\org\jabref\logic\JabRefException.java,0.00,98.00,0.00,0.00,logic,98.00
src\main\java\org\jabref\logic\WatchServiceUnavailableException.java,0.00,98.00,0.00,0.00,logic,98.00
src\main\java\org\jabref\model\database\event\AutosaveEvent.java,98.00,0.00,0.00,0.00,model,98.00
src\main\java\org\jabref\model\database\event\BibDatabaseContextChangedEvent.java,98.00,0.00,0.00,0.00,model,98.00
src\main\java\org\jabref\model\database\event\ChangePropagation.java,98.00,0.00,0.00,0.00,model,98.00
src\main\java\org\jabref\model\database\event\EntriesAddedEvent.java,99.00,0.00,0.00,0.00,model,99.00
src\main\java\org\jabref\model\database\event\EntriesRemovedEvent.java,99.00,0.00,0.00,0.00,model,99.00
src\main\java\org\jabref\model\database\BibDatabase.java,98.00,0.00,0.00,0.00,model,98.00
src\main\java\org\jabref\model\database\BibDatabaseContext.java,85.00,0.00,0.00,0.00,model,85.00
src\main\java\org\jabref\model\database\BibDatabaseMode.java,98.00,0.00,0.00,0.00,model,98.00
src\main\java\org\jabref\model\database\BibDatabases.java,98.00,0.00,0.00,0.00,model,98.00
src\main\java\org\jabref\model\database\KeyChangeListener.java,98.00,0.00,0.00,0.00,model,98.00
src\main\java\org\jabref\model\database\KeyCollisionException.java,98.00,0.00,0.00,0.00,model,98.00
src\main\java\org\jabref\model\database\BibDatabaseModeDetection.java,95.00,0.00,0.00,0.00,model,95.00
src\main\java\org\jabref\model\entry\event\EntriesEventSource.java,99.00,0.00,0.00,0.00,model,99.00
src\main\java\org\jabref\model\entry\event\EntriesEvent.java,98.00,1.00,0.00,0.00,model,98.00
src\main\java\org\jabref\model\entry\event\EntryChangedEvent.java,98.00,0.00,0.00,0.00,model,98.00
src\main\java\org\jabref\model\entry\event\FieldAddedOrRemovedEvent.java,98.00,0.00,0.00,0.00,model,98.00
src\main\java\org\jabref\model\entry\event\FieldChangedEvent.java,98.00,0.00,0.00,0.00,model,98.00
src\main\java\org\jabref\model\entry\field\AMSField.java,99.00,0.00,0.00,0.00,model,99.00
src\main\java\org\jabref\model\entry\field\BibField.java,98.00,0.00,0.00,0.00,model,98.00
src\main\java\org\jabref\model\entry\field\BiblatexApaField.java,98.00,0.00,0.00,0.00,model,98.00
src\main\java\org\jabref\model\entry\field\BiblatexSoftwareField.java,99.00,0.00,0.00,0.00,model,99.00
src\main\java\org\jabref\model\entry\field\Field.java,98.00,0.00,0.00,0.00,model,98.00
src\main\java\org\jabref\model\entry\field\FieldFactory.java,98.00,0.00,0.00,0.00,model,98.00
src\main\java\org\jabref\model\entry\field\FieldPriority.java,98.00,1.00,0.00,1.00,model,98.00
src\main\java\org\jabref\model\entry\field\FieldProperty.java,98.00,0.00,0.00,0.00,model,98.00
src\main\java\org\jabref\model\entry\field\IEEEField.java,99.00,0.00,0.00,0.00,model,99.00
src\main\java\org\jabref\model\entry\field\InternalField.java,98.00,0.00,0.00,0.00,model,98.00
src\main\java\org\jabref\model\entry\field\OrFields.java,95.00,0.00,0.00,0.00,model,95.00
src\main\java\org\jabref\model\entry\field\SpecialField.java,98.00,0.00,0.00,0.00,model,98.00
src\main\java\org\jabref\model\entry\field\SpecialFieldValue.java,95.00,0.00,0.00,0.00,model,95.00
src\main\java\org\jabref\model\entry\field\StandardField.java,99.00,0.00,0.00,0.00,model,99.00
src\main\java\org\jabref\model\entry\field\UnknownField.java,98.00,0.00,0.00,0.00,model,98.00
src\main\java\org\jabref\model\entry\identifier\ArXivIdentifier.java,98.00,0.00,0.00,0.00,model,98.00
src\main\java\org\jabref\model\entry\identifier\ARK.java,98.00,0.00,0.00,0.00,model,98.00
src\main\java\org\jabref\model\entry\identifier\EprintIdentifier.java,98.00,0.00,0.00,0.00,model,98.00
src\main\java\org\jabref\model\entry\identifier\DOI.java,95.00,0.00,0.00,0.00,model,95.00
src\main\java\org\jabref\model\entry\identifier\IacrEprint.java,95.00,4.00,0.00,0.00,model,95.00
src\main\java\org\jabref\model\entry\identifier\Identifier.java,98.00,0.00,0.00,0.00,model,98.00
src\main\java\org\jabref\model\entry\identifier\ISSN.java,98.00,0.00,0.00,0.00,model,98.00
src\main\java\org\jabref\model\entry\identifier\ISBN.java,95.00,0.00,0.00,0.00,model,95.00
src\main\java\org\jabref\model\entry\identifier\MathSciNetId.java,98.00,0.00,0.00,0.00,model,98.00
src\main\java\org\jabref\model\entry\types\BiblatexAPAEntryTypeDefinitions.java,98.00,0.00,0.00,0.00,model,98.00
src\main\java\org\jabref\model\entry\types\BiblatexApaEntryType.java,98.00,0.00,0.00,0.00,model,98.00
src\main\java\org\jabref\model\entry\types\BiblatexEntryTypeDefinitions.java,98.00,0.00,0.00,0.00,model,98.00
src\main\java\org\jabref\model\entry\types\BiblatexSoftwareEntryType.java,98.00,0.00,0.00,0.00,model,98.00
src\main\java\org\jabref\model\entry\types\BiblatexSoftwareEntryTypeDefinitions.java,98.00,0.00,0.00,0.00,model,98.00
src\main\java\org\jabref\model\entry\types\BibtexEntryTypeDefinitions.java,98.00,0.00,0.00,0.00,model,98.00
src\main\java\org\jabref\model\entry\types\EntryType.java,98.00,0.00,0.00,0.00,model,98.00
src\main\java\org\jabref\model\entry\types\EntryTypeFactory.java,95.00,0.00,0.00,0.00,model,95.00
src\main\java\org\jabref\model\entry\types\IEEETranEntryType.java,98.00,0.00,0.00,0.00,model,98.00
src\main\java\org\jabref\model\entry\types\IEEETranEntryTypeDefinitions.java,98.00,0.00,0.00,0.00,model,98.00
src\main\java\org\jabref\model\entry\types\StandardEntryType.java,99.00,0.00,0.00,0.00,model,99.00
src\main\java\org\jabref\model\entry\types\SystematicLiteratureReviewStudyEntryType.java,98.00,0.00,0.00,0.00,model,98.00
src\main\java\org\jabref\model\entry\types\SystematicLiteratureReviewStudyEntryTypeDefinitions.java,99.00,0.00,0.00,0.00,model,99.00
src\main\java\org\jabref\model\entry\types\UnknownEntryType.java,99.00,0.00,0.00,0.00,model,99.00
src\main\java\org\jabref\model\entry\AuthorList.java,98.00,0.00,0.00,0.00,model,98.00
src\main\java\org\jabref\model\entry\Author.java,98.00,0.00,0.00,0.00,model,98.00
src\main\java\org\jabref\model\entry\BibEntryType.java,98.00,1.00,0.00,0.00,model,98.00
src\main\java\org\jabref\model\entry\BibEntry.java,98.00,2.00,0.00,0.00,model,98.00
src\main\java\org\jabref\model\entry\BibEntryTypeBuilder.java,98.00,0.00,0.00,0.00,model,98.00
src\main\java\org\jabref\model\entry\BibEntryTypesManager.java,98.00,0.00,0.00,0.00,model,98.00
src\main\java\org\jabref\model\entry\BibtexString.java,98.00,0.00,0.00,0.00,model,98.00
src\main\java\org\jabref\model\entry\CanonicalBibEntry.java,98.00,1.00,0.00,0.00,model,98.00
src\main\java\org\jabref\model\entry\Date.java,98.00,0.00,0.00,0.00,model,98.00
src\main\java\org\jabref\model\entry\EntryConverter.java,95.00,0.00,0.00,0.00,model,95.00
src\main\java\org\jabref\model\entry\IdGenerator.java,95.00,0.00,0.00,0.00,model,95.00
src\main\java\org\jabref\model\entry\EntryLinkList.java,95.00,0.00,0.00,0.00,model,95.00
src\main\java\org\jabref\model\entry\Keyword.java,98.00,0.00,0.00,0.00,model,98.00
src\main\java\org\jabref\model\entry\KeywordList.java,98.00,0.00,0.00,0.00,model,98.00
src\main\java\org\jabref\model\entry\LinkedFile.java,95.00,5.00,0.00,0.00,model,95.00
src\main\java\org\jabref\model\entry\Month.java,95.00,0.00,0.00,0.00,model,95.00
src\main\java\org\jabref\model\entry\SharedBibEntryData.java,98.00,0.00,0.00,0.00,model,98.00
src\main\java\org\jabref\model\entry\ParsedEntryLink.java,98.00,2.00,0.00,0.00,model,98.00
src\main\java\org\jabref\model\groups\event\GroupUpdatedEvent.java,98.00,0.00,0.00,0.00,model,98.00
src\main\java\org\jabref\model\groups\AllEntriesGroup.java,99.00,0.00,0.00,0.00,model,99.00
src\main\java\org\jabref\model\groups\AbstractGroup.java,98.00,0.00,0.00,0.00,model,98.00
src\main\java\org\jabref\model\groups\AutomaticGroup.java,98.00,0.00,0.00,0.00,model,98.00
src\main\java\org\jabref\model\groups\AutomaticKeywordGroup.java,98.00,0.00,0.00,0.00,model,98.00
src\main\java\org\jabref\model\groups\AutomaticPersonsGroup.java,98.00,0.00,0.00,0.00,model,98.00
src\main\java\org\jabref\model\groups\ExplicitGroup.java,98.00,1.00,0.00,0.00,model,98.00
src\main\java\org\jabref\model\groups\GroupEntryChanger.java,95.00,0.00,0.00,0.00,model,95.00
src\main\java\org\jabref\model\groups\GroupHierarchyType.java,98.00,0.00,0.00,0.00,model,98.00
src\main\java\org\jabref\model\groups\KeywordGroup.java,98.00,0.00,0.00,0.00,model,98.00
src\main\java\org\jabref\model\groups\GroupTreeNode.java,98.00,0.00,0.00,0.00,model,98.00
src\main\java\org\jabref\model\groups\LastNameGroup.java,95.00,0.00,0.00,0.00,model,95.00
src\main\java\org\jabref\model\groups\RegexKeywordGroup.java,98.00,0.00,0.00,0.00,model,98.00
src\main\java\org\jabref\model\groups\SearchGroup.java,98.00,0.00,0.00,0.00,model,98.00
src\main\java\org\jabref\model\groups\TexGroup.java,5.00,95.00,0.00,0.00,logic,95.00
src\main\java\org\jabref\model\groups\WordKeywordGroup.java,95.00,0.00,0.00,0.00,model,95.00
src\main\java\org\jabref\model\metadata\event\MetaDataChangedEvent.java,98.00,0.00,0.00,0.00,model,98.00
src\main\java\org\jabref\model\metadata\ContentSelector.java,98.00,0.00,0.00,0.00,model,98.00
src\main\java\org\jabref\model\metadata\ContentSelectors.java,95.00,0.00,0.00,0.00,model,95.00
src\main\java\org\jabref\model\metadata\SaveOrder.java,95.00,3.00,1.00,1.00,model,95.00
src\main\java\org\jabref\model\metadata\MetaData.java,0.00,0.00,0.00,0.00,None,0.00
src\main\java\org\jabref\model\openoffice\backend\NamedRangeManager.java,0.00,95.00,0.00,0.00,logic,95.00
src\main\java\org\jabref\model\openoffice\backend\NamedRange.java,0.00,95.00,0.00,0.00,logic,95.00
src\main\java\org\jabref\model\openoffice\ootext\OOText.java,95.00,0.00,0.00,0.00,model,95.00
src\main\java\org\jabref\model\openoffice\ootext\OOFormat.java,20.00,80.00,0.00,0.00,logic,80.00
src\main\java\org\jabref\model\openoffice\ootext\OOTextIntoOO.java,20.00,80.00,0.00,0.00,logic,80.00
src\main\java\org\jabref\model\openoffice\rangesort\RangeHolder.java,95.00,0.00,0.00,0.00,model,95.00
src\main\java\org\jabref\model\openoffice\rangesort\FunctionalTextViewCursor.java,10.00,85.00,2.00,3.00,logic,85.00
src\main\java\org\jabref\model\openoffice\rangesort\RangeOverlap.java,98.00,0.00,0.00,0.00,model,98.00
src\main\java\org\jabref\model\openoffice\rangesort\RangeOverlapKind.java,98.00,0.00,0.00,0.00,model,98.00
src\main\java\org\jabref\model\openoffice\rangesort\RangeOverlapBetween.java,15.00,85.00,0.00,0.00,logic,85.00
src\main\java\org\jabref\model\openoffice\rangesort\RangeSort.java,95.00,5.00,0.00,0.00,model,95.00
src\main\java\org\jabref\model\openoffice\rangesort\RangeOverlapWithin.java,10.00,85.00,2.00,3.00,logic,85.00
src\main\java\org\jabref\model\openoffice\rangesort\RangeSortable.java,95.00,0.00,0.00,0.00,model,95.00
src\main\java\org\jabref\model\openoffice\rangesort\RangeSortEntry.java,95.00,0.00,0.00,0.00,model,95.00
src\main\java\org\jabref\model\openoffice\rangesort\RangeSortVisual.java,0.00,75.00,0.00,0.00,logic,75.00
src\main\java\org\jabref\model\openoffice\style\CitationGroup.java,95.00,0.00,0.00,0.00,model,95.00
src\main\java\org\jabref\model\openoffice\style\Citation.java,5.00,95.00,0.00,0.00,logic,95.00
src\main\java\org\jabref\model\openoffice\style\CitationGroupId.java,98.00,0.00,0.00,0.00,model,98.00
src\main\java\org\jabref\model\openoffice\style\CitationLookupResult.java,98.00,0.00,0.00,0.00,model,98.00
src\main\java\org\jabref\model\openoffice\style\CitationGroups.java,95.00,0.00,0.00,0.00,model,95.00
src\main\java\org\jabref\model\openoffice\style\CitationMarkerEntry.java,98.00,0.00,0.00,0.00,model,98.00
src\main\java\org\jabref\model\openoffice\style\CitationMarkerNormEntry.java,95.00,0.00,0.00,0.00,model,95.00
src\main\java\org\jabref\model\openoffice\style\CitationMarkerNumericBibEntry.java,98.00,0.00,0.00,0.00,model,98.00
src\main\java\org\jabref\model\openoffice\style\CitationMarkerNumericEntry.java,98.00,0.00,0.00,0.00,model,98.00
src\main\java\org\jabref\model\openoffice\style\CitationPath.java,98.00,0.00,0.00,0.00,model,98.00
src\main\java\org\jabref\model\openoffice\style\CitedKey.java,0.00,0.00,0.00,0.00,None,0.00
src\main\java\org\jabref\model\openoffice\style\CitationType.java,95.00,3.00,1.00,1.00,model,95.00
src\main\java\org\jabref\model\openoffice\style\CitedKeys.java,95.00,0.00,0.00,0.00,model,95.00
src\main\java\org\jabref\model\openoffice\style\ComparableCitation.java,98.00,0.00,0.00,0.00,model,98.00
src\main\java\org\jabref\model\openoffice\style\ComparableCitedKey.java,98.00,0.00,0.00,0.00,model,98.00
src\main\java\org\jabref\model\openoffice\style\CompareCitation.java,98.00,0.00,0.00,0.00,model,98.00
src\main\java\org\jabref\model\openoffice\style\CompareCitedKey.java,98.00,0.00,0.00,0.00,model,98.00
src\main\java\org\jabref\model\openoffice\style\NonUniqueCitationMarker.java,98.00,0.00,0.00,0.00,model,98.00
src\main\java\org\jabref\model\openoffice\style\OODataModel.java,98.00,0.00,0.00,0.00,model,98.00
src\main\java\org\jabref\model\openoffice\style\PageInfo.java,95.00,0.00,0.00,0.00,model,95.00
src\main\java\org\jabref\model\openoffice\uno\NoDocumentException.java,95.00,0.00,0.00,0.00,model,95.00
src\main\java\org\jabref\model\openoffice\uno\UnoBookmark.java,95.00,0.00,0.00,0.00,model,95.00
src\main\java\org\jabref\model\openoffice\uno\UnoCast.java,95.00,0.00,0.00,0.00,model,95.00
src\main\java\org\jabref\model\openoffice\uno\UnoCrossRef.java,0.00,95.00,0.00,0.00,logic,95.00
src\main\java\org\jabref\model\openoffice\uno\UnoCursor.java,95.00,0.00,0.00,0.00,model,95.00
src\main\java\org\jabref\model\openoffice\uno\CreationException.java,95.00,0.00,0.00,0.00,model,95.00
src\main\java\org\jabref\model\openoffice\uno\UnoNameAccess.java,15.00,80.00,2.00,3.00,logic,80.00
src\main\java\org\jabref\model\openoffice\uno\UnoNamed.java,95.00,0.00,0.00,0.00,model,95.00
src\main\java\org\jabref\model\openoffice\uno\UnoRedlines.java,0.00,80.00,0.00,0.00,logic,80.00
src\main\java\org\jabref\model\openoffice\uno\UnoProperties.java,95.00,0.00,0.00,0.00,model,95.00
src\main\java\org\jabref\model\openoffice\uno\UnoReferenceMark.java,4.00,95.00,0.00,0.00,logic,95.00
src\main\java\org\jabref\model\openoffice\uno\UnoScreenRefresh.java,85.00,10.00,2.00,3.00,model,85.00
src\main\java\org\jabref\model\openoffice\uno\UnoSelection.java,95.00,0.00,0.00,0.00,model,95.00
src\main\java\org\jabref\model\openoffice\uno\UnoStyle.java,90.00,0.00,0.00,0.00,model,90.00
src\main\java\org\jabref\model\openoffice\uno\UnoTextDocument.java,70.00,0.00,0.00,0.00,model,70.00
src\main\java\org\jabref\model\openoffice\uno\UnoTextRange.java,95.00,0.00,0.00,0.00,model,95.00
src\main\java\org\jabref\model\openoffice\uno\UnoTextSection.java,5.00,95.00,0.00,0.00,logic,95.00
src\main\java\org\jabref\model\openoffice\uno\UnoUndo.java,30.00,70.00,0.00,0.00,logic,70.00
src\main\java\org\jabref\model\openoffice\uno\UnoUserDefinedProperty.java,95.00,0.00,0.00,0.00,model,95.00
src\main\java\org\jabref\model\openoffice\util\OOPair.java,95.00,0.00,0.00,0.00,model,95.00
src\main\java\org\jabref\model\openoffice\util\OOListUtil.java,90.00,0.00,0.00,0.00,model,90.00
src\main\java\org\jabref\model\openoffice\util\OOTuple3.java,98.00,1.00,0.00,0.00,model,98.00
src\main\java\org\jabref\model\openoffice\util\OOResult.java,95.00,0.00,0.00,0.00,model,95.00
src\main\java\org\jabref\model\openoffice\util\OOVoidResult.java,30.00,65.00,2.00,3.00,logic,65.00
src\main\java\org\jabref\model\openoffice\CitationEntry.java,98.00,0.00,0.00,0.00,model,98.00
src\main\java\org\jabref\model\paging\Page.java,95.00,0.00,0.00,0.00,model,95.00
src\main\java\org\jabref\model\pdf\search\PdfSearchResults.java,95.00,0.00,0.00,0.00,model,95.00
src\main\java\org\jabref\model\pdf\search\EnglishStemAnalyzer.java,0.00,85.00,0.00,0.00,logic,85.00
src\main\java\org\jabref\model\pdf\search\SearchFieldConstants.java,95.00,4.00,0.00,0.00,model,95.00
src\main\java\org\jabref\model\pdf\search\SearchResult.java,95.00,0.00,0.00,0.00,model,95.00
src\main\java\org\jabref\model\pdf\FileAnnotationType.java,95.00,0.00,0.00,0.00,model,95.00
src\main\java\org\jabref\model\pdf\FileAnnotation.java,95.00,0.00,0.00,0.00,model,95.00
src\main\java\org\jabref\model\schema\DublinCoreSchemaCustom.java,98.00,0.00,0.00,0.00,model,98.00
src\main\java\org\jabref\model\search\matchers\AndMatcher.java,98.00,0.00,0.00,0.00,model,98.00
src\main\java\org\jabref\model\search\matchers\MatcherSet.java,95.00,0.00,0.00,0.00,model,95.00
src\main\java\org\jabref\model\search\matchers\MatcherSets.java,98.00,2.00,0.00,0.00,model,98.00
src\main\java\org\jabref\model\search\matchers\NotMatcher.java,98.00,0.00,0.00,0.00,model,98.00
src\main\java\org\jabref\model\search\matchers\OrMatcher.java,98.00,0.00,0.00,0.00,model,98.00
src\main\java\org\jabref\model\search\rules\FullTextSearchRule.java,95.00,0.00,0.00,0.00,model,95.00
src\main\java\org\jabref\model\search\rules\ContainsBasedSearchRule.java,85.00,0.00,0.00,0.00,model,85.00
src\main\java\org\jabref\model\search\rules\GrammarBasedSearchRule.java,10.00,85.00,2.00,3.00,logic,85.00
src\main\java\org\jabref\model\search\rules\RegexBasedSearchRule.java,90.00,10.00,0.00,0.00,model,90.00
src\main\java\org\jabref\model\search\rules\SearchRule.java,95.00,0.00,0.00,0.00,model,95.00
src\main\java\org\jabref\model\search\rules\SearchRules.java,95.00,0.00,0.00,0.00,model,95.00
src\main\java\org\jabref\model\search\rules\SentenceAnalyzer.java,95.00,0.00,0.00,0.00,model,95.00
src\main\java\org\jabref\model\search\SearchMatcher.java,95.00,0.00,0.00,0.00,model,95.00
src\main\java\org\jabref\model\search\GroupSearchQuery.java,95.00,0.00,0.00,0.00,model,95.00
src\main\java\org\jabref\model\strings\LatexToUnicodeAdapter.java,95.00,0.00,0.00,0.00,model,95.00
src\main\java\org\jabref\model\strings\UnicodeToReadableCharMap.java,95.00,0.00,0.00,0.00,model,95.00
src\main\java\org\jabref\model\strings\StringUtil.java,95.00,0.00,0.00,0.00,model,95.00
src\main\java\org\jabref\model\study\FetchResult.java,95.00,4.00,0.00,0.00,model,95.00
src\main\java\org\jabref\model\study\QueryResult.java,98.00,0.00,0.00,0.00,model,98.00
src\main\java\org\jabref\model\study\Study.java,98.00,0.00,0.00,0.00,model,98.00
src\main\java\org\jabref\model\study\StudyDatabase.java,98.00,0.00,0.00,0.00,model,98.00
src\main\java\org\jabref\model\study\StudyQuery.java,98.00,0.00,0.00,0.00,model,98.00
src\main\java\org\jabref\model\texparser\Citation.java,98.00,0.00,0.00,0.00,model,98.00
src\main\java\org\jabref\model\texparser\LatexBibEntriesResolverResult.java,95.00,4.00,0.00,0.00,model,95.00
src\main\java\org\jabref\model\texparser\LatexParserResult.java,95.00,0.00,0.00,0.00,model,95.00
src\main\java\org\jabref\model\util\FileUpdateListener.java,98.00,0.00,0.00,0.00,model,98.00
src\main\java\org\jabref\model\util\DummyFileUpdateMonitor.java,95.00,0.00,0.00,0.00,model,95.00
src\main\java\org\jabref\model\util\ListUtil.java,98.00,1.00,0.00,0.00,model,98.00
src\main\java\org\jabref\model\util\FileUpdateMonitor.java,95.00,0.00,0.00,0.00,model,95.00
src\main\java\org\jabref\model\util\MultiKeyMap.java,98.00,0.00,0.00,0.00,model,98.00
src\main\java\org\jabref\model\util\OptionalUtil.java,95.00,0.00,0.00,0.00,model,95.00
src\main\java\org\jabref\model\util\ResultingStringState.java,95.00,0.00,0.00,0.00,model,95.00
src\main\java\org\jabref\model\util\TreeCollector.java,95.00,4.00,0.00,0.00,model,95.00
src\main\java\org\jabref\model\FieldChange.java,98.00,0.00,0.00,0.00,model,98.00
src\main\java\org\jabref\model\ChainNode.java,98.00,0.00,0.00,0.00,model,98.00
src\main\java\org\jabref\model\TreeNode.java,98.00,0.00,0.00,0.00,model,98.00
src\main\java\org\jabref\preferences\AppearancePreferences.java,2.00,0.00,0.00,98.00,preferences,98.00
src\main\java\org\jabref\preferences\BibEntryPreferences.java,0.00,0.00,0.00,98.00,preferences,98.00
src\main\java\org\jabref\preferences\ExternalApplicationsPreferences.java,0.00,0.00,0.00,99.00,preferences,99.00
src\main\java\org\jabref\preferences\CleanupPreferences.java,0.00,0.00,0.00,98.00,preferences,98.00
src\main\java\org\jabref\preferences\FilePreferences.java,0.00,0.00,0.00,98.00,preferences,98.00
src\main\java\org\jabref\preferences\GuiPreferences.java,0.00,0.00,0.00,99.00,preferences,99.00
src\main\java\org\jabref\preferences\ImportExportPreferences.java,0.00,0.00,0.00,99.00,preferences,99.00
src\main\java\org\jabref\preferences\InternalPreferences.java,0.00,0.00,0.00,98.00,preferences,98.00
src\main\java\org\jabref\preferences\JabRefPreferences.java,0.00,0.00,0.00,99.00,preferences,99.00
src\main\java\org\jabref\preferences\GeneralPreferences.java,0.00,0.00,0.00,99.00,preferences,99.00
src\main\java\org\jabref\preferences\MrDlibPreferences.java,0.00,0.00,0.00,98.00,preferences,98.00
src\main\java\org\jabref\preferences\PreferencesFilter.java,0.00,0.00,0.00,98.00,preferences,98.00
src\main\java\org\jabref\preferences\PreviewPreferences.java,0.00,0.00,0.00,99.00,preferences,99.00
src\main\java\org\jabref\preferences\PreferencesService.java,0.00,0.00,0.00,98.00,preferences,98.00
src\main\java\org\jabref\preferences\PushToApplicationPreferences.java,0.00,0.00,0.00,98.00,preferences,98.00
src\main\java\org\jabref\preferences\SearchPreferences.java,0.00,0.00,0.00,99.00,preferences,99.00
src\main\java\org\jabref\preferences\SidePanePreferences.java,0.00,0.00,0.00,98.00,preferences,98.00
src\main\java\org\jabref\preferences\TelemetryPreferences.java,0.00,0.00,0.00,98.00,preferences,98.00
