file_path,cli,gui,preferences,best_module,best_likelihood
jabref\src\test\java\org\jabref\logic\importer\fileformat\SilverPlatterImporterTest.java,0.4420062303543091,2.043703317642212,0.0,gui,2.043703317642212
jabref\buildSrc\src\copied\java\org\jabref\logic\journals\JournalAbbreviationRepository.java,0.43274053931236267,11.964764595031738,0.28082817792892456,gui,11.964764595031738
jabref\src\main\java\org\jabref\gui\util\UiThreadList.java,1.6109376156236976E-4,71.77742004394531,0.0,gui,71.77742004394531
jabref\src\main\java\org\jabref\logic\msbib\BibTeXConverter.java,1.1586748587433249E-4,12.571084976196289,0.0,gui,12.571084976196289
jabref\src\test\java\org\jabref\logic\importer\fileformat\CffImporterTest.java,36.43360900878906,16.71840476989746,2.279055118560791,cli,36.43360900878906
jabref\src\main\java\org\jabref\gui\theme\StyleSheetResource.java,1.7230285448022187E-4,64.50232696533203,0.0,gui,64.50232696533203
jabref\src\main\java\org\jabref\gui\libraryproperties\constants\ConstantsPropertiesView.java,28.782506942749023,67.36878967285156,35.0,gui,67.36878967285156
jabref\src\test\java\org\jabref\logic\cleanup\FieldFormatterCleanupTest.java,1.3619712262880057E-4,22.320594787597656,0.0,gui,22.320594787597656
jabref\src\test\java\org\jabref\logic\net\ProxyTest.java,1.6595193301327527E-4,3.068571090698242,1.0,gui,3.068571090698242
jabref\src\main\java\org\jabref\logic\exporter\ModsExporter.java,0.3562452495098114,5.121396064758301,2.046280860900879,gui,5.121396064758301
jabref\src\main\java\org\jabref\logic\shared\OracleProcessor.java,32.75796890258789,13.134330749511719,23.34360122680664,cli,32.75796890258789
jabref\src\main\java\org\jabref\model\util\ListUtil.java,1.6993794997688383E-4,2.4102587699890137,0.0,gui,2.4102587699890137
jabref\src\main\java\org\jabref\model\groups\TexGroup.java,0.32092970609664917,11.736810684204102,6.708322048187256,gui,11.736810684204102
jabref\src\test\java\org\jabref\logic\importer\fetcher\isbntobibtex\EbookDeIsbnFetcherTest.java,1.362715265713632E-4,2.005064010620117,0.0,gui,2.005064010620117
jabref\src\main\java\org\jabref\gui\libraryproperties\PropertiesTabViewModel.java,1.7755346198100597E-4,65.40135192871094,0.0,gui,65.40135192871094
jabref\src\test\java\org\jabref\logic\util\strings\StringLengthComparatorTest.java,1.5800996334291995E-4,1.9213491678237915,0.0,gui,1.9213491678237915
jabref\src\main\java\org\jabref\logic\citationstyle\JabRefItemDataProvider.java,0.30343154072761536,1.6863224506378174,0.28082817792892456,gui,1.6863224506378174
jabref\src\main\java\org\jabref\gui\externalfiles\UnlinkedFilesDialogView.java,4.321074962615967,56.64714050292969,35.0,gui,56.64714050292969
jabref\src\main\java\org\jabref\logic\bibtex\comparator\BibtexStringComparator.java,1.6005254292394966E-4,1.5391589403152466,0.0,gui,1.5391589403152466
jabref\src\main\java\org\jabref\gui\entryeditor\DeprecatedFieldsTab.java,0.5787391662597656,74.01644134521484,96.18382263183594,preferences,96.18382263183594
jabref\src\test\java\org\jabref\logic\importer\fetcher\SemanticScholarTest.java,42.971397399902344,14.535730361938477,0.0,cli,42.971397399902344
jabref\src\main\java\org\jabref\logic\importer\fetcher\CiteSeer.java,1.9871643781661987,1.4857821464538574,0.0,cli,1.9871643781661987
jabref\src\main\java\org\jabref\architecture\AllowedToUseAwt.java,1.7883573309518397E-4,5.3195600509643555,0.0,gui,5.3195600509643555
jabref\src\main\java\org\jabref\logic\layout\format\HTMLChars.java,6.729980945587158,11.003726959228516,0.6987998485565186,gui,11.003726959228516
jabref\src\test\java\org\jabref\model\openoffice\CitationEntryTest.java,1.4254706911742687E-4,9.946747779846191,0.0,gui,9.946747779846191
jabref\src\main\java\org\jabref\model\database\KeyChangeListener.java,1.459067134419456E-4,3.2848048210144043,0.37214648723602295,gui,3.2848048210144043
jabref\src\test\java\org\jabref\model\groups\AutomaticPersonsGroupTest.java,1.442073262296617E-4,2.1475911140441895,0.0,gui,2.1475911140441895
jabref\src\main\java\org\jabref\gui\fieldeditors\AbstractEditorViewModel.java,1.5125398931559175E-4,60.89826202392578,0.0,gui,60.89826202392578
jabref\src\main\java\org\jabref\preferences\GeneralPreferences.java,1.494285388616845E-4,13.960260391235352,91.56769561767578,preferences,91.56769561767578
jabref\src\test\java\org\jabref\logic\layout\LayoutHelperTest.java,1.5902469749562442E-4,13.065386772155762,0.0,gui,13.065386772155762
jabref\src\main\java\org\jabref\logic\importer\SearchBasedFetcher.java,1.6707158647477627E-4,1.5628035068511963,0.0,gui,1.5628035068511963
jabref\src\test\java\org\jabref\logic\importer\fetcher\IEEETest.java,0.34014639258384705,9.899561882019043,1.0107753276824951,gui,9.899561882019043
jabref\src\main\java\org\jabref\gui\maintable\SmartConstrainedResizePolicy.java,18.454442977905273,63.40739822387695,0.0,gui,63.40739822387695
jabref\src\test\java\org\jabref\logic\citationkeypattern\AbstractCitationKeyPatternTest.java,1.5902469749562442E-4,2.0668327808380127,0.0,gui,2.0668327808380127
jabref\src\main\java\org\jabref\gui\mergeentries\newmergedialog\cell\sidebuttons\InfoButton.java,31.236940383911133,71.11040496826172,0.0,gui,71.11040496826172
jabref\src\main\java\org\jabref\logic\layout\format\NoSpaceBetweenAbbreviations.java,1.747344940667972E-4,1.5886170864105225,0.0,gui,1.5886170864105225
jabref\src\main\java\org\jabref\gui\fieldeditors\ContextMenuAddable.java,1.7691918765194714E-4,65.29275512695312,0.0,gui,65.29275512695312
jabref\src\main\java\org\jabref\logic\formatter\bibtexfields\CleanupUrlFormatter.java,1.9147331714630127,1.5222804546356201,0.0,cli,1.9147331714630127
jabref\src\main\java\org\jabref\logic\util\MetadataSerializationConfiguration.java,1.7260308959521353E-4,1.5814372301101685,0.0,gui,1.5814372301101685
jabref\src\main\java\org\jabref\gui\mergeentries\newmergedialog\fieldsmerger\FieldMergerFactory.java,2.684859275817871,62.946678161621094,0.0,gui,62.946678161621094
jabref\src\main\java\org\jabref\gui\mergeentries\MergeResult.java,1.7628943896852434E-4,65.18492126464844,0.0,gui,65.18492126464844
jabref\src\main\java\org\jabref\gui\entryeditor\OptionalFields2Tab.java,0.49619653820991516,67.29147338867188,97.3365249633789,preferences,97.3365249633789
jabref\src\test\java\org\jabref\logic\formatter\IdentityFormatterTest.java,1.8505111802369356E-4,2.125122547149658,0.0,gui,2.125122547149658
jabref\src\test\java\org\jabref\logic\formatter\casechanger\TitleCaseFormatterTest.java,0.9771567583084106,3.0790798664093018,0.947667121887207,gui,3.0790798664093018
jabref\src\main\java\org\jabref\gui\fieldeditors\identifier\EprintIdentifierEditorViewModel.java,1.6109376156236976E-4,66.57377624511719,95.30888366699219,preferences,95.30888366699219
jabref\src\test\java\org\jabref\model\entry\identifier\MathSciNetIdTest.java,1.7290438700001687E-4,2.4523322582244873,0.0,gui,2.4523322582244873
jabref\src\test\java\org\jabref\logic\formatter\bibtexfields\ReplaceTabsBySpaceFormaterTest.java,1.6877969028428197E-4,2.576394557952881,0.0,gui,2.576394557952881
jabref\src\main\java\org\jabref\gui\autocompleter\AppendPersonNamesStrategy.java,1.7504328570794314E-4,64.9715576171875,0.0,gui,64.9715576171875
jabref\src\main\java\org\jabref\gui\importer\ImportCommand.java,1.621700406074524,63.88605880737305,105.57283782958984,preferences,105.57283782958984
jabref\src\test\java\org\jabref\logic\exporter\MetaDataSerializerTest.java,1.4254706911742687E-4,10.172675132751465,0.0,gui,10.172675132751465
jabref\src\test\java\org\jabref\logic\importer\fileformat\RepecNepImporterTest.java,1.494285388616845E-4,2.0579609870910645,0.0,gui,2.0579609870910645
jabref\src\main\java\org\jabref\gui\slr\StartNewStudyAction.java,0.4420062303543091,73.75531005859375,35.51591491699219,gui,73.75531005859375
jabref\src\main\java\org\jabref\model\openoffice\uno\UnoTextSection.java,1.550420420244336E-4,9.117278099060059,0.0,gui,9.117278099060059
jabref\src\test\java\org\jabref\logic\importer\fileformat\RISImporterFilesTest.java,1.6707158647477627E-4,1.9889456033706665,0.0,gui,1.9889456033706665
jabref\src\main\java\org\jabref\logic\importer\util\ShortDOIServiceException.java,1.6993794997688383E-4,1.57245934009552,0.0,gui,1.57245934009552
jabref\src\test\java\org\jabref\logic\importer\fetcher\MedlineFetcherTest.java,20.4333438873291,53.747215270996094,0.5876948833465576,gui,53.747215270996094
jabref\src\test\java\org\jabref\gui\util\comparator\SpecialFieldComparatorTest.java,1.6005254292394966E-4,63.002567291259766,0.0,gui,63.002567291259766
jabref\src\main\java\org\jabref\gui\theme\StyleSheet.java,0.5124546885490417,69.09666442871094,1.3215715885162354,gui,69.09666442871094
jabref\src\main\java\org\jabref\gui\collab\entryadd\EntryAdd.java,0.5946023464202881,63.320003509521484,0.0,gui,63.320003509521484
jabref\src\test\java\org\jabref\logic\importer\fetcher\JstorFetcherTest.java,70.78752899169922,10.497662544250488,0.32436639070510864,cli,70.78752899169922
jabref\src\main\java\org\jabref\gui\maintable\MainTableFieldValueFormatter.java,1.5312459436245263E-4,70.96017456054688,0.0,gui,70.96017456054688
jabref\src\test\java\org\jabref\logic\importer\fetcher\DOABFetcherTest.java,44.19606018066406,15.448470115661621,4.694064617156982,cli,44.19606018066406
jabref\src\main\java\org\jabref\gui\openoffice\OpenOfficePanel.java,18.538448333740234,59.312076568603516,49.264095306396484,gui,59.312076568603516
jabref\src\test\java\org\jabref\logic\git\GitHandlerTest.java,23.689220428466797,13.583993911743164,2.1830313205718994,cli,23.689220428466797
jabref\src\test\java\org\jabref\model\search\rules\ContainsBasedSearchRuleTest.java,1.5125398931559175E-4,2.220597267150879,0.0,gui,2.220597267150879
jabref\src\main\java\org\jabref\gui\edit\automaticfiededitor\copyormovecontent\CopyOrMoveFieldContentTabView.java,1.009295105934143,59.691707611083984,0.0,gui,59.691707611083984
jabref\src\main\java\org\jabref\logic\importer\fileformat\MarcXmlParser.java,0.24341797828674316,14.650186538696289,0.22283977270126343,gui,14.650186538696289
jabref\src\test\java\org\jabref\logic\layout\format\NoSpaceBetweenAbbreviationsTest.java,1.6109376156236976E-4,1.944061517715454,0.0,gui,1.944061517715454
jabref\src\main\java\org\jabref\gui\util\ZipFileChooser.java,1.1838963031768799,60.070255279541016,0.0,gui,60.070255279541016
jabref\src\main\java\org\jabref\logic\importer\fetcher\GoogleScholar.java,1.7941454648971558,6.459662914276123,4.004269123077393,gui,6.459662914276123
jabref\src\main\java\org\jabref\model\openoffice\ootext\OOText.java,1.6539770876988769E-4,3.4304747581481934,0.0,gui,3.4304747581481934
jabref\src\test\java\org\jabref\logic\exporter\HtmlExportFormatTest.java,1.8992173671722412,13.125513076782227,0.0,gui,13.125513076782227
jabref\src\main\java\org\jabref\model\search\matchers\OrMatcher.java,1.7412017041351646E-4,1.9349567890167236,0.0,gui,1.9349567890167236
jabref\src\main\java\org\jabref\gui\mergeentries\newmergedialog\cell\MergedFieldCell.java,30.623315811157227,62.76367950439453,0.0,gui,62.76367950439453
jabref\src\main\java\org\jabref\model\database\event\BibDatabaseContextChangedEvent.java,1.7442679381929338E-4,1.9383641481399536,0.0,gui,1.9383641481399536
jabref\src\test\java\org\jabref\logic\pdf\search\indexing\PdfIndexerTest.java,0.24910400807857513,5.840775012969971,0.0,gui,5.840775012969971
jabref\src\main\java\org\jabref\logic\layout\format\JournalAbbreviator.java,1.7290438700001687E-4,1.5824521780014038,0.0,gui,1.5824521780014038
jabref\src\main\java\org\jabref\gui\bibtexextractor\BibtexExtractor.java,1.4443151950836182,62.04464340209961,0.0,gui,62.04464340209961
jabref\src\main\java\org\jabref\gui\preferences\entryeditortabs\CustomEditorFieldsTabViewModel.java,3.525987148284912,69.11048889160156,104.78406524658203,preferences,104.78406524658203
jabref\src\main\java\org\jabref\gui\AbstractViewModel.java,1.7915920761879534E-4,65.67630004882812,0.0,gui,65.67630004882812
jabref\src\main\java\org\jabref\gui\fieldeditors\JournalEditorViewModel.java,1.6877969028428197E-4,74.00183868408203,0.4697340428829193,gui,74.00183868408203
jabref\src\main\java\org\jabref\model\entry\field\StandardField.java,1.605484962463379,10.792120933532715,0.21159818768501282,gui,10.792120933532715
jabref\src\main\java\org\jabref\gui\importer\ImportEntriesDialog.java,48.004825592041016,63.08845520019531,79.46647644042969,preferences,79.46647644042969
jabref\src\main\java\org\jabref\model\search\rules\SentenceAnalyzer.java,1.6005254292394966E-4,1.778626561164856,0.0,gui,1.778626561164856
jabref\src\main\java\org\jabref\logic\integrity\BibTeXEntryTypeChecker.java,0.5046331882476807,9.577820777893066,0.774825930595398,gui,9.577820777893066
jabref\src\main\java\org\jabref\gui\externalfiles\ExternalFileSorter.java,0.6603107452392578,66.43064880371094,0.0,gui,66.43064880371094
jabref\src\test\java\org\jabref\logic\importer\fetcher\transformers\YearRangeByFilteringQueryTransformerTest.java,1.6595193301327527E-4,1.9804500341415405,0.0,gui,1.9804500341415405
jabref\src\main\java\org\jabref\logic\layout\format\LastPage.java,1.7230285448022187E-4,1.58042573928833,0.0,gui,1.58042573928833
jabref\src\test\java\org\jabref\logic\layout\format\AuthorFirstLastOxfordCommasTest.java,1.570081221871078E-4,3.827505111694336,0.0,gui,3.827505111694336
jabref\src\test\java\org\jabref\logic\journals\AbbreviationTest.java,1.1586748587433249E-4,1.9676861763000488,0.0,gui,1.9676861763000488
jabref\src\main\java\org\jabref\logic\crawler\StudyRepository.java,0.6372406482696533,2.6976521015167236,35.478424072265625,preferences,35.478424072265625
jabref\src\main\java\org\jabref\logic\importer\fetcher\CrossRef.java,13.084673881530762,14.809772491455078,0.0,gui,14.809772491455078
jabref\src\test\java\org\jabref\logic\cleanup\DoiCleanupTest.java,1.4254706911742687E-4,12.754467964172363,0.0,gui,12.754467964172363
jabref\src\main\java\org\jabref\gui\copyfiles\CopySingleFileAction.java,1.674025058746338,67.54324340820312,0.0,gui,67.54324340820312
jabref\src\main\java\org\jabref\model\entry\types\IEEETranEntryTypeDefinitions.java,19.056007385253906,2.6793127059936523,0.0,cli,19.056007385253906
jabref\src\test\java\org\jabref\logic\layout\format\FileLinkTest.java,1.550420420244336E-4,3.8593502044677734,0.0,gui,3.8593502044677734
jabref\src\main\java\org\jabref\logic\formatter\casechanger\UpperCaseFormatter.java,26.81235122680664,2.3967199325561523,0.8339163064956665,cli,26.81235122680664
jabref\src\main\java\org\jabref\gui\maintable\ColumnPreferences.java,1.6539770876988769E-4,63.320003509521484,0.0,gui,63.320003509521484
jabref\src\main\java\org\jabref\gui\edit\ReplaceStringViewModel.java,0.8757736086845398,66.66101837158203,0.0,gui,66.66101837158203
jabref\src\test\java\org\jabref\logic\layout\format\ReplaceTest.java,1.5312459436245263E-4,2.0984363555908203,1.4579956531524658,gui,2.0984363555908203
jabref\src\test\java\org\jabref\logic\formatter\bibtexfields\ReplaceWithEscapedDoubleQuotesTest.java,1.6539770876988769E-4,2.1651298999786377,0.0,gui,2.1651298999786377
jabref\src\main\java\org\jabref\logic\layout\format\FormatPagesForHTML.java,1.759762380970642E-4,1.5928001403808594,0.0,gui,1.5928001403808594
jabref\src\main\java\org\jabref\gui\collab\DatabaseChangeDetailsViewFactory.java,1.494285388616845E-4,61.5857048034668,35.0,gui,61.5857048034668
jabref\src\main\java\org\jabref\logic\importer\IdFetcher.java,1.7535316874273121E-4,1.5907012224197388,0.0,gui,1.5907012224197388
jabref\src\test\java\org\jabref\logic\integrity\ValidCitationKeyCheckerTest.java,0.5986006259918213,1.9846782684326172,0.0,gui,1.9846782684326172
jabref\src\main\java\org\jabref\logic\integrity\UrlChecker.java,0.5193504691123962,1.5764150619506836,0.0,gui,1.5764150619506836
jabref\src\main\java\org\jabref\logic\importer\ImporterPreferences.java,1.6707158647477627E-4,10.080653190612793,0.5964576005935669,gui,10.080653190612793
jabref\src\main\java\org\jabref\logic\layout\format\Ordinal.java,0.49072709679603577,1.5571649074554443,0.0,gui,1.5571649074554443
jabref\src\main\java\org\jabref\gui\collab\entrychange\EntryChangeDetailsView.java,0.6102907657623291,62.39507293701172,35.0,gui,62.39507293701172
jabref\src\main\java\org\jabref\gui\undo\AbstractUndoableJabRefEdit.java,0.6226757168769836,64.65709686279297,0.0,gui,64.65709686279297
jabref\src\main\java\org\jabref\logic\search\SearchQuery.java,0.5785388946533203,6.8460612297058105,0.0,gui,6.8460612297058105
jabref\src\main\java\org\jabref\logic\importer\fetcher\ACS.java,0.85745769739151,21.43524742126465,0.0,gui,21.43524742126465
jabref\src\test\java\org\jabref\logic\layout\format\AuthorFirstFirstTest.java,1.6993794997688383E-4,3.7303993701934814,0.0,gui,3.7303993701934814
jabref\src\main\java\org\jabref\logic\importer\IdParserFetcher.java,1.5125398931559175E-4,1.5095198154449463,0.0,gui,1.5095198154449463
jabref\src\main\java\org\jabref\gui\openoffice\ManageCitationsDialogView.java,30.799257278442383,59.691707611083984,0.0,gui,59.691707611083984
jabref\src\main\java\org\jabref\logic\layout\format\ReplaceWithEscapedDoubleQuotes.java,1.7170546925626695E-4,1.578413486480713,0.0,gui,1.578413486480713
jabref\src\main\java\org\jabref\gui\libraryproperties\general\GeneralPropertiesView.java,0.998285710811615,62.28059768676758,36.0,gui,62.28059768676758
jabref\src\test\java\org\jabref\cli\JabRefCLITest.java,149.46511840820312,47.05317306518555,0.6396037936210632,cli,149.46511840820312
jabref\src\main\java\org\jabref\logic\cleanup\ConvertToBibtexCleanup.java,1.5125398931559175E-4,1.5095198154449463,0.0,gui,1.5095198154449463
jabref\src\main\java\org\jabref\gui\collab\entrychange\PreviewWithSourceTab.java,0.5124546885490417,61.964561462402344,35.0,gui,61.964561462402344
jabref\src\main\java\org\jabref\logic\xmp\XmpUtilShared.java,1.6321736620739102E-4,1.5498201847076416,0.0,gui,1.5498201847076416
jabref\src\main\java\org\jabref\gui\mergeentries\newmergedialog\fieldsmerger\GroupMerger.java,1.6595193301327527E-4,63.41489791870117,0.0,gui,63.41489791870117
jabref\src\main\java\org\jabref\gui\util\StreamGobbler.java,1.7568657398223877,63.800926208496094,0.0,gui,63.800926208496094
jabref\src\main\java\org\jabref\gui\preferences\network\NetworkTab.java,1.0111887454986572,56.71090316772461,74.22860717773438,preferences,74.22860717773438
jabref\src\main\java\org\jabref\logic\importer\fetcher\transformers\BiodiversityLibraryTransformer.java,1.7023000691551715E-4,1.5734431743621826,0.0,gui,1.5734431743621826
jabref\src\main\java\org\jabref\gui\help\VersionWorker.java,0.6102907657623291,71.94173431396484,0.0,gui,71.94173431396484
jabref\src\main\java\org\jabref\logic\cleanup\DoiCleanup.java,1.459067134419456E-4,21.17315101623535,0.0,gui,21.17315101623535
jabref\src\main\java\org\jabref\gui\bibtexextractor\BibtexExtractorViewModel.java,35.57378387451172,61.407432556152344,38.183128356933594,gui,61.407432556152344
jabref\src\main\java\org\jabref\migrations\SpecialFieldsToSeparateFields.java,1.442073262296617E-4,11.400020599365234,0.0,gui,11.400020599365234
jabref\src\main\java\org\jabref\gui\preferences\customentrytypes\EntryTypeViewModel.java,1.5312459436245263E-4,66.61804962158203,92.72659301757812,preferences,92.72659301757812
jabref\src\main\java\org\jabref\logic\bibtex\BibEntryWriter.java,1.1168674973305315E-4,12.539312362670898,1.2532130479812622,gui,12.539312362670898
jabref\src\main\java\org\jabref\gui\util\ControlHelper.java,37.57508087158203,57.830360412597656,0.0,gui,57.830360412597656
jabref\src\test\java\org\jabref\model\entry\DateTest.java,1.0779721196740866E-4,1.6352274417877197,0.0,gui,1.6352274417877197
jabref\src\test\java\org\jabref\model\metadata\MetaDataTest.java,1.7504328570794314E-4,2.48266863822937,0.0,gui,2.48266863822937
jabref\src\test\java\org\jabref\gui\preferences\journals\JournalAbbreviationsViewModelTabTest.java,0.2732095718383789,58.6737060546875,57.045204162597656,gui,58.6737060546875
jabref\src\main\java\org\jabref\logic\auxparser\AuxParserResult.java,1.6539770876988769E-4,2.0113635063171387,0.4541987180709839,gui,2.0113635063171387
jabref\src\main\java\org\jabref\preferences\TelemetryPreferences.java,1.6763710300438106E-4,15.536357879638672,100.24662017822266,preferences,100.24662017822266
jabref\src\test\java\org\jabref\model\entry\EntryLinkListTest.java,0.9738925695419312,8.868006706237793,0.0,gui,8.868006706237793
jabref\src\main\java\org\jabref\gui\MainApplication.java,1.6707158647477627E-4,66.59638977050781,104.642333984375,preferences,104.642333984375
jabref\src\main\java\org\jabref\gui\fieldeditors\LinkedFilesEditorViewModel.java,1.0571433305740356,65.60578918457031,105.68289184570312,preferences,105.68289184570312
jabref\src\main\java\org\jabref\logic\shared\DBMSType.java,1.5800996334291995E-4,1.532278299331665,0.0,gui,1.532278299331665
jabref\src\main\java\org\jabref\gui\StateManager.java,0.3119354248046875,68.13067626953125,0.47406601905822754,gui,68.13067626953125
jabref\src\main\java\org\jabref\gui\util\ViewModelTreeTableRowFactory.java,20.358535766601562,53.457435607910156,0.0,gui,53.457435607910156
jabref\src\main\java\org\jabref\logic\journals\JournalAbbreviationLoader.java,0.6531392335891724,1.5095198154449463,0.0,gui,1.5095198154449463
jabref\src\main\java\org\jabref\logic\l10n\LocalizationKeyParams.java,25.778451919555664,10.923493385314941,0.0,cli,25.778451919555664
jabref\src\main\java\org\jabref\logic\util\CoarseChangeFilter.java,1.5312459436245263E-4,1.5158212184906006,0.0,gui,1.5158212184906006
jabref\src\main\java\org\jabref\gui\maintable\OpenUrlAction.java,1.9121694564819336,81.53010559082031,103.87489318847656,preferences,103.87489318847656
jabref\src\main\java\org\jabref\model\entry\field\BibField.java,1.6430030518677086E-4,3.8222391605377197,0.0,gui,3.8222391605377197
jabref\src\main\java\org\jabref\gui\edit\automaticfiededitor\editfieldcontent\EditFieldContentViewModel.java,1.305252080783248E-4,68.46163940429688,0.4343331456184387,gui,68.46163940429688
jabref\src\test\java\org\jabref\model\entry\identifier\ISSNTest.java,1.550420420244336E-4,2.328310012817383,0.0,gui,2.328310012817383
jabref\src\main\java\org\jabref\gui\preferences\entryeditortabs\CustomEditorFieldsTab.java,0.48537689447402954,66.30403900146484,96.50932312011719,preferences,96.50932312011719
jabref\src\main\java\org\jabref\model\groups\AutomaticKeywordGroup.java,1.4764662773814052E-4,10.796323776245117,0.37899309396743774,gui,10.796323776245117
jabref\src\main\java\org\jabref\logic\groups\DefaultGroupsFactory.java,28.63673210144043,1.586547613143921,0.0,cli,28.63673210144043
jabref\src\main\java\org\jabref\gui\collab\groupchange\GroupChangeDetailsView.java,0.48014217615127563,64.85736083984375,0.0,gui,64.85736083984375
jabref\src\main\java\org\jabref\logic\importer\fetcher\AbstractIsbnFetcher.java,0.49619653820991516,1.5609114170074463,0.0,gui,1.5609114170074463
jabref\src\test\java\org\jabref\logic\integrity\BooktitleCheckerTest.java,1.6430030518677086E-4,2.1193253993988037,4.323126316070557,preferences,4.323126316070557
jabref\src\test\java\org\jabref\logic\journals\AbbreviationWriterTest.java,1.6005254292394966E-4,2.1121387481689453,0.0,gui,2.1121387481689453
jabref\src\main\java\org\jabref\logic\util\FileType.java,1.7442679381929338E-4,1.5875805616378784,0.0,gui,1.5875805616378784
jabref\src\test\java\org\jabref\logic\integrity\UTF8CheckerTest.java,1.550420420244336E-4,12.264403343200684,0.0,gui,12.264403343200684
jabref\src\main\java\org\jabref\model\openoffice\rangesort\RangeOverlapWithin.java,1.362715265713632E-4,11.9738187789917,0.0,gui,11.9738187789917
jabref\src\test\java\org\jabref\gui\util\OpenConsoleActionTest.java,1.5800996334291995E-4,66.97160339355469,99.46073150634766,preferences,99.46073150634766
jabref\src\main\java\org\jabref\logic\importer\fileformat\EndnoteImporter.java,9.461690933676437E-5,18.2490291595459,78.76382446289062,preferences,78.76382446289062
jabref\src\main\java\org\jabref\gui\preferences\keybindings\presets\KeyBindingPreset.java,1.759762380970642E-4,68.01359558105469,100.88046264648438,preferences,100.88046264648438
jabref\src\main\java\org\jabref\gui\importer\actions\GUIPostOpenAction.java,1.7535316874273121E-4,65.02461242675781,0.0,gui,65.02461242675781
jabref\src\main\java\org\jabref\logic\pdf\EntryAnnotationImporter.java,0.6306798458099365,1.546219825744629,0.0,gui,1.546219825744629
jabref\src\main\java\org\jabref\logic\util\WebViewStore.java,1.6214861534535885E-4,9.0872220993042,0.0,gui,9.0872220993042
jabref\src\test\java\org\jabref\logic\shared\SynchronizationEventListenerTest.java,1.7260308959521353E-4,2.031545400619507,0.0,gui,2.031545400619507
jabref\src\main\java\org\jabref\model\openoffice\util\OOResult.java,1.442073262296617E-4,22.953149795532227,0.0,gui,22.953149795532227
jabref\src\main\java\org\jabref\logic\importer\fileformat\mods\Identifier.java,1.7628943896852434E-4,1.5938551425933838,0.0,gui,1.5938551425933838
jabref\src\main\java\org\jabref\gui\DefaultInjector.java,35.00014877319336,62.5857048034668,35.0,gui,62.5857048034668
jabref\src\test\java\org\jabref\logic\importer\fetcher\TitleFetcherTest.java,20.384994506835938,16.318405151367188,0.0,cli,20.384994506835938
jabref\src\main\java\org\jabref\logic\importer\fetcher\ArXivFetcher.java,18.58062744140625,28.101844787597656,0.27202552556991577,gui,28.101844787597656
jabref\src\main\java\org\jabref\model\util\DummyFileUpdateMonitor.java,0.5301740169525146,1.9248061180114746,0.0,gui,1.9248061180114746
jabref\src\test\java\org\jabref\logic\importer\fetcher\CompositeSearchBasedFetcherTest.java,26.03767204284668,7.683371543884277,0.5556492805480957,cli,26.03767204284668
jabref\src\main\java\org\jabref\gui\undo\UndoableRemoveString.java,0.5017892122268677,64.28876495361328,0.0,gui,64.28876495361328
jabref\src\main\java\org\jabref\logic\xmp\EncryptedPdfsNotSupportedException.java,1.7819229105953127E-4,1.6002652645111084,0.0,gui,1.6002652645111084
jabref\src\main\java\org\jabref\gui\mergeentries\DiffHighlighting.java,3.2138216495513916,63.90005111694336,0.5497182011604309,gui,63.90005111694336
jabref\src\main\java\org\jabref\logic\formatter\bibtexfields\OrdinalsToSuperscriptFormatter.java,0.5829218626022339,3.128150463104248,0.0,gui,3.128150463104248
jabref\src\main\java\org\jabref\gui\libraryproperties\constants\ConstantsItemModel.java,0.6517452597618103,62.277687072753906,0.0,gui,62.277687072753906
jabref\src\main\java\org\jabref\gui\util\comparator\RankingFieldComparator.java,1.6820644668769091E-4,73.40122985839844,0.0,gui,73.40122985839844
jabref\src\main\java\org\jabref\model\openoffice\util\OOPair.java,1.7320674669463187E-4,1.9248061180114746,0.0,gui,1.9248061180114746
jabref\src\main\java\org\jabref\logic\importer\ImportException.java,1.7412017041351646E-4,1.586547613143921,0.0,gui,1.586547613143921
jabref\src\test\java\org\jabref\logic\integrity\PagesCheckerBiblatexTest.java,1.6214861534535885E-4,1.9518983364105225,0.0,gui,1.9518983364105225
jabref\src\main\java\org\jabref\logic\openoffice\style\OOBibStyle.java,19.564273834228516,11.847708702087402,0.1343296766281128,cli,19.564273834228516
jabref\src\main\java\org\jabref\logic\layout\format\AuthorAndToSemicolonReplacer.java,1.756641431711614E-4,1.591748833656311,0.0,gui,1.591748833656311
jabref\src\test\java\org\jabref\logic\layout\format\AuthorLastFirstCommasTest.java,1.570081221871078E-4,3.827505111694336,0.0,gui,3.827505111694336
jabref\src\test\java\org\jabref\gui\autocompleter\SuggestionProvidersTest.java,1.8729169096332043E-4,68.01341247558594,0.4913060665130615,gui,68.01341247558594
jabref\src\test\java\org\jabref\logic\citationkeypattern\MakeLabelWithoutDatabaseTest.java,1.783220359357074E-4,5.296020984649658,0.0,gui,5.296020984649658
jabref\src\test\java\org\jabref\logic\formatter\bibtexfields\RemoveBracesFormatterTest.java,1.5125398931559175E-4,2.132789134979248,0.0,gui,2.132789134979248
jabref\src\main\java\org\jabref\logic\integrity\ASCIICharacterChecker.java,0.4989772439002991,1.5628035068511963,0.0,gui,1.5628035068511963
jabref\src\main\java\org\jabref\logic\WatchServiceUnavailableException.java,1.7628943896852434E-4,1.5938551425933838,0.0,gui,1.5938551425933838
jabref\src\main\java\org\jabref\gui\libraryproperties\AbstractPropertiesTabView.java,1.7052306793630123E-4,64.19758605957031,0.0,gui,64.19758605957031
jabref\src\main\java\org\jabref\logic\layout\format\CreateDocBook4Editors.java,1.6993794997688383E-4,1.57245934009552,0.0,gui,1.57245934009552
jabref\src\main\java\org\jabref\architecture\ApacheCommonsLang3Allowed.java,1.7883573309518397E-4,5.3195600509643555,0.0,gui,5.3195600509643555
jabref\src\main\java\org\jabref\gui\mergeentries\newmergedialog\cell\CopyFieldValueCommand.java,67.20491027832031,65.19758605957031,35.0,cli,67.20491027832031
jabref\src\main\java\org\jabref\gui\edit\automaticfiededitor\LastAutomaticFieldEditorEdit.java,1.6763710300438106E-4,63.70343780517578,0.0,gui,63.70343780517578
jabref\src\main\java\org\jabref\model\entry\event\EntryChangedEvent.java,1.7140834825113416E-4,10.173806190490723,0.0,gui,10.173806190490723
jabref\src\main\java\org\jabref\gui\externalfiles\GitIgnoreFileFilter.java,2.364715099334717,67.32623291015625,1.802582859992981,gui,67.32623291015625
jabref\src\main\java\org\jabref\gui\sidepane\SidePaneComponent.java,0.9735472202301025,61.359371185302734,0.0,gui,61.359371185302734
jabref\src\test\java\org\jabref\logic\layout\format\RisKeywordsTest.java,1.6214861534535885E-4,2.1329665184020996,0.0,gui,2.1329665184020996
jabref\src\main\java\org\jabref\logic\importer\CompositeIdFetcher.java,1.6214861534535885E-4,22.274707794189453,0.0,gui,22.274707794189453
jabref\src\main\java\org\jabref\gui\mergeentries\newmergedialog\DiffMethod.java,1.7755346198100597E-4,65.40135192871094,0.0,gui,65.40135192871094
jabref\src\test\java\org\jabref\logic\importer\fileformat\BiblioscapeImporterTest.java,2.238316297531128,2.1229023933410645,0.0,cli,2.238316297531128
jabref\src\main\java\org\jabref\logic\importer\fileformat\medline\Investigator.java,1.756641431711614E-4,1.591748833656311,0.0,gui,1.591748833656311
jabref\src\main\java\org\jabref\gui\preferences\customimporter\CustomImporterTabViewModel.java,0.8847498893737793,69.41915893554688,104.48400115966797,preferences,104.48400115966797
jabref\src\main\java\org\jabref\logic\remote\RemoteMessage.java,1.7723576456774026E-4,1.5970430374145508,0.0,gui,1.5970430374145508
jabref\src\main\java\org\jabref\architecture\AllowedToUseLogic.java,1.7883573309518397E-4,5.3195600509643555,0.0,gui,5.3195600509643555
jabref\src\test\java\org\jabref\logic\autosaveandbackup\BackupManagerDiscardedTest.java,1.459067134419456E-4,3.0536699295043945,35.61735534667969,preferences,35.61735534667969
jabref\src\test\java\org\jabref\logic\layout\format\AuthorAndToSemicolonReplacerTest.java,1.550420420244336E-4,3.7071046829223633,0.0,gui,3.7071046829223633
jabref\src\main\java\org\jabref\logic\layout\TextBasedPreviewLayout.java,0.46028560400009155,1.5356965065002441,0.0,gui,1.5356965065002441
jabref\src\main\java\org\jabref\logic\cleanup\FieldFormatterCleanups.java,0.273596853017807,10.435678482055664,0.0,gui,10.435678482055664
jabref\src\main\java\org\jabref\gui\edit\ManageKeywordsDialog.java,0.7897602915763855,62.59973907470703,89.35263061523438,preferences,89.35263061523438
jabref\src\main\java\org\jabref\logic\importer\fetcher\DOAJFetcher.java,1.9351792335510254,10.61895751953125,89.52204132080078,preferences,89.52204132080078
jabref\src\test\java\org\jabref\logic\cleanup\EprintCleanupTest.java,1.6321736620739102E-4,2.0509631633758545,0.0,gui,2.0509631633758545
jabref\src\main\java\org\jabref\gui\mergeentries\newmergedialog\toolbar\ThreeWayMergeToolbar.java,1.073239803314209,64.88737487792969,35.52720642089844,gui,64.88737487792969
jabref\src\test\java\org\jabref\gui\edit\CopyMoreActionTest.java,36.030269622802734,56.139617919921875,35.0,gui,56.139617919921875
jabref\src\main\java\org\jabref\gui\mergeentries\newmergedialog\cell\FieldValueCell.java,23.267112731933594,61.19099044799805,0.0,gui,61.19099044799805
jabref\src\main\java\org\jabref\gui\openoffice\CitationEntryViewModel.java,1.665098825469613E-4,63.510433197021484,0.0,gui,63.510433197021484
jabref\src\main\java\org\jabref\gui\SendAsEMailAction.java,1.3880836963653564,64.75537109375,36.522891998291016,gui,64.75537109375
jabref\src\main\java\org\jabref\logic\shared\DBMSSynchronizer.java,9.461690933676437E-5,10.0403413772583,0.20324739813804626,gui,10.0403413772583
jabref\src\test\java\org\jabref\logic\importer\fetcher\transformers\ZbMathQueryTransformerTest.java,1.570081221871078E-4,1.9140326976776123,0.0,gui,1.9140326976776123
jabref\src\main\java\org\jabref\gui\mergeentries\newmergedialog\fieldsmerger\CommentMerger.java,1.7442679381929338E-4,64.86599731445312,0.0,gui,64.86599731445312
jabref\src\test\java\org\jabref\logic\layout\LayoutTest.java,0.9924049973487854,1.9178625345230103,0.5745378732681274,gui,1.9178625345230103
jabref\src\main\java\org\jabref\gui\preferences\journals\JournalAbbreviationsTabViewModel.java,1.3303987979888916,65.34194946289062,77.89822387695312,preferences,77.89822387695312
jabref\src\main\java\org\jabref\gui\keyboard\CodeAreaKeyBindings.java,17.385412216186523,56.01947784423828,0.0,gui,56.01947784423828
jabref\src\main\java\org\jabref\gui\libraryproperties\keypattern\KeyPatternPropertiesView.java,0.4420062303543091,62.54686737060547,35.0,gui,62.54686737060547
jabref\src\main\java\org\jabref\logic\pdf\search\indexing\PdfIndexer.java,0.273596853017807,8.122350692749023,0.3716466724872589,gui,8.122350692749023
jabref\src\main\java\org\jabref\model\entry\IdGenerator.java,1.7290438700001687E-4,1.9214460849761963,0.0,gui,1.9214460849761963
jabref\src\main\java\org\jabref\logic\importer\fetcher\DOABFetcher.java,1.007779355859384E-4,7.729809284210205,0.0,gui,7.729809284210205
jabref\src\main\java\org\jabref\gui\documentviewer\DocumentViewerView.java,18.83681869506836,60.27314376831055,36.0,gui,60.27314376831055
jabref\src\main\java\org\jabref\gui\documentviewer\DocumentViewerControl.java,15.114487648010254,62.8379020690918,2.0338079929351807,gui,62.8379020690918
jabref\src\main\java\org\jabref\logic\importer\PagedSearchBasedFetcher.java,1.6214861534535885E-4,1.546219825744629,0.0,gui,1.546219825744629
jabref\src\main\java\org\jabref\model\entry\types\BibtexEntryTypeDefinitions.java,12.524032592773438,2.527275562286377,0.0,cli,12.524032592773438
jabref\src\main\java\org\jabref\logic\importer\util\IdentifierParser.java,1.570081221871078E-4,17.97047996520996,0.0,gui,17.97047996520996
jabref\src\main\java\org\jabref\gui\undo\UndoableFieldChange.java,0.6319388151168823,60.89826202392578,0.0,gui,60.89826202392578
jabref\src\main\java\org\jabref\model\openoffice\util\OOTuple3.java,1.7111223132815212E-4,1.9015302658081055,0.0,gui,1.9015302658081055
jabref\src\test\java\org\jabref\logic\cleanup\BibtexBiblatexRoundtripTest.java,0.6884423494338989,1.9151880741119385,0.0,gui,1.9151880741119385
jabref\src\main\java\org\jabref\logic\layout\format\AuthorOrgSci.java,1.665098825469613E-4,1.5609114170074463,0.0,gui,1.5609114170074463
jabref\src\main\java\org\jabref\gui\preferences\PreferencesTab.java,1.759762380970642E-4,68.01359558105469,100.88046264648438,preferences,100.88046264648438
jabref\src\test\java\org\jabref\logic\layout\format\DOICheckTest.java,1.6430030518677086E-4,1.9679934978485107,0.0,gui,1.9679934978485107
jabref\src\main\java\org\jabref\logic\importer\fetcher\CollectionOfComputerScienceBibliographiesParser.java,0.9411506056785583,1.5033705234527588,0.0,gui,1.5033705234527588
jabref\src\test\java\org\jabref\model\TreeNodeTest.java,5.01559698022902E-5,11.62137222290039,0.0,gui,11.62137222290039
jabref\src\main\java\org\jabref\gui\autocompleter\JournalsSuggestionProvider.java,1.720036379992962E-4,64.45109558105469,0.0,gui,64.45109558105469
jabref\src\main\java\org\jabref\logic\importer\fetcher\JstorFetcher.java,1.8512283563613892,14.295729637145996,0.5228927135467529,gui,14.295729637145996
jabref\src\main\java\org\jabref\model\entry\field\FieldPriority.java,1.7723576456774026E-4,1.9695795774459839,0.0,gui,1.9695795774459839
jabref\src\main\java\org\jabref\logic\shared\DatabaseConnection.java,1.7723576456774026E-4,1.5970430374145508,0.0,gui,1.5970430374145508
jabref\src\test\java\org\jabref\logic\layout\format\AuthorAbbreviatorTest.java,1.6109376156236976E-4,3.58829927444458,0.0,gui,3.58829927444458
jabref\src\test\java\org\jabref\model\entry\BibEntryTest.java,2.498903512954712,3.343303680419922,0.3377891182899475,gui,3.343303680419922
jabref\src\test\java\org\jabref\IconsPropertiesTest.java,1.4764662773814052E-4,2.52451229095459,34.11106491088867,preferences,34.11106491088867
jabref\src\test\java\org\jabref\logic\msbib\MSBibConverterTest.java,0.37499240040779114,7.850090026855469,0.0,gui,7.850090026855469
jabref\src\test\java\org\jabref\gui\maintable\MainTableColumnModelTest.java,1.6005254292394966E-4,62.99646759033203,0.0,gui,62.99646759033203
jabref\src\main\java\org\jabref\model\entry\event\EntriesEvent.java,1.6935683379415423E-4,1.8820229768753052,0.0,gui,1.8820229768753052
jabref\src\main\java\org\jabref\logic\importer\fileformat\PdfXmpImporter.java,0.4094827473163605,3.332714557647705,1.8353465795516968,gui,3.332714557647705
jabref\src\main\java\org\jabref\logic\remote\server\RemoteListenerServer.java,1.5125398931559175E-4,8.258320808410645,0.0,gui,8.258320808410645
jabref\src\main\java\org\jabref\model\entry\identifier\MathSciNetId.java,1.5902469749562442E-4,9.46737289428711,0.0,gui,9.46737289428711
jabref\src\main\java\org\jabref\logic\exporter\MSBibExporter.java,0.5716915130615234,1.5356965065002441,0.0,gui,1.5356965065002441
jabref\src\main\java\org\jabref\gui\util\CurrentThreadTaskExecutor.java,21.51009750366211,71.81954193115234,0.0,gui,71.81954193115234
jabref\src\main\java\org\jabref\logic\formatter\IdentityFormatter.java,0.6140964031219482,1.5754209756851196,0.0,gui,1.5754209756851196
jabref\src\main\java\org\jabref\logic\cleanup\CleanupJob.java,1.7660376033745706E-4,1.5949139595031738,0.0,gui,1.5949139595031738
jabref\src\test\java\org\jabref\gui\importer\NewEntryActionTest.java,1.5902469749562442E-4,63.75992965698242,35.0,gui,63.75992965698242
jabref\src\main\java\org\jabref\logic\importer\fetcher\ResearchGate.java,2.878383159637451,21.754329681396484,1.522297739982605,gui,21.754329681396484
jabref\src\main\java\org\jabref\gui\EntryTypeViewModel.java,50.31484603881836,64.71923828125,90.51210021972656,preferences,90.51210021972656
jabref\src\main\java\org\jabref\model\paging\Page.java,1.6877969028428197E-4,1.8756091594696045,0.0,gui,1.8756091594696045
jabref\src\main\java\org\jabref\gui\push\PushToApplications.java,0.4650941491127014,63.40478515625,35.0,gui,63.40478515625
jabref\src\main\java\org\jabref\gui\copyfiles\CopyFilesResultItemViewModel.java,0.6959183216094971,73.27125549316406,0.0,gui,73.27125549316406
jabref\src\main\java\org\jabref\logic\cleanup\Formatter.java,1.720036379992962E-4,1.5794179439544678,0.0,gui,1.5794179439544678
jabref\src\main\java\org\jabref\gui\autocompleter\AutoCompletionTextInputBinding.java,1.2783003330696374E-4,61.750614166259766,0.0,gui,61.750614166259766
jabref\src\main\java\org\jabref\gui\util\ViewModelTreeTableCellFactory.java,34.74974060058594,60.28059768676758,0.0,gui,60.28059768676758
jabref\src\main\java\org\jabref\logic\remote\server\RemoteListenerServerManager.java,1.570081221871078E-4,1.5289033651351929,0.0,gui,1.5289033651351929
jabref\src\test\java\org\jabref\model\search\rules\SentenceAnalyzerTest.java,1.6539770876988769E-4,2.2571213245391846,0.0,gui,2.2571213245391846
jabref\src\main\java\org\jabref\logic\cleanup\ISSNCleanup.java,1.6539770876988769E-4,10.99716567993164,0.0,gui,10.99716567993164
jabref\src\main\java\org\jabref\cli\AuxCommandLine.java,129.97927856445312,18.280410766601562,0.0,cli,129.97927856445312
jabref\src\main\java\org\jabref\logic\bibtex\comparator\BibStringDiff.java,1.362715265713632E-4,15.516201972961426,1.6905663013458252,gui,15.516201972961426
jabref\src\test\java\org\jabref\logic\citationkeypattern\CitationKeyGeneratorTest.java,3.3425581455230713,2.5625946521759033,0.5321335792541504,cli,3.3425581455230713
jabref\src\test\java\org\jabref\logic\exporter\GroupSerializerTest.java,0.34014639258384705,3.4577369689941406,0.47226810455322266,gui,3.4577369689941406
jabref\src\test\java\org\jabref\gui\theme\ThemeManagerTest.java,1.375534176826477,60.879730224609375,0.48654961585998535,gui,60.879730224609375
jabref\src\test\java\org\jabref\logic\importer\OpenDatabaseTest.java,1.4468541485257447E-4,12.22802734375,0.9119288921356201,gui,12.22802734375
jabref\src\main\java\org\jabref\logic\importer\FetcherException.java,1.7290438700001687E-4,1.5824521780014038,0.0,gui,1.5824521780014038
jabref\src\main\java\org\jabref\logic\layout\format\Authors.java,1.379323959350586,6.854826927185059,0.3055068552494049,gui,6.854826927185059
jabref\src\main\java\org\jabref\model\texparser\LatexParserResult.java,2.6348979473114014,8.435135841369629,0.35916948318481445,gui,8.435135841369629
jabref\src\main\java\org\jabref\gui\fieldeditors\TypeEditorViewModel.java,0.6971356868743896,62.05504608154297,0.0,gui,62.05504608154297
jabref\src\test\java\org\jabref\logic\exporter\AtomicFileOutputStreamTest.java,1.494285388616845E-4,2.944525718688965,0.0,gui,2.944525718688965
jabref\src\main\java\org\jabref\logic\importer\fileformat\CffImporter.java,28.351961135864258,21.17852020263672,1.184747338294983,cli,28.351961135864258
jabref\src\main\java\org\jabref\logic\importer\IdBasedFetcher.java,1.7660376033745706E-4,1.5949139595031738,0.0,gui,1.5949139595031738
jabref\src\test\java\org\jabref\logic\importer\fetcher\ArXivFetcherTest.java,142.9145050048828,34.749000549316406,16.485177993774414,cli,142.9145050048828
jabref\src\main\java\org\jabref\logic\bibtex\comparator\MetaDataDiff.java,1.362715265713632E-4,6.371475696563721,93.76628112792969,preferences,93.76628112792969
jabref\src\main\java\org\jabref\logic\importer\FetcherServerException.java,1.7290438700001687E-4,1.5824521780014038,0.0,gui,1.5824521780014038
jabref\src\main\java\org\jabref\model\groups\GroupHierarchyType.java,1.7052306793630123E-4,1.8949830532073975,0.0,gui,1.8949830532073975
jabref\src\main\java\org\jabref\gui\commonfxcontrols\CitationKeyPatternPanel.java,0.3304581046104431,59.25483703613281,82.85590362548828,preferences,82.85590362548828
jabref\src\test\java\org\jabref\logic\importer\fetcher\RfcFetcherTest.java,50.02362060546875,8.90982437133789,5.864973068237305,cli,50.02362060546875
jabref\src\main\java\org\jabref\logic\layout\format\RemoveBracketsAddComma.java,1.7140834825113416E-4,1.577412486076355,0.0,gui,1.577412486076355
jabref\src\test\java\org\jabref\logic\importer\DatabaseFileLookupTest.java,1.6539770876988769E-4,11.505002975463867,0.0,gui,11.505002975463867
jabref\src\test\java\org\jabref\logic\formatter\bibtexfields\NormalizeNamesFormatterTest.java,48.285396575927734,48.49674987792969,1.2330877780914307,gui,48.49674987792969
jabref\src\main\java\org\jabref\logic\formatter\bibtexfields\RegexFormatter.java,0.8757736086845398,2.2502822875976562,0.7809008359909058,gui,2.2502822875976562
jabref\src\main\java\org\jabref\logic\importer\fileformat\ACMPortalParser.java,1.007779355859384E-4,20.885149002075195,0.0,gui,20.885149002075195
jabref\src\main\java\org\jabref\logic\importer\fetcher\ApsFetcher.java,0.41715648770332336,20.908689498901367,0.0,gui,20.908689498901367
jabref\src\main\java\org\jabref\gui\mergeentries\MergeTwoEntriesAction.java,0.4650941491127014,73.03330993652344,0.0,gui,73.03330993652344
jabref\src\main\java\org\jabref\model\openoffice\uno\UnoSelection.java,1.4764662773814052E-4,10.599820137023926,0.0,gui,10.599820137023926
jabref\src\main\java\org\jabref\gui\citationkeypattern\GenerateCitationKeyAction.java,16.932003021240234,58.465335845947266,36.50906753540039,gui,58.465335845947266
jabref\src\main\java\org\jabref\gui\help\NewVersionDialog.java,0.6824475526809692,65.04973602294922,0.37899309396743774,gui,65.04973602294922
jabref\src\main\java\org\jabref\logic\bibtex\comparator\FieldComparatorStack.java,1.6935683379415423E-4,1.5705018043518066,0.0,gui,1.5705018043518066
jabref\src\main\java\org\jabref\gui\integrity\IntegrityCheckDialogViewModel.java,1.7442679381929338E-4,64.86599731445312,0.0,gui,64.86599731445312
jabref\src\main\java\org\jabref\logic\formatter\bibtexfields\EscapeDollarSignFormatter.java,0.602652907371521,1.5647085905075073,0.0,gui,1.5647085905075073
jabref\src\main\java\org\jabref\gui\shared\SharedDatabaseLoginDialogViewModel.java,45.137718200683594,68.45684814453125,40.522342681884766,gui,68.45684814453125
jabref\src\test\java\org\jabref\gui\sidepane\SidePaneViewModelTest.java,1.5736818313598633,71.43084716796875,35.0,gui,71.43084716796875
jabref\src\test\java\org\jabref\logic\exporter\DocBook5ExporterTest.java,1.5960627933964133E-4,10.41441822052002,0.0,gui,10.41441822052002
jabref\src\test\java\org\jabref\logic\layout\format\RemoveBracketsTest.java,1.6214861534535885E-4,2.1329665184020996,0.0,gui,2.1329665184020996
jabref\src\main\java\org\jabref\gui\commonfxcontrols\SortCriterionViewModel.java,1.6993794997688383E-4,64.09739685058594,0.0,gui,64.09739685058594
jabref\src\main\java\org\jabref\gui\keyboard\TextInputKeyBindings.java,17.889698028564453,64.79867553710938,0.0,gui,64.79867553710938
jabref\src\test\java\org\jabref\logic\help\HelpFileTest.java,1.6707158647477627E-4,6.329625606536865,2.385507345199585,gui,6.329625606536865
jabref\src\main\java\org\jabref\gui\edit\automaticfiededitor\AbstractAutomaticFieldEditorTabViewModel.java,1.6321736620739102E-4,63.391075134277344,0.444400429725647,gui,63.391075134277344
jabref\src\main\java\org\jabref\model\groups\AllEntriesGroup.java,1.6877969028428197E-4,1.8756091594696045,0.0,gui,1.8756091594696045
jabref\src\test\java\org\jabref\logic\importer\fetcher\AbstractIsbnFetcherTest.java,1.7461218521930277E-4,2.7804317474365234,0.652523934841156,gui,2.7804317474365234
jabref\src\main\java\org\jabref\logic\importer\fetcher\DBLPFetcher.java,1.5312459436245263E-4,1.5158212184906006,0.0,gui,1.5158212184906006
jabref\src\main\java\org\jabref\gui\openoffice\Bootstrap.java,0.45000311732292175,55.066036224365234,0.8842582106590271,gui,55.066036224365234
jabref\src\test\java\org\jabref\logic\formatter\bibtexfields\RemoveRedundantSpacesFormatterTest.java,1.665098825469613E-4,2.1444451808929443,0.0,gui,2.1444451808929443
jabref\src\main\java\org\jabref\logic\preview\PreviewLayout.java,1.7290438700001687E-4,1.5824521780014038,0.0,gui,1.5824521780014038
jabref\src\main\java\org\jabref\gui\fieldeditors\EditorTextArea.java,35.000160217285156,70.04444885253906,0.0,gui,70.04444885253906
jabref\src\test\java\org\jabref\logic\l10n\LocalizationBundleForTest.java,0.5549575090408325,2.0731449127197266,0.0,gui,2.0731449127197266
jabref\src\main\java\org\jabref\logic\layout\format\AuthorLastFirstAbbrCommas.java,1.756641431711614E-4,1.591748833656311,0.0,gui,1.591748833656311
jabref\src\main\java\org\jabref\gui\duplicationFinder\DuplicateResolverDialog.java,0.6759428977966309,55.839256286621094,35.0,gui,55.839256286621094
jabref\src\main\java\org\jabref\logic\importer\fileformat\CustomImporter.java,41.8266487121582,4.830870628356934,0.0,cli,41.8266487121582
jabref\src\test\java\org\jabref\logic\importer\fetcher\BiodiversityLibraryTest.java,0.8770326375961304,1.7945225238800049,0.5387664437294006,gui,1.7945225238800049
jabref\src\main\java\org\jabref\gui\libraryproperties\LibraryPropertiesViewModel.java,1.6877969028428197E-4,63.899078369140625,0.0,gui,63.899078369140625
jabref\src\test\java\org\jabref\logic\layout\format\RemoveLatexCommandsFormatterTest.java,1.5800996334291995E-4,2.136880874633789,0.0,gui,2.136880874633789
jabref\src\main\java\org\jabref\gui\maintable\columns\SpecialFieldColumn.java,1.2524391058832407E-4,66.2446517944336,35.0,gui,66.2446517944336
jabref\src\main\java\org\jabref\gui\preferences\table\TableTab.java,1.0140588283538818,58.71086883544922,80.06434631347656,preferences,80.06434631347656
jabref\src\main\java\org\jabref\model\openoffice\CitationEntry.java,1.6005254292394966E-4,3.924187421798706,0.0,gui,3.924187421798706
jabref\src\main\java\org\jabref\gui\fieldeditors\DateEditor.java,1.6109376156236976E-4,65.3061752319336,95.30888366699219,preferences,95.30888366699219
jabref\src\test\java\org\jabref\logic\formatter\bibtexfields\OrdinalsToSuperscriptFormatterTest.java,2.2460336685180664,2.0724289417266846,1.033874750137329,cli,2.2460336685180664
jabref\src\main\java\org\jabref\gui\JabRefGUI.java,12.650057792663574,58.28316879272461,90.87483215332031,preferences,90.87483215332031
jabref\src\main\java\org\jabref\gui\groups\GroupTreeNodeViewModel.java,1.1586748587433249E-4,59.40694046020508,0.0,gui,59.40694046020508
jabref\src\main\java\org\jabref\gui\util\DroppingMouseLocation.java,1.7755346198100597E-4,65.40135192871094,0.0,gui,65.40135192871094
jabref\src\main\java\org\jabref\model\entry\types\EntryType.java,1.7723576456774026E-4,1.9695795774459839,0.0,gui,1.9695795774459839
jabref\src\main\java\org\jabref\model\entry\BibEntryTypesManager.java,30.870155334472656,8.141416549682617,0.0,cli,30.870155334472656
jabref\src\test\java\org\jabref\logic\integrity\CitationKeyDuplicationCheckerTest.java,0.4334004521369934,2.0325193405151367,0.0,gui,2.0325193405151367
jabref\src\main\java\org\jabref\logic\formatter\bibtexfields\UnicodeToLatexFormatter.java,0.5184231996536255,9.162455558776855,0.0,gui,9.162455558776855
jabref\src\main\java\org\jabref\gui\icon\IconTheme.java,38.5097770690918,54.39760971069336,54.04114532470703,gui,54.39760971069336
jabref\src\main\java\org\jabref\gui\externalfiletype\StandardExternalFileType.java,25.993270874023438,63.53329849243164,0.0,gui,63.53329849243164
jabref\src\main\java\org\jabref\logic\util\io\RegExpBasedFileFinder.java,0.925439178943634,2.1796045303344727,0.5697293281555176,gui,2.1796045303344727
jabref\src\main\java\org\jabref\logic\texparser\TexBibEntriesResolver.java,0.37499240040779114,10.771980285644531,0.34706705808639526,gui,10.771980285644531
jabref\src\test\java\org\jabref\model\entry\AuthorListTest.java,3.8547894954681396,3.1533079147338867,0.5437410473823547,cli,3.8547894954681396
jabref\src\main\java\org\jabref\logic\openoffice\style\OOProcess.java,1.5125398931559175E-4,1.5095198154449463,0.8349419236183167,gui,1.5095198154449463
jabref\src\main\java\org\jabref\gui\cleanup\CleanupDialog.java,0.48537689447402954,63.132102966308594,0.0,gui,63.132102966308594
jabref\src\test\java\org\jabref\logic\database\DuplicateCheckTest.java,3.5227646827697754,9.12208080291748,1.0919922590255737,gui,9.12208080291748
jabref\src\main\java\org\jabref\logic\importer\fetcher\CustomizableKeyFetcher.java,1.7723576456774026E-4,1.5970430374145508,1.0,gui,1.5970430374145508
jabref\src\test\java\org\jabref\logic\layout\format\DOIStripTest.java,1.5800996334291995E-4,1.9213491678237915,0.0,gui,1.9213491678237915
jabref\src\main\java\org\jabref\logic\importer\fileformat\CoinsParser.java,2.1709513664245605,9.716352462768555,0.0,gui,9.716352462768555
jabref\src\main\java\org\jabref\logic\util\ExternalLinkCreator.java,1.6993794997688383E-4,1.57245934009552,0.0,gui,1.57245934009552
jabref\src\main\java\org\jabref\gui\copyfiles\CopyFilesDialogView.java,0.42512330412864685,60.89826202392578,0.0,gui,60.89826202392578
jabref\src\main\java\org\jabref\logic\bst\BstEntry.java,1.7260308959521353E-4,1.5814372301101685,0.9527918100357056,gui,1.5814372301101685
jabref\src\main\java\org\jabref\gui\theme\Theme.java,1.494285388616845E-4,61.757022857666016,0.0,gui,61.757022857666016
jabref\src\test\java\org\jabref\logic\importer\ImportDataTest.java,0.5124970078468323,2.1784465312957764,0.5958271026611328,gui,2.1784465312957764
jabref\src\main\java\org\jabref\logic\net\URLDownload.java,12.824155807495117,14.29845905303955,2.6785953044891357,gui,14.29845905303955
jabref\src\main\java\org\jabref\model\metadata\MetaData.java,1.2773186608683318E-4,15.225399017333984,5.738921165466309,gui,15.225399017333984
jabref\src\test\java\org\jabref\logic\msbib\MsBibAuthorTest.java,1.5125398931559175E-4,3.7821028232574463,0.0,gui,3.7821028232574463
jabref\src\test\java\org\jabref\logic\util\io\BackupFileUtilTest.java,1.5800996334291995E-4,2.387098789215088,0.995110034942627,gui,2.387098789215088
jabref\src\main\java\org\jabref\logic\formatter\bibtexfields\NormalizeMonthFormatter.java,0.5965947508811951,1.5590318441390991,0.0,gui,1.5590318441390991
jabref\src\main\java\org\jabref\gui\copyfiles\CopyFilesTask.java,17.871797561645508,68.70887756347656,35.0,gui,68.70887756347656
jabref\src\main\java\org\jabref\logic\pdf\PdfAnnotationImporter.java,1.0750797986984253,10.009264945983887,0.7391027808189392,gui,10.009264945983887
jabref\src\main\java\org\jabref\gui\mergeentries\DiffHighlightingEllipsingTextFlow.java,1.2037337728543207E-4,65.99110412597656,0.28082817792892456,gui,65.99110412597656
jabref\src\test\java\org\jabref\gui\autocompleter\BibEntrySuggestionProviderTest.java,1.3333647802937776E-4,59.55055236816406,0.0,gui,59.55055236816406
jabref\src\main\java\org\jabref\logic\importer\WebFetcher.java,1.747344940667972E-4,1.5886170864105225,0.0,gui,1.5886170864105225
jabref\src\test\java\org\jabref\logic\layout\format\AuthorNatBibTest.java,1.6214861534535885E-4,3.224001884460449,0.0,gui,3.224001884460449
jabref\src\main\java\org\jabref\gui\commonfxcontrols\CitationKeyPatternPanelItemModel.java,1.6595193301327527E-4,63.41489791870117,0.0,gui,63.41489791870117
jabref\src\main\java\org\jabref\logic\journals\Abbreviation.java,1.4254706911742687E-4,1.811599850654602,0.0,gui,1.811599850654602
jabref\src\main\java\org\jabref\logic\net\ProxyPreferences.java,1.3933866284787655E-4,5.152194976806641,1.5974699258804321,gui,5.152194976806641
jabref\src\main\java\org\jabref\gui\importer\ImportCustomEntryTypesDialogViewModel.java,1.570081221871078E-4,71.78974151611328,35.0,gui,71.78974151611328
jabref\src\main\java\org\jabref\logic\layout\format\AuthorNatBib.java,1.756641431711614E-4,1.591748833656311,0.0,gui,1.591748833656311
jabref\src\main\java\org\jabref\gui\openoffice\OOError.java,1.1229259967803955,57.22452926635742,3.970426321029663,gui,57.22452926635742
jabref\src\main\java\org\jabref\model\search\GroupSearchQuery.java,1.6005254292394966E-4,1.778626561164856,0.0,gui,1.778626561164856
jabref\src\main\java\org\jabref\logic\integrity\YearChecker.java,0.5867640376091003,2.461017370223999,0.0,gui,2.461017370223999
jabref\src\main\java\org\jabref\logic\util\OS.java,1.0001890659332275,1.5794179439544678,0.0,gui,1.5794179439544678
jabref\src\main\java\org\jabref\logic\layout\format\DocBookAuthorFormatter.java,1.4764662773814052E-4,2.0295588970184326,0.0,gui,2.0295588970184326
jabref\src\main\java\org\jabref\model\entry\AuthorList.java,1.1168674973305315E-4,11.920796394348145,3.607933759689331,gui,11.920796394348145
jabref\src\main\java\org\jabref\logic\importer\fetcher\TrustLevel.java,1.7290438700001687E-4,1.5824521780014038,0.0,gui,1.5824521780014038
jabref\src\main\java\org\jabref\gui\collab\stringchange\BibTexStringChangeDetailsView.java,0.65279620885849,64.25959777832031,0.0,gui,64.25959777832031
jabref\src\main\java\org\jabref\gui\bibtexextractor\ExtractBibtexDialog.java,2.612288236618042,64.79852294921875,84.74720764160156,preferences,84.74720764160156
jabref\src\main\java\org\jabref\logic\layout\format\AuthorAndsReplacer.java,1.6321736620739102E-4,1.5498201847076416,0.0,gui,1.5498201847076416
jabref\src\main\java\org\jabref\gui\ClipBoardManager.java,35.0001335144043,63.453678131103516,35.73603439331055,gui,63.453678131103516
jabref\buildSrc\src\copied\java\org\jabref\logic\journals\Abbreviation.java,1.4254706911742687E-4,1.811599850654602,0.0,gui,1.811599850654602
jabref\src\test\java\org\jabref\logic\importer\fetcher\transformers\DefaultQueryTransformerTest.java,1.7290438700001687E-4,2.0338966846466064,0.0,gui,2.0338966846466064
jabref\src\main\java\org\jabref\model\util\ResultingStringState.java,1.756641431711614E-4,1.9521147012710571,0.0,gui,1.9521147012710571
jabref\src\main\java\org\jabref\model\entry\event\EntriesEventSource.java,1.7628943896852434E-4,1.9590632915496826,0.0,gui,1.9590632915496826
jabref\src\main\java\org\jabref\logic\git\GitHandler.java,36.42841720581055,18.77916145324707,4.551651954650879,cli,36.42841720581055
jabref\src\test\java\org\jabref\logic\citationstyle\CitationStyleTest.java,23.199901580810547,8.95717716217041,0.0,cli,23.199901580810547
jabref\src\main\java\org\jabref\logic\layout\format\EntryTypeFormatter.java,1.7535316874273121E-4,1.5907012224197388,0.0,gui,1.5907012224197388
jabref\src\test\java\org\jabref\logic\importer\fetcher\SearchBasedFetcherCapabilityTest.java,1.362715265713632E-4,9.766541481018066,0.0,gui,9.766541481018066
jabref\src\test\java\org\jabref\model\groups\GroupTreeNodeTest.java,9.210549354553223,2.3276147842407227,0.0,cli,9.210549354553223
jabref\src\test\java\org\jabref\logic\importer\fetcher\SpringerFetcherTest.java,62.76561737060547,58.344749450683594,7.872364521026611,cli,62.76561737060547
jabref\src\main\java\org\jabref\logic\importer\fetcher\CompositeSearchBasedFetcher.java,23.931665420532227,9.290359497070312,0.5257909297943115,cli,23.931665420532227
jabref\src\main\java\org\jabref\gui\DragAndDropDataFormats.java,1.9399933808017522E-4,66.43698120117188,0.0,gui,66.43698120117188
jabref\src\main\java\org\jabref\gui\icon\JabRefIconView.java,1.494285388616845E-4,67.75802612304688,0.5500096082687378,gui,67.75802612304688
jabref\src\main\java\org\jabref\logic\cleanup\ConvertToBiblatexCleanup.java,1.459067134419456E-4,1.491506814956665,0.0,gui,1.491506814956665
jabref\src\main\java\org\jabref\gui\importer\NewDatabaseAction.java,1.7140834825113416E-4,65.34916687011719,35.0,gui,65.34916687011719
jabref\src\test\java\org\jabref\logic\formatter\bibtexfields\LatexCleanupFormatterTest.java,1.5800996334291995E-4,2.1213417053222656,0.0,gui,2.1213417053222656
jabref\src\test\java\org\jabref\gui\util\TooltipTextUtilTest.java,9.461690933676437E-5,51.793357849121094,0.0,gui,51.793357849121094
jabref\src\test\java\org\jabref\gui\documentviewer\PdfDocumentViewModelTest.java,1.6877969028428197E-4,64.41729736328125,0.0,gui,64.41729736328125
jabref\src\test\java\org\jabref\logic\exporter\YamlExporterTest.java,0.6859005093574524,7.466995716094971,47.98786163330078,preferences,47.98786163330078
jabref\src\main\java\org\jabref\logic\importer\fetcher\ZbMATH.java,1.2276034976821393E-4,12.91108512878418,92.98924255371094,preferences,92.98924255371094
jabref\src\main\java\org\jabref\logic\importer\fileformat\mods\package-info.java,6.270929336547852,1.58042573928833,0.0,cli,6.270929336547852
jabref\src\main\java\org\jabref\logic\importer\fetcher\isbntobibtex\EbookDeIsbnFetcher.java,1.6214861534535885E-4,1.546219825744629,0.0,gui,1.546219825744629
jabref\src\main\java\org\jabref\logic\shared\PostgreSQLProcessor.java,35.00016403198242,10.935046195983887,25.639087677001953,cli,35.00016403198242
jabref\src\main\java\org\jabref\gui\mergeentries\DiffMode.java,0.6811161637306213,63.320003509521484,0.0,gui,63.320003509521484
jabref\src\main\java\org\jabref\gui\importer\ImporterViewModel.java,1.6935683379415423E-4,63.99789810180664,0.0,gui,63.99789810180664
jabref\src\main\java\org\jabref\gui\Dialog.java,1.778723089955747E-4,65.45594787597656,0.0,gui,65.45594787597656
jabref\src\main\java\org\jabref\logic\importer\fetcher\SemanticScholar.java,13.388077735900879,26.983659744262695,1.0,gui,26.983659744262695
jabref\src\test\java\org\jabref\logic\formatter\bibtexfields\RegexFormatterTest.java,25.181869506835938,9.651290893554688,0.7360348701477051,cli,25.181869506835938
jabref\src\test\java\org\jabref\logic\formatter\bibtexfields\NormalizeMonthFormatterTest.java,1.720036379992962E-4,2.141301155090332,0.0,gui,2.141301155090332
jabref\src\main\java\org\jabref\gui\push\PushToEmacs.java,3.4607577323913574,66.78601837158203,81.5707015991211,preferences,81.5707015991211
jabref\src\test\java\org\jabref\logic\importer\fileformat\ACMPortalParserTest.java,20.940128326416016,21.841907501220703,0.0,gui,21.841907501220703
jabref\src\test\java\org\jabref\logic\importer\fetcher\AstrophysicsDataSystemTest.java,7.005939483642578,50.10243606567383,2.983159065246582,gui,50.10243606567383
jabref\src\main\java\org\jabref\logic\openoffice\action\Update.java,0.573765218257904,7.640652656555176,0.0,gui,7.640652656555176
jabref\src\main\java\org\jabref\model\openoffice\uno\UnoNamed.java,1.5902469749562442E-4,9.605415344238281,0.0,gui,9.605415344238281
jabref\src\main\java\org\jabref\preferences\InternalPreferences.java,1.6539770876988769E-4,18.21204948425293,100.31716918945312,preferences,100.31716918945312
jabref\src\main\java\org\jabref\gui\externalfiletype\ExternalFileTypes.java,0.4015122354030609,59.716732025146484,0.3716466724872589,gui,59.716732025146484
jabref\src\test\java\org\jabref\gui\search\ContainsAndRegexBasedSearchRuleDescriberTest.java,1.3162519931793213,56.15408706665039,0.0,gui,56.15408706665039
jabref\src\main\java\org\jabref\gui\util\IconValidationDecorator.java,1.5312459436245263E-4,63.069786071777344,0.0,gui,63.069786071777344
jabref\src\main\java\org\jabref\logic\layout\format\CreateDocBook4Authors.java,1.6993794997688383E-4,1.57245934009552,0.0,gui,1.57245934009552
jabref\src\main\java\org\jabref\logic\openoffice\backend\GetContext.java,1.5312459436245263E-4,1.5158212184906006,0.0,gui,1.5158212184906006
jabref\src\main\java\org\jabref\gui\collab\DatabaseChange.java,1.6109376156236976E-4,73.13002014160156,0.5810361504554749,gui,73.13002014160156
jabref\src\main\java\org\jabref\gui\collab\stringrename\BibTexStringRename.java,0.46028560400009155,63.080833435058594,0.8520392775535583,gui,63.080833435058594
jabref\src\test\java\org\jabref\logic\formatter\casechanger\CapitalizeFormatterTest.java,1.362715265713632E-4,3.7190375328063965,1.8415796756744385,gui,3.7190375328063965
jabref\src\test\java\org\jabref\logic\formatter\bibtexfields\EscapeUnderscoresFormatterTest.java,1.6820644668769091E-4,2.13995099067688,0.0,gui,2.13995099067688
jabref\src\main\java\org\jabref\model\entry\field\SpecialFieldValue.java,1.550420420244336E-4,1.7229459285736084,0.0,gui,1.7229459285736084
jabref\src\main\java\org\jabref\logic\shared\exception\InvalidDBMSConnectionPropertiesException.java,1.756641431711614E-4,1.591748833656311,0.0,gui,1.591748833656311
jabref\src\main\java\org\jabref\gui\exporter\SaveAction.java,0.5867640376091003,63.946678161621094,36.0,gui,63.946678161621094
jabref\src\main\java\org\jabref\logic\bst\BstVMContext.java,1.6707158647477627E-4,2.1131629943847656,0.922257125377655,gui,2.1131629943847656
jabref\src\main\java\org\jabref\gui\exporter\SaveAllAction.java,31.938650131225586,63.946678161621094,35.0,gui,63.946678161621094
jabref\src\test\java\org\jabref\logic\integrity\TitleCheckerTest.java,9.181050700135529E-5,1.9146265983581543,0.0,gui,1.9146265983581543
jabref\src\main\java\org\jabref\logic\layout\format\RisMonth.java,1.7170546925626695E-4,1.578413486480713,0.0,gui,1.578413486480713
jabref\src\main\java\org\jabref\logic\undo\UndoRedoEvent.java,1.7535316874273121E-4,1.5907012224197388,0.0,gui,1.5907012224197388
jabref\src\main\java\org\jabref\model\openoffice\style\CitationMarkerNumericEntry.java,1.756641431711614E-4,1.9521147012710571,0.0,gui,1.9521147012710571
jabref\src\main\java\org\jabref\gui\fieldeditors\FieldNameLabel.java,13.494251251220703,57.028072357177734,15.588383674621582,gui,57.028072357177734
jabref\src\test\java\org\jabref\logic\importer\fetcher\LibraryOfCongressTest.java,1.4764662773814052E-4,3.435872793197632,0.0,gui,3.435872793197632
jabref\src\main\java\org\jabref\logic\remote\client\RemoteClient.java,35.409481048583984,2.255354166030884,1.7010550498962402,cli,35.409481048583984
jabref\src\test\java\org\jabref\logic\l10n\LocalizationParser.java,2.193620204925537,4.101625442504883,0.5739977359771729,gui,4.101625442504883
jabref\src\main\java\org\jabref\model\util\FileUpdateMonitor.java,0.5365638136863708,1.9383641481399536,0.0,gui,1.9383641481399536
jabref\src\main\java\org\jabref\logic\util\io\FileNameCleaner.java,1.6109376156236976E-4,1.5426664352416992,0.0,gui,1.5426664352416992
jabref\src\main\java\org\jabref\logic\importer\fileformat\medline\OtherId.java,1.7628943896852434E-4,1.5938551425933838,0.0,gui,1.5938551425933838
jabref\src\main\java\org\jabref\model\FieldChange.java,1.550420420244336E-4,3.973564863204956,0.0,gui,3.973564863204956
jabref\src\main\java\org\jabref\gui\fieldeditors\identifier\BaseIdentifierEditorViewModel.java,1.1192865371704102,69.877685546875,96.25946807861328,preferences,96.25946807861328
jabref\src\main\java\org\jabref\gui\util\comparator\NumericFieldComparator.java,1.5902469749562442E-4,62.22879409790039,0.0,gui,62.22879409790039
jabref\src\main\java\org\jabref\logic\formatter\bibtexfields\NormalizeNamesFormatter.java,0.5946023464202881,1.5571649074554443,3.221742630004883,preferences,3.221742630004883
jabref\src\main\java\org\jabref\logic\util\TestEntry.java,17.456174850463867,18.499744415283203,2.6580557823181152,gui,18.499744415283203
jabref\src\test\java\org\jabref\testutils\category\GUITest.java,1.7504328570794314E-4,35.46102523803711,0.0,gui,35.46102523803711
jabref\src\main\java\org\jabref\logic\integrity\EntryLinkChecker.java,0.5573738217353821,4.67752742767334,46.8437385559082,preferences,46.8437385559082
jabref\src\test\java\org\jabref\logic\shared\DBMSConnectionTest.java,1.6993794997688383E-4,2.010887861251831,0.0,gui,2.010887861251831
jabref\src\main\java\org\jabref\model\openoffice\util\OOVoidResult.java,1.6214861534535885E-4,19.78372573852539,0.0,gui,19.78372573852539
jabref\src\main\java\org\jabref\model\pdf\FileAnnotationType.java,2.1287267208099365,1.7447946071624756,0.0,cli,2.1287267208099365
jabref\src\main\java\org\jabref\gui\preferences\entry\EntryTabViewModel.java,1.550420420244336E-4,64.20524597167969,93.04329681396484,preferences,93.04329681396484
jabref\src\main\java\org\jabref\logic\bst\BstVMException.java,1.7755346198100597E-4,1.5981131792068481,0.980118453502655,gui,1.5981131792068481
jabref\src\main\java\org\jabref\gui\auximport\NewSubLibraryAction.java,0.5208695530891418,64.34916687011719,1.0,gui,64.34916687011719
jabref\src\test\java\org\jabref\logic\bst\util\BstCaseChangersTest.java,7.793997065164149E-5,3.2860472202301025,5.029444694519043,preferences,5.029444694519043
jabref\src\test\java\org\jabref\gui\mergeentries\DiffHighlightingTest.java,1.2481906414031982,57.469322204589844,0.0,gui,57.469322204589844
jabref\src\main\java\org\jabref\logic\formatter\bibtexfields\LatexCleanupFormatter.java,0.5504806637763977,3.0097129344940186,0.0,gui,3.0097129344940186
jabref\src\test\java\org\jabref\model\texparser\CitationTest.java,2.2783846855163574,2.3685474395751953,0.0,gui,2.3685474395751953
jabref\src\test\java\org\jabref\gui\autocompleter\FieldValueSuggestionProviderTest.java,1.0779721196740866E-4,55.13671112060547,0.24134668707847595,gui,55.13671112060547
jabref\src\main\java\org\jabref\gui\openoffice\ManageCitationsDialogViewModel.java,1.6430030518677086E-4,70.83755493164062,0.0,gui,70.83755493164062
jabref\src\test\java\org\jabref\gui\externalfiles\FileFilterUtilsTest.java,1.0779721196740866E-4,54.01980209350586,0.0,gui,54.01980209350586
jabref\src\main\java\org\jabref\gui\icon\JabRefMaterialDesignIcon.java,1.550420420244336E-4,61.54686737060547,0.0,gui,61.54686737060547
jabref\src\main\java\org\jabref\gui\util\TaskExecutor.java,1.7023000691551715E-4,66.30167388916016,0.0,gui,66.30167388916016
jabref\src\test\java\org\jabref\logic\msbib\MsBibMappingTest.java,0.6687372326850891,2.1472344398498535,0.0,gui,2.1472344398498535
jabref\src\test\java\org\jabref\logic\l10n\EncodingsTest.java,1.7111223132815212E-4,2.167203664779663,0.0,gui,2.167203664779663
jabref\src\main\java\org\jabref\gui\commonfxcontrols\SaveOrderConfigPanel.java,0.4981038272380829,60.48356246948242,0.0,gui,60.48356246948242
jabref\src\main\java\org\jabref\logic\layout\LayoutFormatter.java,1.7755346198100597E-4,1.5981131792068481,0.0,gui,1.5981131792068481
jabref\src\main\java\org\jabref\gui\fieldeditors\contextmenu\EditorContextAction.java,39.46839141845703,68.18218994140625,0.952601432800293,gui,68.18218994140625
jabref\src\test\java\org\jabref\logic\exporter\BibtexDatabaseWriterTest.java,2.2394073009490967,7.901103973388672,2.3496627807617188,gui,7.901103973388672
jabref\src\test\java\org\jabref\logic\importer\fileformat\CopacImporterFilesTest.java,1.6109376156236976E-4,1.944061517715454,0.0,gui,1.944061517715454
jabref\src\main\java\org\jabref\gui\fieldeditors\EditorTypeEditorViewModel.java,0.6942844986915588,62.583065032958984,0.0,gui,62.583065032958984
jabref\src\test\java\org\jabref\logic\layout\format\AuthorAndsCommaReplacerTest.java,1.6214861534535885E-4,3.805356979370117,0.0,gui,3.805356979370117
jabref\src\main\java\org\jabref\model\search\rules\FullTextSearchRule.java,1.5312459436245263E-4,1.701637864112854,1.8799521923065186,preferences,1.8799521923065186
jabref\src\main\java\org\jabref\model\search\matchers\MatcherSet.java,1.6321736620739102E-4,2.223850727081299,0.0,gui,2.223850727081299
jabref\src\main\java\org\jabref\logic\layout\format\AuthorAbbreviator.java,1.7442679381929338E-4,1.5875805616378784,0.0,gui,1.5875805616378784
jabref\src\main\java\org\jabref\logic\importer\fileformat\RisImporter.java,13.127647399902344,15.676778793334961,0.0,gui,15.676778793334961
jabref\src\test\java\org\jabref\logic\exporter\MsBibExportFormatTest.java,1.6595193301327527E-4,2.068571090698242,0.0,gui,2.068571090698242
jabref\src\main\java\org\jabref\logic\importer\IdBasedParserFetcher.java,1.5125398931559175E-4,9.045263290405273,0.7869418859481812,gui,9.045263290405273
jabref\src\main\java\org\jabref\gui\preferences\protectedterms\ProtectedTermsTabViewModel.java,1.258097529411316,58.46101760864258,104.12560272216797,preferences,104.12560272216797
jabref\src\main\java\org\jabref\gui\util\FileNodeViewModel.java,1.1468100547790527,61.70474624633789,0.0,gui,61.70474624633789
jabref\src\main\java\org\jabref\gui\fieldeditors\EditorValidator.java,1.7140834825113416E-4,67.36737060546875,105.63729095458984,preferences,105.63729095458984
jabref\src\main\java\org\jabref\gui\journals\UndoableUnabbreviator.java,1.494285388616845E-4,70.894775390625,0.0,gui,70.894775390625
jabref\src\test\java\org\jabref\logic\layout\format\AuthorLastFirstAbbrCommasTest.java,1.570081221871078E-4,3.661118507385254,0.0,gui,3.661118507385254
jabref\src\main\java\org\jabref\logic\importer\fetcher\ACMPortalFetcher.java,1.6321736620739102E-4,1.5498201847076416,0.0,gui,1.5498201847076416
jabref\src\main\java\org\jabref\logic\formatter\bibtexfields\HtmlToLatexFormatter.java,0.9825817942619324,12.092360496520996,0.28082817792892456,gui,12.092360496520996
jabref\src\main\java\org\jabref\gui\slr\ExistingStudySearchAction.java,1.4163552522659302,67.2330093383789,37.515106201171875,gui,67.2330093383789
jabref\src\main\java\org\jabref\logic\layout\format\Iso690NamesAuthors.java,1.3933866284787655E-4,1.4693814516067505,0.0,gui,1.4693814516067505
jabref\src\main\java\org\jabref\gui\preferences\PreferencesDialogViewModel.java,17.05307388305664,59.1455192565918,109.39392852783203,preferences,109.39392852783203
jabref\src\test\java\org\jabref\logic\integrity\EntryLinkCheckerTest.java,1.3933866284787655E-4,2.041306734085083,0.0,gui,2.041306734085083
jabref\src\main\java\org\jabref\gui\entryeditor\RequiredFieldsTab.java,0.5573738217353821,72.7380142211914,93.55921173095703,preferences,93.55921173095703
jabref\src\main\java\org\jabref\model\entry\ParsedEntryLink.java,1.6005254292394966E-4,3.8491272926330566,0.0,gui,3.8491272926330566
jabref\src\main\java\org\jabref\logic\remote\RemotePreferences.java,1.665098825469613E-4,2.5609114170074463,1.0,gui,2.5609114170074463
jabref\src\main\java\org\jabref\logic\importer\OutputPrinter.java,1.759762380970642E-4,1.5928001403808594,0.0,gui,1.5928001403808594
jabref\src\test\java\org\jabref\logic\integrity\ISSNCheckerTest.java,0.4509607255458832,3.315865993499756,0.0,gui,3.315865993499756
jabref\src\main\java\org\jabref\gui\libraryproperties\saving\SavingPropertiesViewModel.java,1.3333647802937776E-4,58.830360412597656,35.0,gui,58.830360412597656
jabref\src\test\java\org\jabref\logic\integrity\DateCheckerTest.java,1.570081221871078E-4,2.010981559753418,0.0,gui,2.010981559753418
jabref\src\test\java\org\jabref\gui\preferences\journals\AbbreviationViewModelTest.java,1.570081221871078E-4,64.94804382324219,93.77934265136719,preferences,93.77934265136719
jabref\src\main\java\org\jabref\model\search\matchers\AndMatcher.java,1.7412017041351646E-4,1.9349567890167236,0.0,gui,1.9349567890167236
jabref\src\main\java\org\jabref\gui\preferences\citationkeypattern\CitationKeyPatternTabViewModel.java,1.3333647802937776E-4,60.256568908691406,84.9173583984375,preferences,84.9173583984375
jabref\src\main\java\org\jabref\gui\JabRefDialogService.java,8.120567321777344,49.32633972167969,1.9036798477172852,gui,49.32633972167969
jabref\src\test\java\org\jabref\model\entry\field\StandardFieldTest.java,1.756641431711614E-4,2.4914743900299072,0.0,gui,2.4914743900299072
jabref\src\test\java\org\jabref\logic\formatter\FormatterTest.java,1.4254706911742687E-4,1.9178663492202759,0.0,gui,1.9178663492202759
jabref\src\test\java\org\jabref\model\entry\identifier\ArXivIdentifierTest.java,1.007779355859384E-4,2.3531429767608643,0.7516208291053772,gui,2.3531429767608643
jabref\src\main\java\org\jabref\migrations\PostOpenMigration.java,1.7819229105953127E-4,0.0,0.0,cli,1.7819229105953127E-4
jabref\src\test\java\org\jabref\testutils\interactive\styletester\StyleTesterMain.java,1.6430030518677086E-4,0.41452544927597046,0.0,gui,0.41452544927597046
jabref\src\main\java\org\jabref\gui\journals\AbbreviationType.java,1.778723089955747E-4,65.45594787597656,0.0,gui,65.45594787597656
jabref\src\main\java\org\jabref\gui\undo\NamedCompound.java,38.4200325012207,62.946678161621094,0.0,gui,62.946678161621094
jabref\src\main\java\org\jabref\gui\libraryproperties\constants\ConstantsPropertiesViewModel.java,0.38806697726249695,61.063663482666016,0.0,gui,61.063663482666016
jabref\src\main\java\org\jabref\logic\integrity\JournalInAbbreviationListChecker.java,0.48537689447402954,9.258923530578613,0.0,gui,9.258923530578613
jabref\src\main\java\org\jabref\gui\util\OptionalObjectProperty.java,1.6707158647477627E-4,65.21517181396484,0.0,gui,65.21517181396484
jabref\src\main\java\org\jabref\gui\preferences\linkedfiles\LinkedFilesTab.java,0.9981981515884399,61.93216323852539,88.36553955078125,preferences,88.36553955078125
jabref\src\main\java\org\jabref\gui\externalfiles\FileExtensionViewModel.java,0.9867273569107056,71.24848175048828,0.0,gui,71.24848175048828
jabref\src\main\java\org\jabref\gui\logging\GuiWriter.java,1.6935683379415423E-4,63.99789810180664,0.0,gui,63.99789810180664
jabref\src\main\java\org\jabref\logic\preferences\TimestampPreferences.java,1.6214861534535885E-4,15.279252052307129,96.24336242675781,preferences,96.24336242675781
jabref\src\main\java\org\jabref\gui\entryeditor\OtherFieldsTab.java,0.5245324969291687,76.10956573486328,96.33737182617188,preferences,96.33737182617188
jabref\src\main\java\org\jabref\gui\externalfiletype\CustomExternalFileType.java,0.3405696451663971,59.3198356628418,0.0,gui,59.3198356628418
jabref\src\main\java\org\jabref\logic\formatter\bibtexfields\RemoveRedundantSpacesFormatter.java,0.5965947508811951,1.5590318441390991,0.0,gui,1.5590318441390991
jabref\src\main\java\org\jabref\model\entry\types\StandardEntryType.java,1.570081221871078E-4,3.5734593868255615,46.239723205566406,preferences,46.239723205566406
jabref\src\test\java\org\jabref\gui\preview\CopyCitationActionTest.java,35.782596588134766,49.33601760864258,2.17228364944458,gui,49.33601760864258
jabref\src\main\java\org\jabref\gui\entryeditor\MathSciNetTab.java,0.42512330412864685,67.64706420898438,0.0,gui,67.64706420898438
jabref\src\main\java\org\jabref\logic\citationkeypattern\DatabaseCitationKeyPattern.java,1.7412017041351646E-4,1.586547613143921,0.0,gui,1.586547613143921
jabref\src\main\java\org\jabref\gui\fieldeditors\JournalEditor.java,1.6005254292394966E-4,65.11676025390625,94.9190902709961,preferences,94.9190902709961
jabref\src\main\java\org\jabref\logic\openoffice\backend\NamedRangeManagerReferenceMark.java,1.6539770876988769E-4,1.5571649074554443,0.0,gui,1.5571649074554443
jabref\src\test\java\org\jabref\logic\importer\fetcher\GoogleScholarTest.java,28.583942413330078,38.687679290771484,0.0,gui,38.687679290771484
jabref\src\main\java\org\jabref\logic\cleanup\MoveFilesCleanup.java,0.6551990509033203,1.5426664352416992,0.0,gui,1.5426664352416992
jabref\src\main\java\org\jabref\gui\util\DefaultFileUpdateMonitor.java,1.2907456159591675,68.6559829711914,0.5221285820007324,gui,68.6559829711914
jabref\src\main\java\org\jabref\gui\icon\JabRefIcon.java,1.7504328570794314E-4,64.9715576171875,0.0,gui,64.9715576171875
jabref\src\main\java\org\jabref\gui\undo\UndoableStringChange.java,0.5829218626022339,62.76367950439453,0.0,gui,62.76367950439453
jabref\src\main\java\org\jabref\logic\layout\format\AuthorLastFirstCommas.java,1.7535316874273121E-4,1.5907012224197388,0.0,gui,1.5907012224197388
jabref\src\test\java\org\jabref\logic\util\io\FileUtilTest.java,0.3983406722545624,11.515156745910645,3.170257091522217,gui,11.515156745910645
jabref\src\main\java\org\jabref\gui\mergeentries\newmergedialog\cell\sidebuttons\ToggleMergeUnmergeButton.java,28.824453353881836,70.12242889404297,0.4913060665130615,gui,70.12242889404297
jabref\src\main\java\org\jabref\logic\cleanup\EprintCleanup.java,1.570081221871078E-4,11.938276290893555,0.0,gui,11.938276290893555
jabref\src\main\java\org\jabref\model\database\BibDatabaseContext.java,0.4015122354030609,15.0652437210083,101.12500762939453,preferences,101.12500762939453
jabref\src\main\java\org\jabref\logic\layout\format\FirstPage.java,1.7351015412714332E-4,1.5844926834106445,0.0,gui,1.5844926834106445
jabref\src\test\java\org\jabref\logic\exporter\MSBibExportFormatFilesTest.java,0.38806697726249695,1.811599850654602,0.8810476660728455,gui,1.811599850654602
jabref\src\main\java\org\jabref\gui\commonfxcontrols\SaveOrderConfigPanelViewModel.java,1.5902469749562442E-4,62.22879409790039,0.0,gui,62.22879409790039
jabref\src\main\java\org\jabref\logic\formatter\bibtexfields\TrimWhitespaceFormatter.java,26.66423988342285,1.5609114170074463,0.0,cli,26.66423988342285
jabref\src\main\java\org\jabref\logic\importer\fetcher\SpringerLink.java,21.51009750366211,28.18343162536621,0.0,gui,28.18343162536621
jabref\src\main\java\org\jabref\logic\importer\AuthorListParser.java,1.1119532585144043,11.32579517364502,0.5623844861984253,gui,11.32579517364502
jabref\src\test\java\org\jabref\model\TreeNodeTestData.java,1.459067134419456E-4,1.9648118019104004,0.0,gui,1.9648118019104004
jabref\src\main\java\org\jabref\gui\externalfiles\DateRange.java,27.501344680786133,64.57339477539062,0.0,gui,64.57339477539062
jabref\src\main\java\org\jabref\logic\openoffice\action\ManageCitations.java,1.6763710300438106E-4,1.5647085905075073,0.0,gui,1.5647085905075073
jabref\src\main\java\org\jabref\gui\maintable\OpenFolderAction.java,0.4420062303543091,70.563720703125,35.0,gui,70.563720703125
jabref\src\main\java\org\jabref\logic\formatter\bibtexfields\NormalizePagesFormatter.java,1.1432240009307861,1.5356965065002441,0.0,gui,1.5356965065002441
jabref\src\main\java\org\jabref\logic\layout\format\RisAuthors.java,1.6539770876988769E-4,1.5571649074554443,0.0,gui,1.5571649074554443
jabref\src\main\java\org\jabref\logic\msbib\MSBibMapping.java,8.666915528010577E-5,12.030713081359863,0.0,gui,12.030713081359863
jabref\src\main\java\org\jabref\model\study\FetchResult.java,1.7442679381929338E-4,1.9383641481399536,0.0,gui,1.9383641481399536
jabref\src\main\java\org\jabref\logic\shared\DBMSConnection.java,0.4509607255458832,2.051360607147217,0.5224571824073792,gui,2.051360607147217
jabref\src\main\java\org\jabref\gui\mergeentries\newmergedialog\FieldRowView.java,0.273596853017807,66.87236022949219,0.0,gui,66.87236022949219
jabref\src\test\java\org\jabref\gui\autocompleter\AutoCompleterUtil.java,1.7504328570794314E-4,65.43257904052734,0.0,gui,65.43257904052734
jabref\src\main\java\org\jabref\model\database\event\ChangePropagation.java,1.7723576456774026E-4,1.9695795774459839,0.0,gui,1.9695795774459839
jabref\src\main\java\org\jabref\gui\autocompleter\SuggestionProvider.java,1.570081221871078E-4,70.84467315673828,0.0,gui,70.84467315673828
jabref\src\test\java\org\jabref\logic\util\BuildInfoTest.java,1.801158068701625E-4,2.13995099067688,0.0,gui,2.13995099067688
jabref\src\main\java\org\jabref\gui\maintable\BibEntryTableViewModel.java,0.30343154072761536,72.35055541992188,0.0,gui,72.35055541992188
jabref\src\test\java\org\jabref\logic\texparser\DefaultTexParserTest.java,1.1210423707962036,4.228366851806641,1.9313498735427856,gui,4.228366851806641
jabref\src\main\java\org\jabref\gui\maintable\CellFactory.java,0.545628547668457,72.01751708984375,35.0,gui,72.01751708984375
jabref\src\main\java\org\jabref\gui\FallbackExceptionHandler.java,1.6935683379415423E-4,63.99789810180664,0.0,gui,63.99789810180664
jabref\src\test\java\org\jabref\gui\edit\CopyOrMoveFieldContentTabViewModelTest.java,1.2037337728543207E-4,56.762393951416016,1.334073781967163,gui,56.762393951416016
jabref\src\main\java\org\jabref\gui\maintable\MainTablePreferences.java,1.6707158647477627E-4,73.76116180419922,0.6190122961997986,gui,73.76116180419922
jabref\src\main\java\org\jabref\logic\formatter\bibtexfields\HtmlToUnicodeFormatter.java,0.5946023464202881,2.871340036392212,0.0,gui,2.871340036392212
jabref\src\main\java\org\jabref\model\pdf\search\EnglishStemAnalyzer.java,1.6993794997688383E-4,1.88848078250885,0.0,gui,1.88848078250885
jabref\src\main\java\org\jabref\logic\citationkeypattern\AbstractCitationKeyPattern.java,1.4254706911742687E-4,10.306580543518066,0.35916948318481445,gui,10.306580543518066
jabref\src\test\java\org\jabref\logic\importer\AuthorListParserTest.java,26.83448028564453,1.7305350303649902,0.0,cli,26.83448028564453
jabref\src\main\java\org\jabref\logic\layout\format\IfPlural.java,1.6820644668769091E-4,11.166934967041016,0.0,gui,11.166934967041016
jabref\src\main\java\org\jabref\logic\exporter\OOCalcDatabase.java,26.293378829956055,1.8119945526123047,0.46108537912368774,cli,26.293378829956055
jabref\src\main\java\org\jabref\gui\theme\StyleSheetDataUrl.java,1.6993794997688383E-4,64.09739685058594,0.0,gui,64.09739685058594
jabref\buildSrc\src\copied\java\org\jabref\logic\journals\AbbreviationWriter.java,1.6595193301327527E-4,1.5590318441390991,0.0,gui,1.5590318441390991
jabref\src\main\java\org\jabref\gui\maintable\columns\LibraryColumn.java,0.5163387656211853,66.09256744384766,0.0,gui,66.09256744384766
jabref\src\main\java\org\jabref\gui\commonfxcontrols\FieldFormatterCleanupsPanel.java,0.840927004814148,57.650569915771484,0.0,gui,57.650569915771484
jabref\src\test\java\org\jabref\logic\importer\fetcher\ZbMATHTest.java,1.2783003330696374E-4,7.207216262817383,0.0,gui,7.207216262817383
jabref\src\test\java\org\jabref\logic\bst\BstVMVisitorTest.java,0.3701595962047577,15.389646530151367,1.0214698314666748,gui,15.389646530151367
jabref\src\main\java\org\jabref\logic\cleanup\RelativePathsCleanup.java,1.550420420244336E-4,8.539132118225098,0.0,gui,8.539132118225098
jabref\src\main\java\org\jabref\gui\collab\DatabaseChangeResolverFactory.java,1.6935683379415423E-4,63.99789810180664,0.0,gui,63.99789810180664
jabref\src\main\java\org\jabref\logic\integrity\DoiValidityChecker.java,0.5193504691123962,11.342569351196289,0.0,gui,11.342569351196289
jabref\src\test\java\org\jabref\model\search\matchers\MatcherSetsTest.java,1.570081221871078E-4,2.3126392364501953,0.0,gui,2.3126392364501953
jabref\src\main\java\org\jabref\logic\importer\fetcher\RfcFetcher.java,1.6321736620739102E-4,1.5498201847076416,0.0,gui,1.5498201847076416
jabref\src\main\java\org\jabref\gui\linkedfile\DeleteFileAction.java,1.657807469367981,68.71591186523438,98.2605972290039,preferences,98.2605972290039
jabref\src\test\java\org\jabref\gui\externalfiles\ImportHandlerTest.java,1.5902469749562442E-4,63.717063903808594,35.0,gui,63.717063903808594
jabref\src\main\java\org\jabref\logic\layout\Layout.java,1.362715265713632E-4,1.4590493440628052,0.0,gui,1.4590493440628052
jabref\src\main\java\org\jabref\gui\preferences\journals\AbbreviationsFileViewModel.java,1.4764662773814052E-4,73.4588394165039,90.27467346191406,preferences,90.27467346191406
jabref\src\main\java\org\jabref\logic\util\BackupFileType.java,1.7140834825113416E-4,1.8739733695983887,0.0,gui,1.8739733695983887
jabref\src\main\java\org\jabref\gui\maintable\NameDisplayPreferences.java,1.6430030518677086E-4,74.2450180053711,0.613253653049469,gui,74.2450180053711
jabref\src\main\java\org\jabref\gui\entryeditor\PreviewTab.java,0.45557543635368347,65.0782699584961,105.81285095214844,preferences,105.81285095214844
jabref\src\test\java\org\jabref\logic\xmp\XmpUtilReaderTest.java,1.2037337728543207E-4,10.604912757873535,0.8444904088973999,gui,10.604912757873535
jabref\src\main\java\org\jabref\gui\preferences\externalfiletypes\ExternalFileTypesTabViewModel.java,1.061427354812622,63.238868713378906,90.6536636352539,preferences,90.6536636352539
jabref\src\main\java\org\jabref\logic\pdf\AnnotationImporter.java,1.7691918765194714E-4,1.5959765911102295,0.0,gui,1.5959765911102295
jabref\src\test\java\org\jabref\logic\importer\fetcher\transformers\IEEEQueryTransformerTest.java,1.362715265713632E-4,7.527688980102539,0.0,gui,7.527688980102539
jabref\src\main\java\org\jabref\gui\mergeentries\newmergedialog\cell\ThreeWayMergeCell.java,30.623315811157227,62.76367950439453,0.0,gui,62.76367950439453
jabref\src\main\java\org\jabref\logic\layout\format\Iso690FormatDate.java,1.6214861534535885E-4,1.546219825744629,0.0,gui,1.546219825744629
jabref\src\main\java\org\jabref\gui\util\OptionalValueTableCellFactory.java,1.665098825469613E-4,71.38768005371094,0.0,gui,71.38768005371094
jabref\src\test\java\org\jabref\logic\importer\util\GroupsParserTest.java,14.772748947143555,3.3927674293518066,0.5574699640274048,cli,14.772748947143555
jabref\src\main\java\org\jabref\gui\preferences\importexport\ImportExportTab.java,0.9676843881607056,65.1515121459961,83.86489868164062,preferences,83.86489868164062
jabref\src\test\java\org\jabref\logic\bibtex\comparator\FieldComparatorTest.java,9.181050700135529E-5,1.8767489194869995,0.0,gui,1.8767489194869995
jabref\src\main\java\org\jabref\gui\collab\entrydelete\EntryDelete.java,0.5946023464202881,63.320003509521484,0.0,gui,63.320003509521484
jabref\src\main\java\org\jabref\gui\fieldeditors\CitationKeyEditorViewModel.java,3.5262160301208496,64.8009262084961,35.0,gui,64.8009262084961
jabref\buildSrc\src\copied\java\org\jabref\logic\journals\AbbreviationFormat.java,1.7290438700001687E-4,1.5824521780014038,0.0,gui,1.5824521780014038
jabref\src\main\java\org\jabref\gui\linkedfile\LinkedFileEditDialogView.java,1.797776699066162,70.26492309570312,91.62516021728516,preferences,91.62516021728516
jabref\src\main\java\org\jabref\logic\msbib\MSBibDatabase.java,1.3333647802937776E-4,1.449162244796753,0.0,gui,1.449162244796753
jabref\src\main\java\org\jabref\logic\exporter\Exporter.java,0.6517452597618103,10.58964729309082,0.0,gui,10.58964729309082
jabref\src\test\java\org\jabref\logic\citationkeypattern\MakeLabelWithDatabaseTest.java,1.4490346075035632E-4,11.254560470581055,106.50894165039062,preferences,106.50894165039062
jabref\src\main\java\org\jabref\logic\formatter\bibtexfields\AddBracesFormatter.java,0.5946023464202881,1.5571649074554443,0.0,gui,1.5571649074554443
jabref\src\main\java\org\jabref\gui\collab\stringchange\BibTexStringChange.java,0.48537689447402954,63.132102966308594,0.0,gui,63.132102966308594
jabref\src\test\java\org\jabref\logic\integrity\HTMLCharacterCheckerTest.java,1.4764662773814052E-4,2.080254554748535,0.0,gui,2.080254554748535
jabref\src\main\java\org\jabref\logic\exporter\BlankLineBehaviour.java,1.778723089955747E-4,1.5991872549057007,0.0,gui,1.5991872549057007
jabref\src\test\java\org\jabref\logic\bibtex\comparator\EntryComparatorTest.java,4.171024799346924,2.7155094146728516,0.0,cli,4.171024799346924
jabref\src\main\java\org\jabref\gui\util\component\DiffHighlightingTextPane.java,1.7723576456774026E-4,65.34695434570312,0.0,gui,65.34695434570312
jabref\src\main\java\org\jabref\gui\collab\entrychange\EntryChange.java,0.5644418597221375,61.883506774902344,0.0,gui,61.883506774902344
jabref\src\main\java\org\jabref\logic\crawler\StudyYamlParser.java,1.665098825469613E-4,1.5609114170074463,0.0,gui,1.5609114170074463
jabref\src\test\java\org\jabref\logic\exporter\ModsExportFormatTest.java,0.6397455334663391,2.06500244140625,0.7534713745117188,gui,2.06500244140625
jabref\src\main\java\org\jabref\logic\layout\format\DateFormatter.java,1.7052306793630123E-4,1.5744303464889526,0.0,gui,1.5744303464889526
jabref\src\main\java\org\jabref\preferences\MrDlibPreferences.java,1.6214861534535885E-4,13.783921241760254,96.3125228881836,preferences,96.3125228881836
jabref\src\main\java\org\jabref\gui\search\rules\describer\SearchDescribers.java,0.48537689447402954,63.132102966308594,0.0,gui,63.132102966308594
jabref\src\main\java\org\jabref\gui\autocompleter\AutoCompleteFirstNameMode.java,1.7442679381929338E-4,64.86599731445312,0.0,gui,64.86599731445312
jabref\src\main\java\org\jabref\model\util\FileUpdateListener.java,1.7819229105953127E-4,1.9802093505859375,0.0,gui,1.9802093505859375
jabref\src\main\java\org\jabref\model\openoffice\uno\UnoTextRange.java,0.573765218257904,21.696697235107422,0.0,gui,21.696697235107422
jabref\src\test\java\org\jabref\logic\exporter\EmbeddedBibFilePdfExporterTest.java,1.5338923931121826,8.574370384216309,0.0,gui,8.574370384216309
jabref\src\main\java\org\jabref\preferences\SearchPreferences.java,1.3933866284787655E-4,12.605854988098145,87.72167205810547,preferences,87.72167205810547
jabref\src\main\java\org\jabref\gui\mergeentries\MergeEntriesDialog.java,0.45557543635368347,62.05504608154297,0.0,gui,62.05504608154297
jabref\src\test\java\org\jabref\logic\util\io\CitationKeyBasedFileFinderTest.java,1.1586748587433249E-4,5.129703521728516,0.44177675247192383,gui,5.129703521728516
jabref\src\main\java\org\jabref\logic\shared\event\SharedEntriesNotPresentEvent.java,1.747344940667972E-4,1.5886170864105225,0.0,gui,1.5886170864105225
jabref\src\main\java\org\jabref\logic\formatter\minifier\TruncateFormatter.java,0.5867640376091003,2.8356449604034424,0.0,gui,2.8356449604034424
jabref\src\main\java\org\jabref\gui\preferences\PreferenceTabViewModel.java,1.7628943896852434E-4,68.07057189941406,100.99771118164062,preferences,100.99771118164062
jabref\src\main\java\org\jabref\logic\layout\format\WrapFileLinks.java,1.2037337728543207E-4,11.003726959228516,0.0,gui,11.003726959228516
jabref\src\main\java\org\jabref\gui\autocompleter\BibEntrySuggestionProvider.java,1.6430030518677086E-4,64.1321029663086,1.0,gui,64.1321029663086
jabref\src\main\java\org\jabref\gui\preferences\preview\PreviewTab.java,5.118479251861572,66.45081329345703,68.12360382080078,preferences,68.12360382080078
jabref\src\test\java\org\jabref\logic\importer\fileformat\MsBibImporterFilesTest.java,1.6109376156236976E-4,1.944061517715454,0.0,gui,1.944061517715454
jabref\src\main\java\org\jabref\gui\search\SearchResultsTableDataModel.java,0.4420062303543091,62.54686737060547,35.0,gui,62.54686737060547
jabref\src\test\java\org\jabref\logic\importer\fetcher\ResearchGateTest.java,33.97734832763672,18.149925231933594,0.0,cli,33.97734832763672
jabref\src\test\java\org\jabref\logic\layout\format\HTMLCharsTest.java,1.1586748587433249E-4,1.9362006187438965,0.6626651287078857,gui,1.9362006187438965
jabref\src\test\java\org\jabref\logic\formatter\bibtexfields\NormalizeEnDashesFormatterTest.java,1.5902469749562442E-4,2.1323046684265137,0.0,gui,2.1323046684265137
jabref\src\main\java\org\jabref\model\entry\CanonicalBibEntry.java,2.087360382080078,8.429651260375977,0.0,gui,8.429651260375977
jabref\src\main\java\org\jabref\gui\util\uithreadaware\UiThreadChangeListener.java,1.6707158647477627E-4,63.60660934448242,0.0,gui,63.60660934448242
jabref\src\main\java\org\jabref\logic\citationstyle\CitationStyleCache.java,1.6109376156236976E-4,1.5426664352416992,0.0,gui,1.5426664352416992
jabref\src\main\java\org\jabref\gui\libraryproperties\general\GeneralPropertiesViewModel.java,1.2524391058832407E-4,58.44472122192383,36.0,gui,58.44472122192383
jabref\src\main\java\org\jabref\model\metadata\SaveOrder.java,1.2037337728543207E-4,12.097900390625,0.0,gui,12.097900390625
jabref\src\test\java\org\jabref\gui\keyboard\KeyBindingsTabModelTest.java,0.24910400807857513,66.5234375,35.46327209472656,gui,66.5234375
jabref\src\test\java\org\jabref\gui\search\GlobalSearchBarTest.java,35.00014114379883,60.89748764038086,35.0,gui,60.89748764038086
jabref\src\main\java\org\jabref\gui\preferences\PreferencesFilterDialog.java,0.9003791213035583,63.16767501831055,94.75202178955078,preferences,94.75202178955078
jabref\src\main\java\org\jabref\gui\fieldeditors\MapBasedEditorViewModel.java,1.550420420244336E-4,61.924346923828125,0.0,gui,61.924346923828125
jabref\src\main\java\org\jabref\model\pdf\search\PdfSearchResults.java,1.570081221871078E-4,8.903817176818848,0.0,gui,8.903817176818848
jabref\src\test\java\org\jabref\logic\importer\fetcher\transformers\DBLPQueryTransformerTest.java,1.5800996334291995E-4,1.9213491678237915,0.0,gui,1.9213491678237915
jabref\src\test\java\org\jabref\model\entry\IdGeneratorTest.java,1.7290438700001687E-4,3.063537359237671,0.6112050414085388,gui,3.063537359237671
jabref\src\main\java\org\jabref\gui\util\ColorUtil.java,1.6430030518677086E-4,63.132102966308594,0.0,gui,63.132102966308594
jabref\src\main\java\org\jabref\model\entry\field\Field.java,1.7023000691551715E-4,2.3682515621185303,0.47652527689933777,gui,2.3682515621185303
jabref\src\main\java\org\jabref\gui\keyboard\KeyBinding.java,51.89658737182617,52.61492156982422,1.8874306678771973,gui,52.61492156982422
jabref\src\test\java\org\jabref\logic\importer\ParserResultTest.java,1.7052306793630123E-4,2.1328744888305664,0.0,gui,2.1328744888305664
jabref\src\test\java\org\jabref\logic\exporter\CsvExportFormatTest.java,2.439255952835083,14.373018264770508,0.0,gui,14.373018264770508
jabref\src\test\java\org\jabref\logic\importer\fetcher\transformers\ScholarQueryTransformerTest.java,1.720036379992962E-4,2.0268771648406982,0.0,gui,2.0268771648406982
jabref\src\main\java\org\jabref\logic\util\strings\RtfCharMap.java,26.008892059326172,14.409385681152344,0.0,cli,26.008892059326172
jabref\src\main\java\org\jabref\model\entry\field\SpecialField.java,1.459067134419456E-4,8.376618385314941,0.37214648723602295,gui,8.376618385314941
jabref\src\main\java\org\jabref\preferences\PushToApplicationPreferences.java,1.0001600980758667,12.425219535827637,95.49740600585938,preferences,95.49740600585938
jabref\src\main\java\org\jabref\model\entry\types\BiblatexSoftwareEntryType.java,1.6707158647477627E-4,1.8566274642944336,0.0,gui,1.8566274642944336
jabref\src\main\java\org\jabref\gui\fieldeditors\UrlEditor.java,1.570081221871078E-4,64.56291961669922,93.77934265136719,preferences,93.77934265136719
jabref\src\main\java\org\jabref\gui\icon\JabrefIconProvider.java,1.7660376033745706E-4,65.23873901367188,0.0,gui,65.23873901367188
jabref\src\main\java\org\jabref\preferences\GuiPreferences.java,1.2783003330696374E-4,48.8172721862793,83.48668670654297,preferences,83.48668670654297
jabref\src\test\java\org\jabref\logic\formatter\bibtexfields\UnicodeToLatexFormatterTest.java,1.6430030518677086E-4,1.9679934978485107,0.0,gui,1.9679934978485107
jabref\src\main\java\org\jabref\logic\shared\DatabaseSynchronizer.java,1.7351015412714332E-4,1.5844926834106445,0.0,gui,1.5844926834106445
jabref\src\test\java\org\jabref\gui\edit\ReplaceStringViewModelTest.java,0.9146581292152405,61.81334686279297,2.834289073944092,gui,61.81334686279297
jabref\src\main\java\org\jabref\gui\externalfiles\FileDownloadTask.java,25.778451919555664,63.320003509521484,0.0,gui,63.320003509521484
jabref\src\test\java\org\jabref\logic\bibtex\FileFieldWriterTest.java,0.5504806637763977,4.251941204071045,2.1464524269104004,gui,4.251941204071045
jabref\src\main\java\org\jabref\logic\layout\format\AuthorLastFirstOxfordCommas.java,1.756641431711614E-4,1.591748833656311,0.0,gui,1.591748833656311
jabref\src\main\java\org\jabref\gui\texparser\ParseLatexDialogViewModel.java,0.6482190489768982,65.43839263916016,35.595703125,gui,65.43839263916016
jabref\src\test\java\org\jabref\architecture\TestArchitectureTest.java,11.111165046691895,67.1695327758789,35.0,gui,67.1695327758789
jabref\src\main\java\org\jabref\gui\mergeentries\MultiMergeEntriesView.java,25.55364227294922,68.79564666748047,86.6048583984375,preferences,86.6048583984375
jabref\src\main\java\org\jabref\gui\fieldeditors\EditorTextField.java,35.00016403198242,70.83755493164062,0.0,gui,70.83755493164062
jabref\src\test\java\org\jabref\gui\autocompleter\PersonNameStringConverterTest.java,1.3333647802937776E-4,60.55659484863281,84.9173583984375,preferences,84.9173583984375
jabref\src\main\java\org\jabref\logic\exporter\TemplateExporter.java,4.244435787200928,4.95810604095459,0.0,gui,4.95810604095459
jabref\src\main\java\org\jabref\gui\sidepane\SidePaneContentFactory.java,1.6430030518677086E-4,67.23108673095703,108.46443176269531,preferences,108.46443176269531
jabref\src\test\java\org\jabref\model\entry\field\BibFieldTest.java,1.6993794997688383E-4,2.445560932159424,0.0,gui,2.445560932159424
jabref\src\test\java\org\jabref\logic\exporter\XmpExporterTest.java,56.24797058105469,2.9686152935028076,0.5554262399673462,cli,56.24797058105469
jabref\src\main\java\org\jabref\gui\fieldeditors\identifier\IdentifierEditor.java,0.5009205341339111,77.78937530517578,100.33322143554688,preferences,100.33322143554688
jabref\src\main\java\org\jabref\logic\layout\format\HTMLParagraphs.java,0.47000423073768616,3.5317742824554443,0.0,gui,3.5317742824554443
jabref\src\main\java\org\jabref\logic\layout\format\AuthorAndsCommaReplacer.java,1.6321736620739102E-4,1.5498201847076416,0.0,gui,1.5498201847076416
jabref\src\test\java\org\jabref\logic\util\FileNameCleanerTest.java,1.5125398931559175E-4,2.0673654079437256,0.0,gui,2.0673654079437256
jabref\src\main\java\org\jabref\logic\importer\fileformat\OvidImporter.java,2.609421730041504,14.343178749084473,0.0,gui,14.343178749084473
jabref\src\main\java\org\jabref\logic\formatter\casechanger\TitleParser.java,1.5125398931559175E-4,1.5095198154449463,0.0,gui,1.5095198154449463
jabref\src\main\java\org\jabref\gui\externalfiles\UnlinkedPDFFileFilter.java,1.6763710300438106E-4,63.70343780517578,0.0,gui,63.70343780517578
jabref\src\main\java\org\jabref\model\entry\Date.java,1.007779355859384E-4,12.840420722961426,0.0,gui,12.840420722961426
jabref\src\test\java\org\jabref\logic\importer\fileformat\MrDLibImporterTest.java,20.80772590637207,19.322338104248047,2.1733765602111816,cli,20.80772590637207
jabref\src\test\java\org\jabref\logic\cleanup\ConvertToBibtexCleanupTest.java,0.5184499621391296,2.0308308601379395,0.0,gui,2.0308308601379395
jabref\src\main\java\org\jabref\gui\exporter\ExportCommand.java,1.8446002006530762,69.48963165283203,107.045654296875,preferences,107.045654296875
jabref\src\main\java\org\jabref\gui\mergeentries\newmergedialog\diffhighlighter\SplitDiffHighlighter.java,1.3933866284787655E-4,58.85807800292969,0.0,gui,58.85807800292969
jabref\src\test\java\org\jabref\cli\AuxCommandLineTest.java,127.95513916015625,18.782045364379883,3.4861507415771484,cli,127.95513916015625
jabref\src\test\java\org\jabref\logic\auxparser\AuxParserTest.java,9.181050700135529E-5,18.741743087768555,3.505768299102783,gui,18.741743087768555
jabref\src\main\java\org\jabref\gui\collab\entrychange\EntryWithPreviewAndSourceDetailsView.java,1.6707158647477627E-4,64.60661315917969,35.0,gui,64.60661315917969
jabref\src\main\java\org\jabref\gui\mergeentries\newmergedialog\FieldRowViewModel.java,1.1586748587433249E-4,65.32366943359375,0.5272083282470703,gui,65.32366943359375
jabref\src\main\java\org\jabref\logic\openoffice\style\OOPreFormatter.java,6.710512638092041,11.003726959228516,0.6987998485565186,gui,11.003726959228516
jabref\src\test\java\org\jabref\logic\formatter\bibtexfields\RemoveDigitsFormatterTest.java,1.6820644668769091E-4,2.13995099067688,0.0,gui,2.13995099067688
jabref\src\main\java\org\jabref\gui\externalfiles\ImportFilesResultItemViewModel.java,0.698959231376648,72.50946807861328,0.0,gui,72.50946807861328
jabref\src\main\java\org\jabref\logic\openoffice\OpenOfficeFileSearch.java,0.5939826965332031,3.5309176445007324,0.9069089293479919,gui,3.5309176445007324
jabref\src\main\java\org\jabref\gui\linkedfile\AttachFileAction.java,0.9401226043701172,68.70746612548828,1.0,gui,68.70746612548828
jabref\src\main\java\org\jabref\gui\util\component\TagBar.java,1.3933866284787655E-4,65.74308776855469,0.34706705808639526,gui,65.74308776855469
jabref\src\main\java\org\jabref\gui\fieldeditors\PatentTypeEditorViewModel.java,0.706672728061676,60.5857048034668,0.0,gui,60.5857048034668
jabref\src\test\java\org\jabref\logic\importer\fileformat\BibtexParserTest.java,3.386786699295044,17.263612747192383,1.6319431066513062,gui,17.263612747192383
jabref\src\main\java\org\jabref\gui\BasePanelMode.java,1.7819229105953127E-4,65.5107421875,0.0,gui,65.5107421875
jabref\src\test\java\org\jabref\model\paging\PageTest.java,1.6005254292394966E-4,3.8452043533325195,0.0,gui,3.8452043533325195
jabref\src\test\java\org\jabref\logic\importer\fileformat\MedlinePlainImporterTest.java,32.201297760009766,17.540279388427734,0.8962719440460205,cli,32.201297760009766
jabref\src\main\java\org\jabref\model\openoffice\uno\UnoReferenceMark.java,1.459067134419456E-4,12.082230567932129,0.0,gui,12.082230567932129
jabref\src\main\java\org\jabref\gui\desktop\os\NativeDesktop.java,0.5046331882476807,68.17948150634766,2.401214361190796,gui,68.17948150634766
jabref\src\main\java\org\jabref\gui\mergeentries\MergeEntriesAction.java,1.0548787117004395,68.70746612548828,1.0,gui,68.70746612548828
jabref\src\main\java\org\jabref\gui\UpdateTimestampListener.java,1.7170546925626695E-4,66.47943878173828,35.0,gui,66.47943878173828
jabref\src\main\java\org\jabref\logic\importer\fetcher\transformers\DefaultQueryTransformer.java,1.6993794997688383E-4,1.57245934009552,0.0,gui,1.57245934009552
jabref\src\test\java\org\jabref\logic\exporter\ExporterTest.java,1.494285388616845E-4,1.8596267700195312,0.0,gui,1.8596267700195312
jabref\src\test\java\org\jabref\logic\formatter\bibtexfields\HtmlToLatexFormatterTest.java,1.638300745980814E-4,2.0915751457214355,0.0,gui,2.0915751457214355
jabref\src\main\java\org\jabref\model\strings\StringUtil.java,2.4476253986358643,16.583635330200195,0.28044867515563965,gui,16.583635330200195
jabref\src\test\java\org\jabref\logic\net\MimeTypeDetectorTest.java,1.7883573309518397E-4,2.0808639526367188,0.0,gui,2.0808639526367188
jabref\src\test\java\org\jabref\gui\UpdateTimestampListenerTest.java,1.442073262296617E-4,64.26522827148438,35.56880569458008,gui,64.26522827148438
jabref\src\test\java\org\jabref\logic\formatter\casechanger\UnprotectTermsFormatterTest.java,1.494285388616845E-4,1.9621763229370117,0.0,gui,1.9621763229370117
jabref\src\test\java\org\jabref\logic\l10n\JavaLocalizationEntryParser.java,2.49955153465271,2.0031204223632812,1.3554725646972656,cli,2.49955153465271
jabref\src\test\java\org\jabref\gui\mergeentries\ThreeWayMergeCellViewModelTest.java,1.3933866284787655E-4,59.178321838378906,0.0,gui,59.178321838378906
jabref\src\main\java\org\jabref\gui\preferences\appearance\AppearanceTab.java,0.8040266633033752,62.54335021972656,89.623291015625,preferences,89.623291015625
jabref\src\main\java\org\jabref\logic\git\SlrGitHandler.java,1.2524391058832407E-4,18.816083908081055,1.9819320440292358,gui,18.816083908081055
jabref\src\main\java\org\jabref\logic\shared\prefs\SharedDatabasePreferences.java,1.305252080783248E-4,18.79030990600586,86.16790008544922,preferences,86.16790008544922
jabref\src\main\java\org\jabref\logic\msbib\PageNumbers.java,1.550420420244336E-4,1.5222804546356201,0.0,gui,1.5222804546356201
jabref\src\main\java\org\jabref\model\entry\types\SystematicLiteratureReviewStudyEntryType.java,1.6763710300438106E-4,1.8629119396209717,0.0,gui,1.8629119396209717
jabref\src\main\java\org\jabref\gui\mergeentries\newmergedialog\ThreeWayMergeViewModel.java,1.442073262296617E-4,70.42967224121094,0.6062617301940918,gui,70.42967224121094
jabref\src\main\java\org\jabref\logic\importer\fetcher\transformers\YearAndYearRangeByFilteringQueryTransformer.java,1.7170546925626695E-4,1.578413486480713,0.0,gui,1.578413486480713
jabref\src\test\java\org\jabref\logic\importer\fetcher\transformers\SuffixTransformerTest.java,1.2276034976821393E-4,1.9896867275238037,0.0,gui,1.9896867275238037
jabref\src\main\java\org\jabref\logic\formatter\minifier\MinifyNameListFormatter.java,0.5504806637763977,1.5158212184906006,5.174259185791016,preferences,5.174259185791016
jabref\src\main\java\org\jabref\logic\importer\fetcher\transformers\MedlineQueryTransformer.java,1.6430030518677086E-4,1.553468108177185,0.0,gui,1.553468108177185
jabref\src\main\java\org\jabref\logic\importer\fileformat\PdfGrobidImporter.java,1.4254706911742687E-4,9.39745807647705,1.756805181503296,gui,9.39745807647705
jabref\src\test\java\org\jabref\model\entry\field\SpecialFieldTest.java,1.7230285448022187E-4,2.47733736038208,0.0,gui,2.47733736038208
jabref\src\main\java\org\jabref\gui\help\AboutDialogView.java,35.45097351074219,61.883506774902344,0.0,gui,61.883506774902344
jabref\src\main\java\org\jabref\logic\importer\util\ShortDOIService.java,1.570081221871078E-4,22.596439361572266,0.0,gui,22.596439361572266
jabref\src\test\java\org\jabref\gui\entryeditor\fileannotationtab\FileAnnotationViewModelTest.java,33.30121612548828,61.115169525146484,1.7618290185928345,gui,61.115169525146484
jabref\src\main\java\org\jabref\model\openoffice\uno\UnoStyle.java,0.4020862877368927,11.418685913085938,0.0,gui,11.418685913085938
jabref\src\main\java\org\jabref\logic\integrity\CitationKeyDeviationChecker.java,0.4750191271305084,9.0872220993042,0.0,gui,9.0872220993042
jabref\src\main\java\org\jabref\gui\importer\NewEntryAction.java,35.41715621948242,70.1859130859375,105.22648620605469,preferences,105.22648620605469
jabref\src\main\java\org\jabref\logic\net\ssl\TrustStoreManager.java,1.2276034976821393E-4,1.4135351181030273,0.0,gui,1.4135351181030273
jabref\src\main\java\org\jabref\logic\protectedterms\ProtectedTermsPreferences.java,1.5902469749562442E-4,1.5356965065002441,0.0,gui,1.5356965065002441
jabref\src\main\java\org\jabref\logic\integrity\AbbreviationChecker.java,0.49619653820991516,1.5609114170074463,0.0,gui,1.5609114170074463
jabref\src\main\java\org\jabref\gui\entryeditor\LatexCitationsTabViewModel.java,0.30343154072761536,67.43126678466797,35.58882522583008,gui,67.43126678466797
jabref\src\main\java\org\jabref\gui\entryeditor\RelatedArticlesTab.java,12.868056297302246,58.424278259277344,95.80294036865234,preferences,95.80294036865234
jabref\src\main\java\org\jabref\gui\groups\UndoableMoveGroup.java,0.4509607255458832,72.65181732177734,0.0,gui,72.65181732177734
jabref\src\main\java\org\jabref\logic\openoffice\style\OOBibStyleGetNumCitationMarker.java,1.0416946315672249E-4,13.222884178161621,0.0,gui,13.222884178161621
jabref\src\main\java\org\jabref\gui\linkedfile\LinkedFilesEditDialogViewModel.java,1.8505150079727173,66.3694076538086,0.4969378709793091,gui,66.3694076538086
jabref\src\main\java\org\jabref\logic\layout\ParamLayoutFormatter.java,1.7755346198100597E-4,1.5981131792068481,0.0,gui,1.5981131792068481
jabref\src\main\java\org\jabref\gui\maintable\MainTableHeaderContextMenu.java,0.273596853017807,60.08652114868164,0.0,gui,60.08652114868164
jabref\src\main\java\org\jabref\logic\util\io\DatabaseFileLookup.java,0.6504110097885132,8.842771530151367,0.0,gui,8.842771530151367
jabref\src\main\java\org\jabref\model\entry\types\SystematicLiteratureReviewStudyEntryTypeDefinitions.java,26.939083099365234,3.3557260036468506,0.0,cli,26.939083099365234
jabref\src\test\java\org\jabref\logic\util\strings\StringManipulatorTest.java,1.1168674973305315E-4,1.9486351013183594,3.127636194229126,preferences,3.127636194229126
jabref\src\test\java\org\jabref\model\entry\identifier\DOITest.java,6.9037299156188965,23.8388614654541,0.3436972498893738,gui,23.8388614654541
jabref\src\main\java\org\jabref\logic\integrity\DatabaseChecker.java,1.7660376033745706E-4,1.5949139595031738,0.0,gui,1.5949139595031738
jabref\src\test\java\org\jabref\logic\importer\fileformat\PdfContentImporterFilesTest.java,0.5867640376091003,1.9598743915557861,0.7372169494628906,gui,1.9598743915557861
jabref\src\test\java\org\jabref\logic\formatter\bibtexfields\UnicodeConverterTest.java,1.6539770876988769E-4,2.1389126777648926,0.0,gui,2.1389126777648926
jabref\src\test\java\org\jabref\logic\formatter\bibtexfields\CleanupUrlFormatterTest.java,1.7961548292078078E-4,2.138955593109131,0.0,gui,2.138955593109131
jabref\src\test\java\org\jabref\model\entry\CanonicalBibEntryTest.java,2.879803419113159,2.1965067386627197,0.0,cli,2.879803419113159
jabref\src\main\java\org\jabref\logic\texparser\DefaultLatexParser.java,34.05549240112305,1.9822039604187012,0.8835535049438477,cli,34.05549240112305
jabref\src\test\java\org\jabref\logic\integrity\NoteCheckerTest.java,1.570081221871078E-4,2.116665840148926,0.0,gui,2.116665840148926
jabref\src\test\java\org\jabref\logic\importer\fetcher\transformers\SpringerQueryTransformerTest.java,1.550420420244336E-4,1.899761438369751,0.0,gui,1.899761438369751
jabref\src\test\java\org\jabref\gui\externalfiletype\ExternalFileTypesTest.java,17.889698028564453,64.75662231445312,0.4969378709793091,gui,64.75662231445312
jabref\src\test\java\org\jabref\logic\layout\format\CompositeFormatTest.java,1.550420420244336E-4,2.069800853729248,0.0,gui,2.069800853729248
jabref\src\main\java\org\jabref\gui\exporter\ExportToClipboardAction.java,36.188133239746094,64.62688446044922,99.35860443115234,preferences,99.35860443115234
jabref\src\main\java\org\jabref\logic\formatter\casechanger\Word.java,0.4315564036369324,8.630805969238281,1.390882134437561,gui,8.630805969238281
jabref\src\main\java\org\jabref\gui\libraryproperties\keypattern\KeyPatternPropertiesViewModel.java,1.5902469749562442E-4,63.22879409790039,35.0,gui,63.22879409790039
jabref\src\main\java\org\jabref\gui\importer\GenerateEntryFromIdAction.java,54.453548431396484,69.96083068847656,35.32515335083008,gui,69.96083068847656
jabref\src\test\java\org\jabref\logic\importer\fileformat\EndnoteXmlImporterFilesTest.java,1.5800996334291995E-4,1.9213491678237915,0.0,gui,1.9213491678237915
jabref\src\main\java\org\jabref\logic\bibtex\comparator\PreambleDiff.java,1.5902469749562442E-4,3.7201082706451416,0.0,gui,3.7201082706451416
jabref\src\test\java\org\jabref\logic\crawler\CrawlerTest.java,28.66509246826172,12.911956787109375,37.886783599853516,preferences,37.886783599853516
jabref\src\test\java\org\jabref\logic\texparser\LatexParserTest.java,1.0587047338485718,11.33690071105957,2.0137763023376465,gui,11.33690071105957
jabref\src\main\java\org\jabref\logic\importer\fileformat\ModsImporter.java,1.7760460376739502,1.490807056427002,0.5508807897567749,cli,1.7760460376739502
jabref\src\main\java\org\jabref\logic\importer\fileformat\PdfEmbeddedBibFileImporter.java,0.6237481236457825,2.230525016784668,1.2959141731262207,gui,2.230525016784668
jabref\src\main\java\org\jabref\logic\formatter\casechanger\LowerCaseFormatter.java,26.81235122680664,3.192762851715088,0.0,cli,26.81235122680664
jabref\src\main\java\org\jabref\gui\linkedfile\AttachFileFromURLAction.java,36.6168327331543,71.32433319091797,36.0,gui,71.32433319091797
jabref\src\test\java\org\jabref\logic\util\DevelopmentStageTest.java,1.550420420244336E-4,2.0986487865448,2.9352688789367676,preferences,2.9352688789367676
jabref\src\main\java\org\jabref\gui\fieldeditors\identifier\ISBNIdentifierEditorViewModel.java,1.6763710300438106E-4,67.62535858154297,102.26710510253906,preferences,102.26710510253906
jabref\src\main\java\org\jabref\logic\layout\LayoutHelper.java,1.007779355859384E-4,3.988929033279419,92.73057556152344,preferences,92.73057556152344
jabref\src\test\java\org\jabref\migrations\PreferencesMigrationsTest.java,2.03788161277771,10.010077476501465,47.250301361083984,preferences,47.250301361083984
jabref\src\test\java\org\jabref\logic\crawler\StudyRepositoryTest.java,7.793997065164149E-5,10.81657886505127,38.04625701904297,preferences,38.04625701904297
jabref\src\main\java\org\jabref\model\study\StudyDatabase.java,1.6005254292394966E-4,1.778626561164856,0.0,gui,1.778626561164856
jabref\src\test\java\org\jabref\logic\integrity\BracketCheckerTest.java,1.550420420244336E-4,2.13754940032959,0.0,gui,2.13754940032959
jabref\src\main\java\org\jabref\logic\layout\format\FileLink.java,1.022472858428955,8.842771530151367,0.0,gui,8.842771530151367
jabref\src\main\java\org\jabref\logic\importer\fileformat\PdfContentImporter.java,2.2591958045959473,11.080803871154785,1.0847179889678955,gui,11.080803871154785
jabref\src\main\java\org\jabref\gui\preferences\entryeditor\EntryEditorTab.java,0.38806697726249695,61.93216323852539,88.36553955078125,preferences,88.36553955078125
jabref\src\test\java\org\jabref\gui\exporter\SaveDatabaseActionTest.java,0.6029155254364014,57.5306282043457,102.23196411132812,preferences,102.23196411132812
jabref\src\main\java\org\jabref\gui\preferences\PreferencesSearchHandler.java,1.4254706911742687E-4,68.0926284790039,88.36553955078125,preferences,88.36553955078125
jabref\src\test\java\org\jabref\logic\layout\format\AuthorLastFirstAbbreviatorTest.java,1.5312459436245263E-4,4.724208831787109,0.0,gui,4.724208831787109
jabref\src\test\java\org\jabref\logic\auxparser\DefaultAuxParserTest.java,1.785134372767061E-4,2.078277826309204,0.0,gui,2.078277826309204
jabref\src\main\java\org\jabref\model\openoffice\uno\NoDocumentException.java,1.747344940667972E-4,1.9417836666107178,0.0,gui,1.9417836666107178
jabref\src\main\java\org\jabref\gui\mergeentries\newmergedialog\fieldsmerger\FieldMerger.java,1.759762380970642E-4,65.13130187988281,0.0,gui,65.13130187988281
jabref\src\main\java\org\jabref\gui\maintable\MainTableColumnModel.java,0.9254748225212097,55.869895935058594,0.0,gui,55.869895935058594
jabref\src\main\java\org\jabref\gui\search\GlobalSearchResultDialogViewModel.java,1.7170546925626695E-4,65.88356018066406,35.483516693115234,gui,65.88356018066406
jabref\src\main\java\org\jabref\logic\importer\util\JsonReader.java,1.6595193301327527E-4,1.5590318441390991,0.0,gui,1.5590318441390991
jabref\src\main\java\org\jabref\gui\mergeentries\newmergedialog\ShowDiffConfig.java,1.7628943896852434E-4,65.18492126464844,0.0,gui,65.18492126464844
jabref\src\main\java\org\jabref\gui\sidepane\GroupsSidePaneComponent.java,0.5504806637763977,63.485313415527344,0.5095344185829163,gui,63.485313415527344
jabref\src\main\java\org\jabref\gui\edit\automaticfiededitor\AbstractAutomaticFieldEditorTabView.java,1.7628943896852434E-4,65.18492126464844,0.0,gui,65.18492126464844
jabref\src\test\java\org\jabref\logic\shared\security\PasswordTest.java,1.6539770876988769E-4,2.1035690307617188,0.0,gui,2.1035690307617188
jabref\src\main\java\org\jabref\gui\documentviewer\PageDimension.java,1.6321736620739102E-4,62.946678161621094,0.0,gui,62.946678161621094
jabref\src\test\java\org\jabref\logic\layout\format\AuthorFirstFirstCommasTest.java,1.6993794997688383E-4,3.7303993701934814,0.0,gui,3.7303993701934814
jabref\src\test\java\org\jabref\logic\layout\format\IfPluralTest.java,1.550420420244336E-4,2.1074578762054443,1.6263700723648071,gui,2.1074578762054443
jabref\src\main\java\org\jabref\logic\importer\util\FileFieldParser.java,1.2276034976821393E-4,12.287615776062012,0.0,gui,12.287615776062012
jabref\src\test\java\org\jabref\logic\layout\format\AuthorLF_FFTest.java,1.6993794997688383E-4,3.7303993701934814,0.0,gui,3.7303993701934814
jabref\src\main\java\org\jabref\logic\preferences\FetcherApiKey.java,1.6707158647477627E-4,5.636535167694092,98.83349609375,preferences,98.83349609375
jabref\src\main\java\org\jabref\logic\pdf\search\indexing\DocumentReader.java,1.0001158714294434,8.7841796875,0.0,gui,8.7841796875
jabref\src\test\java\org\jabref\model\strings\StringUtilTest.java,1.665418028831482,2.0783185958862305,1.2361125946044922,gui,2.0783185958862305
jabref\src\main\java\org\jabref\logic\importer\fileformat\PdfMergeMetadataImporter.java,0.4896063208580017,20.671720504760742,1.0374234914779663,gui,20.671720504760742
jabref\src\main\java\org\jabref\gui\preferences\groups\GroupsTab.java,0.48014217615127563,65.6925048828125,96.1039047241211,preferences,96.1039047241211
jabref\src\main\java\org\jabref\logic\layout\format\Replace.java,1.6877969028428197E-4,11.201583862304688,0.0,gui,11.201583862304688
jabref\src\test\java\org\jabref\gui\autocompleter\AppendPersonNamesStrategyTest.java,1.6993794997688383E-4,64.61917877197266,0.0,gui,64.61917877197266
jabref\src\test\java\org\jabref\gui\entryeditor\SourceTabTest.java,42.1444206237793,66.00870513916016,0.0,gui,66.00870513916016
jabref\src\main\java\org\jabref\logic\util\BuildInfo.java,1.3933866284787655E-4,1.4693814516067505,0.0,gui,1.4693814516067505
jabref\src\test\java\org\jabref\model\groups\AutomaticKeywordGroupTest.java,1.550420420244336E-4,2.837749719619751,0.5933809876441956,gui,2.837749719619751
jabref\src\main\java\org\jabref\logic\exporter\AtomicFileOutputStream.java,0.6566795110702515,2.5514914989471436,0.28082817792892456,gui,2.5514914989471436
jabref\src\test\java\org\jabref\logic\shared\SynchronizationSimulatorTest.java,35.00011444091797,8.510566711425781,0.0,cli,35.00011444091797
jabref\src\main\java\org\jabref\gui\edit\automaticfiededitor\AutomaticFieldEditorDialog.java,0.41715648770332336,67.20801544189453,0.0,gui,67.20801544189453
jabref\src\main\java\org\jabref\logic\exporter\BibWriter.java,1.6595193301327527E-4,1.5590318441390991,0.0,gui,1.5590318441390991
jabref\src\test\java\org\jabref\testutils\interactive\styletester\StyleTesterView.java,1.570081221871078E-4,0.38512933254241943,0.0,gui,0.38512933254241943
jabref\src\main\java\org\jabref\logic\citationstyle\JabRefLocaleProvider.java,0.602652907371521,1.5647085905075073,0.0,gui,1.5647085905075073
jabref\src\main\java\org\jabref\logic\bst\util\BstNameFormatter.java,9.181050700135529E-5,4.663012981414795,0.5068060755729675,gui,4.663012981414795
jabref\src\test\java\org\jabref\gui\edit\ManageKeywordsViewModelTest.java,1.2037337728543207E-4,64.3016357421875,0.7745462656021118,gui,64.3016357421875
jabref\src\main\java\org\jabref\logic\shared\security\Password.java,23.218774795532227,1.5222804546356201,0.0,cli,23.218774795532227
jabref\src\main\java\org\jabref\model\strings\UnicodeToReadableCharMap.java,8.207310747820884E-5,0.9120593070983887,0.0,gui,0.9120593070983887
jabref\src\main\java\org\jabref\logic\importer\fetcher\LibraryOfCongress.java,1.6877969028428197E-4,1.5685575008392334,0.0,gui,1.5685575008392334
jabref\src\main\java\org\jabref\logic\util\io\FileUtil.java,1.7728369235992432,13.92018985748291,0.8363056182861328,gui,13.92018985748291
jabref\src\main\java\org\jabref\logic\importer\fileformat\BibtexImporter.java,2.660735845565796,2.329495906829834,1.1284980773925781,cli,2.660735845565796
jabref\src\test\java\org\jabref\gui\theme\ThemeTest.java,1.3933866284787655E-4,68.17568969726562,0.0,gui,68.17568969726562
jabref\src\main\java\org\jabref\gui\journals\UndoableAbbreviator.java,1.5125398931559175E-4,70.41671752929688,0.0,gui,70.41671752929688
jabref\src\main\java\org\jabref\logic\bibtex\comparator\EntryComparator.java,1.2783003330696374E-4,1.4306130409240723,0.0,gui,1.4306130409240723
jabref\src\main\java\org\jabref\gui\preferences\entryeditor\EntryEditorTabViewModel.java,0.45954710245132446,59.25483703613281,82.85590362548828,preferences,82.85590362548828
jabref\src\main\java\org\jabref\gui\remote\CLIMessageHandler.java,110.66669464111328,80.4281234741211,35.0,cli,110.66669464111328
jabref\src\main\java\org\jabref\logic\importer\fetcher\transformers\SpringerQueryTransformer.java,1.6707158647477627E-4,1.5628035068511963,0.0,gui,1.5628035068511963
jabref\src\main\java\org\jabref\model\entry\field\FieldProperty.java,1.7081713303923607E-4,10.119138717651367,0.0,gui,10.119138717651367
jabref\src\main\java\org\jabref\gui\slr\EditExistingStudyAction.java,1.366410255432129,72.40815734863281,1.5257909297943115,gui,72.40815734863281
jabref\src\main\java\org\jabref\logic\layout\format\RemoveTilde.java,1.665098825469613E-4,1.5609114170074463,0.0,gui,1.5609114170074463
jabref\src\main\java\org\jabref\model\openoffice\style\CitationMarkerNormEntry.java,1.7660376033745706E-4,1.96255624294281,0.0,gui,1.96255624294281
jabref\src\main\java\org\jabref\logic\formatter\bibtexfields\RemoveNewlinesFormatter.java,28.710617065429688,1.5590318441390991,0.0,cli,28.710617065429688
jabref\src\main\java\org\jabref\logic\shared\DatabaseNotSupportedException.java,1.7504328570794314E-4,1.5896573066711426,0.0,gui,1.5896573066711426
jabref\src\main\java\org\jabref\logic\formatter\bibtexfields\ClearFormatter.java,0.6109244227409363,1.57245934009552,0.0,gui,1.57245934009552
jabref\src\main\java\org\jabref\gui\groups\UndoableModifySubtree.java,1.6005254292394966E-4,71.53971099853516,0.0,gui,71.53971099853516
jabref\src\test\java\org\jabref\logic\formatter\bibtexfields\ShortenDOIFormatterTest.java,1.6993794997688383E-4,11.828672409057617,0.0,gui,11.828672409057617
jabref\src\main\java\org\jabref\logic\xmp\DublinCoreExtractor.java,0.2112766057252884,14.458457946777344,0.0,gui,14.458457946777344
jabref\src\main\java\org\jabref\logic\importer\fileformat\medline\ArticleId.java,1.7628943896852434E-4,1.5938551425933838,0.0,gui,1.5938551425933838
jabref\src\test\java\org\jabref\logic\layout\format\AuthorOrgSciTest.java,1.4764662773814052E-4,1.8470699787139893,0.0,gui,1.8470699787139893
jabref\src\main\java\org\jabref\gui\mergeentries\newmergedialog\GroupDiffMode.java,1.7535316874273121E-4,65.02461242675781,0.0,gui,65.02461242675781
jabref\src\test\java\org\jabref\logic\bibtex\comparator\MetaDataDiffTest.java,1.6877969028428197E-4,2.0867791175842285,0.0,gui,2.0867791175842285
jabref\src\main\java\org\jabref\gui\help\HelpAction.java,1.6935683379415423E-4,63.99789810180664,0.0,gui,63.99789810180664
jabref\src\test\java\org\jabref\logic\importer\fetcher\transformers\JstorQueryTransformerTest.java,1.570081221871078E-4,1.9140326976776123,0.0,gui,1.9140326976776123
jabref\src\main\java\org\jabref\gui\menus\FileHistoryMenu.java,1.2936092615127563,68.70746612548828,0.0,gui,68.70746612548828
jabref\src\main\java\org\jabref\model\groups\GroupEntryChanger.java,1.6935683379415423E-4,1.8820229768753052,0.0,gui,1.8820229768753052
jabref\src\main\java\org\jabref\logic\bibtex\comparator\FieldComparator.java,1.2524391058832407E-4,10.885605812072754,0.0,gui,10.885605812072754
jabref\src\test\java\org\jabref\logic\importer\fetcher\isbntobibtex\DoiToBibtexConverterComIsbnFetcherTest.java,1.3933866284787655E-4,42.99419021606445,0.0,gui,42.99419021606445
jabref\src\main\java\org\jabref\gui\fieldeditors\WriteMetadataToPdfCommand.java,1.2460942268371582,72.3973388671875,104.88129425048828,preferences,104.88129425048828
jabref\src\main\java\org\jabref\logic\layout\format\GetOpenOfficeType.java,1.6109376156236976E-4,2.8013381958007812,0.0,gui,2.8013381958007812
jabref\src\test\java\org\jabref\logic\importer\fileformat\PdfEmbeddedBibFileImporterTest.java,2.7236151695251465,8.54921817779541,2.2951889038085938,gui,8.54921817779541
jabref\src\main\java\org\jabref\model\TreeNode.java,9.461690933676437E-5,11.2645845413208,0.40649479627609253,gui,11.2645845413208
jabref\src\main\java\org\jabref\gui\externalfiles\AutoSetFileLinksUtil.java,0.6427052021026611,64.79867553710938,0.0,gui,64.79867553710938
jabref\src\main\java\org\jabref\logic\layout\format\AuthorFirstAbbrLastOxfordCommas.java,1.7535316874273121E-4,1.5907012224197388,0.0,gui,1.5907012224197388
jabref\src\test\java\org\jabref\logic\formatter\casechanger\SentenceCaseFormatterTest.java,1.442073262296617E-4,4.2573394775390625,0.9403549432754517,gui,4.2573394775390625
jabref\src\main\java\org\jabref\logic\importer\FetcherClientException.java,1.7290438700001687E-4,1.5824521780014038,0.0,gui,1.5824521780014038
jabref\src\test\java\org\jabref\logic\exporter\DocbookExporterTest.java,1.949727177619934,12.117423057556152,0.0,gui,12.117423057556152
jabref\src\main\java\org\jabref\gui\autocompleter\StringSuggestionProvider.java,1.6993794997688383E-4,64.09739685058594,0.0,gui,64.09739685058594
jabref\src\test\java\org\jabref\gui\fieldeditors\LinkedFilesEditorViewModelTest.java,0.5680435299873352,63.60854721069336,35.0,gui,63.60854721069336
jabref\src\main\java\org\jabref\gui\autocompleter\ReplaceStrategy.java,1.7628943896852434E-4,65.18492126464844,0.0,gui,65.18492126464844
jabref\src\main\java\org\jabref\logic\cleanup\TimeStampToModificationDate.java,1.442073262296617E-4,11.884364128112793,0.0,gui,11.884364128112793
jabref\src\main\java\org\jabref\model\openoffice\uno\UnoTextDocument.java,1.4764662773814052E-4,11.986791610717773,0.0,gui,11.986791610717773
jabref\src\main\java\org\jabref\gui\preferences\importexport\ImportExportTabViewModel.java,28.149986267089844,72.95858001708984,77.81231689453125,preferences,77.81231689453125
jabref\src\main\java\org\jabref\logic\net\ProxyAuthenticator.java,1.6539770876988769E-4,6.538286209106445,2.651122570037842,gui,6.538286209106445
jabref\src\test\java\org\jabref\logic\integrity\AmpersandCheckerTest.java,20.2373104095459,4.375061988830566,0.0,cli,20.2373104095459
jabref\src\main\java\org\jabref\gui\groups\GroupTreeView.java,38.74234390258789,52.87218475341797,35.0,gui,52.87218475341797
jabref\src\main\java\org\jabref\gui\fieldeditors\PersonsEditor.java,1.5902469749562442E-4,65.07910919189453,99.76093292236328,preferences,99.76093292236328
jabref\src\main\java\org\jabref\model\openoffice\ootext\OOTextIntoOO.java,0.6291956305503845,14.042277336120605,0.49222996830940247,gui,14.042277336120605
jabref\src\main\java\org\jabref\logic\importer\fileformat\SilverPlatterImporter.java,0.4981038272380829,5.305170059204102,0.0,gui,5.305170059204102
jabref\src\test\java\org\jabref\logic\importer\FulltextFetchersTest.java,1.4254706911742687E-4,8.747498512268066,0.564905047416687,gui,8.747498512268066
jabref\src\main\java\org\jabref\gui\openoffice\AdvancedCiteDialogView.java,0.9705895185470581,63.132102966308594,0.7452554702758789,gui,63.132102966308594
jabref\src\main\java\org\jabref\gui\icon\InternalMaterialDesignIcon.java,1.4764662773814052E-4,71.33580017089844,0.0,gui,71.33580017089844
jabref\src\main\java\org\jabref\logic\externalfiles\LinkedFileHandler.java,0.5695322751998901,11.347518920898438,0.0,gui,11.347518920898438
jabref\src\main\java\org\jabref\model\entry\Month.java,0.45954710245132446,9.141753196716309,0.42536476254463196,gui,9.141753196716309
jabref\src\main\java\org\jabref\logic\util\io\FileNameUniqueness.java,2.552849531173706,14.688881874084473,0.0,gui,14.688881874084473
jabref\src\test\java\org\jabref\logic\importer\fileformat\MsBibImporterTest.java,0.6549429297447205,3.332552671432495,0.0,gui,3.332552671432495
jabref\src\main\java\org\jabref\gui\mergeentries\newmergedialog\fieldsmerger\KeywordMerger.java,1.6993794997688383E-4,64.09739685058594,0.0,gui,64.09739685058594
jabref\src\test\java\org\jabref\logic\integrity\BibStringCheckerTest.java,1.5312459436245263E-4,2.772780656814575,0.0,gui,2.772780656814575
jabref\src\main\java\org\jabref\gui\exporter\CreateModifyExporterDialogViewModel.java,1.036702275276184,74.10415649414062,104.88129425048828,preferences,104.88129425048828
jabref\src\main\java\org\jabref\logic\importer\fetcher\ScienceDirect.java,16.032880783081055,25.741710662841797,5.343527793884277,gui,25.741710662841797
jabref\src\test\java\org\jabref\model\entry\BibEntryTypesManagerTest.java,29.799724578857422,7.366644382476807,0.0,cli,29.799724578857422
jabref\src\main\java\org\jabref\gui\externalfiles\AutoLinkFilesAction.java,20.820253372192383,63.97808074951172,101.45394897460938,preferences,101.45394897460938
jabref\src\test\java\org\jabref\logic\cleanup\ISSNCleanupTest.java,1.5312459436245263E-4,2.059427261352539,0.0,gui,2.059427261352539
jabref\src\test\java\org\jabref\logic\importer\fetcher\ACMPortalFetcherTest.java,1.630573533475399E-4,14.454610824584961,0.0,gui,14.454610824584961
jabref\src\test\java\org\jabref\logic\integrity\YearCheckerTest.java,1.459067134419456E-4,2.1041862964630127,0.0,gui,2.1041862964630127
jabref\src\test\java\org\jabref\logic\util\io\RegExpBasedFileFinderTest.java,23.296493530273438,22.069156646728516,0.0,cli,23.296493530273438
jabref\src\main\java\org\jabref\model\openoffice\style\CitationMarkerNumericBibEntry.java,1.7660376033745706E-4,1.96255624294281,0.0,gui,1.96255624294281
jabref\src\main\java\org\jabref\logic\integrity\CitationKeyChecker.java,0.48014217615127563,1.5498201847076416,0.0,gui,1.5498201847076416
jabref\src\main\java\org\jabref\logic\layout\format\AuthorFirstFirst.java,1.756641431711614E-4,1.591748833656311,0.0,gui,1.591748833656311
jabref\src\main\java\org\jabref\gui\collab\groupchange\GroupChange.java,23.371461868286133,61.21855545043945,0.0,gui,61.21855545043945
jabref\src\main\java\org\jabref\model\search\SearchMatcher.java,1.7723576456774026E-4,1.9695795774459839,0.0,gui,1.9695795774459839
jabref\src\main\java\org\jabref\gui\importer\ParserResultWarningDialog.java,0.5644418597221375,69.04252624511719,0.0,gui,69.04252624511719
jabref\src\main\java\org\jabref\gui\fieldeditors\OwnerEditor.java,1.6109376156236976E-4,65.45077514648438,100.36980438232422,preferences,100.36980438232422
jabref\src\main\java\org\jabref\logic\importer\fetcher\BibsonomyScraper.java,1.5800996334291995E-4,8.764569282531738,0.0,gui,8.764569282531738
jabref\src\main\java\org\jabref\gui\groups\GroupNodeViewModel.java,0.21961387991905212,60.12551498413086,35.31484603881836,gui,60.12551498413086
jabref\src\test\java\org\jabref\logic\importer\fetcher\IacrEprintFetcherTest.java,10.076842308044434,51.662445068359375,0.16975098848342896,gui,51.662445068359375
jabref\src\main\java\org\jabref\model\entry\identifier\ArXivIdentifier.java,1.362715265713632E-4,1.8241578340530396,0.0,gui,1.8241578340530396
jabref\src\main\java\org\jabref\logic\msbib\MSBibConverter.java,0.3744876980781555,5.305170059204102,0.38244783878326416,gui,5.305170059204102
jabref\src\main\java\org\jabref\gui\groups\GroupDialogView.java,1.0950818061828613,58.12953567504883,35.28839874267578,gui,58.12953567504883
jabref\src\main\java\org\jabref\gui\edit\automaticfiededitor\AutomaticFieldEditorAction.java,0.5178402066230774,64.24794006347656,1.0,gui,64.24794006347656
jabref\src\test\java\org\jabref\logic\layout\format\AuthorAndsReplacerTest.java,1.5800996334291995E-4,3.8385813236236572,0.0,gui,3.8385813236236572
jabref\src\test\java\org\jabref\logic\importer\fileformat\BiblioscapeImporterTypesTest.java,1.459067134419456E-4,1.8348913192749023,0.0,gui,1.8348913192749023
jabref\src\test\java\org\jabref\gui\fieldeditors\LinkedFileViewModelTest.java,0.482233464717865,56.169471740722656,99.83885955810547,preferences,99.83885955810547
jabref\src\main\java\org\jabref\logic\importer\fetcher\transformers\CollectionOfComputerScienceBibliographiesQueryTransformer.java,1.6763710300438106E-4,1.5647085905075073,0.0,gui,1.5647085905075073
jabref\src\main\java\org\jabref\gui\importer\GenerateEntryFromIdDialog.java,0.4509607255458832,65.09117126464844,35.0,gui,65.09117126464844
jabref\src\test\java\org\jabref\logic\layout\format\OrdinalTest.java,1.494285388616845E-4,2.0885000228881836,1.0207493305206299,gui,2.0885000228881836
jabref\src\test\java\org\jabref\logic\openoffice\style\StyleLoaderTest.java,1.0416946315672249E-4,10.92746353149414,108.578369140625,preferences,108.578369140625
jabref\src\main\java\org\jabref\gui\mergeentries\newmergedialog\diffhighlighter\UnifiedDiffHighlighter.java,1.2037337728543207E-4,62.48102951049805,0.0,gui,62.48102951049805
jabref\src\test\java\org\jabref\model\database\BibDatabaseTest.java,20.342670440673828,6.048929691314697,0.20718351006507874,cli,20.342670440673828
jabref\src\main\java\org\jabref\logic\layout\format\AuthorLF_FF.java,1.7442679381929338E-4,1.5875805616378784,0.0,gui,1.5875805616378784
jabref\src\main\java\org\jabref\gui\externalfiletype\UnknownExternalFileType.java,0.5148459076881409,64.14740753173828,0.0,gui,64.14740753173828
jabref\src\main\java\org\jabref\gui\autocompleter\AutoCompletionInput.java,1.7504328570794314E-4,64.9715576171875,0.0,gui,64.9715576171875
jabref\src\test\java\org\jabref\logic\integrity\HowPublishedCheckerTest.java,1.570081221871078E-4,2.116665840148926,0.0,gui,2.116665840148926
jabref\src\main\java\org\jabref\model\entry\BibEntry.java,0.7778677344322205,15.046479225158691,15.17935848236084,preferences,15.17935848236084
jabref\src\main\java\org\jabref\gui\menus\ChangeEntryTypeMenu.java,25.727365493774414,57.830360412597656,0.0,gui,57.830360412597656
jabref\src\main\java\org\jabref\logic\integrity\FieldChecker.java,1.665098825469613E-4,9.438154220581055,0.0,gui,9.438154220581055
jabref\src\main\java\org\jabref\model\texparser\Citation.java,2.391101121902466,2.1538987159729004,0.0,cli,2.391101121902466
jabref\src\main\java\org\jabref\gui\preferences\protectedterms\ProtectedTermsTab.java,5.322996616363525,58.17915344238281,80.34517669677734,preferences,80.34517669677734
jabref\src\main\java\org\jabref\logic\integrity\TitleChecker.java,0.9398474097251892,1.944061517715454,0.0,gui,1.944061517715454
jabref\src\main\java\org\jabref\logic\pdf\search\indexing\IndexingTaskManager.java,19.647859573364258,2.9542224407196045,0.5050603151321411,cli,19.647859573364258
jabref\src\main\java\org\jabref\gui\autocompleter\EmptySuggestionProvider.java,1.7081713303923607E-4,64.24794006347656,0.0,gui,64.24794006347656
jabref\src\main\java\org\jabref\gui\preferences\keybindings\presets\BashKeyBindingPreset.java,36.23667526245117,63.20957565307617,91.33382415771484,preferences,91.33382415771484
jabref\src\main\java\org\jabref\gui\mergeentries\newmergedialog\cell\HeaderCell.java,34.35123825073242,65.3553466796875,0.0,gui,65.3553466796875
jabref\src\test\java\org\jabref\logic\l10n\LanguageTest.java,1.6993794997688383E-4,2.1490445137023926,0.0,gui,2.1490445137023926
jabref\src\main\java\org\jabref\logic\exporter\OpenOfficeDocumentCreator.java,18.026865005493164,7.704580783843994,0.0,cli,18.026865005493164
jabref\src\main\java\org\jabref\gui\util\RecursiveTreeItem.java,27.30930519104004,67.8746566772461,0.0,gui,67.8746566772461
jabref\src\main\java\org\jabref\gui\desktop\os\DefaultDesktop.java,0.6782376766204834,65.90267181396484,2.9445691108703613,gui,65.90267181396484
jabref\src\main\java\org\jabref\model\groups\event\GroupUpdatedEvent.java,1.7504328570794314E-4,1.945215106010437,0.0,gui,1.945215106010437
jabref\src\main\java\org\jabref\logic\importer\fetcher\ComplexSearchQuery.java,17.339292526245117,12.734476089477539,0.8065444231033325,cli,17.339292526245117
jabref\src\test\java\org\jabref\logic\importer\fetcher\DoiFetcherTest.java,1.0779721196740866E-4,16.25290870666504,0.0,gui,16.25290870666504
jabref\src\main\java\org\jabref\logic\citationkeypattern\CitationKeyPatternPreferences.java,1.362715265713632E-4,12.806333541870117,0.6540877223014832,gui,12.806333541870117
jabref\src\main\java\org\jabref\logic\cleanup\CleanupWorker.java,1.4764662773814052E-4,1.4973679780960083,0.0,gui,1.4973679780960083
jabref\src\main\java\org\jabref\logic\util\io\FileHistory.java,0.6668261885643005,10.972286224365234,0.42165952920913696,gui,10.972286224365234
jabref\src\main\java\org\jabref\gui\entryeditor\fileannotationtab\FileAnnotationViewModel.java,0.6454424858093262,69.42845916748047,0.610045313835144,gui,69.42845916748047
jabref\src\test\java\org\jabref\logic\importer\fileformat\PdfMergeMetadataImporterTest.java,1.8244589567184448,7.364358425140381,0.5228927135467529,gui,7.364358425140381
jabref\src\main\java\org\jabref\logic\msbib\MSBibEntryType.java,1.7351015412714332E-4,1.5844926834106445,0.816478431224823,gui,1.5844926834106445
jabref\src\main\java\org\jabref\logic\exporter\SaveException.java,1.0742624998092651,2.0945284366607666,0.0,gui,2.0945284366607666
jabref\src\main\java\org\jabref\model\openoffice\rangesort\RangeOverlapKind.java,1.7691918765194714E-4,1.9660615921020508,0.0,gui,1.9660615921020508
jabref\src\test\java\org\jabref\model\entry\AuthorTest.java,1.362715265713632E-4,2.0820088386535645,0.0,gui,2.0820088386535645
jabref\src\main\java\org\jabref\logic\bst\util\BstTextPrefixer.java,1.5800996334291995E-4,1.532278299331665,0.8722357749938965,gui,1.532278299331665
jabref\src\main\java\org\jabref\gui\importer\actions\OpenDatabaseAction.java,36.16543197631836,60.40694046020508,35.0,gui,60.40694046020508
jabref\src\main\java\org\jabref\logic\undo\AddUndoableActionEvent.java,1.7535316874273121E-4,1.5907012224197388,0.0,gui,1.5907012224197388
jabref\src\main\java\org\jabref\logic\importer\fetcher\isbntobibtex\IsbnFetcher.java,0.37499240040779114,13.375146865844727,0.0,gui,13.375146865844727
jabref\src\test\java\org\jabref\logic\cleanup\TimeStampToModificationDateTest.java,1.3933866284787655E-4,1.7896249294281006,0.0,gui,1.7896249294281006
jabref\src\main\java\org\jabref\logic\importer\fetcher\MrDLibFetcher.java,1.362715265713632E-4,10.12002944946289,101.57506561279297,preferences,101.57506561279297
jabref\src\main\java\org\jabref\model\entry\types\BiblatexAPAEntryTypeDefinitions.java,20.746719360351562,2.870861053466797,0.0,cli,20.746719360351562
jabref\src\main\java\org\jabref\model\openoffice\uno\UnoScreenRefresh.java,1.7290438700001687E-4,1.9214460849761963,0.0,gui,1.9214460849761963
jabref\src\main\java\org\jabref\preferences\FilePreferences.java,1.4254706911742687E-4,18.583311080932617,91.68478393554688,preferences,91.68478393554688
jabref\src\main\java\org\jabref\model\groups\SearchGroup.java,1.494285388616845E-4,3.755873680114746,0.0,gui,3.755873680114746
jabref\src\test\java\org\jabref\logic\importer\fetcher\FulltextFetcherTest.java,1.6763710300438106E-4,2.4576914310455322,0.46443885564804077,gui,2.4576914310455322
jabref\src\main\java\org\jabref\gui\preferences\externalfiletypes\EditExternalFileTypeEntryDialog.java,0.530787467956543,63.97103500366211,90.27467346191406,preferences,90.27467346191406
jabref\src\main\java\org\jabref\cli\SystemOutputPrinter.java,132.115966796875,10.75949478149414,0.0,cli,132.115966796875
jabref\src\main\java\org\jabref\gui\actions\ActionFactory.java,4.947693824768066,62.18447494506836,0.0,gui,62.18447494506836
jabref\src\main\java\org\jabref\logic\importer\fileformat\EndnoteXmlImporter.java,0.18344417214393616,16.16377067565918,79.1734619140625,preferences,79.1734619140625
jabref\src\main\java\org\jabref\gui\fieldeditors\DateEditorViewModel.java,1.6321736620739102E-4,62.946678161621094,0.0,gui,62.946678161621094
jabref\src\test\java\org\jabref\logic\importer\fetcher\transformers\InfixTransformerTest.java,1.2276034976821393E-4,1.9896867275238037,0.0,gui,1.9896867275238037
jabref\src\main\java\org\jabref\gui\maintable\OpenExternalFileAction.java,1.020699381828308,61.98268127441406,36.0,gui,61.98268127441406
jabref\src\main\java\org\jabref\logic\importer\fileformat\mods\Name.java,1.7628943896852434E-4,1.5938551425933838,0.0,gui,1.5938551425933838
jabref\src\main\java\org\jabref\logic\layout\format\ShortMonthFormatter.java,1.7320674669463187E-4,1.5834707021713257,0.0,gui,1.5834707021713257
jabref\src\test\java\org\jabref\model\groups\TexGroupTest.java,3.960467576980591,20.80760383605957,3.203963279724121,gui,20.80760383605957
jabref\src\main\java\org\jabref\gui\edit\automaticfiededitor\AutomaticFieldEditorViewModel.java,1.6539770876988769E-4,63.320003509521484,0.0,gui,63.320003509521484
jabref\src\main\java\org\jabref\gui\preferences\journals\AbbreviationViewModel.java,1.4254706911742687E-4,73.40367126464844,88.95287322998047,preferences,88.95287322998047
jabref\src\main\java\org\jabref\gui\externalfiles\UnlinkedFilesCrawler.java,19.698110580444336,68.42315673828125,0.0,gui,68.42315673828125
jabref\src\main\java\org\jabref\logic\crawler\Crawler.java,1.6430030518677086E-4,2.5534682273864746,35.74525451660156,preferences,35.74525451660156
jabref\src\main\java\org\jabref\gui\fieldeditors\UrlEditorViewModel.java,1.6800895929336548,73.0071792602539,0.0,gui,73.0071792602539
jabref\src\test\java\org\jabref\model\entry\field\FieldFactoryTest.java,31.236940383911133,2.419774055480957,0.0,cli,31.236940383911133
jabref\src\main\java\org\jabref\gui\desktop\os\Windows.java,0.3627701997756958,69.53921508789062,2.007260799407959,gui,69.53921508789062
jabref\src\test\java\org\jabref\logic\shared\DBMSProcessorTest.java,6.226250843610615E-5,7.434257507324219,0.0,gui,7.434257507324219
jabref\src\test\java\org\jabref\logic\exporter\FieldFormatterCleanupsTest.java,7.793997065164149E-5,5.853189468383789,0.0,gui,5.853189468383789
jabref\src\test\java\org\jabref\gui\preferences\keybindings\KeyBindingViewModelTest.java,1.6005254292394966E-4,66.03865814208984,95.34956359863281,preferences,95.34956359863281
jabref\src\main\java\org\jabref\model\openoffice\style\CompareCitation.java,1.6877969028428197E-4,1.8756091594696045,0.0,gui,1.8756091594696045
jabref\src\test\java\org\jabref\logic\util\io\FileHistoryTest.java,1.4254706911742687E-4,10.051112174987793,0.0,gui,10.051112174987793
jabref\src\main\java\org\jabref\gui\edit\automaticfiededitor\renamefield\RenameFieldTabView.java,0.8838574290275574,61.54686737060547,0.0,gui,61.54686737060547
jabref\src\main\java\org\jabref\model\openoffice\uno\UnoCursor.java,1.6430030518677086E-4,2.7841553688049316,0.0,gui,2.7841553688049316
jabref\src\main\java\org\jabref\gui\collab\entrychange\EntryChangeResolver.java,0.5754003524780273,62.80198669433594,0.0,gui,62.80198669433594
jabref\src\main\java\org\jabref\logic\importer\fetcher\transformers\GVKQueryTransformer.java,23.689220428466797,1.946291208267212,1.8021992444992065,cli,23.689220428466797
jabref\src\main\java\org\jabref\gui\fieldeditors\YesNoEditorViewModel.java,1.6993794997688383E-4,64.09739685058594,0.0,gui,64.09739685058594
jabref\src\main\java\org\jabref\gui\preferences\xmp\XmpPrivacyTab.java,1.092712640762329,61.19736862182617,84.9173583984375,preferences,84.9173583984375
jabref\src\main\java\org\jabref\gui\preferences\journals\JournalAbbreviationsTab.java,2.0515787601470947,62.918487548828125,74.34469604492188,preferences,74.34469604492188
jabref\src\test\java\org\jabref\logic\cleanup\MoveFilesCleanupTest.java,0.6028949022293091,3.2602338790893555,0.6165255308151245,gui,3.2602338790893555
jabref\src\test\java\org\jabref\logic\importer\fetcher\ACSTest.java,44.7624626159668,11.120173454284668,0.0,cli,44.7624626159668
jabref\src\main\java\org\jabref\model\entry\field\UnknownField.java,1.6109376156236976E-4,4.177618503570557,0.4350159466266632,gui,4.177618503570557
jabref\src\main\java\org\jabref\gui\importer\fetcher\LookupIdentifierAction.java,1.0439784526824951,67.06735229492188,1.0,gui,67.06735229492188
jabref\src\main\java\org\jabref\logic\importer\fetcher\GvkFetcher.java,1.6109376156236976E-4,1.5426664352416992,0.0,gui,1.5426664352416992
jabref\src\main\java\org\jabref\logic\integrity\BibStringChecker.java,0.9601210951805115,1.5498201847076416,0.0,gui,1.5498201847076416
jabref\src\main\java\org\jabref\gui\auximport\FromAuxDialog.java,1.4740017652511597,71.04161834716797,88.36553955078125,preferences,88.36553955078125
jabref\src\main\java\org\jabref\logic\formatter\casechanger\SentenceCaseFormatter.java,0.5829218626022339,4.107346534729004,0.0,gui,4.107346534729004
jabref\src\test\java\org\jabref\logic\importer\fileformat\PdfContentImporterTest.java,3.1792876720428467,9.700221061706543,1.8978372812271118,gui,9.700221061706543
jabref\src\main\java\org\jabref\gui\fieldeditors\LinkedEntriesEditor.java,32.072547912597656,61.54686737060547,0.0,gui,61.54686737060547
jabref\src\main\java\org\jabref\gui\util\ViewModelTreeCellFactory.java,31.216228485107422,60.5857048034668,0.0,gui,60.5857048034668
jabref\src\main\java\org\jabref\migrations\CustomEntryTypePreferenceMigration.java,1.459067134419456E-4,9.268766403198242,0.0,gui,9.268766403198242
jabref\src\test\java\org\jabref\logic\importer\fetcher\OpenAccessDoiTest.java,1.6214861534535885E-4,12.135659217834473,0.0,gui,12.135659217834473
jabref\src\test\java\org\jabref\logic\shared\DBMSConnectionPropertiesTest.java,1.883168297354132E-4,7.019678592681885,2.629356861114502,gui,7.019678592681885
jabref\src\main\java\org\jabref\gui\fieldeditors\PaginationEditorViewModel.java,2.852221727371216,62.583065032958984,0.0,gui,62.583065032958984
jabref\src\main\java\org\jabref\gui\mergeentries\newmergedialog\PersonsNameFieldRowView.java,0.46028560400009155,63.887454986572266,0.4260196387767792,gui,63.887454986572266
jabref\src\main\java\org\jabref\logic\importer\util\GrobidService.java,25.73617935180664,15.750967025756836,1.3124281167984009,cli,25.73617935180664
jabref\src\main\java\org\jabref\logic\layout\LayoutEntry.java,6.487227801699191E-5,14.805245399475098,95.2118148803711,preferences,95.2118148803711
jabref\src\main\java\org\jabref\logic\exporter\OpenDocumentRepresentation.java,20.70561981201172,1.5499180555343628,0.29995453357696533,cli,20.70561981201172
jabref\src\test\java\org\jabref\logic\protectedterms\ProtectedTermsListTest.java,34.57844924926758,3.972804069519043,0.0,cli,34.57844924926758
jabref\src\main\java\org\jabref\logic\importer\Parser.java,1.7320674669463187E-4,1.5834707021713257,0.0,gui,1.5834707021713257
jabref\src\main\java\org\jabref\logic\exporter\BibDatabaseWriter.java,11.308723449707031,12.409026145935059,94.75453186035156,preferences,94.75453186035156
jabref\src\test\java\org\jabref\logic\importer\fetcher\INSPIREFetcherTest.java,1.2037337728543207E-4,8.745473861694336,0.0,gui,8.745473861694336
jabref\src\main\java\org\jabref\logic\importer\fileformat\IsiImporter.java,0.4521954357624054,12.306172370910645,0.0,gui,12.306172370910645
jabref\src\main\java\org\jabref\logic\layout\format\ReplaceUnicodeLigaturesFormatter.java,0.5791297554969788,10.737021446228027,1.6989575624465942,gui,10.737021446228027
jabref\src\main\java\org\jabref\gui\push\AbstractPushToApplication.java,28.377758026123047,64.50067138671875,82.85590362548828,preferences,82.85590362548828
jabref\src\test\java\org\jabref\logic\citationkeypattern\BracketedPatternTest.java,7.78912944952026E-5,5.277695655822754,0.22961807250976562,gui,5.277695655822754
jabref\src\test\java\org\jabref\logic\formatter\bibtexfields\EscapeDollarSignFormatterTest.java,1.5902469749562442E-4,2.0239665508270264,0.0,gui,2.0239665508270264
jabref\src\main\java\org\jabref\logic\openoffice\frontend\UpdateBibliography.java,1.4254706911742687E-4,7.640652656555176,0.0,gui,7.640652656555176
jabref\src\main\java\org\jabref\gui\shared\ConnectToSharedDatabaseCommand.java,1.7320674669463187E-4,64.65709686279297,0.0,gui,64.65709686279297
jabref\src\main\java\org\jabref\gui\entryeditor\EntryEditor.java,0.7385395765304565,59.867088317871094,36.16975021362305,gui,59.867088317871094
jabref\src\test\java\org\jabref\logic\net\URLUtilTest.java,1.5125398931559175E-4,2.0673654079437256,0.0,gui,2.0673654079437256
jabref\src\main\java\org\jabref\gui\preferences\linkedfiles\LinkedFilesTabViewModel.java,0.6607884168624878,64.91946411132812,97.51363372802734,preferences,97.51363372802734
jabref\src\main\java\org\jabref\model\pdf\FileAnnotation.java,1.305252080783248E-4,9.74255657196045,0.0,gui,9.74255657196045
jabref\src\test\java\org\jabref\logic\formatter\minifier\MinifyNameListFormatterTest.java,1.5312459436245263E-4,36.88595199584961,0.0,gui,36.88595199584961
jabref\src\main\java\org\jabref\gui\copyfiles\CopyFilesResultListDependency.java,1.7351015412714332E-4,64.70904541015625,0.0,gui,64.70904541015625
jabref\src\main\java\org\jabref\logic\exporter\OpenDocumentSpreadsheetCreator.java,0.97237229347229,7.396247386932373,0.0,gui,7.396247386932373
jabref\src\main\java\org\jabref\gui\entryeditor\EntryEditorPreferences.java,1.4254706911742687E-4,70.89737701416016,0.6509522795677185,gui,70.89737701416016
jabref\src\main\java\org\jabref\logic\bibtex\FieldContentFormatter.java,1.754757285118103,4.460666656494141,101.62255096435547,preferences,101.62255096435547
jabref\src\main\java\org\jabref\logic\integrity\FileChecker.java,1.8474842309951782,9.004045486450195,0.0,gui,9.004045486450195
jabref\src\main\java\org\jabref\logic\importer\util\GroupsParser.java,9.4906644821167,6.7255449295043945,0.0,cli,9.4906644821167
jabref\src\main\java\org\jabref\logic\integrity\BooktitleChecker.java,0.5133616924285889,1.57245934009552,1.8557066917419434,preferences,1.8557066917419434
jabref\src\test\java\org\jabref\logic\importer\fileformat\MedlineImporterTest.java,1.6763710300438106E-4,2.1500391960144043,0.0,gui,2.1500391960144043
jabref\src\main\java\org\jabref\gui\edit\ManageKeywordsAction.java,1.0946305990219116,63.510433197021484,1.0,gui,63.510433197021484
jabref\src\main\java\org\jabref\gui\push\PushToApplication.java,1.720036379992962E-4,64.45109558105469,0.0,gui,64.45109558105469
jabref\src\main\java\org\jabref\gui\maintable\SearchShortScienceAction.java,1.0152455568313599,71.84467315673828,36.0,gui,71.84467315673828
jabref\src\main\java\org\jabref\model\entry\types\UnknownEntryType.java,1.6539770876988769E-4,2.2571213245391846,0.0,gui,2.2571213245391846
jabref\src\test\java\org\jabref\model\database\BibDatabaseModeDetectionTest.java,1.3933866284787655E-4,5.201924800872803,0.0,gui,5.201924800872803
jabref\src\test\java\org\jabref\logic\remote\RemotePreferencesTest.java,1.6539770876988769E-4,6.273459434509277,110.12859344482422,preferences,110.12859344482422
jabref\src\main\java\org\jabref\logic\citationstyle\CSLAdapter.java,1.6005254292394966E-4,3.032757043838501,0.0,gui,3.032757043838501
jabref\src\main\java\org\jabref\gui\maintable\PersistenceVisualStateTable.java,1.550420420244336E-4,64.55475616455078,105.27604675292969,preferences,105.27604675292969
jabref\src\main\java\org\jabref\logic\importer\fetcher\transformers\DBLPQueryTransformer.java,1.6763710300438106E-4,1.5647085905075073,0.0,gui,1.5647085905075073
jabref\src\main\java\org\jabref\gui\OpenConsoleAction.java,0.47000423073768616,71.04444885253906,36.0,gui,71.04444885253906
jabref\src\main\java\org\jabref\gui\preferences\general\GeneralTabViewModel.java,0.8968444466590881,61.49135208129883,84.9173583984375,preferences,84.9173583984375
jabref\src\main\java\org\jabref\gui\shared\SharedDatabaseLoginDialogView.java,1.1088039875030518,60.98810577392578,37.40070724487305,gui,60.98810577392578
jabref\src\main\java\org\jabref\logic\journals\AbbreviationParser.java,0.6531237363815308,11.027978897094727,0.0,gui,11.027978897094727
jabref\src\main\java\org\jabref\gui\WaitForSaveFinishedDialog.java,26.66423988342285,65.5329360961914,0.0,gui,65.5329360961914
jabref\src\jmh\java\org\jabref\benchmarks\Benchmarks.java,1.2524391058832407E-4,0.0,0.7391027808189392,preferences,0.7391027808189392
jabref\src\main\java\org\jabref\model\openoffice\util\OOListUtil.java,1.6005254292394966E-4,21.294002532958984,0.0,gui,21.294002532958984
jabref\src\main\java\org\jabref\gui\preferences\protectedterms\ProtectedTermsListItemModel.java,1.6763710300438106E-4,66.49653625488281,97.75852966308594,preferences,97.75852966308594
jabref\src\main\java\org\jabref\logic\importer\PagedSearchBasedParserFetcher.java,1.494285388616845E-4,1.5033705234527588,0.0,gui,1.5033705234527588
jabref\src\main\java\org\jabref\logic\openoffice\backend\Codec52.java,0.5124546885490417,3.085563898086548,0.35916948318481445,gui,3.085563898086548
jabref\src\main\java\org\jabref\gui\preferences\keybindings\KeyBindingsTab.java,0.8757736086845398,61.348487854003906,87.1644058227539,preferences,87.1644058227539
jabref\src\main\java\org\jabref\logic\util\io\CitationKeyBasedFileFinder.java,0.9768710732460022,7.944392681121826,0.5221285820007324,gui,7.944392681121826
jabref\src\main\java\org\jabref\logic\importer\fileformat\CitaviXmlImporter.java,1.9613357782363892,13.108699798583984,87.35746765136719,preferences,87.35746765136719
jabref\src\main\java\org\jabref\model\entry\identifier\DOI.java,0.573363721370697,14.383902549743652,1.4138715267181396,gui,14.383902549743652
jabref\src\main\java\org\jabref\logic\integrity\FieldCheckers.java,0.3627701997756958,12.976719856262207,0.0,gui,12.976719856262207
jabref\src\main\java\org\jabref\logic\importer\fetcher\transformers\DefaultLuceneQueryTransformer.java,1.6707158647477627E-4,1.5628035068511963,0.0,gui,1.5628035068511963
jabref\src\main\java\org\jabref\logic\bibtex\comparator\IdComparator.java,1.7381462384946644E-4,1.5855183601379395,0.0,gui,1.5855183601379395
jabref\src\test\java\org\jabref\logic\bibtex\comparator\BibDatabaseDiffTest.java,3.7232437133789062,12.550457954406738,0.0,gui,12.550457954406738
jabref\src\test\java\org\jabref\logic\layout\LayoutEntryTest.java,37.09922409057617,21.093494415283203,0.0,cli,37.09922409057617
jabref\src\main\java\org\jabref\gui\preferences\externalfiletypes\EditExternalFileTypeViewModel.java,1.5125398931559175E-4,63.5161247253418,91.62516021728516,preferences,91.62516021728516
jabref\src\test\java\org\jabref\logic\importer\ImportFormatReaderParameterlessTest.java,0.5716915130615234,2.1069540977478027,0.0,gui,2.1069540977478027
jabref\src\main\java\org\jabref\gui\autocompleter\AppendWordsStrategy.java,1.665098825469613E-4,63.510433197021484,0.0,gui,63.510433197021484
jabref\src\main\java\org\jabref\gui\push\PushToTexmaker.java,1.0001704692840576,65.19758605957031,35.0,gui,65.19758605957031
jabref\src\main\java\org\jabref\logic\formatter\bibtexfields\RemoveBracesFormatter.java,0.5644418597221375,1.5289033651351929,0.0,gui,1.5289033651351929
jabref\src\main\java\org\jabref\gui\undo\UndoableKeyChange.java,0.6336730122566223,62.946678161621094,0.0,gui,62.946678161621094
jabref\src\main\java\org\jabref\gui\preferences\keybindings\KeyBindingsTabViewModel.java,27.143131256103516,67.32964324951172,104.95162200927734,preferences,104.95162200927734
jabref\src\main\java\org\jabref\logic\integrity\PersonNamesChecker.java,0.616128146648407,1.5289033651351929,0.0,gui,1.5289033651351929
jabref\src\test\java\org\jabref\logic\crawler\StudyYamlParserTest.java,1.609898026799783E-4,2.0106258392333984,0.0,gui,2.0106258392333984
jabref\src\test\java\org\jabref\model\entry\MonthTest.java,0.5698045492172241,7.6784467697143555,0.3811032176017761,gui,7.6784467697143555
jabref\src\main\java\org\jabref\preferences\SidePanePreferences.java,1.6430030518677086E-4,11.009587287902832,97.0560531616211,preferences,97.0560531616211
jabref\src\main\java\org\jabref\logic\exporter\BibtexDatabaseWriter.java,1.2783003330696374E-4,3.614400625228882,1.0,gui,3.614400625228882
jabref\src\test\java\org\jabref\logic\shared\DBMSTypeTest.java,1.362715265713632E-4,10.879894256591797,0.0,gui,10.879894256591797
jabref\src\main\java\org\jabref\gui\util\ViewModelListCellFactory.java,35.208255767822266,54.1234130859375,0.0,gui,54.1234130859375
jabref\src\test\java\org\jabref\logic\formatter\bibtexfields\TrimWhitespaceFormatterTest.java,1.459067134419456E-4,2.0640931129455566,0.0,gui,2.0640931129455566
jabref\src\test\java\org\jabref\logic\bst\util\BstNameFormatterTest.java,9.461690933676437E-5,3.618032693862915,1.5256989002227783,gui,3.618032693862915
jabref\src\main\java\org\jabref\model\openoffice\uno\UnoUserDefinedProperty.java,0.627245306968689,12.409439086914062,1.0,gui,12.409439086914062
jabref\src\main\java\org\jabref\model\openoffice\style\Citation.java,1.3333647802937776E-4,9.09185791015625,0.0,gui,9.09185791015625
jabref\src\main\java\org\jabref\gui\preferences\customentrytypes\CustomEntryTypesTab.java,53.31610870361328,60.28964614868164,69.37122344970703,preferences,69.37122344970703
jabref\src\test\java\org\jabref\logic\importer\fetcher\transformers\CollectionOfComputerScienceBibliographiesQueryTransformerTest.java,1.570081221871078E-4,1.9140326976776123,0.0,gui,1.9140326976776123
jabref\src\test\java\org\jabref\model\database\KeyChangeListenerTest.java,1.362715265713632E-4,3.2469680309295654,0.0,gui,3.2469680309295654
jabref\src\main\java\org\jabref\model\openoffice\backend\NamedRangeManager.java,1.7081713303923607E-4,1.898250937461853,0.0,gui,1.898250937461853
jabref\src\test\java\org\jabref\logic\shared\DBMSSynchronizerTest.java,9.760029206518084E-5,11.610145568847656,0.0,gui,11.610145568847656
jabref\src\main\java\org\jabref\gui\help\AboutDialogViewModel.java,35.545658111572266,68.46989440917969,0.5861366987228394,gui,68.46989440917969
jabref\src\test\java\org\jabref\logic\integrity\PagesCheckerBibtexTest.java,1.6214861534535885E-4,1.9518983364105225,0.0,gui,1.9518983364105225
jabref\src\main\java\org\jabref\model\entry\types\IEEETranEntryType.java,1.665098825469613E-4,1.850385308265686,0.0,gui,1.850385308265686
jabref\src\test\java\org\jabref\logic\bst\BstFunctionsTest.java,17.324052810668945,7.120026588439941,1.1630594730377197,cli,17.324052810668945
jabref\src\main\java\org\jabref\gui\preferences\keybindings\KeyBindingViewModel.java,19.610567092895508,69.99307250976562,87.0265884399414,preferences,87.0265884399414
jabref\src\main\java\org\jabref\logic\importer\FulltextFetchers.java,0.8096753358840942,20.011219024658203,0.4343331456184387,gui,20.011219024658203
jabref\src\main\java\org\jabref\logic\integrity\MonthChecker.java,0.5644418597221375,9.631548881530762,0.41738784313201904,gui,9.631548881530762
jabref\src\main\java\org\jabref\gui\texparser\ParseLatexAction.java,0.5133616924285889,64.09739685058594,1.0,gui,64.09739685058594
jabref\src\main\java\org\jabref\gui\util\ViewModelTextFieldTableCellVisualizationFactory.java,20.384994506835938,67.54324340820312,0.0,gui,67.54324340820312
jabref\src\main\java\org\jabref\gui\edit\ManageKeywordsDisplayType.java,1.778723089955747E-4,65.45594787597656,0.0,gui,65.45594787597656
jabref\src\main\java\org\jabref\logic\journals\JournalAbbreviationPreferences.java,1.6877969028428197E-4,10.095155715942383,0.4697340428829193,gui,10.095155715942383
jabref\src\main\java\org\jabref\logic\bibtex\comparator\CrossRefEntryComparator.java,1.6993794997688383E-4,1.57245934009552,0.0,gui,1.57245934009552
jabref\src\main\java\org\jabref\logic\bibtex\comparator\BibEntryDiff.java,1.7320674669463187E-4,1.5834707021713257,0.0,gui,1.5834707021713257
jabref\src\main\java\org\jabref\model\openoffice\style\ComparableCitation.java,1.7660376033745706E-4,1.96255624294281,0.0,gui,1.96255624294281
jabref\src\test\java\org\jabref\logic\importer\fileformat\CopacImporterTest.java,1.6539770876988769E-4,2.125135898590088,0.0,gui,2.125135898590088
jabref\src\main\java\org\jabref\gui\mergeentries\newmergedialog\cell\FieldValueCellViewModel.java,31.236940383911133,74.06907653808594,0.5921711325645447,gui,74.06907653808594
jabref\src\test\java\org\jabref\gui\autocompleter\PersonNameSuggestionProviderTest.java,1.0779721196740866E-4,54.88581466674805,0.0,gui,54.88581466674805
jabref\src\test\java\org\jabref\logic\importer\fetcher\BvbFetcherTest.java,5.857125759124756,19.72689437866211,0.7897599339485168,gui,19.72689437866211
jabref\src\main\java\org\jabref\logic\importer\fileformat\MedlinePlainImporter.java,93.5554428100586,23.601316452026367,14.344249725341797,cli,93.5554428100586
jabref\src\test\java\org\jabref\logic\util\io\FileNameUniquenessTest.java,0.46923622488975525,2.014145612716675,0.0,gui,2.014145612716675
jabref\src\main\java\org\jabref\gui\openoffice\StyleSelectDialogView.java,0.45954710245132446,59.4375,35.0,gui,59.4375
jabref\src\main\java\org\jabref\logic\net\ProxyRegisterer.java,1.570081221871078E-4,1.5289033651351929,0.0,gui,1.5289033651351929
jabref\src\main\java\org\jabref\gui\importer\actions\MergeReviewIntoCommentConfirmationDialog.java,2.82021427154541,68.34552764892578,0.0,gui,68.34552764892578
jabref\src\main\java\org\jabref\gui\importer\fetcher\WebSearchPaneView.java,0.8757736086845398,70.68163299560547,100.33322143554688,preferences,100.33322143554688
jabref\src\main\java\org\jabref\gui\autocompleter\SuggestionProviders.java,1.6109376156236976E-4,63.01808166503906,0.4350159466266632,gui,63.01808166503906
jabref\src\main\java\org\jabref\logic\formatter\bibtexfields\UnitsToLatexFormatter.java,0.4898941218852997,4.361865997314453,0.0,gui,4.361865997314453
jabref\src\test\java\org\jabref\logic\l10n\LocalizationTest.java,1.185778260231018,5.63431978225708,76.1256103515625,preferences,76.1256103515625
jabref\src\main\java\org\jabref\gui\fieldeditors\FieldEditors.java,1.1586748587433249E-4,67.91123962402344,106.97840881347656,preferences,106.97840881347656
jabref\src\main\java\org\jabref\logic\citationstyle\CitationStyle.java,16.100330352783203,7.319295406341553,1.806961178779602,cli,16.100330352783203
jabref\src\test\java\org\jabref\logic\layout\format\AuthorFirstAbbrLastCommasTest.java,1.570081221871078E-4,3.661118507385254,0.0,gui,3.661118507385254
jabref\src\main\java\org\jabref\logic\net\ssl\SSLPreferences.java,1.7442679381929338E-4,1.5875805616378784,0.0,gui,1.5875805616378784
jabref\src\test\java\org\jabref\logic\bst\util\BstPurifierTest.java,1.5125398931559175E-4,3.6539344787597656,2.145395040512085,gui,3.6539344787597656
jabref\src\main\java\org\jabref\gui\autocompleter\ContentSelectorSuggestionProvider.java,1.6820644668769091E-4,63.800926208496094,0.0,gui,63.800926208496094
jabref\src\test\java\org\jabref\model\groups\SearchGroupTest.java,1.459067134419456E-4,2.1696197986602783,0.0,gui,2.1696197986602783
jabref\src\main\java\org\jabref\preferences\JabRefPreferences.java,2.6851425170898438,15.018411636352539,102.81623840332031,preferences,102.81623840332031
jabref\src\test\java\org\jabref\logic\importer\fetcher\CollectionOfComputerScienceBibliographiesParserTest.java,0.6500241160392761,12.190750122070312,0.9289470911026001,gui,12.190750122070312
jabref\src\main\java\org\jabref\gui\preview\PreviewPanel.java,36.57018280029297,62.06010437011719,89.5754165649414,preferences,89.5754165649414
jabref\src\main\java\org\jabref\migrations\MergeReviewIntoCommentMigration.java,2.6830480098724365,7.952692985534668,1.0,gui,7.952692985534668
jabref\src\test\java\org\jabref\logic\importer\fileformat\PdfXmpImporterTest.java,0.639260470867157,9.044615745544434,1.2590761184692383,gui,9.044615745544434
jabref\src\main\java\org\jabref\gui\search\SearchDisplayMode.java,1.1798679828643799,74.28717041015625,0.0,gui,74.28717041015625
jabref\src\main\java\org\jabref\logic\importer\fileformat\PdfVerbatimBibTextImporter.java,1.3627701997756958,2.3659582138061523,0.9069089293479919,gui,2.3659582138061523
jabref\src\main\java\org\jabref\model\entry\KeywordList.java,1.2037337728543207E-4,9.722275733947754,0.28082817792892456,gui,9.722275733947754
jabref\src\main\java\org\jabref\logic\importer\fileformat\medline\MeshHeading.java,1.759762380970642E-4,1.5928001403808594,0.0,gui,1.5928001403808594
jabref\src\main\java\org\jabref\gui\undo\UndoableInsertString.java,0.4989772439002991,64.1910400390625,0.0,gui,64.1910400390625
jabref\src\test\java\org\jabref\logic\journals\AbbreviationsTest.java,1.7081713303923607E-4,15.39042854309082,0.0,gui,15.39042854309082
jabref\src\test\java\org\jabref\logic\l10n\JavaLocalizationEntryParserTest.java,32.43533706665039,5.557765483856201,82.4568099975586,preferences,82.4568099975586
jabref\src\test\java\org\jabref\logic\importer\fileformat\MedlineImporterFilesTest.java,1.5312459436245263E-4,1.8859517574310303,0.0,gui,1.8859517574310303
jabref\src\test\java\org\jabref\logic\bst\util\BstWidthCalculatorTest.java,1.494285388616845E-4,3.2261295318603516,1.830133080482483,gui,3.2261295318603516
jabref\src\main\java\org\jabref\model\openoffice\style\CitedKeys.java,31.216228485107422,10.189132690429688,0.0,cli,31.216228485107422
jabref\src\main\java\org\jabref\logic\texparser\LatexParser.java,1.747344940667972E-4,1.5886170864105225,0.0,gui,1.5886170864105225
jabref\src\main\java\org\jabref\gui\openoffice\DetectOpenOfficeInstallation.java,1.2473211288452148,67.5049057006836,0.6941341161727905,gui,67.5049057006836
jabref\src\main\java\org\jabref\logic\autosaveandbackup\BackupManager.java,0.6591363549232483,11.877265930175781,97.82793426513672,preferences,97.82793426513672
jabref\src\main\java\org\jabref\logic\importer\fetcher\SpringerFetcher.java,2.1532058715820312,5.6741719245910645,1.0,gui,5.6741719245910645
jabref\src\main\java\org\jabref\model\util\TreeCollector.java,1.3933866284787655E-4,10.276023864746094,0.34706705808639526,gui,10.276023864746094
jabref\src\main\java\org\jabref\gui\undo\UndoableInsertEntries.java,0.6680543422698975,69.53102111816406,0.0,gui,69.53102111816406
jabref\src\main\java\org\jabref\gui\groups\GroupDialogHeader.java,1.778723089955747E-4,65.45594787597656,0.0,gui,65.45594787597656
jabref\src\main\java\org\jabref\gui\actions\ActionHelper.java,0.3513195216655731,67.49313354492188,36.0,gui,67.49313354492188
jabref\src\main\java\org\jabref\logic\formatter\bibtexfields\EscapeUnderscoresFormatter.java,0.6088353395462036,1.5705018043518066,0.0,gui,1.5705018043518066
jabref\src\main\java\org\jabref\logic\formatter\bibtexfields\RemoveHyphenatedNewlinesFormatter.java,28.5617618560791,2.9197611808776855,0.6812981367111206,cli,28.5617618560791
jabref\src\main\java\org\jabref\logic\importer\util\MetaDataParser.java,1.29556143283844,15.800501823425293,2.725310802459717,gui,15.800501823425293
jabref\src\main\java\org\jabref\logic\util\io\XMLUtil.java,1.4254706911742687E-4,10.671927452087402,3.0311622619628906,gui,10.671927452087402
jabref\src\main\java\org\jabref\gui\importer\GrobidOptInDialogHelper.java,0.6336860656738281,66.5077133178711,105.50042724609375,preferences,105.50042724609375
jabref\src\main\java\org\jabref\gui\sidepane\SidePaneViewModel.java,1.1586748587433249E-4,65.36016845703125,35.0,gui,65.36016845703125
jabref\src\main\java\org\jabref\logic\exporter\ExporterFactory.java,0.5366778373718262,2.390315532684326,35.441776275634766,preferences,35.441776275634766
jabref\src\test\java\org\jabref\logic\pdf\search\retrieval\PdfSearcherTest.java,1.2783003330696374E-4,2.0126452445983887,0.0,gui,2.0126452445983887
jabref\src\main\java\org\jabref\model\openoffice\rangesort\RangeOverlap.java,0.6815395951271057,1.9214460849761963,0.0,gui,1.9214460849761963
jabref\src\main\java\org\jabref\logic\citationstyle\CitationStylePreviewLayout.java,1.6707158647477627E-4,1.5628035068511963,0.0,gui,1.5628035068511963
jabref\src\main\java\org\jabref\model\openoffice\style\CompareCitedKey.java,1.6214861534535885E-4,11.056480407714844,0.0,gui,11.056480407714844
jabref\src\main\java\org\jabref\logic\openoffice\backend\Backend52.java,22.46780776977539,10.706467628479004,1.4724323749542236,cli,22.46780776977539
jabref\src\main\java\org\jabref\preferences\PreferencesFilter.java,1.4254706911742687E-4,9.138153076171875,104.21916198730469,preferences,104.21916198730469
jabref\src\test\java\org\jabref\logic\journals\JournalAbbreviationRepositoryTest.java,5.751804351806641,25.121421813964844,0.3297784626483917,gui,25.121421813964844
jabref\src\main\java\org\jabref\logic\importer\fetcher\isbntobibtex\OpenLibraryIsbnFetcher.java,14.97344970703125,13.426961898803711,1.0,cli,14.97344970703125
jabref\src\test\java\org\jabref\migrations\ConvertMarkingToGroupsTest.java,1.6321736620739102E-4,0.5011430978775024,0.0,gui,0.5011430978775024
jabref\src\test\java\org\jabref\logic\integrity\PersonNamesCheckerTest.java,1.7451448366045952E-4,1.8972073793411255,0.0,gui,1.8972073793411255
jabref\src\main\java\org\jabref\model\search\rules\SearchRules.java,1.6539770876988769E-4,1.8380260467529297,0.0,gui,1.8380260467529297
jabref\src\main\java\org\jabref\gui\collab\DatabaseChangeMonitor.java,1.6510450839996338,61.916568756103516,35.0,gui,61.916568756103516
jabref\src\main\java\org\jabref\logic\xmp\XmpUtilWriter.java,1.3745087385177612,9.171485900878906,0.38244783878326416,gui,9.171485900878906
jabref\src\test\java\org\jabref\logic\bibtex\comparator\BibStringDiffTest.java,1.2037337728543207E-4,3.6873531341552734,0.0,gui,3.6873531341552734
jabref\src\main\java\org\jabref\logic\shared\DatabaseLocation.java,1.778723089955747E-4,1.5991872549057007,0.0,gui,1.5991872549057007
jabref\src\main\java\org\jabref\gui\libraryproperties\saving\SavingPropertiesView.java,1.0152455568313599,62.883506774902344,35.0,gui,62.883506774902344
jabref\src\test\java\org\jabref\logic\bibtex\comparator\GroupDiffTest.java,27.234935760498047,12.409207344055176,0.0,cli,27.234935760498047
jabref\src\main\java\org\jabref\gui\desktop\JabRefDesktop.java,52.27255630493164,70.06428527832031,67.62818145751953,gui,70.06428527832031
jabref\src\main\java\org\jabref\logic\layout\StringInt.java,1.747344940667972E-4,1.5886170864105225,0.0,gui,1.5886170864105225
jabref\src\main\java\org\jabref\gui\documentviewer\DocumentPageViewModel.java,1.7660376033745706E-4,65.23873901367188,0.0,gui,65.23873901367188
jabref\src\main\java\org\jabref\gui\util\FileFilterConverter.java,1.115261435508728,57.34900665283203,0.0,gui,57.34900665283203
jabref\src\test\java\org\jabref\model\search\rules\GrammarBasedSearchRuleTest.java,1.2524391058832407E-4,1.9430006742477417,0.0,gui,1.9430006742477417
jabref\src\main\java\org\jabref\logic\shared\DBMSProcessor.java,5.762594810221344E-5,12.710567474365234,0.4675867259502411,gui,12.710567474365234
jabref\src\main\java\org\jabref\gui\util\BindingsHelper.java,8.666915528010577E-5,50.67426300048828,0.0,gui,50.67426300048828
jabref\buildSrc\src\copied\java\org\jabref\logic\journals\JournalAbbreviationPreferences.java,1.6935683379415423E-4,1.5705018043518066,0.0,gui,1.5705018043518066
jabref\src\test\java\org\jabref\logic\layout\format\FirstPageTest.java,1.6763710300438106E-4,1.9932525157928467,0.0,gui,1.9932525157928467
jabref\src\main\java\org\jabref\logic\layout\format\CreateDocBook5Editors.java,1.6993794997688383E-4,1.57245934009552,0.0,gui,1.57245934009552
jabref\src\main\java\org\jabref\gui\util\CustomRatingSkin.java,1.7442679381929338E-4,64.86599731445312,0.0,gui,64.86599731445312
jabref\src\main\java\org\jabref\gui\preferences\keybindings\presets\NewEntryBindingPreset.java,0.42512330412864685,63.5161247253418,91.62516021728516,preferences,91.62516021728516
jabref\src\main\java\org\jabref\gui\edit\ReplaceStringView.java,1.1156373023986816,61.883506774902344,0.0,gui,61.883506774902344
jabref\src\main\java\org\jabref\gui\util\component\TemporalAccessorPicker.java,1.362715265713632E-4,67.40990447998047,0.5498274564743042,gui,67.40990447998047
jabref\src\main\java\org\jabref\model\entry\field\FieldFactory.java,1.2650854587554932,11.018587112426758,0.6039732694625854,gui,11.018587112426758
jabref\src\main\java\org\jabref\model\openoffice\rangesort\RangeSortVisual.java,1.362715265713632E-4,9.71039867401123,0.0,gui,9.71039867401123
jabref\src\test\java\org\jabref\gui\mergeentries\FieldRowViewModelTest.java,9.181050700135529E-5,54.89699172973633,0.6487327814102173,gui,54.89699172973633
jabref\src\main\java\org\jabref\gui\actions\StandardActions.java,64.41121673583984,56.88888168334961,53.077476501464844,cli,64.41121673583984
jabref\src\main\java\org\jabref\logic\importer\fetcher\CollectionOfComputerScienceBibliographiesFetcher.java,1.4764662773814052E-4,1.4973679780960083,0.0,gui,1.4973679780960083
jabref\src\main\java\org\jabref\gui\specialfields\SpecialFieldAction.java,0.8772921562194824,58.664207458496094,36.31520462036133,gui,58.664207458496094
jabref\src\main\java\org\jabref\logic\importer\fetcher\IacrEprintFetcher.java,23.265323638916016,9.655155181884766,0.0,cli,23.265323638916016
jabref\src\main\java\org\jabref\model\groups\WordKeywordGroup.java,1.1586748587433249E-4,8.307920455932617,0.5272083282470703,gui,8.307920455932617
jabref\src\main\java\org\jabref\model\openoffice\style\CitationPath.java,1.7442679381929338E-4,1.9383641481399536,0.0,gui,1.9383641481399536
jabref\src\main\java\org\jabref\gui\util\component\Tag.java,0.4650941491127014,73.23226928710938,0.4304707944393158,gui,73.23226928710938
jabref\src\main\java\org\jabref\model\database\KeyCollisionException.java,1.7230285448022187E-4,1.9147613048553467,0.0,gui,1.9147613048553467
jabref\src\main\java\org\jabref\gui\texparser\ParseLatexDialogView.java,0.89681476354599,60.78367233276367,35.0,gui,60.78367233276367
jabref\src\test\java\org\jabref\gui\util\ColorUtilTest.java,1.5312459436245263E-4,61.735252380371094,0.0,gui,61.735252380371094
jabref\src\main\java\org\jabref\gui\auximport\AuxParserResultViewModel.java,1.0932018756866455,69.11427307128906,0.0,gui,69.11427307128906
jabref\src\test\java\org\jabref\logic\texparser\TexBibEntriesResolverTest.java,1.0416946315672249E-4,4.102137565612793,0.23054268956184387,gui,4.102137565612793
jabref\src\main\java\org\jabref\logic\l10n\LocalizationLocator.java,1.7628943896852434E-4,1.5938551425933838,0.0,gui,1.5938551425933838
jabref\src\main\java\org\jabref\cli\ArgumentProcessor.java,160.9765167236328,25.934492111206055,77.56044006347656,cli,160.9765167236328
jabref\src\main\java\org\jabref\logic\preferences\OwnerPreferences.java,1.6539770876988769E-4,4.918483734130859,97.51233673095703,preferences,97.51233673095703
jabref\src\main\java\org\jabref\cli\Launcher.java,105.44049072265625,14.159158706665039,108.32707977294922,preferences,108.32707977294922
jabref\src\test\java\org\jabref\logic\exporter\XmpPdfExporterTest.java,1.5338923931121826,8.574370384216309,0.0,gui,8.574370384216309
jabref\src\main\java\org\jabref\preferences\AppearancePreferences.java,1.6321736620739102E-4,13.811887741088867,96.6904525756836,preferences,96.6904525756836
jabref\src\main\java\org\jabref\model\util\MultiKeyMap.java,1.5902469749562442E-4,12.09358024597168,0.0,gui,12.09358024597168
jabref\src\main\java\org\jabref\logic\importer\QueryParser.java,1.6539770876988769E-4,2.0113635063171387,0.4541987180709839,gui,2.0113635063171387
jabref\src\main\java\org\jabref\gui\importer\ImportAction.java,0.9147480130195618,67.47390747070312,35.665767669677734,gui,67.47390747070312
jabref\src\test\java\org\jabref\logic\importer\fetcher\GrobidCitationFetcherTest.java,9.760029206518084E-5,7.608014106750488,0.0,gui,7.608014106750488
jabref\src\test\java\org\jabref\logic\TypedBibEntryTest.java,1.4764662773814052E-4,2.0623159408569336,0.0,gui,2.0623159408569336
jabref\src\test\java\org\jabref\model\entry\CrossrefTest.java,0.5057703852653503,3.510862350463867,24.874919891357422,preferences,24.874919891357422
jabref\src\test\java\org\jabref\logic\importer\fetcher\ScienceDirectTest.java,49.10224533081055,11.941434860229492,0.0,cli,49.10224533081055
jabref\src\main\java\org\jabref\gui\util\ValueTableCellFactory.java,16.37129020690918,57.0241584777832,0.0,gui,57.0241584777832
jabref\src\test\java\org\jabref\logic\importer\fetcher\CollectionOfComputerScienceBibliographiesFetcherTest.java,13.543411254882812,19.465343475341797,2.561923027038574,gui,19.465343475341797
jabref\src\main\java\org\jabref\gui\util\uithreadaware\UiThreadListChangeListener.java,1.6877969028428197E-4,63.899078369140625,0.0,gui,63.899078369140625
jabref\src\main\java\org\jabref\logic\layout\format\Number.java,1.747344940667972E-4,1.5886170864105225,0.0,gui,1.5886170864105225
jabref\src\main\java\org\jabref\gui\groups\GroupViewMode.java,1.778723089955747E-4,65.45594787597656,0.0,gui,65.45594787597656
jabref\src\test\java\org\jabref\logic\importer\WebFetchersTest.java,3.2551779747009277,2.6253933906555176,0.6244101524353027,cli,3.2551779747009277
jabref\src\test\java\org\jabref\testutils\category\FetcherTest.java,1.747344940667972E-4,0.4596318006515503,0.0,gui,0.4596318006515503
jabref\src\main\java\org\jabref\gui\fieldeditors\SimpleEditor.java,1.550420420244336E-4,64.45425415039062,101.7586669921875,preferences,101.7586669921875
jabref\src\main\java\org\jabref\logic\importer\fetcher\BvbFetcher.java,1.6214861534535885E-4,2.835242986679077,0.0,gui,2.835242986679077
jabref\src\main\java\org\jabref\logic\formatter\casechanger\TitleCaseFormatter.java,23.316980361938477,18.311628341674805,0.6654401421546936,cli,23.316980361938477
jabref\src\test\java\org\jabref\logic\l10n\LocalizationKeyParamsTest.java,51.685546875,3.7156178951263428,0.0,cli,51.685546875
jabref\src\main\java\org\jabref\logic\importer\util\MediaTypes.java,1.747344940667972E-4,1.5886170864105225,0.0,gui,1.5886170864105225
jabref\src\test\java\org\jabref\logic\integrity\ISBNCheckerTest.java,0.5504806637763977,3.2375950813293457,0.0,gui,3.2375950813293457
jabref\src\main\java\org\jabref\logic\importer\fetcher\OpenAccessDoi.java,1.6528813284821808E-4,21.0207462310791,0.0,gui,21.0207462310791
jabref\src\main\java\org\jabref\logic\openoffice\action\EditInsert.java,32.90928268432617,10.760272979736328,2.5176548957824707,cli,32.90928268432617
jabref\src\main\java\org\jabref\logic\openoffice\NoDocumentFoundException.java,1.756641431711614E-4,1.591748833656311,0.0,gui,1.591748833656311
jabref\src\test\java\org\jabref\logic\importer\ImportFormatReaderIntegrationTest.java,0.639260470867157,1.7688536643981934,0.5569824576377869,gui,1.7688536643981934
jabref\src\main\java\org\jabref\logic\protectedterms\ProtectedTermsList.java,1.442073262296617E-4,1.823073387145996,0.0,gui,1.823073387145996
jabref\src\test\java\org\jabref\logic\integrity\MonthCheckerTest.java,21.91324806213379,2.1069655418395996,0.0,cli,21.91324806213379
jabref\src\main\java\org\jabref\logic\shared\exception\OfflineLockException.java,1.7052306793630123E-4,1.5744303464889526,0.0,gui,1.5744303464889526
jabref\src\main\java\org\jabref\gui\fieldeditors\MonthEditorViewModel.java,1.6109376156236976E-4,64.0924301147461,0.0,gui,64.0924301147461
jabref\src\main\java\org\jabref\gui\DragAndDropHelper.java,0.49072709679603577,63.320003509521484,0.0,gui,63.320003509521484
jabref\src\test\java\org\jabref\gui\groups\GroupNodeViewModelTest.java,8.666915528010577E-5,58.08254623413086,35.0,gui,58.08254623413086
jabref\src\main\java\org\jabref\logic\journals\AbbreviationFormat.java,1.7320674669463187E-4,1.5834707021713257,0.0,gui,1.5834707021713257
jabref\src\test\java\org\jabref\logic\xmp\XmpUtilWriterTest.java,1.7239367961883545,10.905008316040039,0.0,gui,10.905008316040039
jabref\src\test\java\org\jabref\gui\autocompleter\ContentSelectorSuggestionProviderTest.java,1.2276034976821393E-4,58.272640228271484,0.0,gui,58.272640228271484
jabref\src\test\java\org\jabref\logic\importer\BibDatabaseFilesTest.java,1.7543691501487046E-4,2.0848817825317383,0.7293499112129211,gui,2.0848817825317383
jabref\src\main\java\org\jabref\model\openoffice\backend\NamedRange.java,1.6820644668769091E-4,1.8692389726638794,0.0,gui,1.8692389726638794
jabref\src\main\java\org\jabref\logic\bibtex\comparator\GroupDiff.java,1.6539770876988769E-4,1.5571649074554443,0.0,gui,1.5571649074554443
jabref\src\main\java\org\jabref\cli\JabRefCLI.java,164.66812133789062,61.609886169433594,73.384765625,cli,164.66812133789062
jabref\src\test\java\org\jabref\logic\cleanup\RenamePdfCleanupTest.java,0.6360865831375122,3.368539571762085,0.4658665657043457,gui,3.368539571762085
jabref\src\main\java\org\jabref\gui\search\GlobalSearchBar.java,44.46124267578125,58.70732879638672,36.0,gui,58.70732879638672
jabref\src\main\java\org\jabref\gui\collab\DatabaseChangeListener.java,1.7723576456774026E-4,65.34695434570312,0.0,gui,65.34695434570312
jabref\src\test\java\org\jabref\logic\layout\format\RTFCharsTest.java,6.9037299156188965,2.0046050548553467,0.6873944997787476,cli,6.9037299156188965
jabref\src\main\java\org\jabref\logic\cleanup\FieldFormatterCleanup.java,1.3933866284787655E-4,2.1366920471191406,0.34706705808639526,gui,2.1366920471191406
jabref\src\main\java\org\jabref\model\openoffice\uno\UnoProperties.java,1.4764662773814052E-4,8.490942001342773,0.0,gui,8.490942001342773
jabref\src\test\java\org\jabref\gui\util\ControlHelperTest.java,1.550420420244336E-4,62.1113395690918,0.0,gui,62.1113395690918
jabref\src\main\java\org\jabref\logic\util\UpdateField.java,1.3333647802937776E-4,9.659854888916016,0.0,gui,9.659854888916016
jabref\src\main\java\org\jabref\gui\autocompleter\AutoCompletionStrategy.java,1.7755346198100597E-4,65.40135192871094,0.0,gui,65.40135192871094
jabref\src\test\java\org\jabref\logic\formatter\casechanger\LowerCaseFormatterTest.java,1.6321736620739102E-4,5.631080627441406,1.629356861114502,gui,5.631080627441406
jabref\src\main\java\org\jabref\model\openoffice\style\ComparableCitedKey.java,1.7660376033745706E-4,1.96255624294281,0.0,gui,1.96255624294281
jabref\src\main\java\org\jabref\gui\preferences\nameformatter\NameFormatterTab.java,0.46923622488975525,61.0018424987793,83.86489868164062,preferences,83.86489868164062
jabref\src\test\java\org\jabref\logic\importer\fetcher\PagedSearchFetcherTest.java,1.6877969028428197E-4,2.0867791175842285,0.0,gui,2.0867791175842285
jabref\src\main\java\org\jabref\logic\layout\format\ToUpperCase.java,1.747344940667972E-4,1.5886170864105225,0.0,gui,1.5886170864105225
jabref\src\main\java\org\jabref\logic\formatter\casechanger\UnprotectTermsFormatter.java,25.006980895996094,1.5391589403152466,0.0,cli,25.006980895996094
jabref\src\main\java\org\jabref\gui\help\SearchForUpdateAction.java,1.7023000691551715E-4,65.14740753173828,0.0,gui,65.14740753173828
jabref\src\main\java\org\jabref\model\entry\EntryLinkList.java,0.8978176116943359,1.850385308265686,0.0,gui,1.850385308265686
jabref\src\main\java\org\jabref\logic\shared\DBMSConnectionProperties.java,1.2037337728543207E-4,16.293325424194336,2.8236193656921387,gui,16.293325424194336
jabref\src\main\java\org\jabref\model\entry\field\InternalField.java,29.65250015258789,2.162182331085205,0.41738784313201904,cli,29.65250015258789
jabref\src\test\java\org\jabref\logic\importer\util\JsonReaderTest.java,1.6214861534535885E-4,2.140545606613159,0.0,gui,2.140545606613159
jabref\src\main\java\org\jabref\model\entry\BibEntryType.java,1.2783003330696374E-4,3.8047990798950195,0.6307833790779114,gui,3.8047990798950195
jabref\src\main\java\org\jabref\logic\TypedBibEntry.java,1.6321736620739102E-4,10.916096687316895,0.0,gui,10.916096687316895
jabref\src\test\java\org\jabref\logic\formatter\bibtexfields\RemoveNewlinesFormatterTest.java,1.000161051750183,2.1279077529907227,0.0,gui,2.1279077529907227
jabref\src\main\java\org\jabref\preferences\ExternalApplicationsPreferences.java,1.5125398931559175E-4,14.029319763183594,92.25382232666016,preferences,92.25382232666016
jabref\src\main\java\org\jabref\gui\fieldeditors\FieldEditorFX.java,1.7260308959521353E-4,64.5537338256836,0.0,gui,64.5537338256836
jabref\src\main\java\org\jabref\gui\journals\AbbreviateAction.java,0.9393977522850037,65.45429229736328,1.2808282375335693,gui,65.45429229736328
jabref\src\main\java\org\jabref\gui\importer\actions\MergeReviewIntoCommentAction.java,1.6707158647477627E-4,63.60660934448242,1.0,gui,63.60660934448242
jabref\src\main\java\org\jabref\logic\layout\format\CompositeFormat.java,1.6763710300438106E-4,3.5001888275146484,0.0,gui,3.5001888275146484
jabref\src\main\java\org\jabref\logic\shared\exception\NotASharedDatabaseException.java,1.756641431711614E-4,1.591748833656311,0.0,gui,1.591748833656311
jabref\src\main\java\org\jabref\model\study\QueryResult.java,1.7381462384946644E-4,1.9315613508224487,0.0,gui,1.9315613508224487
jabref\src\main\java\org\jabref\model\entry\identifier\ARK.java,1.6877969028428197E-4,2.285191535949707,0.0,gui,2.285191535949707
jabref\src\main\java\org\jabref\gui\icon\JabRefIkonHandler.java,1.6935683379415423E-4,63.99789810180664,0.0,gui,63.99789810180664
jabref\src\main\java\org\jabref\logic\util\io\AutoLinkPreferences.java,1.550420420244336E-4,2.0873777866363525,0.5650973320007324,gui,2.0873777866363525
jabref\src\main\java\org\jabref\model\entry\types\BiblatexEntryTypeDefinitions.java,3.5499117374420166,11.067455291748047,14.083744049072266,preferences,14.083744049072266
jabref\src\test\java\org\jabref\logic\search\SearchQueryTest.java,7.793997065164149E-5,1.8433966636657715,0.0,gui,1.8433966636657715
jabref\src\main\java\org\jabref\logic\openoffice\frontend\RangeForOverlapCheck.java,0.6687372326850891,1.5628035068511963,0.0,gui,1.5628035068511963
jabref\src\main\java\org\jabref\gui\entryeditor\SourceTab.java,14.470954895019531,66.4415054321289,2.222346782684326,gui,66.4415054321289
jabref\src\main\java\org\jabref\gui\collab\DatabaseChangeDetailsView.java,1.747344940667972E-4,64.91868591308594,0.0,gui,64.91868591308594
jabref\src\main\java\org\jabref\logic\formatter\bibtexfields\NormalizeEnDashesFormatter.java,0.602652907371521,1.5647085905075073,0.0,gui,1.5647085905075073
jabref\src\main\java\org\jabref\gui\documentviewer\DocumentViewerViewModel.java,0.5640693306922913,70.41188049316406,35.580711364746094,gui,70.41188049316406
jabref\src\main\java\org\jabref\gui\fieldeditors\contextmenu\EditorMenus.java,1.1263489723205566,69.17300415039062,0.0,gui,69.17300415039062
jabref\src\main\java\org\jabref\model\openoffice\rangesort\RangeSort.java,0.4094827473163605,8.490942001342773,0.0,gui,8.490942001342773
jabref\src\main\java\org\jabref\logic\util\strings\HTMLUnicodeConversionMaps.java,36.64944076538086,49.849727630615234,1.2458007335662842,gui,49.849727630615234
jabref\src\main\java\org\jabref\logic\formatter\bibtexfields\NormalizeDateFormatter.java,0.5965947508811951,1.5590318441390991,0.0,gui,1.5590318441390991
jabref\src\main\java\org\jabref\gui\backup\BackupResolverDialog.java,36.271488189697266,65.91210174560547,1.3566511869430542,gui,65.91210174560547
jabref\src\main\java\org\jabref\logic\importer\fetcher\transformers\AbstractQueryTransformer.java,1.2037337728543207E-4,8.275752067565918,0.0,gui,8.275752067565918
jabref\src\main\java\org\jabref\gui\bibtexextractor\ExtractBibtexAction.java,0.5046331882476807,64.8009262084961,36.0,gui,64.8009262084961
jabref\src\main\java\org\jabref\gui\help\ErrorConsoleAction.java,1.7504328570794314E-4,64.9715576171875,0.0,gui,64.9715576171875
jabref\src\main\java\org\jabref\gui\preferences\external\ExternalTab.java,1.002194881439209,61.348487854003906,87.1644058227539,preferences,87.1644058227539
jabref\src\main\java\org\jabref\logic\exporter\MetaDataSerializer.java,1.7488712072372437,13.288005828857422,2.389817714691162,gui,13.288005828857422
jabref\src\main\java\org\jabref\logic\layout\format\AuthorFirstFirstCommas.java,1.7535316874273121E-4,1.5907012224197388,0.0,gui,1.5907012224197388
jabref\src\test\java\org\jabref\gui\util\FileDialogConfigurationTest.java,0.39495226740837097,60.2618408203125,0.0,gui,60.2618408203125
jabref\src\main\java\org\jabref\gui\mergeentries\newmergedialog\cell\FieldNameCell.java,31.727500915527344,64.65165710449219,0.0,gui,64.65165710449219
jabref\src\main\java\org\jabref\model\entry\field\AMSField.java,1.550420420244336E-4,2.132044792175293,0.40909889340400696,gui,2.132044792175293
jabref\src\main\java\org\jabref\gui\keyboard\KeyBindingCategory.java,1.3033560514450073,63.60660934448242,0.0,gui,63.60660934448242
jabref\src\main\java\org\jabref\logic\layout\format\MarkdownFormatter.java,1.6430030518677086E-4,1.553468108177185,0.0,gui,1.553468108177185
jabref\src\main\java\org\jabref\logic\l10n\Language.java,1.3933866284787655E-4,1.7896249294281006,1.439375877380371,gui,1.7896249294281006
jabref\src\test\java\org\jabref\logic\l10n\LocalizationEntry.java,4.730277061462402,2.310420036315918,0.0,cli,4.730277061462402
jabref\src\main\java\org\jabref\gui\maintable\MainTable.java,36.322086334228516,64.61248779296875,35.544273376464844,gui,64.61248779296875
jabref\src\main\java\org\jabref\logic\importer\fetcher\INSPIREFetcher.java,1.4254706911742687E-4,22.80360984802246,88.36553955078125,preferences,88.36553955078125
jabref\src\main\java\org\jabref\gui\openoffice\StyleSelectItemViewModel.java,0.6662343144416809,63.871612548828125,0.4567162096500397,gui,63.871612548828125
jabref\src\test\java\org\jabref\gui\libraryproperties\contentselectors\ContentSelectorViewModelTest.java,0.6271209716796875,57.35129165649414,0.5783376693725586,gui,57.35129165649414
jabref\src\main\java\org\jabref\logic\xmp\DocumentInformationExtractor.java,1.494285388616845E-4,1.5033705234527588,0.9124122262001038,gui,1.5033705234527588
jabref\src\main\java\org\jabref\logic\l10n\LocalizationKey.java,1.6763710300438106E-4,1.5647085905075073,0.0,gui,1.5647085905075073
jabref\src\main\java\org\jabref\gui\preferences\appearance\AppearanceTabViewModel.java,1.1356709003448486,60.459564208984375,100.8477783203125,preferences,100.8477783203125
jabref\src\test\java\org\jabref\logic\importer\fetcher\CompositeIdFetcherTest.java,26.390274047851562,13.295465469360352,2.541205406188965,cli,26.390274047851562
jabref\src\main\java\org\jabref\logic\cleanup\TimeStampToCreationDate.java,1.442073262296617E-4,11.884364128112793,0.0,gui,11.884364128112793
jabref\src\test\java\org\jabref\logic\formatter\bibtexfields\AddBracesFormatterTest.java,1.5125398931559175E-4,2.132789134979248,0.0,gui,2.132789134979248
jabref\src\test\java\org\jabref\logic\layout\format\LastPageTest.java,1.6707158647477627E-4,1.9889456033706665,0.0,gui,1.9889456033706665
jabref\src\main\java\org\jabref\logic\bibtex\comparator\BibDatabaseDiff.java,1.2524391058832407E-4,14.09411907196045,1.6990807056427002,gui,14.09411907196045
jabref\src\main\java\org\jabref\model\entry\BibtexString.java,0.5939826965332031,12.221747398376465,0.0,gui,12.221747398376465
jabref\src\main\java\org\jabref\model\openoffice\uno\UnoBookmark.java,1.5312459436245263E-4,11.327984809875488,0.0,gui,11.327984809875488
jabref\src\main\java\org\jabref\gui\undo\UndoableChangeType.java,0.6218675374984741,62.22879409790039,0.0,gui,62.22879409790039
jabref\src\test\java\org\jabref\logic\search\DatabaseSearcherTest.java,1.1586748587433249E-4,1.9517881870269775,0.0,gui,1.9517881870269775
jabref\src\main\java\org\jabref\gui\JabRefFrame.java,50.43746566772461,54.69371032714844,45.16148376464844,gui,54.69371032714844
jabref\src\main\java\org\jabref\model\entry\BibEntryTypeBuilder.java,1.362715265713632E-4,3.6375250816345215,0.5498274564743042,gui,3.6375250816345215
jabref\src\test\java\org\jabref\logic\importer\QueryParserTest.java,1.3333647802937776E-4,12.648870468139648,0.0,gui,12.648870468139648
jabref\src\main\java\org\jabref\gui\collab\stringdelete\BibTexStringDelete.java,0.48014217615127563,62.946678161621094,0.0,gui,62.946678161621094
jabref\src\main\java\org\jabref\gui\externalfiles\ChainedFilters.java,1.6877969028428197E-4,63.899078369140625,0.0,gui,63.899078369140625
jabref\src\main\java\org\jabref\gui\errorconsole\LogEventViewModel.java,1.6321736620739102E-4,63.09663772583008,0.0,gui,63.09663772583008
jabref\src\main\java\org\jabref\gui\entryeditor\fileannotationtab\FileAnnotationTabViewModel.java,1.002194881439209,67.1578369140625,0.34706705808639526,gui,67.1578369140625
jabref\src\test\java\org\jabref\logic\importer\fileformat\ModsImporterFilesTest.java,1.6430030518677086E-4,1.9679934978485107,0.0,gui,1.9679934978485107
jabref\src\test\java\org\jabref\logic\importer\fetcher\transformers\YearAndYearRangeByFilteringQueryTransformerTest.java,1.665098825469613E-4,1.9846782684326172,0.0,gui,1.9846782684326172
jabref\src\test\java\org\jabref\logic\autosaveandbackup\BackupManagerTest.java,1.1586748587433249E-4,2.27431058883667,1.0516752004623413,gui,2.27431058883667
jabref\src\main\java\org\jabref\preferences\ImportExportPreferences.java,1.4764662773814052E-4,13.892094612121582,90.89789581298828,preferences,90.89789581298828
jabref\src\main\java\org\jabref\gui\importer\ImportCustomEntryTypesDialog.java,0.9837279915809631,63.858123779296875,35.0,gui,63.858123779296875
jabref\src\main\java\org\jabref\logic\layout\format\CurrentDate.java,1.720036379992962E-4,2.6619906425476074,0.0,gui,2.6619906425476074
jabref\src\main\java\org\jabref\model\entry\identifier\ISSN.java,0.4509607255458832,1.7447946071624756,0.0,gui,1.7447946071624756
jabref\src\main\java\org\jabref\logic\bst\BstPreviewLayout.java,1.4918262958526611,1.4857821464538574,0.7960433959960938,cli,1.4918262958526611
jabref\src\main\java\org\jabref\logic\JabRefException.java,1.6595193301327527E-4,1.9804500341415405,0.0,gui,1.9804500341415405
jabref\src\main\java\org\jabref\logic\importer\fileformat\PicaXmlParser.java,7.793997065164149E-5,1.9639906883239746,0.0,gui,1.9639906883239746
jabref\src\main\java\org\jabref\logic\importer\fetcher\TitleFetcher.java,1.6214861534535885E-4,22.759435653686523,103.4847640991211,preferences,103.4847640991211
jabref\src\main\java\org\jabref\gui\externalfiles\ImportHandler.java,47.02254104614258,69.61459350585938,35.301475524902344,gui,69.61459350585938
jabref\src\main\java\org\jabref\gui\copyfiles\CopyFilesDialogViewModel.java,1.7290438700001687E-4,64.6053237915039,0.0,gui,64.6053237915039
jabref\src\main\java\org\jabref\gui\util\ViewModelTableRowFactory.java,21.093111038208008,54.1234130859375,0.0,gui,54.1234130859375
jabref\src\test\java\org\jabref\logic\importer\fetcher\MedraTest.java,1.2276034976821393E-4,16.084880828857422,0.0,gui,16.084880828857422
jabref\src\main\java\org\jabref\logic\importer\fetcher\GrobidCitationFetcher.java,1.4764662773814052E-4,2.106576442718506,0.0,gui,2.106576442718506
jabref\src\main\java\org\jabref\model\openoffice\rangesort\RangeSortable.java,1.756641431711614E-4,1.9521147012710571,0.0,gui,1.9521147012710571
jabref\src\main\java\org\jabref\logic\integrity\ISSNChecker.java,0.602652907371521,1.5647085905075073,0.0,gui,1.5647085905075073
jabref\src\main\java\org\jabref\model\pdf\search\SearchFieldConstants.java,1.7230285448022187E-4,1.9147613048553467,0.0,gui,1.9147613048553467
jabref\src\main\java\org\jabref\gui\specialfields\SpecialFieldMenuItemFactory.java,3.537200689315796,69.31024169921875,35.0,gui,69.31024169921875
jabref\src\test\java\org\jabref\logic\pdf\PdfAnnotationImporterTest.java,0.2384316772222519,2.2830395698547363,0.0,gui,2.2830395698547363
jabref\src\test\java\org\jabref\logic\layout\format\ToUpperCaseTest.java,1.6539770876988769E-4,1.9762601852416992,0.0,gui,1.9762601852416992
jabref\src\main\java\org\jabref\model\texparser\LatexBibEntriesResolverResult.java,1.5902469749562442E-4,2.586318016052246,0.4260196387767792,gui,2.586318016052246
jabref\src\main\java\org\jabref\preferences\BibEntryPreferences.java,1.7290438700001687E-4,11.730429649353027,100.21971130371094,preferences,100.21971130371094
jabref\src\main\java\org\jabref\gui\externalfiletype\ExternalFileType.java,1.7290438700001687E-4,64.6053237915039,0.0,gui,64.6053237915039
jabref\src\main\java\org\jabref\gui\desktop\os\OSX.java,0.5941925644874573,74.06875610351562,4.9239959716796875,gui,74.06875610351562
jabref\src\test\java\org\jabref\logic\layout\format\WrapContentTest.java,1.570081221871078E-4,1.9140326976776123,1.4849052429199219,gui,1.9140326976776123
jabref\src\main\java\org\jabref\gui\util\DirectoryDialogConfiguration.java,1.6595193301327527E-4,63.41489791870117,0.0,gui,63.41489791870117
jabref\src\main\java\org\jabref\logic\importer\fetcher\Medra.java,17.889698028564453,14.562906265258789,0.0,cli,17.889698028564453
jabref\src\test\java\org\jabref\architecture\MainArchitectureTest.java,142.14369201660156,88.41471862792969,97.70568084716797,cli,142.14369201660156
jabref\src\main\java\org\jabref\migrations\PreferencesMigrations.java,12.437699317932129,16.94805335998535,119.23670959472656,preferences,119.23670959472656
jabref\src\main\java\org\jabref\logic\journals\JournalAbbreviationRepository.java,0.43274053931236267,11.964764595031738,0.28082817792892456,gui,11.964764595031738
jabref\src\test\java\org\jabref\gui\util\RecursiveTreeItemTest.java,1.5312459436245263E-4,71.89691162109375,0.0,gui,71.89691162109375
jabref\src\test\java\org\jabref\logic\layout\format\AuthorLastFirstAbbrOxfordCommasTest.java,1.570081221871078E-4,3.661118507385254,0.0,gui,3.661118507385254
jabref\src\main\java\org\jabref\gui\collab\stringadd\BibTexStringAdd.java,0.48537689447402954,63.132102966308594,0.0,gui,63.132102966308594
jabref\src\main\java\org\jabref\logic\openoffice\action\EditMerge.java,9.760029206518084E-5,9.20781135559082,0.3510207533836365,gui,9.20781135559082
jabref\src\main\java\org\jabref\logic\layout\format\AuthorFirstAbbrLastCommas.java,1.756641431711614E-4,1.591748833656311,0.0,gui,1.591748833656311
jabref\src\test\java\org\jabref\model\entry\BibtexStringTest.java,0.664474606513977,3.2667713165283203,0.9317331314086914,gui,3.2667713165283203
jabref\src\main\java\org\jabref\logic\importer\fetcher\BiodiversityLibrary.java,9.760029206518084E-5,7.09905481338501,1.0,gui,7.09905481338501
jabref\src\main\java\org\jabref\gui\documentviewer\PdfDocumentViewModel.java,1.6595193301327527E-4,71.7052001953125,0.4567162096500397,gui,71.7052001953125
jabref\src\main\java\org\jabref\gui\autocompleter\AutoCompletePreferences.java,1.5800996334291995E-4,72.48223114013672,0.5998605489730835,gui,72.48223114013672
jabref\src\main\java\org\jabref\logic\pdf\TextExtractor.java,1.3933866284787655E-4,12.498067855834961,0.7809008359909058,gui,12.498067855834961
jabref\src\main\java\org\jabref\logic\importer\OpenDatabase.java,1.6595193301327527E-4,3.143693208694458,0.0,gui,3.143693208694458
jabref\src\main\java\org\jabref\gui\edit\ManageKeywordsViewModel.java,0.3627701997756958,68.13963317871094,1.0,gui,68.13963317871094
jabref\src\main\java\org\jabref\gui\edit\automaticfiededitor\MoveFieldValueAction.java,1.550420420244336E-4,61.54686737060547,0.0,gui,61.54686737060547
jabref\src\main\java\org\jabref\logic\layout\format\ToLowerCase.java,1.747344940667972E-4,1.5886170864105225,0.0,gui,1.5886170864105225
jabref\src\test\java\org\jabref\logic\importer\fetcher\ApsFetcherTest.java,1.550420420244336E-4,12.264403343200684,0.0,gui,12.264403343200684
jabref\src\main\java\org\jabref\logic\openoffice\style\OOFormatBibliography.java,0.30343154072761536,10.136974334716797,0.0,gui,10.136974334716797
jabref\src\main\java\org\jabref\logic\openoffice\frontend\UpdateCitationMarkers.java,1.362715265713632E-4,7.217884540557861,0.0,gui,7.217884540557861
jabref\src\test\java\org\jabref\logic\importer\fileformat\IsiImporterTest.java,0.6418653726577759,11.003063201904297,0.15722477436065674,gui,11.003063201904297
jabref\src\main\java\org\jabref\gui\preferences\preview\PreviewTabViewModel.java,44.94943618774414,56.7310791015625,61.65031051635742,preferences,61.65031051635742
jabref\src\main\java\org\jabref\logic\integrity\TypeChecker.java,0.49619653820991516,1.8434226512908936,0.0,gui,1.8434226512908936
jabref\src\main\java\org\jabref\gui\fieldeditors\contextmenu\ProtectedTermsMenu.java,1.2093724012374878,58.85807800292969,0.0,gui,58.85807800292969
jabref\src\main\java\org\jabref\model\openoffice\rangesort\RangeSortEntry.java,1.6763710300438106E-4,1.8629119396209717,0.0,gui,1.8629119396209717
jabref\src\test\java\org\jabref\logic\importer\fetcher\DBLPFetcherTest.java,1.4254706911742687E-4,2.001434803009033,0.0,gui,2.001434803009033
jabref\src\main\java\org\jabref\gui\slr\StudyDatabaseItem.java,1.5902469749562442E-4,72.2273178100586,0.5291675329208374,gui,72.2273178100586
jabref\src\test\java\org\jabref\logic\importer\fetcher\MathSciNetTest.java,40.358917236328125,12.110557556152344,0.0,cli,40.358917236328125
jabref\src\main\java\org\jabref\logic\layout\AbstractParamLayoutFormatter.java,1.570081221871078E-4,1.5289033651351929,0.0,gui,1.5289033651351929
jabref\src\main\java\org\jabref\logic\openoffice\style\OOProcessAuthorYearMarkers.java,31.20587730407715,10.60152530670166,2.912210464477539,cli,31.20587730407715
jabref\src\test\java\org\jabref\gui\externalfiles\AutoSetFileLinksUtilTest.java,1.5312459436245263E-4,61.735252380371094,0.0,gui,61.735252380371094
jabref\src\main\java\org\jabref\logic\bst\util\BstWidthCalculator.java,9.181050700135529E-5,1.3092763423919678,0.5068060755729675,gui,1.3092763423919678
jabref\src\main\java\org\jabref\model\entry\event\FieldChangedEvent.java,1.5125398931559175E-4,1.6808502674102783,0.0,gui,1.6808502674102783
jabref\src\main\java\org\jabref\gui\sidepane\TogglePaneAction.java,1.6820644668769091E-4,63.800926208496094,0.0,gui,63.800926208496094
jabref\src\main\java\org\jabref\gui\groups\MoveGroupChange.java,1.7081713303923607E-4,64.24794006347656,0.0,gui,64.24794006347656
jabref\src\test\java\org\jabref\logic\layout\format\NameFormatterTest.java,0.6045211553573608,3.9096086025238037,0.0,gui,3.9096086025238037
jabref\src\main\java\org\jabref\logic\openoffice\style\OOProcessNumericMarkers.java,1.665098825469613E-4,1.5609114170074463,0.9191564321517944,gui,1.5609114170074463
jabref\src\test\java\org\jabref\logic\importer\fileformat\OvidImporterTest.java,0.5936133861541748,10.364571571350098,0.33716756105422974,gui,10.364571571350098
jabref\src\main\java\org\jabref\logic\importer\fileformat\RepecNepImporter.java,1.957748532295227,2.6833388805389404,0.0,gui,2.6833388805389404
jabref\src\test\java\org\jabref\logic\importer\fileformat\CitaviXmlImporterTest.java,1.6877969028428197E-4,2.0019874572753906,0.0,gui,2.0019874572753906
jabref\src\main\java\org\jabref\logic\util\StandardFileType.java,82.67679595947266,13.276958465576172,1.567419409751892,cli,82.67679595947266
jabref\src\test\java\org\jabref\migrations\ConvertLegacyExplicitGroupsTest.java,1.5125398931559175E-4,0.5397469401359558,0.0,gui,0.5397469401359558
jabref\src\test\java\org\jabref\logic\layout\format\HTMLParagraphsTest.java,1.5125398931559175E-4,1.8725807666778564,0.0,gui,1.8725807666778564
jabref\src\main\java\org\jabref\logic\importer\ImportCleanup.java,1.6993794997688383E-4,1.57245934009552,0.0,gui,1.57245934009552
jabref\src\main\java\org\jabref\logic\integrity\NoBibtexFieldChecker.java,31.30339241027832,9.104228973388672,0.5650973320007324,cli,31.30339241027832
jabref\src\test\java\org\jabref\logic\integrity\CitationKeyCheckerTest.java,0.41715648770332336,2.0579609870910645,0.0,gui,2.0579609870910645
jabref\src\main\java\org\jabref\model\groups\GroupTreeNode.java,1.0416946315672249E-4,8.318704605102539,0.0,gui,8.318704605102539
jabref\src\test\java\org\jabref\gui\importer\fetcher\WebSearchPaneViewModelTest.java,1.5312459436245263E-4,62.79202651977539,35.0,gui,62.79202651977539
jabref\src\test\java\org\jabref\logic\integrity\TypeCheckerTest.java,1.6430030518677086E-4,2.373617172241211,0.0,gui,2.373617172241211
jabref\src\main\java\org\jabref\gui\util\OpenHyperlinksInExternalBrowser.java,35.00015640258789,62.05504608154297,0.0,gui,62.05504608154297
jabref\src\main\java\org\jabref\logic\net\ssl\SSLCertificate.java,1.442073262296617E-4,1.4857821464538574,0.0,gui,1.4857821464538574
jabref\src\test\java\org\jabref\logic\importer\fileformat\CustomImporterTest.java,1.899092603707686E-4,3.483213186264038,0.0,gui,3.483213186264038
jabref\src\test\java\org\jabref\cli\ArgumentProcessorTest.java,115.76385498046875,20.134794235229492,35.9371223449707,cli,115.76385498046875
jabref\src\test\java\org\jabref\logic\bibtex\BibEntryWriterTest.java,1.474400520324707,7.4687066078186035,22.16617774963379,preferences,22.16617774963379
jabref\src\main\java\org\jabref\logic\importer\fileformat\MedlineImporter.java,0.0748620331287384,8.361114501953125,8.014728546142578,gui,8.361114501953125
jabref\src\main\java\org\jabref\logic\bibtex\InvalidFieldValueException.java,1.7691918765194714E-4,1.5959765911102295,0.0,gui,1.5959765911102295
jabref\src\main\java\org\jabref\logic\bst\BstVM.java,2.109255075454712,3.54484486579895,0.9121100902557373,gui,3.54484486579895
jabref\src\main\java\org\jabref\logic\integrity\NoteChecker.java,0.5046331882476807,1.9975996017456055,0.0,gui,1.9975996017456055
jabref\src\test\java\org\jabref\logic\pdf\EntryAnnotationImporterTest.java,0.47000423073768616,2.07879638671875,0.0,gui,2.07879638671875
jabref\src\main\java\org\jabref\logic\layout\format\Default.java,1.7381462384946644E-4,1.5855183601379395,0.0,gui,1.5855183601379395
jabref\src\test\java\org\jabref\logic\layout\format\EntryTypeFormatterTest.java,1.6820644668769091E-4,1.9975996017456055,0.0,gui,1.9975996017456055
jabref\src\test\java\org\jabref\logic\integrity\DoiValidityCheckerTest.java,1.494285388616845E-4,2.0711309909820557,0.6404961943626404,gui,2.0711309909820557
jabref\src\test\java\org\jabref\logic\formatter\bibtexfields\EscapeAmpersandsFormatterTest.java,1.6109376156236976E-4,2.1279077529907227,0.0,gui,2.1279077529907227
jabref\src\main\java\org\jabref\gui\edit\CopyMoreAction.java,38.11448287963867,59.41279220581055,36.568416595458984,gui,59.41279220581055
jabref\src\test\java\org\jabref\logic\layout\format\AuthorsTest.java,1.7694904804229736,2.012674570083618,0.23562023043632507,gui,2.012674570083618
jabref\src\main\java\org\jabref\logic\auxparser\AuxParser.java,1.7723576456774026E-4,1.5970430374145508,0.0,gui,1.5970430374145508
jabref\src\main\java\org\jabref\gui\preferences\external\ExternalTabViewModel.java,1.1817940473556519,57.77043533325195,102.59130859375,preferences,102.59130859375
jabref\src\test\java\org\jabref\logic\integrity\NoBibTexFieldCheckerTest.java,1.6125465631484985,9.214160919189453,0.0,gui,9.214160919189453
jabref\src\main\java\org\jabref\logic\importer\fetcher\transformers\ResearchGateQueryTransformer.java,1.6707158647477627E-4,1.5628035068511963,0.0,gui,1.5628035068511963
jabref\src\main\java\org\jabref\gui\push\PushToLyx.java,2.5718207359313965,68.0926284790039,88.36553955078125,preferences,88.36553955078125
jabref\src\test\java\org\jabref\logic\citationstyle\CitationStyleCacheTest.java,1.6993794997688383E-4,2.1295394897460938,0.0,gui,2.1295394897460938
jabref\src\main\java\org\jabref\gui\autocompleter\PersonNameSuggestionProvider.java,1.550420420244336E-4,61.54686737060547,0.0,gui,61.54686737060547
jabref\src\main\java\org\jabref\model\search\matchers\NotMatcher.java,1.7320674669463187E-4,1.9248061180114746,0.0,gui,1.9248061180114746
jabref\src\main\java\org\jabref\gui\util\DialogWindowState.java,1.720036379992962E-4,64.45109558105469,0.0,gui,64.45109558105469
jabref\src\main\java\org\jabref\gui\actions\Action.java,1.747344940667972E-4,64.91868591308594,0.0,gui,64.91868591308594
jabref\src\main\java\org\jabref\gui\push\PushToLyxSettings.java,1.522397518157959,67.23665618896484,99.2816162109375,preferences,99.2816162109375
jabref\src\test\java\org\jabref\logic\util\UpdateFieldTest.java,7.420315523631871E-5,15.074854850769043,0.0,gui,15.074854850769043
jabref\src\test\java\org\jabref\model\entry\identifier\ISBNTest.java,1.4254706911742687E-4,2.18473482131958,0.0,gui,2.18473482131958
jabref\src\main\java\org\jabref\gui\texparser\ParseLatexResultView.java,0.42512330412864685,63.83278274536133,48.9538688659668,gui,63.83278274536133
jabref\src\main\java\org\jabref\logic\cleanup\UpgradePdfPsToFileCleanup.java,0.5995287299156189,1.5095198154449463,0.0,gui,1.5095198154449463
jabref\src\main\java\org\jabref\gui\edit\automaticfiededitor\NotificationPaneAdapter.java,1.6877969028428197E-4,63.899078369140625,0.0,gui,63.899078369140625
jabref\src\main\java\org\jabref\logic\exporter\GroupSerializer.java,9.461690933676437E-5,2.3396174907684326,0.0,gui,2.3396174907684326
jabref\src\test\java\org\jabref\logic\bibtex\comparator\CrossRefEntryComparatorTest.java,1.550420420244336E-4,2.086752414703369,0.0,gui,2.086752414703369
jabref\src\main\java\org\jabref\logic\remote\Protocol.java,0.3750099837779999,8.450075149536133,0.0,gui,8.450075149536133
jabref\src\main\java\org\jabref\logic\importer\EntryBasedFetcher.java,1.7628943896852434E-4,1.5938551425933838,0.0,gui,1.5938551425933838
jabref\src\main\java\org\jabref\gui\mergeentries\FetchAndMergeEntry.java,0.8928956985473633,69.01887512207031,39.62114334106445,gui,69.01887512207031
jabref\src\main\java\org\jabref\gui\specialfields\SpecialFieldValueViewModel.java,1.084261178970337,59.178321838378906,4.173637866973877,gui,59.178321838378906
jabref\src\main\java\org\jabref\logic\shared\DatabaseConnectionProperties.java,1.747344940667972E-4,1.5886170864105225,0.0,gui,1.5886170864105225
jabref\src\main\java\org\jabref\gui\dialogs\BackupUIManager.java,1.4254706911742687E-4,66.5678939819336,35.0,gui,66.5678939819336
jabref\src\main\java\org\jabref\gui\errorconsole\ErrorConsoleView.java,53.57057571411133,58.912330627441406,0.0,gui,58.912330627441406
jabref\src\main\java\org\jabref\gui\groups\GroupTreeViewModel.java,26.673133850097656,57.71216583251953,74.85903930664062,preferences,74.85903930664062
jabref\src\main\java\org\jabref\model\entry\identifier\IacrEprint.java,0.41715648770332336,1.6605644226074219,0.0,gui,1.6605644226074219
jabref\src\test\java\org\jabref\logic\importer\fileformat\InspecImporterTest.java,1.2524391058832407E-4,7.93849515914917,0.0,gui,7.93849515914917
jabref\src\main\java\org\jabref\gui\shared\SharedDatabaseUIManager.java,12.689148902893066,64.14461517333984,35.0,gui,64.14461517333984
jabref\src\main\java\org\jabref\gui\slr\SlrStudyAndDirectory.java,1.7260308959521353E-4,65.12808990478516,0.5743507146835327,gui,65.12808990478516
jabref\src\main\java\org\jabref\logic\integrity\EditionChecker.java,0.6319388151168823,2.021578311920166,0.0,gui,2.021578311920166
jabref\src\main\java\org\jabref\gui\preferences\network\NetworkTabViewModel.java,52.35097122192383,60.73326873779297,97.94073486328125,preferences,97.94073486328125
jabref\src\test\java\org\jabref\logic\importer\util\ShortDOIServiceTest.java,1.6993794997688383E-4,11.828672409057617,0.0,gui,11.828672409057617
jabref\src\main\java\org\jabref\gui\preferences\groups\GroupsTabViewModel.java,1.6109376156236976E-4,65.3061752319336,95.30888366699219,preferences,95.30888366699219
jabref\src\test\java\org\jabref\logic\layout\format\ToLowerCaseTest.java,1.6214861534535885E-4,2.044081449508667,0.0,gui,2.044081449508667
jabref\src\main\java\org\jabref\logic\logging\LogMessages.java,1.7260308959521353E-4,1.5814372301101685,0.0,gui,1.5814372301101685
jabref\src\main\java\org\jabref\logic\layout\format\AuthorFirstLastOxfordCommas.java,1.756641431711614E-4,1.591748833656311,0.0,gui,1.591748833656311
jabref\src\test\java\org\jabref\gui\groups\GroupDialogViewModelTest.java,1.362715265713632E-4,68.6856460571289,35.0,gui,68.6856460571289
jabref\src\test\java\org\jabref\logic\layout\format\DateFormatterTest.java,1.5312459436245263E-4,2.0325193405151367,0.0,gui,2.0325193405151367
jabref\src\main\java\org\jabref\gui\push\PushToEmacsSettings.java,0.4989772439002991,67.95043182373047,104.642333984375,preferences,104.642333984375
jabref\src\main\java\org\jabref\gui\collab\ChangeScanner.java,0.4750191271305084,71.30467987060547,35.0,gui,71.30467987060547
jabref\src\main\java\org\jabref\model\entry\field\BiblatexApaField.java,1.494285388616845E-4,2.046660900115967,0.38609635829925537,gui,2.046660900115967
jabref\src\test\java\org\jabref\model\database\DuplicationCheckerTest.java,1.305252080783248E-4,2.0097999572753906,0.0,gui,2.0097999572753906
jabref\src\main\java\org\jabref\gui\sidepane\SidePane.java,1.570081221871078E-4,63.883506774902344,35.0,gui,63.883506774902344
jabref\src\test\java\org\jabref\logic\openoffice\style\OOPreFormatterTest.java,1.362715265713632E-4,2.0267045497894287,0.8354737758636475,gui,2.0267045497894287
jabref\src\main\java\org\jabref\logic\util\strings\StringSimilarity.java,1.7170546925626695E-4,1.578413486480713,0.0,gui,1.578413486480713
jabref\src\main\java\org\jabref\model\openoffice\uno\CreationException.java,1.7660376033745706E-4,1.96255624294281,0.0,gui,1.96255624294281
jabref\src\main\java\org\jabref\gui\collab\ExternalChangesResolverViewModel.java,1.494285388616845E-4,70.54813385009766,0.0,gui,70.54813385009766
jabref\src\main\java\org\jabref\logic\formatter\bibtexfields\RemoveDigitsFormatter.java,0.6067605018615723,1.5685575008392334,0.0,gui,1.5685575008392334
jabref\src\test\java\org\jabref\model\groups\ExplicitGroupTest.java,1.3933866284787655E-4,2.133500576019287,0.0,gui,2.133500576019287
jabref\src\main\java\org\jabref\migrations\ConvertLegacyExplicitGroups.java,1.6005254292394966E-4,7.383421421051025,0.0,gui,7.383421421051025
jabref\src\main\java\org\jabref\gui\documentviewer\ShowDocumentViewerAction.java,0.5178402066230774,67.0750503540039,99.94904327392578,preferences,99.94904327392578
jabref\src\main\java\org\jabref\model\openoffice\style\NonUniqueCitationMarker.java,1.7755346198100597E-4,1.9731100797653198,0.0,gui,1.9731100797653198
jabref\src\test\java\org\jabref\logic\layout\format\WrapFileLinksTest.java,0.6605596542358398,4.562378883361816,88.33506774902344,preferences,88.33506774902344
jabref\src\main\java\org\jabref\logic\bibtex\FieldWriter.java,1.774985671043396,5.116121292114258,101.09088897705078,preferences,101.09088897705078
jabref\src\main\java\org\jabref\logic\autosaveandbackup\AutosaveManager.java,1.550420420244336E-4,1.5222804546356201,1.0,gui,1.5222804546356201
jabref\src\test\java\org\jabref\logic\bibtex\comparator\PreambleDiffTest.java,1.5902469749562442E-4,2.0668327808380127,0.0,gui,2.0668327808380127
jabref\src\main\java\org\jabref\model\database\BibDatabaseMode.java,1.7081713303923607E-4,1.898250937461853,0.0,gui,1.898250937461853
jabref\src\main\java\org\jabref\gui\actions\Sources.java,1.778723089955747E-4,65.45594787597656,0.0,gui,65.45594787597656
jabref\src\test\java\org\jabref\support\CIServerCondition.java,46.85532760620117,8.209497451782227,0.0,cli,46.85532760620117
jabref\src\test\java\org\jabref\model\entry\field\UnknownFieldTest.java,1.7351015412714332E-4,2.4935426712036133,0.0,gui,2.4935426712036133
jabref\src\main\java\org\jabref\logic\util\io\BackupFileUtil.java,0.4898941218852997,9.98621940612793,0.5569824576377869,gui,9.98621940612793
jabref\src\main\java\org\jabref\logic\importer\fileformat\BibtexParser.java,5.241332530975342,8.287299156188965,0.4657742977142334,gui,8.287299156188965
jabref\src\test\java\org\jabref\logic\shared\TestManager.java,1.7614499665796757E-4,1.7491865158081055,0.0,gui,1.7491865158081055
jabref\src\test\java\org\jabref\logic\util\strings\StringSimilarityTest.java,1.6707158647477627E-4,1.9889456033706665,0.0,gui,1.9889456033706665
jabref\src\main\java\org\jabref\logic\exporter\EmbeddedBibFilePdfExporter.java,0.9014637470245361,7.573146343231201,0.705638587474823,gui,7.573146343231201
jabref\src\main\java\org\jabref\logic\importer\fetcher\DiVA.java,1.6321736620739102E-4,1.5498201847076416,0.0,gui,1.5498201847076416
jabref\src\main\java\org\jabref\logic\citationstyle\CitationStyleGenerator.java,0.6102737188339233,1.480189323425293,0.0,gui,1.480189323425293
jabref\src\main\java\org\jabref\gui\theme\ThemeManager.java,0.7343515157699585,62.1368293762207,0.9289717674255371,gui,62.1368293762207
jabref\src\main\java\org\jabref\gui\preferences\customentrytypes\FieldViewModel.java,0.5573738217353821,64.20524597167969,93.04329681396484,preferences,93.04329681396484
jabref\src\test\java\org\jabref\logic\l10n\LocalizationConsistencyTest.java,7.10950231552124,6.852472305297852,1.6169835329055786,cli,7.10950231552124
jabref\src\test\java\org\jabref\gui\edit\EditFieldContentTabViewModelTest.java,0.46923622488975525,58.5775260925293,0.654066264629364,gui,58.5775260925293
jabref\src\main\java\org\jabref\gui\cleanup\CleanupAction.java,0.9863355755805969,67.36917877197266,107.80268859863281,preferences,107.80268859863281
jabref\src\main\java\org\jabref\gui\fieldeditors\GenderEditorViewModel.java,0.6912025213241577,63.759883880615234,0.0,gui,63.759883880615234
jabref\src\main\java\org\jabref\logic\layout\format\AuthorLastFirst.java,1.756641431711614E-4,1.591748833656311,0.0,gui,1.591748833656311
jabref\src\main\java\org\jabref\gui\push\PushToApplicationCommand.java,18.827909469604492,67.87246704101562,36.0,gui,67.87246704101562
jabref\src\main\java\org\jabref\model\entry\event\FieldAddedOrRemovedEvent.java,1.7535316874273121E-4,1.9486587047576904,0.0,gui,1.9486587047576904
jabref\src\main\java\org\jabref\logic\importer\fetcher\transformers\IEEEQueryTransformer.java,1.5125398931559175E-4,1.5095198154449463,0.0,gui,1.5095198154449463
jabref\src\main\java\org\jabref\logic\importer\fileformat\BiblioscapeImporter.java,4.0247111320495605,1.2764744758605957,0.0,cli,4.0247111320495605
jabref\src\main\java\org\jabref\gui\exporter\CreateModifyExporterDialogView.java,0.45557543635368347,64.74517059326172,94.15440368652344,preferences,94.15440368652344
jabref\src\test\java\org\jabref\logic\importer\fetcher\DOAJFetcherTest.java,1.687104344367981,13.513113975524902,4.968761444091797,gui,13.513113975524902
jabref\src\main\java\org\jabref\logic\importer\WebFetchers.java,1.0416946315672249E-4,9.170575141906738,1.6750118732452393,gui,9.170575141906738
jabref\src\test\java\org\jabref\logic\bibtex\FieldWriterTest.java,15.623007774353027,2.1653809547424316,1.460801362991333,cli,15.623007774353027
jabref\src\main\java\org\jabref\logic\formatter\casechanger\CapitalizeFormatter.java,26.08785629272461,2.8706021308898926,0.0,cli,26.08785629272461
jabref\src\main\java\org\jabref\gui\maintable\columns\FieldColumn.java,1.6321736620739102E-4,64.905517578125,0.0,gui,64.905517578125
jabref\src\main\java\org\jabref\logic\layout\format\AuthorLastFirstAbbreviator.java,1.756641431711614E-4,1.591748833656311,0.0,gui,1.591748833656311
jabref\src\main\java\org\jabref\logic\importer\FetcherResult.java,1.7381462384946644E-4,1.5855183601379395,0.0,gui,1.5855183601379395
jabref\src\main\java\org\jabref\preferences\CleanupPreferences.java,1.494285388616845E-4,9.606744766235352,91.3278579711914,preferences,91.3278579711914
jabref\src\test\java\org\jabref\logic\integrity\CitationKeyDeviationCheckerTest.java,0.47000423073768616,2.0372891426086426,0.0,gui,2.0372891426086426
jabref\src\main\java\org\jabref\model\openoffice\style\PageInfo.java,1.5800996334291995E-4,12.044716835021973,0.0,gui,12.044716835021973
jabref\src\main\java\org\jabref\gui\fieldeditors\identifier\DoiIdentifierEditorViewModel.java,0.42512330412864685,82.9297866821289,100.81082916259766,preferences,100.81082916259766
jabref\src\main\java\org\jabref\gui\desktop\os\Linux.java,0.8506797552108765,63.86420822143555,63.472496032714844,gui,63.86420822143555
jabref\src\main\java\org\jabref\preferences\PreviewPreferences.java,1.5312459436245263E-4,10.02762222290039,92.83499908447266,preferences,92.83499908447266
jabref\src\main\java\org\jabref\gui\mergeentries\newmergedialog\diffhighlighter\DiffHighlighter.java,1.3018134832382202,62.61035919189453,0.0,gui,62.61035919189453
jabref\src\main\java\org\jabref\gui\JabRefExecutorService.java,4.326827049255371,64.99474334716797,0.4658665657043457,gui,64.99474334716797
jabref\src\test\java\org\jabref\logic\bibtex\comparator\BibtexStringComparatorTest.java,1.3333647802937776E-4,1.9151880741119385,0.0,gui,1.9151880741119385
jabref\src\main\java\org\jabref\gui\util\BackgroundTask.java,35.807701110839844,66.1714859008789,0.4532068967819214,gui,66.1714859008789
jabref\src\main\java\org\jabref\logic\layout\format\AuthorFirstLastCommas.java,1.7535316874273121E-4,1.5907012224197388,0.0,gui,1.5907012224197388
jabref\src\main\java\org\jabref\gui\autocompleter\FieldValueSuggestionProvider.java,1.7111223132815212E-4,64.2984619140625,0.0,gui,64.2984619140625
jabref\src\main\java\org\jabref\gui\maintable\MainTableDataModel.java,0.5009205341339111,59.85807800292969,35.0,gui,59.85807800292969
jabref\src\main\java\org\jabref\gui\fieldeditors\OptionEditor.java,1.570081221871078E-4,61.883506774902344,0.0,gui,61.883506774902344
jabref\src\test\java\org\jabref\logic\layout\format\LatexToUnicodeFormatterTest.java,31.112030029296875,7.075177192687988,0.6300835609436035,cli,31.112030029296875
jabref\src\main\java\org\jabref\logic\journals\AbbreviationWriter.java,1.665098825469613E-4,1.5609114170074463,0.0,gui,1.5609114170074463
jabref\src\main\java\org\jabref\logic\search\DatabaseSearcher.java,1.6539770876988769E-4,1.5571649074554443,0.0,gui,1.5571649074554443
jabref\src\main\java\org\jabref\gui\texparser\CitationsDisplay.java,2.7303123474121094,68.0583267211914,0.3357536196708679,gui,68.0583267211914
jabref\src\main\java\org\jabref\gui\entryeditor\fileannotationtab\FulltextSearchResultsTab.java,2.1599531173706055,65.69203186035156,35.0,gui,65.69203186035156
jabref\src\main\java\org\jabref\logic\remote\server\RemoteMessageHandler.java,1.7691918765194714E-4,1.5959765911102295,0.0,gui,1.5959765911102295
jabref\src\main\java\org\jabref\gui\util\uithreadaware\UiThreadStringProperty.java,0.5680435299873352,71.59918212890625,0.5257909297943115,gui,71.59918212890625
jabref\src\test\java\org\jabref\logic\importer\fileformat\PdfVerbatimBibTextImporterTest.java,0.6517452597618103,2.022130012512207,0.0,gui,2.022130012512207
jabref\src\test\java\org\jabref\gui\slr\ManageStudyDefinitionViewModelTest.java,1.4254706911742687E-4,62.200199127197266,0.4743368923664093,gui,62.200199127197266
jabref\src\main\java\org\jabref\gui\externalfiles\FileFilterUtils.java,0.6135032773017883,59.26265335083008,0.0,gui,59.26265335083008
jabref\src\main\java\org\jabref\model\openoffice\uno\UnoNameAccess.java,1.7230285448022187E-4,2.3635411262512207,0.0,gui,2.3635411262512207
jabref\src\main\java\org\jabref\model\metadata\ContentSelectors.java,1.494285388616845E-4,3.3564534187316895,0.0,gui,3.3564534187316895
jabref\src\main\java\org\jabref\model\entry\types\BiblatexApaEntryType.java,1.665098825469613E-4,1.850385308265686,0.0,gui,1.850385308265686
jabref\src\main\java\org\jabref\gui\preferences\protectedterms\NewProtectedTermsFileDialog.java,1.322719693183899,64.30032348632812,90.27467346191406,preferences,90.27467346191406
jabref\src\main\java\org\jabref\model\openoffice\uno\UnoCast.java,4.652966022491455,6.565108776092529,0.0,gui,6.565108776092529
jabref\src\main\java\org\jabref\logic\formatter\Formatters.java,33.91474533081055,5.068544387817383,0.568489670753479,cli,33.91474533081055
jabref\src\test\java\org\jabref\logic\integrity\UrlCheckerTest.java,0.48014217615127563,2.1454763412475586,0.0,gui,2.1454763412475586
jabref\src\main\java\org\jabref\model\schema\DublinCoreSchemaCustom.java,1.570081221871078E-4,1.7447946071624756,0.0,gui,1.7447946071624756
jabref\src\main\java\org\jabref\gui\search\GlobalSearchResultDialog.java,0.3627701997756958,60.84726333618164,35.0,gui,60.84726333618164
jabref\src\main\java\org\jabref\logic\integrity\PagesChecker.java,0.4509607255458832,1.9140326976776123,0.0,gui,1.9140326976776123
jabref\src\main\java\org\jabref\logic\layout\format\DOICheck.java,1.7111223132815212E-4,11.342569351196289,0.0,gui,11.342569351196289
jabref\src\main\java\org\jabref\gui\collab\preamblechange\PreambleChange.java,0.49619653820991516,63.510433197021484,0.0,gui,63.510433197021484
jabref\src\test\java\org\jabref\logic\importer\fetcher\CiteSeerTest.java,1.442073262296617E-4,11.730659484863281,0.0,gui,11.730659484863281
jabref\src\main\java\org\jabref\model\entry\types\BiblatexSoftwareEntryTypeDefinitions.java,15.603978157043457,9.98499870300293,0.0,cli,15.603978157043457
jabref\src\test\java\org\jabref\logic\layout\format\AuthorFirstLastCommasTest.java,1.4764662773814052E-4,3.7103514671325684,0.0,gui,3.7103514671325684
jabref\src\main\java\org\jabref\gui\util\RadioButtonCell.java,1.550420420244336E-4,61.54686737060547,0.0,gui,61.54686737060547
jabref\src\test\java\org\jabref\logic\layout\format\ShortMonthFormatterTest.java,1.6430030518677086E-4,2.057936191558838,0.0,gui,2.057936191558838
jabref\src\main\java\org\jabref\logic\integrity\BracketChecker.java,0.5965947508811951,3.3860397338867188,0.0,gui,3.3860397338867188
jabref\src\test\java\org\jabref\logic\remote\RemoteCommunicationTest.java,72.01639556884766,2.0892913341522217,0.6654401421546936,cli,72.01639556884766
jabref\src\main\java\org\jabref\gui\fieldeditors\LinkedFileViewModel.java,8.810827255249023,58.66857147216797,105.12733459472656,preferences,105.12733459472656
jabref\src\main\java\org\jabref\gui\util\TooltipTextUtil.java,0.3875294029712677,59.60991287231445,1.179307222366333,gui,59.60991287231445
jabref\src\main\java\org\jabref\logic\importer\fetcher\DoiFetcher.java,26.077268600463867,33.768829345703125,85.97438049316406,preferences,85.97438049316406
jabref\src\main\java\org\jabref\gui\exporter\SaveDatabaseAction.java,12.412466049194336,64.0749740600586,95.1513671875,preferences,95.1513671875
jabref\src\main\java\org\jabref\gui\FXDialog.java,1.5312459436245263E-4,61.21855545043945,0.0,gui,61.21855545043945
jabref\src\main\java\org\jabref\gui\preferences\customentrytypes\CustomEntryTypeViewModel.java,1.7504328570794314E-4,67.8438720703125,100.53118896484375,preferences,100.53118896484375
jabref\src\main\java\org\jabref\gui\preferences\nameformatter\NameFormatterItemModel.java,1.6539770876988769E-4,66.08914947509766,96.920166015625,preferences,96.920166015625
jabref\src\main\java\org\jabref\gui\help\AboutAction.java,1.7320674669463187E-4,64.65709686279297,0.0,gui,64.65709686279297
jabref\src\main\java\org\jabref\model\groups\KeywordGroup.java,1.6005254292394966E-4,2.175827741622925,0.0,gui,2.175827741622925
jabref\src\main\java\org\jabref\model\search\matchers\MatcherSets.java,1.7412017041351646E-4,1.9349567890167236,0.0,gui,1.9349567890167236
jabref\src\main\java\org\jabref\logic\util\UnknownFileType.java,0.46028560400009155,5.072451114654541,0.0,gui,5.072451114654541
jabref\src\main\java\org\jabref\gui\slr\ManageStudyDefinitionViewModel.java,1.0261682271957397,56.79359436035156,0.8387653231620789,gui,56.79359436035156
jabref\src\main\java\org\jabref\gui\preferences\table\TableTabViewModel.java,0.4163273572921753,55.34168243408203,96.82452392578125,preferences,96.82452392578125
jabref\src\test\java\org\jabref\logic\exporter\OpenOfficeDocumentCreatorTest.java,0.4678417146205902,12.370061874389648,0.5773990154266357,gui,12.370061874389648
jabref\src\main\java\org\jabref\gui\groups\GroupDescriptions.java,18.57447624206543,57.34900665283203,0.0,gui,57.34900665283203
jabref\src\main\java\org\jabref\gui\citationkeypattern\GenerateCitationKeySingleAction.java,0.48537689447402954,64.1321029663086,35.0,gui,64.1321029663086
jabref\src\main\java\org\jabref\gui\actions\JabRefAction.java,5.07824182510376,59.407432556152344,0.0,gui,59.407432556152344
jabref\src\main\java\org\jabref\gui\fieldeditors\TextInputControlBehavior.java,1.1168674973305315E-4,54.1234130859375,0.0,gui,54.1234130859375
jabref\src\main\java\org\jabref\logic\shared\event\ConnectionLostEvent.java,1.7535316874273121E-4,1.5907012224197388,0.0,gui,1.5907012224197388
jabref\src\main\java\org\jabref\logic\importer\fileformat\MsBibImporter.java,1.459067134419456E-4,1.491506814956665,0.0,gui,1.491506814956665
jabref\src\main\java\org\jabref\gui\importer\actions\CheckForNewEntryTypesAction.java,1.6005254292394966E-4,64.08643341064453,0.0,gui,64.08643341064453
jabref\src\main\java\org\jabref\gui\collab\metedatachange\MetadataChangeDetailsView.java,1.290302038192749,69.77799987792969,37.11643981933594,gui,69.77799987792969
jabref\src\main\java\org\jabref\logic\l10n\Localization.java,7.883054256439209,10.125015258789062,0.3058445155620575,gui,10.125015258789062
jabref\src\main\java\org\jabref\logic\integrity\IntegrityCheck.java,1.459067134419456E-4,1.491506814956665,0.0,gui,1.491506814956665
jabref\src\main\java\org\jabref\gui\search\rules\describer\ContainsAndRegexBasedSearchRuleDescriber.java,0.6344980001449585,65.5678939819336,0.0,gui,65.5678939819336
jabref\src\main\java\org\jabref\gui\entryeditor\FieldsEditorTab.java,13.084673881530762,66.99215698242188,100.06550598144531,preferences,100.06550598144531
jabref\src\main\java\org\jabref\gui\collab\DatabaseChangesResolverDialog.java,0.5009205341339111,59.85807800292969,35.0,gui,59.85807800292969
jabref\src\test\java\org\jabref\logic\formatter\casechanger\ProtectTermsFormatterTest.java,1.550420420244336E-4,2.114243507385254,0.0,gui,2.114243507385254
jabref\src\main\java\org\jabref\gui\push\PushToTeXstudio.java,1.5104188919067383,64.99789428710938,35.78371047973633,gui,64.99789428710938
jabref\src\main\java\org\jabref\logic\openoffice\action\ExportCited.java,0.41715648770332336,10.418035507202148,0.38609635829925537,gui,10.418035507202148
jabref\src\main\java\org\jabref\gui\util\CustomLocalDragboard.java,1.570081221871078E-4,69.52460479736328,0.0,gui,69.52460479736328
jabref\src\main\java\org\jabref\gui\util\uithreadaware\UiThreadBinding.java,1.6005254292394966E-4,62.40478515625,0.0,gui,62.40478515625
jabref\src\main\java\org\jabref\model\strings\LatexToUnicodeAdapter.java,1.6321736620739102E-4,9.436138153076172,0.0,gui,9.436138153076172
jabref\src\main\java\org\jabref\logic\database\DuplicateCheck.java,0.615278959274292,16.3841495513916,0.32809287309646606,gui,16.3841495513916
jabref\src\main\java\org\jabref\gui\push\PushToVimSettings.java,0.49619653820991516,67.84297943115234,104.51178741455078,preferences,104.51178741455078
jabref\src\main\java\org\jabref\gui\groups\UndoableChangeEntriesOfGroup.java,0.5104188323020935,63.99789810180664,0.0,gui,63.99789810180664
jabref\src\main\java\org\jabref\logic\openoffice\style\OOBibStyleGetCitationMarker.java,50.76247787475586,13.018966674804688,1.5427753925323486,cli,50.76247787475586
jabref\src\main\java\org\jabref\logic\importer\fetcher\transformers\JstorQueryTransformer.java,1.6214861534535885E-4,1.546219825744629,0.0,gui,1.546219825744629
jabref\src\main\java\org\jabref\gui\edit\EditAction.java,0.530787467956543,87.63593292236328,2.830721855163574,gui,87.63593292236328
jabref\src\main\java\org\jabref\gui\preferences\general\GeneralTab.java,0.9542004466056824,63.18404006958008,90.94176483154297,preferences,90.94176483154297
jabref\src\test\java\org\jabref\support\DisabledOnCIServer.java,1.7535316874273121E-4,0.4624272584915161,0.0,gui,0.4624272584915161
jabref\src\main\java\org\jabref\gui\search\SearchTextField.java,0.5223975777626038,64.40003967285156,0.0,gui,64.40003967285156
jabref\src\main\java\org\jabref\gui\preferences\customimporter\CustomImporterTab.java,0.5942084193229675,63.18404006958008,93.20362091064453,preferences,93.20362091064453
jabref\src\main\java\org\jabref\gui\dialogs\AutosaveUiManager.java,1.7023000691551715E-4,64.14740753173828,0.0,gui,64.14740753173828
jabref\src\main\java\org\jabref\gui\integrity\IntegrityCheckDialog.java,0.32092970609664917,58.867835998535156,0.0,gui,58.867835998535156
jabref\src\main\java\org\jabref\model\groups\RegexKeywordGroup.java,0.4334004521369934,3.870023727416992,0.0,gui,3.870023727416992
jabref\src\test\java\org\jabref\logic\layout\format\AuthorLastFirstTest.java,1.570081221871078E-4,3.827505111694336,0.0,gui,3.827505111694336
jabref\src\main\java\org\jabref\gui\preferences\citationkeypattern\CitationKeyPatternTab.java,0.38806697726249695,61.93216323852539,88.36553955078125,preferences,88.36553955078125
jabref\src\main\java\org\jabref\model\ChainNode.java,1.4764662773814052E-4,2.700971841812134,0.7579861879348755,gui,2.700971841812134
jabref\src\main\java\org\jabref\logic\shared\MySQLProcessor.java,2.466187870595604E-4,12.172901153564453,35.14228057861328,preferences,35.14228057861328
jabref\src\test\java\org\jabref\logic\l10n\LocalizationKeyTest.java,2.915358066558838,1.9679934978485107,0.9069592952728271,cli,2.915358066558838
jabref\src\main\java\org\jabref\model\openoffice\rangesort\RangeHolder.java,1.7723576456774026E-4,1.9695795774459839,0.0,gui,1.9695795774459839
jabref\src\test\java\org\jabref\model\entry\KeywordTest.java,1.6539770876988769E-4,10.62903118133545,0.4541987180709839,gui,10.62903118133545
jabref\src\main\java\org\jabref\logic\shared\listener\OracleNotificationListener.java,1.7412017041351646E-4,1.586547613143921,0.0,gui,1.586547613143921
jabref\src\main\java\org\jabref\gui\menus\ChangeEntryTypeAction.java,0.48014217615127563,70.56901550292969,0.0,gui,70.56901550292969
jabref\src\test\java\org\jabref\logic\integrity\ASCIICharacterCheckerTest.java,1.4764662773814052E-4,2.0623159408569336,0.0,gui,2.0623159408569336
jabref\src\test\java\org\jabref\logic\formatter\bibtexfields\NormalizeDateFormatterTest.java,1.2524391058832407E-4,2.033134937286377,0.0,gui,2.033134937286377
jabref\src\test\java\org\jabref\model\entry\identifier\IacrEprintTest.java,1.6005254292394966E-4,2.3122477531433105,0.0,gui,2.3122477531433105
jabref\src\main\java\org\jabref\gui\collab\stringrename\BibTexStringRenameDetailsView.java,1.6935683379415423E-4,65.9295883178711,0.0,gui,65.9295883178711
jabref\src\main\java\org\jabref\gui\fieldeditors\URLUtil.java,1.033751368522644,59.407432556152344,0.0,gui,59.407432556152344
jabref\src\main\java\org\jabref\gui\preferences\customexporter\CustomExporterTabViewModel.java,1.5125398931559175E-4,73.4375228881836,105.72801208496094,preferences,105.72801208496094
jabref\src\main\java\org\jabref\logic\integrity\ValidCitationKeyChecker.java,0.6088353395462036,1.5705018043518066,0.0,gui,1.5705018043518066
jabref\src\main\java\org\jabref\gui\preferences\customentrytypes\CustomEntryTypesTabViewModel.java,0.5366778373718262,59.53349685668945,78.6437759399414,preferences,78.6437759399414
jabref\buildSrc\src\copied\java\org\jabref\logic\journals\JournalAbbreviationLoader.java,0.6493273973464966,1.5033705234527588,0.0,gui,1.5033705234527588
jabref\src\test\java\org\jabref\logic\importer\fetcher\isbntobibtex\IsbnFetcherTest.java,1.5960627933964133E-4,2.6076300144195557,0.5387542247772217,gui,2.6076300144195557
jabref\src\main\java\org\jabref\logic\formatter\casechanger\Title.java,1.6430030518677086E-4,10.930834770202637,0.0,gui,10.930834770202637
jabref\src\main\java\org\jabref\logic\exporter\XmpPdfExporter.java,0.49072709679603577,1.5571649074554443,0.0,gui,1.5571649074554443
jabref\src\main\java\org\jabref\gui\fieldeditors\OptionEditorViewModel.java,1.720036379992962E-4,64.45109558105469,0.0,gui,64.45109558105469
jabref\src\test\java\org\jabref\logic\database\DatabaseMergerTest.java,8.666915528010577E-5,48.00819396972656,0.0,gui,48.00819396972656
jabref\src\test\java\org\jabref\logic\crawler\StudyDatabaseToFetcherConverterTest.java,1.4764662773814052E-4,2.950702667236328,35.0,preferences,35.0
jabref\src\main\java\org\jabref\logic\exporter\SaveConfiguration.java,24.17912483215332,1.5356965065002441,0.0,cli,24.17912483215332
jabref\src\main\java\module-info.java,101.0061264038086,78.20722961425781,1.636955738067627,cli,101.0061264038086
jabref\src\main\java\org\jabref\logic\shared\exception\SharedEntryNotPresentException.java,1.7260308959521353E-4,1.5814372301101685,0.0,gui,1.5814372301101685
jabref\src\test\java\org\jabref\logic\layout\format\RemoveTildeTest.java,0.5716915130615234,1.92879056930542,0.0,gui,1.92879056930542
jabref\src\test\java\org\jabref\migrations\SpecialFieldsToSeparateFieldsTest.java,1.8485914915800095E-4,0.5072323679924011,0.0,gui,0.5072323679924011
jabref\src\main\java\org\jabref\model\openoffice\uno\UnoRedlines.java,0.4650941491127014,11.404979705810547,0.0,gui,11.404979705810547
jabref\src\test\java\org\jabref\logic\layout\format\AuthorLastFirstOxfordCommasTest.java,1.570081221871078E-4,3.827505111694336,0.0,gui,3.827505111694336
jabref\src\test\java\org\jabref\gui\autocompleter\DefaultAutoCompleterTest.java,1.2037337728543207E-4,57.97676086425781,0.0,gui,57.97676086425781
jabref\src\test\java\org\jabref\logic\layout\format\AuthorLF_FFAbbrTest.java,1.6993794997688383E-4,3.46903657913208,0.0,gui,3.46903657913208
jabref\src\test\java\org\jabref\logic\layout\format\AuthorFirstAbbrLastOxfordCommasTest.java,1.570081221871078E-4,3.661118507385254,0.0,gui,3.661118507385254
jabref\src\main\java\org\jabref\model\openoffice\ootext\OOFormat.java,0.4420062303543091,1.7229459285736084,0.0,gui,1.7229459285736084
jabref\src\main\java\org\jabref\gui\duplicationFinder\DuplicateSearch.java,0.8516520857810974,64.7428970336914,36.573997497558594,gui,64.7428970336914
jabref\src\main\java\org\jabref\logic\layout\format\XMLChars.java,1.4254706911742687E-4,1.480189323425293,0.0,gui,1.480189323425293
jabref\src\main\java\org\jabref\logic\importer\Importer.java,1.2276034976821393E-4,2.5954713821411133,0.0,gui,2.5954713821411133
jabref\src\main\java\org\jabref\logic\crawler\StudyFetcher.java,45.53315353393555,8.396038055419922,0.0,cli,45.53315353393555
jabref\src\main\java\org\jabref\model\openoffice\rangesort\RangeOverlapBetween.java,0.5009205341339111,7.821564197540283,0.0,gui,7.821564197540283
jabref\src\main\java\org\jabref\logic\util\strings\StringLengthComparator.java,1.7290438700001687E-4,1.5824521780014038,0.0,gui,1.5824521780014038
jabref\src\main\java\org\jabref\gui\search\rules\describer\SearchDescriber.java,1.7628943896852434E-4,65.18492126464844,0.0,gui,65.18492126464844
jabref\src\main\java\org\jabref\gui\util\comparator\SpecialFieldComparator.java,1.6993794997688383E-4,73.7965316772461,0.0,gui,73.7965316772461
jabref\src\main\java\org\jabref\logic\layout\format\NotFoundFormatter.java,0.5254805684089661,1.58042573928833,0.0,gui,1.58042573928833
jabref\src\main\java\org\jabref\gui\commonfxcontrols\FieldFormatterCleanupsPanelViewModel.java,1.570081221871078E-4,61.883506774902344,0.0,gui,61.883506774902344
jabref\src\test\java\org\jabref\logic\importer\util\FileFieldParserTest.java,0.6415096521377563,4.826761722564697,1.836205005645752,gui,4.826761722564697
jabref\src\main\java\org\jabref\logic\layout\format\WrapContent.java,1.6820644668769091E-4,12.786426544189453,0.0,gui,12.786426544189453
jabref\src\main\java\org\jabref\gui\edit\ReplaceStringAction.java,0.5178402066230774,64.24794006347656,1.0,gui,64.24794006347656
jabref\src\main\java\org\jabref\migrations\ConvertMarkingToGroups.java,0.7759914398193359,10.481901168823242,0.0,gui,10.481901168823242
jabref\src\main\java\org\jabref\gui\openoffice\StyleSelectDialogViewModel.java,2.7232253551483154,64.02597045898438,35.0,gui,64.02597045898438
jabref\src\main\java\org\jabref\logic\importer\fetcher\isbntobibtex\DoiToBibtexConverterComIsbnFetcher.java,18.454442977905273,12.803256034851074,0.0,cli,18.454442977905273
jabref\src\main\java\org\jabref\logic\integrity\EntryChecker.java,1.7660376033745706E-4,1.5949139595031738,0.0,gui,1.5949139595031738
jabref\src\main\java\org\jabref\gui\mergeentries\newmergedialog\ThreeWayMergeHeaderView.java,0.48014217615127563,62.946678161621094,0.0,gui,62.946678161621094
jabref\src\main\java\org\jabref\gui\specialfields\SpecialFieldsPreferences.java,1.7260308959521353E-4,65.04154205322266,0.48780936002731323,gui,65.04154205322266
jabref\src\test\java\org\jabref\gui\commonfxcontrols\SaveOrderPanelViewModelTest.java,1.4254706911742687E-4,59.949371337890625,0.0,gui,59.949371337890625
jabref\src\main\java\org\jabref\gui\util\NoSelectionModel.java,1.6430030518677086E-4,63.132102966308594,0.0,gui,63.132102966308594
jabref\src\main\java\org\jabref\model\database\BibDatabases.java,1.7320674669463187E-4,1.9248061180114746,0.0,gui,1.9248061180114746
jabref\src\main\java\org\jabref\logic\importer\fileformat\MrDLibImporter.java,17.947235107421875,8.652640342712402,0.0,cli,17.947235107421875
jabref\src\main\java\org\jabref\gui\openoffice\OOBibBaseConnect.java,0.5044358968734741,70.59577178955078,0.9622085094451904,gui,70.59577178955078
jabref\src\main\java\org\jabref\gui\collab\DatabaseChangeList.java,1.4254706911742687E-4,59.407432556152344,0.0,gui,59.407432556152344
jabref\src\main\java\org\jabref\gui\push\PushToApplicationSettings.java,1.489894151687622,68.36572265625,103.05764770507812,preferences,103.05764770507812
jabref\src\main\java\org\jabref\gui\util\uithreadaware\UiThreadObservableList.java,1.2524391058832407E-4,64.00971984863281,0.4167592227458954,gui,64.00971984863281
jabref\src\main\java\org\jabref\logic\importer\fetcher\transformers\YearRangeByFilteringQueryTransformer.java,1.6877969028428197E-4,1.5685575008392334,0.0,gui,1.5685575008392334
jabref\src\main\java\org\jabref\gui\theme\StyleSheetFile.java,0.37499240040779114,68.27726745605469,1.3272862434387207,gui,68.27726745605469
jabref\src\main\java\org\jabref\model\entry\Keyword.java,1.4254706911742687E-4,10.086992263793945,0.4743368923664093,gui,10.086992263793945
jabref\src\test\java\org\jabref\logic\bst\BstVMTest.java,17.33932876586914,10.252059936523438,0.8108459711074829,cli,17.33932876586914
jabref\src\main\java\org\jabref\logic\layout\format\FormatPagesForXML.java,1.756641431711614E-4,1.591748833656311,0.0,gui,1.591748833656311
jabref\src\main\java\org\jabref\logic\layout\format\DocBookVersion.java,1.7723576456774026E-4,1.5970430374145508,0.0,gui,1.5970430374145508
jabref\src\main\java\org\jabref\model\database\event\AutosaveEvent.java,1.778723089955747E-4,1.9766533374786377,0.0,gui,1.9766533374786377
jabref\src\main\java\org\jabref\model\database\event\EntriesRemovedEvent.java,1.7351015412714332E-4,1.928177833557129,0.0,gui,1.928177833557129
jabref\src\test\java\org\jabref\logic\importer\fileformat\BiblioscapeImporterFilesTest.java,1.6595193301327527E-4,1.9804500341415405,0.0,gui,1.9804500341415405
jabref\src\main\java\org\jabref\gui\cleanup\CleanupSingleAction.java,1.02029550075531,70.29310607910156,107.93699645996094,preferences,107.93699645996094
jabref\src\main\java\org\jabref\gui\autocompleter\PersonNameStringConverter.java,1.6005254292394966E-4,65.26375579833984,100.0639419555664,preferences,100.0639419555664
jabref\src\test\java\org\jabref\logic\importer\fileformat\EndnoteImporterTest.java,0.5708057284355164,18.91969108581543,1.0397942066192627,gui,18.91969108581543
jabref\src\main\java\org\jabref\model\study\Study.java,1.442073262296617E-4,3.3116750717163086,0.0,gui,3.3116750717163086
jabref\src\main\java\org\jabref\gui\mergeentries\newmergedialog\cell\OpenExternalLinkAction.java,32.1910285949707,73.71623229980469,0.0,gui,73.71623229980469
jabref\src\main\java\org\jabref\logic\citationkeypattern\GlobalCitationKeyPattern.java,1.7290438700001687E-4,1.5824521780014038,0.0,gui,1.5824521780014038
jabref\src\main\java\org\jabref\gui\edit\CopyDoiUrlAction.java,36.26188278198242,80.41682434082031,0.0,gui,80.41682434082031
jabref\src\main\java\org\jabref\logic\layout\format\NameFormatter.java,2.035679578781128,9.963154792785645,0.0,gui,9.963154792785645
jabref\src\main\java\org\jabref\logic\importer\ParserResult.java,0.6020179986953735,1.933042049407959,0.46366065740585327,gui,1.933042049407959
jabref\src\main\java\org\jabref\gui\LibraryTab.java,1.1373109817504883,59.962364196777344,35.80549240112305,gui,59.962364196777344
jabref\src\test\java\org\jabref\migrations\MergeReviewIntoCommentActionMigrationTest.java,2.7102818489074707,13.633502006530762,1.9754633903503418,gui,13.633502006530762
jabref\src\main\java\org\jabref\gui\fieldeditors\contextmenu\DefaultMenu.java,0.5640693306922913,69.63666534423828,0.46366065740585327,gui,69.63666534423828
jabref\src\main\java\org\jabref\logic\layout\format\CreateBibORDFAuthors.java,1.5312459436245263E-4,1.5158212184906006,2.1915817260742188,preferences,2.1915817260742188
jabref\src\main\java\org\jabref\gui\entryeditor\fileannotationtab\FileAnnotationTab.java,1.2341824769973755,63.320003509521484,0.0,gui,63.320003509521484
jabref\src\main\java\org\jabref\logic\openoffice\backend\NamedRangeReferenceMark.java,7.793997065164149E-5,6.819780349731445,0.0,gui,6.819780349731445
jabref\src\main\java\org\jabref\model\database\event\EntriesAddedEvent.java,1.7023000691551715E-4,1.8917262554168701,0.0,gui,1.8917262554168701
jabref\src\test\java\org\jabref\logic\bst\BstPreviewLayoutTest.java,2.1119046211242676,4.380550384521484,2.1787919998168945,gui,4.380550384521484
jabref\src\main\java\org\jabref\logic\shared\DBMSConnectionPropertiesBuilder.java,1.5902469749562442E-4,6.890627384185791,2.8061559200286865,gui,6.890627384185791
jabref\src\main\java\org\jabref\logic\importer\FulltextFetcher.java,1.7504328570794314E-4,1.5896573066711426,0.0,gui,1.5896573066711426
jabref\src\main\java\org\jabref\logic\bst\BstFunctions.java,48.70600891113281,4.417224407196045,2.688300371170044,cli,48.70600891113281
jabref\src\main\java\org\jabref\gui\collab\stringadd\BibTexStringAddDetailsView.java,0.6336730122566223,64.78390502929688,0.0,gui,64.78390502929688
jabref\src\test\java\org\jabref\logic\cleanup\CleanupWorkerTest.java,1.0302186012268066,9.677846908569336,0.5966102480888367,gui,9.677846908569336
jabref\src\main\java\org\jabref\gui\preferences\PreferencesDialogView.java,0.8525460362434387,61.95484161376953,92.76628112792969,preferences,92.76628112792969
jabref\src\main\java\org\jabref\gui\keyboard\KeyBindingRepository.java,1.2276034976821393E-4,66.36479949951172,0.0,gui,66.36479949951172
jabref\src\main\java\org\jabref\gui\fieldeditors\LinkedEntriesEditorViewModel.java,1.6214861534535885E-4,62.76367950439453,0.0,gui,62.76367950439453
jabref\src\main\java\org\jabref\logic\crawler\StudyDatabaseToFetcherConverter.java,1.6214861534535885E-4,1.9858779907226562,0.43965813517570496,gui,1.9858779907226562
jabref\src\main\java\org\jabref\gui\externalfiles\UnlinkedFilesDialogViewModel.java,1.3247486352920532,64.39169311523438,104.23277282714844,preferences,104.23277282714844
jabref\src\main\java\org\jabref\logic\shared\listener\PostgresSQLNotificationListener.java,1.6539770876988769E-4,1.5571649074554443,0.0,gui,1.5571649074554443
jabref\src\main\java\org\jabref\gui\preferences\ShowPreferencesAction.java,1.720036379992962E-4,68.29090118408203,99.39323425292969,preferences,99.39323425292969
jabref\src\test\java\org\jabref\logic\formatter\casechanger\UpperCaseFormatterTest.java,1.6214861534535885E-4,6.42308235168457,1.7849555015563965,gui,6.42308235168457
jabref\src\main\java\org\jabref\gui\preferences\nameformatter\NameFormatterTabViewModel.java,1.494285388616845E-4,72.88650512695312,100.34693908691406,preferences,100.34693908691406
jabref\src\main\java\org\jabref\model\openoffice\style\CitationType.java,1.7504328570794314E-4,1.945215106010437,0.0,gui,1.945215106010437
jabref\src\test\java\org\jabref\logic\pdf\search\indexing\DocumentReaderTest.java,1.7775627374649048,3.3990535736083984,0.9517532587051392,gui,3.3990535736083984
jabref\src\main\java\org\jabref\gui\preferences\AbstractPreferenceTabView.java,1.6820644668769091E-4,67.6001205444336,97.9716796875,preferences,97.9716796875
jabref\src\test\java\org\jabref\gui\exporter\ExportToClipboardActionTest.java,35.95248031616211,65.58142852783203,101.72289276123047,preferences,101.72289276123047
jabref\src\main\java\org\jabref\logic\importer\fetcher\AstrophysicsDataSystem.java,8.666915528010577E-5,13.164599418640137,82.28752899169922,preferences,82.28752899169922
jabref\src\main\java\org\jabref\model\groups\AbstractGroup.java,1.362715265713632E-4,3.4856479167938232,0.0,gui,3.4856479167938232
jabref\src\test\java\org\jabref\gui\groups\GroupTreeViewModelTest.java,15.114487648010254,67.24822235107422,35.0,gui,67.24822235107422
jabref\src\test\java\org\jabref\logic\importer\fileformat\ImporterTestEngine.java,1.494285388616845E-4,1.8596267700195312,0.6404961943626404,gui,1.8596267700195312
jabref\src\main\java\org\jabref\gui\preferences\externalfiletypes\ExternalFileTypeItemViewModel.java,0.4650941491127014,76.11532592773438,94.9190902709961,preferences,94.9190902709961
jabref\src\test\java\org\jabref\logic\importer\fetcher\transformers\GVKQueryTransformerTest.java,24.689716339111328,2.379077434539795,1.8783138990402222,cli,24.689716339111328
jabref\src\main\java\org\jabref\gui\entryeditor\OptionalFieldsTab.java,0.4989772439002991,67.39366149902344,97.54681396484375,preferences,97.54681396484375
jabref\src\main\java\org\jabref\gui\texparser\ReferenceViewModel.java,1.6595193301327527E-4,63.41489791870117,0.0,gui,63.41489791870117
jabref\src\test\java\org\jabref\logic\integrity\IntegrityCheckTest.java,0.8126795291900635,2.829521417617798,1.1473435163497925,gui,2.829521417617798
jabref\src\main\java\org\jabref\gui\util\JabRefResourceLocator.java,3.6207056045532227,64.91868591308594,0.0,gui,64.91868591308594
jabref\src\main\java\org\jabref\model\openoffice\style\CitationGroups.java,57.61697006225586,17.420059204101562,2.54288649559021,cli,57.61697006225586
jabref\src\main\java\org\jabref\model\groups\AutomaticPersonsGroup.java,1.5902469749562442E-4,2.586318016052246,0.4260196387767792,gui,2.586318016052246
jabref\src\main\java\org\jabref\logic\xmp\XmpPreferences.java,1.6763710300438106E-4,2.1225345134735107,0.5578259229660034,gui,2.1225345134735107
jabref\src\main\java\org\jabref\gui\copyfiles\CopyFilesAction.java,1.0324257612228394,62.980003356933594,36.0,gui,62.980003356933594
jabref\src\main\java\org\jabref\gui\preferences\entry\EntryTab.java,0.9687279462814331,64.65458679199219,91.62516021728516,preferences,91.62516021728516
jabref\src\main\java\org\jabref\gui\mergeentries\MultiMergeEntriesViewModel.java,1.4764662773814052E-4,72.72792053222656,0.6122680902481079,gui,72.72792053222656
jabref\src\test\java\org\jabref\logic\formatter\bibtexfields\HtmlToUnicodeFormatterTest.java,1.5800996334291995E-4,3.4426686763763428,0.0,gui,3.4426686763763428
jabref\src\main\java\org\jabref\gui\undo\UndoablePreambleChange.java,0.5104188323020935,64.58594512939453,0.0,gui,64.58594512939453
jabref\src\main\java\org\jabref\logic\pdf\FileAnnotationCache.java,1.5800996334291995E-4,1.532278299331665,0.0,gui,1.532278299331665
jabref\src\main\java\org\jabref\gui\fieldeditors\CitationKeyEditor.java,1.570081221871078E-4,64.90159606933594,105.63300323486328,preferences,105.63300323486328
jabref\src\main\java\org\jabref\model\util\OptionalUtil.java,1.3333647802937776E-4,12.512895584106445,0.0,gui,12.512895584106445
jabref\src\main\java\org\jabref\gui\edit\automaticfiededitor\editfieldcontent\EditFieldContentTabView.java,1.0324257612228394,60.28059768676758,0.0,gui,60.28059768676758
jabref\src\main\java\org\jabref\logic\importer\EntryBasedParserFetcher.java,1.5902469749562442E-4,1.5356965065002441,0.0,gui,1.5356965065002441
jabref\src\main\java\org\jabref\logic\formatter\bibtexfields\EscapeAmpersandsFormatter.java,3.8960089683532715,1.4973679780960083,0.0,cli,3.8960089683532715
jabref\src\test\java\org\jabref\model\search\rules\MockSearchMatcher.java,1.747344940667972E-4,2.4014153480529785,0.0,gui,2.4014153480529785
jabref\src\main\java\org\jabref\preferences\PreferencesService.java,0.5867640376091003,2.74582576751709,96.1039047241211,preferences,96.1039047241211
jabref\src\main\java\org\jabref\logic\integrity\IntegrityMessage.java,0.45557543635368347,1.9213491678237915,0.0,gui,1.9213491678237915
jabref\src\main\java\org\jabref\model\openoffice\style\OODataModel.java,3.993894497398287E-4,2.800062417984009,0.4541987180709839,gui,2.800062417984009
jabref\src\main\java\org\jabref\logic\remote\RemoteUtil.java,1.7628943896852434E-4,1.5938551425933838,0.0,gui,1.5938551425933838
jabref\src\test\java\org\jabref\logic\importer\fetcher\MrDLibFetcherTest.java,39.39608383178711,25.795106887817383,0.0,cli,39.39608383178711
jabref\src\main\java\org\jabref\gui\mergeentries\MergeWithFetchedEntryAction.java,1.0152455568313599,78.20155334472656,39.53699493408203,gui,78.20155334472656
jabref\src\main\java\org\jabref\logic\layout\format\AuthorLF_FFAbbr.java,1.7442679381929338E-4,1.5875805616378784,0.0,gui,1.5875805616378784
jabref\src\test\java\org\jabref\logic\integrity\DoiDuplicationCheckerTest.java,0.6517452597618103,14.461343765258789,1.3574306964874268,gui,14.461343765258789
jabref\src\main\java\org\jabref\logic\importer\fetcher\transformers\ArXivQueryTransformer.java,24.953187942504883,1.546219825744629,0.0,cli,24.953187942504883
jabref\src\test\java\org\jabref\logic\importer\fileformat\BibtexImporterTest.java,0.482233464717865,15.616083145141602,3.4547393321990967,gui,15.616083145141602
jabref\src\main\java\org\jabref\logic\protectedterms\ProtectedTermsParser.java,3.77862811088562,1.5095198154449463,0.0,cli,3.77862811088562
jabref\src\main\java\org\jabref\logic\integrity\DoiDuplicationChecker.java,0.4650941491127014,13.158620834350586,0.9685593247413635,gui,13.158620834350586
jabref\src\test\java\org\jabref\logic\importer\fileformat\PdfGrobidImporterTest.java,0.6549429297447205,9.386693954467773,0.6063998937606812,gui,9.386693954467773
jabref\src\main\java\org\jabref\logic\citationkeypattern\CitationKeyGenerator.java,1.2037337728543207E-4,8.907614707946777,0.6318634152412415,gui,8.907614707946777
jabref\src\main\java\org\jabref\gui\search\SearchFieldRightClickMenu.java,0.5640693306922913,74.76346588134766,0.7691677808761597,gui,74.76346588134766
jabref\src\main\java\org\jabref\logic\importer\fetcher\MedlineFetcher.java,0.5240386724472046,9.696494102478027,0.0,gui,9.696494102478027
jabref\src\main\java\org\jabref\gui\commonfxcontrols\CitationKeyPatternPanelViewModel.java,0.4094827473163605,69.6311264038086,0.0,gui,69.6311264038086
jabref\src\main\java\org\jabref\model\search\rules\GrammarBasedSearchRule.java,2.2046329975128174,8.166496276855469,1.2032759189605713,gui,8.166496276855469
jabref\src\main\java\org\jabref\gui\collab\DatabaseChangeResolver.java,1.7442679381929338E-4,64.86599731445312,0.0,gui,64.86599731445312
jabref\src\main\java\org\jabref\gui\edit\automaticfiededitor\copyormovecontent\CopyOrMoveFieldContentTabViewModel.java,1.2524391058832407E-4,67.58464050292969,0.0,gui,67.58464050292969
jabref\src\test\java\org\jabref\logic\importer\fetcher\DoiResolutionTest.java,1.4254706911742687E-4,18.77651596069336,0.0,gui,18.77651596069336
jabref\src\main\java\org\jabref\model\pdf\search\SearchResult.java,1.4254706911742687E-4,1.584092378616333,0.0,gui,1.584092378616333
jabref\src\main\java\org\jabref\model\entry\SharedBibEntryData.java,1.6539770876988769E-4,1.8380260467529297,0.0,gui,1.8380260467529297
jabref\src\main\java\org\jabref\gui\search\RebuildFulltextSearchIndexAction.java,1.0444905757904053,71.54813385009766,1.0,gui,71.54813385009766
jabref\src\test\java\org\jabref\logic\importer\fetcher\PicaXmlParserTest.java,1.4254706911742687E-4,13.61616039276123,0.8810476660728455,gui,13.61616039276123
jabref\src\test\java\org\jabref\logic\formatter\minifier\TruncateFormatterTest.java,1.570081221871078E-4,2.1231799125671387,0.0,gui,2.1231799125671387
jabref\src\main\java\org\jabref\architecture\AllowedToUseSwing.java,1.7883573309518397E-4,5.3195600509643555,0.0,gui,5.3195600509643555
jabref\src\main\java\org\jabref\gui\preferences\xmp\XmpPrivacyTabViewModel.java,0.573765218257904,61.93216323852539,88.36553955078125,preferences,88.36553955078125
jabref\src\test\java\org\jabref\logic\layout\format\DefaultTest.java,1.6214861534535885E-4,1.9518983364105225,0.0,gui,1.9518983364105225
jabref\src\test\java\org\jabref\logic\net\URLDownloadTest.java,41.52006912231445,2.2940261363983154,0.28869950771331787,cli,41.52006912231445
jabref\src\test\java\org\jabref\model\FieldChangeTest.java,1.5125398931559175E-4,13.06552505493164,0.0,gui,13.06552505493164
jabref\src\main\java\org\jabref\logic\msbib\MSBibEntry.java,7.080826617311686E-5,7.517096042633057,3.800222873687744,gui,7.517096042633057
jabref\src\test\java\org\jabref\model\pdf\FileAnnotationTest.java,1.4764662773814052E-4,4.188750743865967,0.568489670753479,gui,4.188750743865967
jabref\src\main\java\org\jabref\gui\undo\UndoableRemoveEntries.java,0.664727509021759,80.25931549072266,1.0207493305206299,gui,80.25931549072266
jabref\src\main\java\org\jabref\logic\importer\SearchBasedParserFetcher.java,1.550420420244336E-4,1.5222804546356201,0.0,gui,1.5222804546356201
jabref\src\test\java\org\jabref\logic\importer\util\GrobidServiceTest.java,0.4502499997615814,15.06141471862793,0.0,gui,15.06141471862793
jabref\src\main\java\org\jabref\logic\importer\fetcher\DoiResolution.java,1.1586748587433249E-4,22.298086166381836,1.0,gui,22.298086166381836
jabref\src\main\java\org\jabref\logic\bst\BstVMVisitor.java,9.181050700135529E-5,10.885041236877441,0.5068060755729675,gui,10.885041236877441
jabref\src\main\java\org\jabref\logic\msbib\MsBibAuthor.java,1.6109376156236976E-4,1.5426664352416992,0.0,gui,1.5426664352416992
jabref\src\test\java\org\jabref\logic\remote\RemoteSetupTest.java,26.83448028564453,1.9989957809448242,0.0,cli,26.83448028564453
jabref\buildSrc\src\copied\java\org\jabref\logic\journals\AbbreviationParser.java,0.6531237363815308,11.027978897094727,0.0,gui,11.027978897094727
jabref\src\test\java\org\jabref\logic\importer\fetcher\GvkFetcherTest.java,1.3921639919281006,37.41863250732422,1.4310075044631958,gui,37.41863250732422
jabref\src\main\java\org\jabref\gui\util\CustomTitledPaneSkin.java,0.6045211553573608,60.70835494995117,0.28082817792892456,gui,60.70835494995117
jabref\src\test\java\org\jabref\logic\exporter\ModsExportFormatFilesTest.java,1.305252080783248E-4,1.7305350303649902,0.8883982300758362,gui,1.7305350303649902
jabref\src\test\java\org\jabref\gui\externalfiles\UnlinkedFilesCrawlerTest.java,1.4254706911742687E-4,59.949371337890625,0.5958271026611328,gui,59.949371337890625
jabref\src\main\java\org\jabref\model\search\rules\ContainsBasedSearchRule.java,1.550420420244336E-4,8.739797592163086,1.9172861576080322,gui,8.739797592163086
jabref\src\main\java\org\jabref\logic\cleanup\RenamePdfCleanup.java,0.6688307523727417,1.5356965065002441,0.0,gui,1.5356965065002441
jabref\src\main\java\org\jabref\logic\layout\format\DOIStrip.java,1.7351015412714332E-4,11.487507820129395,0.0,gui,11.487507820129395
jabref\src\main\java\org\jabref\model\study\StudyQuery.java,1.6595193301327527E-4,1.8441849946975708,0.0,gui,1.8441849946975708
jabref\src\main\java\org\jabref\gui\maintable\columns\MainTableColumn.java,1.6430030518677086E-4,65.3520278930664,0.0,gui,65.3520278930664
jabref\src\main\java\org\jabref\model\search\rules\SearchRule.java,1.7442679381929338E-4,1.9383641481399536,0.0,gui,1.9383641481399536
jabref\src\main\java\org\jabref\logic\exporter\AtomicFileWriter.java,0.6576195955276489,1.9858779907226562,0.43965813517570496,gui,1.9858779907226562
jabref\src\test\java\org\jabref\gui\externalfiles\GitIgnoreFileFilterTest.java,1.570081221871078E-4,62.477783203125,0.0,gui,62.477783203125
jabref\src\main\java\org\jabref\model\metadata\event\MetaDataChangedEvent.java,1.7504328570794314E-4,1.945215106010437,0.0,gui,1.945215106010437
jabref\src\main\java\org\jabref\model\groups\AutomaticGroup.java,1.6763710300438106E-4,2.3273508548736572,0.46443885564804077,gui,2.3273508548736572
jabref\src\test\java\org\jabref\logic\importer\fetcher\SpringerLinkTest.java,98.77316284179688,20.043241500854492,1.6497304439544678,cli,98.77316284179688
jabref\src\main\java\org\jabref\logic\citationstyle\CitationStyleOutputFormat.java,1.000171422958374,1.577412486076355,0.0,gui,1.577412486076355
jabref\src\test\java\org\jabref\logic\cleanup\DoiDecodeCleanupTest.java,1.4254706911742687E-4,12.65058708190918,0.0,gui,12.65058708190918
jabref\src\main\java\org\jabref\model\openoffice\rangesort\FunctionalTextViewCursor.java,1.362715265713632E-4,9.601794242858887,0.0,gui,9.601794242858887
jabref\src\main\java\org\jabref\logic\formatter\casechanger\ProtectTermsFormatter.java,0.5716915130615234,1.5356965065002441,0.0,gui,1.5356965065002441
jabref\src\test\java\org\jabref\gui\mergeentries\ThreeWayMergeViewModelTest.java,1.362715265713632E-4,64.63775634765625,1.1139649152755737,gui,64.63775634765625
jabref\src\main\java\org\jabref\gui\push\PushToWinEdt.java,1.0001699924468994,65.09739685058594,35.0,gui,65.09739685058594
jabref\src\main\java\org\jabref\gui\externalfiles\FindUnlinkedFilesAction.java,0.5270358324050903,64.5537338256836,1.0,gui,64.5537338256836
jabref\src\test\java\org\jabref\logic\importer\fetcher\transformers\ArXivQueryTransformerTest.java,25.22234344482422,1.9598743915557861,0.0,cli,25.22234344482422
jabref\src\main\java\org\jabref\logic\database\DatabaseMerger.java,1.2783003330696374E-4,8.574896812438965,0.0,gui,8.574896812438965
jabref\src\main\java\org\jabref\model\search\rules\RegexBasedSearchRule.java,0.4334004521369934,8.581854820251465,1.8799521923065186,gui,8.581854820251465
jabref\src\main\java\org\jabref\model\database\BibDatabaseModeDetection.java,1.7170546925626695E-4,1.9081228971481323,0.0,gui,1.9081228971481323
jabref\src\main\java\org\jabref\logic\layout\format\CSLType.java,1.6993794997688383E-4,2.9655442237854004,0.0,gui,2.9655442237854004
jabref\src\main\java\org\jabref\gui\Globals.java,35.000152587890625,59.830360412597656,1.53939950466156,gui,59.830360412597656
jabref\src\main\java\org\jabref\gui\undo\CountingUndoManager.java,0.6456924080848694,61.883506774902344,0.0,gui,61.883506774902344
jabref\src\main\java\org\jabref\gui\collab\stringdelete\BibTexStringDeleteDetailsView.java,0.6336730122566223,64.78390502929688,0.0,gui,64.78390502929688
jabref\src\main\java\org\jabref\model\openoffice\style\CitedKey.java,34.62357711791992,1.5484380722045898,2.0240111351013184,cli,34.62357711791992
jabref\src\test\java\org\jabref\model\database\BibDatabaseContextTest.java,0.6705883741378784,4.786728382110596,2.7619595527648926,gui,4.786728382110596
jabref\src\main\java\org\jabref\model\openoffice\uno\UnoUndo.java,1.6539770876988769E-4,10.047523498535156,0.0,gui,10.047523498535156
jabref\src\main\java\org\jabref\gui\edit\OpenBrowserAction.java,1.7381462384946644E-4,64.76117706298828,0.0,gui,64.76117706298828
jabref\src\main\java\org\jabref\gui\fieldeditors\OwnerEditorViewModel.java,1.720036379992962E-4,67.95809173583984,106.25704193115234,preferences,106.25704193115234
jabref\src\test\java\org\jabref\logic\git\SlrGitHandlerTest.java,2.2945876121520996,10.606696128845215,1.6889808177947998,gui,10.606696128845215
jabref\src\main\java\org\jabref\gui\exporter\ExporterViewModel.java,1.6820644668769091E-4,71.81211853027344,0.0,gui,71.81211853027344
jabref\src\main\java\org\jabref\logic\pdf\search\retrieval\PdfSearcher.java,1.494285388616845E-4,1.5033705234527588,0.0,gui,1.5033705234527588
jabref\src\main\java\org\jabref\logic\layout\format\RemoveLatexCommandsFormatter.java,2.5035219192504883,1.5095198154449463,0.0,cli,2.5035219192504883
jabref\src\main\java\org\jabref\model\entry\field\OrFields.java,1.6430030518677086E-4,3.384573459625244,0.0,gui,3.384573459625244
jabref\src\main\java\org\jabref\gui\fieldeditors\LinkedFilesEditor.java,40.157440185546875,60.09259796142578,71.02854919433594,preferences,71.02854919433594
jabref\src\test\java\org\jabref\model\event\EventListenerTest.java,1.6707158647477627E-4,2.2827694416046143,0.0,gui,2.2827694416046143
jabref\src\main\java\org\jabref\logic\integrity\UTF8Checker.java,0.4750191271305084,1.546219825744629,0.0,gui,1.546219825744629
jabref\src\test\java\org\jabref\logic\openoffice\style\OOBibStyleTest.java,75.46421813964844,3.7395260334014893,0.06254684925079346,cli,75.46421813964844
jabref\src\main\java\org\jabref\logic\layout\LayoutFormatterBasedFormatter.java,1.6877969028428197E-4,1.5685575008392334,0.0,gui,1.5685575008392334
jabref\src\main\java\org\jabref\gui\externalfiles\ExternalFilesEntryLinker.java,0.6596642136573792,63.40739822387695,0.0,gui,63.40739822387695
jabref\src\main\java\org\jabref\model\openoffice\uno\UnoCrossRef.java,0.6517452597618103,11.794571876525879,0.0,gui,11.794571876525879
jabref\src\main\java\org\jabref\gui\maintable\RightClickMenu.java,35.00010299682617,60.78170394897461,35.57502746582031,gui,60.78170394897461
jabref\src\test\java\org\jabref\logic\formatter\bibtexfields\RemoveHyphenatedNewlinesFormatterTest.java,1.6539770876988769E-4,9.57734489440918,1.506859540939331,gui,9.57734489440918
jabref\src\main\java\org\jabref\gui\libraryproperties\contentselectors\ContentSelectorViewModel.java,0.6435040831565857,61.5794563293457,0.7794026136398315,gui,61.5794563293457
jabref\src\main\java\org\jabref\logic\formatter\bibtexfields\ReplaceTabsBySpaceFormater.java,0.5965947508811951,2.068571090698242,0.0,gui,2.068571090698242
jabref\src\main\java\org\jabref\gui\entryeditor\OpenEntryEditorAction.java,0.5163387656211853,72.39463806152344,1.0,gui,72.39463806152344
jabref\src\main\java\org\jabref\gui\EntryTypeView.java,23.021841049194336,56.51514434814453,96.2293701171875,preferences,96.2293701171875
jabref\src\main\java\org\jabref\gui\slr\ManageStudyDefinitionView.java,12.805633544921875,60.091678619384766,35.324771881103516,gui,60.091678619384766
jabref\src\main\java\org\jabref\gui\util\uithreadaware\UiThreadInvalidationListener.java,1.6993794997688383E-4,64.09739685058594,0.0,gui,64.09739685058594
jabref\src\main\java\org\jabref\logic\integrity\DateChecker.java,0.5163387656211853,1.5744303464889526,0.0,gui,1.5744303464889526
jabref\src\main\java\org\jabref\logic\protectedterms\ProtectedTermsLoader.java,1.2667237520217896,14.159370422363281,103.84539794921875,preferences,103.84539794921875
jabref\src\main\java\org\jabref\gui\fieldeditors\KeywordsEditor.java,1.7290438700001687E-4,67.45476531982422,99.73045349121094,preferences,99.73045349121094
jabref\src\main\java\org\jabref\gui\preferences\network\CustomCertificateViewModel.java,1.4764662773814052E-4,62.8598747253418,90.27467346191406,preferences,90.27467346191406
jabref\src\main\java\org\jabref\gui\preferences\file\FileTab.java,1.4714562892913818,63.85642623901367,92.3254623413086,preferences,92.3254623413086
jabref\src\main\java\org\jabref\gui\search\rules\describer\GrammarBasedSearchRuleDescriber.java,0.6587820053100586,56.7905387878418,0.8625437617301941,gui,56.7905387878418
jabref\src\main\java\org\jabref\model\groups\LastNameGroup.java,1.6005254292394966E-4,1.778626561164856,0.0,gui,1.778626561164856
jabref\src\test\java\org\jabref\gui\edit\RenameFieldViewModelTest.java,1.2037337728543207E-4,56.12712097167969,0.0,gui,56.12712097167969
jabref\src\main\java\org\jabref\gui\specialfields\SpecialFieldViewModel.java,1.4764662773814052E-4,67.78107452392578,35.0,gui,67.78107452392578
jabref\src\main\java\org\jabref\gui\collab\preamblechange\PreambleChangeDetailsView.java,0.6456924080848694,64.10519409179688,0.41738784313201904,gui,64.10519409179688
jabref\src\test\java\org\jabref\logic\layout\format\RemoveWhitespaceTest.java,1.6539770876988769E-4,2.148474931716919,0.0,gui,2.148474931716919
jabref\src\main\java\org\jabref\gui\errorconsole\ErrorConsoleViewModel.java,52.995845794677734,57.05256271362305,3.97271466255188,gui,57.05256271362305
jabref\src\main\java\org\jabref\gui\preferences\customexporter\CustomExporterTab.java,0.8838574290275574,64.20524597167969,93.04329681396484,preferences,93.04329681396484
jabref\src\main\java\org\jabref\logic\citationkeypattern\BracketedPattern.java,4.2986860275268555,6.863729953765869,0.0,gui,6.863729953765869
jabref\src\main\java\org\jabref\logic\externalfiles\ExternalFilesContentImporter.java,0.6088353395462036,1.5705018043518066,0.0,gui,1.5705018043518066
jabref\src\main\java\org\jabref\gui\util\BaseDialog.java,0.5573886036872864,65.26127624511719,0.0,gui,65.26127624511719
jabref\src\main\java\org\jabref\logic\layout\LayoutFormatterPreferences.java,1.665098825469613E-4,11.064388275146484,0.0,gui,11.064388275146484
jabref\src\main\java\org\jabref\gui\externalfiles\DownloadFullTextAction.java,16.50327491760254,67.72285461425781,101.84528350830078,preferences,101.84528350830078
jabref\src\main\java\org\jabref\model\openoffice\style\CitationMarkerEntry.java,1.756641431711614E-4,1.9521147012710571,0.0,gui,1.9521147012710571
jabref\src\main\java\org\jabref\logic\openoffice\frontend\OOFrontend.java,0.5264401435852051,8.749702453613281,1.0,gui,8.749702453613281
jabref\src\test\java\org\jabref\gui\util\comparator\RankingFieldComparatorTest.java,1.5902469749562442E-4,62.81916427612305,0.0,gui,62.81916427612305
jabref\src\main\java\org\jabref\gui\edit\automaticfiededitor\AutomaticFieldEditorTab.java,1.7691918765194714E-4,65.29275512695312,0.0,gui,65.29275512695312
jabref\src\test\java\org\jabref\logic\importer\ImporterTest.java,0.37499240040779114,1.8972073793411255,0.0,gui,1.8972073793411255
jabref\src\main\java\org\jabref\logic\util\strings\QuotedStringTokenizer.java,1.6005254292394966E-4,1.5391589403152466,0.0,gui,1.5391589403152466
jabref\src\main\java\org\jabref\model\entry\identifier\ISBN.java,1.4254706911742687E-4,3.287945508956909,0.0,gui,3.287945508956909
jabref\src\main\java\org\jabref\logic\formatter\bibtexfields\ShortenDOIFormatter.java,0.5867640376091003,12.297920227050781,0.0,gui,12.297920227050781
jabref\src\test\java\org\jabref\logic\openoffice\style\OOBibStyleTestHelper.java,7.793997065164149E-5,8.363555908203125,0.0,gui,8.363555908203125
jabref\src\main\java\org\jabref\model\entry\types\EntryTypeFactory.java,27.884477615356445,3.7140934467315674,0.0,cli,27.884477615356445
jabref\src\test\java\org\jabref\logic\remote\RemoteUtilTest.java,1.550420420244336E-4,2.086752414703369,0.0,gui,2.086752414703369
jabref\src\main\java\org\jabref\logic\importer\fileformat\InspecImporter.java,0.3119354248046875,2.924724817276001,0.0,gui,2.924724817276001
jabref\src\main\java\org\jabref\gui\groups\GroupModeViewModel.java,0.5986006259918213,65.31913757324219,0.0,gui,65.31913757324219
jabref\src\main\java\org\jabref\logic\net\ProgressInputStream.java,0.4509607255458832,12.113397598266602,0.41738784313201904,gui,12.113397598266602
jabref\src\test\java\org\jabref\logic\cleanup\TimeStampToCreationDateTest.java,1.007779355859384E-4,1.5430943965911865,0.0,gui,1.5430943965911865
jabref\src\test\java\org\jabref\gui\util\comparator\NumericFieldComparatorTest.java,1.5312459436245263E-4,61.8304443359375,0.0,gui,61.8304443359375
jabref\src\main\java\org\jabref\logic\importer\fetcher\GrobidPreferences.java,1.6430030518677086E-4,12.251286506652832,0.5893476009368896,gui,12.251286506652832
jabref\src\main\java\org\jabref\gui\logging\ApplicationInsightsWriter.java,35.00015640258789,62.26863479614258,0.0,gui,62.26863479614258
jabref\src\main\java\org\jabref\logic\auxparser\DefaultAuxParser.java,3.557805299758911,10.136974334716797,0.0,gui,10.136974334716797
jabref\src\main\java\org\jabref\gui\libraryproperties\LibraryPropertiesAction.java,0.49072709679603577,72.76000213623047,1.0,gui,72.76000213623047
jabref\src\main\java\org\jabref\logic\importer\ParseException.java,1.7412017041351646E-4,1.586547613143921,0.0,gui,1.586547613143921
jabref\src\test\java\org\jabref\logic\bibtex\FieldContentFormatterTest.java,0.8256444334983826,2.4295578002929688,0.0,gui,2.4295578002929688
jabref\src\main\java\org\jabref\gui\integrity\IntegrityCheckAction.java,21.346540451049805,67.73409271240234,1.0,gui,67.73409271240234
jabref\src\main\java\org\jabref\gui\undo\UndoRedoAction.java,1.0828930139541626,61.54686737060547,1.0,gui,61.54686737060547
jabref\src\test\java\org\jabref\logic\integrity\AbbreviationCheckerTest.java,1.442073262296617E-4,2.0642342567443848,0.0,gui,2.0642342567443848
jabref\src\test\java\org\jabref\testutils\category\DatabaseTest.java,1.7504328570794314E-4,0.46102529764175415,0.0,gui,0.46102529764175415
jabref\src\main\java\org\jabref\model\openoffice\style\CitationGroupId.java,1.756641431711614E-4,1.9521147012710571,0.0,gui,1.9521147012710571
jabref\src\main\java\org\jabref\logic\integrity\ISBNChecker.java,0.6067605018615723,1.5685575008392334,0.0,gui,1.5685575008392334
jabref\src\main\java\org\jabref\gui\util\DefaultTaskExecutor.java,28.892412185668945,65.85039520263672,0.0,gui,65.85039520263672
jabref\src\main\java\org\jabref\logic\importer\fetcher\transformers\ZbMathQueryTransformer.java,1.6430030518677086E-4,1.553468108177185,0.0,gui,1.553468108177185
jabref\src\main\java\org\jabref\gui\entryeditor\PreviewSwitchAction.java,0.5075095891952515,63.899078369140625,1.0,gui,63.899078369140625
jabref\src\main\java\org\jabref\model\openoffice\style\CitationGroup.java,2.678136224858463E-4,12.342926025390625,0.0,gui,12.342926025390625
jabref\src\main\java\org\jabref\logic\bst\util\BstPurifier.java,1.5125398931559175E-4,1.5095198154449463,0.8349419236183167,gui,1.5095198154449463
jabref\src\main\java\org\jabref\gui\entryeditor\LatexCitationsTab.java,0.9000046849250793,66.63169860839844,35.26630783081055,gui,66.63169860839844
jabref\src\main\java\org\jabref\gui\search\SearchResultsTable.java,0.4334004521369934,64.08865356445312,35.0,gui,64.08865356445312
jabref\src\main\java\org\jabref\gui\entryeditor\UserDefinedFieldsTab.java,1.6321736620739102E-4,68.2356185913086,97.64702606201172,preferences,97.64702606201172
jabref\src\test\java\org\jabref\model\entry\EntryTypeFactoryTest.java,1.7504328570794314E-4,2.48266863822937,0.0,gui,2.48266863822937
jabref\src\main\java\org\jabref\model\entry\identifier\EprintIdentifier.java,1.759762380970642E-4,1.955582857131958,0.0,gui,1.955582857131958
jabref\src\main\java\org\jabref\model\entry\EntryConverter.java,1.550420420244336E-4,1.7229459285736084,0.0,gui,1.7229459285736084
jabref\src\main\java\org\jabref\logic\importer\fileformat\medline\PersonalNameSubject.java,1.7628943896852434E-4,1.5938551425933838,1.0,gui,1.5938551425933838
jabref\src\main\java\org\jabref\logic\exporter\XmpExporter.java,0.6930628418922424,1.5222804546356201,0.0,gui,1.5222804546356201
jabref\src\main\java\org\jabref\gui\mergeentries\EntriesMergeResult.java,1.7504328570794314E-4,64.9715576171875,0.0,gui,64.9715576171875
jabref\src\main\java\org\jabref\gui\groups\GroupDialogViewModel.java,8.975759506225586,59.583980560302734,35.8697509765625,gui,59.583980560302734
jabref\src\test\java\org\jabref\logic\integrity\BracesCorrectorTest.java,1.6321736620739102E-4,2.1556320190429688,0.0,gui,2.1556320190429688
jabref\src\main\java\org\jabref\logic\util\io\FileFinders.java,1.7290438700001687E-4,1.5824521780014038,0.0,gui,1.5824521780014038
jabref\src\test\java\org\jabref\logic\integrity\EditionCheckerTest.java,0.4898941218852997,2.0648372173309326,0.0,gui,2.0648372173309326
jabref\src\main\java\org\jabref\gui\libraryproperties\LibraryPropertiesView.java,1.1008082628250122,68.09877014160156,0.0,gui,68.09877014160156
jabref\src\main\java\org\jabref\gui\actions\SimpleCommand.java,1.5193504095077515,72.5433349609375,0.0,gui,72.5433349609375
jabref\src\main\java\org\jabref\logic\util\io\FileFinder.java,1.7442679381929338E-4,1.5875805616378784,0.0,gui,1.5875805616378784
jabref\src\main\java\org\jabref\logic\util\DelayTaskThrottler.java,4.404210567474365,1.532278299331665,0.0,cli,4.404210567474365
jabref\src\main\java\org\jabref\logic\importer\fileformat\CopacImporter.java,3.973559617996216,6.222250461578369,0.0,gui,6.222250461578369
jabref\src\main\java\org\jabref\logic\integrity\ValueChecker.java,1.7755346198100597E-4,1.5981131792068481,0.0,gui,1.5981131792068481
jabref\src\main\java\org\jabref\gui\preferences\externalfiletypes\ExternalFileTypesTab.java,0.7025057077407837,60.256568908691406,84.9173583984375,preferences,84.9173583984375
jabref\src\main\java\org\jabref\gui\importer\ImportEntriesViewModel.java,0.8506797552108765,68.45616149902344,102.19451141357422,preferences,102.19451141357422
jabref\src\main\java\org\jabref\gui\autocompleter\WordSuggestionProvider.java,1.7111223132815212E-4,64.2984619140625,0.0,gui,64.2984619140625
jabref\src\main\java\org\jabref\model\entry\field\IEEEField.java,1.550420420244336E-4,2.132044792175293,0.40909889340400696,gui,2.132044792175293
jabref\src\test\java\org\jabref\logic\layout\format\RisMonthTest.java,1.6109376156236976E-4,9.998672485351562,0.4350159466266632,gui,9.998672485351562
jabref\src\main\java\org\jabref\logic\importer\fileformat\mods\RecordInfo.java,1.7140834825113416E-4,2.147787570953369,0.5703750848770142,gui,2.147787570953369
jabref\src\main\java\org\jabref\gui\logging\ApplicationInsightsLogEvent.java,1.0001425743103027,59.407432556152344,3.183128595352173,gui,59.407432556152344
jabref\src\main\java\org\jabref\gui\collab\metedatachange\MetadataChange.java,0.4989772439002991,63.60660934448242,0.0,gui,63.60660934448242
jabref\src\main\java\org\jabref\gui\maintable\columns\FileColumn.java,1.0140026807785034,69.94062805175781,35.0,gui,69.94062805175781
jabref\src\test\java\org\jabref\logic\importer\fileformat\CitaviXmlImporterFilesTest.java,1.6109376156236976E-4,1.944061517715454,0.0,gui,1.944061517715454
jabref\src\test\java\org\jabref\logic\layout\format\RemoveBracketsAddCommaTest.java,1.665098825469613E-4,1.9846782684326172,0.0,gui,1.9846782684326172
jabref\src\main\java\org\jabref\logic\layout\format\RemoveBrackets.java,1.720036379992962E-4,1.5794179439544678,0.0,gui,1.5794179439544678
jabref\src\main\java\org\jabref\logic\xmp\XmpUtilReader.java,1.3333647802937776E-4,3.3432741165161133,0.0,gui,3.3432741165161133
jabref\src\main\java\org\jabref\logic\importer\fetcher\transformers\ScholarQueryTransformer.java,1.6935683379415423E-4,1.5705018043518066,0.0,gui,1.5705018043518066
jabref\src\main\java\org\jabref\gui\documentviewer\PdfDocumentPageViewModel.java,1.5125398931559175E-4,77.16552734375,0.9206054210662842,gui,77.16552734375
jabref\src\test\java\org\jabref\gui\mergeentries\GroupMergerTest.java,1.570081221871078E-4,62.26863479614258,0.0,gui,62.26863479614258
jabref\src\main\java\org\jabref\logic\remote\server\RemoteListenerServerThread.java,1.8055357213597745E-4,1.5685575008392334,0.0,gui,1.5685575008392334
jabref\src\main\java\org\jabref\logic\util\strings\StringManipulator.java,1.305252080783248E-4,3.642059087753296,0.7454068660736084,gui,3.642059087753296
jabref\src\main\java\org\jabref\gui\openoffice\OOBibBase.java,1.0415987968444824,60.56050491333008,22.98172378540039,gui,60.56050491333008
jabref\src\test\java\org\jabref\logic\layout\format\ReplaceUnicodeLigaturesFormatterTest.java,1.6321736620739102E-4,2.1280288696289062,2.8414342403411865,preferences,2.8414342403411865
jabref\src\main\java\org\jabref\gui\entryeditor\fileannotationtab\FileAnnotationTabView.java,1.2403346300125122,65.61331176757812,0.0,gui,65.61331176757812
jabref\src\main\java\org\jabref\gui\util\OnlyIntegerFormatter.java,1.7081713303923607E-4,64.24794006347656,0.0,gui,64.24794006347656
jabref\src\test\java\org\jabref\logic\importer\fileformat\RISImporterTest.java,0.6366948485374451,2.143249034881592,0.0,gui,2.143249034881592
jabref\src\test\java\org\jabref\logic\shared\ConnectorTest.java,1.8915135296992958E-4,1.9213491678237915,0.0,gui,1.9213491678237915
jabref\src\main\java\org\jabref\logic\openoffice\style\StyleLoader.java,1.080824851989746,9.787639617919922,0.0,gui,9.787639617919922
jabref\src\main\java\org\jabref\model\entry\identifier\Identifier.java,1.759762380970642E-4,1.955582857131958,0.0,gui,1.955582857131958
jabref\src\main\java\org\jabref\gui\sidepane\SidePaneType.java,0.5946023464202881,63.320003509521484,0.0,gui,63.320003509521484
jabref\src\test\java\org\jabref\logic\cleanup\ConvertToBiblatexCleanupTest.java,1.5489764336962253E-4,1.9492363929748535,0.0,gui,1.9492363929748535
jabref\src\test\java\org\jabref\gui\search\GetLastSearchHistoryTest.java,1.494285388616845E-4,61.121646881103516,0.0,gui,61.121646881103516
jabref\src\main\java\org\jabref\architecture\AllowedToUseStandardStreams.java,1.7883573309518397E-4,5.3195600509643555,0.0,gui,5.3195600509643555
jabref\src\main\java\org\jabref\logic\shared\event\UpdateRefusedEvent.java,1.7111223132815212E-4,1.5764150619506836,0.0,gui,1.5764150619506836
jabref\src\main\java\org\jabref\gui\preferences\file\FileTabViewModel.java,0.5644418597221375,64.56291961669922,93.77934265136719,preferences,93.77934265136719
jabref\src\test\java\org\jabref\logic\util\VersionTest.java,21.020925521850586,4.084817886352539,0.0,cli,21.020925521850586
jabref\src\test\java\org\jabref\logic\util\ExternalLinkCreatorTest.java,1.7543691501487046E-4,9.64889907836914,0.0,gui,9.64889907836914
jabref\src\main\java\org\jabref\logic\layout\format\RisKeywords.java,1.6707158647477627E-4,1.5628035068511963,0.0,gui,1.5628035068511963
jabref\src\main\java\org\jabref\gui\DialogService.java,0.3627701997756958,60.16972732543945,0.0,gui,60.16972732543945
jabref\src\main\java\org\jabref\gui\shared\PullChangesFromSharedAction.java,0.5163387656211853,64.19758605957031,1.0,gui,64.19758605957031
jabref\src\main\java\org\jabref\gui\openoffice\AdvancedCiteDialogViewModel.java,1.756641431711614E-4,65.07786560058594,0.0,gui,65.07786560058594
jabref\src\main\java\org\jabref\gui\groups\GroupsPreferences.java,1.5902469749562442E-4,70.13792419433594,0.6020519733428955,gui,70.13792419433594
jabref\src\test\java\org\jabref\gui\search\GrammarBasedSearchRuleDescriberTest.java,0.7464330196380615,50.515777587890625,0.0,gui,50.515777587890625
jabref\src\main\java\org\jabref\logic\importer\ImportFormatReader.java,57.37145233154297,5.719333648681641,0.0,cli,57.37145233154297
jabref\src\main\java\org\jabref\model\groups\ExplicitGroup.java,1.5125398931559175E-4,3.885814666748047,0.0,gui,3.885814666748047
jabref\src\main\java\org\jabref\gui\maintable\MainTableColumnFactory.java,0.3622952103614807,53.25556945800781,35.0,gui,53.25556945800781
jabref\src\main\java\org\jabref\gui\util\FieldsUtil.java,0.6576195955276489,62.76367950439453,0.0,gui,62.76367950439453
jabref\src\main\java\org\jabref\gui\documentviewer\DocumentViewModel.java,1.756641431711614E-4,73.69996643066406,0.0,gui,73.69996643066406
jabref\src\main\java\org\jabref\logic\integrity\AmpersandChecker.java,0.48537689447402954,1.553468108177185,0.0,gui,1.553468108177185
jabref\src\test\java\org\jabref\gui\search\TextFlowEqualityHelper.java,1.5902469749562442E-4,72.9482650756836,0.0,gui,72.9482650756836
jabref\src\main\java\org\jabref\model\entry\Author.java,9.461690933676437E-5,2.8951563835144043,0.0,gui,2.8951563835144043
jabref\src\main\java\org\jabref\logic\undo\UndoChangeEvent.java,1.720036379992962E-4,1.5794179439544678,0.0,gui,1.5794179439544678
jabref\src\test\java\org\jabref\logic\importer\fetcher\DiVATest.java,1.3933866284787655E-4,9.504373550415039,0.0,gui,9.504373550415039
jabref\src\main\java\org\jabref\gui\mergeentries\newmergedialog\ThreeWayMergeView.java,1.0763978958129883,58.466514587402344,0.0,gui,58.466514587402344
jabref\src\main\java\org\jabref\gui\mergeentries\newmergedialog\fieldsmerger\FileMerger.java,1.6539770876988769E-4,63.320003509521484,0.0,gui,63.320003509521484
jabref\src\main\java\org\jabref\gui\util\FileDialogConfiguration.java,1.3933866284787655E-4,58.85807800292969,0.0,gui,58.85807800292969
jabref\src\main\java\org\jabref\logic\openoffice\OpenOfficePreferences.java,1.494285388616845E-4,12.818822860717773,1.993521809577942,gui,12.818822860717773
jabref\src\test\java\org\jabref\logic\citationstyle\CitationStyleGeneratorTest.java,10.555692672729492,6.395613670349121,3.417283296585083,cli,10.555692672729492
jabref\src\main\java\org\jabref\logic\layout\format\RTFChars.java,6.148737907409668,6.238560676574707,0.4522113800048828,gui,6.238560676574707
jabref\src\main\java\org\jabref\logic\importer\ImportFormatPreferences.java,1.7442679381929338E-4,1.5875805616378784,0.0,gui,1.5875805616378784
jabref\src\main\java\org\jabref\logic\layout\format\CreateDocBook5Authors.java,1.6993794997688383E-4,1.57245934009552,0.0,gui,1.57245934009552
jabref\src\main\java\org\jabref\logic\importer\util\INSPIREBibtexFilterReader.java,2.760789632797241,1.5356965065002441,0.0,cli,2.760789632797241
jabref\src\main\java\org\jabref\gui\cleanup\CleanupPresetPanel.java,1.1993649005889893,57.927547454833984,0.46108537912368774,gui,57.927547454833984
jabref\src\test\java\org\jabref\performance\BibtexEntryGenerator.java,1.6109376156236976E-4,0.9374474883079529,1.2577013969421387,preferences,1.2577013969421387
jabref\src\main\java\org\jabref\gui\util\uithreadaware\UiThreadHelper.java,1.747344940667972E-4,67.05504608154297,0.0,gui,67.05504608154297
jabref\src\main\java\org\jabref\logic\integrity\BracesCorrector.java,1.6707158647477627E-4,1.5628035068511963,0.0,gui,1.5628035068511963
jabref\src\main\java\org\jabref\gui\entryeditor\EntryEditorTab.java,1.6935683379415423E-4,63.99789810180664,0.0,gui,63.99789810180664
jabref\src\main\java\org\jabref\logic\layout\format\NameFormatterPreferences.java,1.6763710300438106E-4,1.5647085905075073,0.0,gui,1.5647085905075073
jabref\src\test\java\org\jabref\logic\formatter\bibtexfields\UnitsToLatexFormatterTest.java,1.6877969028428197E-4,2.1429648399353027,0.0,gui,2.1429648399353027
jabref\src\main\java\org\jabref\logic\integrity\CitationKeyDuplicationChecker.java,0.49619653820991516,9.438154220581055,0.0,gui,9.438154220581055
jabref\src\main\java\org\jabref\gui\maintable\columns\LinkedIdentifierColumn.java,1.198156714439392,72.43684387207031,98.892333984375,preferences,98.892333984375
jabref\src\main\java\org\jabref\logic\cleanup\FileLinksCleanup.java,0.6366948485374451,10.930834770202637,0.0,gui,10.930834770202637
jabref\src\main\java\org\jabref\gui\fieldeditors\PersonsEditorViewModel.java,1.6820644668769091E-4,66.79821014404297,104.9049072265625,preferences,104.9049072265625
jabref\src\main\java\org\jabref\logic\openoffice\style\OOProcessCitationKeyMarkers.java,1.6763710300438106E-4,1.5647085905075073,0.0,gui,1.5647085905075073
jabref\src\test\java\org\jabref\logic\bst\util\BstTextPrefixerTest.java,1.5902469749562442E-4,3.531768798828125,1.9870522022247314,gui,3.531768798828125
jabref\src\test\java\org\jabref\logic\formatter\bibtexfields\NormalizePagesFormatterTest.java,1.3333647802937776E-4,1.858559012413025,0.0,gui,1.858559012413025
jabref\src\main\java\org\jabref\logic\bst\util\BstCaseChanger.java,9.760029206518084E-5,6.058051109313965,0.5387664437294006,gui,6.058051109313965
jabref\src\main\java\org\jabref\gui\groups\UndoableAddOrRemoveGroup.java,0.6020179986953735,69.10586547851562,0.0,gui,69.10586547851562
jabref\src\main\java\org\jabref\gui\exporter\WriteMetadataToPdfAction.java,14.416606903076172,61.02683639526367,1.0,gui,61.02683639526367
jabref\src\main\java\org\jabref\gui\texparser\ParseLatexResultViewModel.java,0.42512330412864685,63.83278274536133,48.9538688659668,gui,63.83278274536133
jabref\src\main\java\org\jabref\logic\l10n\Encodings.java,1.665098825469613E-4,1.5609114170074463,0.0,gui,1.5609114170074463
jabref\src\main\java\org\jabref\logic\cleanup\MoveFieldCleanup.java,1.6707158647477627E-4,1.5628035068511963,0.0,gui,1.5628035068511963
jabref\src\test\java\org\jabref\logic\importer\fetcher\isbntobibtex\OpenLibraryIsbnFetcherTest.java,0.7513110637664795,37.02067565917969,0.0,gui,37.02067565917969
jabref\src\main\java\org\jabref\model\entry\LinkedFile.java,1.9433526992797852,15.590616226196289,0.6495738625526428,gui,15.590616226196289
jabref\src\main\java\org\jabref\logic\util\strings\UnicodeLigaturesMap.java,1.4254706911742687E-4,19.844369888305664,0.893740713596344,gui,19.844369888305664
jabref\src\main\java\org\jabref\gui\libraryproperties\PropertiesTab.java,1.7660376033745706E-4,65.23873901367188,0.0,gui,65.23873901367188
jabref\src\main\java\org\jabref\model\entry\field\BiblatexSoftwareField.java,1.5125398931559175E-4,2.0743212699890137,0.3934709429740906,gui,2.0743212699890137
jabref\src\main\java\org\jabref\gui\preview\CopyCitationAction.java,35.623748779296875,64.02597045898438,1.7183865308761597,gui,64.02597045898438
jabref\src\main\java\org\jabref\logic\util\strings\XmlCharsMap.java,1.1168674973305315E-4,1.3762321472167969,0.0,gui,1.3762321472167969
jabref\src\main\java\org\jabref\logic\importer\fetcher\IEEE.java,1.7759355306625366,20.593873977661133,1.0,gui,20.593873977661133
jabref\src\main\java\org\jabref\gui\push\PushToVim.java,1.9566166400909424,67.78187561035156,86.51978302001953,preferences,86.51978302001953
jabref\src\main\java\org\jabref\logic\bibtex\FileFieldWriter.java,1.570081221871078E-4,1.5289033651351929,0.0,gui,1.5289033651351929
jabref\src\main\java\org\jabref\logic\help\HelpFile.java,0.3405696451663971,2.6963882446289062,0.5228927135467529,gui,2.6963882446289062
jabref\src\test\java\org\jabref\logic\layout\format\MarkdownFormatterTest.java,1.6109376156236976E-4,2.1173787117004395,0.0,gui,2.1173787117004395
jabref\src\main\java\org\jabref\logic\util\Version.java,0.24910400807857513,7.4255218505859375,0.7799226641654968,gui,7.4255218505859375
jabref\src\main\java\org\jabref\gui\edit\automaticfiededitor\renamefield\RenameFieldViewModel.java,1.459067134419456E-4,70.29212951660156,0.48551636934280396,gui,70.29212951660156
jabref\src\test\java\org\jabref\logic\integrity\JournalInAbbreviationListCheckerTest.java,1.494285388616845E-4,2.0579609870910645,0.0,gui,2.0579609870910645
jabref\src\main\java\org\jabref\logic\integrity\HowPublishedChecker.java,0.5046331882476807,1.9975996017456055,0.0,gui,1.9975996017456055
jabref\src\test\java\org\jabref\logic\importer\fetcher\CrossRefTest.java,9.461690933676437E-5,51.49407958984375,0.0,gui,51.49407958984375
jabref\src\main\java\org\jabref\logic\layout\format\LatexToUnicodeFormatter.java,0.6046997308731079,3.207657814025879,0.0,gui,3.207657814025879
jabref\src\test\java\org\jabref\model\groups\WordKeywordGroupTest.java,23.65351104736328,2.0053696632385254,0.0,cli,23.65351104736328
jabref\src\test\java\org\jabref\model\entry\KeywordListTest.java,1.9098106713499874E-4,2.021939277648926,0.0,gui,2.021939277648926
jabref\src\main\java\org\jabref\gui\fieldeditors\SimpleEditorViewModel.java,1.7412017041351646E-4,64.81349182128906,0.0,gui,64.81349182128906
jabref\src\main\java\org\jabref\model\openoffice\style\CitationLookupResult.java,1.6430030518677086E-4,2.2403564453125,0.0,gui,2.2403564453125
jabref\src\main\java\org\jabref\model\metadata\ContentSelector.java,1.6109376156236976E-4,3.700960636138916,0.0,gui,3.700960636138916
jabref\src\main\java\org\jabref\logic\layout\format\AuthorLastFirstAbbrOxfordCommas.java,1.7535316874273121E-4,1.5907012224197388,0.0,gui,1.5907012224197388
jabref\src\main\java\org\jabref\gui\util\TextFlowLimited.java,99.14493560791016,61.54686737060547,0.0,cli,99.14493560791016
jabref\src\main\java\org\jabref\logic\openoffice\action\EditSeparate.java,0.4094827473163605,8.451179504394531,0.0,gui,8.451179504394531
jabref\src\main\java\org\jabref\model\database\BibDatabase.java,0.295051634311676,12.73764705657959,15.356571197509766,preferences,15.356571197509766
jabref\src\main\java\org\jabref\gui\mergeentries\newmergedialog\cell\ThreeWayMergeCellViewModel.java,30.424097061157227,73.13002014160156,0.5810361504554749,gui,73.13002014160156
jabref\src\main\java\org\jabref\logic\layout\format\RemoveWhitespace.java,1.7023000691551715E-4,1.5734431743621826,0.0,gui,1.5734431743621826
jabref\src\main\java\org\jabref\logic\integrity\HTMLCharacterChecker.java,0.9812887907028198,1.5571649074554443,0.0,gui,1.5571649074554443
jabref\src\main\java\org\jabref\logic\importer\fetcher\MathSciNet.java,1.8259536027908325,9.375802993774414,95.88870239257812,preferences,95.88870239257812
jabref\src\test\java\org\jabref\logic\protectedterms\ProtectedTermsLoaderTest.java,2.2336111068725586,4.895627498626709,0.43994414806365967,gui,4.895627498626709
jabref\src\main\java\org\jabref\gui\preview\PreviewViewer.java,51.79008865356445,51.809783935546875,2.5701069831848145,gui,51.809783935546875
jabref\src\main\java\org\jabref\gui\entryeditor\OptionalFieldsTabBase.java,0.4420062303543091,76.03596496582031,93.452392578125,preferences,93.452392578125
jabref\src\main\java\org\jabref\logic\bibtex\FieldPreferences.java,1.6214861534535885E-4,9.626784324645996,0.5395625829696655,gui,9.626784324645996
jabref\src\main\java\org\jabref\logic\preferences\DOIPreferences.java,1.6935683379415423E-4,14.611512184143066,98.96589660644531,preferences,98.96589660644531
jabref\src\main\java\org\jabref\gui\importer\fetcher\WebSearchPaneViewModel.java,35.6068115234375,71.20824432373047,35.0,gui,71.20824432373047
jabref\src\test\java\org\jabref\logic\formatter\bibtexfields\ClearFormatterTest.java,1.7052306793630123E-4,2.164302349090576,0.0,gui,2.164302349090576
jabref\src\test\java\org\jabref\logic\bibtex\BibEntryAssert.java,1.3333647802937776E-4,1.7491865158081055,0.0,gui,1.7491865158081055
jabref\src\main\java\org\jabref\gui\libraryproperties\contentselectors\ContentSelectorView.java,1.02029550075531,67.81361389160156,0.0,gui,67.81361389160156
