file_path,Logic,Storage,UI,best_module,best_likelihood
teammates\src\e2e\java\teammates\e2e\cases\StudentHomePageE2ETest.java,0.09028740610395158,0.013940878425325666,0.039751229967389785,Logic,0.09028740610395158
teammates\src\main\java\teammates\logic\external\EmptyAuthService.java,2594.039878845215,0.058027703421456474,0.05714285714285714,Logic,2594.039878845215
teammates\src\main\java\teammates\ui\webapi\DatastoreBackupAction.java,0.4785992758614676,0.09592198644365584,2276.6539764404297,UI,2276.6539764404297
teammates\src\test\java\teammates\ui\webapi\UpdateNotificationActionTest.java,1.59161376953125,0.08313890184674944,2065.715103149414,UI,2065.715103149414
teammates\src\main\java\teammates\ui\output\InstructorData.java,0.02858438832419259,0.0,2023.5248184204102,UI,2023.5248184204102
teammates\src\main\java\teammates\ui\webapi\CreateNotificationAction.java,2.1373914446149556,0.058577959878104074,2103.535861968994,UI,2103.535861968994
teammates\src\main\java\teammates\logic\api\package-info.java,2636.671028137207,0.05822362218584333,0.0,Logic,2636.671028137207
teammates\src\main\java\teammates\storage\entity\BaseEntity.java,0.12128289086478097,4074.5995330810547,0.1516533442905971,Storage,4074.5995330810547
teammates\src\test\java\teammates\common\datatransfer\SessionResultsBundleTest.java,0.12335542951311385,0.15010874611990793,0.03673163482121059,Storage,0.15010874611990793
teammates\src\main\java\teammates\ui\webapi\CreateCourseAction.java,2.1842265537806917,0.058006361552647184,2351.8978881835938,UI,2351.8978881835938
teammates\src\e2e\java\teammates\e2e\cases\AdminHomePageE2ETest.java,0.07636419704982213,0.0683225359235491,0.0809337820325579,UI,0.0809337820325579
teammates\src\test\java\teammates\ui\webapi\GetFeedbackQuestionRecipientsActionTest.java,1.8838424682617188,0.11776539938790458,1871.4270782470703,UI,1871.4270782470703
teammates\src\main\java\teammates\common\datatransfer\FeedbackQuestionRecipient.java,0.028584510939461846,0.05714285714285714,0.02857142857142857,Storage,0.05714285714285714
teammates\src\main\java\teammates\common\util\package-info.java,0.02858614580971854,0.0,0.0325549874986921,UI,0.0325549874986921
teammates\src\main\java\teammates\common\datatransfer\QueryLogsResults.java,0.028585859707423618,0.05714285714285714,0.02857142857142857,Storage,0.05714285714285714
teammates\src\e2e\java\teammates\e2e\pageobjects\AdminSessionsPage.java,0.02858317920139858,0.09366489137922014,0.07538612910679408,Storage,0.09366489137922014
teammates\src\e2e\java\teammates\e2e\cases\axe\InstructorCourseJoinConfirmationPageAxeTest.java,0.028584960528782438,0.008070053373064314,0.01650987352643694,Logic,0.028584960528782438
teammates\src\test\java\teammates\logic\api\LogicExtension.java,2643.319778442383,0.0584188597542899,0.0,Logic,2643.319778442383
teammates\src\main\java\teammates\common\datatransfer\ErrorLogEntry.java,0.028583921704973494,0.1267596926007952,0.059283454077584403,Storage,0.1267596926007952
teammates\src\main\java\teammates\logic\external\MailjetService.java,2481.8925857543945,0.05420074462890625,0.07768387794494629,Logic,2481.8925857543945
teammates\src\main\java\teammates\common\util\TimeHelper.java,0.028583809307643347,0.07143081256321498,0.06309811047145299,Storage,0.07143081256321498
teammates\src\main\java\teammates\ui\webapi\DeleteStudentAction.java,2.223538861955915,0.05888393265860421,2120.601272583008,UI,2120.601272583008
teammates\src\main\java\teammates\ui\webapi\ActionFactory.java,0.27259546007428853,0.11750285284859793,2300.047836303711,UI,2300.047836303711
teammates\src\lnp\java\teammates\lnp\util\JMeterElements.java,0.5634974343436104,0.18685436248779297,0.23349794660295758,Logic,0.5634974343436104
teammates\src\e2e\java\teammates\e2e\cases\axe\InstructorCoursesPageAxeTest.java,0.02858536924634661,0.015315955025809153,0.017009060723440987,Logic,0.02858536924634661
teammates\src\lnp\java\teammates\lnp\cases\InstructorStudentCascadingUpdateLNPTest.java,0.1367281232561384,0.0634549754006522,0.13751226152692522,UI,0.13751226152692522
teammates\src\test\java\teammates\ui\webapi\DeleteFeedbackQuestionActionTest.java,2.1589510236467633,0.06509706633431571,2016.58447265625,UI,2016.58447265625
teammates\src\client\java\teammates\client\util\ClientProperties.java,0.07873919350760324,0.015018268993922642,0.11677213396344865,UI,0.11677213396344865
teammates\src\main\java\teammates\common\datatransfer\questions\FeedbackRankOptionsResponseDetails.java,0.028585297720772878,0.05714285714285714,0.02857142857142857,Storage,0.05714285714285714
teammates\src\main\java\teammates\common\datatransfer\questions\FeedbackConstantSumResponseDetails.java,0.028585600852966308,0.05714285714285714,0.02857142857142857,Storage,0.05714285714285714
teammates\src\test\java\teammates\ui\webapi\ResetAccountActionTest.java,2.1429678780691965,0.0639578069959368,1946.8820762634277,UI,1946.8820762634277
teammates\src\test\java\teammates\ui\webapi\AccountRequestSearchIndexingWorkerActionTest.java,2.02428959437779,0.06338958740234375,2096.6475868225098,UI,2096.6475868225098
teammates\src\main\java\teammates\storage\api\FeedbackResponseCommentsDb.java,0.40554144723074775,2933.8124084472656,0.0367605413709368,Storage,2933.8124084472656
teammates\src\e2e\java\teammates\e2e\util\TestProperties.java,0.08637995038713728,0.23264906747000558,0.292697388785226,UI,0.292697388785226
teammates\src\main\java\teammates\common\exception\SearchServiceException.java,0.02858567237854004,0.0,0.0,Logic,0.02858567237854004
teammates\src\client\java\teammates\client\scripts\DataMigrationForSanitizedDataInInstructorAttributes.java,0.044508382252284456,0.05714285714285714,0.0853900705065046,UI,0.0853900705065046
teammates\src\main\java\teammates\ui\request\FeedbackSessionRespondentRemindRequest.java,0.028585474831717354,0.0,2327.2919845581055,UI,2327.2919845581055
teammates\src\main\java\teammates\common\util\HttpRequest.java,0.028585335186549595,0.0,0.44659178597586496,UI,0.44659178597586496
teammates\src\e2e\java\teammates\e2e\cases\InstructorSessionIndividualExtensionPageE2ETest.java,0.0869441100529262,0.13964012690952846,0.0895183971949986,Storage,0.13964012690952846
teammates\src\main\java\teammates\logic\api\RecaptchaVerifier.java,2634.527587890625,0.05756790978567941,0.0,Logic,2634.527587890625
teammates\src\test\java\teammates\ui\webapi\QueryLogsActionTest.java,0.6233595166887556,0.02621493169239589,1875.3426551818848,UI,1875.3426551818848
teammates\src\main\java\teammates\ui\request\CourseArchiveRequest.java,0.028585972104753766,0.0,2175.704402923584,UI,2175.704402923584
teammates\src\test\java\teammates\test\MockFilterChain.java,0.0285860504422869,0.0,0.03901569502694266,UI,0.03901569502694266
teammates\src\main\java\teammates\ui\webapi\SendLoginEmailAction.java,0.7805415562220982,0.060356576102120536,2389.5382690429688,UI,2389.5382690429688
teammates\src\client\java\teammates\client\scripts\DataMigrationForSanitizedDataInStudentAttributes.java,0.04227723394121442,0.05714285714285714,0.08694948468889509,UI,0.08694948468889509
teammates\src\main\java\teammates\ui\webapi\GetFeedbackSessionSubmittedGiverSetAction.java,2.0580651419503346,0.05637444087437221,2145.314655303955,UI,2145.314655303955
teammates\src\test\java\teammates\common\datatransfer\attributes\FeedbackResponseCommentAttributesTest.java,0.09981972830636161,0.05714285714285714,0.06514883722577776,Logic,0.09981972830636161
teammates\src\test\java\teammates\logic\api\MockRecaptchaVerifier.java,2629.5699310302734,0.05806668145315988,0.0,Logic,2629.5699310302734
teammates\src\main\java\teammates\common\exception\InstructorUpdateException.java,0.028586070878165108,0.0,0.0,Logic,0.028586070878165108
teammates\src\main\java\teammates\main\Application.java,0.40026329585484094,0.009915402105876377,0.3247091565813337,Logic,0.40026329585484094
teammates\src\test\java\teammates\logic\api\EmailGeneratorTest.java,2292.72029876709,0.11761696679251535,0.3516921179635184,Logic,2292.72029876709
teammates\src\main\java\teammates\common\datatransfer\questions\FeedbackRankQuestionDetails.java,0.02858550889151437,0.05714285714285714,0.02857142857142857,Storage,0.05714285714285714
teammates\src\main\java\teammates\ui\request\NotificationUpdateRequest.java,0.028586128779820034,0.0,2185.8079719543457,UI,2185.8079719543457
teammates\src\main\java\teammates\ui\output\FeedbackSessionLogEntryData.java,0.057156978334699356,0.0,2094.8431396484375,UI,2094.8431396484375
teammates\src\e2e\java\teammates\e2e\pageobjects\Browser.java,0.256568227495466,0.10426208632332938,0.3853463854108538,UI,0.3853463854108538
teammates\src\test\java\teammates\ui\servlets\WebApiServletTest.java,0.05870192391531808,0.08571428571428572,1900.4878234863281,UI,1900.4878234863281
teammates\src\main\java\teammates\ui\output\EmailData.java,0.028585784775870187,0.0,2109.514102935791,UI,2109.514102935791
teammates\src\test\java\teammates\common\util\TimeHelperExtension.java,0.028585161481584822,0.0675224985395159,0.06413450241088867,Storage,0.0675224985395159
teammates\src\main\java\teammates\ui\webapi\UpdateInstructorAction.java,2.2439466203962053,0.058925962448120116,2006.8161582946777,UI,2006.8161582946777
teammates\src\main\java\teammates\ui\output\FeedbackSessionPublishStatus.java,0.028586108343941825,0.0,2129.4630241394043,UI,2129.4630241394043
teammates\src\test\java\teammates\logic\core\DeadlineExtensionsLogicTest.java,1927.4916458129883,0.10916963985988072,0.17475012370518275,Logic,1927.4916458129883
teammates\src\main\java\teammates\common\datatransfer\UserInfo.java,0.028585784775870187,0.05714285714285714,0.08571428571428572,UI,0.08571428571428572
teammates\src\main\java\teammates\ui\webapi\FeedbackSessionRemindEmailWorkerAction.java,2.439971269880022,0.06698296410696847,2110.374069213867,UI,2110.374069213867
teammates\src\lnp\java\teammates\lnp\util\TestProperties.java,0.07063995088849749,0.1755429949079241,0.21713709150041852,UI,0.21713709150041852
teammates\src\main\java\teammates\ui\webapi\CreateAccountRequestAction.java,2.02428959437779,0.05543624332972935,2103.839740753174,UI,2103.839740753174
teammates\src\test\java\teammates\test\FileHelper.java,0.07016542979649135,0.008804911375045776,0.1643247331891741,UI,0.1643247331891741
teammates\src\main\java\teammates\logic\core\DataBundleLogic.java,2178.7192916870117,0.15874881744384767,0.05368421418326241,Logic,2178.7192916870117
teammates\src\main\java\teammates\logic\core\UsageStatisticsLogic.java,2503.078384399414,0.05517970493861607,0.0,Logic,2503.078384399414
teammates\src\e2e\java\teammates\e2e\pageobjects\InstructorStudentListPage.java,0.028580311366489957,0.04094116006578718,0.0423454795564924,UI,0.0423454795564924
teammates\src\main\java\teammates\ui\webapi\GetInstructorsAction.java,2.1350309099469866,0.2676128387451172,2213.131561279297,UI,2213.131561279297
teammates\src\test\java\teammates\test\EmailCheckerTest.java,0.039794271332877024,0.007092194472040449,0.09070595332554408,UI,0.09070595332554408
teammates\src\main\java\teammates\ui\webapi\JsonResult.java,0.028584827695574078,0.0,2050.601272583008,UI,2050.601272583008
teammates\src\test\java\teammates\ui\webapi\UpdateFeedbackResponseCommentActionTest.java,2.2125719342912946,0.12263498306274415,1581.2360572814941,UI,1581.2360572814941
teammates\src\main\java\teammates\ui\webapi\RestoreFeedbackSessionAction.java,2.1684674944196427,0.059441191809518,2108.7753677368164,UI,2108.7753677368164
teammates\src\client\java\teammates\client\scripts\statistics\package-info.java,0.028586108343941825,0.0,0.0,Logic,0.028586108343941825
teammates\src\test\java\teammates\common\datatransfer\questions\FeedbackTextQuestionDetailsTest.java,0.028582259586879186,0.05714285714285714,0.0382253680910383,Storage,0.05714285714285714
teammates\src\main\java\teammates\common\exception\package-info.java,0.02858614580971854,0.0,0.0,Logic,0.02858614580971854
teammates\src\main\java\teammates\logic\core\FeedbackResponseCommentsLogic.java,3016.293067932129,0.06695193563188825,0.18450732912336076,Logic,3016.293067932129
teammates\src\main\java\teammates\storage\api\StudentsDb.java,0.40789764949253626,2805.6503295898438,0.1929340362548828,Storage,2805.6503295898438
teammates\src\main\java\teammates\storage\entity\FeedbackResponseComment.java,0.057154607772827146,3439.1697692871094,0.0,Storage,3439.1697692871094
teammates\src\main\java\teammates\storage\entity\Account.java,0.028584960528782438,3774.910430908203,0.0,Storage,3774.910430908203
teammates\src\e2e\java\teammates\e2e\pageobjects\FeedbackSubmitPage.java,0.1674621990748814,0.020299761635916572,0.1822420120239258,UI,0.1822420120239258
teammates\src\test\java\teammates\common\datatransfer\attributes\FeedbackResponseAttributesTest.java,0.07436402184622629,0.05714285714285714,0.04749713965824672,Logic,0.07436402184622629
teammates\src\main\java\teammates\common\datatransfer\attributes\InstructorAttributes.java,0.09662015097481864,0.05714285714285714,0.02857142857142857,Logic,0.09662015097481864
teammates\src\lnp\java\teammates\lnp\cases\StudentEmailUpdateLNPTest.java,0.04623839855194092,0.05714285714285714,0.04031399999346052,Storage,0.05714285714285714
teammates\src\main\java\teammates\ui\webapi\RegenerateInstructorKeyAction.java,1.8358849661690848,0.05020278862544469,2173.8223838806152,UI,2173.8223838806152
teammates\src\test\java\teammates\ui\webapi\EnrollStudentsActionTest.java,1.668781934465681,0.0550471373966762,1758.6104774475098,UI,1758.6104774475098
teammates\src\client\java\teammates\client\scripts\GoogleIdMigrationBaseScript.java,0.5246449061802455,0.17419978550502233,0.09864569391523088,Logic,0.5246449061802455
teammates\src\main\java\teammates\common\datatransfer\questions\FeedbackMcqResponseDetails.java,0.028585546357291085,0.05714285714285714,0.02857142857142857,Storage,0.05714285714285714
teammates\src\main\java\teammates\common\util\EmailType.java,1.1257038661411831,0.028657174110412596,0.12534097943987166,Logic,1.1257038661411831
teammates\src\main\java\teammates\storage\search\SearchManagerFactory.java,0.028585474831717354,3872.017059326172,0.0,Storage,3872.017059326172
teammates\src\main\java\teammates\ui\output\JoinState.java,0.028586108343941825,0.0,2129.4630241394043,UI,2129.4630241394043
teammates\src\test\java\teammates\ui\webapi\RemindFeedbackSessionResultActionTest.java,0.028583591324942453,0.14374771118164062,2157.234420776367,UI,2157.234420776367
teammates\src\test\java\teammates\storage\api\FeedbackQuestionsDbTest.java,0.07103372301374163,2210.4285621643066,0.0,Storage,2210.4285621643066
teammates\src\test\java\teammates\ui\webapi\UpdateFeedbackQuestionActionTest.java,2.2434579031808037,0.20288013730730328,1722.3448944091797,UI,1722.3448944091797
teammates\src\e2e\java\teammates\e2e\cases\InstructorCourseDetailsPageE2ETest.java,0.02858295100075858,0.01641089064734323,0.06673804691859654,UI,0.06673804691859654
teammates\src\main\java\teammates\common\datatransfer\logs\RequestLogDetails.java,0.4941946302141462,0.07007647923060827,0.08571428571428572,Logic,0.4941946302141462
teammates\src\e2e\java\teammates\e2e\cases\axe\InstructorHomePageAxeTest.java,0.028585335186549595,0.015265468188694545,0.016966312272208076,Logic,0.028585335186549595
teammates\src\main\java\teammates\common\datatransfer\attributes\FeedbackResponseAttributes.java,0.0714500972202846,0.05714285714285714,0.06450866290501185,Logic,0.0714500972202846
teammates\src\main\java\teammates\common\datatransfer\attributes\StudentAttributes.java,0.09954232488359724,0.05714285714285714,0.02857142857142857,Logic,0.09954232488359724
teammates\src\main\java\teammates\common\datatransfer\logs\EmailSentLogDetails.java,0.5290394374302455,0.07104436329432896,0.02857142857142857,Logic,0.5290394374302455
teammates\src\main\java\teammates\storage\api\FeedbackQuestionsDb.java,0.34611246926443917,3229.9753952026367,0.03632874829428537,Storage,3229.9753952026367
teammates\src\main\java\teammates\ui\output\AuthInfo.java,0.028585297720772878,0.0,2319.410629272461,UI,2319.410629272461
teammates\src\main\java\teammates\ui\webapi\JoinCourseAction.java,2.3461451939174105,0.06437670843941824,2107.5012397766113,UI,2107.5012397766113
teammates\src\main\java\teammates\ui\webapi\CalculateUsageStatisticsAction.java,2.345102364676339,0.09133184296744211,2090.418071746826,UI,2090.418071746826
teammates\src\main\java\teammates\ui\webapi\SendEmailWorkerAction.java,0.02858565534864153,0.0,2101.55330657959,UI,2101.55330657959
teammates\src\main\java\teammates\ui\output\NotificationData.java,0.028585161481584822,0.0,2071.0935974121094,UI,2071.0935974121094
teammates\src\main\java\teammates\common\datatransfer\logs\DefaultLogDetails.java,0.5560112544468471,0.0717935562133789,0.02857142857142857,Logic,0.5560112544468471
teammates\src\e2e\java\teammates\e2e\cases\FeedbackConstSumOptionQuestionE2ETest.java,0.028582429885864256,0.008821734360286168,0.013423809834889004,Logic,0.028582429885864256
teammates\src\main\java\teammates\ui\webapi\DeleteFeedbackSessionAction.java,2.1240452357700894,0.058207225799560544,2141.0935974121094,UI,2141.0935974121094
teammates\src\e2e\java\teammates\e2e\cases\FeedbackRankOptionQuestionE2ETest.java,0.028582259586879186,0.008927757399422781,0.03654661178588867,UI,0.03654661178588867
teammates\src\test\java\teammates\common\datatransfer\questions\FeedbackTextResponseDetailsTest.java,0.05715625626700265,0.05714285714285714,0.02857142857142857,Logic,0.05715625626700265
teammates\src\main\java\teammates\logic\external\GoogleRecaptchaService.java,2920.344009399414,0.07255656378609794,0.09859796251569475,Logic,2920.344009399414
teammates\src\main\java\teammates\ui\webapi\CompileLogsAction.java,0.028585093361990794,0.0,2066.9140625,UI,2066.9140625
teammates\src\test\java\teammates\ui\webapi\SearchAccountRequestsActionTest.java,0.028582981654575894,0.06571224757603236,2008.320198059082,UI,2008.320198059082
teammates\src\main\java\teammates\ui\output\CourseSectionNamesData.java,0.028585972104753766,0.0,2121.1408042907715,UI,2121.1408042907715
teammates\src\main\java\teammates\common\datatransfer\questions\FeedbackQuestionType.java,0.08740034103393554,0.05714285714285714,0.04265693596431187,Logic,0.08740034103393554
teammates\src\main\java\teammates\ui\webapi\AccountRequestSearchIndexingWorkerAction.java,2.084986659458705,0.05712225096566337,2098.185272216797,UI,2098.185272216797
teammates\src\main\java\teammates\common\datatransfer\questions\FeedbackRankRecipientsQuestionDetails.java,0.02858438832419259,0.05714285714285714,0.07198984282357353,UI,0.07198984282357353
teammates\src\main\java\teammates\common\datatransfer\InstructorPrivileges.java,0.1521550178527832,0.06511035646711077,0.07220040730067662,Logic,0.1521550178527832
teammates\src\main\java\teammates\ui\request\FeedbackQuestionBasicRequest.java,0.06983716828482492,0.0,1973.3693313598633,UI,1973.3693313598633
teammates\src\test\java\teammates\common\datatransfer\CourseRosterTest.java,0.028579299790518625,0.06448698043823242,0.11225553240094865,UI,0.11225553240094865
teammates\src\main\java\teammates\common\datatransfer\NotificationStyle.java,0.12778833934238978,0.11935694558279855,0.059678472791399276,Logic,0.12778833934238978
teammates\src\e2e\java\teammates\e2e\util\Retryable.java,0.028586012976510183,0.025747081211635044,0.03225465161459787,UI,0.03225465161459787
teammates\src\test\java\teammates\common\datatransfer\attributes\StudentAttributesTest.java,0.13896288190569198,0.06575571468898228,0.06438695362636021,Logic,0.13896288190569198
teammates\src\e2e\java\teammates\e2e\util\GmailServiceMaker.java,0.6373270307268415,0.10870680127825055,0.5834673200334821,Logic,0.6373270307268415
teammates\src\test\java\teammates\storage\search\InstructorSearchTest.java,0.07172702380589076,2938.017578125,0.06300379889351981,Storage,2938.017578125
teammates\src\e2e\java\teammates\e2e\cases\InstructorCourseJoinConfirmationPageE2ETest.java,0.05569770676749093,0.014930774484361921,0.11755869729178292,UI,0.11755869729178292
teammates\src\client\java\teammates\client\scripts\DataMigrationForUnencryptedKeyForStudents.java,0.045326675687517436,0.05714285714285714,0.02857142857142857,Storage,0.05714285714285714
teammates\src\lnp\java\teammates\lnp\util\LNPSpecification.java,0.028584762981959753,0.05362874439784459,0.056309110777718684,UI,0.056309110777718684
teammates\src\test\java\teammates\storage\api\package-info.java,0.05633411748068673,3998.775634765625,0.0,Storage,3998.775634765625
teammates\src\test\java\teammates\ui\webapi\GetDeadlineExtensionActionTest.java,0.053173763411385674,0.0068904246602739605,2027.684326171875,UI,2027.684326171875
teammates\src\e2e\java\teammates\e2e\cases\axe\InstructorSearchPageAxeTest.java,0.02858522960117885,0.006885018518992833,0.016839344160897392,Logic,0.02858522960117885
teammates\src\main\java\teammates\ui\output\HasResponsesData.java,0.028585784775870187,0.0,2109.514102935791,UI,2109.514102935791
teammates\src\main\java\teammates\ui\request\MarkNotificationAsReadRequest.java,0.028585546357291085,0.0,2147.8055000305176,UI,2147.8055000305176
teammates\src\main\java\teammates\logic\api\LogsProcessor.java,3170.453872680664,0.07618700436183384,0.012901078803198678,Logic,3170.453872680664
teammates\src\e2e\java\teammates\e2e\util\AxeUtil.java,0.028584762981959753,0.0,0.029494738578796385,UI,0.029494738578796385
teammates\src\main\java\teammates\common\util\StdOutConsoleHandler.java,0.028585992540631974,0.0,0.032212199483598984,UI,0.032212199483598984
teammates\src\main\java\teammates\common\datatransfer\questions\FeedbackRubricQuestionDetails.java,0.09581021581377303,0.05714285714285714,0.21883686610630582,UI,0.21883686610630582
teammates\src\e2e\java\teammates\e2e\pageobjects\HomePage.java,0.028586680548531668,0.0,0.0,Logic,0.028586680548531668
teammates\src\test\java\teammates\ui\webapi\GetOngoingSessionsActionTest.java,1.7074806213378906,0.12037546975272043,2054.025249481201,UI,2054.025249481201
teammates\src\main\java\teammates\common\datatransfer\logs\LogSeverity.java,0.5491681235177176,0.07160347529820034,0.02857142857142857,Logic,0.5491681235177176
teammates\src\main\java\teammates\ui\webapi\RestoreCourseAction.java,2.1969375610351562,0.05810252598353795,2153.8854789733887,UI,2153.8854789733887
teammates\src\test\java\teammates\storage\api\AccountsDbTest.java,0.13018582207815987,3038.6121368408203,0.09183422497340611,Storage,3038.6121368408203
teammates\src\test\java\teammates\logic\core\StudentsLogicTest.java,3103.1105422973633,0.14151729856218612,0.100433349609375,Logic,3103.1105422973633
teammates\src\main\java\teammates\ui\request\FeedbackSessionCreateRequest.java,0.028585093361990794,0.0,2118.175983428955,UI,2118.175983428955
teammates\src\main\java\teammates\common\datatransfer\questions\FeedbackRankOptionsQuestionDetails.java,0.028582429885864256,0.05714285714285714,0.10330581665039062,UI,0.10330581665039062
teammates\src\e2e\java\teammates\e2e\util\EmailAccountTest.java,0.028585972104753766,0.0,0.032169856343950545,UI,0.032169856343950545
teammates\src\test\java\teammates\ui\webapi\FeedbackSessionOpeningSoonRemindersActionTest.java,2.1532932826450892,0.1754899706159319,1813.1225395202637,UI,1813.1225395202637
teammates\src\client\java\teammates\client\scripts\DataMigrationForGoogleIdToGmail.java,0.045618438720703126,0.05714285714285714,0.04327033587864467,Storage,0.05714285714285714
teammates\src\e2e\java\teammates\e2e\cases\axe\InstructorCourseEditPageAxeTest.java,0.02858522960117885,0.016462198325565884,0.016839344160897392,Logic,0.02858522960117885
teammates\src\test\java\teammates\ui\webapi\StudentSearchIndexingWorkerActionTest.java,2.02428959437779,0.06338958740234375,2046.621208190918,UI,2046.621208190918
teammates\src\test\java\teammates\storage\api\AccountRequestsDbTest.java,0.17612826483590263,3090.533218383789,0.06116792815072196,Storage,3090.533218383789
teammates\src\e2e\java\teammates\e2e\util\TestDataValidityTest.java,0.06264756747654505,0.22350026539393833,0.3883120673043387,UI,0.3883120673043387
teammates\src\e2e\java\teammates\e2e\cases\axe\InstructorCourseStudentDetailsPageAxeTest.java,0.028585093361990794,0.00874270030430385,0.016672982488359724,Logic,0.028585093361990794
teammates\src\test\java\teammates\ui\webapi\GetCoursesActionTest.java,0.7440553392682757,0.027419921330043246,1815.8886909484863,UI,1815.8886909484863
teammates\src\main\java\teammates\ui\constants\ResourceEndpoints.java,0.469627925327846,0.019505201067243304,1974.372158050537,UI,1974.372158050537
teammates\src\e2e\java\teammates\e2e\pageobjects\InstructorNotificationsPage.java,0.028585934638977052,0.0,0.05714285714285714,UI,0.05714285714285714
teammates\src\test\java\teammates\logic\api\UserProvisionTest.java,2476.3805770874023,0.12023958478655133,0.23221784319196428,Logic,2476.3805770874023
teammates\src\e2e\java\teammates\e2e\cases\InstructorFeedbackSessionsPageE2ETest.java,0.08376611982073102,0.2048689433506557,0.39394356863839286,UI,0.39394356863839286
teammates\src\main\java\teammates\ui\webapi\GetHasResponsesAction.java,2.237051609584263,0.06106123243059431,1995.1202964782715,UI,1995.1202964782715
teammates\src\lnp\java\teammates\lnp\cases\StudentTeamUpdateLNPTest.java,0.04623839855194092,0.05714285714285714,0.04031399999346052,Storage,0.05714285714285714
teammates\src\test\java\teammates\ui\webapi\GetActionClassesActionTest.java,0.028583591324942453,0.21094042914254324,2082.6316452026367,UI,2082.6316452026367
teammates\src\main\java\teammates\storage\entity\Instructor.java,0.028583809307643347,3558.082504272461,0.07424625669206891,Storage,3558.082504272461
teammates\src\e2e\java\teammates\e2e\cases\InstructorFeedbackEditPageE2ETest.java,0.028580311366489957,0.17285126277378626,0.11399529320853097,Storage,0.17285126277378626
teammates\src\main\java\teammates\ui\output\SessionResultsData.java,0.07909997531345912,0.007210883072444371,1701.1453437805176,UI,1701.1453437805176
teammates\src\main\java\teammates\ui\servlets\OAuth2CallbackServlet.java,0.8653111049107143,0.03272242546081543,2711.416664123535,UI,2711.416664123535
teammates\src\e2e\java\teammates\e2e\pageobjects\InstructorCourseEditPage.java,0.2439509528023856,0.03718579156058175,0.02857142857142857,Logic,0.2439509528023856
teammates\src\e2e\java\teammates\e2e\cases\axe\AdminSessionsPageAxeTest.java,0.028584510939461846,0.008473296676363264,0.01596329723085676,Logic,0.028584510939461846
teammates\src\e2e\java\teammates\e2e\cases\axe\AdminHomePageAxeTest.java,0.02858544077192034,0.008356165885925294,0.017095208168029785,Logic,0.02858544077192034
teammates\src\lnp\java\teammates\lnp\cases\InstructorUpdateLNPTest.java,0.046201048578534805,0.05714285714285714,0.03969483375549317,Storage,0.05714285714285714
teammates\src\main\java\teammates\storage\entity\FeedbackQuestion.java,0.028582981654575894,3402.180938720703,0.0,Storage,3402.180938720703
teammates\src\e2e\java\teammates\e2e\cases\FeedbackNumScaleQuestionE2ETest.java,0.028582429885864256,0.008976330075945173,0.013423809834889004,Logic,0.028582429885864256
teammates\src\main\java\teammates\logic\core\CoursesLogic.java,3378.6597061157227,0.07509754044669015,0.08667973790849959,Logic,3378.6597061157227
teammates\src\client\java\teammates\client\scripts\DataMigrationForTextQuestionRecommendedLength.java,0.10552425384521484,0.06619071279253279,0.054458018711635046,Logic,0.10552425384521484
teammates\src\test\java\teammates\common\datatransfer\questions\FeedbackMsqQuestionDetailsTest.java,0.028577610424586706,0.06600639479500907,0.03317225319998605,Storage,0.06600639479500907
teammates\src\test\java\teammates\common\datatransfer\questions\FeedbackRankQuestionDetailsTest.java,0.028585025242396762,0.05714285714285714,0.02857142857142857,Storage,0.05714285714285714
teammates\src\main\java\teammates\logic\external\RecaptchaService.java,2599.210090637207,0.058144944054739814,0.0,Logic,2599.210090637207
teammates\src\test\java\teammates\logic\external\package-info.java,2602.679862976074,0.05822362218584333,0.0,Logic,2602.679862976074
teammates\src\main\java\teammates\ui\output\FeedbackQuestionData.java,0.07410156386239188,0.0,1948.9094924926758,UI,1948.9094924926758
teammates\src\e2e\java\teammates\e2e\cases\axe\AdminAccountsPageAxeTest.java,0.028585335186549595,0.0,0.016966312272208076,Logic,0.028585335186549595
teammates\src\main\java\teammates\ui\webapi\GetSessionResponseStatsAction.java,2.1128173828125,0.05789534023829869,2151.837902069092,UI,2151.837902069092
teammates\src\main\java\teammates\storage\api\EntitiesDb.java,0.575520270211356,3497.376708984375,0.024229809216090612,Storage,3497.376708984375
teammates\src\main\java\teammates\ui\output\DeadlineExtensionData.java,0.02858550889151437,0.0,2162.6290702819824,UI,2162.6290702819824
teammates\src\main\java\teammates\logic\external\GoogleCloudLoggingService.java,2332.446975708008,0.11914942605154855,0.16251520429338728,Logic,2332.446975708008
teammates\src\test\java\teammates\ui\webapi\GetInstructorPrivilegeActionTest.java,0.03582085881914411,0.06641477176121303,1851.164264678955,UI,1851.164264678955
teammates\src\e2e\java\teammates\e2e\cases\axe\InstructorCourseEnrollPageAxeTest.java,0.02858619008745466,0.016462198325565884,0.016839344160897392,Logic,0.02858619008745466
teammates\src\main\java\teammates\common\util\HttpRequestHelper.java,0.12095026288713728,0.005942644391741071,0.08418945584978377,Logic,0.12095026288713728
teammates\src\main\java\teammates\common\datatransfer\attributes\FeedbackSessionAttributes.java,0.19973456518990654,0.05921130180358887,0.08571428571428572,Logic,0.19973456518990654
teammates\src\main\java\teammates\main\package-info.java,0.02858618668147496,0.0,0.0,Logic,0.02858618668147496
teammates\src\main\java\teammates\ui\webapi\GetAccountAction.java,1.9404573713030133,0.05310754776000977,2102.681770324707,UI,2102.681770324707
teammates\src\test\java\teammates\storage\api\EntitiesDbTest.java,0.16200836726597379,3764.884033203125,0.03243385383061,Storage,3764.884033203125
teammates\src\main\java\teammates\common\datatransfer\logs\SourceLocation.java,0.5315487997872489,0.07111406326293945,0.0742549010685512,Logic,0.5315487997872489
teammates\src\test\java\teammates\test\AssertHelper.java,0.028584892409188406,0.0,0.0,Logic,0.028584892409188406
teammates\src\test\java\teammates\common\datatransfer\attributes\FeedbackQuestionAttributesTest.java,0.12246990203857422,0.08272384916033064,0.034031248092651366,Logic,0.12246990203857422
teammates\src\lnp\java\teammates\lnp\cases\BaseLNPTestCase.java,0.36706295013427737,0.08881229673113142,0.3690176010131836,UI,0.3690176010131836
teammates\src\e2e\java\teammates\e2e\cases\axe\InstructorStudentListPageAxeTest.java,0.02858536924634661,0.007001898118427822,0.017009060723440987,Logic,0.02858536924634661
teammates\src\e2e\java\teammates\e2e\pageobjects\InstructorCourseStudentDetailsEditPage.java,0.1188023430960519,0.0,0.0,Logic,0.1188023430960519
teammates\src\main\java\teammates\ui\webapi\GetCourseAction.java,2.0697808401925224,0.05468105248042515,2093.52481842041,UI,2093.52481842041
teammates\src\e2e\java\teammates\e2e\cases\axe\InstructorNotificationsPageAxeTest.java,0.09357899257114956,0.0068280305181230815,0.016755751201084683,Logic,0.09357899257114956
teammates\src\main\java\teammates\common\datatransfer\DataBundle.java,0.028585335186549595,0.05714285714285714,0.02857142857142857,Storage,0.05714285714285714
teammates\src\main\java\teammates\logic\core\package-info.java,2602.679862976074,0.05822362218584333,0.0,Logic,2602.679862976074
teammates\src\main\java\teammates\ui\webapi\EnrollStudentsAction.java,2.2022864205496653,0.05853590284075056,2051.1849975585938,UI,2051.1849975585938
teammates\src\e2e\java\teammates\e2e\pageobjects\FeedbackResultsPage.java,0.11126668112618583,0.010810492719922746,0.14886564527239118,UI,0.14886564527239118
teammates\src\e2e\java\teammates\e2e\cases\axe\package-info.java,0.028586108343941825,0.0,0.01791167940412249,Logic,0.028586108343941825
teammates\src\e2e\java\teammates\e2e\util\MaximumRetriesExceededException.java,0.028585859707423618,0.0,0.060543366840907505,UI,0.060543366840907505
teammates\src\test\java\teammates\ui\webapi\FeedbackSessionOpeningRemindersActionTest.java,2.1364798409598214,0.20477758135114396,1998.744945526123,UI,1998.744945526123
teammates\src\e2e\java\teammates\e2e\pageobjects\InstructorCourseDetailsPage.java,0.02858132634844099,0.01005333321435111,0.02857142857142857,Logic,0.02858132634844099
teammates\src\test\java\teammates\common\util\UrlTest.java,0.21540837969098772,0.07379916054861886,0.15544636590140207,Logic,0.21540837969098772
teammates\src\main\java\teammates\ui\request\CourseCreateRequest.java,0.028585801805768696,0.0,2164.5889282226562,UI,2164.5889282226562
teammates\src\test\java\teammates\logic\api\EmailSenderTest.java,2282.136344909668,0.0599616323198591,0.1613394056047712,Logic,2282.136344909668
teammates\src\test\java\teammates\logic\core\InstructorsLogicTest.java,2818.66397857666,0.1497948237827846,0.2894068854195731,Logic,2818.66397857666
teammates\src\test\java\teammates\common\util\SanitizationHelperTest.java,0.11966389247349331,0.0,0.17707644871303013,UI,0.17707644871303013
teammates\src\main\java\teammates\logic\core\NotificationsLogic.java,2546.760025024414,0.05637444087437221,0.0,Logic,2546.760025024414
teammates\src\main\java\teammates\ui\webapi\GetAuthInfoAction.java,0.6328050885881696,0.016783908435276575,2093.52481842041,UI,2093.52481842041
teammates\src\test\java\teammates\logic\external\GoogleRecaptchaServiceTest.java,2479.1307067871094,0.05146348476409912,0.48361930847167967,Logic,2479.1307067871094
teammates\src\test\java\teammates\ui\webapi\BaseActionTest.java,1.8621270315987724,0.11387946265084403,2081.8931770324707,UI,2081.8931770324707
teammates\src\main\java\teammates\storage\entity\Notification.java,0.028583591324942453,3517.0508575439453,0.0,Storage,3517.0508575439453
teammates\src\test\java\teammates\ui\webapi\GetAuthInfoActionTest.java,0.028581053870064873,0.007354010002953665,2089.3347358703613,UI,2089.3347358703613
teammates\src\main\java\teammates\ui\webapi\UnpublishFeedbackSessionAction.java,2.2746303013392857,0.06239015715462821,2151.8922424316406,UI,2151.8922424316406
teammates\src\test\java\teammates\ui\webapi\DeleteStudentActionTest.java,0.06175812312534877,0.00864120466368539,1948.9094924926758,UI,1948.9094924926758
teammates\src\main\java\teammates\ui\servlets\HealthCheckServlet.java,0.02858583927154541,0.0,2112.970390319824,UI,2112.970390319824
teammates\src\client\java\teammates\client\scripts\DataMigrationForNullCommentGiverType.java,0.04539867469242641,0.05714285714285714,0.05590463706425258,Storage,0.05714285714285714
teammates\src\test\java\teammates\ui\webapi\JsonResultTest.java,0.0285846369607108,0.0,2038.7753677368164,UI,2038.7753677368164
teammates\src\test\java\teammates\ui\webapi\SendErrorReportActionTest.java,0.053433077675955634,0.006211107969284058,2349.0257263183594,UI,2349.0257263183594
teammates\src\main\java\teammates\ui\output\FeedbackSessionsData.java,0.028585822241646904,0.0,2111.8152236938477,UI,2111.8152236938477
teammates\src\main\java\teammates\ui\webapi\GetFeedbackResponseCommentAction.java,2.164011710030692,0.05769581113542829,1994.676628112793,UI,1994.676628112793
teammates\src\test\java\teammates\storage\api\FeedbackResponsesDbTest.java,0.07532201494489398,2230.4127311706543,0.08544595582144601,Storage,2230.4127311706543
teammates\src\test\java\teammates\common\util\StringHelperExtension.java,0.028586012976510183,0.0,0.03225465161459787,UI,0.03225465161459787
teammates\src\main\java\teammates\ui\output\JoinLinkData.java,0.028586012976510183,0.0,2123.5028076171875,UI,2123.5028076171875
teammates\src\lnp\java\teammates\lnp\util\package-info.java,0.02858614580971854,0.0,0.0325549874986921,UI,0.0325549874986921
teammates\src\main\java\teammates\ui\webapi\CreateInstructorAction.java,2.1310453142438615,0.055706051417759486,2044.372158050537,UI,2044.372158050537
teammates\src\main\java\teammates\ui\output\RegenerateKeyData.java,0.028585917609078543,0.0,2139.2753982543945,UI,2139.2753982543945
teammates\src\main\java\teammates\ui\webapi\InstructorSearchIndexingWorkerAction.java,2.084986659458705,0.05712225096566337,2098.185272216797,UI,2098.185272216797
teammates\src\test\java\teammates\ui\webapi\GetRegkeyValidityActionTest.java,1.9212718418666295,0.05521242959158761,2087.9456520080566,UI,2087.9456520080566
teammates\src\test\java\teammates\common\datatransfer\questions\FeedbackRankOptionsQuestionDetailsTest.java,0.028580546379089355,0.05714285714285714,0.03614566326141357,Storage,0.05714285714285714
teammates\src\main\java\teammates\ui\webapi\GetRegkeyValidityAction.java,2.0837770734514507,0.05556637559618269,2120.601272583008,UI,2120.601272583008
teammates\src\main\java\teammates\common\exception\EmailSendingException.java,0.02858595507485526,0.0,0.0,Logic,0.02858595507485526
teammates\src\main\java\teammates\common\datatransfer\TeamEvalResult.java,0.5898966653006418,0.08922711781093053,0.12334051132202148,Logic,0.5898966653006418
teammates\src\main\java\teammates\ui\webapi\DeleteStudentsAction.java,2.1202760968889507,0.05810252598353795,2136.9140625,UI,2136.9140625
teammates\src\main\java\teammates\storage\search\StudentSearchManager.java,0.028583809307643347,3558.082504272461,0.043563141141619,Storage,3558.082504272461
teammates\src\test\java\teammates\ui\webapi\FeedbackSessionClosedRemindersActionTest.java,2.0738512311662944,0.20158052444458008,1986.6176986694336,UI,1986.6176986694336
teammates\src\main\java\teammates\ui\webapi\GetTimeZonesAction.java,0.11846256256103516,0.0,2132.775650024414,UI,2132.775650024414
teammates\src\client\java\teammates\client\scripts\DataMigrationForTextQuestionDetailsFormat.java,0.04504472868783133,0.05714285714285714,0.055329513549804685,Storage,0.05714285714285714
teammates\src\main\java\teammates\ui\output\FeedbackQuestionRecipientData.java,0.02858565534864153,0.0,2101.55330657959,UI,2101.55330657959
teammates\src\main\java\teammates\logic\core\AccountRequestsLogic.java,2521.9421005249023,0.05583045823233468,0.0,Logic,2521.9421005249023
teammates\src\test\java\teammates\logic\api\MockEmailSender.java,2603.597640991211,0.057492671694074356,0.0,Logic,2603.597640991211
teammates\src\main\java\teammates\storage\search\AccountRequestSearchManager.java,0.028585025242396762,3787.4442291259766,0.0,Storage,3787.4442291259766
teammates\src\main\java\teammates\common\datatransfer\questions\FeedbackTextResponseDetails.java,0.05715708732604981,0.05714285714285714,0.02857142857142857,Logic,0.05715708732604981
teammates\src\main\java\teammates\ui\servlets\LoginServlet.java,1.182224600655692,0.03798821313040597,2692.698211669922,UI,2692.698211669922
teammates\src\test\java\teammates\ui\webapi\GetAccountRequestActionTest.java,1.8188959394182478,0.05496744768960135,2074.8219871520996,UI,2074.8219871520996
teammates\src\test\java\teammates\ui\webapi\DeleteAccountRequestActionTest.java,1.9550349644252232,0.060896355765206474,2066.308307647705,UI,2066.308307647705
teammates\src\main\java\teammates\ui\output\OngoingSessionsData.java,0.02858536924634661,0.0,2083.8845443725586,UI,2083.8845443725586
teammates\src\test\java\teammates\ui\request\StudentsEnrollRequestTest.java,0.0949052197592599,0.0,2098.6289405822754,UI,2098.6289405822754
teammates\src\test\java\teammates\ui\webapi\GetFeedbackSessionSubmittedGiverSetActionTest.java,0.02858426911490304,0.009200810534613474,2065.3798484802246,UI,2065.3798484802246
teammates\src\main\java\teammates\storage\api\AccountRequestsDb.java,0.4051337378365653,3541.659164428711,0.1431020872933524,Storage,3541.659164428711
teammates\src\e2e\java\teammates\e2e\cases\axe\StudentCourseDetailsPageAxeTest.java,0.028585297720772878,0.01521533727645874,0.01692377669470651,Logic,0.028585297720772878
teammates\src\e2e\java\teammates\e2e\pageobjects\AdminHomePage.java,0.028583591324942453,0.011237654515675136,0.03724675519125802,UI,0.03724675519125802
teammates\src\main\java\teammates\ui\servlets\package-info.java,0.02858614580971854,0.0,2131.8692207336426,UI,2131.8692207336426
teammates\src\main\java\teammates\ui\webapi\GetStudentAction.java,2.185023280552455,0.05990108762468611,2071.691474914551,UI,2071.691474914551
teammates\src\test\java\teammates\ui\webapi\GetFeedbackResponseCommentActionTest.java,2.1695009504045757,0.12193897792271205,1821.684284210205,UI,1821.684284210205
teammates\src\main\java\teammates\ui\webapi\InvalidHttpParameterException.java,0.028585617882864817,0.0,2099.305191040039,UI,2099.305191040039
teammates\src\main\java\teammates\ui\webapi\DeleteDataBundleAction.java,1.9985089983258928,0.2266101837158203,2197.051887512207,UI,2197.051887512207
teammates\src\e2e\java\teammates\e2e\cases\FeedbackContributionQuestionE2ETest.java,0.028582259586879186,0.009055967841829573,0.013213603837149484,Logic,0.028582259586879186
teammates\src\main\java\teammates\common\datatransfer\attributes\EntityAttributes.java,0.15263851710728238,0.05714285714285714,0.02857142857142857,Logic,0.15263851710728238
teammates\src\main\java\teammates\common\datatransfer\attributes\AccountAttributes.java,0.10460379464285714,0.05714285714285714,0.02857142857142857,Logic,0.10460379464285714
teammates\src\test\java\teammates\test\BaseTestCase.java,0.09761626379830497,0.11333060264587402,0.12320383616856166,UI,0.12320383616856166
teammates\src\main\java\teammates\common\util\AppUrl.java,0.028585161481584822,0.00909774899482727,0.17358414786202567,UI,0.17358414786202567
teammates\src\test\java\teammates\common\datatransfer\questions\package-info.java,0.028586108343941825,0.05714285714285714,0.02857142857142857,Storage,0.05714285714285714
teammates\src\main\java\teammates\common\datatransfer\logs\FeedbackSessionAuditLogDetails.java,0.5652151925223214,0.07125558853149414,0.02857142857142857,Logic,0.5652151925223214
teammates\src\test\java\teammates\test\AbstractBackDoor.java,0.124542236328125,0.06491741452898298,0.2664682933262416,UI,0.2664682933262416
teammates\src\e2e\java\teammates\e2e\cases\FeedbackResultsPageE2ETest.java,0.15728729793003626,0.01521225997379848,0.28221563611711775,UI,0.28221563611711775
teammates\src\main\java\teammates\ui\output\InstructorPrivilegeData.java,0.028585972104753766,0.0,2121.1408042907715,UI,2121.1408042907715
teammates\src\main\java\teammates\common\util\SanitizationHelper.java,0.12285774775913784,0.0,0.8643848419189453,UI,0.8643848419189453
teammates\src\main\java\teammates\common\datatransfer\InstructorPrivilegesLegacy.java,0.02858576433999198,0.05714285714285714,0.02857142857142857,Storage,0.05714285714285714
teammates\src\main\java\teammates\common\datatransfer\AttributesDeletionQuery.java,0.028583591324942453,0.05714285714285714,0.08571428571428572,UI,0.08571428571428572
teammates\src\test\java\teammates\ui\webapi\GetStudentsActionTest.java,0.5363477434430803,0.019910502433776855,1845.3292846679688,UI,1845.3292846679688
teammates\src\test\java\teammates\ui\webapi\InstructorSearchIndexingWorkerActionTest.java,2.02428959437779,0.06338958740234375,2046.621208190918,UI,2046.621208190918
teammates\src\main\java\teammates\logic\external\GoogleCloudTasksService.java,2837.1413040161133,0.1009310041155134,0.056322911807468956,Logic,2837.1413040161133
teammates\src\test\java\teammates\common\datatransfer\questions\FeedbackQuestionDetailsTest.java,0.09607767377580916,0.06354683467320034,0.02857142857142857,Logic,0.09607767377580916
teammates\src\main\java\teammates\storage\entity\CourseStudent.java,0.028583809307643347,3558.082504272461,0.07424625669206891,Storage,3558.082504272461
teammates\src\main\java\teammates\ui\output\CommentVisibilityType.java,0.02858603000640869,0.0,2124.6886825561523,UI,2124.6886825561523
teammates\src\test\java\teammates\common\datatransfer\attributes\package-info.java,0.028586108343941825,0.05714285714285714,0.02857142857142857,Storage,0.05714285714285714
teammates\src\test\java\teammates\common\datatransfer\questions\FeedbackRankRecipientsQuestionDetailsTest.java,0.05979863575526646,0.05714285714285714,0.05849204063415527,Logic,0.05979863575526646
teammates\src\main\java\teammates\ui\webapi\SubmitFeedbackResponsesAction.java,2.4632165091378346,0.06931341035025461,1840.7705688476562,UI,1840.7705688476562
teammates\src\e2e\java\teammates\e2e\cases\InstructorFeedbackReportPageE2ETest.java,0.10066360064915249,0.040320607594081334,0.31484530312674386,UI,0.31484530312674386
teammates\src\main\java\teammates\storage\api\NotificationsDb.java,0.19169003622872488,3567.4717712402344,0.03358450957706997,Storage,3567.4717712402344
teammates\src\lnp\java\teammates\lnp\cases\package-info.java,0.02858614580971854,0.0,0.017959330763135637,Logic,0.02858614580971854
teammates\src\main\java\teammates\ui\constants\QuestionTypeStructures.java,0.11699341365269252,0.0,2050.601272583008,UI,2050.601272583008
teammates\src\test\java\teammates\ui\webapi\FeedbackSessionResendPublishedEmailWorkerActionTest.java,1.7903496878487724,0.057240663255964004,2078.8354301452637,UI,2078.8354301452637
teammates\src\main\java\teammates\ui\webapi\GetCourseJoinStatusAction.java,2.0805079868861607,0.056997878210885186,2062.592601776123,UI,2062.592601776123
teammates\src\main\java\teammates\ui\webapi\UpdateFeedbackQuestionAction.java,2.0894481113978793,0.05724623543875558,2044.372158050537,UI,2044.372158050537
teammates\src\test\java\teammates\ui\webapi\FeedbackSessionRemindParticularUsersEmailWorkerActionTest.java,1.881268310546875,0.06020909036908831,1995.1202964782715,UI,1995.1202964782715
teammates\src\test\java\teammates\common\util\package-info.java,0.02858614580971854,0.0,0.0325549874986921,UI,0.0325549874986921
teammates\src\e2e\java\teammates\e2e\cases\StudentNotificationsPageE2ETest.java,0.10027291434151786,0.00924546548298427,0.15928570883614676,UI,0.15928570883614676
teammates\src\e2e\java\teammates\e2e\cases\InstructorCourseStudentDetailsPageE2ETest.java,0.028584762981959753,0.008949695314679826,0.01627110924039568,Logic,0.028584762981959753
teammates\src\client\java\teammates\client\util\LoopHelper.java,0.02858565534864153,0.0,0.03146670205252511,UI,0.03146670205252511
teammates\src\main\java\teammates\ui\request\FeedbackSessionUpdateRequest.java,0.028585335186549595,0.0,2133.8898277282715,UI,2133.8898277282715
teammates\src\test\java\teammates\ui\webapi\GetInstructorsActionTest.java,2.216819109235491,0.06988512447902134,1871.3087844848633,UI,1871.3087844848633
teammates\src\main\java\teammates\common\util\StringHelper.java,0.43544976370675226,0.16895262854439871,0.20113763809204102,Logic,0.43544976370675226
teammates\src\main\java\teammates\ui\webapi\InstructorCourseJoinEmailWorkerAction.java,2.105462210518973,0.05769104276384626,2050.601272583008,UI,2050.601272583008
teammates\src\main\java\teammates\ui\webapi\GetNotificationAction.java,1.9443636213030133,0.05321605546133859,2104.947509765625,UI,2104.947509765625
teammates\src\main\java\teammates\common\datatransfer\InstructorPermissionSet.java,0.14947380338396346,0.061655221666608535,0.06549641745431083,Logic,0.14947380338396346
teammates\src\test\java\teammates\ui\webapi\DeleteFeedbackSessionActionTest.java,2.1974147251674108,0.06912797519138882,1868.1332778930664,UI,1868.1332778930664
teammates\src\main\java\teammates\ui\webapi\GetUserCookieAction.java,0.09087785312107631,0.0,2766.911392211914,UI,2766.911392211914
teammates\src\main\java\teammates\ui\output\package-info.java,0.02858614580971854,0.0,2131.8692207336426,UI,2131.8692207336426
teammates\src\main\java\teammates\ui\request\FeedbackQuestionUpdateRequest.java,0.028586128779820034,0.0,2185.8079719543457,UI,2185.8079719543457
teammates\src\e2e\java\teammates\e2e\cases\NotificationBannerE2ETest.java,0.10219222477504185,0.007658012424196516,0.015666913986206055,Logic,0.10219222477504185
teammates\src\e2e\java\teammates\e2e\cases\axe\InstructorFeedbackSessionsPageAxeTest.java,0.02858536924634661,0.015315955025809153,0.017009060723440987,Logic,0.02858536924634661
teammates\src\main\java\teammates\ui\output\FeedbackResponseCommentData.java,0.028584510939461846,0.0,2031.077995300293,UI,2031.077995300293
teammates\src\main\java\teammates\ui\output\FeedbackSessionStatsData.java,0.028585917609078543,0.0,2117.6208305358887,UI,2117.6208305358887
teammates\src\client\java\teammates\client\util\BackDoor.java,0.028585822241646904,0.0,0.03183508600507464,UI,0.03183508600507464
teammates\src\e2e\java\teammates\e2e\cases\InstructorCourseStudentDetailsEditPageE2ETest.java,0.02858489922114781,0.1582782745361328,0.1716362680707659,UI,0.1716362680707659
teammates\src\e2e\java\teammates\e2e\pageobjects\package-info.java,0.02858614580971854,0.0,0.0,Logic,0.02858614580971854
teammates\src\main\java\teammates\common\datatransfer\SessionResultsBundle.java,0.1035942826952253,0.10877366065979004,0.09468001638139997,Storage,0.10877366065979004
teammates\src\main\java\teammates\ui\webapi\GetNotificationsAction.java,2.1582938058035714,0.05754439490182059,2085.0574684143066,UI,2085.0574684143066
teammates\src\test\java\teammates\storage\search\AccountRequestSearchTest.java,0.07098713602338519,3119.6994400024414,0.187091977255685,Storage,3119.6994400024414
teammates\src\test\java\teammates\common\util\TimeHelperTest.java,0.04147016661507743,0.06723782675606864,0.05378237451825823,Storage,0.06723782675606864
teammates\src\e2e\java\teammates\e2e\pageobjects\InstructorCourseEnrollPage.java,0.028582429885864256,0.1213552747453962,0.02857142857142857,Storage,0.1213552747453962
teammates\src\test\java\teammates\common\datatransfer\questions\FeedbackContributionQuestionDetailsTest.java,0.12228152411324637,0.07685443333217076,0.05475508485521589,Logic,0.12228152411324637
teammates\src\test\java\teammates\logic\core\FeedbackResponsesLogicTest.java,2706.7022705078125,0.1320681027003697,0.09308695111955916,Logic,2706.7022705078125
teammates\src\main\java\teammates\ui\webapi\DeleteNotificationAction.java,1.9583116803850447,0.053603499276297435,2131.5426445007324,UI,2131.5426445007324
teammates\src\test\java\teammates\ui\webapi\GetNotificationsActionTest.java,2.007230268205915,0.060732003620692664,2045.0014114379883,UI,2045.0014114379883
teammates\src\main\java\teammates\common\datatransfer\attributes\AccountRequestAttributes.java,0.10460379464285714,0.05714285714285714,0.02857142857142857,Logic,0.10460379464285714
teammates\src\test\java\teammates\ui\webapi\GetFeedbackSessionsActionTest.java,1.8656145368303572,0.3461578369140625,1765.0593566894531,UI,1765.0593566894531
teammates\src\main\java\teammates\ui\output\ApiOutput.java,0.028586012976510183,0.0,2175.2508544921875,UI,2175.2508544921875
teammates\src\main\java\teammates\ui\request\StudentsEnrollRequest.java,0.10243753705705916,0.0,2089.023780822754,UI,2089.023780822754
teammates\src\main\java\teammates\logic\core\StudentsLogic.java,3644.1643142700195,0.10276831899370466,0.03432723454066685,Logic,3644.1643142700195
teammates\src\main\java\teammates\ui\webapi\FeedbackSessionResendPublishedEmailWorkerAction.java,2.389373779296875,0.06557747977120536,2143.535575866699,UI,2143.535575866699
teammates\src\test\java\teammates\logic\core\FeedbackQuestionsLogicTest.java,3174.1733169555664,0.1535205704825265,0.20901719502040317,Logic,3174.1733169555664
teammates\src\main\java\teammates\ui\output\JoinStatus.java,0.028586012976510183,0.0,2123.5028076171875,UI,2123.5028076171875
teammates\src\main\java\teammates\ui\output\GeneralLogsData.java,0.02858583927154541,0.0,2112.970390319824,UI,2112.970390319824
teammates\src\client\java\teammates\client\scripts\statistics\StatisticsPerInstitute.java,0.13643549510410855,0.18287056514195033,0.1093987056187221,Storage,0.18287056514195033
teammates\src\main\java\teammates\common\datatransfer\attributes\NotificationAttributes.java,0.10053512709481376,0.05714285714285714,0.02857142857142857,Logic,0.10053512709481376
teammates\src\main\java\teammates\ui\webapi\RegenerateStudentKeyAction.java,1.8358849661690848,0.05020278862544469,2173.8223838806152,UI,2173.8223838806152
teammates\src\client\java\teammates\client\scripts\DataMigrationForStudentsAndTeamsRecipientType.java,0.04490728378295898,0.05714285714285714,0.02857142857142857,Storage,0.05714285714285714
teammates\src\main\java\teammates\common\datatransfer\questions\FeedbackConstantSumQuestionDetails.java,0.028579674448285783,0.10416660990033831,0.06485347066606795,Storage,0.10416660990033831
teammates\src\test\java\teammates\ui\webapi\GetNotificationActionTest.java,0.05592957564762661,0.008138899292264665,2014.0278053283691,UI,2014.0278053283691
teammates\src\e2e\java\teammates\e2e\util\RetryManager.java,0.028584892409188406,0.027337213924952915,0.05525366238185338,UI,0.05525366238185338
teammates\src\e2e\java\teammates\e2e\pageobjects\StudentHomePage.java,0.08330158506120955,0.041168315070016046,0.0526949303490775,Logic,0.08330158506120955
teammates\src\main\java\teammates\ui\webapi\ArchiveCourseAction.java,2.3887911115373885,0.06556128093174525,2177.99898147583,UI,2177.99898147583
teammates\src\test\java\teammates\logic\core\FeedbackResponseCommentsLogicTest.java,1853.20556640625,0.10411162376403808,0.14429498400006976,Logic,1853.20556640625
teammates\src\test\java\teammates\logic\core\BaseLogicTest.java,2585.513381958008,0.11497722353254046,0.02857142857142857,Logic,2585.513381958008
teammates\src\e2e\java\teammates\e2e\pageobjects\AdminSearchPage.java,0.11569129398890904,0.0065648525953292845,0.42754505702427453,UI,0.42754505702427453
teammates\src\e2e\java\teammates\e2e\cases\axe\InstructorCourseDetailsPageAxeTest.java,0.02858522960117885,0.008231099162782942,0.016839344160897392,Logic,0.02858522960117885
teammates\src\test\java\teammates\ui\request\package-info.java,0.02858614580971854,0.0,2187.0861053466797,UI,2187.0861053466797
teammates\src\main\java\teammates\ui\output\AccountData.java,0.028585474831717354,0.0,2090.4262161254883,UI,2090.4262161254883
teammates\src\main\java\teammates\ui\output\ResponseVisibleSetting.java,0.028586087908063617,0.0,2128.2645988464355,UI,2128.2645988464355
teammates\src\test\java\teammates\ui\webapi\package-info.java,0.02858614580971854,0.0,2131.8692207336426,UI,2131.8692207336426
teammates\src\client\java\teammates\client\scripts\DataMigrationForUnencryptedKeyForInstructors.java,0.045326675687517436,0.05714285714285714,0.02857142857142857,Storage,0.05714285714285714
teammates\src\test\java\teammates\ui\webapi\DeleteAccountActionTest.java,1.8358849661690848,0.05660676615578788,2061.0834884643555,UI,2061.0834884643555
teammates\src\e2e\java\teammates\e2e\pageobjects\IanaTimezonePage.java,0.028585784775870187,0.09103107452392578,0.04551553726196289,Storage,0.09103107452392578
teammates\src\e2e\java\teammates\e2e\pageobjects\StudentCourseDetailsPage.java,0.028586782727922713,0.0,0.0,Logic,0.028586782727922713
teammates\src\test\java\teammates\ui\webapi\SearchInstructorsActionTest.java,0.028581929206848145,0.06580577577863421,1945.5040740966797,UI,1945.5040740966797
teammates\src\main\java\teammates\ui\webapi\CreateFeedbackSessionLogAction.java,0.3842647552490234,0.009086343220302037,2058.6778259277344,UI,2058.6778259277344
teammates\src\test\java\teammates\common\datatransfer\ErrorLogEntryTest.java,0.02858706201825823,0.1349971226283482,2.250624084472656,UI,2.250624084472656
teammates\src\test\java\teammates\ui\servlets\package-info.java,0.02858614580971854,0.0,2131.8692207336426,UI,2131.8692207336426
teammates\src\main\java\teammates\ui\webapi\PutDataBundleAction.java,1.9907283238002231,0.10946610314505441,2121.054153442383,UI,2121.054153442383
teammates\src\e2e\java\teammates\e2e\cases\InstructorCourseEnrollPageE2ETest.java,0.03977060317993164,0.014377590588160924,0.07431068420410156,UI,0.07431068420410156
teammates\src\test\java\teammates\ui\webapi\FeedbackSessionRemindEmailWorkerActionTest.java,2.1553373064313615,0.06440755299159459,1981.296215057373,UI,1981.296215057373
teammates\src\e2e\java\teammates\e2e\cases\InstructorCourseEditPageE2ETest.java,0.10325617790222168,0.1316779545375279,0.13364869526454382,UI,0.13364869526454382
teammates\src\main\java\teammates\ui\webapi\GetFeedbackSessionAction.java,1.7980013166155133,0.04755070550101144,2044.372158050537,UI,2044.372158050537
teammates\src\main\java\teammates\ui\webapi\AdminExceptionTestAction.java,0.10263276100158691,0.08571428571428572,2073.7753677368164,UI,2073.7753677368164
teammates\src\test\java\teammates\logic\core\NotificationsLogicTest.java,2213.723030090332,0.11593181065150669,0.20543294634137835,Logic,2213.723030090332
teammates\src\main\java\teammates\ui\request\FeedbackResponseCommentCreateRequest.java,0.028585917609078543,0.0,2171.9701385498047,UI,2171.9701385498047
teammates\src\lnp\java\teammates\lnp\cases\InstructorSessionResultLNPTest.java,0.04535392693110875,0.061837387084960935,0.05408741065434047,Storage,0.061837387084960935
teammates\src\test\java\teammates\common\datatransfer\attributes\InstructorAttributesTest.java,0.17026661464146206,0.05921130180358887,0.04713931764875139,Logic,0.17026661464146206
teammates\src\test\java\teammates\storage\api\NotificationsDbTest.java,0.13577002116612025,2654.3467330932617,0.08903703008379255,Storage,2654.3467330932617
teammates\src\main\java\teammates\storage\api\FeedbackResponsesDb.java,0.32156554630824496,2851.1312103271484,0.11078510284423829,Storage,2851.1312103271484
teammates\src\lnp\java\teammates\lnp\cases\StudentSectionUpdateLNPTest.java,0.04623839855194092,0.05714285714285714,0.04031399999346052,Storage,0.05714285714285714
teammates\src\main\java\teammates\ui\webapi\FeedbackSessionClosedRemindersAction.java,2.351965114048549,0.06453832898821149,2131.027145385742,UI,2131.027145385742
teammates\src\main\java\teammates\common\datatransfer\package-info.java,0.02858614580971854,0.05714285714285714,0.02857142857142857,Storage,0.05714285714285714
teammates\src\test\java\teammates\common\datatransfer\questions\FeedbackRubricQuestionDetailsTest.java,0.028578352928161622,0.06357431411743164,0.02857142857142857,Storage,0.06357431411743164
teammates\src\main\java\teammates\ui\output\FeedbackQuestionsData.java,0.028585583823067803,0.007184851169586182,2097.0684242248535,UI,2097.0684242248535
teammates\src\main\java\teammates\ui\output\RegkeyValidityData.java,0.028585822241646904,0.0,2111.8152236938477,UI,2111.8152236938477
teammates\src\e2e\java\teammates\e2e\cases\InstructorStudentListPageE2ETest.java,0.09988948277064733,0.1530805996486119,0.082981504712786,Storage,0.1530805996486119
teammates\src\test\java\teammates\ui\webapi\CreateFeedbackSessionActionTest.java,1.7287787301199777,0.054721505301339284,1733.9745330810547,UI,1733.9745330810547
teammates\src\main\java\teammates\ui\webapi\FeedbackSessionRemindParticularUsersEmailWorkerAction.java,2.389373779296875,0.06557747977120536,2143.535575866699,UI,2143.535575866699
teammates\src\main\java\teammates\ui\request\InstructorCreateRequest.java,0.028585025242396762,0.0,2113.785629272461,UI,2113.785629272461
teammates\src\main\java\teammates\common\util\RequestTracer.java,0.04835248674665179,0.008949695314679826,0.06165940420968192,UI,0.06165940420968192
teammates\src\e2e\java\teammates\e2e\pageobjects\AdminAccountsPage.java,0.028583591324942453,0.008489194938114711,0.0,Logic,0.028583591324942453
teammates\src\test\java\teammates\common\datatransfer\questions\FeedbackConstantSumQuestionDetailsTest.java,0.028578352928161622,0.05714285714285714,0.03386494432176863,Storage,0.05714285714285714
teammates\src\main\java\teammates\storage\api\FeedbackSessionsDb.java,0.4433041708809989,2854.8698806762695,0.09659167698451451,Storage,2854.8698806762695
teammates\src\e2e\java\teammates\e2e\cases\InstructorStudentRecordsPageE2ETest.java,0.028586036818368094,0.1760033743722098,0.14749155044555665,Storage,0.1760033743722098
teammates\src\main\java\teammates\ui\webapi\RemindFeedbackSessionResultAction.java,1.8481665475027902,0.08375891276768276,2116.621208190918,UI,2116.621208190918
teammates\src\test\java\teammates\ui\webapi\DeleteFeedbackResponseCommentActionTest.java,2.209855433872768,0.068449034009661,1733.2538223266602,UI,1733.2538223266602
teammates\src\main\java\teammates\ui\constants\DefaultInstructorPermissions.java,0.2072107860020229,0.0,2138.1767082214355,UI,2138.1767082214355
teammates\src\test\java\teammates\logic\core\CoursesLogicTest.java,2459.5615005493164,0.153387941632952,0.09967840739658901,Logic,2459.5615005493164
teammates\src\main\java\teammates\ui\output\SessionLinksRecoveryResponseData.java,0.028585917609078543,0.0,2117.6208305358887,UI,2117.6208305358887
teammates\src\main\java\teammates\logic\core\FeedbackQuestionsLogic.java,2922.880516052246,0.07583365440368653,0.16706150599888392,Logic,2922.880516052246
teammates\src\main\java\teammates\common\util\EmailSendingStatus.java,0.028585801805768696,0.0,0.03179373059953962,UI,0.03179373059953962
teammates\src\main\java\teammates\common\util\Url.java,0.14556484222412108,0.009904885292053222,0.029637609209333147,Logic,0.14556484222412108
teammates\src\main\java\teammates\ui\webapi\GetAccountsAction.java,1.976875959123884,0.05332552364894322,2177.224998474121,UI,2177.224998474121
teammates\src\main\java\teammates\ui\webapi\Action.java,2.2698457990373884,0.057179559980119976,2358.845443725586,UI,2358.845443725586
teammates\src\e2e\java\teammates\e2e\pageobjects\InstructorHomePage.java,0.0870441096169608,0.09096527780805315,0.08086881637573243,Storage,0.09096527780805315
teammates\src\e2e\java\teammates\e2e\cases\AutomatedSessionRemindersE2ETest.java,0.028584034102303642,0.009542735985347203,0.015381334509168352,Logic,0.028584034102303642
teammates\src\main\java\teammates\ui\webapi\BinFeedbackSessionAction.java,2.1202760968889507,0.05810252598353795,2136.9140625,UI,2136.9140625
teammates\src\test\java\teammates\storage\search\StudentSearchTest.java,0.06662189619881766,3227.062110900879,0.02857142857142857,Storage,3227.062110900879
teammates\src\main\java\teammates\ui\webapi\GetFeedbackSessionsAction.java,2.2004911150251116,0.06478410448346819,2101.875343322754,UI,2101.875343322754
teammates\src\e2e\java\teammates\e2e\cases\TimezoneSyncerTest.java,0.03746512617383684,0.19317144666399275,0.45657032557896204,UI,0.45657032557896204
teammates\src\test\java\teammates\ui\webapi\FeedbackSessionUnpublishedEmailWorkerActionTest.java,1.8481665475027902,0.057048913410731726,2046.621208190918,UI,2046.621208190918
teammates\src\client\java\teammates\client\scripts\PopulateCourseSearchDocuments.java,1.8931773594447545,0.2203082629612514,0.14902079445975167,Logic,1.8931773594447545
teammates\src\main\java\teammates\storage\api\UsageStatisticsDb.java,0.30262625558035716,3998.821029663086,0.03125474112374442,Storage,3998.821029663086
teammates\src\main\java\teammates\common\datatransfer\questions\FeedbackMcqQuestionDetails.java,0.09852519035339355,0.05714285714285714,0.24573031834193637,UI,0.24573031834193637
teammates\src\main\java\teammates\ui\output\NotificationsData.java,0.028585822241646904,0.0,2111.8152236938477,UI,2111.8152236938477
teammates\src\main\java\teammates\common\util\Config.java,0.6346012660435267,0.1787118775503976,0.17060800279889787,Logic,0.6346012660435267
teammates\src\e2e\java\teammates\e2e\cases\FeedbackMsqQuestionE2ETest.java,0.08021396228245327,0.00900127717426845,0.16004952022007535,UI,0.16004952022007535
teammates\src\e2e\java\teammates\e2e\cases\SystemErrorEmailReportE2ETest.java,0.5292720249720982,0.109190947668893,0.21697417667933871,Logic,0.5292720249720982
teammates\src\e2e\java\teammates\e2e\cases\AdminSearchPageE2ETest.java,0.10620809963771276,0.013260650634765624,0.045214179583958215,Logic,0.10620809963771276
teammates\src\client\java\teammates\client\scripts\DataMigrationForContributionQuestionDetailsIsZeroSum.java,0.15898863928658621,0.06533309391566686,0.054886552265712193,Logic,0.15898863928658621
teammates\src\main\java\teammates\ui\webapi\AuthType.java,0.028585897173200335,0.0,2116.4536476135254,UI,2116.4536476135254
teammates\src\main\java\teammates\ui\webapi\FeedbackSessionOpeningRemindersAction.java,2.351965114048549,0.06453832898821149,2131.027145385742,UI,2131.027145385742
teammates\src\client\java\teammates\client\scripts\IndexFeedbackSessionFields.java,0.04576816558837891,0.05714285714285714,0.02857142857142857,Storage,0.05714285714285714
teammates\src\test\java\teammates\ui\webapi\ActionFactoryTest.java,0.02858414990561349,0.0,2476.315155029297,UI,2476.315155029297
teammates\src\client\java\teammates\client\util\package-info.java,0.02858614580971854,0.0,0.0325549874986921,UI,0.0325549874986921
teammates\src\main\java\teammates\common\util\JsonUtils.java,0.08592909404209682,0.007192702804292951,0.032456496783665245,Logic,0.08592909404209682
teammates\src\main\java\teammates\logic\external\package-info.java,2602.679862976074,0.05822362218584333,0.0,Logic,2602.679862976074
teammates\src\main\java\teammates\ui\webapi\GetFeedbackQuestionsAction.java,2.2007559640066963,0.05875227110726493,2031.4208602905273,UI,2031.4208602905273
teammates\src\main\java\teammates\ui\webapi\GenerateEmailAction.java,2.0059932163783483,0.06123408590044294,2031.077995300293,UI,2031.077995300293
teammates\src\lnp\java\teammates\lnp\cases\FeedbackSessionSubmitLNPTest.java,0.04575661931719099,0.10611412184579032,0.07434301376342774,Storage,0.10611412184579032
teammates\src\e2e\java\teammates\e2e\cases\FeedbackRankRecipientQuestionE2ETest.java,0.028582259586879186,0.009055967841829573,0.013213603837149484,Logic,0.028582259586879186
teammates\src\e2e\java\teammates\e2e\cases\InstructorSearchPageE2ETest.java,0.045101165771484375,0.014351614883967809,0.013864944662366594,Logic,0.045101165771484375
teammates\src\main\java\teammates\ui\output\TimeZonesData.java,0.02858583927154541,0.0,2112.970390319824,UI,2112.970390319824
teammates\src\test\java\teammates\ui\webapi\CalculateUsageStatisticsActionTest.java,1.8806346348353795,0.05959559849330357,2066.9140625,UI,2066.9140625
teammates\src\main\java\teammates\ui\output\AccountRequestData.java,0.028585403306143623,0.0,2086.054153442383,UI,2086.054153442383
teammates\src\main\java\teammates\ui\webapi\GetOngoingSessionsAction.java,2.079313223702567,0.061581754684448244,2000.8093452453613,UI,2000.8093452453613
teammates\src\main\java\teammates\ui\request\InstructorPrivilegeUpdateRequest.java,0.028585822241646904,0.0,2165.81111907959,UI,2165.81111907959
teammates\src\test\java\teammates\common\datatransfer\attributes\CourseAttributesTest.java,0.16639130456107004,0.05714285714285714,0.02857142857142857,Logic,0.16639130456107004
teammates\src\e2e\java\teammates\e2e\cases\axe\InstructorStudentActivityLogsPageAxeTest.java,0.028585297720772878,0.01521533727645874,0.01692377669470651,Logic,0.028585297720772878
teammates\src\main\java\teammates\ui\output\InstructorPermissionRole.java,0.028585403306143623,0.0,2086.054153442383,UI,2086.054153442383
teammates\src\test\java\teammates\ui\webapi\GetInstructorActionTest.java,2.1350904192243303,0.09575424875531878,1896.943016052246,UI,1896.943016052246
teammates\src\main\java\teammates\common\util\TzdbResourceZoneRulesProvider.java,0.10081701959882464,0.25317535400390623,0.2316145760672433,Storage,0.25317535400390623
teammates\src\main\java\teammates\ui\output\FeedbackVisibilityType.java,0.0285860504422869,0.0,2125.8774948120117,UI,2125.8774948120117
teammates\src\main\java\teammates\ui\webapi\ActionResult.java,0.02858595507485526,0.0,2119.9644088745117,UI,2119.9644088745117
teammates\src\test\java\teammates\common\datatransfer\questions\FeedbackNumericalScaleQuestionDetailsTest.java,0.229821286882673,0.07433673994881766,0.0636378288269043,Logic,0.229821286882673
teammates\src\e2e\java\teammates\e2e\cases\axe\InstructorSessionIndividualExtensionPageAxeTest.java,0.028585161481584822,0.016963934898376463,0.016755751201084683,Logic,0.028585161481584822
teammates\src\test\java\teammates\ui\webapi\DeleteInstructorActionTest.java,2.181496320452009,0.06869682584490094,1710.532341003418,UI,1710.532341003418
teammates\src\e2e\java\teammates\e2e\pageobjects\AdminTimezonePage.java,0.02858536924634661,0.073110260282244,0.036555130141122,Storage,0.073110260282244
teammates\src\main\java\teammates\logic\core\InstructorsLogic.java,4697.254638671875,0.1227066993713379,0.028386686529432024,Logic,4697.254638671875
teammates\src\test\java\teammates\ui\webapi\CreateNotificationActionTest.java,1.6309710911342077,0.04451080049787249,2070.353260040283,UI,2070.353260040283
teammates\src\test\java\teammates\storage\api\FeedbackSessionsDbTest.java,0.09381988389151437,2162.3573684692383,0.06434157916477748,Storage,2162.3573684692383
teammates\src\main\java\teammates\ui\webapi\DeleteFeedbackResponseCommentAction.java,2.2453669956752234,0.05825723239353725,2165.3622436523438,UI,2165.3622436523438
teammates\src\main\java\teammates\logic\api\EmailGenerator.java,2622.837333679199,0.15334668840680804,0.19261529105050224,Logic,2622.837333679199
teammates\src\main\java\teammates\ui\output\FeedbackSessionSubmittedGiverSet.java,0.028585972104753766,0.0,2173.6848640441895,UI,2173.6848640441895
teammates\src\main\java\teammates\ui\webapi\FeedbackSessionOpeningSoonRemindersAction.java,2.351965114048549,0.06453832898821149,2131.027145385742,UI,2131.027145385742
teammates\src\main\java\teammates\ui\output\ReadNotificationsData.java,0.028585972104753766,0.0,2121.1408042907715,UI,2121.1408042907715
teammates\src\test\java\teammates\ui\webapi\UnpublishFeedbackSessionActionTest.java,1.978465053013393,0.06158547401428223,1961.4208602905273,UI,1961.4208602905273
teammates\src\main\java\teammates\ui\webapi\BasicCommentSubmissionAction.java,1.841003199986049,0.04955131326402937,2039.0907287597656,UI,2039.0907287597656
teammates\src\e2e\java\teammates\e2e\cases\AdminSessionsPageE2ETest.java,0.04990073612758091,0.1800391605922154,0.10737272671290807,Storage,0.1800391605922154
teammates\src\main\java\teammates\ui\output\FeedbackSessionData.java,0.028581619262695312,0.0,1951.596336364746,UI,1951.596336364746
teammates\src\main\java\teammates\logic\external\EmailSenderService.java,2587.209815979004,0.0578728267124721,0.0,Logic,2587.209815979004
teammates\src\test\java\teammates\storage\search\BaseSearchTest.java,0.028585917609078543,4025.195198059082,0.02857142857142857,Storage,4025.195198059082
teammates\src\main\java\teammates\logic\api\UserProvision.java,2522.7827072143555,0.05517970493861607,1.660806383405413,Logic,2522.7827072143555
teammates\src\main\java\teammates\ui\request\Intent.java,0.0285860504422869,0.0,2180.7294845581055,UI,2180.7294845581055
teammates\src\e2e\java\teammates\e2e\pageobjects\InstructorStudentRecordsPage.java,0.028585474831717354,0.0,0.014509350912911551,Logic,0.028585474831717354
teammates\src\e2e\java\teammates\e2e\cases\axe\StudentHomePageAxeTest.java,0.02858536924634661,0.00831405690738133,0.017009060723440987,Logic,0.02858536924634661
teammates\src\test\java\teammates\ui\webapi\GetAccountsActionTest.java,0.0651881081717355,0.009326947586877006,2022.547492980957,UI,2022.547492980957
teammates\src\lnp\java\teammates\lnp\cases\InstructorCourseUpdateLNPTest.java,0.04593217372894287,0.05714285714285714,0.04178503240857805,Storage,0.05714285714285714
teammates\src\client\java\teammates\client\scripts\DataMigrationForTeamNameInResponseGiver.java,0.6656986236572265,0.08130108969552176,0.08021503176007952,Logic,0.6656986236572265
teammates\src\test\java\teammates\architecture\ArchitectureTest.java,1.446039581298828,1.1306787763323103,1.0904323032924108,Logic,1.446039581298828
teammates\src\main\java\teammates\common\util\FieldValidator.java,0.23798392159598214,0.032765647343226845,0.23823727199009487,UI,0.23823727199009487
teammates\src\main\java\teammates\storage\api\DatastoreEmulatorRunner.java,0.07266092300415039,4192.222518920898,0.02857142857142857,Storage,4192.222518920898
teammates\src\test\java\teammates\ui\webapi\GetCourseJoinStatusActionTest.java,2.0986158098493304,0.061042894635881695,2168.9803504943848,UI,2168.9803504943848
teammates\src\test\java\teammates\ui\webapi\FeedbackSessionPublishedEmailWorkerActionTest.java,1.8481665475027902,0.057048913410731726,2046.621208190918,UI,2046.621208190918
teammates\src\test\java\teammates\common\datatransfer\AttributesDeletionQueryTest.java,0.028582259586879186,0.05714285714285714,0.02857142857142857,Storage,0.05714285714285714
teammates\src\main\java\teammates\common\datatransfer\logs\LogDetails.java,0.549844469342913,0.07162226268223354,0.02857142857142857,Logic,0.549844469342913
teammates\src\main\java\teammates\common\datatransfer\UserInfoCookie.java,0.028585093361990794,0.05714285714285714,0.1575241906302316,UI,0.1575241906302316
teammates\src\main\java\teammates\logic\external\EmptyRecaptchaService.java,2595.758743286133,0.05806668145315988,0.0,Logic,2595.758743286133
teammates\src\client\java\teammates\client\scripts\DataMigrationForInstructorFeedbackResponseComments.java,0.04511432307107108,0.06411516325814383,0.05544259207589286,Storage,0.06411516325814383
teammates\src\test\java\teammates\ui\webapi\GetSessionResultsActionTest.java,2.0636282784598214,0.06268356868198939,1731.6633987426758,UI,1731.6633987426758
teammates\src\main\java\teammates\ui\webapi\InvalidOperationException.java,0.028585617882864817,0.0,2099.305191040039,UI,2099.305191040039
teammates\src\test\java\teammates\ui\webapi\GetReadNotificationsActionTest.java,0.060383966990879605,0.008109721115657262,2297.079544067383,UI,2297.079544067383
teammates\src\e2e\java\teammates\e2e\cases\axe\StudentCourseJoinConfirmationPageAxeTest.java,0.028584960528782438,0.008681362867355347,0.01650987352643694,Logic,0.028584960528782438
teammates\src\lnp\java\teammates\lnp\util\LNPTestData.java,0.028584960528782438,0.05714285714285714,0.05849897520882743,UI,0.05849897520882743
teammates\src\e2e\java\teammates\e2e\cases\InstructorStudentActivityLogsPageE2ETest.java,0.4189673560006278,0.06980130331856864,0.03630074773515974,Logic,0.4189673560006278
teammates\src\main\java\teammates\ui\webapi\StudentSearchIndexingWorkerAction.java,2.084986659458705,0.05712225096566337,2098.185272216797,UI,2098.185272216797
teammates\src\e2e\java\teammates\e2e\pageobjects\InstructorFeedbackResultsPage.java,0.11092711176191057,0.07684147698538644,0.23932835715157644,UI,0.23932835715157644
teammates\src\e2e\java\teammates\e2e\cases\axe\StudentNotificationsPageAxeTest.java,0.09357899257114956,0.0068280305181230815,0.016755751201084683,Logic,0.09357899257114956
teammates\src\e2e\java\teammates\e2e\cases\InstructorCoursesPageE2ETest.java,0.08317679677690779,0.11701696940830776,0.12312748772757394,UI,0.12312748772757394
teammates\src\test\java\teammates\test\BaseTestCaseWithDatabaseAccess.java,0.09376819474356515,0.17830182484218052,0.10246354511805943,Storage,0.17830182484218052
teammates\src\main\java\teammates\storage\search\StudentSearchDocument.java,0.047016361781529015,3812.885398864746,0.036407273156302315,Storage,3812.885398864746
teammates\src\e2e\java\teammates\e2e\pageobjects\UserNotificationsPage.java,0.028582790919712612,0.1703188759940011,0.36708134242466517,UI,0.36708134242466517
teammates\src\test\java\teammates\common\datatransfer\attributes\BaseAttributesTest.java,0.028586070878165108,0.05714285714285714,0.02857142857142857,Storage,0.05714285714285714
teammates\src\test\java\teammates\test\MockHttpServletRequest.java,0.585438483101981,0.014767209121159145,0.029471935544695172,Logic,0.585438483101981
teammates\src\test\java\teammates\logic\core\AccountsLogicTest.java,1861.4177703857422,0.10543824604579381,0.16734932490757534,Logic,1861.4177703857422
teammates\src\main\java\teammates\storage\api\InstructorsDb.java,0.42880333491734096,2806.3616943359375,0.17635854993547712,Storage,2806.3616943359375
teammates\src\main\java\teammates\common\datatransfer\logs\QueryLogsParams.java,0.4775236402239118,0.0696134090423584,0.08571428571428572,Logic,0.4775236402239118
teammates\src\main\java\teammates\ui\request\SendEmailRequest.java,0.028585161481584822,0.0,2122.60986328125,UI,2122.60986328125
teammates\src\test\java\teammates\ui\webapi\SendLoginEmailActionTest.java,0.7970639910016741,0.02653297015598842,2143.174285888672,UI,2143.174285888672
teammates\src\main\java\teammates\ui\webapi\FeedbackSessionUnpublishedEmailWorkerAction.java,2.372021266392299,0.09939220973423549,2117.3770332336426,UI,2117.3770332336426
teammates\src\main\java\teammates\ui\webapi\GetFeedbackResponsesAction.java,2.183436366489955,0.24785614013671875,2104.5830154418945,UI,2104.5830154418945
teammates\src\main\java\teammates\ui\request\NotificationBasicRequest.java,0.0285846369607108,0.0,2274.6939849853516,UI,2274.6939849853516
teammates\src\main\java\teammates\common\exception\DeadlineExceededException.java,0.028586128779820034,0.0,0.0,Logic,0.028586128779820034
teammates\src\main\java\teammates\storage\api\CoursesDb.java,0.4249841145106724,3496.607666015625,0.037182130132402694,Storage,3496.607666015625
teammates\src\main\java\teammates\ui\request\FeedbackResponseCommentBasicRequest.java,0.028584892409188406,0.0,2105.133228302002,UI,2105.133228302002
teammates\src\main\java\teammates\ui\servlets\OriginCheckFilter.java,0.4690178462437221,0.012738827296665737,2086.4672470092773,UI,2086.4672470092773
teammates\src\main\java\teammates\ui\webapi\GetCourseSectionNamesAction.java,2.1316641671316963,0.0584188597542899,2149.578170776367,UI,2149.578170776367
teammates\src\main\java\teammates\ui\output\CoursesData.java,0.028585822241646904,0.0,2111.8152236938477,UI,2111.8152236938477
teammates\src\main\java\teammates\common\datatransfer\attributes\UsageStatisticsAttributes.java,0.07742432185581752,0.05714285714285714,0.4843205043247768,UI,0.4843205043247768
teammates\src\client\java\teammates\client\scripts\DataMigrationForSampleGoogleIdInStudentAttributes.java,0.045326675687517436,0.05714285714285714,0.05578764166150774,Storage,0.05714285714285714
teammates\src\main\java\teammates\ui\output\FeedbackResponsesData.java,0.028585638318743025,0.0,2100.427780151367,UI,2100.427780151367
teammates\src\main\java\teammates\ui\webapi\UpdateNotificationAction.java,1.8806346348353795,0.051445821353367394,2066.9140625,UI,2066.9140625
teammates\src\test\java\teammates\common\datatransfer\attributes\DeadlineExtensionAttributesTest.java,0.07949350902012416,0.05714285714285714,0.11254877362932478,UI,0.11254877362932478
teammates\src\test\java\teammates\test\AssertHelperTest.java,0.028585859707423618,0.007427441222327096,0.0,Logic,0.028585859707423618
teammates\src\main\java\teammates\ui\webapi\DeleteAccountAction.java,1.9583116803850447,0.053603499276297435,2112.970390319824,UI,2112.970390319824
teammates\src\test\java\teammates\ui\webapi\GetFeedbackResponsesActionTest.java,1.957122802734375,0.11807383128574916,1793.5509300231934,UI,1793.5509300231934
teammates\src\main\java\teammates\logic\external\MailgunService.java,2763.283271789551,0.09257218497140067,0.4095133100237165,Logic,2763.283271789551
teammates\src\lnp\java\teammates\lnp\cases\FeedbackQuestionUpdateLNPTest.java,0.04556450843811035,0.05714285714285714,0.03969483375549317,Storage,0.05714285714285714
teammates\src\test\java\teammates\ui\webapi\PublishFeedbackSessionActionTest.java,2.0991995675223216,0.06632498332432338,1936.8161582946777,UI,1936.8161582946777
teammates\src\main\java\teammates\ui\webapi\DeleteCourseAction.java,2.209539794921875,0.0584188597542899,2149.578170776367,UI,2149.578170776367
teammates\src\main\java\teammates\storage\entity\DeadlineExtension.java,0.02858426911490304,3644.717330932617,0.1341461045401437,Storage,3644.717330932617
teammates\src\test\java\teammates\ui\webapi\RestoreFeedbackSessionActionTest.java,2.0946201869419645,0.057389872414725165,2038.7753677368164,UI,2038.7753677368164
teammates\src\test\java\teammates\ui\webapi\CreateCourseActionTest.java,2.0565926688058034,0.061595337731497626,2165.8459663391113,UI,2165.8459663391113
teammates\src\client\java\teammates\client\scripts\statistics\CursorIterator.java,0.028585025242396762,0.0,0.0,Logic,0.028585025242396762
teammates\src\test\java\teammates\logic\api\package-info.java,2636.671028137207,0.05822362218584333,0.0,Logic,2636.671028137207
teammates\src\client\java\teammates\client\scripts\DataBundleRegenerator.java,0.04155043193272182,0.17468299865722656,0.18331995010375976,UI,0.18331995010375976
teammates\src\main\java\teammates\ui\request\FeedbackResponsesRequest.java,0.028585161481584822,0.0,2122.60986328125,UI,2122.60986328125
teammates\src\test\java\teammates\ui\webapi\SessionLinksRecoveryActionTest.java,0.045877303395952494,0.008560184921537126,1870.5170440673828,UI,1870.5170440673828
teammates\src\main\java\teammates\logic\core\LogicStarter.java,5230.71891784668,0.11327079364231654,0.0,Logic,5230.71891784668
teammates\src\test\java\teammates\logic\core\DataBundleLogicTest.java,2670.250701904297,0.33708376203264506,0.16940578733171735,Logic,2670.250701904297
teammates\src\main\java\teammates\common\datatransfer\FeedbackResultFetchType.java,0.028585638318743025,0.09407055037362234,0.02857142857142857,Storage,0.09407055037362234
teammates\src\main\java\teammates\ui\output\StudentsData.java,0.02858565534864153,0.0,2101.55330657959,UI,2101.55330657959
teammates\src\main\java\teammates\common\datatransfer\logs\ExceptionLogDetails.java,0.5290394374302455,0.07104436329432896,0.02857142857142857,Logic,0.5290394374302455
teammates\src\main\java\teammates\ui\webapi\ResetAccountRequestAction.java,2.2746303013392857,0.06239015715462821,2131.440906524658,UI,2131.440906524658
teammates\src\main\java\teammates\ui\servlets\LogoutServlet.java,0.31482718331473214,0.007951159136635917,2164.734592437744,UI,2164.734592437744
teammates\src\test\java\teammates\common\datatransfer\questions\FeedbackMcqQuestionDetailsTest.java,0.02858008997780936,0.06569615091596331,0.02857142857142857,Storage,0.06569615091596331
teammates\src\test\java\teammates\ui\webapi\BinCourseActionTest.java,2.1679268973214287,0.2547910145350865,2007.2037506103516,UI,2007.2037506103516
teammates\src\test\java\teammates\ui\webapi\CreateFeedbackResponseCommentActionTest.java,2.208221217564174,0.12278319767543248,1576.2921524047852,UI,1576.2921524047852
teammates\src\e2e\java\teammates\e2e\pageobjects\StudentNotificationsPage.java,0.028585934638977052,0.0,0.05714285714285714,UI,0.05714285714285714
teammates\src\e2e\java\teammates\e2e\pageobjects\ErrorReportingModal.java,0.028585474831717354,0.0,0.38608627319335936,UI,0.38608627319335936
teammates\src\main\java\teammates\ui\webapi\SearchStudentsAction.java,2.1943577357700894,0.058159705570765906,2086.1119651794434,UI,2086.1119651794434
teammates\src\main\java\teammates\common\datatransfer\logs\RequestLogUser.java,0.5484935760498046,0.07158474240984236,0.02857142857142857,Logic,0.5484935760498046
teammates\src\test\java\teammates\ui\webapi\RestoreCourseActionTest.java,2.123290797642299,0.06332059587751115,2006.2921142578125,UI,2006.2921142578125
teammates\src\main\java\teammates\ui\request\package-info.java,0.02858614580971854,0.0,2187.0861053466797,UI,2187.0861053466797
teammates\src\test\java\teammates\ui\webapi\JoinCourseActionTest.java,2.075624302455357,0.06251065390450614,2182.221508026123,UI,2182.221508026123
teammates\src\main\java\teammates\common\exception\EntityDoesNotExistException.java,0.02858603000640869,0.0,0.0,Logic,0.02858603000640869
teammates\src\test\java\teammates\ui\webapi\GetFeedbackQuestionsActionTest.java,1.9254082815987723,0.05934587206159319,1822.1076583862305,UI,1822.1076583862305
teammates\src\main\java\teammates\ui\servlets\WebSecurityHeaderFilter.java,0.028585546357291085,0.19597851889474052,2299.0798568725586,UI,2299.0798568725586
teammates\src\e2e\java\teammates\e2e\cases\AdminAccountsPageE2ETest.java,0.028583809307643347,0.1609613963535854,0.09129794665745326,Storage,0.1609613963535854
teammates\src\main\java\teammates\ui\output\FeedbackSessionSubmissionStatus.java,0.0285860504422869,0.0,2125.8774948120117,UI,2125.8774948120117
teammates\src\main\java\teammates\common\datatransfer\CourseRoster.java,0.10786900520324708,0.06595071383884975,0.08571428571428572,Logic,0.10786900520324708
teammates\src\e2e\java\teammates\e2e\cases\FeedbackMcqQuestionE2ETest.java,0.08232526097978865,0.008768153190612794,1.5112969534737724,UI,1.5112969534737724
teammates\src\main\java\teammates\common\datatransfer\questions\FeedbackTextQuestionDetails.java,0.028584892409188406,0.05714285714285714,0.02857142857142857,Storage,0.05714285714285714
teammates\src\client\java\teammates\client\scripts\MockCourseWithLargeResponseScript.java,2.0745069231305804,0.26716758183070594,0.12001315525599889,Logic,2.0745069231305804
teammates\src\main\java\teammates\common\datatransfer\NotificationTargetUser.java,0.028586087908063617,0.05714285714285714,0.02857142857142857,Storage,0.05714285714285714
teammates\src\test\java\teammates\common\datatransfer\attributes\FeedbackSessionAttributesTest.java,0.12687146323067802,0.07906925337655203,0.11262058530535017,Logic,0.12687146323067802
teammates\src\e2e\java\teammates\e2e\cases\axe\FeedbackSubmitPageAxeTest.java,0.028585161481584822,0.016963934898376463,0.016755751201084683,Logic,0.028585161481584822
teammates\src\main\java\teammates\ui\output\OngoingSession.java,0.028584510939461846,0.0,2031.077995300293,UI,2031.077995300293
teammates\src\main\java\teammates\ui\request\InvalidHttpRequestBodyException.java,0.02858595507485526,0.0,2174.456443786621,UI,2174.456443786621
teammates\src\main\java\teammates\logic\api\EmailSender.java,2889.354782104492,0.06354906899588449,0.07094505855015346,Logic,2889.354782104492
teammates\src\main\java\teammates\ui\constants\package-info.java,0.02858614580971854,0.0,2131.8692207336426,UI,2131.8692207336426
teammates\src\test\java\teammates\ui\webapi\GetAccountActionTest.java,0.05712916510445731,0.007587575912475586,2008.8354301452637,UI,2008.8354301452637
teammates\src\main\java\teammates\common\datatransfer\logs\GeneralLogEntry.java,0.5265549795968192,0.07097535133361817,0.02857142857142857,Logic,0.5265549795968192
teammates\src\main\java\teammates\logic\core\FeedbackResponsesLogic.java,2339.632453918457,0.06769966397966658,0.1336543219430106,Logic,2339.632453918457
teammates\src\main\java\teammates\storage\entity\FeedbackSession.java,0.028581929206848145,3203.835678100586,0.06297296796526228,Storage,3203.835678100586
teammates\src\main\java\teammates\ui\output\UsageStatisticsRangeData.java,0.028585822241646904,0.0,2111.8152236938477,UI,2111.8152236938477
teammates\src\main\java\teammates\ui\webapi\BinCourseAction.java,2.2370699201311384,0.05921731676374163,2136.9140625,UI,2136.9140625
teammates\src\client\java\teammates\client\scripts\DataMigrationEntitiesBaseScript.java,0.5862353188650948,0.26499432155064173,0.11842128208705358,Logic,0.5862353188650948
teammates\src\main\java\teammates\ui\output\SessionVisibleSetting.java,0.028586108343941825,0.0,2129.4630241394043,UI,2129.4630241394043
teammates\src\test\java\teammates\ui\webapi\FeedbackSessionPublishedRemindersActionTest.java,2.156762913295201,0.21243570872715542,2037.7230072021484,UI,2037.7230072021484
teammates\src\test\java\teammates\ui\webapi\CompileLogsActionTest.java,0.5300289154052734,0.02144744736807687,2039.0995407104492,UI,2039.0995407104492
teammates\src\main\java\teammates\common\datatransfer\questions\FeedbackConstantSumDistributePointsType.java,0.028585784775870187,0.06450401714869908,0.02857142857142857,Storage,0.06450401714869908
teammates\src\main\java\teammates\logic\external\TaskQueueService.java,2595.758743286133,0.05806668145315988,0.0,Logic,2595.758743286133
teammates\src\e2e\java\teammates\e2e\util\TestPropertiesTest.java,0.028585972104753766,0.0,0.032169856343950545,UI,0.032169856343950545
teammates\src\main\java\teammates\ui\constants\ApiConst.java,0.11781862803867885,0.0,2071.0935974121094,UI,2071.0935974121094
teammates\src\main\java\teammates\storage\search\package-info.java,0.02858614580971854,3998.775634765625,0.0,Storage,3998.775634765625
teammates\src\test\java\teammates\test\package-info.java,0.02858618668147496,0.0,0.0,Logic,0.02858618668147496
teammates\src\main\java\teammates\common\datatransfer\questions\FeedbackContributionResponseDetails.java,0.09146834100995745,0.05714285714285714,0.02857142857142857,Logic,0.09146834100995745
teammates\src\main\java\teammates\ui\webapi\FeedbackSessionClosingRemindersAction.java,2.4784170968191965,0.07445793833051409,2049.7390365600586,UI,2049.7390365600586
teammates\src\main\java\teammates\ui\webapi\UpdateFeedbackResponseCommentAction.java,2.245394243512835,0.05840474537440709,2046.0251998901367,UI,2046.0251998901367
teammates\src\main\java\teammates\ui\servlets\RequestTraceFilter.java,0.3828042166573661,0.9299325125558036,2241.3538360595703,UI,2241.3538360595703
teammates\src\test\java\teammates\architecture\package-info.java,0.02858618668147496,0.0,0.0,Logic,0.02858618668147496
teammates\src\test\java\teammates\ui\webapi\DeleteCourseActionTest.java,2.1515679495675224,0.06622576032366072,1974.372158050537,UI,1974.372158050537
teammates\src\test\java\teammates\common\util\FieldValidatorTest.java,0.20576673235212053,0.05387997286660331,0.29355989183698383,UI,0.29355989183698383
teammates\src\test\java\teammates\logic\api\BaseLogicTest.java,2619.0583419799805,0.11497722353254046,0.02857142857142857,Logic,2619.0583419799805
teammates\src\e2e\java\teammates\e2e\pageobjects\InstructorCourseStudentDetailsViewPage.java,0.028584762981959753,0.0,0.0,Logic,0.028584762981959753
teammates\src\e2e\java\teammates\e2e\cases\StudentCourseJoinConfirmationPageE2ETest.java,0.05235868522099086,0.015765815121786934,0.015381334509168352,Logic,0.05235868522099086
teammates\src\main\java\teammates\common\datatransfer\FeedbackParticipantType.java,0.06660808835710798,0.10610696247645787,0.06520029476710729,Storage,0.10610696247645787
teammates\src\main\java\teammates\common\exception\EntityAlreadyExistsException.java,0.02858603000640869,0.0,0.0,Logic,0.02858603000640869
teammates\src\test\java\teammates\ui\webapi\SearchStudentsActionTest.java,0.02858132634844099,0.06463036537170411,1869.9247741699219,UI,1869.9247741699219
teammates\src\client\java\teammates\client\scripts\ListActiveInstructors.java,0.04376630783081055,0.08571428571428572,0.09059606279645648,UI,0.09059606279645648
teammates\src\main\java\teammates\ui\output\FeedbackSessionLogsData.java,0.028585403306143623,0.0070317400353295464,2086.054153442383,UI,2086.054153442383
teammates\src\test\java\teammates\ui\webapi\SendJoinReminderEmailActionTest.java,2.006551688058036,0.06934233392987932,1822.1498489379883,UI,1822.1498489379883
teammates\src\e2e\java\teammates\e2e\cases\axe\InstructorCourseStudentDetailsEditPageAxeTest.java,0.028585093361990794,0.00874270030430385,0.016672982488359724,Logic,0.028585093361990794
teammates\src\main\java\teammates\ui\output\StudentData.java,0.0285846369607108,0.0,2038.7753677368164,UI,2038.7753677368164
teammates\src\e2e\java\teammates\e2e\pageobjects\InstructorCoursesPage.java,0.028578352928161622,0.05136431625911168,0.02857142857142857,Storage,0.05136431625911168
teammates\src\main\java\teammates\common\datatransfer\questions\FeedbackQuestionDetails.java,0.02858426911490304,0.05714285714285714,0.02857142857142857,Storage,0.05714285714285714
teammates\src\main\java\teammates\common\datatransfer\attributes\package-info.java,0.028586108343941825,0.05714285714285714,0.02857142857142857,Storage,0.05714285714285714
teammates\src\main\java\teammates\common\datatransfer\questions\FeedbackMsqQuestionDetails.java,0.08152681078229632,0.05714285714285714,0.2072558675493513,UI,0.2072558675493513
teammates\src\main\java\teammates\ui\servlets\AuthServlet.java,0.028584510939461846,0.06599649701799665,2605.9616470336914,UI,2605.9616470336914
teammates\src\main\java\teammates\ui\webapi\FeedbackSessionPublishedRemindersAction.java,1.946329825265067,0.053270666939871654,2106.084785461426,UI,2106.084785461426
teammates\src\e2e\java\teammates\e2e\pageobjects\InstructorStudentActivityLogsPage.java,0.760120119367327,0.06666430745806012,0.0,Logic,0.760120119367327
teammates\src\main\java\teammates\ui\servlets\WebApiServlet.java,0.48288819449288506,0.09581216403416225,2223.9354133605957,UI,2223.9354133605957
teammates\src\e2e\java\teammates\e2e\cases\FeedbackConstSumRecipientQuestionE2ETest.java,0.028582259586879186,0.009055967841829573,0.013213603837149484,Logic,0.028582259586879186
teammates\src\main\java\teammates\logic\external\EmptyEmailService.java,2577.097969055176,0.05764354978288923,0.0,Logic,2577.097969055176
teammates\src\main\java\teammates\logic\external\SendgridService.java,2448.615188598633,0.05420074462890625,0.16896061216081892,Logic,2448.615188598633
teammates\src\main\java\teammates\ui\webapi\UnauthorizedAccessException.java,0.028585917609078543,0.0,2117.6208305358887,UI,2117.6208305358887
teammates\src\test\java\teammates\ui\webapi\GetCourseActionTest.java,2.112670680454799,0.06402428490774972,1832.3341941833496,UI,1832.3341941833496
teammates\src\e2e\java\teammates\e2e\cases\AdminNotificationsPageE2ETest.java,0.1081676619393485,0.15423902784075055,0.09457272120884487,Storage,0.15423902784075055
teammates\src\main\java\teammates\logic\external\LocalTaskQueueService.java,2885.7651138305664,0.07026755469185965,0.3673188073294503,Logic,2885.7651138305664
teammates\src\main\java\teammates\ui\webapi\EntityNotFoundException.java,0.02858595507485526,0.0,2119.9644088745117,UI,2119.9644088745117
teammates\src\test\java\teammates\common\datatransfer\attributes\NotificationAttributesTest.java,0.1430488041469029,0.05714285714285714,0.02857142857142857,Logic,0.1430488041469029
teammates\src\main\java\teammates\common\datatransfer\logs\package-info.java,0.5609093802315849,0.07192961829049246,0.02857142857142857,Logic,0.5609093802315849
teammates\src\main\java\teammates\storage\api\OfyHelper.java,0.07377104078020369,3855.207061767578,0.052886669976370676,Storage,3855.207061767578
teammates\src\main\java\teammates\common\exception\HttpRequestFailedException.java,0.02858603000640869,0.0,0.0,Logic,0.02858603000640869
teammates\src\main\java\teammates\ui\webapi\SearchInstructorsAction.java,2.053096226283482,0.05623642035893032,2071.0935974121094,UI,2071.0935974121094
teammates\src\main\java\teammates\ui\output\SendLoginEmailResponseData.java,0.028585917609078543,0.0,2117.6208305358887,UI,2117.6208305358887
teammates\src\client\java\teammates\client\scripts\package-info.java,0.02858614580971854,0.0,0.0,Logic,0.02858614580971854
teammates\src\main\java\teammates\logic\core\DeadlineExtensionsLogic.java,2480.8167266845703,0.05492802006857736,0.05714285714285714,Logic,2480.8167266845703
teammates\src\main\java\teammates\ui\webapi\UpdateFeedbackSessionAction.java,2.337760271344866,0.0678461824144636,1952.5468254089355,UI,1952.5468254089355
teammates\src\main\java\teammates\storage\search\InstructorSearchManager.java,0.028584762981959753,3738.0337524414062,0.0,Storage,3738.0337524414062
teammates\src\main\java\teammates\common\datatransfer\attributes\CourseAttributes.java,0.27825423649379183,0.06201047216142927,0.10042954853602819,Logic,0.27825423649379183
teammates\src\e2e\java\teammates\e2e\pageobjects\AppPage.java,0.11763561793736049,0.06112080301557268,1.1917157854352678,UI,1.1917157854352678
teammates\src\test\java\teammates\ui\webapi\FeedbackSessionClosingRemindersActionTest.java,2.112268284388951,0.18435467311314174,1859.074592590332,UI,1859.074592590332
teammates\src\main\java\teammates\common\util\EmailWrapper.java,0.028584892409188406,0.0,0.0297818728855678,UI,0.0297818728855678
teammates\src\lnp\java\teammates\lnp\util\BackDoor.java,0.028585822241646904,0.0,0.03183508600507464,UI,0.03183508600507464
teammates\src\main\java\teammates\ui\webapi\UpdateCourseAction.java,2.168668256487165,0.057389872414725165,2108.7753677368164,UI,2108.7753677368164
teammates\src\test\java\teammates\common\datatransfer\attributes\AccountAttributesTest.java,0.1768280301775251,0.0634549754006522,0.04510371344430106,Logic,0.1768280301775251
teammates\src\main\java\teammates\storage\search\InstructorSearchDocument.java,0.0469656160899571,3800.102195739746,0.03633791719164167,Storage,3800.102195739746
teammates\src\test\java\teammates\ui\webapi\GetStudentActionTest.java,1.8231472560337612,0.054844297681535994,1812.429599761963,UI,1812.429599761963
teammates\src\main\java\teammates\ui\webapi\GetInstructorAction.java,2.056598118373326,0.0863955089024135,2093.52481842041,UI,2093.52481842041
teammates\src\main\java\teammates\ui\output\MessageOutput.java,0.028586012976510183,0.0,2123.5028076171875,UI,2123.5028076171875
teammates\src\main\java\teammates\ui\webapi\SendJoinReminderEmailAction.java,2.1358755929129463,0.05853590284075056,2036.471176147461,UI,2036.471176147461
teammates\src\test\java\teammates\ui\webapi\SubmitFeedbackResponsesActionTest.java,1.8455267769949777,0.10039950779506139,1540.8247184753418,UI,1540.8247184753418
teammates\src\main\java\teammates\ui\webapi\BasicFeedbackSubmissionAction.java,2.608790806361607,0.06929886681692941,2040.727882385254,UI,2040.727882385254
teammates\src\test\java\teammates\ui\webapi\GetFeedbackSessionActionTest.java,1.2154361179896764,0.03894479615347726,1474.7681999206543,UI,1474.7681999206543
teammates\src\test\java\teammates\storage\api\FeedbackResponseCommentsDbTest.java,0.11863735743931361,2403.6865234375,0.057492767061506,Storage,2403.6865234375
teammates\src\main\java\teammates\ui\webapi\DeleteInstructorAction.java,2.2200404575892856,0.05897178649902344,2044.372158050537,UI,2044.372158050537
teammates\src\test\java\teammates\ui\webapi\RemindFeedbackSessionSubmissionActionTest.java,0.028583380154200963,0.14109877177647182,2142.2179222106934,UI,2142.2179222106934
teammates\src\main\java\teammates\ui\output\NumberOfEntitiesToGiveFeedbackToSetting.java,0.028586108343941825,0.0,2129.4630241394043,UI,2129.4630241394043
teammates\src\main\java\teammates\ui\webapi\DeleteAccountRequestAction.java,2.070706830705915,0.056725590569632396,2138.481388092041,UI,2138.481388092041
teammates\src\test\java\teammates\logic\api\MockUserProvision.java,2581.8924713134766,0.05701296670096261,1.429589625767299,Logic,2581.8924713134766
teammates\src\lnp\java\teammates\lnp\cases\InstructorStudentEnrollmentLNPTest.java,0.09979569571358816,0.05714285714285714,0.07706116267613002,Logic,0.09979569571358816
teammates\src\main\java\teammates\storage\entity\AccountRequest.java,0.028584510939461846,3690.4930114746094,0.0784599781036377,Storage,3690.4930114746094
teammates\src\main\java\teammates\ui\request\FeedbackQuestionCreateRequest.java,0.028586128779820034,0.0,2185.8079719543457,UI,2185.8079719543457
teammates\src\test\java\teammates\logic\api\MockTaskQueuer.java,2570.0879287719727,0.05637444087437221,0.0,Logic,2570.0879287719727
teammates\src\test\java\teammates\test\EmailChecker.java,0.04068730899265834,0.007658012424196516,0.0,Logic,0.04068730899265834
teammates\src\main\java\teammates\common\datatransfer\questions\FeedbackMsqResponseDetails.java,0.02858550889151437,0.05714285714285714,0.043143422263009205,Storage,0.05714285714285714
teammates\src\test\java\teammates\ui\webapi\DeleteStudentsActionTest.java,0.11898884092058454,0.00787739668573652,2069.009437561035,UI,2069.009437561035
teammates\src\test\java\teammates\test\TestNgXmlTest.java,0.11996521268572126,0.2779066358293806,0.1286968776157924,Storage,0.2779066358293806
teammates\src\main\java\teammates\ui\webapi\ResetAccountAction.java,2.1959991455078125,0.06020596367972238,2039.0907287597656,UI,2039.0907287597656
teammates\src\main\java\teammates\ui\output\AccountsData.java,0.028585822241646904,0.0,2111.8152236938477,UI,2111.8152236938477
teammates\src\e2e\java\teammates\e2e\cases\axe\InstructorStudentRecordsPageAxeTest.java,0.028586087908063617,0.00874270030430385,0.06401212556021554,UI,0.06401212556021554
teammates\src\main\java\teammates\common\datatransfer\questions\FeedbackRankRecipientsResponseDetails.java,0.028583809307643347,0.05714285714285714,0.05713258470807757,Storage,0.05714285714285714
teammates\src\e2e\java\teammates\e2e\pageobjects\CourseJoinConfirmationPage.java,0.028585297720772878,0.03545139176504952,0.16013398851667132,UI,0.16013398851667132
teammates\src\e2e\java\teammates\e2e\pageobjects\InstructorSessionIndividualExtensionPage.java,0.03904350825718471,0.07575642721993582,0.07718571254185268,UI,0.07718571254185268
teammates\src\main\java\teammates\ui\servlets\DevServerLoginServlet.java,0.6238412584577288,0.016534914289202007,2666.559829711914,UI,2666.559829711914
teammates\src\test\java\teammates\storage\api\StudentsDbTest.java,0.09935953957693917,2323.5420989990234,0.3071427481515067,Storage,2323.5420989990234
teammates\src\test\java\teammates\ui\webapi\BinFeedbackSessionActionTest.java,2.1554898943219865,0.064640474319458,2002.26318359375,UI,2002.26318359375
teammates\src\test\java\teammates\ui\webapi\CreateInstructorActionTest.java,2.144941929408482,0.06555111748831613,1905.060691833496,UI,1905.060691833496
teammates\src\main\java\teammates\common\util\FileHelper.java,0.05715717588152204,0.0,0.07651867185320173,UI,0.07651867185320173
teammates\src\test\java\teammates\ui\webapi\UpdateStudentActionTest.java,1.993888419015067,0.06297111511230469,1853.7001037597656,UI,1853.7001037597656
teammates\src\main\java\teammates\ui\webapi\GetInstructorPrivilegeAction.java,2.145446559361049,0.05880171912057059,2116.621208190918,UI,2116.621208190918
teammates\src\main\java\teammates\ui\output\UsageStatisticsData.java,0.02858522960117885,0.0,2075.314655303955,UI,2075.314655303955
teammates\src\main\java\teammates\common\datatransfer\logs\FeedbackSessionLogType.java,0.6997188568115235,0.07145492689950125,0.02857142857142857,Logic,0.6997188568115235
teammates\src\test\java\teammates\test\TestProperties.java,0.057156521933419364,0.17557480675833567,0.1564713341849191,Storage,0.17557480675833567
teammates\src\main\java\teammates\logic\api\AuthProxy.java,2605.132522583008,0.05694057600838798,0.05714285714285714,Logic,2605.132522583008
teammates\src\main\java\teammates\ui\webapi\AdminOnlyAction.java,0.10943118504115514,0.0,2179.514102935791,UI,2179.514102935791
teammates\src\e2e\java\teammates\e2e\cases\InstructorNotificationsPageE2ETest.java,0.10027291434151786,0.00924546548298427,0.15928570883614676,UI,0.15928570883614676
teammates\src\test\java\teammates\ui\webapi\GetUsageStatisticsActionTest.java,0.12250264031546457,0.00577620097569057,1987.7872848510742,UI,1987.7872848510742
teammates\src\main\java\teammates\common\util\TaskWrapper.java,0.028585638318743025,0.0,0.0314262969153268,UI,0.0314262969153268
teammates\src\test\java\teammates\ui\webapi\GetCourseSectionNamesActionTest.java,2.5915638514927455,0.07689921515328543,2029.5333671569824,UI,2029.5333671569824
teammates\src\main\java\teammates\storage\entity\UsageStatistics.java,0.028584892409188406,3762.498664855957,0.08075143269130163,Storage,3762.498664855957
teammates\src\client\java\teammates\client\scripts\DataMigrationForFeedbackSessionMismatchedTimezone.java,0.04309026854378836,0.05714285714285714,0.02857142857142857,Storage,0.05714285714285714
teammates\src\test\java\teammates\ui\webapi\UpdateInstructorPrivilegeActionTest.java,1.814684077671596,0.05600105694362095,1653.0649375915527,UI,1653.0649375915527
teammates\src\main\java\teammates\ui\request\FeedbackSessionRemindRequest.java,0.028585025242396762,0.0,2294.3099212646484,UI,2294.3099212646484
teammates\src\client\java\teammates\client\scripts\TeamEvalResultCalculations.java,0.24550527845110212,0.0,0.034969541004725865,Logic,0.24550527845110212
teammates\src\main\java\teammates\ui\webapi\FeedbackSessionPublishedEmailWorkerAction.java,2.372021266392299,0.09939220973423549,2117.3770332336426,UI,2117.3770332336426
teammates\src\e2e\java\teammates\e2e\cases\axe\AdminSearchPageAxeTest.java,0.05715665817260742,0.015116117681775775,0.016839344160897392,Logic,0.05715665817260742
teammates\src\test\java\teammates\test\ThreadHelper.java,0.028585992540631974,0.0,0.0,Logic,0.028585992540631974
teammates\src\test\java\teammates\logic\core\AccountRequestsLogicTest.java,2287.860641479492,0.11232307297842843,0.09992615836007254,Logic,2287.860641479492
teammates\src\main\java\teammates\ui\request\FeedbackSessionBasicRequest.java,0.028583380154200963,0.0,2006.259536743164,UI,2006.259536743164
teammates\src\test\java\teammates\ui\webapi\CreateFeedbackSessionLogActionTest.java,0.41389432634626117,0.01601160594395229,1914.9478340148926,UI,1914.9478340148926
teammates\src\main\java\teammates\ui\webapi\RemindFeedbackSessionSubmissionAction.java,1.8358849661690848,0.08290205001831055,2108.7753677368164,UI,2108.7753677368164
teammates\src\client\java\teammates\client\scripts\DataMigrationForSanitizedDataInCourseAttributes.java,0.04504472868783133,0.05714285714285714,0.07226386751447406,UI,0.07226386751447406
teammates\src\main\java\teammates\logic\api\Logic.java,2257.4188232421875,0.10656179700578962,0.11169345038277763,Logic,2257.4188232421875
teammates\src\main\java\teammates\logic\external\FirebaseAuthService.java,2963.201332092285,0.06560509545462472,0.10149729592459543,Logic,2963.201332092285
teammates\src\test\java\teammates\common\datatransfer\package-info.java,0.02858614580971854,0.05714285714285714,0.02857142857142857,Storage,0.05714285714285714
teammates\src\main\java\teammates\ui\output\FeedbackResponseData.java,0.028585474831717354,0.0,2090.4262161254883,UI,2090.4262161254883
teammates\src\test\java\teammates\test\MockHttpServletResponse.java,0.35210277012416297,0.10735434804643904,0.05805294173104422,Logic,0.35210277012416297
teammates\src\e2e\java\teammates\e2e\cases\FeedbackSubmitPageE2ETest.java,0.09148369516645159,0.12437148775373186,1.5121539524623326,UI,1.5121539524623326
teammates\src\main\java\teammates\common\datatransfer\attributes\DeadlineExtensionAttributes.java,0.10232391357421874,0.05714285714285714,0.08571428571428572,Logic,0.10232391357421874
teammates\src\test\java\teammates\common\datatransfer\TeamEvalResultTest.java,0.29756848471505304,0.05714285714285714,0.0675058228628976,Logic,0.29756848471505304
teammates\src\e2e\java\teammates\e2e\pageobjects\InstructorFeedbackSessionsPage.java,0.0840043340410505,0.12553230013166156,0.14435524259294782,UI,0.14435524259294782
teammates\src\main\java\teammates\ui\output\ActionClasses.java,0.028585972104753766,0.0,2121.1408042907715,UI,2121.1408042907715
teammates\src\test\java\teammates\ui\webapi\StudentCourseJoinEmailWorkerActionTest.java,0.02858414990561349,0.008713365452630179,2008.8354301452637,UI,2008.8354301452637
teammates\src\main\java\teammates\ui\webapi\GetAccountRequestAction.java,1.9232969011579242,0.05263087068285261,2137.4314308166504,UI,2137.4314308166504
teammates\src\test\java\teammates\logic\core\UsageStatisticsLogicTest.java,2514.1253662109375,0.14751995631626674,0.046170125688825336,Logic,2514.1253662109375
teammates\src\test\java\teammates\ui\webapi\GetTimeZonesActionTest.java,0.028584827695574078,0.01817420210157122,2050.601272583008,UI,2050.601272583008
teammates\src\e2e\java\teammates\e2e\util\package-info.java,0.02858614580971854,0.0,0.0325549874986921,UI,0.0325549874986921
teammates\src\main\java\teammates\common\exception\EnrollException.java,0.02858603000640869,0.0,0.0,Logic,0.02858603000640869
teammates\src\test\java\teammates\ui\webapi\DeleteNotificationActionTest.java,0.02858414990561349,0.007587575912475586,2087.6132011413574,UI,2087.6132011413574
teammates\src\client\java\teammates\client\connector\DatastoreClient.java,1.077081080845424,0.22951785496303012,0.07771894591195243,Logic,1.077081080845424
teammates\src\e2e\java\teammates\e2e\util\EmailAccount.java,0.028583591324942453,0.011237654515675136,0.17341685976300922,UI,0.17341685976300922
teammates\src\test\java\teammates\logic\api\MockLogsProcessor.java,2384.500503540039,0.05265041419437953,0.0,Logic,2384.500503540039
teammates\src\e2e\java\teammates\e2e\cases\axe\InstructorFeedbackReportPageAxeTest.java,0.028585025242396762,0.00871192387172154,0.01659102780478341,Logic,0.028585025242396762
teammates\src\main\java\teammates\ui\webapi\GetUsageStatisticsAction.java,1.8732511247907366,0.09968644550868443,2117.0104026794434,UI,2117.0104026794434
teammates\src\main\java\teammates\ui\webapi\CreateFeedbackQuestionAction.java,1.9883762904575892,0.0544386693409511,2146.4145469665527,UI,2146.4145469665527
teammates\src\main\java\teammates\ui\request\StudentUpdateRequest.java,0.05715619495936802,0.0,2096.6475868225098,UI,2096.6475868225098
teammates\src\main\java\teammates\ui\webapi\ActionMappingException.java,0.028585972104753766,0.0,2121.1408042907715,UI,2121.1408042907715
teammates\src\main\java\teammates\storage\entity\Course.java,0.028584762981959753,3738.0337524414062,0.0,Storage,3738.0337524414062
teammates\src\main\java\teammates\ui\webapi\package-info.java,0.02858614580971854,0.0,2131.8692207336426,UI,2131.8692207336426
teammates\src\main\java\teammates\ui\webapi\CreateFeedbackSessionAction.java,2.3432122366768975,0.06350163051060267,1994.001579284668,UI,1994.001579284668
teammates\src\test\java\teammates\ui\webapi\UpdateCourseActionTest.java,2.1311534336635045,0.2473987579345703,1964.916934967041,UI,1964.916934967041
teammates\src\client\java\teammates\client\scripts\SingleAccountGoogleIdMigrationScript.java,0.04554454939705985,0.0,0.0,Logic,0.04554454939705985
teammates\src\lnp\java\teammates\lnp\util\LNPResultsStatistics.java,0.3160576684134347,0.007985338994434902,0.03106726237705776,Logic,0.3160576684134347
teammates\src\e2e\java\teammates\e2e\cases\axe\FeedbackResultsPageAxeTest.java,0.028585161481584822,0.016963934898376463,0.0386850220816476,UI,0.0386850220816476
teammates\src\lnp\java\teammates\lnp\cases\FeedbackSessionViewLNPTest.java,0.04502343450273786,0.06386655398777553,0.05450455461229597,Storage,0.06386655398777553
teammates\src\main\java\teammates\common\datatransfer\questions\FeedbackNumericalScaleResponseDetails.java,0.028585784775870187,0.05714285714285714,0.02857142857142857,Storage,0.05714285714285714
teammates\src\main\java\teammates\storage\api\DeadlineExtensionsDb.java,0.35725010463169643,3290.460624694824,0.1702643530709403,Storage,3290.460624694824
teammates\src\main\java\teammates\common\datatransfer\questions\FeedbackResponseDetails.java,0.028585403306143623,0.05714285714285714,0.02857142857142857,Storage,0.05714285714285714
teammates\src\test\java\teammates\ui\webapi\CreateAccountRequestActionTest.java,1.605863080705915,0.05100599697657994,1976.7133331298828,UI,1976.7133331298828
teammates\src\test\java\teammates\ui\webapi\UpdateInstructorActionTest.java,1.9924098423549108,0.058393001556396484,1901.7616844177246,UI,1901.7616844177246
teammates\src\main\java\teammates\common\datatransfer\FeedbackSessionLogEntry.java,0.02858574731009347,0.05714285714285714,0.02857142857142857,Storage,0.05714285714285714
teammates\src\main\java\teammates\ui\servlets\WebPageServlet.java,0.3160576684134347,0.007985338994434902,2189.8641395568848,UI,2189.8641395568848
teammates\src\main\java\teammates\common\datatransfer\logs\InstanceLogDetails.java,0.5484935760498046,0.07158474240984236,0.02857142857142857,Logic,0.5484935760498046
teammates\src\main\java\teammates\ui\webapi\GateKeeper.java,0.09217826979500907,0.0,1979.1834831237793,UI,1979.1834831237793
teammates\src\e2e\java\teammates\e2e\cases\FeedbackTextQuestionE2ETest.java,0.028582429885864256,0.008976330075945173,0.013423809834889004,Logic,0.028582429885864256
teammates\src\test\java\teammates\ui\servlets\OriginCheckFilterTest.java,0.045877303395952494,0.008035183804375784,2095.8127212524414,UI,2095.8127212524414
teammates\src\main\java\teammates\ui\webapi\SessionLinksRecoveryAction.java,0.028584762981959753,0.033214970997401644,2116.621208190918,UI,2116.621208190918
teammates\src\main\java\teammates\ui\webapi\StudentCourseJoinEmailWorkerAction.java,2.048176574707031,0.056099762235369,2066.9140625,UI,2066.9140625
teammates\src\test\java\teammates\ui\servlets\LegacyUrlMapperTest.java,0.028584510939461846,0.008473296676363264,2059.7256469726562,UI,2059.7256469726562
teammates\src\main\java\teammates\ui\webapi\UpdateInstructorPrivilegeAction.java,2.4104629516601563,0.06616329465593611,2183.963203430176,UI,2183.963203430176
teammates\src\test\java\teammates\storage\api\DeadlineExtensionsDbTest.java,0.16068098885672433,2477.3696517944336,0.2009159769330706,Storage,2477.3696517944336
teammates\src\test\java\teammates\ui\webapi\GetFeedbackSessionLogsActionTest.java,0.22306773321969167,0.009494515827723912,1811.362419128418,UI,1811.362419128418
teammates\src\main\java\teammates\ui\webapi\UpdateStudentAction.java,2.18517826625279,0.05811233520507812,2174.942569732666,UI,2174.942569732666
teammates\src\main\java\teammates\ui\output\FeedbackSessionLogData.java,0.3886831283569336,0.08575089318411691,2128.142967224121,UI,2128.142967224121
teammates\src\main\java\teammates\storage\api\AccountsDb.java,0.4360886710030692,3681.177177429199,0.022577570165906634,Storage,3681.177177429199
teammates\src\test\java\teammates\ui\webapi\InstructorCourseJoinEmailWorkerActionTest.java,1.7797859191894532,0.057312086650303434,2001.6914749145508,UI,2001.6914749145508
teammates\src\main\java\teammates\ui\webapi\CreateAccountAction.java,2.37026606968471,0.4991186959402902,2308.616256713867,UI,2308.616256713867
teammates\src\main\java\teammates\ui\webapi\SearchAccountRequestsAction.java,1.9049950735909598,0.05212249415261405,2081.726016998291,UI,2081.726016998291
teammates\src\e2e\java\teammates\e2e\util\TestNgXmlTest.java,0.1260526657104492,0.1415823255266462,0.16950957434517996,UI,0.16950957434517996
teammates\src\e2e\java\teammates\e2e\pageobjects\AdminNotificationsPage.java,0.1281789643423898,0.19965339388166156,0.20642984935215541,UI,0.20642984935215541
teammates\src\test\java\teammates\ui\webapi\GetHasResponsesActionTest.java,2.1721341814313617,0.06771481377737863,1702.6934432983398,UI,1702.6934432983398
teammates\src\client\java\teammates\client\connector\package-info.java,0.02858614580971854,0.0,0.0,Logic,0.02858614580971854
teammates\src\client\java\teammates\client\scripts\DataMigrationForSanitizedInstructorName.java,0.04504472868783133,0.05714285714285714,0.07226386751447406,UI,0.07226386751447406
teammates\src\main\java\teammates\common\exception\AuthException.java,0.0285860504422869,0.0,0.0,Logic,0.0285860504422869
teammates\src\main\java\teammates\ui\request\NotificationCreateRequest.java,0.028586128779820034,0.0,2185.8079719543457,UI,2185.8079719543457
teammates\src\main\java\teammates\ui\webapi\CreateFeedbackResponseCommentAction.java,2.1509665352957588,0.05748603003365653,1922.9007530212402,UI,1922.9007530212402
teammates\src\main\java\teammates\ui\webapi\QueryLogsAction.java,0.4122354779924665,0.0073879029069628035,1972.8448867797852,UI,1972.8448867797852
teammates\src\main\java\teammates\logic\external\LogService.java,2573.7625122070312,0.05756790978567941,0.0,Logic,2573.7625122070312
teammates\src\main\java\teammates\storage\search\SearchManager.java,0.4666230337960379,3102.8408432006836,0.16413320813860213,Storage,3102.8408432006836
teammates\src\main\java\teammates\storage\search\SearchDocument.java,0.028585917609078543,3955.195198059082,0.0,Storage,3955.195198059082
teammates\src\test\java\teammates\logic\core\package-info.java,2602.679862976074,0.05822362218584333,0.0,Logic,2602.679862976074
teammates\src\e2e\java\teammates\e2e\pageobjects\InstructorFeedbackEditPage.java,0.2628618240356445,0.09203511646815708,0.10362548828125,Logic,0.2628618240356445
teammates\src\e2e\java\teammates\e2e\cases\BaseE2ETestCase.java,0.028580546379089355,0.09040472166878837,0.22239388057163784,UI,0.22239388057163784
teammates\src\e2e\java\teammates\e2e\cases\InstructorHomePageE2ETest.java,0.08465327535356794,0.15387817110334123,0.4129206248692104,UI,0.4129206248692104
teammates\src\test\java\teammates\ui\webapi\UpdateFeedbackSessionActionTest.java,2.1405670166015627,0.08338309015546526,1651.5394020080566,UI,1651.5394020080566
teammates\src\main\java\teammates\common\util\Const.java,1.0133959089006697,0.11207190241132464,0.24916071210588728,Logic,1.0133959089006697
teammates\src\main\java\teammates\common\util\Templates.java,0.028582981654575894,0.0,0.18477691922869002,UI,0.18477691922869002
teammates\src\test\java\teammates\common\util\BuildPropertiesTest.java,0.028585934638977052,0.0,39.30474638938904,UI,39.30474638938904
teammates\src\test\java\teammates\ui\webapi\MarkNotificationAsReadActionTest.java,0.057989100047520226,0.0077297704560416085,2023.5248184204102,UI,2023.5248184204102
teammates\src\main\java\teammates\logic\core\FeedbackSessionsLogic.java,4067.018051147461,0.09014836720057896,0.18209900174822127,Logic,4067.018051147461
teammates\src\main\java\teammates\ui\request\AccountCreateRequest.java,0.028584827695574078,0.0,2100.869846343994,UI,2100.869846343994
teammates\src\test\java\teammates\ui\webapi\ArchiveCourseActionTest.java,2.1008754185267855,0.06405576297215053,1925.1202964782715,UI,1925.1202964782715
teammates\src\e2e\java\teammates\e2e\cases\package-info.java,0.02858614580971854,0.0,0.017959330763135637,Logic,0.02858614580971854
teammates\src\test\java\teammates\ui\webapi\CreateAccountActionTest.java,2.131605747767857,0.06157781737191337,1915.7600021362305,UI,1915.7600021362305
teammates\src\client\java\teammates\client\scripts\DataMigrationForConstSumForceUnevenDistribution.java,0.10523688452584402,0.06616597175598145,0.05424894264766148,Logic,0.10523688452584402
teammates\src\test\java\teammates\common\datatransfer\questions\FeedbackResponseDetailsTest.java,0.028585692814418247,0.08876604352678572,0.02857142857142857,Storage,0.08876604352678572
teammates\src\main\java\teammates\logic\external\LocalLoggingService.java,2642.3806381225586,0.06162122998918806,0.09186442920139858,Logic,2642.3806381225586
teammates\src\main\java\teammates\ui\output\EnrollStudentsData.java,0.028585297720772878,0.0,2079.578170776367,UI,2079.578170776367
teammates\src\test\java\teammates\storage\api\CoursesDbTest.java,0.09689320155552456,2788.30867767334,0.098550660269601,Storage,2788.30867767334
teammates\src\test\java\teammates\common\util\JsonUtilsTest.java,0.028582981654575894,0.0077320405415126255,0.043572214671543666,UI,0.043572214671543666
teammates\src\e2e\java\teammates\e2e\cases\FeedbackRubricQuestionE2ETest.java,0.028581929206848145,0.00925403492791312,0.04837756838117327,UI,0.04837756838117327
teammates\src\main\java\teammates\ui\webapi\GetDeadlineExtensionAction.java,1.943217250279018,0.0510763270514352,2128.6778259277344,UI,2128.6778259277344
teammates\src\main\java\teammates\common\util\Logger.java,0.04458890642438616,0.04174905845097133,0.2903294427054269,UI,0.2903294427054269
teammates\src\test\java\teammates\test\BaseTestCaseWithLocalDatabaseAccess.java,2.2335660661969867,0.14654639107840403,0.02857142857142857,Logic,2.2335660661969867
teammates\src\test\java\teammates\common\datatransfer\UserInfoCookieTest.java,0.02858522960117885,0.12973289489746093,0.5254111698695592,UI,0.5254111698695592
teammates\src\main\java\teammates\ui\output\InstructorsData.java,0.02858565534864153,0.0,2101.55330657959,UI,2101.55330657959
teammates\src\e2e\java\teammates\e2e\cases\axe\InstructorFeedbackEditPageAxeTest.java,0.028585161481584822,0.016963934898376463,0.016755751201084683,Logic,0.028585161481584822
teammates\src\main\java\teammates\common\datatransfer\questions\FeedbackRubricResponseDetails.java,0.028585730280194965,0.05714285714285714,0.02857142857142857,Storage,0.05714285714285714
teammates\src\main\java\teammates\ui\request\CourseBasicRequest.java,0.028585583823067803,0.0,2150.166301727295,UI,2150.166301727295
teammates\src\main\java\teammates\ui\webapi\MarkNotificationAsReadAction.java,1.9014271327427454,0.05202338354928153,2149.578170776367,UI,2149.578170776367
teammates\src\main\java\teammates\ui\webapi\GetFeedbackQuestionRecipientsAction.java,2.1756349836077007,0.05800343922206334,2008.8354301452637,UI,2008.8354301452637
teammates\src\e2e\java\teammates\e2e\cases\StudentCourseDetailsPageE2ETest.java,0.028586435317993163,0.18181114196777343,0.09847128050667898,Storage,0.18181114196777343
teammates\src\main\java\teammates\ui\webapi\DeleteFeedbackQuestionAction.java,2.1278409685407365,0.058312661307198664,2145.314655303955,UI,2145.314655303955
teammates\src\main\java\teammates\common\datatransfer\questions\FeedbackContributionQuestionDetails.java,0.3269908360072545,0.07195145743233818,0.15173486982073103,Logic,0.3269908360072545
teammates\src\main\java\teammates\logic\core\AccountsLogic.java,2125.024471282959,0.04646524020603725,0.016532284872872487,Logic,2125.024471282959
teammates\src\test\java\teammates\ui\webapi\CreateFeedbackQuestionActionTest.java,1.9978184291294643,0.08845233917236328,1784.6503257751465,UI,1784.6503257751465
teammates\src\test\java\teammates\common\datatransfer\InstructorPrivilegesTest.java,0.0285778386252267,0.06693102972848075,0.02857142857142857,Storage,0.06693102972848075
teammates\src\main\java\teammates\common\datatransfer\attributes\FeedbackQuestionAttributes.java,0.09607289859226771,0.05714285714285714,0.08571428571428572,Logic,0.09607289859226771
teammates\src\main\java\teammates\storage\entity\FeedbackResponse.java,0.028583921704973494,3579.154281616211,0.07491682597569056,Storage,3579.154281616211
teammates\src\main\java\teammates\ui\output\FeedbackQuestionRecipientsData.java,0.02858567237854004,0.0,2102.681770324707,UI,2102.681770324707
teammates\src\e2e\java\teammates\e2e\cases\BaseFeedbackQuestionE2ETest.java,0.028585025242396762,0.009410735539027623,0.01659102780478341,Logic,0.028585025242396762
teammates\src\main\java\teammates\storage\search\AccountRequestSearchDocument.java,0.047118697847638814,3838.8368606567383,0.03654677867889404,Storage,3838.8368606567383
teammates\src\e2e\java\teammates\e2e\pageobjects\DevServerLoginPage.java,0.724501964024135,0.0193310124533517,0.05714285714285714,Logic,0.724501964024135
teammates\src\test\java\teammates\storage\search\package-info.java,0.02858614580971854,3998.775634765625,0.0,Storage,3998.775634765625
teammates\src\main\java\teammates\ui\webapi\GetCoursesAction.java,2.2221607753208708,0.06422207014901297,2091.649341583252,UI,2091.649341583252
teammates\src\test\java\teammates\common\datatransfer\attributes\AccountRequestAttributesTest.java,0.1727681977408273,0.05714285714285714,0.04714858191353934,Logic,0.1727681977408273
teammates\src\main\java\teammates\ui\servlets\LegacyUrlMapper.java,0.3032874516078404,0.014407893589564732,2418.292465209961,UI,2418.292465209961
teammates\src\main\java\teammates\ui\request\FeedbackResponseCommentUpdateRequest.java,0.028585917609078543,0.0,2171.9701385498047,UI,2171.9701385498047
teammates\src\client\java\teammates\client\scripts\statistics\FileStore.java,0.09017622130257742,0.006667651448931013,0.14504267828805106,UI,0.14504267828805106
teammates\src\test\java\teammates\ui\servlets\WebPageServletTest.java,0.02858567237854004,0.0,2192.8830337524414,UI,2192.8830337524414
teammates\src\test\java\teammates\ui\webapi\ResetAccountRequestActionTest.java,1.945292227608817,0.06007122312273298,2019.3821334838867,UI,2019.3821334838867
teammates\src\main\java\teammates\ui\output\CourseArchiveData.java,0.028585917609078543,0.0,2117.6208305358887,UI,2117.6208305358887
teammates\src\main\java\teammates\ui\webapi\GetSessionResultsAction.java,2.146295819963728,0.05727855818612235,1995.1202964782715,UI,1995.1202964782715
teammates\src\main\java\teammates\logic\api\TaskQueuer.java,2506.4183807373047,0.1296639851161412,0.1598170689174107,Logic,2506.4183807373047
teammates\src\main\java\teammates\common\exception\InvalidParametersException.java,0.02858583927154541,0.0,0.0,Logic,0.02858583927154541
teammates\src\main\java\teammates\ui\webapi\SendErrorReportAction.java,0.3030777522495815,0.007624796458653041,2393.7899017333984,UI,2393.7899017333984
teammates\src\main\java\teammates\ui\output\CourseData.java,0.028585093361990794,0.0,2066.9140625,UI,2066.9140625
teammates\src\test\java\teammates\common\util\StringHelperTest.java,0.15089398792811803,0.35549163818359375,0.30093792506626676,Storage,0.35549163818359375
teammates\src\main\java\teammates\ui\webapi\PutDataBundleDocumentsAction.java,1.979302760532924,0.24556549617222379,2230.901393890381,UI,2230.901393890381
teammates\src\main\java\teammates\common\datatransfer\logs\LogEvent.java,0.5471497126988002,0.07154741287231445,0.02857142857142857,Logic,0.5471497126988002
teammates\src\client\java\teammates\client\scripts\GenerateUsageStatisticsObjects.java,1.8907845633370535,0.13625822067260743,0.02857142857142857,Logic,1.8907845633370535
teammates\src\main\java\teammates\storage\api\package-info.java,0.05633411748068673,3998.775634765625,0.0,Storage,3998.775634765625
teammates\src\e2e\java\teammates\e2e\cases\axe\AdminNotificationsPageAxeTest.java,0.02858544077192034,0.008356165885925294,0.017095208168029785,Logic,0.02858544077192034
teammates\src\test\java\teammates\logic\core\FeedbackSessionsLogicTest.java,3130.9555053710938,0.13480517523629323,0.2392747061593192,Logic,3130.9555053710938
teammates\src\main\java\teammates\ui\output\AccountRequestsData.java,0.028585876737322127,0.0,2115.289535522461,UI,2115.289535522461
teammates\src\main\java\teammates\storage\entity\package-info.java,0.02858614580971854,3998.775634765625,0.0,Storage,3998.775634765625
teammates\src\main\java\teammates\logic\external\AuthService.java,2597.482147216797,0.058105761664254324,0.05714285714285714,Logic,2597.482147216797
teammates\src\main\java\teammates\ui\request\ErrorReportRequest.java,0.02858550889151437,0.0,2197.949504852295,UI,2197.949504852295
teammates\src\test\java\teammates\ui\webapi\GetSessionResponseStatsActionTest.java,0.10308102880205428,0.008759627171925136,2068.5104942321777,UI,2068.5104942321777
teammates\src\e2e\java\teammates\e2e\pageobjects\InstructorSearchPage.java,0.028581619262695312,0.02815265314919608,0.045232898848397395,UI,0.045232898848397395
teammates\src\e2e\java\teammates\e2e\util\BackDoor.java,0.028585822241646904,0.0,0.03183508600507464,UI,0.03183508600507464
teammates\src\main\java\teammates\common\datatransfer\attributes\FeedbackResponseCommentAttributes.java,0.0979086126599993,0.05714285714285714,0.02857142857142857,Logic,0.0979086126599993
teammates\src\client\java\teammates\client\scripts\DataMigrationForInstructorNullIsArchivedField.java,0.04518450668879918,0.06414475440979003,0.055556634494236534,Storage,0.06414475440979003
teammates\src\main\java\teammates\ui\webapi\GetFeedbackSessionLogsAction.java,2.3953482491629465,0.15591648646763392,2031.5446281433105,UI,2031.5446281433105
teammates\src\client\java\teammates\client\scripts\statistics\StatisticsBundle.java,0.1005714007786342,0.0,0.05079084805079869,Logic,0.1005714007786342
teammates\src\test\java\teammates\test\TestPropertiesTest.java,0.028586070878165108,0.0,0.0,Logic,0.028586070878165108
teammates\src\test\java\teammates\ui\webapi\RegenerateInstructorKeyActionTest.java,1.909271022251674,0.06111232893807547,2023.9013290405273,UI,2023.9013290405273
teammates\src\test\java\teammates\storage\api\InstructorsDbTest.java,0.1688408306666783,2115.45108795166,0.14839068821498325,Storage,2115.45108795166
teammates\src\main\java\teammates\ui\webapi\GetReadNotificationsAction.java,1.9424061366489955,0.05316168240138463,2173.8131713867188,UI,2173.8131713867188
teammates\src\main\java\teammates\ui\webapi\GetStudentsAction.java,2.1778228759765623,0.05970108849661691,2092.7747344970703,UI,2092.7747344970703
teammates\src\test\java\teammates\logic\api\MockAuthProxy.java,2624.293441772461,0.0579500607081822,0.05714285714285714,Logic,2624.293441772461
teammates\src\main\java\teammates\ui\webapi\GetActionClassesAction.java,0.17947854995727539,0.0,2151.726016998291,UI,2151.726016998291
teammates\src\main\java\teammates\ui\request\BasicRequest.java,0.028585972104753766,0.0,2175.704402923584,UI,2175.704402923584
teammates\src\main\java\teammates\storage\search\SearchManagerStarter.java,0.028585692814418247,3912.9627227783203,0.0,Storage,3912.9627227783203
teammates\src\main\java\teammates\ui\request\CourseUpdateRequest.java,0.028586128779820034,0.0,2185.8079719543457,UI,2185.8079719543457
teammates\src\main\java\teammates\common\datatransfer\questions\FeedbackNumericalScaleQuestionDetails.java,0.200400515965053,0.05714285714285714,0.05131263732910156,Logic,0.200400515965053
teammates\src\main\java\teammates\ui\webapi\PublishFeedbackSessionAction.java,2.2746303013392857,0.06239015715462821,2151.8922424316406,UI,2151.8922424316406
teammates\src\main\java\teammates\common\datatransfer\questions\package-info.java,0.028586108343941825,0.05714285714285714,0.02857142857142857,Storage,0.05714285714285714
teammates\src\test\java\teammates\ui\webapi\RegenerateStudentKeyActionTest.java,1.909271022251674,0.06111232893807547,2023.9013290405273,UI,2023.9013290405273
