file_path,app,backends,bin,concurrency,contrib,events,fixups,security,utils,worker,best_module,best_likelihood
celery\t\integration\worker_config.py,8.787238121032715,4.05128288269043,11.877965927124023,3.511812210083008,9.279802322387695,4.228070259094238,4.986095905303955,1.0008935928344727,4.6839599609375,97.15774536132812,worker,97.15774536132812
celery\t\unit\backends\test_base.py,114.47869110107422,174.15670776367188,113.863037109375,28.872026443481445,24.140832901000977,26.944393157958984,18.34397315979004,66.99366760253906,39.867794036865234,44.10174560546875,backends,174.15670776367188
celery\t\integration\test_connection_recovery.py,58.69975280761719,2.7473559379577637,5.696633338928223,3.781522274017334,11.040255546569824,1.0010650157928467,2.8964717388153076,1.349352478981018,4.7975592613220215,2.9272940158843994,app,58.69975280761719
celery\t\integration\test_tasks.py,94.34576416015625,89.17082977294922,117.24248504638672,34.93825149536133,35.657222747802734,36.597652435302734,8.295143127441406,13.631872177124023,42.467864990234375,124.67703247070312,worker,124.67703247070312
celery\t\unit\tasks\test_states.py,7.471182346343994,5.70120906829834,13.154531478881836,4.172069549560547,8.918853759765625,12.75674819946289,1.808488368988037,3.0868539810180664,3.5689101219177246,10.793680191040039,bin,13.154531478881836
celery\t\unit\utils\test_collections.py,52.37735366821289,5.667052745819092,155.3186492919922,8.753890991210938,13.996076583862305,4.8388824462890625,7.326236248016357,8.481264114379883,70.14872741699219,19.377490997314453,bin,155.3186492919922
celery\t\unit\bin\proj\app2.py,47.961669921875,0.0,99.16194152832031,0.6683458685874939,1.0009167194366455,1.0009167194366455,1.0009167194366455,1.0009167194366455,2.671428918838501,1.0009167194366455,bin,99.16194152832031
celery\t\unit\security\__init__.py,3.102055072784424,1.2389847040176392,3.893096685409546,1.0683931112289429,2.6760945320129395,2.0692975521087646,2.0692975521087646,129.9753875732422,3.668178081512451,2.1011505126953125,security,129.9753875732422
celery\t\smoke\tests\quorum_queues\test_default_queue_type.py,78.14582824707031,13.25494384765625,21.0578556060791,5.101011276245117,12.930373191833496,6.550294876098633,1.6204452514648438,6.789853572845459,8.338912010192871,109.16364288330078,worker,109.16364288330078
celery\t\unit\utils\test_nodenames.py,2.8597073554992676,5.430928707122803,9.526021957397461,1.5657901763916016,5.55656099319458,2.8707659244537354,1.0009034872055054,4.501575469970703,88.7088394165039,72.91358184814453,utils,88.7088394165039
celery\celery\apps\multi.py,73.65645599365234,36.4875602722168,80.84490203857422,5.900213718414307,9.668867111206055,12.981971740722656,4.500514030456543,3.5362770557403564,46.882999420166016,84.83330535888672,worker,84.83330535888672
celery\t\unit\fixups\__init__.py,2.1749229431152344,0.1730874627828598,3.1758406162261963,0.0,1.174005150794983,1.000917673110962,141.13821411132812,1.000917673110962,1.174005150794983,1.174005150794983,fixups,141.13821411132812
celery\t\unit\backends\test_s3.py,75.58981323242188,146.07997131347656,11.839789390563965,4.432989597320557,9.194750785827637,13.060787200927734,8.043549537658691,11.655488014221191,16.30734634399414,8.76810073852539,backends,146.07997131347656
celery\examples\celery_http_gateway\settings.py,75.43495178222656,139.10052490234375,19.74228858947754,4.791625022888184,123.24369812011719,6.9214324951171875,9.341386795043945,10.807062149047852,41.40725326538086,23.92949867248535,backends,139.10052490234375
celery\t\unit\tasks\unit_tasks.py,6.144681453704834,4.142862319946289,9.256800651550293,4.142862319946289,3.6703805923461914,1.0009095668792725,1.0009095668792725,3.072340726852417,3.787534236907959,7.235092639923096,bin,9.256800651550293
celery\celery\bin\base.py,78.320068359375,19.820592880249023,129.4239501953125,10.035213470458984,15.173799514770508,13.485681533813477,10.102474212646484,15.833377838134766,23.094411849975586,46.35104751586914,bin,129.4239501953125
celery\t\unit\tasks\test_stamping.py,81.14630126953125,29.627750396728516,98.35590362548828,9.697325706481934,24.94509506225586,8.112404823303223,5.603923320770264,8.260252952575684,12.97425651550293,20.795120239257812,bin,98.35590362548828
celery\t\unit\events\test_cursesmon.py,66.09716796875,6.224287986755371,84.68788146972656,6.341158866882324,8.9385986328125,93.14934539794922,2.5738699436187744,3.5584940910339355,11.089713096618652,77.91633605957031,events,93.14934539794922
celery\celery\bin\celery.py,98.96448516845703,69.2871322631836,164.7018280029297,18.489330291748047,50.974159240722656,112.68572998046875,19.75626564025879,12.648721694946289,36.637535095214844,130.7506561279297,bin,164.7018280029297
celery\celery\worker\state.py,59.802433013916016,14.252972602844238,31.81525421142578,7.595755577087402,10.967791557312012,26.422780990600586,5.001848220825195,5.566257953643799,21.17498207092285,91.04533386230469,worker,91.04533386230469
celery\t\smoke\tests\failover\test_worker_failover.py,68.45877075195312,13.568044662475586,17.436120986938477,4.4735517501831055,10.917149543762207,8.248992919921875,1.6707584857940674,3.6293857097625732,8.688825607299805,100.07393646240234,worker,100.07393646240234
celery\t\unit\bin\test_control.py,74.48717498779297,15.05566120147705,150.9492645263672,8.973755836486816,73.38980102539062,117.23817443847656,4.893462181091309,9.061524391174316,18.221670150756836,103.54861450195312,bin,150.9492645263672
celery\t\smoke\tests\test_control.py,65.00064849853516,4.009177207946777,15.619939804077148,2.338205099105835,63.819034576416016,13.297338485717773,4.681131362915039,2.734604597091675,7.953125953674316,83.82894134521484,worker,83.82894134521484
celery\celery\bin\control.py,65.25102233886719,6.129348278045654,123.27204895019531,7.323755741119385,67.50035095214844,9.596903800964355,3.5887374877929688,7.650800704956055,14.317459106445312,14.480916976928711,bin,123.27204895019531
celery\celery\fixups\__init__.py,2.175363779067993,0.1732824742794037,3.1764042377471924,0.0,1.1743230819702148,1.0010405778884888,141.2556610107422,1.0010405778884888,1.1743230819702148,1.1743230819702148,fixups,141.2556610107422
celery\celery\app\builtins.py,80.84727478027344,71.45835876464844,100.5760269165039,12.1692476272583,13.815652847290039,5.9142584800720215,2.7721593379974365,12.499717712402344,16.591459274291992,74.3045654296875,bin,100.5760269165039
celery\extra\release\sphinx2rst_config.py,3.3413774967193604,3.0122532844543457,5.875736236572266,0.0,43.48907470703125,3.6069045066833496,1.842539668083191,1.4872634410858154,9.781484603881836,4.419337272644043,contrib,43.48907470703125
celery\t\unit\utils\__init__.py,2.1749229431152344,0.1730874627828598,3.1758406162261963,0.0,1.174005150794983,1.000917673110962,1.000917673110962,1.000917673110962,86.98430633544922,1.174005150794983,utils,86.98430633544922
celery\celery\worker\request.py,96.31324005126953,66.74005126953125,37.9730224609375,21.71905517578125,14.783961296081543,204.5145721435547,6.117719650268555,12.825353622436523,26.59881591796875,100.60222625732422,events,204.5145721435547
celery\celery\backends\arangodb.py,60.4468994140625,132.918701171875,44.91804885864258,4.356913089752197,9.582542419433594,5.194327354431152,2.4559404850006104,5.624064922332764,9.11584186553955,9.366186141967773,backends,132.918701171875
celery\celery\security\certificate.py,9.635464668273926,44.7244873046875,26.73046112060547,6.8189568519592285,8.80343246459961,2.3772366046905518,2.3772366046905518,129.538330078125,8.269526481628418,3.4166133403778076,security,129.538330078125
celery\t\unit\worker\test_revoke.py,8.261507034301758,0.8943931460380554,10.715656280517578,2.197683811187744,6.803341388702393,8.105460166931152,1.0008975267410278,1.343737006187439,3.7641406059265137,72.25059509277344,worker,72.25059509277344
celery\celery\beat.py,90.91687774658203,67.53646850585938,84.04557037353516,18.7081298828125,27.347694396972656,75.34962463378906,8.27150821685791,15.921978950500488,27.572479248046875,28.81879425048828,app,90.91687774658203
celery\celery\utils\deprecated.py,8.858163833618164,4.6233906745910645,31.999717712402344,8.00938606262207,5.873078346252441,5.007242202758789,4.146170616149902,3.4543395042419434,89.09191131591797,6.89190673828125,utils,89.09191131591797
celery\t\unit\app\test_annotations.py,73.18824005126953,7.33542537689209,7.461136817932129,5.399666786193848,6.711045265197754,1.0008190870285034,1.5179526805877686,3.497180461883545,7.139685153961182,5.976185321807861,app,73.18824005126953
celery\celery\contrib\testing\worker.py,80.7106704711914,16.801488876342773,35.02244567871094,148.48133850097656,101.83519744873047,59.232398986816406,6.600347518920898,9.35832691192627,25.03529167175293,113.66741180419922,concurrency,148.48133850097656
celery\t\unit\bin\proj\daemon_config.py,7.036020755767822,1.572063684463501,144.16709899902344,3.193419933319092,6.244513511657715,113.42779541015625,1.000842809677124,1.6911702156066895,7.511430263519287,77.12705993652344,bin,144.16709899902344
celery\t\unit\worker\test_consumer.py,116.5462417602539,31.938087463378906,134.56076049804688,105.01824188232422,35.557029724121094,157.227783203125,14.441704750061035,18.034990310668945,32.67802429199219,153.86256408691406,events,157.227783203125
celery\celery\app\utils.py,95.69869232177734,75.27886199951172,71.7403335571289,15.111189842224121,51.73542022705078,98.47722625732422,9.132240295410156,15.395000457763672,89.4959716796875,40.23921585083008,events,98.47722625732422
celery\docs\conf.py,82.14737701416016,61.61830520629883,123.63526916503906,106.37718200683594,140.8267364501953,14.351401329040527,130.6173858642578,8.429145812988281,107.62752532958984,106.8929214477539,contrib,140.8267364501953
celery\celery\backends\redis.py,81.24935150146484,143.58486938476562,113.72088623046875,19.96904182434082,21.399106979370117,75.76695251464844,4.920734405517578,24.993751525878906,22.076318740844727,20.697431564331055,backends,143.58486938476562
celery\t\unit\backends\test_arangodb.py,69.52660369873047,147.12997436523438,49.05295181274414,11.536703109741211,17.33275604248047,6.844276428222656,5.738365650177002,9.018799781799316,16.177082061767578,14.848146438598633,backends,147.12997436523438
celery\t\unit\worker\test_components.py,17.293611526489258,14.757210731506348,23.789098739624023,26.512821197509766,14.49068546295166,101.61730194091797,4.422150135040283,5.7331013679504395,16.571496963500977,85.92394256591797,events,101.61730194091797
celery\docs\_ext\celerydocs.py,103.727294921875,117.54010009765625,53.54640579223633,23.885894775390625,64.96429443359375,156.96810913085938,111.58094787597656,106.11162567138672,106.87521362304688,91.45095825195312,events,156.96810913085938
celery\examples\django\demoapp\models.py,5.913576126098633,1.9558794498443604,5.312793731689453,11.44493293762207,7.103460788726807,2.9567878246307373,5.988580226898193,2.9567878246307373,6.622986793518066,4.912667274475098,concurrency,11.44493293762207
celery\examples\django\manage.py,7.381847381591797,2.879523754119873,25.323787689208984,7.212123394012451,7.861568450927734,3.3948025703430176,8.302495956420898,3.7281649112701416,11.43820858001709,7.024145126342773,bin,25.323787689208984
celery\t\integration\__init__.py,2.1751198768615723,0.1732824742794037,3.1760387420654297,3.2024028301239014,6.378788471221924,1.0009187459945679,3.003103017807007,1.0009187459945679,1.174201250076294,1.174201250076294,contrib,6.378788471221924
celery\examples\django\demoapp\migrations\0001_initial.py,9.372000694274902,5.400670051574707,5.318309307098389,12.204050064086914,16.428546905517578,3.890432596206665,5.955783367156982,7.976659297943115,5.700843811035156,4.020007133483887,contrib,16.428546905517578
celery\t\unit\utils\test_imports.py,74.32612609863281,15.270923614501953,106.95738983154297,17.83475112915039,21.65596580505371,9.335044860839844,10.562335014343262,8.74411392211914,112.541015625,77.34304809570312,utils,112.541015625
celery\t\unit\utils\test_serialization.py,15.64681625366211,9.673123359680176,51.95859909057617,15.082697868347168,14.793906211853027,6.399304389953613,5.965996265411377,14.062332153320312,108.62052154541016,13.283432006835938,utils,108.62052154541016
celery\celery\app\base.py,129.9365997314453,144.18527221679688,175.08912658691406,38.71531295776367,77.23725891113281,125.31250762939453,226.56448364257812,117.90475463867188,56.833763122558594,144.0419464111328,fixups,226.56448364257812
celery\examples\django\demoapp\migrations\__init__.py,2.1747262477874756,0.17289286851882935,3.175642967224121,0.0,8.698939323425293,1.0009167194366455,4.050981044769287,1.0009167194366455,1.17380952835083,1.17380952835083,contrib,8.698939323425293
celery\t\unit\app\test_builtins.py,80.38401794433594,66.92801666259766,24.600326538085938,6.582695960998535,14.88270092010498,2.858097553253174,2.0221738815307617,4.21626091003418,12.112812042236328,85.48930358886719,worker,85.48930358886719
celery\t\smoke\tests\test_consumer.py,73.91754150390625,52.919063568115234,40.26652908325195,116.85763549804688,15.480788230895996,4.482551097869873,1.4811640977859497,11.034096717834473,14.251376152038574,112.58706665039062,concurrency,116.85763549804688
celery\examples\eventlet\celeryconfig.py,10.20240592956543,10.51463508605957,15.314539909362793,6.261045932769775,5.479243755340576,8.298107147216797,1.000894546508789,2.7574429512023926,7.089153289794922,91.75376892089844,worker,91.75376892089844
celery\t\smoke\operations\task_termination.py,46.21415328979492,3.264859676361084,11.176456451416016,3.264859676361084,4.320005893707275,2.9188385009765625,2.6012613773345947,2.63327956199646,9.396502494812012,79.22401428222656,worker,79.22401428222656
celery\celery\security\__init__.py,64.93543243408203,7.0382866859436035,9.550520896911621,5.2231059074401855,4.492656230926514,5.335748195648193,2.313894033432007,167.1992645263672,5.999154567718506,7.077213287353516,security,167.1992645263672
celery\t\unit\contrib\proj\__init__.py,3.4749231338500977,0.17289286851882935,3.175642967224121,0.6683458685874939,99.88346099853516,1.0009167194366455,1.0009167194366455,1.0009167194366455,1.17380952835083,2.4740066528320312,contrib,99.88346099853516
celery\t\unit\utils\test_annotations.py,20.848968505859375,8.783777236938477,10.473336219787598,11.502004623413086,20.50145721435547,1.8057551383972168,4.891202926635742,8.097550392150879,81.1910400390625,6.825082302093506,utils,81.1910400390625
celery\celery\app\amqp.py,84.95255279541016,25.307464599609375,103.5781021118164,15.906904220581055,11.988913536071777,123.30662536621094,2.343189239501953,10.999643325805664,17.305313110351562,11.560663223266602,events,123.30662536621094
celery\examples\quorum-queues\myapp.py,85.79902648925781,15.576810836791992,36.84172058105469,93.4615707397461,55.11870574951172,8.377250671386719,2.2390570640563965,5.801678657531738,10.560908317565918,107.40825653076172,worker,107.40825653076172
celery\celery\loaders\base.py,88.75777435302734,105.52171325683594,46.90740203857422,20.651317596435547,16.95277976989746,7.135865688323975,9.055730819702148,9.387941360473633,29.525842666625977,94.17019653320312,backends,105.52171325683594
celery\t\unit\contrib\test_worker.py,90.23110961914062,55.27300262451172,25.58754539489746,27.88677978515625,129.6972198486328,47.387535095214844,5.0048956871032715,8.944947242736816,22.116727828979492,106.2454833984375,contrib,129.6972198486328
celery\t\unit\app\test_amqp.py,98.16624450683594,15.863338470458984,89.15360260009766,16.7567138671875,18.074480056762695,68.73530578613281,3.229696035385132,17.140737533569336,14.173420906066895,81.74496459960938,app,98.16624450683594
celery\celery\bin\graph.py,80.75646209716797,60.21208572387695,119.2711181640625,95.54337310791016,39.87458801269531,10.623767852783203,2.7817461490631104,3.687481641769409,47.088279724121094,140.71701049804688,worker,140.71701049804688
celery\celery\worker\__init__.py,2.1751673221588135,0.1730874627828598,7.3705220222473145,0.0,1.6904367208480835,2.7755038738250732,1.001039981842041,1.001039981842041,2.948591470718384,68.603759765625,worker,68.603759765625
celery\t\unit\utils\test_sysinfo.py,12.017834663391113,10.546367645263672,8.228588104248047,10.358475685119629,10.58968734741211,6.06519889831543,3.3119473457336426,4.6565937995910645,89.977783203125,13.356009483337402,utils,89.977783203125
celery\t\unit\events\test_snapshot.py,64.77285766601562,1.6798256635665894,31.359281539916992,2.1807103157043457,8.099653244018555,118.54391479492188,1.000884771347046,1.7469075918197632,13.13399600982666,4.872970104217529,events,118.54391479492188
celery\t\unit\worker\__init__.py,2.1749229431152344,0.1730874627828598,7.370155334472656,0.0,1.6903144121170044,2.775381565093994,1.000917673110962,1.000917673110962,2.9484691619873047,68.6036376953125,worker,68.6036376953125
celery\t\unit\contrib\test_migrate.py,102.18922424316406,13.175692558288574,85.16582489013672,9.859684944152832,120.95289611816406,18.19451904296875,6.374582290649414,19.848520278930664,12.594579696655273,18.52511978149414,contrib,120.95289611816406
celery\examples\pydantic\__init__.py,2.1751198768615723,0.1732824742794037,3.1760387420654297,0.0,1.174201250076294,1.0009187459945679,1.0009187459945679,1.0009187459945679,1.174201250076294,1.174201250076294,bin,3.1760387420654297
celery\t\unit\utils\test_pickle.py,9.665705680847168,3.377521514892578,5.8783416748046875,5.364287376403809,5.851470947265625,4.865594863891602,1.866201639175415,7.142215728759766,84.49069213867188,5.4210991859436035,utils,84.49069213867188
celery\celery\result.py,93.55917358398438,94.9213638305664,30.094194412231445,15.944077491760254,56.0580940246582,25.99555015563965,5.856522560119629,13.835556983947754,20.80475616455078,94.784423828125,backends,94.9213638305664
celery\celery\utils\text.py,20.89270782470703,9.246110916137695,28.583986282348633,14.573827743530273,11.496066093444824,9.031975746154785,6.504154205322266,9.453913688659668,83.68548583984375,13.728300094604492,utils,83.68548583984375
celery\t\unit\backends\test_elasticsearch.py,81.85836029052734,157.23512268066406,26.81266975402832,69.1446533203125,17.95777702331543,17.284025192260742,7.64683723449707,17.909950256347656,22.430387496948242,24.477937698364258,backends,157.23512268066406
celery\t\benchmarks\bench_worker.py,87.21070098876953,46.52151107788086,36.639991760253906,104.06561279296875,10.092859268188477,13.286314964294434,7.9651970863342285,10.197875022888184,23.4407958984375,129.12355041503906,worker,129.12355041503906
celery\celery\apps\worker.py,107.03922271728516,50.56955337524414,79.64388275146484,128.65516662597656,43.12383270263672,120.52674102783203,13.572097778320312,21.712411880493164,35.52943801879883,101.10492706298828,concurrency,128.65516662597656
celery\t\unit\contrib\proj\conf.py,7.136608600616455,0.6495499610900879,6.181581974029541,1.811034083366394,125.54502868652344,3.318662166595459,4.05340576171875,2.4899144172668457,3.7818710803985596,4.242021560668945,contrib,125.54502868652344
celery\celery\contrib\testing\manager.py,81.79193878173828,67.96746063232422,63.45072937011719,8.007719993591309,134.9822998046875,17.7567195892334,7.001877784729004,6.1615424156188965,68.58558654785156,88.70670318603516,contrib,134.9822998046875
celery\celery\events\__init__.py,5.904025077819824,0.17192651331424713,6.9050612449646,2.253384590148926,1.1729625463485718,150.35826110839844,1.0010359287261963,1.0010359287261963,4.902989387512207,1.1729625463485718,events,150.35826110839844
celery\t\unit\events\test_dumper.py,17.095176696777344,11.226040840148926,68.42816925048828,7.990819454193115,7.5969157218933105,148.9712677001953,1.7612000703811646,3.390443801879883,11.20329475402832,110.05203247070312,events,148.9712677001953
celery\t\unit\backends\test_cosmosdbsql.py,65.20097351074219,129.08831787109375,38.84505844116211,9.319217681884766,12.39349365234375,9.552559852600098,4.735379695892334,7.435190677642822,14.522042274475098,9.905985832214355,backends,129.08831787109375
celery\t\integration\test_worker.py,90.48959350585938,21.132423400878906,53.11006546020508,108.06519317626953,73.78788757324219,7.787609577178955,69.85879516601562,12.528594970703125,20.29755210876465,109.5172348022461,worker,109.5172348022461
celery\t\smoke\signals.py,3.4809179306030273,1.1983305215835571,10.51198673248291,0.0,1.8700153827667236,4.867674827575684,1.0008533000946045,1.0008533000946045,3.198622703552246,76.67403411865234,worker,76.67403411865234
celery\celery\contrib\abortable.py,6.670229434967041,60.55055236816406,7.775641441345215,3.8518598079681396,102.41344451904297,7.263492107391357,1.00100839138031,2.718299627304077,2.099011182785034,11.640737533569336,contrib,102.41344451904297
celery\celery\bin\amqp.py,72.72340393066406,10.612363815307617,138.22462463378906,7.641543865203857,3.7642173767089844,2.353090286254883,1.0006924867630005,10.1993408203125,5.723652362823486,26.315649032592773,bin,138.22462463378906
celery\t\integration\test_canvas.py,90.81556701660156,87.76456451416016,42.43294143676758,18.98529052734375,24.508975982666016,13.335564613342285,9.518491744995117,20.26205062866211,50.94688415527344,34.282958984375,app,90.81556701660156
celery\t\integration\test_serialization.py,64.29459381103516,54.628868103027344,38.222755432128906,9.770429611206055,13.91197681427002,4.840948104858398,5.601332187652588,18.125106811523438,17.16213035583496,122.58683776855469,worker,122.58683776855469
celery\celery\app\__init__.py,77.35347747802734,7.087092399597168,56.45408248901367,10.819965362548828,8.82267951965332,8.602446556091309,3.274966239929199,5.403532981872559,12.101860046386719,14.818278312683105,app,77.35347747802734
celery\celery\canvas.py,89.1535415649414,56.839881896972656,53.40634536743164,18.04268455505371,26.749034881591797,10.748468399047852,6.618106842041016,8.966230392456055,14.303130149841309,69.00232696533203,app,89.1535415649414
celery\celery\platforms.py,79.77099609375,15.887068748474121,77.1042251586914,16.264707565307617,15.995092391967773,15.688864707946777,8.178741455078125,129.01773071289062,53.63832092285156,58.9243278503418,security,129.01773071289062
celery\celery\fixups\django.py,100.52605438232422,40.995025634765625,33.83586120605469,33.98879623413086,104.39702606201172,17.156902313232422,220.56240844726562,12.449296951293945,113.25435638427734,118.254150390625,fixups,220.56240844726562
celery\celery\app\log.py,72.3604736328125,9.52282428741455,15.840535163879395,9.15634536743164,11.49039363861084,13.649222373962402,4.1036787033081055,7.2368245124816895,13.788859367370605,78.36946868896484,worker,78.36946868896484
celery\t\unit\bin\proj\app_with_custom_cmds.py,61.82081985473633,4.17384147644043,120.85433959960938,3.724888563156128,56.805816650390625,9.222723007202148,2.900468349456787,1.0010097026824951,6.377114772796631,72.3309326171875,bin,120.85433959960938
celery\t\unit\tasks\__init__.py,5.049956321716309,3.0481209754943848,7.780068874359131,2.8750336170196533,2.7573609352111816,1.000917673110962,1.000917673110962,2.438434600830078,1.174005150794983,5.632394790649414,bin,7.780068874359131
celery\t\unit\utils\test_dispatcher.py,18.652395248413086,11.847902297973633,21.17625617980957,2.0743539333343506,6.259504318237305,8.729745864868164,2.74534273147583,2.630333185195923,106.85479736328125,4.749403476715088,utils,106.85479736328125
celery\t\unit\bin\test_daemonization.py,57.48062515258789,2.1151909828186035,143.27467346191406,3.348618984222412,8.951770782470703,95.64512634277344,1.6436524391174316,2.554262399673462,9.10094165802002,68.41944885253906,bin,143.27467346191406
celery\celery\contrib\django\__init__.py,3.476827621459961,0.1730874627828598,3.1762073040008545,0.0,103.00785064697266,1.001039981842041,4.053411960601807,1.001039981842041,1.174127459526062,2.47578763961792,contrib,103.00785064697266
celery\celery\worker\consumer\events.py,62.55972671508789,6.28558349609375,43.64101028442383,7.497974395751953,3.4643115997314453,204.74830627441406,1.5627402067184448,2.6806414127349854,9.439458847045898,83.09141540527344,events,204.74830627441406
celery\celery\contrib\__init__.py,3.4784905910491943,0.1732824742794037,3.1764042377471924,0.0,100.02753448486328,1.0010405778884888,1.0010405778884888,1.0010405778884888,1.1743230819702148,2.477449893951416,contrib,100.02753448486328
celery\t\unit\utils\test_utils.py,3.865323066711426,6.873101711273193,29.49001121520996,1.2040177583694458,8.024652481079102,1.000842809677124,1.000842809677124,1.6028516292572021,92.16187286376953,3.895901679992676,utils,92.16187286376953
celery\t\unit\utils\test_threads.py,5.761001110076904,3.8321967124938965,35.424922943115234,6.527667045593262,10.38762092590332,7.670007705688477,1.4942365884780884,1.6582354307174683,94.27316284179688,6.315659523010254,utils,94.27316284179688
celery\t\unit\contrib\django\__init__.py,3.4749231338500977,0.17289286851882935,3.175642967224121,0.0,102.93352508544922,1.0009167194366455,4.050981044769287,1.0009167194366455,1.17380952835083,2.4740066528320312,contrib,102.93352508544922
celery\t\unit\concurrency\test_concurrency.py,60.04939270019531,14.82990550994873,47.482295989990234,201.62551879882812,14.652116775512695,92.95938110351562,5.378007411956787,4.937704563140869,21.12958335876465,54.32794952392578,concurrency,201.62551879882812
celery\celery\app\autoretry.py,66.27713012695312,10.602070808410645,11.737302780151367,5.972074508666992,3.734029531478882,1.000950813293457,6.488495349884033,2.7441463470458984,7.0193328857421875,11.232583045959473,app,66.27713012695312
celery\celery\app\events.py,65.4586410522461,7.403678894042969,11.329673767089844,6.200987339019775,1.160722017288208,116.50914001464844,1.0011072158813477,1.0011072158813477,5.678181171417236,3.927671432495117,events,116.50914001464844
celery\t\smoke\tests\quorum_queues\test_qos.py,77.33204650878906,22.917240142822266,34.4478759765625,105.4373779296875,15.90445327758789,6.027828693389893,1.68956458568573,8.065722465515137,8.829357147216797,107.46483612060547,worker,107.46483612060547
celery\celery\events\receiver.py,79.98609924316406,6.838585376739502,24.79283905029297,6.357758522033691,38.32109069824219,149.5164337158203,1.9105007648468018,8.81914234161377,12.583389282226562,71.3255844116211,events,149.5164337158203
celery\t\unit\app\test_beat.py,98.96575927734375,55.44874954223633,89.65384674072266,15.596871376037598,22.804597854614258,32.52768325805664,6.897824764251709,10.144749641418457,27.645105361938477,20.367908477783203,app,98.96575927734375
celery\t\unit\app\__init__.py,53.6331787109375,0.4865780472755432,3.1758406162261963,0.0,1.174005150794983,1.000917673110962,1.000917673110962,1.000917673110962,2.6442410945892334,1.174005150794983,app,53.6331787109375
celery\t\unit\backends\test_database.py,90.47683715820312,161.8196258544922,141.9989013671875,27.19184112548828,22.2242488861084,45.83689498901367,11.6846342086792,10.14522647857666,21.723934173583984,122.7610855102539,backends,161.8196258544922
celery\t\unit\worker\test_state.py,32.219078063964844,14.62645149230957,85.60311126708984,15.442764282226562,20.386777877807617,14.963560104370117,10.355687141418457,7.610642433166504,23.374467849731445,96.79182434082031,worker,96.79182434082031
celery\t\unit\apps\test_multi.py,72.02336120605469,8.049509048461914,64.18740844726562,8.768085479736328,11.701446533203125,15.329093933105469,5.095932960510254,3.8984932899475098,39.80607986450195,76.01008605957031,worker,76.01008605957031
celery\examples\stamping\revoke_example.py,7.645851135253906,12.257043838500977,9.519235610961914,6.054080963134766,6.106970310211182,5.4536566734313965,1.0008256435394287,2.974327325820923,3.6766557693481445,8.390815734863281,backends,12.257043838500977
celery\celery\backends\gcs.py,73.36358642578125,141.27896118164062,46.73967361450195,15.535961151123047,14.784785270690918,14.80492877960205,13.88216781616211,15.645169258117676,17.951671600341797,19.129934310913086,backends,141.27896118164062
celery\celery\utils\debug.py,47.093414306640625,3.1118412017822266,35.18929672241211,4.857506275177002,4.829988956451416,13.360763549804688,4.9443254470825195,3.376588821411133,111.89839935302734,5.427413463592529,utils,111.89839935302734
celery\t\unit\test_canvas.py,62.3323974609375,11.426837921142578,13.536529541015625,11.310309410095215,7.288515090942383,2.593533754348755,1.000842809677124,3.8253514766693115,7.00091552734375,69.40943908691406,worker,69.40943908691406
celery\celery\concurrency\base.py,84.16907501220703,21.54439926147461,21.20399284362793,124.94866180419922,8.432623863220215,54.469871520996094,6.034953594207764,6.918948173522949,22.15245819091797,61.795799255371094,concurrency,124.94866180419922
celery\examples\gevent\celeryconfig.py,11.928906440734863,50.64078903198242,11.450231552124023,5.261174201965332,4.97969388961792,39.757835388183594,1.0008964538574219,2.759108543395996,7.225526332855225,24.592378616333008,backends,50.64078903198242
celery\t\unit\backends\test_rpc.py,86.88379669189453,123.4136962890625,66.94989013671875,17.001279830932617,15.127470016479492,118.48358154296875,3.26619553565979,5.772022724151611,51.649253845214844,70.68566131591797,backends,123.4136962890625
celery\examples\next-steps\proj\tasks.py,65.92337799072266,4.593899726867676,9.640050888061523,4.8792338371276855,4.3400797843933105,1.0008964538574219,1.0008964538574219,3.1136884689331055,3.2415921688079834,7.310400009155273,app,65.92337799072266
celery\celery\_state.py,85.98234558105469,12.349384307861328,19.424898147583008,9.048933982849121,4.939592361450195,11.709478378295898,119.555908203125,5.138435363769531,30.940168380737305,80.99272155761719,fixups,119.555908203125
celery\t\smoke\conftest.py,78.66934204101562,60.26976013183594,117.05391693115234,13.038345336914062,56.62607955932617,5.6520843505859375,11.367206573486328,5.948626518249512,14.531607627868652,126.66687774658203,worker,126.66687774658203
celery\t\unit\bin\proj\daemon.py,58.03758239746094,0.837730884552002,106.773193359375,0.751517653465271,1.001030683517456,1.001030683517456,1.001030683517456,1.001030683517456,3.1707022190093994,1.001030683517456,bin,106.773193359375
celery\celery\worker\consumer\tasks.py,74.41674041748047,17.051164627075195,28.271360397338867,100.54497528076172,12.40878677368164,11.100157737731934,3.5572867393493652,10.434438705444336,8.753106117248535,112.97872924804688,worker,112.97872924804688
celery\t\unit\contrib\test_pytest.py,47.597042083740234,7.471711158752441,10.211687088012695,3.223703384399414,105.05268096923828,5.454193115234375,4.383062362670898,3.584557056427002,7.355381488800049,26.988767623901367,contrib,105.05268096923828
celery\t\unit\worker\test_request.py,105.84188079833984,84.6111068725586,65.63003540039062,27.939584732055664,24.507675170898438,179.4588165283203,10.330327987670898,19.02269744873047,42.73521041870117,113.41293334960938,events,179.4588165283203
celery\celery\utils\saferepr.py,50.26209259033203,4.472228050231934,43.424285888671875,3.0142338275909424,8.114572525024414,5.440375804901123,5.588131427764893,3.2785751819610596,72.56629180908203,7.660516262054443,utils,72.56629180908203
celery\celery\worker\consumer\consumer.py,111.03856658935547,40.19261169433594,74.10966491699219,25.33026885986328,41.14292526245117,166.5548095703125,14.78156852722168,15.961702346801758,29.902761459350586,140.671630859375,events,166.5548095703125
celery\t\integration\test_mem_leak_in_exception_handling.py,73.91743469238281,53.1866455078125,114.91820526123047,13.35474681854248,17.294963836669922,6.153852462768555,8.127492904663086,11.130562782287598,31.906023025512695,33.3328857421875,bin,114.91820526123047
celery\t\unit\security\test_security.py,77.62168884277344,9.872214317321777,49.713016510009766,11.669005393981934,14.476415634155273,5.942811489105225,5.758142471313477,164.68992614746094,12.746066093444824,12.772500038146973,security,164.68992614746094
celery\celery\bin\call.py,61.76958084106445,8.281302452087402,112.93533325195312,4.708501815795898,6.861168384552002,3.8550891876220703,2.986452102661133,4.8366827964782715,10.133347511291504,6.498134136199951,bin,112.93533325195312
celery\t\unit\contrib\proj\xyzzy.py,60.033416748046875,3.512781858444214,5.451715469360352,3.8234963417053223,100.36861419677734,1.0010359287261963,1.0010359287261963,2.5804789066314697,2.5318796634674072,5.887434005737305,contrib,100.36861419677734
celery\examples\celery_http_gateway\manage.py,5.937810897827148,2.089996814727783,32.274749755859375,1.3268667459487915,2.3278911113739014,3.6547577381134033,5.935984134674072,2.7058277130126953,6.9712347984313965,3.5497958660125732,bin,32.274749755859375
celery\celery\utils\annotations.py,16.10841941833496,3.196347713470459,3.334186553955078,2.6690526008605957,3.629587411880493,1.0009828805923462,1.5573220252990723,1.943248987197876,83.4655990600586,1.0009828805923462,utils,83.4655990600586
celery\celery\contrib\migrate.py,98.68130493164062,20.078760147094727,31.613018035888672,12.796904563903809,79.11625671386719,18.09868621826172,4.1734161376953125,20.586688995361328,10.8379545211792,83.61009216308594,app,98.68130493164062
celery\t\unit\utils\test_text.py,74.85808563232422,9.268317222595215,93.51802825927734,5.247244834899902,10.062127113342285,1.0007754564285278,1.0007754564285278,4.2929368019104,84.25594329833984,8.508183479309082,bin,93.51802825927734
celery\t\smoke\workers\other.py,57.66441345214844,1.3338133096694946,101.66958618164062,3.1904006004333496,10.26052188873291,4.7639994621276855,8.991157531738281,1.8065367937088013,11.415356636047363,124.4500732421875,worker,124.4500732421875
celery\t\unit\tasks\test_result.py,107.34979248046875,102.14766693115234,78.83638763427734,20.94562339782715,29.828481674194336,22.97364616394043,10.443672180175781,16.98550033569336,28.190935134887695,83.44226837158203,app,107.34979248046875
celery\celery\worker\consumer\gossip.py,94.7589340209961,16.16576385498047,38.13223648071289,17.75273323059082,9.701098442077637,168.5563507080078,4.493040084838867,16.933378219604492,20.20870590209961,130.7244415283203,events,168.5563507080078
celery\t\unit\bin\__init__.py,2.1749229431152344,0.1730874627828598,99.40386199951172,0.0,1.174005150794983,1.000917673110962,1.000917673110962,1.000917673110962,1.5317813158035278,1.174005150794983,bin,99.40386199951172
celery\celery\bin\list.py,68.1568603515625,5.012193202972412,118.39136505126953,2.0,4.2546234130859375,2.3488881587982178,1.0009949207305908,5.422680377960205,5.57853364944458,4.748320579528809,bin,118.39136505126953
celery\celery\worker\consumer\connection.py,4.258970737457275,1.3167881965637207,12.19154167175293,0.41653233766555786,3.938920497894287,4.4007110595703125,1.5981985330581665,1.0009998083114624,3.622441291809082,89.04683685302734,worker,89.04683685302734
celery\celery\states.py,5.33560848236084,6.192047119140625,8.948007583618164,5.89678430557251,1.1542216539382935,12.869375228881836,1.9230949878692627,1.7912416458129883,2.609800100326538,6.818619251251221,events,12.869375228881836
celery\docs\changelog_formatter.py,49.81746292114258,5.890162944793701,36.868011474609375,9.444049835205078,17.497316360473633,9.079575538635254,10.617875099182129,11.699402809143066,28.556684494018555,9.351078987121582,app,49.81746292114258
celery\t\unit\utils\test_local.py,54.56886672973633,7.2520012855529785,53.82764434814453,13.039509773254395,15.594770431518555,6.610413074493408,6.883503437042236,7.398115634918213,84.0078353881836,11.995916366577148,utils,84.0078353881836
celery\t\smoke\tasks.py,44.62894821166992,19.140600204467773,95.03166961669922,11.141712188720703,4.703545570373535,1.0009334087371826,2.2412102222442627,4.150728225708008,90.8975601196289,12.093235969543457,bin,95.03166961669922
celery\celery\worker\components.py,77.44508361816406,15.964165687561035,79.45758819580078,149.23074340820312,12.678991317749023,185.0428924560547,6.573572158813477,7.398502826690674,31.422548294067383,96.49483489990234,events,185.0428924560547
celery\t\unit\events\__init__.py,4.614504337310791,0.1730874627828598,5.615421772003174,0.9597208499908447,1.174005150794983,97.43250274658203,1.000917673110962,1.000917673110962,3.613586664199829,1.174005150794983,events,97.43250274658203
celery\t\unit\app\test_control.py,91.31588745117188,24.267948150634766,101.01516723632812,21.513591766357422,76.67604064941406,111.19659423828125,6.7337775230407715,12.940049171447754,46.35798263549805,26.86967658996582,events,111.19659423828125
celery\t\unit\security\test_key.py,4.76277494430542,2.7611100673675537,5.944352149963379,3.4133541584014893,10.034969329833984,2.8875043392181396,2.8875043392181396,134.77496337890625,5.604815483093262,3.7619423866271973,security,134.77496337890625
celery\celery\bin\purge.py,69.01678466796875,13.805081367492676,150.61367797851562,6.01710319519043,12.515612602233887,5.421888828277588,3.1793532371520996,16.224197387695312,12.340713500976562,12.047074317932129,bin,150.61367797851562
celery\celery\bin\shell.py,78.87887573242188,13.107504844665527,169.57582092285156,122.71880340576172,16.739809036254883,56.9760627746582,6.843689441680908,8.807395935058594,21.71544647216797,18.46198272705078,bin,169.57582092285156
celery\t\unit\backends\test_mongodb.py,75.37278747558594,188.94561767578125,112.62505340576172,11.663697242736816,15.424304008483887,12.937644958496094,7.990527153015137,7.437333106994629,29.854747772216797,77.51716613769531,backends,188.94561767578125
celery\t\unit\backends\test_filesystem.py,77.18231201171875,86.61864471435547,50.66117858886719,8.27381420135498,13.068256378173828,13.968596458435059,7.463483810424805,13.528509140014648,32.6738166809082,14.995076179504395,backends,86.61864471435547
celery\t\unit\contrib\test_rdb.py,11.585453033447266,6.282083034515381,83.67303466796875,7.238330841064453,122.79788970947266,7.504289150238037,3.645716428756714,4.168298244476318,6.6267409324646,7.4115777015686035,contrib,122.79788970947266
celery\t\unit\test_generics.py,62.955177307128906,15.965802192687988,17.552366256713867,6.4088053703308105,9.022871971130371,4.226141929626465,3.0927209854125977,6.0149383544921875,7.6443023681640625,23.510509490966797,app,62.955177307128906
celery\celery\backends\database\session.py,5.855082988739014,85.40947723388672,84.85791015625,12.393465042114258,3.8679020404815674,2.671586275100708,2.581575393676758,2.323641300201416,10.95443058013916,28.281824111938477,backends,85.40947723388672
celery\t\unit\worker\test_control.py,95.84407043457031,64.81714630126953,101.55581665039062,25.45289421081543,74.30485534667969,170.46029663085938,6.476500511169434,15.896560668945312,31.86496925354004,119.44828033447266,events,170.46029663085938
celery\celery\contrib\sphinx.py,80.08212280273438,10.661080360412598,32.21183395385742,16.93817138671875,122.24491882324219,6.352999210357666,4.390761375427246,5.252663612365723,17.530134201049805,27.56433868408203,contrib,122.24491882324219
celery\celery\utils\__init__.py,6.787161350250244,9.563364028930664,33.7618522644043,3.783618688583374,2.662670373916626,2.753469467163086,1.5854939222335815,5.298588275909424,88.15758514404297,71.3207778930664,utils,88.15758514404297
celery\t\unit\security\test_serialization.py,51.97108459472656,5.670877933502197,23.635316848754883,5.005739688873291,11.12294864654541,4.987849235534668,3.5921123027801514,128.41416931152344,12.266046524047852,5.6522674560546875,security,128.41416931152344
celery\t\unit\backends\test_consul.py,55.75605010986328,128.12957763671875,6.325963497161865,4.0419487953186035,13.163520812988281,1.0007997751235962,1.5582284927368164,5.640550136566162,7.418612003326416,2.178436279296875,backends,128.12957763671875
celery\examples\django\proj\celery.py,69.36090850830078,12.554859161376953,87.4207992553711,11.373180389404297,11.047163009643555,3.3647820949554443,6.762348175048828,5.43320894241333,8.429207801818848,14.816570281982422,bin,87.4207992553711
celery\t\unit\tasks\test_chord.py,85.95391845703125,67.20941162109375,78.55390167236328,10.416010856628418,15.043492317199707,4.905288219451904,5.999138832092285,6.614168167114258,38.84138107299805,17.426959991455078,app,85.95391845703125
celery\examples\gevent\tasks.py,9.321951866149902,12.61834716796875,13.173338890075684,9.277576446533203,4.013329982757568,38.96128845214844,1.0008896589279175,3.7162258625030518,2.2023212909698486,11.125887870788574,events,38.96128845214844
celery\t\unit\backends\test_couchbase.py,69.90902709960938,139.09664916992188,15.770803451538086,11.555316925048828,17.102222442626953,17.132070541381836,7.056884765625,8.040605545043945,22.14671516418457,15.3563814163208,backends,139.09664916992188
celery\celery\backends\couchdb.py,6.9655561447143555,90.18487548828125,7.224127769470215,3.2997958660125732,10.336763381958008,2.836944341659546,3.7793989181518555,6.019469738006592,6.1509108543396,7.342331886291504,backends,90.18487548828125
celery\t\smoke\workers\dev.py,11.177521705627441,0.9634642004966736,101.90839385986328,3.9836349487304688,10.720410346984863,4.735230445861816,9.305685043334961,2.195056676864624,10.5407075881958,124.1075439453125,worker,124.1075439453125
celery\t\unit\contrib\test_abortable.py,66.78903198242188,11.821318626403809,8.304096221923828,6.334064960479736,105.04927825927734,1.000832438468933,1.000832438468933,3.285482168197632,6.340259075164795,10.461263656616211,contrib,105.04927825927734
celery\celery\utils\objects.py,11.250146865844727,3.8482401371002197,11.146539688110352,11.810934066772461,9.81350040435791,3.5875158309936523,3.5875158309936523,7.789323329925537,91.7547836303711,7.462069988250732,utils,91.7547836303711
celery\celery\app\task.py,99.22296142578125,76.5792465209961,107.99332427978516,26.02176284790039,17.275014877319336,128.31219482421875,7.700243949890137,17.79861068725586,31.135940551757812,95.89537048339844,events,128.31219482421875
celery\examples\stamping\visitors.py,6.553566932678223,5.515285491943359,8.199557304382324,3.972221851348877,4.272046089172363,6.667269229888916,1.8017094135284424,2.986874580383301,3.3606643676757812,7.650667190551758,bin,8.199557304382324
celery\celery\app\trace.py,83.37792205810547,66.4908676147461,44.65557098388672,19.496959686279297,11.193892478942871,31.618846893310547,3.840855836868286,42.858306884765625,23.3030948638916,101.14291381835938,worker,101.14291381835938
celery\celery\worker\strategy.py,83.56137084960938,12.266580581665039,33.030006408691406,12.965560913085938,6.529072284698486,200.19552612304688,1.0007768869400024,8.567252159118652,18.18985366821289,71.62779235839844,events,200.19552612304688
celery\celery\worker\control.py,92.74775695800781,47.67230987548828,157.79600524902344,27.013229370117188,82.63863372802734,165.5316925048828,14.24216079711914,17.458755493164062,37.16238784790039,111.71797943115234,events,165.5316925048828
celery\t\smoke\tests\quorum_queues\__init__.py,2.174530029296875,0.1726987361907959,7.559181213378906,0.0,4.395910263061523,1.0009156465530396,1.0009156465530396,1.0009156465530396,1.537955641746521,1.5228418111801147,bin,7.559181213378906
celery\t\smoke\tests\test_canvas.py,61.32661056518555,65.6417007446289,27.32415008544922,12.13317584991455,16.34346580505371,5.21316385269165,1.9107178449630737,7.119449615478516,9.23253059387207,89.8399887084961,worker,89.8399887084961
celery\t\integration\test_security.py,75.20199584960938,64.15447998046875,52.28217315673828,13.73631477355957,28.44076156616211,46.94707489013672,6.9405694007873535,225.74176025390625,24.221385955810547,84.99114990234375,security,225.74176025390625
celery\t\unit\worker\test_bootsteps.py,59.289920806884766,6.556325912475586,38.79842758178711,7.558729648590088,14.240608215332031,10.135537147521973,4.371392726898193,3.364217519760132,17.78594207763672,87.25411987304688,worker,87.25411987304688
celery\t\unit\worker\test_loops.py,88.37510681152344,16.864452362060547,69.08956146240234,21.486846923828125,23.535593032836914,147.58322143554688,7.649783611297607,17.620105743408203,41.72998046875,86.93285369873047,events,147.58322143554688
celery\celery\worker\worker.py,94.79562377929688,24.929317474365234,45.1454963684082,139.25196838378906,25.0101318359375,148.65110778808594,13.525947570800781,14.150185585021973,56.844085693359375,122.01362609863281,events,148.65110778808594
celery\celery\backends\dynamodb.py,74.46399688720703,90.46754455566406,45.31950759887695,8.855135917663574,12.309606552124023,15.491631507873535,12.725160598754883,20.096590042114258,52.66496658325195,15.788538932800293,backends,90.46754455566406
celery\celery\utils\graph.py,67.80558013916016,14.438841819763184,88.23478698730469,11.783052444458008,9.462885856628418,13.217589378356934,9.159104347229004,6.466729640960693,87.02953338623047,20.901880264282227,bin,88.23478698730469
celery\celery\backends\database\models.py,12.354159355163574,97.85928344726562,20.05975914001465,13.184046745300293,7.474607944488525,15.657026290893555,2.5105061531066895,8.442913055419922,10.240702629089355,81.88206481933594,backends,97.85928344726562
celery\t\smoke\tests\test_thread_safe.py,73.1458740234375,5.603735446929932,20.453739166259766,17.78466033935547,12.527188301086426,9.458312034606934,1.0011439323425293,4.0527215003967285,12.248688697814941,105.1106185913086,worker,105.1106185913086
celery\t\smoke\tests\stamping\__init__.py,2.1747262477874756,0.17289286851882935,3.874882936477661,0.0,4.39747953414917,1.0009167194366455,1.0009167194366455,1.0009167194366455,1.538560390472412,1.5234295129776,contrib,4.39747953414917
celery\t\unit\contrib\django\test_task.py,54.59950637817383,13.839963912963867,13.2999849319458,11.797635078430176,110.50482940673828,3.543354034423828,7.589503288269043,5.922759532928467,11.976412773132324,12.596378326416016,contrib,110.50482940673828
celery\t\smoke\tests\test_worker.py,71.8788833618164,42.85213851928711,32.52885055541992,74.69998931884766,24.311744689941406,12.77485179901123,6.0142645835876465,15.190999984741211,16.046213150024414,113.63629150390625,worker,113.63629150390625
celery\celery\concurrency\asynpool.py,79.9615707397461,26.510717391967773,116.6727294921875,79.23527526855469,17.423294067382812,145.236572265625,10.944696426391602,15.588659286499023,55.69383239746094,126.24567413330078,events,145.236572265625
celery\t\unit\bin\test_beat.py,64.52708435058594,8.571627616882324,120.18927001953125,2.202951431274414,8.800776481628418,1.0011155605316162,4.685355186462402,1.7590001821517944,8.510690689086914,2.842135190963745,bin,120.18927001953125
celery\celery\events\dispatcher.py,73.10044860839844,7.757310390472412,62.22353744506836,10.923894882202148,4.85312557220459,164.55953979492188,3.4291388988494873,8.032770156860352,14.694190979003906,6.88375186920166,events,164.55953979492188
celery\t\unit\backends\test_cassandra.py,79.4048080444336,93.42670440673828,33.76626205444336,25.125051498413086,23.397132873535156,22.206951141357422,8.500420570373535,22.787338256835938,26.614849090576172,23.23554039001465,backends,93.42670440673828
celery\t\smoke\tests\failover\__init__.py,2.1747262477874756,0.17289286851882935,3.874882936477661,0.0,4.39747953414917,1.0009167194366455,1.0009167194366455,1.0009167194366455,1.538560390472412,1.5234295129776,contrib,4.39747953414917
celery\t\smoke\tests\__init__.py,2.1749229431152344,0.1730874627828598,3.8758676052093506,0.0,4.399052143096924,1.000917673110962,1.000917673110962,1.000917673110962,1.5391665697097778,1.52401864528656,contrib,4.399052143096924
celery\t\unit\conftest.py,100.39793395996094,81.17943572998047,187.04466247558594,29.84620475769043,28.018722534179688,21.603260040283203,12.736237525939941,19.053537368774414,43.25745391845703,122.16352081298828,bin,187.04466247558594
celery\celery\utils\collections.py,62.02939224243164,13.527220726013184,104.72752380371094,8.07509994506836,11.386322021484375,7.1667938232421875,7.760074615478516,9.181702613830566,72.07223510742188,12.013134956359863,bin,104.72752380371094
celery\examples\eventlet\webcrawler.py,46.66606521606445,10.141664505004883,8.441073417663574,9.015166282653809,2.720608949661255,5.96771240234375,1.000832438468933,3.208974599838257,40.904266357421875,8.49748420715332,app,46.66606521606445
celery\t\unit\app\test_log.py,85.28511047363281,14.058194160461426,41.92777633666992,22.405391693115234,21.004690170288086,23.45429801940918,11.944610595703125,15.35258674621582,127.64815521240234,74.69192504882812,utils,127.64815521240234
celery\celery\exceptions.py,10.29810905456543,52.1188850402832,14.0956449508667,8.182199478149414,4.395430088043213,7.922321319580078,1.0008925199508667,46.76609802246094,7.068756103515625,50.77448654174805,backends,52.1188850402832
celery\t\integration\test_backend.py,58.825347900390625,52.07097625732422,8.528067588806152,4.2115960121154785,12.550436973571777,7.87711763381958,8.175909042358398,4.83506441116333,5.070640563964844,6.133328914642334,app,58.825347900390625
celery\t\unit\utils\test_iso8601.py,5.03473424911499,3.855165481567383,4.887452125549316,0.7119640111923218,7.3282365798950195,2.183656692504883,3.3220694065093994,3.678051471710205,78.79206085205078,7.714790344238281,utils,78.79206085205078
celery\t\unit\app\test_celery.py,54.133567810058594,1.5477402210235596,6.555848598480225,1.2451471090316772,7.060247421264648,1.001141905784607,1.001141905784607,1.6237155199050903,3.6134700775146484,2.246289014816284,app,54.133567810058594
celery\examples\celery_http_gateway\urls.py,46.92510223388672,4.155475616455078,8.646232604980469,3.4557251930236816,2.7209320068359375,4.728893756866455,1.8251259326934814,2.7290077209472656,26.481874465942383,6.190377712249756,app,46.92510223388672
celery\celery\worker\pidbox.py,65.87863159179688,8.853342056274414,32.97970962524414,12.390495300292969,54.83247375488281,142.29205322265625,1.6809444427490234,6.694744110107422,14.037857055664062,70.5569839477539,events,142.29205322265625
celery\celery\app\defaults.py,79.2286148071289,87.77918243408203,69.21873474121094,83.84809112548828,51.685970306396484,140.9287567138672,7.951241493225098,133.17510986328125,26.78787612915039,97.99121856689453,events,140.9287567138672
celery\t\smoke\tests\test_signals.py,70.48786163330078,41.64142990112305,18.20815086364746,5.317030429840088,64.484375,9.406166076660156,1.001135230064392,3.311404228210449,7.8461456298828125,84.91062927246094,worker,84.91062927246094
celery\celery\worker\heartbeat.py,13.088189125061035,3.9990458488464355,16.014970779418945,5.0136942863464355,3.62778639793396,110.56494140625,2.847018003463745,2.1620335578918457,11.541969299316406,81.85523223876953,events,110.56494140625
celery\celery\app\control.py,91.52885437011719,24.68195343017578,86.51766967773438,23.953983306884766,71.07512664794922,105.71598815917969,5.471288681030273,10.252364158630371,24.75991439819336,28.307132720947266,events,105.71598815917969
celery\examples\periodic-tasks\myapp.py,74.94998931884766,6.094015598297119,17.607135772705078,4.26038932800293,6.533877849578857,6.042040824890137,2.600682258605957,3.1317391395568848,7.209928512573242,27.29430389404297,app,74.94998931884766
celery\t\unit\apps\__init__.py,48.147090911865234,0.1730874627828598,3.1758406162261963,0.0,1.174005150794983,1.000917673110962,1.000917673110962,1.000917673110962,2.4874956607818604,1.174005150794983,app,48.147090911865234
celery\celery\backends\base.py,99.3189926147461,153.28536987304688,74.75279998779297,26.632570266723633,26.469465255737305,30.946226119995117,14.880598068237305,64.84416961669922,35.10245132446289,86.10794067382812,backends,153.28536987304688
celery\t\unit\concurrency\__init__.py,2.1749229431152344,0.1730874627828598,3.1758406162261963,103.69924926757812,1.174005150794983,1.000917673110962,1.000917673110962,1.000917673110962,1.174005150794983,1.174005150794983,concurrency,103.69924926757812
celery\t\smoke\__init__.py,2.1751198768615723,0.1732824742794037,3.1760387420654297,0.0,1.174201250076294,1.0009187459945679,1.0009187459945679,1.0009187459945679,1.174201250076294,1.174201250076294,bin,3.1760387420654297
celery\t\smoke\workers\__init__.py,2.1749229431152344,0.1730874627828598,8.794266700744629,0.0,1.174005150794983,2.6463043689727783,1.000917673110962,1.000917673110962,2.8193917274475098,63.69869613647461,worker,63.69869613647461
celery\celery\worker\autoscale.py,12.08106803894043,6.865896701812744,67.7391357421875,135.4944610595703,3.613957166671753,47.656707763671875,1.000869631767273,7.501579284667969,6.827996730804443,86.02373504638672,concurrency,135.4944610595703
celery\celery\concurrency\solo.py,47.131229400634766,3.7253715991973877,13.667542457580566,116.90251922607422,3.940646171569824,3.429051160812378,1.6903362274169922,3.1076574325561523,6.887279033660889,72.3539810180664,concurrency,116.90251922607422
celery\celery\backends\rpc.py,92.88180541992188,150.78167724609375,82.80492401123047,23.0494384765625,19.77914047241211,102.77042388916016,3.5346450805664062,18.778114318847656,20.18795394897461,23.57707405090332,backends,150.78167724609375
celery\celery\loaders\default.py,13.5288724899292,4.769662857055664,10.653908729553223,9.535293579101562,7.238758087158203,5.250826835632324,8.766169548034668,7.46059513092041,17.859216690063477,26.776443481445312,worker,26.776443481445312
celery\t\unit\concurrency\test_thread.py,55.87388229370117,10.799762725830078,13.379014015197754,103.49201965332031,9.340126991271973,59.23934555053711,3.738945960998535,3.0008230209350586,13.231183052062988,8.862322807312012,concurrency,103.49201965332031
celery\t\smoke\operations\worker_kill.py,56.153690338134766,0.2890893220901489,12.260880470275879,0.0,59.383087158203125,13.674727439880371,4.562649250030518,1.000846266746521,5.718747138977051,105.51773834228516,worker,105.51773834228516
celery\celery\utils\threads.py,48.00444030761719,7.2353196144104,13.672250747680664,10.805672645568848,5.205117702484131,56.95368194580078,3.486170768737793,3.3767731189727783,85.363037109375,8.848666191101074,utils,85.363037109375
celery\t\unit\contrib\test_sphinx.py,69.53779602050781,7.408862590789795,35.624061584472656,18.096227645874023,112.67229461669922,5.54318904876709,6.289083003997803,6.714829444885254,17.100435256958008,13.200493812561035,contrib,112.67229461669922
celery\celery\utils\time.py,31.170082092285156,19.189664840698242,56.61763381958008,11.117755889892578,8.500677108764648,12.51408863067627,9.580448150634766,8.80553150177002,107.79759979248047,13.750028610229492,utils,107.79759979248047
celery\examples\resultgraph\tasks.py,56.159690856933594,60.7142219543457,19.572202682495117,7.627678394317627,11.475435256958008,2.508042335510254,1.0007754564285278,6.492561340332031,37.355918884277344,13.88974380493164,backends,60.7142219543457
celery\celery\backends\azureblockblob.py,53.10374450683594,106.66011810302734,7.456247329711914,1.6263322830200195,4.342135429382324,1.000869631767273,3.173565626144409,4.147642135620117,6.922642707824707,4.547073841094971,backends,106.66011810302734
celery\examples\stamping\config.py,53.349937438964844,46.29572677612305,5.191177845001221,0.0,2.7703053951263428,1.5138821601867676,1.0010359287261963,1.0010359287261963,3.920712471008301,20.489192962646484,app,53.349937438964844
celery\celery\utils\static\__init__.py,6.385058403015137,0.16965071856975555,7.5334625244140625,1.7707641124725342,2.5693016052246094,5.753252983093262,4.478085994720459,2.399650812149048,88.78827667236328,3.1961445808410645,utils,88.78827667236328
celery\celery\contrib\testing\app.py,84.32218170166016,62.02351379394531,17.021257400512695,2.003584146499634,97.14571380615234,9.86154842376709,1.0010722875595093,1.3480346202850342,33.92148971557617,100.68302154541016,worker,100.68302154541016
celery\examples\next-steps\setup.py,42.09526443481445,7.530385971069336,57.36896514892578,10.44882869720459,15.240483283996582,7.4223456382751465,4.419891834259033,3.1787092685699463,8.596342086791992,13.830686569213867,bin,57.36896514892578
celery\examples\django\proj\__init__.py,53.5960693359375,0.4854852855205536,3.175814628601074,0.667595386505127,4.221500396728516,1.001038670539856,4.048801422119141,1.001038670539856,2.6429171562194824,1.1737374067306519,app,53.5960693359375
celery\examples\next-steps\proj\__init__.py,2.1747262477874756,0.17289286851882935,3.540393590927124,0.6683458685874939,1.75650954246521,1.0009167194366455,1.0009167194366455,1.0009167194366455,1.7209358215332031,1.17380952835083,bin,3.540393590927124
celery\t\integration\test_loader.py,75.77973175048828,8.378092765808105,17.22289276123047,15.681171417236328,19.27082061767578,3.715801239013672,6.423679828643799,6.686069488525391,16.09712028503418,19.8195858001709,app,75.77973175048828
celery\t\unit\backends\test_couchdb.py,78.2912368774414,153.42135620117188,22.507057189941406,14.589714050292969,16.516592025756836,24.854572296142578,8.492563247680664,7.280521869659424,21.442398071289062,22.834049224853516,backends,153.42135620117188
celery\t\unit\app\test_registry.py,74.00647735595703,14.348817825317383,35.89142608642578,12.705436706542969,14.483877182006836,3.179391860961914,3.179391860961914,6.414179801940918,13.664200782775879,15.48742389678955,app,74.00647735595703
celery\t\unit\utils\test_objects.py,4.984551906585693,0.8958882689476013,26.97159194946289,1.764111042022705,5.013650894165039,1.000901460647583,1.000901460647583,1.3443467617034912,86.76640319824219,1.896789789199829,utils,86.76640319824219
celery\examples\stamping\examples.py,40.478546142578125,3.4769701957702637,8.058255195617676,4.863457202911377,2.2931363582611084,6.152755260467529,1.000787377357483,2.7392725944519043,2.621182680130005,5.80061674118042,app,40.478546142578125
celery\examples\next-steps\proj\celery.py,65.01372528076172,51.38045883178711,13.65158462524414,3.640944719314575,5.358173847198486,2.7550177574157715,2.6283466815948486,2.4284934997558594,7.4813008308410645,25.678075790405273,app,65.01372528076172
celery\celery\backends\consul.py,13.449355125427246,81.40645599365234,10.646184921264648,7.284040927886963,7.949621677398682,2.034714460372925,8.950798988342285,6.877162456512451,4.29633092880249,5.9741668701171875,backends,81.40645599365234
celery\celery\backends\filesystem.py,66.50623321533203,120.84563446044922,36.82403564453125,6.9283013343811035,12.321328163146973,7.456897735595703,6.631628036499023,8.023900985717773,17.22888946533203,9.722037315368652,backends,120.84563446044922
celery\celery\utils\nodenames.py,6.7774481773376465,8.124035835266113,31.84966468811035,0.7070935368537903,4.381557941436768,2.918972969055176,1.0009949207305908,6.347182750701904,84.48351287841797,75.45601654052734,utils,84.48351287841797
celery\celery\bootsteps.py,63.58141326904297,11.211067199707031,75.51248931884766,14.13991928100586,9.499502182006836,49.65288162231445,5.900190830230713,4.9224772453308105,22.865224838256836,94.12223052978516,worker,94.12223052978516
celery\t\smoke\tests\stamping\test_revoke.py,64.08946990966797,46.498043060302734,19.344322204589844,3.656740188598633,52.8839111328125,9.312283515930176,1.0011428594589233,2.8295130729675293,10.25005054473877,86.38813018798828,worker,86.38813018798828
celery\celery\contrib\testing\tasks.py,7.319441795349121,4.02578592300415,10.860243797302246,4.6896538734436035,103.8755874633789,1.0010849237442017,1.0010849237442017,3.0139780044555664,4.031493186950684,8.331250190734863,contrib,103.8755874633789
celery\t\unit\utils\test_timer2.py,13.219033241271973,6.115324974060059,19.225358963012695,7.240602493286133,6.5875444412231445,58.106624603271484,3.742112398147583,2.5481925010681152,97.0111083984375,5.56133508682251,utils,97.0111083984375
celery\t\unit\worker\test_autoscale.py,70.50255584716797,17.2708797454834,73.6543960571289,135.00636291503906,14.071409225463867,65.33543395996094,3.7440719604492188,14.268978118896484,18.421632766723633,99.57652282714844,concurrency,135.00636291503906
celery\celery\events\dumper.py,71.71528625488281,7.162909507751465,24.232070922851562,9.093456268310547,7.340043067932129,166.1715850830078,6.2741923332214355,5.957883834838867,19.665834426879883,82.13941955566406,events,166.1715850830078
celery\celery\utils\timer2.py,58.308013916015625,7.167659282684326,21.48348045349121,10.873252868652344,6.475641250610352,53.438941955566406,3.0503525733947754,3.6375813484191895,86.8373031616211,9.140644073486328,utils,86.8373031616211
celery\celery\bin\__init__.py,2.175363779067993,0.1732824742794037,99.4734115600586,0.0,1.1743230819702148,1.0010405778884888,1.0010405778884888,1.0010405778884888,1.5325024127960205,1.1743230819702148,bin,99.4734115600586
celery\t\unit\security\case.py,3.0497307777404785,2.430075168609619,3.2924561500549316,0.5794430375099182,3.7742433547973633,1.0009115934371948,1.0009115934371948,127.71402740478516,1.0009115934371948,2.0488193035125732,security,127.71402740478516
celery\t\smoke\tests\stamping\conftest.py,11.251252174377441,3.6358509063720703,16.473115921020508,3.0534908771514893,10.774528503417969,7.029117584228516,1.0011048316955566,2.527850389480591,4.2545881271362305,99.68684387207031,worker,99.68684387207031
celery\t\smoke\tests\stamping\test_visitor.py,12.431473731994629,12.02773666381836,15.105181694030762,4.421955108642578,9.223677635192871,4.582075119018555,1.0008125305175781,5.083844184875488,6.390511512756348,81.18004608154297,worker,81.18004608154297
celery\celery\worker\consumer\control.py,59.41150665283203,6.487321376800537,40.19418716430664,9.817919731140137,66.56572723388672,5.808050632476807,1.7029132843017578,5.100606918334961,5.15314245223999,86.20578002929688,worker,86.20578002929688
celery\examples\pydantic\tasks.py,71.34275817871094,6.077957630157471,12.061997413635254,4.105269432067871,5.558778285980225,1.5015580654144287,1.0010217428207397,3.0536563396453857,3.528433322906494,26.368087768554688,app,71.34275817871094
celery\celery\concurrency\__init__.py,6.820895195007324,8.918686866760254,13.908252716064453,147.07321166992188,1.6503615379333496,49.59952163696289,1.001150131225586,3.957780361175537,8.354606628417969,73.63530731201172,concurrency,147.07321166992188
celery\t\unit\app\test_loaders.py,91.60143280029297,117.05956268310547,80.06597900390625,24.676658630371094,25.465944290161133,8.033023834228516,12.555355072021484,13.851536750793457,36.788978576660156,105.73821258544922,backends,117.05956268310547
celery\celery\worker\consumer\agent.py,53.55352020263672,0.4952639043331146,8.633811950683594,0.0,2.2228336334228516,7.208084583282471,1.001019835472107,1.001019835472107,4.508360385894775,75.33319854736328,worker,75.33319854736328
celery\t\unit\bin\test_worker.py,82.2745132446289,23.33909797668457,138.07247924804688,98.96131134033203,14.314990997314453,8.941978454589844,9.410820007324219,6.746297836303711,10.539741516113281,97.0738296508789,bin,138.07247924804688
celery\celery\contrib\rdb.py,19.113605499267578,5.483344078063965,81.67670440673828,6.281416893005371,91.9530029296875,15.324414253234863,4.343052387237549,3.2620434761047363,6.711822509765625,11.474250793457031,contrib,91.9530029296875
celery\t\unit\utils\test_saferepr.py,10.677587509155273,17.199352264404297,76.71240234375,3.630180835723877,10.979436874389648,2.7873048782348633,2.0097687244415283,5.363261699676514,74.02932739257812,4.885052680969238,bin,76.71240234375
celery\t\unit\app\test_routes.py,84.31767272949219,11.426799774169922,68.9134292602539,9.296303749084473,13.279768943786621,1.0010346174240112,1.2633363008499146,7.048610687255859,7.782116889953613,10.506185531616211,app,84.31767272949219
celery\celery\app\registry.py,78.9048080444336,11.10669231414795,19.033933639526367,16.44134521484375,10.61428165435791,5.847860813140869,13.354083061218262,7.702662467956543,12.529196739196777,18.10193634033203,app,78.9048080444336
celery\t\smoke\operations\worker_restart.py,55.4718017578125,0.29029443860054016,11.891955375671387,6.629799842834473,46.42701721191406,13.350259780883789,3.8198130130767822,1.0008498430252075,5.0207366943359375,107.3369140625,worker,107.3369140625
celery\t\unit\bin\proj\app.py,58.969032287597656,0.8564857244491577,102.58031463623047,3.83079195022583,6.65435266494751,2.7651760578155518,2.974313497543335,1.0010319948196411,4.913055896759033,68.03850555419922,bin,102.58031463623047
celery\t\unit\tasks\test_canvas.py,93.74755859375,55.22084045410156,141.2704620361328,12.495636940002441,32.165283203125,15.199700355529785,9.319085121154785,10.438004493713379,35.245819091796875,25.43548011779785,bin,141.2704620361328
celery\t\smoke\workers\latest.py,61.61927032470703,0.6980013847351074,29.866323471069336,0.3443380296230316,10.736512184143066,4.1245808601379395,8.725171089172363,1.5778157711029053,8.861945152282715,122.468017578125,worker,122.468017578125
celery\celery\__init__.py,82.39231872558594,15.789336204528809,49.93602752685547,138.76388549804688,9.195818901062012,56.372100830078125,7.4893317222595215,7.542257308959961,95.22669219970703,18.967144012451172,concurrency,138.76388549804688
celery\celery\concurrency\prefork.py,81.96458435058594,15.931024551391602,30.888620376586914,125.91233825683594,11.220474243164062,78.09133911132812,8.320541381835938,11.584747314453125,27.06747817993164,105.67620086669922,concurrency,125.91233825683594
celery\celery\utils\quorum_queues.py,61.34181594848633,1.869277834892273,10.781856536865234,2.2555360794067383,2.8600220680236816,1.5736873149871826,1.0010179281234741,1.0010179281234741,87.49150085449219,22.7624568939209,utils,87.49150085449219
celery\celery\concurrency\thread.py,55.14118194580078,7.80025577545166,14.221091270446777,123.14119720458984,1.956980586051941,3.5283358097076416,1.5654323101043701,3.4108290672302246,11.170260429382324,67.63727569580078,concurrency,123.14119720458984
celery\celery\bin\beat.py,68.23887634277344,10.537752151489258,143.7342071533203,1.9340271949768066,16.18651580810547,4.078298568725586,8.40317440032959,2.638291835784912,15.197815895080566,24.679290771484375,bin,143.7342071533203
celery\examples\stamping\myapp.py,57.20502853393555,6.166478633880615,11.458191871643066,3.6466739177703857,2.1254632472991943,4.475210189819336,2.5863075256347656,4.610373497009277,6.699790000915527,7.985588073730469,app,57.20502853393555
celery\t\unit\bin\celery.py,2.002079963684082,0.0,99.23114013671875,0.0,1.001039981842041,1.001039981842041,1.001039981842041,1.001039981842041,1.358816146850586,1.001039981842041,bin,99.23114013671875
celery\celery\security\serialization.py,48.749752044677734,6.714466094970703,9.303938865661621,7.213748455047607,6.234230041503906,7.143733978271484,4.641470432281494,160.97860717773438,13.577285766601562,7.840879917144775,security,160.97860717773438
celery\celery\apps\beat.py,82.83365631103516,4.75515604019165,18.435482025146484,6.1802144050598145,4.009440898895264,7.325314521789551,5.831450939178467,5.688140869140625,20.207408905029297,75.7173843383789,app,82.83365631103516
celery\t\unit\events\test_events.py,94.27167510986328,20.976503372192383,64.95967102050781,13.998425483703613,14.087894439697266,262.9074401855469,3.7669405937194824,13.46576976776123,30.192968368530273,79.1297378540039,events,262.9074401855469
celery\celery\utils\serialization.py,57.46030807495117,9.464499473571777,33.35837936401367,16.583568572998047,10.280232429504395,10.25179386138916,9.126174926757812,17.38616180419922,93.71049499511719,13.41776180267334,utils,93.71049499511719
celery\celery\utils\abstract.py,68.49907684326172,4.7934417724609375,8.812958717346191,3.5874733924865723,4.766793727874756,1.0009552240371704,1.9161936044692993,2.9004404544830322,85.45594787597656,6.370048522949219,utils,85.45594787597656
celery\t\smoke\tests\quorum_queues\test_quorum_queues.py,64.99048614501953,9.33459758758545,20.219362258911133,1.3120242357254028,10.631644248962402,6.554281711578369,4.729483127593994,1.7570745944976807,8.366907119750977,106.37763214111328,worker,106.37763214111328
celery\celery\backends\mongodb.py,67.94527435302734,134.72100830078125,97.26545715332031,15.099483489990234,12.528120994567871,16.629358291625977,4.7032151222229,6.373032093048096,12.937634468078613,79.58743286132812,backends,134.72100830078125
celery\celery\worker\consumer\delayed_delivery.py,73.19873809814453,15.895241737365723,112.71125030517578,8.53299331665039,10.373536109924316,8.341647148132324,8.054134368896484,7.009194374084473,45.33213424682617,96.09910583496094,bin,112.71125030517578
celery\t\unit\fixups\test_django.py,104.20941162109375,43.92182922363281,45.48683166503906,121.63131713867188,90.48243713378906,13.51308536529541,274.30322265625,13.430668830871582,85.85035705566406,111.18750762939453,fixups,274.30322265625
celery\t\unit\__init__.py,2.1751198768615723,0.1732824742794037,3.1760387420654297,0.0,1.174201250076294,1.0009187459945679,1.0009187459945679,1.0009187459945679,1.174201250076294,1.174201250076294,bin,3.1760387420654297
celery\celery\bin\logtool.py,20.99374008178711,19.21714210510254,123.47066497802734,8.21784782409668,9.051420211791992,13.497746467590332,9.03248405456543,6.797901630401611,13.147886276245117,12.62698745727539,bin,123.47066497802734
celery\t\smoke\tests\failover\test_broker_failover.py,50.872982025146484,12.438974380493164,16.5815486907959,1.4934637546539307,13.48287296295166,7.55665397644043,9.036478042602539,1.7504273653030396,12.061800003051758,103.75104522705078,worker,103.75104522705078
celery\t\unit\backends\test_asynchronous.py,74.91948699951172,146.59974670410156,42.63222122192383,18.61802101135254,16.230138778686523,183.28591918945312,9.955028533935547,6.726378440856934,91.36502838134766,32.30146789550781,events,183.28591918945312
celery\t\unit\app\test_preload_cli.py,62.03680419921875,11.264293670654297,174.00506591796875,3.6452765464782715,10.857488632202148,2.3515307903289795,1.0010954141616821,2.310826063156128,6.049169540405273,5.209609031677246,bin,174.00506591796875
celery\t\unit\bin\proj\scheduler.py,3.3262455463409424,1.4307531118392944,99.17819213867188,4.222761154174805,1.0009125471115112,1.0009125471115112,1.0009125471115112,2.0352871417999268,1.599016547203064,3.069661855697632,bin,99.17819213867188
celery\t\unit\app\test_app.py,141.1888885498047,115.44369506835938,172.93914794921875,41.03297805786133,40.57114028930664,49.51651382446289,144.63136291503906,113.49226379394531,106.65642547607422,145.08331298828125,bin,172.93914794921875
celery\t\skip.py,2.654120683670044,2.727682113647461,5.411600112915039,3.103524923324585,8.372289657592773,1.3791879415512085,1.0008964538574219,4.156907558441162,1.9793035984039307,16.02829933166504,worker,16.02829933166504
celery\celery\events\state.py,71.64668273925781,25.826467514038086,67.47879791259766,20.053707122802734,17.088306427001953,182.50933837890625,8.719159126281738,12.284635543823242,24.437402725219727,135.40524291992188,events,182.50933837890625
celery\celery\app\routes.py,59.906455993652344,5.77609920501709,14.271303176879883,3.8037643432617188,4.452765941619873,1.0008925199508667,1.0008925199508667,2.7300801277160645,3.7332355976104736,5.539681911468506,app,59.906455993652344
celery\celery\backends\database\__init__.py,71.26158142089844,136.48550415039062,37.29754638671875,7.945104598999023,10.224149703979492,17.615428924560547,4.2809319496154785,5.354831218719482,16.26955795288086,20.746809005737305,backends,136.48550415039062
celery\celery\events\cursesmon.py,88.10234069824219,22.603178024291992,169.09556579589844,15.245591163635254,62.3729248046875,138.6066131591797,9.441319465637207,8.865796089172363,28.029142379760742,152.8848419189453,bin,169.09556579589844
celery\t\unit\backends\test_gcs.py,85.36988830566406,154.87228393554688,38.364566802978516,11.575950622558594,16.29766082763672,13.330584526062012,7.742015838623047,9.309308052062988,19.239952087402344,25.56119155883789,backends,154.87228393554688
celery\t\unit\worker\test_heartbeat.py,45.55666732788086,7.805463790893555,39.86039352416992,5.606889247894287,9.256693840026855,63.36072540283203,4.036015033721924,8.329689025878906,14.048036575317383,81.71529388427734,worker,81.71529388427734
celery\examples\eventlet\tasks.py,7.1450629234313965,8.895718574523926,11.771500587463379,7.369558334350586,4.401791095733643,5.000888824462891,1.000888705253601,2.9894955158233643,6.724722862243652,9.213349342346191,bin,11.771500587463379
celery\t\__init__.py,2.1753175258636475,0.1734779328107834,3.1762373447418213,0.0,1.1743977069854736,1.0009198188781738,1.0009198188781738,1.0009198188781738,1.1743977069854736,1.1743977069854736,bin,3.1762373447418213
celery\celery\utils\sysinfo.py,4.187656879425049,11.775476455688477,5.941607475280762,0.0,1.7408623695373535,4.413323402404785,1.0009828805923462,1.0009828805923462,82.43340301513672,2.3338804244995117,utils,82.43340301513672
celery\celery\__main__.py,2.0020639896392822,0.5547391176223755,5.334214687347412,102.82379150390625,1.0010319948196411,1.0010319948196411,2.2736849784851074,1.3818386793136597,4.598451137542725,1.0010319948196411,concurrency,102.82379150390625
celery\celery\bin\upgrade.py,56.529945373535156,4.037032604217529,139.10247802734375,8.869552612304688,13.226301193237305,13.951079368591309,19.457460403442383,9.211545944213867,19.361167907714844,7.1723432540893555,bin,139.10247802734375
celery\celery\security\utils.py,2.0020344257354736,2.5835185050964355,4.0030517578125,0.0,1.0010172128677368,1.0010172128677368,1.0010172128677368,135.52976989746094,85.17000579833984,1.0010172128677368,security,135.52976989746094
celery\t\unit\utils\test_platforms.py,80.42184448242188,13.624232292175293,83.17325592041016,18.83124351501465,24.750091552734375,19.48537254333496,12.203702926635742,57.78919982910156,105.69882202148438,49.86735916137695,utils,105.69882202148438
celery\t\smoke\tests\test_tasks.py,78.59705352783203,18.05355453491211,27.680988311767578,95.25653076171875,15.950782775878906,11.23562240600586,5.004271984100342,7.838136196136475,19.77505111694336,90.04576873779297,concurrency,95.25653076171875
celery\celery\contrib\pytest.py,80.92025756835938,12.165287017822266,24.734102249145508,21.070510864257812,98.52311706542969,7.321286678314209,7.569121837615967,6.638757705688477,19.938600540161133,113.50416564941406,worker,113.50416564941406
celery\t\unit\utils\test_functional.py,56.36252975463867,8.48178768157959,119.84040832519531,7.092648983001709,13.692302703857422,4.994772911071777,6.3403143882751465,4.619912624359131,68.32709503173828,7.102565765380859,bin,119.84040832519531
celery\t\smoke\tests\quorum_queues\test_native_delayed_delivery_binding.py,77.5553207397461,4.385711669921875,54.97830581665039,3.827430009841919,12.37518310546875,8.270158767700195,1.7238802909851074,5.825305938720703,6.528280735015869,108.56214141845703,worker,108.56214141845703
celery\t\smoke\tests\test_dedup_chain_dispatch.py,71.98614501953125,14.248157501220703,25.12222671508789,5.270082950592041,12.551018714904785,5.8231892585754395,1.6212353706359863,3.9462292194366455,9.067312240600586,85.74595642089844,worker,85.74595642089844
celery\celery\contrib\testing\__init__.py,3.476827621459961,0.1730874627828598,3.1762073040008545,0.0,101.95548248291016,1.001039981842041,1.001039981842041,1.001039981842041,1.174127459526062,2.47578763961792,contrib,101.95548248291016
celery\t\smoke\tests\quorum_queues\conftest.py,64.96279907226562,4.205783843994141,106.1144027709961,7.493648052215576,15.238035202026367,8.827322959899902,8.506786346435547,5.674396991729736,12.308732032775879,149.59170532226562,worker,149.59170532226562
celery\t\unit\concurrency\test_solo.py,51.06306076049805,2.9253921508789062,15.414069175720215,106.51728057861328,5.715537071228027,4.4615912437438965,1.7619686126708984,2.3586807250976562,5.139247417449951,78.35091400146484,concurrency,106.51728057861328
celery\examples\django\demoapp\views.py,2.001835346221924,0.0,3.0027530193328857,0.0,4.053289890289307,1.000917673110962,4.053289890289307,1.000917673110962,1.000917673110962,1.000917673110962,fixups,4.053289890289307
celery\examples\celery_http_gateway\tasks.py,6.027856349945068,4.02578592300415,9.555869102478027,4.02578592300415,3.592724323272705,1.0010353326797485,1.0010353326797485,3.0139284133911133,1.0010353326797485,7.039714336395264,bin,9.555869102478027
celery\celery\security\key.py,4.391080856323242,47.98916244506836,7.2236809730529785,4.640676498413086,8.657354354858398,2.9072299003601074,2.9072299003601074,142.48764038085938,10.046308517456055,3.3900833129882812,security,142.48764038085938
celery\t\smoke\tests\quorum_queues\test_native_delayed_delivery.py,101.93334197998047,26.356725692749023,37.901031494140625,37.146331787109375,22.71734619140625,12.12498950958252,8.412358283996582,12.50914192199707,14.260345458984375,116.75263977050781,worker,116.75263977050781
celery\celery\utils\term.py,27.219287872314453,10.449283599853516,28.58205223083496,12.89380168914795,12.957420349121094,5.048974514007568,6.910218715667725,7.196555137634277,82.14761352539062,5.928084373474121,utils,82.14761352539062
celery\celery\events\event.py,9.756272315979004,5.531024932861328,8.88410472869873,3.509472131729126,3.4833531379699707,155.30819702148438,2.8145864009857178,4.844473838806152,9.88830280303955,3.4833531379699707,events,155.30819702148438
celery\examples\django\demoapp\__init__.py,2.1749229431152344,0.1730874627828598,3.1758406162261963,0.0,4.226377010345459,1.000917673110962,4.053289890289307,1.000917673110962,1.174005150794983,1.174005150794983,contrib,4.226377010345459
celery\celery\concurrency\eventlet.py,64.35281372070312,11.60372543334961,22.18414306640625,122.68128967285156,8.158588409423828,11.488313674926758,6.045430660247803,8.012788772583008,20.955167770385742,13.678394317626953,concurrency,122.68128967285156
celery\celery\backends\cosmosdbsql.py,53.92989730834961,117.36135864257812,12.081348419189453,2.713646411895752,4.171825885772705,4.3952836990356445,2.4126944541931152,4.0005974769592285,9.708503723144531,4.462402820587158,backends,117.36135864257812
celery\t\unit\concurrency\test_eventlet.py,68.17918395996094,16.248817443847656,23.718177795410156,137.6239776611328,14.221968650817871,9.438495635986328,6.605900764465332,8.884249687194824,20.72740364074707,15.221108436584473,concurrency,137.6239776611328
celery\extra\release\attribution.py,6.702134609222412,0.0,32.55770492553711,0.0,1.5619657039642334,1.0008533000946045,4.352224349975586,1.0008533000946045,6.052402019500732,1.0008533000946045,bin,32.55770492553711
celery\celery\bin\multi.py,29.836071014404297,11.418914794921875,159.23391723632812,9.948400497436523,11.999119758605957,18.485885620117188,10.694307327270508,5.363901615142822,53.28528594970703,11.483391761779785,bin,159.23391723632812
celery\examples\eventlet\bulk_task_producer.py,67.9322280883789,11.628920555114746,9.375716209411621,8.031668663024902,3.4320175647735596,47.83252716064453,1.7091655731201172,2.7016403675079346,6.101144313812256,5.4578962326049805,app,67.9322280883789
celery\t\unit\utils\test_graph.py,57.700233459472656,5.081492900848389,8.234000205993652,1.6074638366699219,5.857059955596924,1.5660059452056885,1.000787377357483,2.372610092163086,88.84815216064453,24.15166473388672,utils,88.84815216064453
celery\celery\bin\migrate.py,15.572914123535156,9.694252014160156,129.01760864257812,6.991854667663574,19.865285873413086,10.848161697387695,3.881030321121216,12.286240577697754,34.82326126098633,29.638648986816406,bin,129.01760864257812
celery\celery\worker\consumer\mingle.py,70.75531005859375,8.928754806518555,20.536352157592773,9.381806373596191,40.75011444091797,144.97610473632812,2.955181837081909,7.25395393371582,14.090328216552734,74.57884216308594,events,144.97610473632812
celery\t\unit\tasks\test_trace.py,93.1594009399414,80.57064819335938,93.34068298339844,12.07606315612793,18.784042358398438,31.29977798461914,4.734332084655762,7.547210216522217,20.946258544921875,107.51703643798828,worker,107.51703643798828
celery\celery\utils\iso8601.py,3.748192071914673,1.4827120304107666,4.750918865203857,0.0,1.2142597436904907,1.9016194343566895,1.0009419918060303,1.0009419918060303,80.6019515991211,1.6645984649658203,utils,80.6019515991211
celery\celery\loaders\__init__.py,55.57546615600586,0.6727729439735413,3.57002592086792,0.0,1.1701973676681519,1.0011062622070312,1.0011062622070312,1.0011062622070312,7.960270404815674,1.1701973676681519,app,55.57546615600586
celery\t\unit\events\test_state.py,66.17523193359375,20.417299270629883,94.40782928466797,17.147668838500977,18.519250869750977,181.6438446044922,6.212047576904297,10.451478004455566,52.58027267456055,166.0160675048828,events,181.6438446044922
celery\celery\backends\asynchronous.py,80.90538024902344,131.7620849609375,38.737361907958984,20.014827728271484,9.828250885009766,217.06008911132812,8.129694938659668,11.67647933959961,56.31998062133789,20.002532958984375,events,217.06008911132812
celery\t\unit\worker\test_strategy.py,83.63739776611328,13.55220890045166,53.069759368896484,9.78444766998291,14.633294105529785,151.97459411621094,3.708710193634033,11.012066841125488,20.716659545898438,88.29227447509766,events,151.97459411621094
celery\t\integration\test_database_backend.py,69.48018646240234,117.63514709472656,40.22666549682617,13.927882194519043,15.791929244995117,8.114208221435547,8.08258056640625,5.182404518127441,11.011192321777344,12.069130897521973,backends,117.63514709472656
celery\celery\bin\worker.py,84.86482238769531,26.40833282470703,181.57534790039062,130.93850708007812,25.39666175842285,106.46915435791016,11.38493537902832,48.31145477294922,39.209049224853516,165.9181365966797,bin,181.57534790039062
celery\examples\django\demoapp\tasks.py,16.019865036010742,8.610413551330566,91.2015151977539,8.449808120727539,10.429943084716797,1.9756810665130615,3.877875804901123,4.34204626083374,5.654907703399658,10.247040748596191,bin,91.2015151977539
celery\t\smoke\tests\stamping\tasks.py,8.901215553283691,5.438695430755615,93.10494232177734,4.784674644470215,9.350153923034668,2.848755121231079,1.0008641481399536,3.3932015895843506,7.090386867523193,82.5577163696289,bin,93.10494232177734
celery\celery\contrib\testing\mocks.py,60.56435775756836,6.876170635223389,11.710798263549805,4.120809078216553,90.63055419921875,1.000900387763977,1.000900387763977,8.002786636352539,6.888472080230713,6.459239482879639,contrib,90.63055419921875
celery\examples\app\myapp.py,70.84536743164062,5.140469551086426,11.730310440063477,3.3038346767425537,4.751524448394775,3.7931876182556152,2.626506805419922,2.6529428958892822,6.186316013336182,25.36830711364746,app,70.84536743164062
celery\t\unit\security\test_certificate.py,11.869972229003906,3.2219111919403076,26.33762550354004,3.850583076477051,10.11923599243164,2.3725082874298096,3.0468826293945312,132.74087524414062,9.940176963806152,4.044698715209961,security,132.74087524414062
celery\celery\contrib\django\task.py,47.6948356628418,3.302196979522705,5.630818843841553,3.302196979522705,102.24274444580078,1.0010242462158203,3.9994189739227295,2.652122735977173,3.623183488845825,6.058971881866455,contrib,102.24274444580078
celery\t\unit\app\test_schedules.py,74.4510498046875,12.295093536376953,61.26420974731445,16.353374481201172,14.818509101867676,39.053993225097656,5.169432640075684,6.82200813293457,12.899785995483398,16.56670570373535,app,74.4510498046875
celery\celery\bin\events.py,71.04074096679688,7.035653591156006,139.07936096191406,11.996294021606445,11.012372016906738,118.02991485595703,5.770519733428955,5.653829097747803,21.000303268432617,31.938720703125,bin,139.07936096191406
celery\t\unit\contrib\proj\foo.py,60.32080078125,3.839155912399292,46.2368049621582,4.86015510559082,100.46443939208984,1.0010340213775635,1.0010340213775635,2.658324718475342,5.486854076385498,6.268543720245361,contrib,100.46443939208984
celery\t\integration\test_inspect.py,83.18016052246094,45.80352020263672,69.89540100097656,96.1476821899414,50.862030029296875,10.024820327758789,5.583903789520264,11.533458709716797,12.725044250488281,107.40946960449219,worker,107.40946960449219
celery\examples\security\mysecureapp.py,63.87537384033203,56.630096435546875,18.872848510742188,6.305830478668213,6.295008182525635,55.23088455200195,3.5904719829559326,157.37408447265625,12.012236595153809,95.99022674560547,security,157.37408447265625
celery\t\smoke\tests\stamping\workers\__init__.py,2.174530029296875,0.1726987361907959,9.486445426940918,0.0,4.395910263061523,2.644852876663208,1.0009156465530396,1.0009156465530396,3.1818928718566895,63.992454528808594,worker,63.992454528808594
celery\t\integration\conftest.py,78.2498550415039,70.36176300048828,42.57246780395508,21.733278274536133,20.805442810058594,8.590346336364746,10.253745079040527,12.489139556884766,46.07587814331055,109.76768493652344,worker,109.76768493652344
celery\t\unit\app\test_trace.py,57.60855484008789,5.854422569274902,6.584875106811523,4.784454822540283,9.657151222229004,6.688007354736328,1.3699156045913696,2.9481637477874756,34.8315544128418,10.542567253112793,app,57.60855484008789
celery\t\smoke\operations\__init__.py,2.1749229431152344,0.1730874627828598,3.1758406162261963,0.0,1.174005150794983,1.000917673110962,1.000917673110962,1.000917673110962,1.174005150794983,1.174005150794983,bin,3.1758406162261963
celery\celery\utils\imports.py,76.56107330322266,10.904136657714844,64.13931274414062,17.353200912475586,23.549739837646484,7.586103439331055,10.089869499206543,8.691099166870117,99.64057159423828,16.872438430786133,utils,99.64057159423828
celery\celery\apps\__init__.py,48.15989685058594,0.1732824742794037,3.1764042377471924,0.0,1.1743230819702148,1.0010405778884888,1.0010405778884888,1.0010405778884888,2.4881668090820312,1.1743230819702148,app,48.15989685058594
celery\examples\celery_http_gateway\__init__.py,2.174971342086792,0.17289286851882935,3.1760106086730957,0.0,1.1739321947097778,1.0010392665863037,1.0010392665863037,1.0010392665863037,1.1739321947097778,1.1739321947097778,bin,3.1760106086730957
celery\t\unit\concurrency\test_pool.py,47.86763000488281,6.966750144958496,7.985762119293213,106.41791534423828,8.791728019714355,3.861801862716675,2.2614567279815674,3.509434223175049,6.87973165512085,6.370330333709717,concurrency,106.41791534423828
celery\t\unit\bin\proj\pyramid_celery_app.py,74.26561737060547,3.2027206420898438,136.15538024902344,5.896024703979492,11.868097305297852,6.065286159515381,10.253422737121582,3.884242534637451,10.68249797821045,68.28901672363281,bin,136.15538024902344
celery\t\unit\backends\test_azureblockblob.py,72.3545150756836,128.03086853027344,30.228313446044922,10.771111488342285,16.447139739990234,12.887224197387695,7.529452800750732,11.535701751708984,17.08466148376465,27.07685089111328,backends,128.03086853027344
celery\t\unit\app\test_defaults.py,77.71792602539062,9.347306251525879,38.405765533447266,14.361217498779297,15.286863327026367,6.4396233558654785,6.322843551635742,10.903270721435547,15.815464973449707,29.715620040893555,app,77.71792602539062
celery\examples\quorum-queues\declare_queue.py,10.460426330566406,1.4533970355987549,82.13288116455078,0.0,2.1145451068878174,1.0008848905563354,1.0008848905563354,1.6538631916046143,1.38698410987854,1.5520788431167603,bin,82.13288116455078
celery\celery\loaders\app.py,53.42337417602539,0.3127865493297577,3.0031158924102783,0.0,1.001038670539856,1.001038670539856,1.001038670539856,1.001038670539856,5.2130126953125,1.001038670539856,app,53.42337417602539
celery\celery\local.py,86.34481048583984,23.962766647338867,80.30169677734375,22.765369415283203,18.833059310913086,9.718062400817871,10.3695650100708,15.31364631652832,25.82108497619629,25.494001388549805,app,86.34481048583984
celery\t\unit\backends\__init__.py,2.1749229431152344,81.74732208251953,3.1758406162261963,0.0,1.174005150794983,1.000917673110962,1.000917673110962,1.000917673110962,3.2777817249298096,1.174005150794983,backends,81.74732208251953
celery\t\unit\app\test_utils.py,65.71663665771484,6.569517135620117,33.14415740966797,5.422670364379883,9.235519409179688,5.555578231811523,3.5444180965423584,10.657999992370605,85.75918579101562,8.396546363830566,utils,85.75918579101562
celery\t\unit\utils\test_term.py,19.988121032714844,20.44508934020996,69.2004165649414,12.697161674499512,19.689361572265625,5.653830051422119,6.919764041900635,7.997387886047363,85.11772155761719,8.245333671569824,utils,85.11772155761719
celery\celery\utils\dispatch\signal.py,48.832279205322266,16.538511276245117,44.21135330200195,7.568973541259766,6.995059490203857,6.229911804199219,4.148252010345459,4.735835075378418,80.98009490966797,9.335532188415527,utils,80.98009490966797
celery\examples\django\proj\urls.py,2.001833438873291,0.7390822768211365,3.0027499198913574,0.6683458685874939,4.050981044769287,1.0009167194366455,4.050981044769287,1.0009167194366455,26.377506256103516,1.0009167194366455,utils,26.377506256103516
celery\t\unit\utils\test_deprecated.py,3.142512798309326,2.420581340789795,6.030001163482666,2.2436435222625732,8.055248260498047,1.0009597539901733,1.0009597539901733,1.3529484272003174,90.9109878540039,2.3237457275390625,utils,90.9109878540039
celery\celery\concurrency\gevent.py,60.14273452758789,6.762800216674805,16.994728088378906,96.8653793334961,3.0848593711853027,40.76966857910156,2.6788711547851562,3.196946144104004,8.507719039916992,6.532893657684326,concurrency,96.8653793334961
celery\celery\backends\elasticsearch.py,59.001243591308594,128.46397399902344,13.054156303405762,43.13599395751953,7.491513729095459,15.082486152648926,2.882091522216797,12.959644317626953,13.77770709991455,11.200578689575195,backends,128.46397399902344
celery\celery\worker\consumer\__init__.py,11.342031478881836,4.11076545715332,16.629383087158203,4.8895111083984375,49.435462951660156,104.41558074951172,2.074188470840454,3.5073182582855225,7.5105390548706055,76.62788391113281,events,104.41558074951172
celery\celery\worker\consumer\heart.py,7.007579803466797,1.5549752712249756,16.20876121520996,3.361786127090454,3.0442657470703125,143.52584838867188,3.067922592163086,2.366016387939453,12.120084762573242,75.8761215209961,events,143.52584838867188
celery\t\smoke\tests\stamping\test_hybrid_cluster.py,55.15983963012695,13.633843421936035,26.38409423828125,6.622465133666992,13.396352767944336,11.465607643127441,3.3311502933502197,7.441018104553223,11.098468780517578,113.07477569580078,worker,113.07477569580078
celery\t\unit\worker\test_native_delayed_delivery.py,90.56151580810547,30.823163986206055,129.0909423828125,9.844023704528809,19.499656677246094,9.19459056854248,9.173766136169434,14.365447998046875,58.41648483276367,109.60542297363281,bin,129.0909423828125
celery\t\smoke\tests\stamping\workers\legacy.py,61.61927032470703,0.6980013847351074,15.400614738464355,0.3443380296230316,9.4896240234375,4.1245808601379395,8.725171089172363,1.5778157711029053,7.61952018737793,122.49333953857422,worker,122.49333953857422
celery\t\smoke\tests\stamping\signals.py,6.444531440734863,4.779653072357178,9.275794982910156,3.64904522895813,5.295360565185547,3.3230137825012207,1.0008753538131714,4.613248825073242,2.8419930934906006,7.695158004760742,bin,9.275794982910156
celery\t\smoke\tests\quorum_queues\test_cycle_detection.py,48.63795471191406,16.14590835571289,22.089609146118164,4.079941749572754,8.169734954833984,2.921555280685425,1.0011109113693237,3.041081666946411,6.7266435623168945,79.28190612792969,worker,79.28190612792969
celery\celery\backends\couchbase.py,56.15163040161133,123.45103454589844,7.9979963302612305,5.039294719696045,13.924339294433594,4.797081470489502,1.0009334087371826,7.714876651763916,8.939306259155273,5.896819591522217,backends,123.45103454589844
celery\examples\stamping\tasks.py,63.14716720581055,6.885939121246338,96.5892105102539,5.0687665939331055,6.261295795440674,6.45365571975708,1.0007106065750122,3.38808012008667,5.0120978355407715,12.636106491088867,bin,96.5892105102539
celery\t\unit\utils\test_time.py,51.803688049316406,5.758106231689453,12.880379676818848,1.6010875701904297,10.565532684326172,6.340031147003174,3.883975028991699,3.3493385314941406,84.54080963134766,8.482986450195312,utils,84.54080963134766
celery\celery\bin\result.py,62.075782775878906,53.022850036621094,120.63826751708984,5.5654683113098145,7.882787704467773,3.633805274963379,2.285912036895752,4.426187515258789,7.6741461753845215,8.658003807067871,bin,120.63826751708984
celery\celery\utils\functional.py,67.53955078125,15.53303337097168,63.844085693359375,15.096821784973145,14.42837142944336,5.311377048492432,9.902276039123535,11.72578239440918,84.15203094482422,11.006776809692383,utils,84.15203094482422
celery\celery\utils\log.py,24.418113708496094,12.516788482666016,22.049043655395508,12.827130317687988,6.594364166259766,13.410989761352539,3.889824151992798,8.955018997192383,123.77235412597656,77.00114440917969,utils,123.77235412597656
celery\celery\app\backends.py,62.11738586425781,175.61770629882812,9.258378982543945,8.246028900146484,16.42082977294922,7.111969947814941,6.888819694519043,5.653961658477783,16.570035934448242,7.776528835296631,backends,175.61770629882812
celery\t\unit\bin\proj\__init__.py,2.419450044631958,0.6626347303390503,99.51376342773438,0.6653540134429932,1.1731555461883545,1.0010366439819336,1.0010366439819336,1.0010366439819336,1.7710083723068237,1.1731555461883545,bin,99.51376342773438
celery\examples\tutorial\tasks.py,71.3094711303711,5.961264133453369,14.298318862915039,4.129542350769043,5.421361446380615,2.7666165828704834,2.6391043663024902,3.0658013820648193,6.193905830383301,27.13858985900879,app,71.3094711303711
celery\examples\django\proj\settings.py,81.98890686035156,148.29713439941406,46.12421417236328,6.378902435302734,125.54117584228516,5.3845601081848145,7.841856479644775,123.05720520019531,34.67716598510742,27.28860092163086,backends,148.29713439941406
celery\celery\backends\s3.py,65.50155639648438,112.72405242919922,42.80010223388672,1.9258356094360352,3.285984992980957,1.0009249448776245,1.0009249448776245,6.587910175323486,8.334449768066406,2.993459939956665,backends,112.72405242919922
celery\setup.py,31.14977264404297,18.84743881225586,59.52987289428711,14.573105812072754,30.135202407836914,44.01333999633789,26.24347686767578,10.096633911132812,39.34022903442383,11.45163345336914,bin,59.52987289428711
celery\t\unit\concurrency\test_prefork.py,96.68966674804688,71.90674591064453,72.20964813232422,121.84724426269531,18.820480346679688,80.06493377685547,12.74150276184082,13.742403984069824,39.071868896484375,122.9662094116211,worker,122.9662094116211
celery\examples\django\proj\wsgi.py,49.58135223388672,2.398547887802124,5.4012675285339355,7.321535110473633,7.874473571777344,3.399454355239868,6.709017276763916,3.399454355239868,7.963459014892578,5.798002243041992,app,49.58135223388672
celery\t\integration\tasks.py,69.06388092041016,50.62485122680664,143.73080444335938,17.149829864501953,39.757408142089844,16.20250129699707,7.758877277374268,16.91462516784668,20.529762268066406,42.87564468383789,bin,143.73080444335938
celery\t\unit\worker\test_worker.py,115.87579345703125,29.749095916748047,174.75999450683594,107.60466003417969,60.508872985839844,189.0614013671875,10.935020446777344,18.07651138305664,100.74004364013672,165.060546875,events,189.0614013671875
celery\t\unit\utils\test_debug.py,7.7779011726379395,3.7902355194091797,29.437023162841797,1.2825590372085571,9.569138526916504,2.00108003616333,1.00108003616333,1.6423596143722534,97.73339080810547,5.761199951171875,utils,97.73339080810547
celery\t\unit\backends\test_cache.py,88.5687255859375,184.97491455078125,96.5105972290039,27.487886428833008,24.1380615234375,18.160112380981445,12.748286247253418,12.332350730895996,29.17053985595703,101.77804565429688,backends,184.97491455078125
celery\t\integration\django_settings.py,51.68192672729492,135.99493408203125,6.476554870605469,3.4385454654693604,120.7833251953125,1.4978435039520264,6.721464157104492,1.001101016998291,9.037941932678223,21.65691566467285,backends,135.99493408203125
celery\celery\app\annotations.py,62.744712829589844,3.6762850284576416,6.209502696990967,3.384775400161743,2.7551286220550537,1.0009973049163818,1.5432231426239014,3.2356109619140625,3.036951780319214,4.905063629150391,app,62.744712829589844
celery\celery\signals.py,70.57906341552734,17.800193786621094,22.92172622680664,19.84137725830078,11.412437438964844,13.512238502502441,3.831005334854126,10.493600845336914,21.5119571685791,94.723876953125,worker,94.723876953125
celery\celery\backends\__init__.py,2.175363779067993,81.79548645019531,3.1764042377471924,0.0,1.1743230819702148,1.0010405778884888,1.0010405778884888,1.0010405778884888,3.2793431282043457,1.1743230819702148,backends,81.79548645019531
celery\celery\backends\cache.py,69.02384185791016,166.71786499023438,11.277972221374512,6.6509528160095215,11.547262191772461,1.000884771347046,7.884753704071045,6.7095818519592285,10.443256378173828,8.89892864227295,backends,166.71786499023438
celery\t\unit\backends\test_dynamodb.py,94.44549560546875,158.0809326171875,51.803585052490234,16.102025985717773,18.482587814331055,18.50519371032715,10.026166915893555,16.465879440307617,56.557491302490234,24.058170318603516,backends,158.0809326171875
celery\t\unit\backends\test_redis.py,98.7776870727539,168.80337524414062,101.35021209716797,24.673973083496094,29.877710342407227,93.99598693847656,9.280251502990723,27.013639450073242,31.798934936523438,81.29996490478516,backends,168.80337524414062
celery\celery\events\snapshot.py,71.37332916259766,2.620643377304077,13.163546562194824,3.1166670322418213,2.5816142559051514,158.04310607910156,1.001452922821045,1.4179672002792358,13.541807174682617,5.799134731292725,events,158.04310607910156
celery\t\unit\test_loops.py,9.288393020629883,4.584599494934082,14.917596817016602,11.276590347290039,8.198893547058105,101.7973861694336,2.320589542388916,3.615102529525757,13.335904121398926,76.51367950439453,events,101.7973861694336
celery\t\unit\tasks\test_context.py,11.858848571777344,9.44974422454834,31.01186752319336,5.463038444519043,9.860904693603516,1.0006474256515503,1.7349107265472412,3.3028078079223633,7.049533843994141,11.867931365966797,bin,31.01186752319336
celery\celery\utils\dispatch\__init__.py,2.174971342086792,0.17289286851882935,6.477811336517334,0.0,1.1739321947097778,1.0010392665863037,1.0010392665863037,1.0010392665863037,86.92710876464844,1.1739321947097778,utils,86.92710876464844
celery\celery\worker\loops.py,15.566922187805176,14.007296562194824,18.805198669433594,20.353368759155273,8.311020851135254,160.42617797851562,1.606952428817749,13.059572219848633,12.76608943939209,86.22832489013672,events,160.42617797851562
celery\celery\schedules.py,84.90284729003906,20.595970153808594,70.97895050048828,11.753396034240723,11.500247955322266,150.13624572753906,3.988522529602051,5.7783966064453125,14.866390228271484,13.935690879821777,events,150.13624572753906
celery\t\unit\app\test_backends.py,82.01102447509766,162.5371856689453,35.098533630371094,129.70860290527344,98.7257080078125,19.0906982421875,6.257694244384766,7.143937587738037,28.847389221191406,98.23064422607422,backends,162.5371856689453
celery\t\smoke\workers\alt.py,64.69964599609375,1.5489879846572876,101.58853912353516,3.1904006004333496,10.268424034118652,4.762362957000732,8.991157531738281,1.8065367937088013,10.23353099822998,124.54414367675781,worker,124.54414367675781
celery\celery\backends\cassandra.py,60.15146255493164,118.19864654541016,37.38312530517578,11.861021995544434,14.306103706359863,18.77988052368164,2.058619499206543,17.21727752685547,9.95005989074707,15.537261962890625,backends,118.19864654541016
celery\t\integration\serialization_config.py,4.7131757736206055,5.751286506652832,10.675832748413086,4.665320873260498,6.705644607543945,53.25271987915039,2.965456962585449,8.048526763916016,7.524772644042969,72.01394653320312,worker,72.01394653320312
celery\t\smoke\tests\quorum_queues\test_chord_unlock_routing.py,74.68407440185547,21.315940856933594,22.25215721130371,8.604267120361328,15.4280424118042,7.950867176055908,5.147784233093262,5.47838830947876,36.819454193115234,85.496826171875,worker,85.496826171875
celery\t\unit\bin\test_multi.py,2.584533214569092,0.5826999545097351,99.89144134521484,0.5826999545097351,4.531067371368408,1.0009167194366455,1.0009167194366455,1.292266607284546,1.9054168462753296,1.5836166143417358,bin,99.89144134521484
celery\t\unit\concurrency\test_gevent.py,66.51606750488281,12.631818771362305,20.200428009033203,117.36541748046875,11.268659591674805,55.411373138427734,6.399591445922852,7.852563858032227,17.260848999023438,11.49440860748291,concurrency,117.36541748046875
celery\t\unit\contrib\__init__.py,3.476583242416382,0.1730874627828598,3.1758406162261963,0.0,99.95536041259766,1.000917673110962,1.000917673110962,1.000917673110962,1.174005150794983,2.47566556930542,contrib,99.95536041259766
celery\t\unit\tasks\test_tasks.py,108.8838119506836,67.69188690185547,144.39894104003906,18.253910064697266,21.262638092041016,88.88423919677734,7.963237285614014,17.005146026611328,72.64302062988281,25.411354064941406,bin,144.39894104003906
celery\t\unit\app\test_exceptions.py,55.587364196777344,8.999908447265625,5.512966632843018,1.8167376518249512,5.492556095123291,1.0008498430252075,1.0008498430252075,6.242329120635986,6.104491233825684,3.3254640102386475,app,55.587364196777344
