file_path,configs,environments,policies,robot_devices,utilities,best_module,best_likelihood
lerobot\src\lerobot\cameras\opencv\__init__.py,0.0,0.0,0.0,5.616353988647461,0.0,robot_devices,5.616353988647461
lerobot\examples\lekiwi\replay.py,15.485657691955566,0.8271817564964294,1.0,44.844398498535156,1.522130012512207,robot_devices,44.844398498535156
lerobot\src\lerobot\robots\openarm_follower\config_openarm_follower.py,14.100764274597168,0.5883671045303345,0.5387967228889465,50.28833770751953,1.3288280963897705,robot_devices,50.28833770751953
lerobot\src\lerobot\robots\hope_jr\hope_jr_hand.py,64.10021209716797,0.9379148483276367,4.239075183868408,60.263492584228516,5.037108421325684,configs,64.10021209716797
lerobot\src\lerobot\envs\robomme.py,1.2859944105148315,2.5928306579589844,3.653320550918579,2.764078140258789,4.416513442993164,utilities,4.416513442993164
lerobot\src\lerobot\async_inference\robot_client.py,20.513690948486328,62.18830490112305,6.380987644195557,105.97350311279297,8.3016996383667,robot_devices,105.97350311279297
lerobot\tests\policies\pi0_pi05\test_pi05.py,21.760059356689453,3.35031795501709,79.08592987060547,31.074766159057617,3.2200796604156494,policies,79.08592987060547
lerobot\src\lerobot\utils\robot_utils.py,0.0,0.6394578814506531,0.46000003814697266,48.32862854003906,0.4969903528690338,robot_devices,48.32862854003906
lerobot\src\lerobot\motors\dynamixel\__init__.py,0.0,0.0,0.0,6.000463485717773,0.0,robot_devices,6.000463485717773
lerobot\tests\policies\test_gaussian_actor_config.py,23.199077606201172,4.19727897644043,70.4208755493164,29.045793533325195,4.471753120422363,policies,70.4208755493164
lerobot\tests\policies\lingbot_va\test_modules.py,6.164295673370361,5.8030853271484375,70.4648208618164,29.182292938232422,7.652792930603027,policies,70.4648208618164
lerobot\src\lerobot\policies\molmoact2\configuration_molmoact2.py,12.634734153747559,2.9546918869018555,71.40234375,12.119138717651367,6.423534870147705,policies,71.40234375
lerobot\src\lerobot\utils\io_utils.py,1.5958518981933594,0.0,2.9803595542907715,3.247107744216919,6.237669467926025,utilities,6.237669467926025
lerobot\tests\policies\groot\test_groot_train_random_crop.py,13.75696849822998,3.455866813659668,64.88867950439453,33.11344909667969,5.804208278656006,policies,64.88867950439453
lerobot\tests\policies\vla_jepa\test_vla_jepa.py,23.290096282958984,6.3947649002075195,64.46568298339844,62.760284423828125,8.452665328979492,policies,64.46568298339844
lerobot\src\lerobot\motors\robstride\robstride.py,2.9095818996429443,3.260948896408081,6.656547546386719,18.861392974853516,10.526530265808105,robot_devices,18.861392974853516
lerobot\examples\omx\record_grab.py,7.624650478363037,2.001866102218628,3.391496419906616,52.95399856567383,6.859284400939941,robot_devices,52.95399856567383
lerobot\src\lerobot\configs\policies.py,68.68848419189453,4.264646053314209,73.70523834228516,77.5248794555664,6.76273775100708,robot_devices,77.5248794555664
lerobot\tests\processor\test_migration_detection.py,78.59310150146484,3.8378632068634033,16.232202529907227,2.637542963027954,2.9805068969726562,configs,78.59310150146484
lerobot\tests\policies\test_gaussian_actor_policy.py,25.104095458984375,5.8229756355285645,55.84467315673828,7.231555938720703,7.477428436279297,policies,55.84467315673828
lerobot\tests\fixtures\files.py,1.484419822692871,2.6346657276153564,0.5113744735717773,0.40931496024131775,5.756364822387695,utilities,5.756364822387695
lerobot\tests\policies\pi0_pi05\test_pi0.py,21.613933563232422,3.4074814319610596,75.4636001586914,31.704984664916992,2.4601612091064453,policies,75.4636001586914
lerobot\src\lerobot\async_inference\__init__.py,0.0,0.0,0.0,3.316499710083008,2.489370346069336,robot_devices,3.316499710083008
lerobot\tests\conftest.py,4.34962797164917,2.65956449508667,5.270983695983887,28.976964950561523,6.371211051940918,robot_devices,28.976964950561523
lerobot\tests\policies\vla_jepa\conftest.py,19.65499496459961,1.9553086757659912,69.00227355957031,32.732818603515625,1.6656912565231323,policies,69.00227355957031
lerobot\src\lerobot\robots\so_follower\so_follower.py,63.74933624267578,3.140721082687378,5.178191661834717,61.57212829589844,8.880387306213379,configs,63.74933624267578
lerobot\src\lerobot\robots\openarm_follower\__init__.py,0.0,0.7372015118598938,0.0,46.60734558105469,0.0,robot_devices,46.60734558105469
lerobot\tests\cameras\test_realsense.py,18.759626388549805,3.0513525009155273,2.2950286865234375,34.863250732421875,3.8435986042022705,robot_devices,34.863250732421875
lerobot\tests\datasets\test_quantiles_dataset_integration.py,0.8868234157562256,1.2939412593841553,2.378115177154541,7.955147743225098,5.581809043884277,robot_devices,7.955147743225098
lerobot\tests\policies\test_relative_actions.py,1.6700193881988525,1.9193123579025269,62.692996978759766,3.553981304168701,2.3624203205108643,policies,62.692996978759766
lerobot\src\lerobot\teleoperators\homunculus\joints_translation.py,0.0,0.0,2.1355957984924316,2.7136268615722656,0.0,robot_devices,2.7136268615722656
lerobot\src\lerobot\teleoperators\keyboard\teleop_keyboard.py,19.502185821533203,46.437843322753906,2.365463972091675,49.17416763305664,4.859987735748291,robot_devices,49.17416763305664
lerobot\src\lerobot\policies\xvla\action_hub.py,1.0032038688659668,0.0,62.82432556152344,4.839857578277588,2.882631540298462,policies,62.82432556152344
lerobot\tests\utils\test_hub.py,18.23383331298828,3.462562084197998,4.874886512756348,3.045363426208496,8.707310676574707,configs,18.23383331298828
lerobot\tests\policies\pi0_pi05\test_pi0_original_vs_lerobot.py,19.604663848876953,3.03773832321167,73.81444549560547,37.0108642578125,2.9832820892333984,policies,73.81444549560547
lerobot\src\lerobot\annotations\steerable_pipeline\config.py,11.662480354309082,0.8437454104423523,5.674043655395508,9.583563804626465,3.8843436241149902,configs,11.662480354309082
lerobot\src\lerobot\robots\koch_follower\config_koch_follower.py,13.857832908630371,0.7186036109924316,0.0,49.370906829833984,1.0527641773223877,robot_devices,49.370906829833984
lerobot\src\lerobot\teleoperators\rebot_102_leader\rebot_102_leader.py,19.311046600341797,2.3151750564575195,5.682193279266357,55.901588439941406,10.323979377746582,robot_devices,55.901588439941406
lerobot\src\lerobot\processor\hil_processor.py,16.426849365234375,1.0,5.886042594909668,35.15640640258789,4.135019302368164,robot_devices,35.15640640258789
lerobot\src\lerobot\rl\queue.py,0.0,0.0,0.29626044631004333,5.558500289916992,0.0,robot_devices,5.558500289916992
lerobot\src\lerobot\processor\newline_task_processor.py,1.0,1.9500374794006348,2.0,3.121687889099121,0.3772521913051605,robot_devices,3.121687889099121
lerobot\src\lerobot\policies\molmoact2\__init__.py,0.0,0.0,73.17466735839844,3.3192615509033203,0.0,policies,73.17466735839844
lerobot\src\lerobot\annotations\steerable_pipeline\validator.py,2.35870361328125,0.0,2.977285146713257,4.859898567199707,5.560295104980469,utilities,5.560295104980469
lerobot\src\lerobot\teleoperators\homunculus\config_homunculus.py,13.790496826171875,0.0,0.8265664577484131,3.2278671264648438,1.2272289991378784,configs,13.790496826171875
lerobot\src\lerobot\cameras\zmq\camera_zmq.py,20.215599060058594,3.0375781059265137,4.58465051651001,5.9268012046813965,7.163383960723877,configs,20.215599060058594
lerobot\tests\mocks\mock_dynamixel.py,0.0,0.2605518698692322,8.148581504821777,0.5679149627685547,2.110257148742676,policies,8.148581504821777
lerobot\src\lerobot\motors\damiao\__init__.py,0.0,0.0,0.0,6.013018608093262,0.0,robot_devices,6.013018608093262
lerobot\src\lerobot\policies\multi_task_dit\__init__.py,0.0,0.844871997833252,73.0512466430664,3.308241367340088,0.0,policies,73.0512466430664
lerobot\tests\cameras\test_opencv.py,19.748615264892578,1.4591937065124512,3.878546953201294,6.113214492797852,3.8485841751098633,configs,19.748615264892578
lerobot\tests\datasets\test_dataset_metadata.py,5.500253677368164,4.062278747558594,2.0687947273254395,52.94367218017578,8.752972602844238,robot_devices,52.94367218017578
lerobot\src\lerobot\policies\evo1\evo1_model.py,19.18230628967285,1.6892030239105225,69.66394805908203,33.17715835571289,3.559312343597412,policies,69.66394805908203
lerobot\tests\processor\test_policy_robot_bridge.py,20.387840270996094,6.04072904586792,10.95443344116211,48.97427749633789,0.8567838668823242,robot_devices,48.97427749633789
lerobot\src\lerobot\__version__.py,0.0,0.0,0.0,3.773935317993164,1.0,robot_devices,3.773935317993164
lerobot\src\lerobot\annotations\steerable_pipeline\modules\general_vqa.py,19.197277069091797,2.6520285606384277,2.3428237438201904,9.327300071716309,8.53555679321289,configs,19.197277069091797
lerobot\examples\lekiwi\evaluate.py,19.655445098876953,78.49159240722656,10.887953758239746,77.89884185791016,7.7513556480407715,environments,78.49159240722656
lerobot\tests\configs\test_plugin_loading.py,65.9761734008789,3.1238880157470703,7.053798675537109,0.4180830717086792,5.247038841247559,configs,65.9761734008789
lerobot\tests\datasets\test_delta_timestamps.py,0.0,0.4397122263908386,2.7902379035949707,4.9897003173828125,1.0,robot_devices,4.9897003173828125
lerobot\tests\processor\test_gaussian_actor_processor.py,21.39641761779785,2.6483216285705566,8.633543968200684,32.81246566772461,2.1815173625946045,robot_devices,32.81246566772461
lerobot\src\lerobot\scripts\lerobot_find_port.py,0.0,0.0,0.0,30.657215118408203,4.0814666748046875,robot_devices,30.657215118408203
lerobot\tests\policies\rtc\test_modeling_rtc.py,19.584999084472656,1.5703544616699219,53.9698486328125,18.433473587036133,3.808368682861328,policies,53.9698486328125
lerobot\src\lerobot\robots\hope_jr\config_hope_jr.py,13.506113052368164,0.7003650665283203,0.2885062098503113,48.90179443359375,1.6570957899093628,robot_devices,48.90179443359375
lerobot\tests\datasets\test_streaming_video_encoder.py,15.150513648986816,1.042982816696167,3.5247385501861572,7.026623725891113,3.4567391872406006,configs,15.150513648986816
lerobot\examples\rtc\eval_dataset.py,27.061342239379883,10.477937698364258,16.817583084106445,30.3397159576416,11.635403633117676,robot_devices,30.3397159576416
lerobot\src\lerobot\rollout\inference\factory.py,20.28374481201172,4.003151893615723,6.571234703063965,78.36841583251953,2.2336764335632324,robot_devices,78.36841583251953
lerobot\src\lerobot\policies\act\processor_act.py,20.01494026184082,2.346005916595459,80.12028503417969,34.040828704833984,0.0,policies,80.12028503417969
lerobot\src\lerobot\robots\robot.py,17.86130714416504,1.525946855545044,1.3823606967926025,59.57223129272461,2.1748158931732178,robot_devices,59.57223129272461
lerobot\src\lerobot\rollout\strategies\core.py,19.830394744873047,3.320939302444458,8.047347068786621,52.81927490234375,13.70131778717041,robot_devices,52.81927490234375
lerobot\src\lerobot\policies\groot\modeling_groot.py,23.166259765625,5.53493595123291,78.16643524169922,39.138221740722656,14.306642532348633,policies,78.16643524169922
lerobot\src\lerobot\robots\lekiwi\__init__.py,0.0,0.7372015118598938,0.0,46.60734558105469,0.0,robot_devices,46.60734558105469
lerobot\src\lerobot\scripts\lerobot_find_cameras.py,16.386394500732422,3.0947017669677734,3.1201136112213135,7.139064311981201,9.576157569885254,configs,16.386394500732422
lerobot\src\lerobot\rl\learner.py,20.0331974029541,5.769913673400879,15.279303550720215,52.58017349243164,17.80661392211914,robot_devices,52.58017349243164
lerobot\src\lerobot\processor\__init__.py,2.2820944786071777,3.1096713542938232,5.5641889572143555,48.136390686035156,0.0,robot_devices,48.136390686035156
lerobot\src\lerobot\processor\device_processor.py,13.533894538879395,1.0,3.8462300300598145,35.67558670043945,0.0,robot_devices,35.67558670043945
lerobot\src\lerobot\policies\__init__.py,16.15226173400879,2.941171407699585,79.91645050048828,46.15874481201172,0.0,policies,79.91645050048828
lerobot\src\lerobot\robots\lekiwi\lekiwi_host.py,17.704818725585938,1.3844096660614014,1.8804752826690674,55.15150833129883,4.115148067474365,robot_devices,55.15150833129883
lerobot\src\lerobot\rewards\robometer\modeling_robometer.py,18.92815399169922,0.41430431604385376,7.920308589935303,28.99917984008789,7.4160566329956055,robot_devices,28.99917984008789
lerobot\examples\isaac_teleop_to_so101\isaac_teleop\teleop_xr_controller.py,19.779394149780273,4.147822856903076,1.305253028869629,37.331932067871094,6.66430139541626,robot_devices,37.331932067871094
lerobot\src\lerobot\datasets\dataset_writer.py,0.9467144012451172,2.717013359069824,3.3343474864959717,10.16891098022461,8.266633033752441,robot_devices,10.16891098022461
lerobot\src\lerobot\policies\groot\__init__.py,0.0,0.0,73.17466735839844,7.087844371795654,0.0,policies,73.17466735839844
lerobot\src\lerobot\common\wandb_utils.py,24.06007194519043,7.586160182952881,12.42339038848877,4.6526079177856445,9.940286636352539,configs,24.06007194519043
lerobot\src\lerobot\robots\reachy2\configuration_reachy2.py,1.9325530529022217,2.7378456592559814,2.916339635848999,58.478580474853516,1.6656484603881836,robot_devices,58.478580474853516
lerobot\src\lerobot\scripts\lerobot_eval.py,13.204197883605957,31.479318618774414,10.412395477294922,29.96963119506836,10.096172332763672,environments,31.479318618774414
lerobot\tests\annotations\test_modules.py,15.954110145568848,3.0417492389678955,4.024057865142822,55.93855667114258,5.540592193603516,robot_devices,55.93855667114258
lerobot\examples\isaac_teleop_to_so101\isaac_teleop\xr_controller_processor.py,1.756497859954834,1.599878191947937,3.0,44.62403869628906,1.7803313732147217,robot_devices,44.62403869628906
lerobot\src\lerobot\optim\optimizers.py,15.324418067932129,0.0,0.594426155090332,2.5626380443573,2.001772880554199,configs,15.324418067932129
lerobot\src\lerobot\teleoperators\utils.py,18.897005081176758,0.5927197933197021,0.2712923288345337,80.55953979492188,0.0,robot_devices,80.55953979492188
lerobot\tests\envs\test_envs.py,12.682496070861816,49.77766799926758,4.893641471862793,6.704468727111816,11.753067016601562,environments,49.77766799926758
lerobot\tests\utils\test_io_utils.py,0.30962270498275757,0.4984707534313202,5.218968868255615,0.4210870862007141,3.6842575073242188,policies,5.218968868255615
lerobot\setup.py,0.3484222888946533,0.0,0.0,3.121687889099121,0.4652785658836365,robot_devices,3.121687889099121
lerobot\src\lerobot\async_inference\policy_server.py,20.4332275390625,46.403907775878906,75.85303497314453,60.221534729003906,4.809290885925293,policies,75.85303497314453
lerobot\tests\robots\test_unitree_g1.py,59.524375915527344,2.0757203102111816,3.44484281539917,64.87970733642578,3.026409387588501,robot_devices,64.87970733642578
lerobot\tests\teleoperators\test_rebot_102_leader.py,15.642946243286133,0.4984707534313202,4.940047740936279,12.301497459411621,4.934187412261963,configs,15.642946243286133
lerobot\src\lerobot\policies\pi05\__init__.py,0.0,0.0,75.2557373046875,3.3192615509033203,0.0,policies,75.2557373046875
lerobot\examples\dataset\use_dataset_tools.py,0.8302788734436035,0.0,4.390048980712891,7.265103340148926,0.9656097888946533,robot_devices,7.265103340148926
lerobot\src\lerobot\configs\dataset.py,50.708961486816406,1.1470541954040527,0.0,9.385730743408203,3.8949263095855713,configs,50.708961486816406
lerobot\src\lerobot\datasets\depth_utils.py,0.7314228415489197,0.0,2.4757907390594482,2.7584080696105957,1.8029406070709229,robot_devices,2.7584080696105957
lerobot\examples\so100_to_so100_EE\teleoperate.py,16.232372283935547,0.8157005310058594,2.394014596939087,49.32025146484375,2.1663296222686768,robot_devices,49.32025146484375
lerobot\src\lerobot\policies\groot\action_head\cross_attention_dit.py,20.197874069213867,2.500170946121216,58.97869873046875,5.656900405883789,5.388642311096191,policies,58.97869873046875
lerobot\tests\policies\lingbot_va\test_configuration_lingbot_va.py,20.73365592956543,3.0139527320861816,73.18936920166016,22.16930389404297,1.1920709609985352,policies,73.18936920166016
lerobot\src\lerobot\policies\smolvla\processor_smolvla.py,21.20303726196289,2.3405354022979736,82.26171875,32.20438003540039,0.36140137910842896,policies,82.26171875
lerobot\src\lerobot\policies\pi05\configuration_pi05.py,14.172911643981934,2.303091526031494,76.8798828125,25.842281341552734,2.1124415397644043,policies,76.8798828125
lerobot\src\lerobot\utils\bimanual.py,0.0,0.0,0.722471296787262,3.555917739868164,0.0,robot_devices,3.555917739868164
lerobot\src\lerobot\processor\relative_action_processor.py,15.44178295135498,1.6321544647216797,4.844911575317383,34.57017135620117,1.9354747533798218,robot_devices,34.57017135620117
lerobot\src\lerobot\data_processing\sarm_annotations\subtask_annotation.py,2.470982789993286,0.8849717974662781,10.207018852233887,36.307151794433594,10.011960983276367,robot_devices,36.307151794433594
lerobot\src\lerobot\teleoperators\bi_so_leader\bi_so_leader.py,18.531740188598633,0.0,2.0175728797912598,46.92841339111328,3.5692899227142334,robot_devices,46.92841339111328
lerobot\src\lerobot\robots\bi_openarm_follower\bi_openarm_follower.py,20.001766204833984,2.1791043281555176,1.892594814300537,62.80771255493164,3.6452362537384033,robot_devices,62.80771255493164
lerobot\src\lerobot\rewards\sarm\configuration_sarm.py,3.2131307125091553,2.8847999572753906,11.470582962036133,20.919885635375977,1.712815761566162,robot_devices,20.919885635375977
lerobot\tests\policies\multi_task_dit\test_multi_task_dit.py,21.4303035736084,3.9122495651245117,62.952049255371094,33.266178131103516,5.948721408843994,policies,62.952049255371094
lerobot\src\lerobot\cameras\zmq\__init__.py,0.0,0.0,0.0,5.616353988647461,0.0,robot_devices,5.616353988647461
lerobot\examples\isaac_teleop_to_so101\record.py,1.223445177078247,52.851890563964844,2.0742733478546143,89.12823486328125,9.790491104125977,robot_devices,89.12823486328125
lerobot\tests\datasets\test_language.py,1.9800477027893066,1.21668541431427,0.7621827125549316,10.912092208862305,4.673330307006836,robot_devices,10.912092208862305
lerobot\tests\test_robomme_env.py,14.136514663696289,1.3064814805984497,1.3314523696899414,0.0,1.383887767791748,configs,14.136514663696289
lerobot\src\lerobot\policies\smolvla\modeling_smolvla.py,23.776506423950195,4.405218601226807,59.51117706298828,37.23334884643555,8.813674926757812,policies,59.51117706298828
lerobot\src\lerobot\datasets\image_writer.py,2.105994462966919,2.9715747833251953,1.6275300979614258,5.210232734680176,6.7640509605407715,utilities,6.7640509605407715
lerobot\src\lerobot\rewards\sarm\rabc.py,1.8106715679168701,0.5692223310470581,5.190271377563477,33.191253662109375,7.161880016326904,robot_devices,33.191253662109375
lerobot\tests\policies\groot\test_groot_vs_original.py,14.41313362121582,0.6046075820922852,86.70648193359375,42.0455322265625,5.306036949157715,policies,86.70648193359375
lerobot\examples\isaac_teleop_to_so101\common.py,16.550228118896484,4.361825942993164,2.014394760131836,93.56013488769531,17.063518524169922,robot_devices,93.56013488769531
lerobot\src\lerobot\utils\feature_utils.py,3.969881534576416,2.2159252166748047,6.79804801940918,3.544616460800171,0.9374552965164185,policies,6.79804801940918
lerobot\src\lerobot\data_processing\__init__.py,0.0,0.0,0.0,3.3331403732299805,0.0,robot_devices,3.3331403732299805
lerobot\src\lerobot\datasets\__init__.py,0.0,2.0661284923553467,0.3248826861381531,3.8584649562835693,2.59867525100708,robot_devices,3.8584649562835693
lerobot\src\lerobot\annotations\steerable_pipeline\reader.py,0.0,3.1591405868530273,0.5493869781494141,8.24351978302002,2.5955896377563477,robot_devices,8.24351978302002
lerobot\tests\processor\test_vqbet_processor.py,21.392183303833008,2.29369854927063,9.921377182006836,32.964744567871094,2.207780361175537,robot_devices,32.964744567871094
lerobot\src\lerobot\robots\koch_follower\koch_follower.py,63.871307373046875,3.140721082687378,4.888229846954346,61.869285583496094,8.606277465820312,configs,63.871307373046875
lerobot\src\lerobot\datasets\multi_dataset.py,0.9821498394012451,1.2030410766601562,0.5212274789810181,11.604284286499023,5.054512023925781,robot_devices,11.604284286499023
lerobot\tests\processor\test_tdmpc_processor.py,21.392183303833008,2.6138901710510254,10.586008071899414,32.96586608886719,2.207780361175537,robot_devices,32.96586608886719
lerobot\tests\rl\test_actor.py,2.1341891288757324,2.565429210662842,6.50518798828125,26.368331909179688,7.920989990234375,robot_devices,26.368331909179688
lerobot\src\lerobot\policies\fastwam\wan\modular.py,14.561569213867188,4.016477108001709,52.21131896972656,35.7955322265625,10.856559753417969,policies,52.21131896972656
lerobot\tests\processor\test_diffusion_processor.py,21.344968795776367,2.3186991214752197,11.392878532409668,32.879913330078125,2.225339889526367,robot_devices,32.879913330078125
lerobot\src\lerobot\utils\utils.py,2.2479989528656006,0.0,3.6083199977874756,4.799891471862793,8.35640811920166,utilities,8.35640811920166
lerobot\src\lerobot\teleoperators\so_leader\config_so_leader.py,13.937227249145508,0.0,0.0,3.5859482288360596,1.1106114387512207,configs,13.937227249145508
lerobot\tests\policies\pi0_fast\test_pi0_fast_original_vs_lerobot.py,19.205968856811523,7.037475109100342,69.08659362792969,36.10218048095703,2.655215263366699,policies,69.08659362792969
lerobot\tests\annotations\test_frames.py,2.789318323135376,4.37120246887207,2.2324681282043457,54.145057678222656,8.454804420471191,robot_devices,54.145057678222656
lerobot\src\lerobot\robots\so_follower\robot_kinematic_processor.py,3.051121711730957,2.5145437717437744,3.883410692214966,50.45348358154297,5.093716621398926,robot_devices,50.45348358154297
lerobot\src\lerobot\robots\unitree_g1\run_g1_server.py,13.345823287963867,4.447378158569336,4.46721887588501,79.26740264892578,3.8191490173339844,robot_devices,79.26740264892578
lerobot\src\lerobot\policies\vla_jepa\action_head.py,18.741777420043945,0.42694956064224243,62.810794830322266,34.45507049560547,5.021555423736572,policies,62.810794830322266
lerobot\examples\dataset\load_lerobot_dataset.py,0.9650654792785645,5.397189140319824,1.3012086153030396,54.85897445678711,3.5982401371002197,robot_devices,54.85897445678711
lerobot\src\lerobot\teleoperators\phone\phone_processor.py,1.7300469875335693,1.5789035558700562,3.0,50.42230987548828,2.1039180755615234,robot_devices,50.42230987548828
lerobot\src\lerobot\rollout\strategies\__init__.py,0.0,0.0,1.0,3.2837119102478027,1.8891193866729736,robot_devices,3.2837119102478027
lerobot\src\lerobot\policies\tdmpc\modeling_tdmpc.py,19.48013687133789,3.6697278022766113,60.63761901855469,73.60826110839844,2.6533451080322266,robot_devices,73.60826110839844
lerobot\src\lerobot\robots\unitree_g1\holosoma_locomotion.py,3.5666909217834473,2.8665099143981934,14.19276237487793,47.90880584716797,12.142648696899414,robot_devices,47.90880584716797
lerobot\src\lerobot\scripts\lerobot_replay.py,14.889867782592773,0.8426588773727417,1.8111131191253662,59.99013900756836,3.2353897094726562,robot_devices,59.99013900756836
lerobot\src\lerobot\policies\xvla\processor_xvla.py,21.209089279174805,2.9421520233154297,65.72444915771484,78.61780548095703,1.787405014038086,robot_devices,78.61780548095703
lerobot\src\lerobot\teleoperators\config.py,14.407461166381836,0.0,0.34198758006095886,6.722541332244873,0.39284294843673706,configs,14.407461166381836
lerobot\src\lerobot\data_processing\sarm_annotations\__init__.py,0.0,0.0,0.0,3.327575206756592,0.0,robot_devices,3.327575206756592
lerobot\src\lerobot\transport\services_pb2.py,1.0,1.0,4.0740647315979,27.99521827697754,3.618666648864746,robot_devices,27.99521827697754
lerobot\src\lerobot\teleoperators\phone\config_phone.py,13.92582893371582,0.0,0.0,4.305276870727539,1.4683648347854614,configs,13.92582893371582
lerobot\src\lerobot\robots\rebot_b601_follower\__init__.py,0.0,0.7365865707397461,0.0,51.6953239440918,0.0,robot_devices,51.6953239440918
lerobot\src\lerobot\teleoperators\koch_leader\koch_leader.py,17.394960403442383,2.493607521057129,6.259369373321533,15.152085304260254,8.87791633605957,configs,17.394960403442383
lerobot\tests\rl\test_trainer.py,14.485891342163086,3.38000750541687,1.0,32.69791030883789,5.8202900886535645,robot_devices,32.69791030883789
lerobot\src\lerobot\cameras\zmq\image_server.py,18.121294021606445,3.379415988922119,2.815824031829834,31.097183227539062,4.707975387573242,robot_devices,31.097183227539062
lerobot\src\lerobot\robots\rebot_b601_follower\config_rebot_b601_follower.py,11.985163688659668,0.6214956045150757,3.4478368759155273,57.07438659667969,4.365048885345459,robot_devices,57.07438659667969
lerobot\src\lerobot\teleoperators\openarm_leader\openarm_leader.py,22.266298294067383,4.250706672668457,4.94666862487793,56.742088317871094,11.809388160705566,robot_devices,56.742088317871094
lerobot\src\lerobot\policies\pi0\processor_pi0.py,21.066621780395508,3.247049331665039,78.13780212402344,30.889137268066406,0.6631002426147461,policies,78.13780212402344
lerobot\src\lerobot\datasets\compute_stats.py,2.603752613067627,4.261681079864502,6.433029651641846,2.1941945552825928,4.4216766357421875,policies,6.433029651641846
lerobot\src\lerobot\datasets\feature_utils.py,1.9478511810302734,3.1055092811584473,3.6099331378936768,46.591678619384766,8.054999351501465,robot_devices,46.591678619384766
lerobot\src\lerobot\robots\earthrover_mini_plus\robot_earthrover_mini_plus.py,16.086563110351562,3.384178638458252,4.862668514251709,58.37743377685547,3.7728943824768066,robot_devices,58.37743377685547
lerobot\examples\phone_to_so100\teleoperate.py,16.712158203125,0.844924807548523,2.1030936241149902,80.951171875,3.3000969886779785,robot_devices,80.951171875
lerobot\src\lerobot\teleoperators\gamepad\teleop_gamepad.py,18.559810638427734,0.5531173348426819,1.2531659603118896,48.58720397949219,0.4740796685218811,robot_devices,48.58720397949219
lerobot\src\lerobot\policies\wall_x\constant.py,0.3539668321609497,0.0,78.91839599609375,4.188807487487793,4.306725025177002,policies,78.91839599609375
lerobot\src\lerobot\utils\errors.py,0.0,0.0,0.0,32.08705520629883,0.0,robot_devices,32.08705520629883
lerobot\src\lerobot\policies\molmoact2\molmoact2_hf_model\__init__.py,0.0,0.0,77.33964538574219,3.330355167388916,0.0,policies,77.33964538574219
lerobot\src\lerobot\rewards\classifier\__init__.py,0.0,0.0,0.0,3.324799060821533,0.0,robot_devices,3.324799060821533
lerobot\src\lerobot\annotations\steerable_pipeline\frames.py,1.4639337062835693,1.810828685760498,2.345061779022217,10.921663284301758,11.184192657470703,utilities,11.184192657470703
lerobot\src\lerobot\policies\vqbet\configuration_vqbet.py,5.119898796081543,5.295751094818115,71.93205261230469,4.316105842590332,7.584195137023926,policies,71.93205261230469
lerobot\src\lerobot\policies\groot\configuration_groot.py,75.37673950195312,2.2973599433898926,70.27953338623047,8.032413482666016,3.6675920486450195,configs,75.37673950195312
lerobot\src\lerobot\rewards\topreward\processor_topreward.py,22.383935928344727,5.573801517486572,9.4835786819458,23.88504981994629,7.069952964782715,robot_devices,23.88504981994629
lerobot\src\lerobot\configs\types.py,53.545597076416016,1.0,4.0,3.191680431365967,0.4463023841381073,configs,53.545597076416016
lerobot\src\lerobot\utils\visualization_utils.py,0.0,0.0,4.866054058074951,42.48780059814453,3.9125797748565674,robot_devices,42.48780059814453
lerobot\src\lerobot\utils\collate.py,0.0,0.0,0.36120346188545227,4.245591163635254,0.0,robot_devices,4.245591163635254
lerobot\tests\datasets\test_visualize_dataset.py,0.0,0.5716811418533325,0.29034852981567383,10.093331336975098,1.384479284286499,robot_devices,10.093331336975098
lerobot\tests\rewards\test_topreward.py,0.7103461027145386,1.3503755331039429,7.292409896850586,27.126771926879883,4.08858585357666,robot_devices,27.126771926879883
lerobot\src\lerobot\datasets\language.py,1.1749064922332764,0.7040199637413025,0.2860491871833801,4.082549095153809,1.6841139793395996,robot_devices,4.082549095153809
lerobot\src\lerobot\utils\pedal.py,1.419004201889038,0.0,1.902944564819336,33.95413589477539,4.305967807769775,robot_devices,33.95413589477539
lerobot\src\lerobot\teleoperators\openarm_mini\config_openarm_mini.py,14.006006240844727,0.0,0.0,3.603644847869873,1.0640207529067993,configs,14.006006240844727
lerobot\src\lerobot\robots\reachy2\robot_reachy2.py,64.60356903076172,1.1526607275009155,1.5845544338226318,60.73666763305664,4.150933742523193,configs,64.60356903076172
lerobot\tests\test_rollout.py,18.74628257751465,4.064338684082031,6.764619827270508,80.39653015136719,11.090343475341797,robot_devices,80.39653015136719
lerobot\src\lerobot\datasets\dataset_tools.py,7.561829090118408,5.14949369430542,3.5277910232543945,57.385467529296875,11.187823295593262,robot_devices,57.385467529296875
lerobot\src\lerobot\rl\__init__.py,17.77837562561035,1.0,0.0,3.2783102989196777,1.0,configs,17.77837562561035
lerobot\src\lerobot\processor\policy_robot_bridge.py,18.420120239257812,3.0161209106445312,5.842482566833496,48.80962371826172,0.4995760917663574,robot_devices,48.80962371826172
lerobot\src\lerobot\configs\eval.py,54.11527633666992,4.173758506774902,5.98586368560791,5.454503536224365,2.5707449913024902,configs,54.11527633666992
lerobot\tests\datasets\test_compute_stats.py,1.7993769645690918,4.751111030578613,3.7877697944641113,2.67427396774292,7.542219638824463,utilities,7.542219638824463
lerobot\src\lerobot\rollout\strategies\episodic.py,18.22905921936035,52.42351531982422,9.618376731872559,50.864784240722656,12.906973838806152,environments,52.42351531982422
lerobot\src\lerobot\policies\pretrained.py,29.15043830871582,16.905492782592773,73.89200592041016,131.13189697265625,15.920797348022461,robot_devices,131.13189697265625
lerobot\src\lerobot\cameras\camera.py,17.2556095123291,0.0,3.5737123489379883,7.020258903503418,0.37490320205688477,configs,17.2556095123291
lerobot\src\lerobot\datasets\factory.py,16.055952072143555,6.600855827331543,1.6559821367263794,10.693279266357422,8.000444412231445,configs,16.055952072143555
lerobot\src\lerobot\robots\lekiwi\config_lekiwi.py,16.612428665161133,0.6508112549781799,1.8495213985443115,48.70808029174805,1.969342827796936,robot_devices,48.70808029174805
lerobot\src\lerobot\cameras\__init__.py,52.01715850830078,0.0,0.0,6.8350067138671875,0.0,configs,52.01715850830078
lerobot\tests\policies\pi0_pi05\openpi_pytorch\gemma.py,17.443937301635742,0.5574426054954529,73.96902465820312,0.0,0.3744327127933502,policies,73.96902465820312
lerobot\src\lerobot\motors\damiao\damiao.py,2.4377806186676025,0.0,1.698094367980957,19.920257568359375,9.203605651855469,robot_devices,19.920257568359375
lerobot\tests\motors\test_damiao.py,2.6362154483795166,0.5341605544090271,7.048346042633057,11.293597221374512,4.445071220397949,robot_devices,11.293597221374512
lerobot\src\lerobot\configs\recipe.py,51.06779861450195,4.184136390686035,1.618938684463501,3.176135301589966,1.4812214374542236,configs,51.06779861450195
lerobot\tests\annotations\test_writer.py,1.7451165914535522,2.9549150466918945,1.1974247694015503,9.717974662780762,9.054577827453613,robot_devices,9.717974662780762
lerobot\tests\rl\test_learner_service.py,0.0,0.32962271571159363,0.4030558466911316,28.212120056152344,6.076743125915527,robot_devices,28.212120056152344
lerobot\src\lerobot\policies\molmoact2\molmoact2_hf_model\configuration_molmoact2.py,61.94464874267578,1.2228269577026367,61.85148620605469,5.7745137214660645,7.6403069496154785,configs,61.94464874267578
lerobot\tests\policies\groot\test_groot_n1_7.py,67.29994201660156,5.349827766418457,71.33247375488281,29.549484252929688,12.800975799560547,policies,71.33247375488281
lerobot\examples\tutorial\pi0\using_pi0_example.py,16.291061401367188,1.6677234172821045,9.123311996459961,82.70697784423828,1.2365694046020508,robot_devices,82.70697784423828
lerobot\src\lerobot\rollout\strategies\dagger.py,20.522626876831055,6.09124231338501,8.438037872314453,76.9272689819336,15.30695629119873,robot_devices,76.9272689819336
lerobot\examples\tutorial\act\act_using_example.py,16.116714477539062,0.821198582649231,7.489789009094238,81.53639221191406,4.756028175354004,robot_devices,81.53639221191406
lerobot\src\lerobot\utils\process.py,0.0,0.0,1.9814176559448242,3.4827053546905518,2.1061339378356934,robot_devices,3.4827053546905518
lerobot\tests\__init__.py,0.0,0.6014459729194641,0.0,0.0,0.0,environments,0.6014459729194641
lerobot\src\lerobot\jobs\dataset.py,0.4060359299182892,0.5765179395675659,0.6168901324272156,4.159880638122559,6.144656658172607,utilities,6.144656658172607
lerobot\src\lerobot\robots\utils.py,19.5783748626709,1.3853188753128052,1.0966079235076904,84.68003845214844,1.8341929912567139,robot_devices,84.68003845214844
lerobot\src\lerobot\policies\tdmpc\processor_tdmpc.py,19.886775970458984,2.346005916595459,82.12992095947266,32.482669830322266,0.0,policies,82.12992095947266
lerobot\src\lerobot\annotations\steerable_pipeline\staging.py,0.0,0.0,1.893577218055725,9.929895401000977,0.8222814798355103,robot_devices,9.929895401000977
lerobot\src\lerobot\policies\molmoact2\molmoact2_hf_model\processing_molmoact2.py,1.5784308910369873,0.6208968758583069,59.35773849487305,2.607975482940674,7.620997428894043,policies,59.35773849487305
lerobot\src\lerobot\policies\vla_jepa\__init__.py,0.0,0.0,73.11285400390625,3.3137423992156982,0.0,policies,73.11285400390625
lerobot\src\lerobot\policies\lingbot_va\processor_lingbot_va.py,19.693328857421875,2.344177484512329,78.56640625,32.389305114746094,0.0,policies,78.56640625
lerobot\tests\rewards\test_reward_model_base.py,25.152729034423828,9.37675952911377,11.666767120361328,74.6233139038086,9.737234115600586,robot_devices,74.6233139038086
lerobot\src\lerobot\robots\rebot_b601_follower\rebot_b601_follower.py,63.68021774291992,2.6781718730926514,7.440949440002441,67.87345123291016,11.880504608154297,robot_devices,67.87345123291016
lerobot\src\lerobot\teleoperators\reachy2_teleoperator\config_reachy2_teleoperator.py,13.59235954284668,0.6343536972999573,0.3746696710586548,51.30843734741211,0.3803001642227173,robot_devices,51.30843734741211
lerobot\src\lerobot\policies\lingbot_va\modeling_lingbot_va.py,23.433286666870117,6.675770282745361,58.55606460571289,71.20099639892578,10.251456260681152,robot_devices,71.20099639892578
lerobot\src\lerobot\utils\transition.py,1.4106801748275757,0.0,2.2022643089294434,36.16252899169922,0.0,robot_devices,36.16252899169922
lerobot\tests\async_inference\test_helpers.py,3.8641197681427,4.158324241638184,8.12687873840332,71.13574981689453,9.116375923156738,robot_devices,71.13574981689453
lerobot\src\lerobot\scripts\lerobot_annotate.py,17.100404739379883,3.193053722381592,3.1329431533813477,17.61473274230957,10.248552322387695,robot_devices,17.61473274230957
lerobot\tests\policies\pi0_pi05\test_pi05_compile.py,17.997486114501953,1.2679665088653564,75.62847137451172,34.72976303100586,6.015289306640625,policies,75.62847137451172
lerobot\src\lerobot\rewards\robometer\compute_rabc_weights.py,20.413232803344727,3.158459186553955,10.414316177368164,35.88897705078125,15.216482162475586,robot_devices,35.88897705078125
lerobot\src\lerobot\rollout\ring_buffer.py,0.0,0.0,0.0,2.972682237625122,0.35924506187438965,robot_devices,2.972682237625122
lerobot\src\lerobot\policies\evo1\internvl3_embedder.py,18.495641708374023,1.4982819557189941,61.84666442871094,38.37686538696289,11.057354927062988,policies,61.84666442871094
lerobot\src\lerobot\processor\migrate_policy_normalization.py,25.8785400390625,7.86680793762207,23.654701232910156,42.042606353759766,13.535908699035645,robot_devices,42.042606353759766
lerobot\src\lerobot\policies\molmoact2\molmoact2_hf_model\video_processing_molmoact2.py,1.2374327182769775,26.190250396728516,56.13185119628906,3.671454429626465,12.527253150939941,policies,56.13185119628906
lerobot\tests\policies\pi0_pi05\openpi_pytorch\__init__.py,0.0,0.5989311933517456,76.72050476074219,0.0,0.0,policies,76.72050476074219
lerobot\tests\utils\test_logging_utils.py,0.5744777321815491,1.0358651876449585,0.810095489025116,26.823389053344727,3.1581904888153076,robot_devices,26.823389053344727
lerobot\src\lerobot\robots\so_follower\__init__.py,0.0,0.7323105335235596,0.0,46.54360580444336,0.39512351155281067,robot_devices,46.54360580444336
lerobot\src\lerobot\envs\metaworld.py,19.70955467224121,69.7332534790039,75.08418273925781,41.126827239990234,7.797416687011719,policies,75.08418273925781
lerobot\examples\phone_to_so100\evaluate.py,20.23697853088379,74.9901351928711,11.58165454864502,84.08727264404297,8.61374282836914,robot_devices,84.08727264404297
lerobot\tests\datasets\test_dataset_writer.py,0.857619047164917,1.2346694469451904,1.3644813299179077,9.226117134094238,4.320333003997803,robot_devices,9.226117134094238
lerobot\src\lerobot\policies\groot\groot_n1_7.py,22.56052589416504,2.9255661964416504,63.99375534057617,36.75712203979492,11.945405006408691,policies,63.99375534057617
lerobot\examples\phone_to_so100\rollout.py,19.683259963989258,3.9672579765319824,11.550716400146484,52.53680419921875,3.4820518493652344,robot_devices,52.53680419921875
lerobot\tests\transport\test_transport_utils.py,0.9432582855224609,0.2605518698692322,2.082754135131836,27.97536277770996,6.264623641967773,robot_devices,27.97536277770996
lerobot\src\lerobot\teleoperators\unitree_g1\exo_calib.py,0.7465238571166992,2.5941882133483887,4.293434143066406,7.4695563316345215,8.541511535644531,utilities,8.541511535644531
lerobot\src\lerobot\datasets\language_render.py,2.4540090560913086,1.8853801488876343,2.2597756385803223,3.422689199447632,2.561563730239868,robot_devices,3.422689199447632
lerobot\tests\datasets\test_video_encoding.py,13.560461044311523,2.1641757488250732,5.4944353103637695,7.409963607788086,4.8963398933410645,configs,13.560461044311523
lerobot\src\lerobot\policies\evo1\processor_evo1.py,22.14140510559082,2.7857396602630615,64.29875183105469,32.337127685546875,0.7738459706306458,policies,64.29875183105469
lerobot\src\lerobot\policies\wall_x\processor_wall_x.py,19.66461944580078,3.844193935394287,77.00253295898438,73.69381713867188,0.0,policies,77.00253295898438
lerobot\src\lerobot\processor\tokenizer_processor.py,19.906063079833984,4.713926792144775,10.398184776306152,73.48995971679688,5.762388706207275,robot_devices,73.48995971679688
lerobot\tests\policies\pi0_pi05\test_pi05_rtc.py,21.88959503173828,3.3802449703216553,69.86064147949219,32.30836868286133,1.0043601989746094,policies,69.86064147949219
lerobot\src\lerobot\motors\damiao\tables.py,0.29133349657058716,0.0,7.438871383666992,7.143857955932617,2.1476027965545654,policies,7.438871383666992
lerobot\src\lerobot\scripts\lerobot_setup_can.py,0.20474356412887573,2.150867462158203,4.246048927307129,17.799053192138672,3.524496078491211,robot_devices,17.799053192138672
lerobot\examples\isaac_teleop_to_so101\override_reset_pose.py,0.3973323702812195,0.8277841806411743,0.59945148229599,49.09367752075195,3.8483619689941406,robot_devices,49.09367752075195
lerobot\src\lerobot\common\train_utils.py,14.943215370178223,5.101224422454834,8.943071365356445,3.1614832878112793,9.978736877441406,configs,14.943215370178223
lerobot\tests\envs\test_robotwin.py,15.804766654968262,7.362783432006836,2.0840003490448,49.39692306518555,6.771658897399902,robot_devices,49.39692306518555
lerobot\tests\datasets\test_sampler.py,0.9568266868591309,3.029038906097412,3.8379297256469727,3.0241966247558594,3.918165683746338,utilities,3.918165683746338
lerobot\tests\datasets\test_aggregate.py,1.8000627756118774,2.528812885284424,2.2442922592163086,55.823028564453125,12.31506061553955,robot_devices,55.823028564453125
lerobot\src\lerobot\optim\schedulers.py,3.3593850135803223,3.022271156311035,7.159420967102051,2.987480640411377,10.380850791931152,utilities,10.380850791931152
lerobot\src\lerobot\teleoperators\teleoperator.py,17.85173797607422,0.0,1.650453805923462,45.954322814941406,2.1748158931732178,robot_devices,45.954322814941406
lerobot\src\lerobot\policies\vla_jepa\qwen_interface.py,20.073627471923828,0.0,75.3995590209961,34.076473236083984,1.9688425064086914,policies,75.3995590209961
lerobot\src\lerobot\rl\algorithms\base.py,21.457019805908203,7.548216342926025,10.699277877807617,37.133338928222656,8.051360130310059,robot_devices,37.133338928222656
lerobot\src\lerobot\teleoperators\unitree_g1\unitree_g1.py,19.322237014770508,2.8758797645568848,4.694437503814697,12.340137481689453,14.164873123168945,configs,19.322237014770508
lerobot\tests\datasets\test_streaming.py,1.8623325824737549,0.30286046862602234,2.065035343170166,10.649600982666016,6.772669792175293,robot_devices,10.649600982666016
lerobot\src\lerobot\policies\fastwam\wan\adapters.py,15.421785354614258,0.0,68.99598693847656,36.63785934448242,1.9786927700042725,policies,68.99598693847656
lerobot\src\lerobot\cameras\reachy2_camera\__init__.py,0.0,0.0,0.0,6.680948257446289,0.0,robot_devices,6.680948257446289
lerobot\src\lerobot\teleoperators\openarm_mini\openarm_mini.py,21.81782341003418,2.2037525177001953,7.964493751525879,51.02497482299805,7.4677934646606445,robot_devices,51.02497482299805
lerobot\src\lerobot\transport\services_pb2_grpc.py,1.0,1.0,7.778701305389404,32.97724533081055,13.535568237304688,robot_devices,32.97724533081055
lerobot\examples\so100_to_so100_EE\record.py,16.659534454345703,56.204444885253906,1.970944881439209,54.97549819946289,6.830840110778809,environments,56.204444885253906
lerobot\tests\policies\pi0_pi05\utils\__init__.py,0.0,0.5994324684143066,76.75374603271484,0.0,0.0,policies,76.75374603271484
lerobot\src\lerobot\policies\rtc\debug_visualizer.py,0.41077736020088196,0.0,68.90048217773438,2.9376273155212402,1.18587327003479,policies,68.90048217773438
lerobot\src\lerobot\rl\algorithms\sac\__init__.py,0.0,0.0,0.0,3.330355167388916,0.0,robot_devices,3.330355167388916
lerobot\scripts\ci\parse_eval_metrics.py,3.2927651405334473,62.072113037109375,5.509279727935791,0.936171293258667,4.1990509033203125,environments,62.072113037109375
lerobot\src\lerobot\utils\action_interpolator.py,0.0,0.0,1.28489089012146,6.1732940673828125,2.69058895111084,robot_devices,6.1732940673828125
lerobot\src\lerobot\processor\rename_processor.py,13.853649139404297,1.0,2.357651948928833,3.0085840225219727,1.0479896068572998,configs,13.853649139404297
lerobot\src\lerobot\policies\vla_jepa\processor_vla_jepa.py,20.451021194458008,2.2434282302856445,74.33965301513672,30.395658493041992,0.4615175127983093,policies,74.33965301513672
lerobot\src\lerobot\policies\molmoact2\molmoact2_hf_model\image_processing_molmoact2.py,1.147106647491455,0.0,57.28709411621094,1.9914191961288452,4.691261291503906,policies,57.28709411621094
lerobot\src\lerobot\__init__.py,7.51649284362793,7.51649284362793,0.0,9.101846694946289,4.861722946166992,robot_devices,9.101846694946289
lerobot\tests\utils\test_replay_buffer.py,0.8773363828659058,0.18983393907546997,2.2694709300994873,33.950862884521484,4.101573467254639,robot_devices,33.950862884521484
lerobot\src\lerobot\rewards\classifier\processor_classifier.py,19.754039764404297,2.310103178024292,8.890706062316895,32.76645278930664,0.0,robot_devices,32.76645278930664
lerobot\src\lerobot\policies\lingbot_va\configuration_lingbot_va.py,3.2645890712738037,2.303091526031494,71.33329010009766,23.172536849975586,2.1980514526367188,policies,71.33329010009766
lerobot\src\lerobot\rewards\sarm\compute_rabc_weights.py,19.413991928100586,3.4598941802978516,10.257532119750977,35.30535125732422,15.312654495239258,robot_devices,35.30535125732422
lerobot\src\lerobot\processor\render_messages_processor.py,2.0,2.7995963096618652,2.274568796157837,3.0085840225219727,1.0,robot_devices,3.0085840225219727
lerobot\examples\tutorial\async-inf\policy_server.py,18.131389617919922,2.0914413928985596,4.182882785797119,0.0,0.8018777966499329,configs,18.131389617919922
lerobot\tests\artifacts\datasets\save_dataset_to_safetensors.py,0.0,0.635138988494873,0.0,4.339344501495361,2.8094165325164795,robot_devices,4.339344501495361
lerobot\tests\jobs\test_hf.py,23.1166934967041,8.28530216217041,11.11722183227539,20.841745376586914,11.586181640625,configs,23.1166934967041
lerobot\src\lerobot\policies\eo1\configuration_eo1.py,22.735158920288086,3.087496280670166,72.26392364501953,3.1643402576446533,4.366945266723633,policies,72.26392364501953
lerobot\src\lerobot\configs\parser.py,66.05854797363281,0.0,3.183014154434204,5.2696852684021,7.779563903808594,configs,66.05854797363281
lerobot\src\lerobot\policies\eo1\__init__.py,0.0,0.0,73.17466735839844,3.3192615509033203,0.0,policies,73.17466735839844
lerobot\examples\port_datasets\slurm_port_shards.py,1.7475848197937012,4.116450309753418,1.0774238109588623,1.6979424953460693,9.9918851852417,utilities,9.9918851852417
lerobot\examples\tutorial\diffusion\diffusion_training_example.py,5.493463039398193,5.87517786026001,10.417654037475586,76.86402130126953,10.142269134521484,robot_devices,76.86402130126953
lerobot\src\lerobot\teleoperators\bi_openarm_leader\config_bi_openarm_leader.py,16.77837562561035,0.0,0.3415059745311737,3.2783102989196777,0.0,configs,16.77837562561035
lerobot\tests\policies\pi0_pi05\utils\torch_compile.py,13.187722206115723,0.3502562642097473,67.30440521240234,15.05711555480957,4.369063377380371,policies,67.30440521240234
lerobot\tests\processor\test_device_processor.py,17.758991241455078,5.49077033996582,9.942129135131836,116.40695190429688,6.66318416595459,robot_devices,116.40695190429688
lerobot\tests\rl\test_data_mixer.py,0.5741527676582336,0.5040841102600098,1.6583878993988037,29.86832046508789,2.4074249267578125,robot_devices,29.86832046508789
lerobot\examples\tutorial\rl\reward_classifier_example.py,19.04250717163086,2.4300785064697266,4.826412200927734,35.66090774536133,7.102351188659668,robot_devices,35.66090774536133
lerobot\src\lerobot\policies\rtc\modeling_rtc.py,19.60739517211914,1.3834202289581299,65.2720947265625,25.11620330810547,9.058119773864746,policies,65.2720947265625
lerobot\tests\policies\groot\test_groot_n1_7_oss_parity.py,62.404422760009766,0.915573000907898,70.29756927490234,25.144929885864258,3.424675941467285,policies,70.29756927490234
lerobot\tests\annotations\test_validator.py,0.0,0.48761090636253357,0.3547627627849579,9.582930564880371,3.174644708633423,robot_devices,9.582930564880371
lerobot\src\lerobot\policies\pi05\processor_pi05.py,21.0640926361084,5.317511558532715,76.63239288330078,30.395658493041992,0.7878085970878601,policies,76.63239288330078
lerobot\src\lerobot\envs\robocasa.py,1.1974244117736816,44.60559844970703,5.1788177490234375,49.08533477783203,7.140137672424316,robot_devices,49.08533477783203
lerobot\src\lerobot\robots\omx_follower\config_omx_follower.py,13.857832908630371,0.7186036109924316,0.0,48.98283004760742,1.0527641773223877,robot_devices,48.98283004760742
lerobot\tests\policies\smolvla\test_smolvla_rtc.py,21.883678436279297,3.4095041751861572,67.19467163085938,32.69631576538086,3.575319766998291,policies,67.19467163085938
lerobot\tests\test_yaml_policy_path.py,21.42975616455078,3.0966169834136963,8.763618469238281,4.951082229614258,3.032144069671631,configs,21.42975616455078
lerobot\src\lerobot\teleoperators\rebot_102_leader\__init__.py,0.0,0.0,0.0,8.420792579650879,0.0,robot_devices,8.420792579650879
lerobot\examples\tutorial\diffusion\diffusion_using_example.py,16.116714477539062,0.821198582649231,10.289207458496094,81.53639221191406,4.759870529174805,robot_devices,81.53639221191406
lerobot\src\lerobot\rewards\robometer\__init__.py,0.0,0.0,0.0,3.3192615509033203,0.0,robot_devices,3.3192615509033203
lerobot\src\lerobot\policies\evo1\configuration_evo1.py,19.033851623535156,5.724761962890625,71.17443084716797,5.348862648010254,8.156651496887207,policies,71.17443084716797
lerobot\tests\rewards\test_modeling_robometer.py,19.929960250854492,2.6629109382629395,7.633234977722168,29.179216384887695,6.362396240234375,robot_devices,29.179216384887695
lerobot\src\lerobot\policies\gaussian_actor\modeling_gaussian_actor.py,22.41763687133789,35.59770202636719,65.5321044921875,30.167503356933594,4.114511489868164,policies,65.5321044921875
lerobot\src\lerobot\rollout\context.py,22.849328994750977,7.519528388977051,71.58740997314453,89.09223937988281,12.060983657836914,robot_devices,89.09223937988281
lerobot\src\lerobot\scripts\lerobot_edit_dataset.py,17.2216739654541,2.954329490661621,4.399150371551514,14.801081657409668,10.46147346496582,configs,17.2216739654541
lerobot\tests\rewards\test_classifier_processor.py,20.443395614624023,1.3615731000900269,5.473418712615967,33.000885009765625,2.0070128440856934,robot_devices,33.000885009765625
lerobot\scripts\ci\extract_task_descriptions.py,0.9457066655158997,56.025672912597656,3.0660243034362793,41.459938049316406,4.183913707733154,environments,56.025672912597656
lerobot\src\lerobot\annotations\steerable_pipeline\writer.py,0.9146034717559814,0.0,1.8221611976623535,8.986949920654297,3.426051616668701,robot_devices,8.986949920654297
lerobot\src\lerobot\policies\vla_jepa\modeling_vla_jepa.py,22.43290138244629,5.379940986633301,65.67874145507812,72.97550964355469,10.648307800292969,robot_devices,72.97550964355469
lerobot\src\lerobot\cameras\reachy2_camera\reachy2_camera.py,21.424299240112305,0.0,5.515510082244873,8.296414375305176,7.016880989074707,configs,21.424299240112305
lerobot\tests\processor\test_normalize_processor.py,16.581857681274414,2.7197678089141846,11.27834415435791,66.97757720947266,5.161858558654785,robot_devices,66.97757720947266
lerobot\src\lerobot\policies\eo1\processor_eo1.py,21.537065505981445,5.539896011352539,69.42886352539062,27.151220321655273,4.720023155212402,policies,69.42886352539062
lerobot\src\lerobot\robots\bi_so_follower\bi_so_follower.py,18.65916633605957,1.0300474166870117,1.921016812324524,59.29036331176758,3.651670217514038,robot_devices,59.29036331176758
lerobot\src\lerobot\annotations\__init__.py,0.0,0.0,0.0,3.3415236473083496,0.0,robot_devices,3.3415236473083496
lerobot\tests\processor\test_observation_processor.py,16.128156661987305,88.74916076660156,4.61446475982666,3.5632596015930176,1.3249797821044922,environments,88.74916076660156
lerobot\src\lerobot\teleoperators\omx_leader\config_omx_leader.py,14.04065227508545,0.0,0.0,3.286419630050659,0.6694929003715515,configs,14.04065227508545
lerobot\tests\motors\test_feetech.py,0.0,0.22861498594284058,9.329001426696777,15.929397583007812,7.168977737426758,robot_devices,15.929397583007812
lerobot\src\lerobot\motors\calibration_gui.py,1.2840229272842407,0.0,7.159677982330322,12.062517166137695,4.399731636047363,robot_devices,12.062517166137695
lerobot\src\lerobot\processor\observation_processor.py,2.0784530639648438,80.84185028076172,2.0,2.600323438644409,0.4973722994327545,environments,80.84185028076172
lerobot\src\lerobot\async_inference\configs.py,66.42789459228516,92.10649871826172,11.272192001342773,79.91938781738281,7.346437931060791,environments,92.10649871826172
lerobot\src\lerobot\robots\bi_rebot_b601_follower\__init__.py,0.0,0.7365865707397461,0.0,51.6953239440918,0.0,robot_devices,51.6953239440918
lerobot\src\lerobot\envs\factory.py,14.990168571472168,67.69355773925781,7.088993072509766,4.754978656768799,4.481494426727295,environments,67.69355773925781
lerobot\tests\utils\test_collate.py,0.0,0.5156989097595215,1.0,4.499403953552246,1.793927788734436,robot_devices,4.499403953552246
lerobot\tests\datasets\test_datasets.py,14.92638111114502,6.150843143463135,9.647741317749023,51.13987350463867,11.836177825927734,robot_devices,51.13987350463867
lerobot\src\lerobot\envs\libero.py,1.2752256393432617,40.39483642578125,6.381399631500244,67.1052474975586,10.029426574707031,robot_devices,67.1052474975586
lerobot\src\lerobot\motors\robstride\__init__.py,0.0,0.0,0.0,6.013018608093262,0.0,robot_devices,6.013018608093262
lerobot\tests\policies\rtc\test_action_interpolator.py,2.0586097240448,3.6625351905822754,59.997894287109375,46.30007553100586,3.083794116973877,policies,59.997894287109375
lerobot\src\lerobot\rl\data_sources\data_mixer.py,0.0,0.0,0.34083083271980286,3.670077323913574,0.5124616622924805,robot_devices,3.670077323913574
lerobot\src\lerobot\cameras\utils.py,68.25011444091797,0.0,0.9602159261703491,34.90525817871094,0.0,configs,68.25011444091797
lerobot\src\lerobot\datasets\lerobot_dataset.py,2.6988272666931152,2.3508553504943848,2.7274622917175293,53.25865173339844,13.480977058410645,robot_devices,53.25865173339844
lerobot\tests\rewards\test_modeling_topreward.py,18.21194839477539,0.9460779428482056,7.666921615600586,32.062076568603516,5.376084327697754,robot_devices,32.062076568603516
lerobot\tests\fixtures\optimizers.py,18.537254333496094,3.3674046993255615,4.90492057800293,0.0,4.499753952026367,configs,18.537254333496094
lerobot\src\lerobot\rl\algorithms\sac\configuration_sac.py,20.229936599731445,3.948857307434082,5.995973110198975,3.401184558868408,0.7569179534912109,configs,20.229936599731445
lerobot\tests\utils\test_rerun_visualization.py,1.1943187713623047,0.36157307028770447,2.276113986968994,7.925323486328125,5.798091888427734,robot_devices,7.925323486328125
lerobot\src\lerobot\teleoperators\keyboard\__init__.py,0.0,0.0,0.0,3.3137423992156982,0.0,robot_devices,3.3137423992156982
lerobot\src\lerobot\scripts\lerobot_info.py,2.1689205169677734,0.0,5.698854923248291,29.67659568786621,7.0617356300354,robot_devices,29.67659568786621
lerobot\tests\motors\test_motors_bus.py,0.0,0.28730928897857666,6.968823432922363,8.324982643127441,5.590121746063232,robot_devices,8.324982643127441
lerobot\src\lerobot\motors\robstride\tables.py,0.0,2.7800393104553223,4.9200520515441895,7.404748916625977,1.3391518592834473,robot_devices,7.404748916625977
lerobot\src\lerobot\datasets\video_utils.py,4.683224201202393,3.212692975997925,7.717444896697998,5.649159908294678,16.918500900268555,utilities,16.918500900268555
lerobot\src\lerobot\policies\utils.py,14.985058784484863,61.481327056884766,79.34365844726562,84.85413360595703,5.475281238555908,robot_devices,84.85413360595703
lerobot\tests\processor\test_render_messages_processor.py,1.0,2.415886878967285,0.0,3.949951648712158,2.802734851837158,robot_devices,3.949951648712158
lerobot\src\lerobot\processor\batch_processor.py,1.0,1.928215742111206,3.0,2.9534215927124023,0.4257940948009491,policies,3.0
lerobot\src\lerobot\policies\wall_x\__init__.py,0.0,0.0,73.11285400390625,3.3137423992156982,0.0,policies,73.11285400390625
lerobot\src\lerobot\datasets\aggregate.py,1.8826186656951904,3.718555450439453,0.6927159428596497,54.05257797241211,8.876825332641602,robot_devices,54.05257797241211
lerobot\src\lerobot\policies\wall_x\utils.py,2.462312698364258,2.384181022644043,62.69160461425781,41.9401969909668,4.572211265563965,policies,62.69160461425781
lerobot\src\lerobot\processor\converters.py,2.7921142578125,3.2481300830841064,8.791314125061035,78.21900177001953,0.6528053879737854,robot_devices,78.21900177001953
lerobot\src\lerobot\rollout\configs.py,64.9994888305664,3.953874349594116,7.690150260925293,78.58324432373047,5.755657196044922,robot_devices,78.58324432373047
lerobot\src\lerobot\policies\pi0_fast\__init__.py,0.0,0.0,75.7329330444336,3.3137423992156982,0.0,policies,75.7329330444336
lerobot\src\lerobot\policies\multi_task_dit\processor_multi_task_dit.py,21.477203369140625,3.186038017272949,78.21833038330078,33.76972579956055,0.4271571934223175,policies,78.21833038330078
lerobot\tests\datasets\test_dataset_utils.py,59.40300750732422,3.3006467819213867,2.1713430881500244,42.056602478027344,3.3983073234558105,configs,59.40300750732422
lerobot\src\lerobot\policies\evo1\__init__.py,0.0,0.0,73.17466735839844,3.3192615509033203,0.0,policies,73.17466735839844
lerobot\src\lerobot\scripts\lerobot_find_joint_limits.py,18.18143653869629,2.899150848388672,2.3923747539520264,124.62982940673828,5.550966262817383,robot_devices,124.62982940673828
lerobot\src\lerobot\policies\act\__init__.py,0.0,0.0,75.20645141601562,3.3192615509033203,0.0,policies,75.20645141601562
lerobot\src\lerobot\rollout\robot_wrapper.py,0.4090224802494049,0.8501163721084595,1.3633683919906616,50.97548294067383,0.0,robot_devices,50.97548294067383
lerobot\src\lerobot\scripts\lerobot_train_tokenizer.py,3.997361183166504,3.2829670906066895,12.160022735595703,7.442320823669434,16.379194259643555,utilities,16.379194259643555
lerobot\examples\backward_compatibility\replay.py,15.101139068603516,0.8262541890144348,1.819301724433899,51.06174087524414,3.624239921569824,robot_devices,51.06174087524414
lerobot\src\lerobot\policies\diffusion\processor_diffusion.py,19.886775970458984,2.346005916595459,82.9024658203125,32.482669830322266,0.0,policies,82.9024658203125
lerobot\examples\omx\reset_environment.py,0.0,45.49186706542969,5.199400901794434,47.58394241333008,6.455049991607666,robot_devices,47.58394241333008
lerobot\src\lerobot\policies\diffusion\configuration_diffusion.py,3.7934024333953857,55.25983428955078,74.11500549316406,4.904849529266357,3.681089401245117,policies,74.11500549316406
lerobot\src\lerobot\policies\molmoact2\molmoact2_hf_model\inference.py,18.706342697143555,2.7883803844451904,55.13051986694336,33.170284271240234,5.784924507141113,policies,55.13051986694336
lerobot\examples\lekiwi\rollout.py,19.53620147705078,3.9647841453552246,9.719231605529785,44.494808197021484,2.796067714691162,robot_devices,44.494808197021484
lerobot\src\lerobot\policies\smolvla\__init__.py,0.0,0.0,73.17466735839844,3.3192615509033203,0.0,policies,73.17466735839844
lerobot\src\lerobot\annotations\steerable_pipeline\modules\plan_subtasks_memory.py,18.36864471435547,6.199446678161621,3.9102561473846436,43.58980178833008,8.542133331298828,robot_devices,43.58980178833008
lerobot\src\lerobot\configs\rewards.py,68.64334106445312,2.8449039459228516,8.989545822143555,36.56578826904297,8.707056999206543,configs,68.64334106445312
lerobot\tests\annotations\run_e2e_smoke.py,17.59267807006836,1.0400068759918213,0.0,46.88996124267578,3.5350894927978516,robot_devices,46.88996124267578
lerobot\tests\processor\test_pi05_processor.py,20.107011795043945,2.00917911529541,10.350746154785156,36.780941009521484,1.956552267074585,robot_devices,36.780941009521484
lerobot\src\lerobot\teleoperators\omx_leader\__init__.py,0.0,0.0,0.0,3.330355167388916,0.0,robot_devices,3.330355167388916
lerobot\tests\scripts\test_edit_dataset_parsing.py,17.420516967773438,2.3991787433624268,0.0,2.4961023330688477,1.4927250146865845,configs,17.420516967773438
lerobot\tests\policies\eo1\test_eo1.py,19.641271591186523,3.252467393875122,83.25182342529297,33.07403564453125,3.8817243576049805,policies,83.25182342529297
lerobot\src\lerobot\teleoperators\homunculus\__init__.py,0.0,0.0,0.0,3.3137423992156982,0.0,robot_devices,3.3137423992156982
lerobot\tests\policies\pi0_pi05\openpi_pytorch\preprocessing_pytorch.py,1.4489681720733643,1.9108351469039917,67.6259536743164,34.90677261352539,3.1671411991119385,policies,67.6259536743164
lerobot\src\lerobot\rewards\topreward\__init__.py,0.0,0.0,0.0,3.3192615509033203,0.0,robot_devices,3.3192615509033203
lerobot\examples\isaac_teleop_to_so101\teleoperate.py,0.0,0.803939938545227,1.0,77.55935668945312,0.8088620901107788,robot_devices,77.55935668945312
lerobot\src\lerobot\utils\keyboard_input.py,1.697598934173584,3.2385811805725098,0.5018870830535889,10.07295036315918,9.591289520263672,robot_devices,10.07295036315918
lerobot\src\lerobot\teleoperators\homunculus\homunculus_arm.py,16.874544143676758,0.0,5.311306476593018,7.168346881866455,8.190296173095703,configs,16.874544143676758
lerobot\src\lerobot\teleoperators\phone\__init__.py,0.0,0.0,0.0,3.3331403732299805,0.0,robot_devices,3.3331403732299805
lerobot\src\lerobot\policies\wall_x\qwen_model\qwen2_5_vl_moe.py,26.552080154418945,4.081258296966553,52.51854705810547,33.61369323730469,9.325297355651855,policies,52.51854705810547
lerobot\src\lerobot\teleoperators\bi_openarm_mini\config_bi_openarm_mini.py,16.77837562561035,0.0,0.3415059745311737,3.2783102989196777,0.0,configs,16.77837562561035
lerobot\tests\fixtures\constants.py,1.2326796054840088,1.1644054651260376,3.454432725906372,48.9008674621582,5.266212463378906,robot_devices,48.9008674621582
lerobot\tests\policies\groot\test_groot_training_optim_contract.py,20.63774871826172,3.5962488651275635,72.03759002685547,5.316736698150635,6.02938175201416,policies,72.03759002685547
lerobot\tests\policies\vla_jepa\test_world_model.py,0.48062074184417725,0.5098253488540649,72.51490783691406,0.3906473219394684,2.634586811065674,policies,72.51490783691406
lerobot\src\lerobot\cameras\zmq\configuration_zmq.py,1.6451406478881836,3.4787957668304443,1.776269555091858,8.371707916259766,2.6583752632141113,robot_devices,8.371707916259766
lerobot\tests\policies\rtc\test_rtc_relative_actions.py,18.600048065185547,3.479318618774414,83.4464340209961,59.20430374145508,5.14541482925415,policies,83.4464340209961
lerobot\src\lerobot\policies\molmoact2\molmoact2_hf_model\modeling_molmoact2.py,22.664745330810547,4.345143795013428,52.99003601074219,79.48107147216797,18.00127410888672,robot_devices,79.48107147216797
lerobot\examples\so100_to_so100_EE\rollout.py,19.683259963989258,3.9672579765319824,11.550716400146484,52.53680419921875,3.4820518493652344,robot_devices,52.53680419921875
lerobot\src\lerobot\policies\rtc\debug_tracker.py,0.4438748359680176,0.0,64.60326385498047,2.811117172241211,4.613104820251465,policies,64.60326385498047
lerobot\src\lerobot\scripts\lerobot_setup_motors.py,19.508764266967773,3.212500810623169,0.0,160.1262969970703,0.0,robot_devices,160.1262969970703
lerobot\tests\mocks\mock_serial_patch.py,0.0,0.5716811418533325,0.0,0.0,0.468902051448822,environments,0.5716811418533325
lerobot\src\lerobot\rl\buffer.py,2.5359973907470703,1.5008628368377686,2.9820125102996826,80.61515808105469,3.8056559562683105,robot_devices,80.61515808105469
lerobot\src\lerobot\teleoperators\so_leader\so_leader.py,17.394960403442383,2.493607521057129,4.750161647796631,15.155475616455078,9.199053764343262,configs,17.394960403442383
lerobot\src\lerobot\processor\normalize_processor.py,16.986129760742188,3.352559804916382,9.664295196533203,73.22014617919922,2.72947359085083,robot_devices,73.22014617919922
lerobot\tests\annotations\conftest.py,0.0,0.5753551721572876,0.0,5.6420087814331055,0.28899240493774414,robot_devices,5.6420087814331055
lerobot\src\lerobot\teleoperators\unitree_g1\exo_serial.py,1.3290870189666748,0.0,0.6092721819877625,7.153594970703125,8.808337211608887,utilities,8.808337211608887
lerobot\tests\policies\vla_jepa\test_action_head.py,19.340299606323242,0.4003821611404419,62.90087127685547,23.474512100219727,2.75270676612854,policies,62.90087127685547
lerobot\src\lerobot\policies\wall_x\modeling_wall_x.py,21.749500274658203,4.076420307159424,58.2864990234375,34.33894729614258,10.831562995910645,policies,58.2864990234375
lerobot\tests\fixtures\dataset_factories.py,1.2200853824615479,4.077938079833984,3.7868876457214355,55.48533630371094,8.380006790161133,robot_devices,55.48533630371094
lerobot\src\lerobot\teleoperators\unitree_g1\__init__.py,0.0,0.0,0.0,3.316499710083008,0.0,robot_devices,3.316499710083008
lerobot\src\lerobot\teleoperators\homunculus\homunculus_glove.py,16.859901428222656,0.0,5.692705154418945,6.92665433883667,7.8295183181762695,configs,16.859901428222656
lerobot\src\lerobot\envs\utils.py,5.049446105957031,76.8366470336914,65.89867401123047,47.80467987060547,12.657979011535645,environments,76.8366470336914
lerobot\src\lerobot\policies\xvla\configuration_florence2.py,20.517610549926758,1.2063877582550049,68.67327880859375,2.911637306213379,3.6695351600646973,policies,68.67327880859375
lerobot\src\lerobot\policies\tdmpc\__init__.py,0.0,0.0,76.19380950927734,3.3192615509033203,0.0,policies,76.19380950927734
lerobot\src\lerobot\teleoperators\openarm_leader\config_openarm_leader.py,15.209039688110352,0.0,0.5621062517166138,9.686677932739258,3.7004268169403076,configs,15.209039688110352
lerobot\src\lerobot\teleoperators\omx_leader\omx_leader.py,18.83403778076172,1.3030915260314941,5.512182235717773,13.698867797851562,7.112348556518555,configs,18.83403778076172
lerobot\examples\port_datasets\display_error_files.py,0.39173436164855957,1.4725887775421143,0.32030540704727173,1.8869099617004395,6.450364112854004,utilities,6.450364112854004
lerobot\src\lerobot\teleoperators\rebot_102_leader\config_rebot_102_leader.py,13.010782241821289,0.0,1.9796396493911743,8.886299133300781,1.5723326206207275,configs,13.010782241821289
lerobot\src\lerobot\policies\xvla\configuration_xvla.py,22.892545700073242,3.4780447483062744,71.59990692138672,46.94232940673828,2.1131138801574707,policies,71.59990692138672
lerobot\src\lerobot\rollout\__init__.py,1.0,1.0,2.0,3.1513051986694336,3.41518497467041,utilities,3.41518497467041
lerobot\src\lerobot\policies\pi0_fast\configuration_pi0_fast.py,14.428350448608398,2.329739570617676,77.96434783935547,26.638023376464844,1.6551737785339355,policies,77.96434783935547
lerobot\tests\policies\pi0_pi05\test_pi0_compile.py,18.06672477722168,1.2679665088653564,75.83113861083984,34.84197235107422,6.015289306640625,policies,75.83113861083984
lerobot\src\lerobot\utils\random_utils.py,0.3391009271144867,0.0,0.27564454078674316,2.6106009483337402,1.7300164699554443,robot_devices,2.6106009483337402
lerobot\src\lerobot\policies\diffusion\__init__.py,0.0,0.0,76.96887969970703,3.3192615509033203,0.0,policies,76.96887969970703
lerobot\tests\mocks\mock_feetech.py,0.0,0.32019150257110596,2.668064594268799,0.627371072769165,1.5948858261108398,policies,2.668064594268799
lerobot\src\lerobot\teleoperators\unitree_g1\exo_ik.py,1.3000925779342651,0.8154571056365967,9.069564819335938,52.56454086303711,4.870116710662842,robot_devices,52.56454086303711
lerobot\src\lerobot\policies\groot\utils.py,71.59471893310547,0.46705693006515503,60.65537643432617,32.989219665527344,1.278152585029602,configs,71.59471893310547
lerobot\src\lerobot\teleoperators\bi_openarm_leader\__init__.py,0.0,0.0,0.0,3.327575206756592,0.0,robot_devices,3.327575206756592
lerobot\tests\processor\test_batch_processor.py,16.855907440185547,5.807362079620361,5.478280067443848,71.1513900756836,6.41990327835083,robot_devices,71.1513900756836
lerobot\examples\dataset\create_progress_videos.py,1.4499338865280151,3.0053787231445312,3.776674747467041,6.934762001037598,11.517374992370605,utilities,11.517374992370605
lerobot\src\lerobot\rewards\topreward\modeling_topreward.py,19.440752029418945,4.620692729949951,7.018473148345947,34.055477142333984,11.161766052246094,robot_devices,34.055477142333984
lerobot\src\lerobot\rewards\topreward\configuration_topreward.py,3.5239460468292236,4.265965461730957,12.470304489135742,45.1369514465332,0.9300311803817749,robot_devices,45.1369514465332
lerobot\src\lerobot\teleoperators\phone\teleop_phone.py,21.055326461791992,0.7206037044525146,3.4924135208129883,58.18299102783203,8.620601654052734,robot_devices,58.18299102783203
lerobot\src\lerobot\robots\bi_openarm_follower\__init__.py,0.0,0.7372015118598938,0.0,46.60734558105469,0.0,robot_devices,46.60734558105469
lerobot\src\lerobot\envs\vlabench.py,3.2040085792541504,39.30907440185547,7.738243103027344,46.93810272216797,10.732244491577148,robot_devices,46.93810272216797
lerobot\tests\processor\test_rename_processor.py,20.337890625,5.226532936096191,5.494142532348633,44.00527572631836,4.310283660888672,robot_devices,44.00527572631836
lerobot\examples\lekiwi\record.py,17.119937896728516,61.85256576538086,1.3713197708129883,47.84718704223633,6.635688304901123,environments,61.85256576538086
lerobot\tests\policies\pi0_pi05\test_pi0_rtc.py,21.918867111206055,3.3823394775390625,67.85102844238281,32.56733703613281,1.020479440689087,policies,67.85102844238281
lerobot\src\lerobot\policies\vqbet\modeling_vqbet.py,23.046972274780273,32.12675476074219,66.0887680053711,69.12692260742188,5.681352138519287,robot_devices,69.12692260742188
lerobot\examples\phone_to_so100\record.py,16.865406036376953,55.23697280883789,2.611711025238037,56.79449462890625,7.891132354736328,robot_devices,56.79449462890625
lerobot\src\lerobot\annotations\steerable_pipeline\vlm_client.py,20.26725196838379,4.310797691345215,8.274888038635254,52.975650787353516,14.067350387573242,robot_devices,52.975650787353516
lerobot\src\lerobot\rewards\robometer\configuration_robometer.py,21.24359893798828,3.4206600189208984,10.342168807983398,3.7390942573547363,4.078313827514648,configs,21.24359893798828
lerobot\src\lerobot\motors\motors_bus.py,1.0011529922485352,1.5836000442504883,11.62088680267334,12.611368179321289,10.384101867675781,robot_devices,12.611368179321289
lerobot\src\lerobot\rollout\inference\__init__.py,0.0,0.0,0.0,3.2972946166992188,0.0,robot_devices,3.2972946166992188
lerobot\tests\processor\test_converters.py,0.7627803087234497,1.2771717309951782,6.162483215332031,27.409379959106445,0.24312712252140045,robot_devices,27.409379959106445
lerobot\src\lerobot\rl\joint_observations_processor.py,13.832893371582031,1.8193855285644531,2.858156442642212,51.836490631103516,1.2671090364456177,robot_devices,51.836490631103516
lerobot\src\lerobot\rollout\inference\rtc.py,20.60123062133789,3.933802843093872,6.801766872406006,77.61558532714844,3.4906108379364014,robot_devices,77.61558532714844
lerobot\src\lerobot\robots\koch_follower\__init__.py,0.0,0.7378174662590027,0.0,46.94587326049805,0.0,robot_devices,46.94587326049805
lerobot\tests\configs\test_resume_from_hub.py,67.62020874023438,0.5278615355491638,4.150655269622803,4.532625198364258,5.418633460998535,configs,67.62020874023438
lerobot\src\lerobot\processor\factory.py,0.0,0.8479180335998535,1.0,48.07469940185547,0.0,robot_devices,48.07469940185547
lerobot\src\lerobot\robots\unitree_g1\unitree_sdk2_socket.py,16.257144927978516,3.2216973304748535,2.2006618976593018,54.90559768676758,2.960498332977295,robot_devices,54.90559768676758
lerobot\src\lerobot\policies\factory.py,25.424043655395508,44.26921081542969,91.96463012695312,26.723058700561523,12.818649291992188,policies,91.96463012695312
lerobot\src\lerobot\scripts\convert_dataset_v21_to_v30.py,1.937589406967163,3.028107166290283,8.2964506149292,15.025976181030273,14.38410758972168,robot_devices,15.025976181030273
lerobot\src\lerobot\robots\bi_so_follower\config_bi_so_follower.py,16.73988914489746,0.7221296429634094,0.3403874635696411,48.66580581665039,0.8397533893585205,robot_devices,48.66580581665039
lerobot\src\lerobot\utils\sample_weighting.py,23.3812198638916,2.2787606716156006,79.2753677368164,41.98879623413086,3.0647289752960205,policies,79.2753677368164
lerobot\src\lerobot\scripts\lerobot_calibrate.py,16.77608871459961,0.8237521648406982,0.775931715965271,89.5320053100586,2.086304187774658,robot_devices,89.5320053100586
lerobot\tests\configs\test_default.py,68.38719177246094,0.5644720792770386,0.0,0.0,0.48353374004364014,configs,68.38719177246094
lerobot\src\lerobot\rl\learner_service.py,0.30621278285980225,0.0,2.2284836769104004,29.997920989990234,5.708645820617676,robot_devices,29.997920989990234
lerobot\src\lerobot\teleoperators\bi_openarm_mini\bi_openarm_mini.py,18.54850196838379,0.0,1.9892159700393677,46.650245666503906,3.5058791637420654,robot_devices,46.650245666503906
lerobot\src\lerobot\teleoperators\koch_leader\config_koch_leader.py,14.04065227508545,0.0,0.0,3.6765358448028564,0.6694929003715515,configs,14.04065227508545
lerobot\src\lerobot\datasets\dataset_reader.py,50.00646209716797,2.304064989089966,1.3266663551330566,8.423868179321289,3.0617380142211914,configs,50.00646209716797
lerobot\src\lerobot\utils\constants.py,5.9007887840271,80.6316146850586,9.881315231323242,64.2577133178711,9.718120574951172,environments,80.6316146850586
lerobot\tests\datasets\test_language_render.py,1.3693276643753052,2.2310900688171387,1.4684299230575562,6.842730522155762,2.8143982887268066,robot_devices,6.842730522155762
lerobot\tests\annotations\_helpers.py,0.3506191372871399,0.5644720792770386,0.36916446685791016,0.0,4.919363021850586,utilities,4.919363021850586
lerobot\examples\lekiwi\teleoperate.py,17.302143096923828,0.8270184397697449,1.384251594543457,44.842655181884766,1.847435712814331,robot_devices,44.842655181884766
lerobot\src\lerobot\utils\__init__.py,0.0,0.0,1.2912784814834595,33.20286178588867,2.654839515686035,robot_devices,33.20286178588867
lerobot\src\lerobot\model\__init__.py,0.0,0.0,4.04586124420166,39.33872604370117,0.0,robot_devices,39.33872604370117
lerobot\src\lerobot\teleoperators\bi_rebot_102_leader\config_bi_rebot_102_leader.py,16.761859893798828,0.0,0.341025710105896,9.283658981323242,0.0,configs,16.761859893798828
lerobot\src\lerobot\policies\groot\action_head\__init__.py,0.0,0.0,74.26777648925781,6.655150413513184,0.0,policies,74.26777648925781
lerobot\tests\policies\xvla\test_xvla_original_vs_lerobot.py,18.228208541870117,6.240850448608398,68.5791015625,36.69176483154297,4.891308307647705,policies,68.5791015625
lerobot\src\lerobot\policies\molmoact2\modeling_molmoact2.py,25.54789924621582,6.808765411376953,54.96098327636719,38.5244026184082,21.529144287109375,policies,54.96098327636719
lerobot\src\lerobot\robots\bi_rebot_b601_follower\config_bi_rebot_b601_follower.py,16.717975616455078,0.7197751402854919,0.33975160121917725,54.62870407104492,0.3926275372505188,robot_devices,54.62870407104492
lerobot\tests\datasets\test_lerobot_dataset.py,0.573880672454834,3.2321362495422363,3.016984462738037,16.57099723815918,9.811095237731934,robot_devices,16.57099723815918
lerobot\tests\policies\pi0_pi05\openpi_pytorch\image_tools.py,0.8685480952262878,0.5098253488540649,72.62019348144531,0.3410930335521698,4.0703606605529785,policies,72.62019348144531
lerobot\src\lerobot\policies\xvla\soft_transformer.py,3.2738349437713623,1.8674603700637817,62.34174346923828,23.579118728637695,9.278520584106445,policies,62.34174346923828
lerobot\tests\annotations\test_pipeline_recipe_render.py,18.490549087524414,2.7569591999053955,0.7827248573303223,49.88798522949219,6.28513240814209,robot_devices,49.88798522949219
lerobot\src\lerobot\rollout\strategies\factory.py,18.552587509155273,0.0,0.0,3.21744441986084,0.0,configs,18.552587509155273
lerobot\tests\utils\test_random_utils.py,0.0,0.47721415758132935,0.0,0.0,0.48253241181373596,utilities,0.48253241181373596
lerobot\tests\test_control_robot.py,0.0,4.1428303718566895,0.0,56.76905059814453,9.671158790588379,robot_devices,56.76905059814453
lerobot\src\lerobot\rl\eval_policy.py,15.173588752746582,3.104369640350342,6.643658638000488,46.84965515136719,2.613281726837158,robot_devices,46.84965515136719
lerobot\tests\training\test_multi_gpu.py,25.42340660095215,68.05596160888672,11.228591918945312,83.30238342285156,12.0617036819458,robot_devices,83.30238342285156
lerobot\src\lerobot\robots\config.py,17.034595489501953,1.3587126731872559,0.6946698427200317,60.1318244934082,0.3858438730239868,robot_devices,60.1318244934082
lerobot\src\lerobot\policies\diffusion\modeling_diffusion.py,22.21563148498535,4.1915693283081055,62.87419891357422,77.57521057128906,8.840551376342773,robot_devices,77.57521057128906
lerobot\tests\test_available.py,0.0,0.5539931058883667,1.0360132455825806,4.077438831329346,3.904815912246704,robot_devices,4.077438831329346
lerobot\src\lerobot\motors\feetech\feetech.py,0.16974478960037231,0.0,9.885437965393066,12.920811653137207,9.3731107711792,robot_devices,12.920811653137207
lerobot\src\lerobot\policies\xvla\utils.py,3.118515729904175,2.56524920463562,66.12078094482422,4.000457286834717,4.292452812194824,policies,66.12078094482422
lerobot\src\lerobot\rollout\strategies\base.py,3.2500665187835693,5.519824981689453,5.523275375366211,51.18878173828125,11.090293884277344,robot_devices,51.18878173828125
lerobot\src\lerobot\rl\algorithms\factory.py,19.74333381652832,2.3368072509765625,5.821335792541504,4.042889595031738,0.0,configs,19.74333381652832
lerobot\src\lerobot\policies\fastwam\modeling_fastwam.py,22.442184448242188,3.8233213424682617,61.532020568847656,33.72443771362305,11.961102485656738,policies,61.532020568847656
lerobot\tests\rl\test_actor_learner.py,21.927837371826172,4.508309364318848,6.778226852416992,24.083681106567383,11.541281700134277,robot_devices,24.083681106567383
lerobot\src\lerobot\teleoperators\bi_so_leader\__init__.py,0.0,0.0,0.0,3.327575206756592,0.3977624773979187,robot_devices,3.327575206756592
lerobot\src\lerobot\datasets\pyav_utils.py,1.4555943012237549,0.0,3.5731194019317627,2.6447746753692627,4.20896577835083,utilities,4.20896577835083
lerobot\tests\processor\test_libero_processor.py,1.8060271739959717,2.1135916709899902,2.0,42.26274871826172,0.5437241792678833,robot_devices,42.26274871826172
lerobot\tests\policies\lingbot_va\test_processor.py,19.812984466552734,2.798895835876465,72.83204650878906,20.871261596679688,2.555274248123169,policies,72.83204650878906
lerobot\src\lerobot\teleoperators\openarm_leader\__init__.py,0.0,0.0,0.0,3.327575206756592,0.0,robot_devices,3.327575206756592
lerobot\examples\dataset\use_dataset_image_transforms.py,18.381702423095703,1.6363048553466797,0.9920200109481812,3.556513547897339,3.572892189025879,configs,18.381702423095703
lerobot\src\lerobot\robots\hope_jr\__init__.py,0.0,0.7365865707397461,0.0,46.59933090209961,0.0,robot_devices,46.59933090209961
lerobot\src\lerobot\policies\evo1\modeling_evo1.py,23.403772354125977,7.205556869506836,60.9483528137207,39.99776077270508,10.052725791931152,policies,60.9483528137207
lerobot\src\lerobot\configs\default.py,51.60655212402344,2.821887969970703,2.047670364379883,8.727489471435547,5.027356147766113,configs,51.60655212402344
lerobot\tests\rl\test_sac_algorithm.py,23.268238067626953,4.804961681365967,9.617368698120117,26.079111099243164,7.995626449584961,robot_devices,26.079111099243164
lerobot\tests\training\test_visual_validation.py,23.832544326782227,6.126485347747803,6.227606773376465,44.5230598449707,8.455299377441406,robot_devices,44.5230598449707
lerobot\tests\mocks\mock_teleop.py,18.063302993774414,0.5278615355491638,1.7715034484863281,42.83718490600586,0.0,robot_devices,42.83718490600586
lerobot\src\lerobot\utils\rerun_visualization.py,0.7109591960906982,0.0,2.264420986175537,42.75135803222656,9.225836753845215,robot_devices,42.75135803222656
lerobot\src\lerobot\utils\hub.py,17.096229553222656,3.179271697998047,8.8363676071167,4.55170202255249,6.200798988342285,configs,17.096229553222656
lerobot\src\lerobot\cameras\realsense\__init__.py,0.0,0.0,0.0,5.616353988647461,0.0,robot_devices,5.616353988647461
lerobot\src\lerobot\policies\smolvla\smolvlm_with_expert.py,18.499698638916016,0.5871610641479492,61.04890441894531,28.827167510986328,4.95914888381958,policies,61.04890441894531
lerobot\tests\optim\test_schedulers.py,19.75522232055664,3.3301985263824463,2.519031047821045,0.3928503096103668,8.467601776123047,configs,19.75522232055664
lerobot\examples\tutorial\act\act_training_example.py,5.493463039398193,5.87517786026001,7.561424255371094,76.86402130126953,10.104071617126465,robot_devices,76.86402130126953
lerobot\src\lerobot\policies\eo1\modeling_eo1.py,21.83830451965332,2.2221715450286865,57.82917404174805,34.67001724243164,8.567508697509766,policies,57.82917404174805
lerobot\src\lerobot\cameras\realsense\camera_realsense.py,24.532907485961914,6.209620952606201,4.973718643188477,104.6412582397461,8.093265533447266,robot_devices,104.6412582397461
lerobot\src\lerobot\configs\video.py,57.6019172668457,0.0,4.651727676391602,2.6983110904693604,4.382437705993652,configs,57.6019172668457
lerobot\tests\utils\test_process.py,0.3131093978881836,1.1174650192260742,0.0,2.805302619934082,1.8571854829788208,robot_devices,2.805302619934082
lerobot\tests\scripts\test_train_remote_dispatch.py,2.6824748516082764,2.8021135330200195,7.669986724853516,4.465879917144775,1.7162220478057861,policies,7.669986724853516
lerobot\src\lerobot\teleoperators\bi_openarm_mini\__init__.py,0.0,0.0,0.0,3.327575206756592,0.0,robot_devices,3.327575206756592
lerobot\src\lerobot\policies\wall_x\configuration_wall_x.py,17.668209075927734,3.6270244121551514,80.34536743164062,44.842166900634766,1.623779535293579,policies,80.34536743164062
lerobot\src\lerobot\rollout\strategies\sentry.py,19.221107482910156,6.2080607414245605,5.162387847900391,49.6259765625,15.63912296295166,robot_devices,49.6259765625
lerobot\src\lerobot\rewards\sarm\__init__.py,0.0,0.0,0.0,3.3192615509033203,0.0,robot_devices,3.3192615509033203
lerobot\tests\rewards\__init__.py,0.0,0.6009413599967957,0.0,0.0,0.0,environments,0.6009413599967957
lerobot\tests\jobs\test_dataset.py,0.3278786540031433,1.0534155368804932,0.3867684006690979,4.806192874908447,4.435834884643555,robot_devices,4.806192874908447
lerobot\src\lerobot\cameras\reachy2_camera\configuration_reachy2_camera.py,2.0914430618286133,3.470249891281128,1.7739759683609009,8.478813171386719,2.8457446098327637,robot_devices,8.478813171386719
lerobot\src\lerobot\scripts\lerobot_record.py,19.797029495239258,65.21713256835938,9.072432518005371,80.71586608886719,10.98058795928955,robot_devices,80.71586608886719
lerobot\src\lerobot\policies\wall_x\qwen_model\configuration_qwen2_5_vl.py,73.97514343261719,1.6122430562973022,70.3387680053711,2.399914026260376,2.191810131072998,configs,73.97514343261719
lerobot\src\lerobot\robots\unitree_g1\g1_utils.py,0.2504875659942627,0.8151652216911316,1.467095136642456,52.57639694213867,2.2531940937042236,robot_devices,52.57639694213867
lerobot\src\lerobot\scripts\lerobot_rollout.py,0.3836269676685333,0.7848842740058899,3.2597665786743164,56.02720260620117,3.2874627113342285,robot_devices,56.02720260620117
lerobot\tests\datasets\test_dataset_tools.py,0.8417420983314514,3.5871241092681885,2.2509217262268066,10.879585266113281,9.796870231628418,robot_devices,10.879585266113281
lerobot\tests\policies\lingbot_va\test_factory.py,19.024024963378906,2.909803867340088,76.92436981201172,25.01519775390625,1.0,policies,76.92436981201172
lerobot\tests\processor\test_act_processor.py,21.419986724853516,2.3186991214752197,8.485895156860352,32.93693161010742,1.5357542037963867,robot_devices,32.93693161010742
lerobot\src\lerobot\configs\__init__.py,68.54643249511719,2.0,3.0,3.121687889099121,1.0,configs,68.54643249511719
lerobot\src\lerobot\policies\pi0\__init__.py,0.0,0.0,75.79627990722656,3.3192615509033203,0.0,policies,75.79627990722656
lerobot\src\lerobot\policies\rtc\latency_tracker.py,0.27961382269859314,0.0,71.80672454833984,3.131498336791992,0.0,policies,71.80672454833984
lerobot\src\lerobot\rl\trainer.py,2.4558300971984863,2.4558300971984863,0.34514275193214417,3.7070398330688477,4.030281066894531,utilities,4.030281066894531
lerobot\src\lerobot\rl\crop_dataset_roi.py,12.210155487060547,2.4243698120117188,1.3409732580184937,53.0676383972168,5.685194969177246,robot_devices,53.0676383972168
lerobot\tests\utils\test_sample_weighting.py,22.954832077026367,2.7275240421295166,10.039994239807129,40.261409759521484,2.47322940826416,robot_devices,40.261409759521484
lerobot\tests\annotations\test_vlm_client.py,0.0,0.5644720792770386,4.237339973449707,3.1413705348968506,1.8601374626159668,policies,4.237339973449707
lerobot\src\lerobot\rollout\inference\base.py,0.0,0.0,1.3764142990112305,3.6211864948272705,0.39294785261154175,robot_devices,3.6211864948272705
lerobot\tests\async_inference\test_policy_server.py,21.82308578491211,79.9309310913086,10.539525985717773,63.95352554321289,5.360674858093262,environments,79.9309310913086
lerobot\tests\policies\rtc\test_action_queue.py,16.150039672851562,0.20365262031555176,50.82498550415039,17.27855682373047,3.3223087787628174,policies,50.82498550415039
lerobot\tests\processor\test_pipeline.py,63.34393310546875,6.157409191131592,10.436702728271484,29.656387329101562,9.154017448425293,configs,63.34393310546875
lerobot\tests\processor\test_batch_conversion.py,0.0,0.3502562642097473,4.146129608154297,0.42781904339790344,0.3501113951206207,policies,4.146129608154297
lerobot\tests\policies\pi0_pi05\utils\openpi_parity.py,4.082233428955078,7.114378452301025,69.78498077392578,37.026939392089844,4.323770999908447,policies,69.78498077392578
lerobot\src\lerobot\cameras\configs.py,51.25083923339844,1.925033450126648,4.33936882019043,7.2216081619262695,1.925033450126648,configs,51.25083923339844
lerobot\src\lerobot\teleoperators\gamepad\configuration_gamepad.py,1.7270692586898804,1.7270692586898804,0.0,3.6365461349487305,0.0,robot_devices,3.6365461349487305
lerobot\tests\policies\groot\test_groot_state_dropout.py,14.846899032592773,4.116758346557617,70.66547393798828,3.979729175567627,4.491598129272461,policies,70.66547393798828
lerobot\src\lerobot\scripts\lerobot_teleoperate.py,15.465758323669434,0.8467627167701721,4.414618492126465,60.39955520629883,3.5893290042877197,robot_devices,60.39955520629883
lerobot\tests\policies\vla_jepa\test_configuration.py,21.377182006835938,3.0614514350891113,71.90048217773438,0.0,1.3290584087371826,policies,71.90048217773438
lerobot\tests\policies\evo1\test_evo1.py,24.293109893798828,7.219121932983398,59.01942825317383,23.963207244873047,10.316615104675293,policies,59.01942825317383
lerobot\tests\utils\test_encoding_utils.py,0.0,0.4312399625778198,0.0,0.27247604727745056,0.5906847715377808,utilities,0.5906847715377808
lerobot\tests\rewards\test_sarm_utils.py,0.3553186357021332,1.020892858505249,9.212299346923828,0.13749423623085022,1.5762195587158203,policies,9.212299346923828
lerobot\src\lerobot\robots\unitree_g1\config_unitree_g1.py,12.26131820678711,1.2080498933792114,1.9410898685455322,56.4071159362793,3.3635783195495605,robot_devices,56.4071159362793
lerobot\tests\teleoperators\test_unitree_g1_teleoperator.py,16.485422134399414,0.36157307028770447,5.331863880157471,8.248985290527344,6.430661201477051,configs,16.485422134399414
lerobot\tests\policies\test_sarm_subtask_annotations.py,0.0,0.48761090636253357,68.60441589355469,0.0,1.0,policies,68.60441589355469
lerobot\tests\datasets\test_depth.py,0.9142069816589355,0.6814360618591309,4.709857940673828,9.38884162902832,3.8977551460266113,robot_devices,9.38884162902832
lerobot\src\lerobot\scripts\lerobot_train.py,61.401283264160156,34.7453727722168,63.82878112792969,33.874534606933594,12.385163307189941,policies,63.82878112792969
lerobot\src\lerobot\motors\feetech\__init__.py,0.0,0.0,0.0,6.000463485717773,0.0,robot_devices,6.000463485717773
lerobot\src\lerobot\utils\logging_utils.py,0.22743667662143707,0.45769625902175903,1.2221564054489136,31.772884368896484,2.6376230716705322,robot_devices,31.772884368896484
lerobot\src\lerobot\robots\unitree_g1\gr00t_locomotion.py,3.1524994373321533,2.829913854598999,81.1943359375,52.369728088378906,8.769899368286133,policies,81.1943359375
lerobot\tests\policies\groot\utils\dump_original_n1_7.py,66.867431640625,3.2987868785858154,74.17682647705078,33.624755859375,3.0793917179107666,policies,74.17682647705078
lerobot\src\lerobot\annotations\steerable_pipeline\prompts\__init__.py,0.0,0.0,0.0,3.6708688735961914,1.7930119037628174,robot_devices,3.6708688735961914
lerobot\src\lerobot\optim\factory.py,18.637502670288086,6.504391193389893,4.650473594665527,4.830301284790039,5.353877544403076,configs,18.637502670288086
lerobot\tests\policies\pi0_pi05\test_pi05_original_vs_lerobot.py,19.604663848876953,3.03773832321167,73.37559509277344,37.0108642578125,2.9832820892333984,policies,73.37559509277344
lerobot\src\lerobot\teleoperators\openarm_mini\__init__.py,0.0,0.0,0.0,3.327575206756592,0.0,robot_devices,3.327575206756592
lerobot\src\lerobot\policies\act\modeling_act.py,22.221599578857422,4.13860559463501,60.77448654174805,76.0462875366211,7.04441499710083,robot_devices,76.0462875366211
lerobot\tests\rewards\test_topreward_processor.py,13.968193054199219,4.727990627288818,2.9348011016845703,0.4163570702075958,3.812142848968506,configs,13.968193054199219
lerobot\examples\isaac_teleop_to_so101\isaac_teleop\config_isaac_teleop.py,12.550498962402344,0.0,0.9575368165969849,1.2915257215499878,4.8356709480285645,configs,12.550498962402344
lerobot\examples\isaac_teleop_to_so101\isaac_teleop\teleop_so101_leader_arm.py,19.589385986328125,4.869429588317871,1.2531659603118896,44.61885070800781,5.537008762359619,robot_devices,44.61885070800781
lerobot\tests\mocks\mock_robot.py,67.46829986572266,1.258933186531067,6.877543926239014,51.89297866821289,1.4823331832885742,configs,67.46829986572266
lerobot\src\lerobot\rollout\inference\sync.py,15.811444282531738,4.0152668952941895,8.218079566955566,79.52531433105469,2.349635124206543,robot_devices,79.52531433105469
lerobot\src\lerobot\envs\robotwin.py,66.12329864501953,6.348312854766846,11.05623722076416,54.15618133544922,13.573033332824707,configs,66.12329864501953
lerobot\tests\artifacts\image_transforms\save_image_transforms_to_safetensors.py,16.767791748046875,0.6133809089660645,0.0,4.085251808166504,3.0748085975646973,configs,16.767791748046875
lerobot\src\lerobot\teleoperators\so_leader\__init__.py,0.0,0.0,0.0,3.3054981231689453,0.39512351155281067,robot_devices,3.3054981231689453
lerobot\src\lerobot\cameras\opencv\configuration_opencv.py,1.6451406478881836,3.2248430252075195,2.0638632774353027,7.51570987701416,1.579702377319336,robot_devices,7.51570987701416
lerobot\src\lerobot\rewards\sarm\processor_sarm.py,24.034975051879883,5.410998344421387,14.651321411132812,30.10854721069336,8.987028121948242,robot_devices,30.10854721069336
lerobot\src\lerobot\motors\encoding_utils.py,0.0,0.5292824506759644,0.2712923288345337,6.417183876037598,0.26830095052719116,robot_devices,6.417183876037598
lerobot\examples\annotations\run_hf_job.py,0.8743270039558411,0.0,5.798086643218994,4.044931888580322,6.8457560539245605,utilities,6.8457560539245605
lerobot\src\lerobot\robots\omx_follower\omx_follower.py,65.51429748535156,2.1011404991149902,4.069404602050781,60.78499984741211,6.99947452545166,configs,65.51429748535156
lerobot\tests\policies\test_policies.py,23.565814971923828,7.739043235778809,97.10264587402344,82.96688079833984,15.975235939025879,policies,97.10264587402344
lerobot\src\lerobot\scripts\lerobot_imgtransform_viz.py,17.459863662719727,0.0,2.5981764793395996,4.290139198303223,3.308835029602051,configs,17.459863662719727
lerobot\src\lerobot\transport\utils.py,16.505760192871094,0.0,1.1973470449447632,17.911142349243164,4.707961082458496,robot_devices,17.911142349243164
lerobot\src\lerobot\policies\xvla\modeling_florence2.py,25.040863037109375,4.212597846984863,52.05469512939453,29.031564712524414,10.624580383300781,policies,52.05469512939453
lerobot\src\lerobot\async_inference\helpers.py,3.1515824794769287,54.52172088623047,10.308327674865723,67.6281967163086,9.780837059020996,robot_devices,67.6281967163086
lerobot\tests\utils\test_foxglove_visualization.py,0.5506331920623779,60.59798049926758,1.0,2.598701000213623,0.8715794086456299,environments,60.59798049926758
lerobot\tests\policies\rtc\test_debug_tracker.py,1.4051663875579834,0.9103437066078186,52.74662780761719,22.423690795898438,4.670174598693848,policies,52.74662780761719
lerobot\tests\policies\pi0_pi05\openpi_pytorch\gemma_pytorch.py,23.459848403930664,3.46860408782959,68.76448059082031,19.68375015258789,6.087615013122559,policies,68.76448059082031
lerobot\tests\scripts\test_lerobot_annotate.py,0.42104512453079224,0.9792943000793457,0.0,9.413546562194824,3.516772747039795,robot_devices,9.413546562194824
lerobot\src\lerobot\policies\fastwam\wan\components.py,16.384737014770508,0.5804747343063354,73.6882095336914,36.158592224121094,7.381931781768799,policies,73.6882095336914
lerobot\examples\training\train_policy.py,5.5074543952941895,5.1290483474731445,9.545801162719727,33.51539611816406,7.8864545822143555,robot_devices,33.51539611816406
lerobot\src\lerobot\robots\earthrover_mini_plus\__init__.py,0.0,0.7372015118598938,0.0,46.60734558105469,0.0,robot_devices,46.60734558105469
lerobot\src\lerobot\teleoperators\keyboard\configuration_keyboard.py,1.6556124687194824,1.6556124687194824,0.0,3.4860856533050537,0.0,robot_devices,3.4860856533050537
lerobot\src\lerobot\utils\foxglove_visualization.py,2.009281635284424,1.9097086191177368,2.8618619441986084,41.80865478515625,10.459651947021484,robot_devices,41.80865478515625
lerobot\src\lerobot\policies\rtc\relative.py,2.640693187713623,2.780695915222168,76.3702621459961,32.862300872802734,0.43651509284973145,policies,76.3702621459961
lerobot\tests\async_inference\test_robot_client.py,18.4305419921875,2.983222007751465,6.25743293762207,49.37924575805664,2.8314049243927,robot_devices,49.37924575805664
lerobot\src\lerobot\robots\lekiwi\lekiwi_client.py,21.202638626098633,0.9689448475837708,2.9547667503356934,51.13138198852539,4.165266036987305,robot_devices,51.13138198852539
lerobot\src\lerobot\robots\earthrover_mini_plus\config_earthrover_mini_plus.py,14.029085159301758,0.7274839878082275,0.0,46.48070526123047,0.0,robot_devices,46.48070526123047
lerobot\examples\so100_to_so100_EE\replay.py,14.889867782592773,0.8467196822166443,1.2649686336517334,49.26126480102539,2.399298667907715,robot_devices,49.26126480102539
lerobot\src\lerobot\envs\configs.py,42.45773696899414,65.48987579345703,8.02026653289795,69.38348388671875,9.314574241638184,robot_devices,69.38348388671875
lerobot\src\lerobot\policies\gaussian_actor\configuration_gaussian_actor.py,15.869902610778809,4.9729204177856445,72.9778060913086,29.355697631835938,4.40945291519165,policies,72.9778060913086
lerobot\src\lerobot\policies\groot\processor_groot.py,78.24667358398438,16.76468276977539,54.70396423339844,40.95913314819336,12.574555397033691,configs,78.24667358398438
lerobot\tests\datasets\test_image_writer.py,0.8525014519691467,0.28730928897857666,3.7493999004364014,3.1772027015686035,7.881922245025635,utilities,7.881922245025635
lerobot\src\lerobot\policies\vqbet\__init__.py,0.0,0.0,75.95074462890625,3.3192615509033203,0.0,policies,75.95074462890625
lerobot\src\lerobot\async_inference\constants.py,0.0,0.719188928604126,85.9730224609375,49.618873596191406,3.7544784545898438,policies,85.9730224609375
lerobot\src\lerobot\transport\__init__.py,0.0,0.0,0.0,3.3137423992156982,2.4881319999694824,robot_devices,3.3137423992156982
lerobot\src\lerobot\robots\unitree_g1\__init__.py,0.0,0.7378174662590027,0.0,46.61537170410156,0.0,robot_devices,46.61537170410156
lerobot\src\lerobot\rewards\sarm\modeling_sarm.py,21.047340393066406,2.432065486907959,9.02193832397461,39.0324592590332,6.62753963470459,robot_devices,39.0324592590332
lerobot\src\lerobot\motors\feetech\tables.py,0.0,2.3045716285705566,9.30251407623291,7.252058982849121,4.106936454772949,policies,9.30251407623291
lerobot\tests\envs\test_dispatch.py,18.884981155395508,3.8855950832366943,4.852874755859375,43.920963287353516,9.802084922790527,robot_devices,43.920963287353516
lerobot\tests\robots\test_reachy2.py,18.617631912231445,1.5547183752059937,2.6150007247924805,59.418983459472656,2.138071060180664,robot_devices,59.418983459472656
lerobot\src\lerobot\policies\smolvla\configuration_smolvla.py,14.89470386505127,2.3575003147125244,79.77278137207031,7.054809093475342,1.497765064239502,policies,79.77278137207031
lerobot\tests\utils.py,0.0,0.4672514796257019,5.3357415199279785,39.99267578125,6.04627799987793,robot_devices,39.99267578125
lerobot\src\lerobot\rewards\classifier\configuration_classifier.py,1.8949881792068481,3.029717206954956,8.046906471252441,30.2678279876709,2.1500697135925293,robot_devices,30.2678279876709
lerobot\tests\policies\rtc\test_configuration_rtc.py,19.88507652282715,2.1501972675323486,71.2724838256836,0.0,0.0,policies,71.2724838256836
lerobot\tests\annotations\__init__.py,0.0,0.6009413599967957,0.0,0.0,0.0,environments,0.6009413599967957
lerobot\src\lerobot\datasets\pipeline_features.py,0.32854413986206055,0.0,1.3494068384170532,39.170448303222656,0.0,robot_devices,39.170448303222656
lerobot\src\lerobot\types.py,2.3728184700012207,1.0,3.3688650131225586,39.4931755065918,0.0,robot_devices,39.4931755065918
lerobot\src\lerobot\motors\__init__.py,0.0,0.0,0.0,7.513404369354248,0.0,robot_devices,7.513404369354248
lerobot\src\lerobot\robots\hope_jr\hope_jr_arm.py,65.06344604492188,0.9911043643951416,2.3477916717529297,60.90410614013672,5.239893913269043,configs,65.06344604492188
lerobot\src\lerobot\processor\gym_action_processor.py,2.1704671382904053,1.0,3.0,3.7294678688049316,0.5222273468971252,robot_devices,3.7294678688049316
lerobot\src\lerobot\policies\gaussian_actor\processor_gaussian_actor.py,19.886775970458984,2.346005916595459,79.42472076416016,32.482669830322266,0.0,policies,79.42472076416016
lerobot\tests\processor\test_smolvla_processor.py,21.122665405273438,6.933037281036377,86.27491760253906,36.4594841003418,0.6878701448440552,policies,86.27491760253906
lerobot\examples\isaac_teleop_to_so101\isaac_teleop\base.py,21.107450485229492,5.471526145935059,2.434438943862915,65.5054931640625,12.255411148071289,robot_devices,65.5054931640625
lerobot\src\lerobot\annotations\steerable_pipeline\modules\interjections_and_speech.py,17.242979049682617,2.530715227127075,0.7799971103668213,4.3557000160217285,4.2798027992248535,configs,17.242979049682617
lerobot\src\lerobot\teleoperators\bi_so_leader\config_bi_so_leader.py,16.78388786315918,0.0,0.3416663706302643,3.2810091972351074,0.4475165903568268,configs,16.78388786315918
lerobot\src\lerobot\policies\fastwam\processor_fastwam.py,20.436628341674805,2.346597909927368,76.2032241821289,32.99079132080078,0.6382802128791809,policies,76.2032241821289
lerobot\src\lerobot\teleoperators\__init__.py,14.204622268676758,0.0,0.0,5.482456684112549,0.0,configs,14.204622268676758
lerobot\src\lerobot\robots\reachy2\__init__.py,0.0,0.7186036109924316,0.3662956953048706,46.36497497558594,0.0,robot_devices,46.36497497558594
lerobot\src\lerobot\policies\evo1\flow_matching.py,1.9450446367263794,1.2666008472442627,53.52458190917969,34.68439865112305,6.129393577575684,policies,53.52458190917969
lerobot\tests\processor\test_tokenizer_processor.py,20.53058624267578,7.7206807136535645,8.867804527282715,118.29998779296875,13.855901718139648,robot_devices,118.29998779296875
lerobot\examples\tutorial\smolvla\using_smolvla_example.py,16.454700469970703,1.6784427165985107,6.478372097015381,84.90619659423828,1.2467615604400635,robot_devices,84.90619659423828
lerobot\src\lerobot\datasets\utils.py,55.97996139526367,4.828351020812988,1.8639191389083862,49.19926452636719,13.844300270080566,configs,55.97996139526367
lerobot\src\lerobot\utils\rotation.py,0.8483143448829651,0.0,0.21089361608028412,2.5401906967163086,0.7262899875640869,robot_devices,2.5401906967163086
lerobot\src\lerobot\policies\vla_jepa\world_model.py,2.807753801345825,2.294679641723633,58.89341354370117,31.68840980529785,4.434406757354736,policies,58.89341354370117
lerobot\src\lerobot\rewards\topreward\compute_rabc_weights.py,21.384958267211914,3.1412203311920166,13.053443908691406,36.4302864074707,14.728644371032715,robot_devices,36.4302864074707
lerobot\src\lerobot\policies\fastwam\wan\__init__.py,0.0,0.0,73.47601318359375,3.4723520278930664,0.0,policies,73.47601318359375
lerobot\src\lerobot\policies\rtc\action_interpolator.py,0.0,0.0,74.33010864257812,3.3331403732299805,0.0,policies,74.33010864257812
lerobot\src\lerobot\policies\fastwam\wan\video_dit.py,3.6495423316955566,5.03291130065918,55.581424713134766,35.395408630371094,11.419717788696289,policies,55.581424713134766
lerobot\src\lerobot\utils\device_utils.py,3.6932108402252197,1.859519124031067,1.3898735046386719,97.18624877929688,2.572200298309326,robot_devices,97.18624877929688
lerobot\src\lerobot\jobs\hf.py,23.152246475219727,8.357802391052246,10.918660163879395,21.57551383972168,13.007471084594727,configs,23.152246475219727
lerobot\src\lerobot\rl\algorithms\__init__.py,0.0,0.0,0.0,3.3331403732299805,0.0,robot_devices,3.3331403732299805
lerobot\src\lerobot\policies\pi_gemma.py,23.086519241333008,2.5356435775756836,64.62632751464844,23.88298988342285,5.560258865356445,policies,64.62632751464844
lerobot\src\lerobot\rewards\robometer\processor_robometer.py,21.834861755371094,5.776052474975586,14.204866409301758,65.3759994506836,8.799041748046875,robot_devices,65.3759994506836
lerobot\src\lerobot\robots\bi_rebot_b601_follower\bi_rebot_b601_follower.py,18.78311538696289,0.9379148483276367,3.6639161109924316,67.40538787841797,6.269471168518066,robot_devices,67.40538787841797
lerobot\src\lerobot\policies\pi05\modeling_pi05.py,23.638017654418945,4.282355308532715,58.13251876831055,34.81010437011719,15.566186904907227,policies,58.13251876831055
lerobot\src\lerobot\annotations\steerable_pipeline\executor.py,16.60786247253418,2.4497923851013184,2.2824597358703613,9.570509910583496,8.225119590759277,configs,16.60786247253418
lerobot\tests\configs\test_recipe.py,51.76298522949219,5.239598751068115,1.0,1.9044805765151978,4.763971328735352,configs,51.76298522949219
lerobot\tests\jobs\conftest.py,0.0,0.6009413599967957,0.0,0.0,0.0,environments,0.6009413599967957
lerobot\src\lerobot\policies\fastwam\configuration_fastwam.py,21.827428817749023,4.050967693328857,69.14962005615234,57.52006912231445,4.643614768981934,policies,69.14962005615234
lerobot\src\lerobot\model\kinematics.py,0.30621278285980225,1.84274423122406,3.9315123558044434,47.7993278503418,7.780492305755615,robot_devices,47.7993278503418
lerobot\tests\optim\test_optimizers.py,18.603809356689453,1.367851734161377,5.927859783172607,0.4104805588722229,2.782090902328491,configs,18.603809356689453
lerobot\src\lerobot\motors\dynamixel\dynamixel.py,0.2320881485939026,0.0,9.564702987670898,13.481423377990723,9.623648643493652,robot_devices,13.481423377990723
lerobot\src\lerobot\policies\vqbet\processor_vqbet.py,19.886775970458984,2.346005916595459,81.8841323852539,32.482669830322266,0.0,policies,81.8841323852539
lerobot\tests\robots\test_so100_follower.py,0.0,2.037621021270752,1.0,59.131248474121094,1.4472384452819824,robot_devices,59.131248474121094
lerobot\src\lerobot\rewards\pretrained.py,23.607797622680664,10.314703941345215,9.503613471984863,130.40142822265625,11.63089656829834,robot_devices,130.40142822265625
lerobot\src\lerobot\policies\gaussian_actor\__init__.py,0.0,0.0,74.45645904541016,3.3137423992156982,0.0,policies,74.45645904541016
lerobot\tests\artifacts\policies\save_policy_to_safetensors.py,12.598482131958008,5.229526519775391,85.66907501220703,48.01298522949219,7.126514434814453,policies,85.66907501220703
lerobot\tests\rewards\test_sarm_processor.py,18.21119499206543,1.2703545093536377,10.456460952758789,20.442304611206055,3.281118869781494,robot_devices,20.442304611206055
lerobot\src\lerobot\optim\__init__.py,0.0,0.0,0.0,3.181489944458008,0.0,robot_devices,3.181489944458008
lerobot\src\lerobot\rewards\__init__.py,16.6525821685791,0.0,4.569543838500977,3.21744441986084,0.0,configs,16.6525821685791
lerobot\tests\datasets\test_video_decoder_cache.py,0.0,0.4672514796257019,0.0,19.744293212890625,3.602048635482788,robot_devices,19.744293212890625
lerobot\src\lerobot\teleoperators\bi_rebot_102_leader\bi_rebot_102_leader.py,18.712339401245117,0.0,3.9010794162750244,49.736228942871094,3.1099162101745605,robot_devices,49.736228942871094
lerobot\src\lerobot\datasets\streaming_dataset.py,49.08423614501953,2.475029945373535,0.34030860662460327,9.6039400100708,6.954513072967529,configs,49.08423614501953
lerobot\examples\tutorial\rl\hilserl_example.py,20.861478805541992,5.92972993850708,7.65390157699585,82.61779022216797,8.777510643005371,robot_devices,82.61779022216797
lerobot\src\lerobot\policies\pi0_fast\processor_pi0_fast.py,21.246936798095703,5.298232078552246,79.08519744873047,30.076160430908203,0.7782301902770996,policies,79.08519744873047
lerobot\src\lerobot\jobs\__init__.py,0.0,0.0,0.0,3.322028160095215,2.4918529987335205,robot_devices,3.322028160095215
lerobot\examples\isaac_teleop_to_so101\isaac_teleop\__init__.py,0.0,0.6574438214302063,1.0,43.02952575683594,0.39414289593696594,robot_devices,43.02952575683594
lerobot\src\lerobot\teleoperators\gamepad\__init__.py,0.0,0.0,0.0,3.3331403732299805,0.0,robot_devices,3.3331403732299805
lerobot\tests\teleoperators\test_reachy2_teleoperator.py,15.928695678710938,1.210641622543335,2.790015697479248,53.71242904663086,2.986963987350464,robot_devices,53.71242904663086
lerobot\src\lerobot\teleoperators\koch_leader\__init__.py,0.0,0.0,0.0,3.6608545780181885,0.0,robot_devices,3.6608545780181885
lerobot\tests\processor\test_pi0_processor.py,20.064308166503906,1.9893524646759033,11.341548919677734,36.66169357299805,1.949617862701416,robot_devices,36.66169357299805
lerobot\src\lerobot\teleoperators\reachy2_teleoperator\reachy2_teleoperator.py,18.023216247558594,0.0,1.9156016111373901,7.50392484664917,6.104019641876221,configs,18.023216247558594
lerobot\src\lerobot\rl\algorithms\configs.py,70.19444274902344,7.6257171630859375,12.120960235595703,4.898513317108154,9.678974151611328,configs,70.19444274902344
lerobot\src\lerobot\teleoperators\unitree_g1\config_unitree_g1.py,16.696121215820312,0.0,0.3391181230545044,3.2383573055267334,1.1087617874145508,configs,16.696121215820312
lerobot\src\lerobot\policies\multi_task_dit\modeling_multi_task_dit.py,22.347349166870117,3.586662769317627,57.34780502319336,79.24972534179688,12.897836685180664,robot_devices,79.24972534179688
lerobot\src\lerobot\processor\delta_action_processor.py,2.526782751083374,1.5410668849945068,3.0,44.768123626708984,1.1220803260803223,robot_devices,44.768123626708984
lerobot\tests\utils\test_visualization_utils.py,0.0,0.5828467607498169,3.5325984954833984,0.0,0.0,policies,3.5325984954833984
lerobot\src\lerobot\policies\vqbet\vqbet_utils.py,21.507238388061523,22.705705642700195,51.99687576293945,33.49748229980469,7.9428324699401855,policies,51.99687576293945
lerobot\src\lerobot\policies\molmoact2\molmoact2_hf_model\action_tokenizer.py,18.770217895507812,0.0,67.82599639892578,3.1448562145233154,3.8655505180358887,policies,67.82599639892578
lerobot\src\lerobot\teleoperators\bi_rebot_102_leader\__init__.py,0.0,0.0,0.0,8.420792579650879,0.0,robot_devices,8.420792579650879
lerobot\src\lerobot\robots\lekiwi\lekiwi.py,60.951534271240234,2.6093616485595703,7.296482086181641,60.595802307128906,7.934736728668213,configs,60.951534271240234
lerobot\examples\training\train_with_streaming.py,5.523808479309082,5.140181541442871,6.4940924644470215,35.344791412353516,8.297928810119629,robot_devices,35.344791412353516
lerobot\src\lerobot\scripts\lerobot_dataset_viz.py,1.9346752166748047,5.89478874206543,7.701802730560303,13.478998184204102,15.394994735717773,utilities,15.394994735717773
lerobot\src\lerobot\teleoperators\reachy2_teleoperator\__init__.py,0.0,0.0,0.3662956953048706,5.098972797393799,0.0,robot_devices,5.098972797393799
lerobot\examples\dataset\slurm_compute_rabc.py,18.54143524169922,2.83461332321167,9.333005905151367,33.709903717041016,16.58190155029297,robot_devices,33.709903717041016
lerobot\src\lerobot\utils\import_utils.py,20.809293746948242,3.8609869480133057,7.051766872406006,80.85511016845703,12.16180419921875,robot_devices,80.85511016845703
lerobot\src\lerobot\policies\fastwam\wan\model.py,0.5935941338539124,0.0,63.918304443359375,3.1715593338012695,1.9038360118865967,policies,63.918304443359375
lerobot\src\lerobot\datasets\dataset_metadata.py,4.840529441833496,3.6510767936706543,3.510472297668457,51.65152359008789,11.772953033447266,robot_devices,51.65152359008789
lerobot\src\lerobot\policies\multi_task_dit\configuration_multi_task_dit.py,3.8895037174224854,2.1139400005340576,70.87442016601562,3.535175085067749,8.15578842163086,policies,70.87442016601562
lerobot\tests\test_cli_peft.py,21.264141082763672,5.768247604370117,11.825447082519531,5.923555374145508,15.305472373962402,configs,21.264141082763672
lerobot\src\lerobot\robots\unitree_g1\unitree_g1.py,60.99653625488281,3.4570536613464355,3.5913639068603516,57.75844955444336,11.802775382995605,configs,60.99653625488281
lerobot\src\lerobot\policies\pi0\configuration_pi0.py,14.172911643981934,2.303091526031494,76.92523193359375,25.842281341552734,2.1124415397644043,policies,76.92523193359375
lerobot\tests\cameras\test_reachy2_camera.py,17.077823638916016,0.45769625902175903,2.8047590255737305,6.348426342010498,2.4419429302215576,configs,17.077823638916016
lerobot\examples\isaac_teleop_to_so101\__init__.py,0.0,0.0,0.0,0.0,0.39876121282577515,utilities,0.39876121282577515
lerobot\src\lerobot\common\control_utils.py,2.795374870300293,5.55269718170166,8.505541801452637,82.30329132080078,10.254389762878418,robot_devices,82.30329132080078
lerobot\src\lerobot\rl\data_sources\__init__.py,0.0,0.0,0.0,3.327575206756592,0.0,robot_devices,3.327575206756592
lerobot\src\lerobot\policies\vla_jepa\configuration_vla_jepa.py,4.676558494567871,4.203519344329834,79.18421173095703,45.710968017578125,1.8675518035888672,policies,79.18421173095703
lerobot\src\lerobot\rewards\classifier\modeling_classifier.py,18.863140106201172,0.0,11.054255485534668,5.134541034698486,3.1653425693511963,configs,18.863140106201172
lerobot\src\lerobot\processor\pipeline.py,22.071935653686523,5.182289123535156,13.007536888122559,40.80600357055664,8.692058563232422,robot_devices,40.80600357055664
lerobot\src\lerobot\utils\decorators.py,0.0,0.0,0.0,3.2383573055267334,0.0,robot_devices,3.2383573055267334
lerobot\examples\isaac_teleop_to_so101\isaac_teleop\clutch.py,0.3631782829761505,0.0,0.0,2.622185230255127,0.3470573425292969,robot_devices,2.622185230255127
lerobot\examples\port_datasets\slurm_aggregate_shards.py,1.008327841758728,4.163482189178467,1.2072898149490356,1.65883207321167,8.705397605895996,utilities,8.705397605895996
lerobot\src\lerobot\policies\fastwam\__init__.py,0.0,0.0,73.17466735839844,3.3192615509033203,0.0,policies,73.17466735839844
lerobot\src\lerobot\annotations\steerable_pipeline\modules\__init__.py,0.0,0.0,0.0,3.324799060821533,1.0,robot_devices,3.324799060821533
lerobot\src\lerobot\policies\tdmpc\configuration_tdmpc.py,1.8788459300994873,1.3575003147125244,76.00968933105469,2.8583755493164062,1.1498374938964844,policies,76.00968933105469
lerobot\examples\port_datasets\port_droid.py,2.691570997238159,2.781888246536255,5.089171409606934,52.58430099487305,16.209413528442383,robot_devices,52.58430099487305
lerobot\tests\policies\molmoact2\test_molmoact2.py,23.218624114990234,6.50030517578125,61.23939514160156,28.732995986938477,11.072157859802246,policies,61.23939514160156
lerobot\src\lerobot\policies\act\configuration_act.py,3.3403849601745605,66.72864532470703,79.55490112304688,4.424903869628906,2.158433198928833,policies,79.55490112304688
lerobot\src\lerobot\policies\rtc\__init__.py,0.0,0.0,74.11285400390625,3.3137423992156982,0.0,policies,74.11285400390625
lerobot\tests\policies\groot\test_groot_lerobot.py,21.667072296142578,8.44891357421875,74.57032775878906,41.298545837402344,5.187183856964111,policies,74.57032775878906
lerobot\tests\processor\test_pipeline_from_pretrained_helpers.py,21.759233474731445,1.621626377105713,5.223695278167725,3.7269527912139893,9.256329536437988,configs,21.759233474731445
lerobot\src\lerobot\rl\algorithms\sac\sac_algorithm.py,21.39249610900879,3.3682756423950195,8.816023826599121,33.84247970581055,1.9026092290878296,robot_devices,33.84247970581055
lerobot\src\lerobot\policies\rtc\configuration_rtc.py,1.6662185192108154,1.6662185192108154,72.20358276367188,3.557370662689209,0.0,policies,72.20358276367188
lerobot\src\lerobot\robots\bi_so_follower\__init__.py,0.0,0.7372015118598938,0.0,46.60734558105469,0.3977624773979187,robot_devices,46.60734558105469
lerobot\src\lerobot\cameras\realsense\configuration_realsense.py,1.6451406478881836,1.6451406478881836,2.1100969314575195,5.72752046585083,0.0,robot_devices,5.72752046585083
lerobot\tests\policies\wall_x\test_wallx.py,21.540904998779297,3.5492517948150635,72.01246643066406,32.585391998291016,2.9326674938201904,policies,72.01246643066406
lerobot\src\lerobot\policies\rtc\action_queue.py,1.3157132863998413,0.0,67.9229507446289,2.919321298599243,2.332789659500122,policies,67.9229507446289
lerobot\src\lerobot\rewards\factory.py,21.251766204833984,2.678544282913208,13.928921699523926,23.848201751708984,2.7744863033294678,robot_devices,23.848201751708984
lerobot\src\lerobot\teleoperators\bi_openarm_leader\bi_openarm_leader.py,20.175973892211914,1.3864445686340332,1.9672061204910278,53.908573150634766,6.084401607513428,robot_devices,53.908573150634766
lerobot\tests\robots\test_rebot_b601_follower.py,13.736766815185547,2.0077226161956787,8.79736614227295,68.49007415771484,6.883813858032227,robot_devices,68.49007415771484
lerobot\examples\phone_to_so100\replay.py,14.889867782592773,0.8467196822166443,1.2649686336517334,49.26126480102539,2.399298667907715,robot_devices,49.26126480102539
lerobot\src\lerobot\rewards\sarm\sarm_utils.py,1.1581846475601196,1.5646973848342896,1.1849719285964966,3.443077564239502,3.8976423740386963,utilities,3.8976423740386963
lerobot\tests\fixtures\hub.py,0.22743667662143707,2.7181999683380127,0.0,6.572680473327637,5.473302841186523,robot_devices,6.572680473327637
lerobot\src\lerobot\robots\__init__.py,14.216482162475586,1.4896821975708008,0.0,54.65302658081055,0.0,robot_devices,54.65302658081055
lerobot\src\lerobot\common\__init__.py,0.0,0.0,0.0,3.335930109024048,0.0,robot_devices,3.335930109024048
lerobot\src\lerobot\policies\pi0_fast\modeling_pi0_fast.py,24.326011657714844,5.171401023864746,64.15018463134766,34.831214904785156,16.490222930908203,policies,64.15018463134766
lerobot\src\lerobot\cameras\opencv\camera_opencv.py,21.542461395263672,2.7888174057006836,6.1195759773254395,8.942818641662598,4.699561595916748,configs,21.542461395263672
lerobot\examples\so100_to_so100_EE\evaluate.py,20.23697853088379,74.9901351928711,11.58165454864502,84.08727264404297,8.61374282836914,robot_devices,84.08727264404297
lerobot\src\lerobot\policies\lingbot_va\utils.py,13.445815086364746,3.2799997329711914,52.94495391845703,32.15727615356445,10.59040355682373,policies,52.94495391845703
lerobot\tests\rewards\test_modeling_classifier.py,20.019420623779297,1.4397122859954834,6.661484241485596,34.045433044433594,4.098644733428955,robot_devices,34.045433044433594
lerobot\tests\motors\test_dynamixel.py,0.0,0.2605518698692322,9.489835739135742,15.093721389770508,6.857564926147461,robot_devices,15.093721389770508
lerobot\src\lerobot\robots\omx_follower\__init__.py,0.0,0.7378174662590027,0.0,46.61537170410156,0.0,robot_devices,46.61537170410156
lerobot\examples\port_datasets\slurm_upload.py,1.6002017259597778,4.261740684509277,4.690403461456299,8.136933326721191,12.327681541442871,utilities,12.327681541442871
lerobot\tests\jobs\test_job_config.py,18.080368041992188,2.855506181716919,6.595047473907471,3.0640926361083984,2.901394844055176,configs,18.080368041992188
lerobot\tests\policies\pi0_pi05\openpi_pytorch\pi0_pytorch.py,20.464672088623047,3.486398696899414,63.78870391845703,33.268951416015625,7.059975624084473,policies,63.78870391845703
lerobot\src\lerobot\robots\so_follower\config_so_follower.py,13.723812103271484,0.7116539478302002,0.0,48.87812805175781,1.4847006797790527,robot_devices,48.87812805175781
lerobot\src\lerobot\processor\env_processor.py,3.4634246826171875,3.6307871341705322,5.545783042907715,76.97918701171875,1.2876373529434204,robot_devices,76.97918701171875
lerobot\tests\utils\test_train_utils.py,18.89533805847168,5.686235427856445,9.839456558227539,4.556244850158691,10.626331329345703,configs,18.89533805847168
lerobot\src\lerobot\configs\train.py,69.5599594116211,7.57450532913208,14.878750801086426,16.647262573242188,11.758227348327637,configs,69.5599594116211
lerobot\src\lerobot\robots\openarm_follower\openarm_follower.py,66.6302719116211,4.252099990844727,2.800924301147461,64.50393676757812,10.502175331115723,configs,66.6302719116211
lerobot\src\lerobot\rl\train_rl.py,18.989704132080078,2.293581962585449,4.587163925170898,3.2383573055267334,0.0,configs,18.989704132080078
lerobot\src\lerobot\rollout\strategies\highlight.py,20.34845733642578,6.108783721923828,5.187765598297119,50.39310836791992,14.858384132385254,robot_devices,50.39310836791992
lerobot\src\lerobot\policies\xvla\modeling_xvla.py,24.49247169494629,8.774359703063965,64.63687896728516,35.53008270263672,17.352096557617188,policies,64.63687896728516
lerobot\tests\async_inference\test_e2e.py,22.68902015686035,5.361700057983398,10.640180587768555,101.60771942138672,7.056110382080078,robot_devices,101.60771942138672
lerobot\src\lerobot\transforms\__init__.py,16.039947509765625,0.0,0.0,3.2972946166992188,0.0,configs,16.039947509765625
lerobot\src\lerobot\envs\__init__.py,16.443355560302734,2.082486391067505,4.16497278213501,3.2702412605285645,1.0,configs,16.443355560302734
lerobot\src\lerobot\policies\molmoact2\processor_molmoact2.py,24.687177658081055,9.556954383850098,56.06842041015625,81.14148712158203,18.22488021850586,robot_devices,81.14148712158203
lerobot\src\lerobot\rl\actor.py,18.697559356689453,2.8172080516815186,11.646307945251465,98.75077056884766,10.130941390991211,robot_devices,98.75077056884766
lerobot\tests\mocks\mock_motors_bus.py,0.0,0.45769625902175903,7.545027256011963,8.44728946685791,2.536632537841797,robot_devices,8.44728946685791
lerobot\src\lerobot\scripts\augment_dataset_quantile_stats.py,0.7067306041717529,0.0,4.680490970611572,9.569341659545898,7.700163841247559,robot_devices,9.569341659545898
lerobot\src\lerobot\datasets\io_utils.py,0.3258538842201233,3.796126365661621,3.976642608642578,3.6426546573638916,9.15610408782959,utilities,9.15610408782959
lerobot\tests\jobs\__init__.py,0.0,0.6009413599967957,0.0,0.0,0.0,environments,0.6009413599967957
lerobot\tests\datasets\test_image_transforms.py,16.19794464111328,0.2605518698692322,1.1985933780670166,1.7741752862930298,5.731221675872803,configs,16.19794464111328
lerobot\tests\policies\fastwam\test_fastwam_policy.py,22.169279098510742,5.90289831161499,74.62950134277344,65.72309112548828,8.351359367370605,policies,74.62950134277344
lerobot\tests\rl\test_queue.py,0.3230690062046051,0.48761090636253357,0.0,2.7136268615722656,1.4381892681121826,robot_devices,2.7136268615722656
lerobot\src\lerobot\teleoperators\gamepad\gamepad_utils.py,2.6033754348754883,45.95870590209961,3.9674696922302246,95.63392639160156,8.812255859375,robot_devices,95.63392639160156
lerobot\examples\tutorial\async-inf\robot_client.py,2.5204291343688965,3.783822536468506,7.368193626403809,78.46612548828125,4.693106651306152,robot_devices,78.46612548828125
lerobot\src\lerobot\policies\lingbot_va\__init__.py,0.0,0.0,73.11285400390625,3.3137423992156982,0.0,policies,73.11285400390625
lerobot\src\lerobot\motors\dynamixel\tables.py,0.24869544804096222,0.0,12.785722732543945,7.589766979217529,4.064267158508301,policies,12.785722732543945
lerobot\tests\datasets\test_dataset_reader.py,0.549877405166626,1.126511812210083,0.6267198324203491,13.429198265075684,4.272164344787598,robot_devices,13.429198265075684
lerobot\src\lerobot\robots\unitree_g1\g1_kinematics.py,1.4825040102005005,2.193735122680664,8.17994213104248,53.797115325927734,4.686664581298828,robot_devices,53.797115325927734
lerobot\tests\utils\test_keyboard_input.py,6.465837478637695,4.6363935470581055,0.0,7.198507785797119,7.7070631980896,utilities,7.7070631980896
lerobot\src\lerobot\robots\bi_openarm_follower\config_bi_openarm_follower.py,16.696121215820312,0.7174359560012817,0.3391181230545044,48.59648132324219,0.7784493565559387,robot_devices,48.59648132324219
lerobot\src\lerobot\policies\xvla\__init__.py,0.0,0.0,73.14373779296875,3.316499710083008,0.0,policies,73.14373779296875
lerobot\src\lerobot\rl\gym_manipulator.py,13.881423950195312,76.8083724975586,4.0195441246032715,94.46281433105469,12.395411491394043,robot_devices,94.46281433105469
lerobot\src\lerobot\datasets\sampler.py,1.5109608173370361,0.0,0.7547911405563354,3.4444773197174072,5.025895595550537,utilities,5.025895595550537
lerobot\tests\policies\rtc\test_latency_tracker.py,0.0,0.4003821611404419,61.81963348388672,0.22112180292606354,0.0,policies,61.81963348388672
lerobot\tests\rewards\test_robometer_processor.py,13.772456169128418,4.793256759643555,11.495749473571777,0.3803088068962097,4.648100852966309,configs,13.772456169128418
lerobot\src\lerobot\transforms\transforms.py,13.513922691345215,0.0,0.5814531445503235,2.6914920806884766,1.197340965270996,configs,13.513922691345215
lerobot\src\lerobot\annotations\steerable_pipeline\__init__.py,0.0,0.0,0.0,3.324799060821533,0.0,robot_devices,3.324799060821533
lerobot\src\lerobot\policies\pi0\modeling_pi0.py,23.580657958984375,4.289123058319092,58.28293991088867,35.10773849487305,15.512473106384277,policies,58.28293991088867
