file_path,configs,datasets,environments,policies,robot_devices,best_module,best_likelihood
lerobot\src\lerobot\cameras\opencv\__init__.py,0.0,0.0,0.0,0.0,5.708941459655762,robot_devices,5.708941459655762
lerobot\examples\lekiwi\replay.py,18.07660675048828,40.94791793823242,3.4181315898895264,1.7286484241485596,46.765113830566406,robot_devices,46.765113830566406
lerobot\src\lerobot\robots\openarm_follower\config_openarm_follower.py,16.057466506958008,9.057605743408203,4.171266078948975,1.4388427734375,54.53422164916992,robot_devices,54.53422164916992
lerobot\src\lerobot\robots\hope_jr\hope_jr_hand.py,67.26058959960938,7.5411057472229,4.5293121337890625,6.4845380783081055,67.39332580566406,robot_devices,67.39332580566406
lerobot\src\lerobot\envs\robomme.py,3.615082025527954,43.6566047668457,5.375777721405029,4.180599212646484,2.823834180831909,datasets,43.6566047668457
lerobot\src\lerobot\async_inference\robot_client.py,28.38780975341797,11.502607345581055,73.84645080566406,19.75617027282715,113.7798080444336,robot_devices,113.7798080444336
lerobot\tests\policies\pi0_pi05\test_pi05.py,27.897504806518555,45.249610900878906,7.976003170013428,93.60733032226562,34.352169036865234,policies,93.60733032226562
lerobot\src\lerobot\utils\robot_utils.py,1.5856691598892212,0.7428345084190369,2.2251269817352295,1.2028346061706543,50.309024810791016,robot_devices,50.309024810791016
lerobot\src\lerobot\motors\dynamixel\__init__.py,0.0,0.0,0.0,0.0,6.0928955078125,robot_devices,6.0928955078125
lerobot\tests\policies\test_gaussian_actor_config.py,28.968677520751953,45.60487747192383,6.473425388336182,84.15188598632812,30.990798950195312,policies,84.15188598632812
lerobot\tests\policies\lingbot_va\test_modules.py,12.971574783325195,14.765175819396973,9.42727279663086,84.08665466308594,32.7371940612793,policies,84.08665466308594
lerobot\src\lerobot\policies\molmoact2\configuration_molmoact2.py,25.937610626220703,43.62351989746094,9.195680618286133,84.18553161621094,15.83303165435791,policies,84.18553161621094
lerobot\src\lerobot\utils\io_utils.py,2.4592957496643066,14.994980812072754,0.0,3.9434614181518555,3.3193390369415283,datasets,14.994980812072754
lerobot\tests\policies\groot\test_groot_train_random_crop.py,14.751462936401367,9.06118392944336,4.502899169921875,65.2563247680664,35.21556854248047,policies,65.2563247680664
lerobot\tests\policies\vla_jepa\test_vla_jepa.py,32.89044952392578,53.095706939697266,11.152494430541992,82.6598129272461,66.23802947998047,policies,82.6598129272461
lerobot\src\lerobot\motors\robstride\robstride.py,8.207162857055664,18.3098201751709,8.248895645141602,10.192130088806152,30.612098693847656,robot_devices,30.612098693847656
lerobot\examples\omx\record_grab.py,12.704526901245117,59.11566925048828,5.991952896118164,5.8807220458984375,56.1229362487793,datasets,59.11566925048828
lerobot\src\lerobot\configs\policies.py,82.4891357421875,23.365137100219727,10.903331756591797,89.00125122070312,84.99689483642578,policies,89.00125122070312
lerobot\tests\processor\test_migration_detection.py,97.50802612304688,23.79775619506836,7.753421783447266,33.23271560668945,5.7901201248168945,configs,97.50802612304688
lerobot\tests\policies\test_gaussian_actor_policy.py,32.20139694213867,87.03150177001953,9.679084777832031,68.51417541503906,8.112446784973145,datasets,87.03150177001953
lerobot\tests\fixtures\files.py,8.531628608703613,117.59870910644531,8.353349685668945,4.15453577041626,3.5411016941070557,datasets,117.59870910644531
lerobot\tests\policies\pi0_pi05\test_pi0.py,27.470321655273438,44.92340087890625,7.87593412399292,88.30841827392578,35.07106018066406,policies,88.30841827392578
lerobot\src\lerobot\async_inference\__init__.py,0.0,0.0,0.0,0.0,3.4086246490478516,robot_devices,3.4086246490478516
lerobot\tests\conftest.py,11.743653297424316,97.01024627685547,7.213935375213623,17.721492767333984,37.66157913208008,datasets,97.01024627685547
lerobot\tests\policies\vla_jepa\conftest.py,23.50240135192871,12.813748359680176,3.624894142150879,79.331298828125,35.272735595703125,policies,79.331298828125
lerobot\src\lerobot\robots\so_follower\so_follower.py,69.34429931640625,11.126591682434082,8.691580772399902,8.562475204467773,69.78382873535156,robot_devices,69.78382873535156
lerobot\src\lerobot\robots\openarm_follower\__init__.py,0.0,0.0,0.7372015118598938,0.0,47.823020935058594,robot_devices,47.823020935058594
lerobot\tests\cameras\test_realsense.py,23.7078857421875,10.709691047668457,4.602146148681641,4.453587532043457,38.07182693481445,robot_devices,38.07182693481445
lerobot\tests\datasets\test_quantiles_dataset_integration.py,3.9655306339263916,114.66942596435547,3.211724042892456,3.2540040016174316,10.672246932983398,datasets,114.66942596435547
lerobot\tests\policies\test_relative_actions.py,4.911287307739258,101.57573699951172,5.9062395095825195,70.09148406982422,3.621506690979004,datasets,101.57573699951172
lerobot\src\lerobot\teleoperators\homunculus\joints_translation.py,0.9219171404838562,0.5455100536346436,0.5455100536346436,2.681105852127075,3.334515333175659,robot_devices,3.334515333175659
lerobot\src\lerobot\teleoperators\keyboard\teleop_keyboard.py,23.000070571899414,8.872422218322754,54.36664581298828,5.417341232299805,56.758968353271484,robot_devices,56.758968353271484
lerobot\src\lerobot\policies\xvla\action_hub.py,5.915952205657959,8.98188304901123,0.6409844160079956,64.62965393066406,4.946190357208252,policies,64.62965393066406
lerobot\tests\utils\test_hub.py,25.03581428527832,10.622020721435547,6.575889587402344,8.475446701049805,5.724187850952148,configs,25.03581428527832
lerobot\tests\policies\pi0_pi05\test_pi0_original_vs_lerobot.py,25.55190086364746,47.38530731201172,5.1610846519470215,87.80696868896484,40.11476135253906,policies,87.80696868896484
lerobot\src\lerobot\robots\koch_follower\config_koch_follower.py,15.560506820678711,6.278429985046387,3.9470479488372803,0.755699634552002,51.33683776855469,robot_devices,51.33683776855469
lerobot\src\lerobot\annotations\steerable_pipeline\config.py,16.778667449951172,14.85267162322998,6.226800918579102,8.659018516540527,15.19804573059082,configs,16.778667449951172
lerobot\src\lerobot\teleoperators\rebot_102_leader\rebot_102_leader.py,28.911394119262695,15.26572322845459,9.257349014282227,13.130441665649414,69.99032592773438,robot_devices,69.99032592773438
lerobot\src\lerobot\processor\hil_processor.py,19.673351287841797,14.736968994140625,2.3099560737609863,14.17950439453125,39.59842300415039,robot_devices,39.59842300415039
lerobot\src\lerobot\rl\queue.py,0.0,0.0,0.0,0.29626044631004333,5.648674488067627,robot_devices,5.648674488067627
lerobot\src\lerobot\processor\newline_task_processor.py,2.0,7.363795280456543,1.9500374794006348,7.0,3.208401679992676,datasets,7.363795280456543
lerobot\src\lerobot\policies\molmoact2\__init__.py,0.7384417057037354,0.9362830519676208,0.7384417057037354,73.6195068359375,3.856302499771118,policies,73.6195068359375
lerobot\src\lerobot\annotations\steerable_pipeline\validator.py,6.668010711669922,47.3377799987793,3.6252858638763428,5.4517598152160645,9.061932563781738,datasets,47.3377799987793
lerobot\src\lerobot\teleoperators\homunculus\config_homunculus.py,13.790496826171875,5.160341739654541,0.0,0.8265664577484131,3.3175301551818848,configs,13.790496826171875
lerobot\src\lerobot\cameras\zmq\camera_zmq.py,26.674964904785156,16.427183151245117,6.604824066162109,9.911992073059082,8.872982025146484,configs,26.674964904785156
lerobot\tests\mocks\mock_dynamixel.py,1.9953844547271729,9.952350616455078,3.7181077003479004,13.943119049072266,1.4429101943969727,policies,13.943119049072266
lerobot\src\lerobot\motors\damiao\__init__.py,0.0,0.0,0.0,0.0,6.105683326721191,robot_devices,6.105683326721191
lerobot\src\lerobot\policies\multi_task_dit\__init__.py,1.4590177536010742,2.5620338916778564,1.580862045288086,73.4946060180664,3.8434996604919434,policies,73.4946060180664
lerobot\tests\cameras\test_opencv.py,33.133567810058594,14.311321258544922,7.731342792510986,8.188846588134766,9.17465877532959,configs,33.133567810058594
lerobot\src\lerobot\policies\evo1\evo1_model.py,22.535062789916992,11.790705680847168,4.1730828285217285,73.35175323486328,36.52176284790039,policies,73.35175323486328
lerobot\tests\datasets\test_dataset_metadata.py,24.403669357299805,118.26884460449219,12.099581718444824,6.197195053100586,58.45351028442383,datasets,118.26884460449219
lerobot\tests\processor\test_policy_robot_bridge.py,23.64275550842285,7.534682273864746,8.706012725830078,27.6124324798584,50.477508544921875,robot_devices,50.477508544921875
lerobot\src\lerobot\__version__.py,0.0,0.0,0.0,0.0,3.8787670135498047,robot_devices,3.8787670135498047
lerobot\examples\lekiwi\evaluate.py,25.40239715576172,54.619441986083984,88.23102569580078,25.00170135498047,84.9127426147461,environments,88.23102569580078
lerobot\src\lerobot\annotations\steerable_pipeline\modules\general_vqa.py,25.72844886779785,40.36143112182617,8.268333435058594,7.0792388916015625,12.477702140808105,datasets,40.36143112182617
lerobot\tests\configs\test_plugin_loading.py,69.93335723876953,8.699018478393555,3.7925260066986084,10.443381309509277,1.0867210626602173,configs,69.93335723876953
lerobot\tests\datasets\test_delta_timestamps.py,0.7094922065734863,93.96417236328125,3.8064403533935547,3.535052537918091,5.057674407958984,datasets,93.96417236328125
lerobot\tests\processor\test_gaussian_actor_processor.py,26.266658782958984,23.5821475982666,6.205702781677246,21.92951774597168,35.44233703613281,robot_devices,35.44233703613281
lerobot\src\lerobot\scripts\lerobot_find_port.py,1.6741669178009033,2.1818766593933105,1.9895408153533936,0.0,32.56336212158203,robot_devices,32.56336212158203
lerobot\tests\policies\rtc\test_modeling_rtc.py,20.787687301635742,3.7907156944274902,2.8344602584838867,55.07142639160156,20.465213775634766,policies,55.07142639160156
lerobot\src\lerobot\robots\hope_jr\config_hope_jr.py,16.200511932373047,6.321633338928223,4.988776206970215,1.9426987171173096,51.760887145996094,robot_devices,51.760887145996094
lerobot\tests\datasets\test_streaming_video_encoder.py,18.75126838684082,100.85372924804688,2.585196018218994,3.5247385501861572,7.169733047485352,datasets,100.85372924804688
lerobot\examples\rtc\eval_dataset.py,42.70059585571289,56.471649169921875,17.86754035949707,34.659339904785156,34.77785873413086,datasets,56.471649169921875
lerobot\src\lerobot\rollout\inference\factory.py,23.94790267944336,43.395076751708984,7.056487560272217,19.43472671508789,82.36090850830078,robot_devices,82.36090850830078
lerobot\src\lerobot\policies\act\processor_act.py,24.33839988708496,37.7249641418457,3.2482354640960693,95.17721557617188,36.596256256103516,policies,95.17721557617188
lerobot\src\lerobot\robots\robot.py,19.57232666015625,3.683208465576172,2.3814563751220703,2.237870216369629,65.54522705078125,robot_devices,65.54522705078125
lerobot\src\lerobot\rollout\strategies\core.py,28.548242568969727,56.62997055053711,8.30730152130127,21.502269744873047,60.1290283203125,robot_devices,60.1290283203125
lerobot\src\lerobot\policies\groot\modeling_groot.py,35.98828887939453,30.131954193115234,12.885782241821289,96.59526824951172,45.432132720947266,policies,96.59526824951172
lerobot\src\lerobot\robots\lekiwi\__init__.py,0.0,0.0,0.7372015118598938,0.0,47.823020935058594,robot_devices,47.823020935058594
lerobot\src\lerobot\scripts\lerobot_find_cameras.py,26.78388786315918,20.898664474487305,7.8336501121521,7.457427024841309,10.037041664123535,configs,26.78388786315918
lerobot\src\lerobot\rl\learner.py,30.592363357543945,61.471343994140625,11.709587097167969,32.305538177490234,61.38737487792969,datasets,61.471343994140625
lerobot\src\lerobot\processor\__init__.py,4.926995277404785,4.510352611541748,3.472477436065674,16.97466278076172,50.40919494628906,robot_devices,50.40919494628906
lerobot\src\lerobot\processor\device_processor.py,19.13418960571289,10.961063385009766,1.0,9.442082405090332,37.874671936035156,robot_devices,37.874671936035156
lerobot\src\lerobot\policies\__init__.py,19.236419677734375,1.0107638835906982,3.7309012413024902,91.82329559326172,47.83371353149414,policies,91.82329559326172
lerobot\src\lerobot\robots\lekiwi\lekiwi_host.py,27.277328491210938,12.39447021484375,8.693859100341797,5.303208351135254,59.049991607666016,robot_devices,59.049991607666016
lerobot\src\lerobot\rewards\robometer\modeling_robometer.py,23.187484741210938,14.664604187011719,4.0116353034973145,12.451433181762695,33.37983322143555,robot_devices,33.37983322143555
lerobot\examples\isaac_teleop_to_so101\isaac_teleop\teleop_xr_controller.py,20.30866050720215,1.0687494277954102,4.505849361419678,1.305253028869629,39.331932067871094,robot_devices,39.331932067871094
lerobot\src\lerobot\datasets\dataset_writer.py,12.928555488586426,115.72889709472656,7.992280006408691,9.41576862335205,14.131226539611816,datasets,115.72889709472656
lerobot\src\lerobot\policies\groot\__init__.py,0.7384417057037354,0.9362830519676208,0.7384417057037354,73.6195068359375,7.7295684814453125,policies,73.6195068359375
lerobot\src\lerobot\common\wandb_utils.py,32.75747299194336,54.85317611694336,11.320364952087402,27.53520393371582,7.313226222991943,datasets,54.85317611694336
lerobot\src\lerobot\robots\reachy2\configuration_reachy2.py,11.38270378112793,9.178629875183105,5.987914085388184,4.164888381958008,60.47760772705078,robot_devices,60.47760772705078
lerobot\tests\annotations\test_modules.py,21.959171295166016,113.4356918334961,8.058675765991211,6.818838119506836,61.172828674316406,datasets,113.4356918334961
lerobot\src\lerobot\scripts\lerobot_eval.py,23.415884017944336,105.31927490234375,38.809722900390625,24.274566650390625,32.57939910888672,datasets,105.31927490234375
lerobot\examples\isaac_teleop_to_so101\isaac_teleop\xr_controller_processor.py,3.354611873626709,4.058309555053711,1.7772928476333618,8.0,46.76332473754883,robot_devices,46.76332473754883
lerobot\src\lerobot\teleoperators\utils.py,19.522314071655273,2.3900814056396484,1.2180278301239014,0.2712923288345337,86.07964324951172,robot_devices,86.07964324951172
lerobot\src\lerobot\optim\optimizers.py,20.958585739135742,9.499053001403809,5.079549312591553,1.9772772789001465,4.0013837814331055,configs,20.958585739135742
lerobot\tests\envs\test_envs.py,19.920326232910156,16.075519561767578,61.32602310180664,11.946769714355469,10.558293342590332,environments,61.32602310180664
lerobot\tests\utils\test_io_utils.py,2.770202875137329,10.885440826416016,1.728760838508606,10.1056547164917,1.6513772010803223,datasets,10.885440826416016
lerobot\setup.py,1.051019549369812,5.551070690155029,1.9599382877349854,0.0,3.208401679992676,datasets,5.551070690155029
lerobot\src\lerobot\async_inference\policy_server.py,29.814332962036133,14.022990226745605,58.2871208190918,90.9065170288086,65.040771484375,policies,90.9065170288086
lerobot\tests\robots\test_unitree_g1.py,62.455902099609375,4.368638038635254,3.2843611240386963,4.325535774230957,67.32366180419922,robot_devices,67.32366180419922
lerobot\tests\teleoperators\test_rebot_102_leader.py,17.383039474487305,2.6464178562164307,1.0965648889541626,8.569780349731445,12.514163970947266,configs,17.383039474487305
lerobot\src\lerobot\policies\pi05\__init__.py,0.7384417057037354,0.9362830519676208,0.7384417057037354,75.70057678222656,3.856302499771118,policies,75.70057678222656
lerobot\examples\dataset\use_dataset_tools.py,4.324758529663086,113.42269897460938,2.6305437088012695,5.044858455657959,8.030320167541504,datasets,113.42269897460938
lerobot\src\lerobot\configs\dataset.py,53.97429656982422,41.742313385009766,4.817721843719482,1.2490113973617554,10.826248168945312,configs,53.97429656982422
lerobot\src\lerobot\datasets\depth_utils.py,6.259631156921387,71.40171813964844,2.2797229290008545,4.162158966064453,4.050922393798828,datasets,71.40171813964844
lerobot\examples\so100_to_so100_EE\teleoperate.py,20.234224319458008,9.88609790802002,4.037621974945068,3.0709524154663086,51.186588287353516,robot_devices,51.186588287353516
lerobot\src\lerobot\policies\groot\action_head\cross_attention_dit.py,23.389585494995117,11.298142433166504,6.358479976654053,60.7387580871582,6.569047927856445,policies,60.7387580871582
lerobot\tests\policies\lingbot_va\test_configuration_lingbot_va.py,33.44917297363281,6.993710041046143,4.136163711547852,79.14326477050781,24.314016342163086,policies,79.14326477050781
lerobot\src\lerobot\policies\smolvla\processor_smolvla.py,24.977611541748047,37.36940002441406,3.438037157058716,97.9964599609375,34.68985366821289,policies,97.9964599609375
lerobot\src\lerobot\policies\pi05\configuration_pi05.py,26.911014556884766,17.15200424194336,6.047007083892822,85.94940948486328,28.3122501373291,policies,85.94940948486328
lerobot\src\lerobot\utils\bimanual.py,0.0,0.0,0.0,0.722471296787262,3.6440114974975586,robot_devices,3.6440114974975586
lerobot\src\lerobot\processor\relative_action_processor.py,19.31249237060547,5.222108840942383,5.794661045074463,12.18448257446289,37.53948974609375,robot_devices,37.53948974609375
lerobot\src\lerobot\data_processing\sarm_annotations\subtask_annotation.py,19.468490600585938,67.90251159667969,7.904177188873291,17.503822326660156,42.8302116394043,datasets,67.90251159667969
lerobot\src\lerobot\teleoperators\bi_so_leader\bi_so_leader.py,19.531740188598633,1.6305752992630005,1.985473871231079,2.6481480598449707,53.15654754638672,robot_devices,53.15654754638672
lerobot\src\lerobot\robots\bi_openarm_follower\bi_openarm_follower.py,28.85928726196289,10.389540672302246,4.604940891265869,2.7041780948638916,70.58548736572266,robot_devices,70.58548736572266
lerobot\src\lerobot\rewards\sarm\configuration_sarm.py,15.220080375671387,13.77084732055664,6.43641996383667,20.6654052734375,23.38001251220703,robot_devices,23.38001251220703
lerobot\tests\policies\multi_task_dit\test_multi_task_dit.py,28.184375762939453,44.3127326965332,6.604587554931641,78.2601547241211,37.39659118652344,policies,78.2601547241211
lerobot\src\lerobot\cameras\zmq\__init__.py,0.0,0.0,0.0,0.0,5.708941459655762,robot_devices,5.708941459655762
lerobot\examples\isaac_teleop_to_so101\record.py,8.29035758972168,56.94351577758789,63.748531341552734,6.5388288497924805,99.13367462158203,robot_devices,99.13367462158203
lerobot\tests\datasets\test_language.py,11.104192733764648,127.51126098632812,5.589137077331543,2.9413671493530273,16.068119049072266,datasets,127.51126098632812
lerobot\tests\test_robomme_env.py,17.03087043762207,31.26144790649414,3.461451768875122,2.598649263381958,0.5383844971656799,datasets,31.26144790649414
lerobot\src\lerobot\policies\smolvla\modeling_smolvla.py,32.31950378417969,16.211984634399414,10.932029724121094,70.2160873413086,41.23262023925781,policies,70.2160873413086
lerobot\src\lerobot\datasets\image_writer.py,7.745794773101807,103.2531967163086,7.751730918884277,3.266942024230957,6.4119486808776855,datasets,103.2531967163086
lerobot\src\lerobot\rewards\sarm\rabc.py,6.756828308105469,101.18599700927734,3.639193296432495,9.685708999633789,36.732765197753906,datasets,101.18599700927734
lerobot\tests\policies\groot\test_groot_vs_original.py,23.837005615234375,18.52105712890625,5.041321754455566,93.3907699584961,47.51125717163086,policies,93.3907699584961
lerobot\examples\isaac_teleop_to_so101\common.py,31.70119285583496,29.756322860717773,17.938568115234375,9.559982299804688,115.1935806274414,robot_devices,115.1935806274414
lerobot\src\lerobot\utils\feature_utils.py,7.285372734069824,40.78512954711914,2.5826706886291504,17.877674102783203,3.613952875137329,datasets,40.78512954711914
lerobot\src\lerobot\data_processing\__init__.py,0.0,5.408045768737793,0.0,0.0,3.4257278442382812,datasets,5.408045768737793
lerobot\src\lerobot\datasets\__init__.py,1.296642541885376,120.65922546386719,3.7597134113311768,1.040515422821045,4.6729841232299805,datasets,120.65922546386719
lerobot\src\lerobot\annotations\steerable_pipeline\reader.py,7.205173492431641,18.28268814086914,6.546611785888672,3.3104734420776367,11.204489707946777,datasets,18.28268814086914
lerobot\tests\processor\test_vqbet_processor.py,26.225688934326172,23.827699661254883,4.845433235168457,22.25875473022461,35.59694290161133,robot_devices,35.59694290161133
lerobot\src\lerobot\robots\koch_follower\koch_follower.py,70.5930404663086,11.410821914672852,9.252312660217285,8.421560287475586,70.22383117675781,configs,70.5930404663086
lerobot\src\lerobot\datasets\multi_dataset.py,4.170156478881836,132.28323364257812,2.3504583835601807,1.8465309143066406,15.400192260742188,datasets,132.28323364257812
lerobot\tests\processor\test_tdmpc_processor.py,26.225688934326172,24.763282775878906,5.165624618530273,23.323528289794922,35.598060607910156,robot_devices,35.598060607910156
lerobot\tests\rl\test_actor.py,5.3351311683654785,94.33555603027344,5.497040271759033,17.17613410949707,34.6590576171875,datasets,94.33555603027344
lerobot\tests\processor\test_diffusion_processor.py,26.151845932006836,24.631654739379883,4.819164276123047,24.233518600463867,35.50634765625,robot_devices,35.50634765625
lerobot\src\lerobot\policies\fastwam\wan\modular.py,26.463294982910156,29.442636489868164,10.242111206054688,57.171688079833984,41.15763854980469,policies,57.171688079833984
lerobot\src\lerobot\utils\utils.py,11.560046195983887,76.71649169921875,5.052221298217773,6.8839850425720215,7.249296188354492,datasets,76.71649169921875
lerobot\src\lerobot\teleoperators\so_leader\config_so_leader.py,13.937227249145508,4.771425247192383,0.0,0.0,3.676565408706665,configs,13.937227249145508
lerobot\tests\policies\pi0_fast\test_pi0_fast_original_vs_lerobot.py,24.671672821044922,31.121267318725586,10.789535522460938,82.71720886230469,38.76430892944336,policies,82.71720886230469
lerobot\src\lerobot\robots\so_follower\robot_kinematic_processor.py,10.338661193847656,14.509007453918457,6.130284309387207,11.11940860748291,53.64131164550781,robot_devices,53.64131164550781
lerobot\tests\annotations\test_frames.py,11.732050895690918,106.39617919921875,9.256531715393066,4.952780723571777,58.158626556396484,datasets,106.39617919921875
lerobot\src\lerobot\policies\vla_jepa\action_head.py,23.379676818847656,14.372076034545898,4.594846248626709,66.42288208007812,37.68876266479492,policies,66.42288208007812
lerobot\src\lerobot\robots\unitree_g1\run_g1_server.py,24.363309860229492,15.326916694641113,8.333535194396973,6.672149181365967,84.0057373046875,robot_devices,84.0057373046875
lerobot\examples\dataset\load_lerobot_dataset.py,3.9783542156219482,111.67840576171875,7.47480583190918,1.7435319423675537,56.55385208129883,datasets,111.67840576171875
lerobot\src\lerobot\teleoperators\phone\phone_processor.py,6.20654296875,7.399876117706299,2.4265458583831787,8.676430702209473,52.375885009765625,robot_devices,52.375885009765625
lerobot\src\lerobot\rollout\strategies\__init__.py,0.19363877177238464,1.8891193866729736,0.19363877177238464,1.0,3.3749263286590576,robot_devices,3.3749263286590576
lerobot\src\lerobot\policies\tdmpc\modeling_tdmpc.py,24.456130981445312,17.304458618164062,7.131331443786621,63.60475540161133,77.40572357177734,robot_devices,77.40572357177734
lerobot\src\lerobot\robots\unitree_g1\holosoma_locomotion.py,14.864564895629883,16.935035705566406,5.75206184387207,31.406654357910156,54.273712158203125,robot_devices,54.273712158203125
lerobot\src\lerobot\scripts\lerobot_replay.py,19.063186645507812,44.598628997802734,4.558257102966309,3.906498432159424,62.82563781738281,robot_devices,62.82563781738281
lerobot\src\lerobot\policies\xvla\processor_xvla.py,30.470537185668945,41.32710647583008,5.64401388168335,79.86083221435547,82.38520050048828,robot_devices,82.38520050048828
lerobot\src\lerobot\teleoperators\config.py,14.407461166381836,4.187146186828613,0.0,0.34198758006095886,9.923812866210938,configs,14.407461166381836
lerobot\src\lerobot\data_processing\sarm_annotations\__init__.py,0.0,5.404025077819824,0.0,0.0,3.4200077056884766,datasets,5.404025077819824
lerobot\src\lerobot\transport\services_pb2.py,2.2207908630371094,4.590260982513428,1.2207907438278198,9.074065208435059,29.09725570678711,robot_devices,29.09725570678711
lerobot\src\lerobot\teleoperators\phone\config_phone.py,13.92582893371582,3.0,0.0,0.0,4.395820140838623,configs,13.92582893371582
lerobot\src\lerobot\robots\rebot_b601_follower\__init__.py,0.0,0.0,0.7365865707397461,0.0,53.03396224975586,robot_devices,53.03396224975586
lerobot\src\lerobot\teleoperators\koch_leader\koch_leader.py,23.59455680847168,11.745594024658203,8.00627326965332,10.492627143859863,23.65390396118164,robot_devices,23.65390396118164
lerobot\tests\rl\test_trainer.py,15.102330207824707,97.92320251464844,4.453010559082031,1.0,34.775726318359375,datasets,97.92320251464844
lerobot\src\lerobot\cameras\zmq\image_server.py,24.076608657836914,10.793436050415039,7.540771961212158,5.815667152404785,34.866607666015625,robot_devices,34.866607666015625
lerobot\src\lerobot\robots\rebot_b601_follower\config_rebot_b601_follower.py,15.496585845947266,6.34599494934082,5.036401271820068,5.643763065338135,62.91413879394531,robot_devices,62.91413879394531
lerobot\src\lerobot\teleoperators\openarm_leader\openarm_leader.py,39.82874298095703,21.989797592163086,9.120383262634277,10.964808464050293,72.1466064453125,robot_devices,72.1466064453125
lerobot\src\lerobot\policies\pi0\processor_pi0.py,24.729276657104492,42.06718444824219,4.78840970993042,92.87671661376953,33.29801559448242,policies,92.87671661376953
lerobot\src\lerobot\datasets\compute_stats.py,10.032822608947754,94.97723388671875,7.419151306152344,10.397309303283691,2.2295355796813965,datasets,94.97723388671875
lerobot\src\lerobot\datasets\feature_utils.py,11.605931282043457,121.3665771484375,8.958210945129395,9.908855438232422,51.47087860107422,datasets,121.3665771484375
lerobot\src\lerobot\robots\earthrover_mini_plus\robot_earthrover_mini_plus.py,19.480798721313477,17.737974166870117,6.593062400817871,6.7995452880859375,65.65565490722656,robot_devices,65.65565490722656
lerobot\examples\phone_to_so100\teleoperate.py,21.18931007385254,10.359297752380371,5.724203586578369,3.430938482284546,85.48530578613281,robot_devices,85.48530578613281
lerobot\src\lerobot\teleoperators\gamepad\teleop_gamepad.py,19.233816146850586,3.3184120655059814,1.1190435886383057,1.2531659603118896,51.37944793701172,robot_devices,51.37944793701172
lerobot\src\lerobot\policies\wall_x\constant.py,0.9444939494132996,2.681715250015259,1.634627342224121,79.69571685791016,4.2769012451171875,policies,79.69571685791016
lerobot\src\lerobot\utils\errors.py,0.0,0.0,0.0,0.0,34.165950775146484,robot_devices,34.165950775146484
lerobot\src\lerobot\policies\molmoact2\molmoact2_hf_model\__init__.py,0.0,0.0,0.0,78.15593719482422,3.422865390777588,policies,78.15593719482422
lerobot\src\lerobot\rewards\classifier\__init__.py,0.2940925359725952,0.41369467973709106,0.2940925359725952,0.0,3.4171547889709473,robot_devices,3.4171547889709473
lerobot\src\lerobot\annotations\steerable_pipeline\frames.py,15.706896781921387,30.251134872436523,10.529204368591309,7.59432315826416,15.961587905883789,datasets,30.251134872436523
lerobot\src\lerobot\policies\vqbet\configuration_vqbet.py,16.76343536376953,19.158220291137695,8.976349830627441,75.40061950683594,9.626629829406738,policies,75.40061950683594
lerobot\src\lerobot\policies\groot\configuration_groot.py,87.34158325195312,38.84274673461914,10.529454231262207,81.95809936523438,9.203293800354004,configs,87.34158325195312
lerobot\src\lerobot\rewards\topreward\processor_topreward.py,30.733850479125977,37.405982971191406,7.0344390869140625,23.725126266479492,26.408618927001953,datasets,37.405982971191406
lerobot\src\lerobot\configs\types.py,55.969749450683594,4.383057594299316,1.9778516292572021,10.0,3.2803382873535156,configs,55.969749450683594
lerobot\src\lerobot\utils\visualization_utils.py,0.0,7.834308624267578,0.0,6.4749274253845215,46.21602249145508,robot_devices,46.21602249145508
lerobot\tests\datasets\test_visualize_dataset.py,0.2814162075519562,114.10786437988281,3.3062398433685303,0.29034852981567383,10.335835456848145,datasets,114.10786437988281
lerobot\src\lerobot\utils\collate.py,2.7889389991760254,3.0334718227386475,0.0,0.36120346188545227,4.34627628326416,robot_devices,4.34627628326416
lerobot\tests\rewards\test_topreward.py,5.191836357116699,8.495065689086914,3.673391819000244,11.318262100219727,30.22870445251465,robot_devices,30.22870445251465
lerobot\src\lerobot\datasets\language.py,10.302155494689941,88.32958221435547,3.2979578971862793,2.6042943000793457,8.78809642791748,datasets,88.32958221435547
lerobot\src\lerobot\utils\pedal.py,1.9030091762542725,5.779107093811035,0.48400503396987915,3.0565452575683594,36.56992721557617,robot_devices,36.56992721557617
lerobot\src\lerobot\teleoperators\openarm_mini\config_openarm_mini.py,14.353385925292969,5.464481353759766,0.34737950563430786,0.0,3.694709300994873,configs,14.353385925292969
lerobot\src\lerobot\robots\reachy2\robot_reachy2.py,69.15645599365234,9.573890686035156,3.1623315811157227,3.0272538661956787,63.476806640625,configs,69.15645599365234
lerobot\tests\test_rollout.py,29.953662872314453,103.68524169921875,6.778061389923096,18.501041412353516,85.61668395996094,datasets,103.68524169921875
lerobot\src\lerobot\rl\__init__.py,18.143840789794922,4.514092445373535,1.365464687347412,0.0,3.3693747520446777,configs,18.143840789794922
lerobot\src\lerobot\processor\policy_robot_bridge.py,21.177913665771484,3.2816128730773926,3.0161209106445312,17.133569717407227,50.06968307495117,robot_devices,50.06968307495117
lerobot\src\lerobot\datasets\dataset_tools.py,21.903100967407227,141.37457275390625,11.099163055419922,9.043593406677246,66.45465850830078,datasets,141.37457275390625
lerobot\src\lerobot\configs\eval.py,63.54319763183594,11.186867713928223,8.261571884155273,19.51141357421875,7.053153038024902,configs,63.54319763183594
lerobot\tests\datasets\test_compute_stats.py,9.348845481872559,101.48988342285156,6.874459743499756,4.263350486755371,4.725735187530518,datasets,101.48988342285156
lerobot\src\lerobot\rollout\strategies\episodic.py,24.04407501220703,54.70635223388672,62.68781661987305,21.531728744506836,56.05448913574219,environments,62.68781661987305
lerobot\src\lerobot\policies\pretrained.py,44.813045501708984,113.8798828125,23.196029663085938,93.6766357421875,138.9195556640625,robot_devices,138.9195556640625
lerobot\src\lerobot\cameras\camera.py,17.712955474853516,3.021519660949707,0.45734521746635437,6.621039390563965,7.106432914733887,configs,17.712955474853516
lerobot\src\lerobot\robots\lekiwi\config_lekiwi.py,19.963300704956055,10.687812805175781,4.215115547180176,2.7239890098571777,50.77294921875,robot_devices,50.77294921875
lerobot\src\lerobot\datasets\factory.py,20.044939041137695,126.39598083496094,11.548616409301758,2.311964273452759,10.896491050720215,datasets,126.39598083496094
lerobot\src\lerobot\cameras\__init__.py,52.310760498046875,0.41300565004348755,0.29360270500183105,0.0,6.92720890045166,configs,52.310760498046875
lerobot\tests\policies\pi0_pi05\openpi_pytorch\gemma.py,18.239574432373047,6.142061233520508,1.3530805110931396,74.76466369628906,0.7956379652023315,policies,74.76466369628906
lerobot\src\lerobot\motors\damiao\damiao.py,6.164094924926758,16.017934799194336,4.469944000244141,3.8139450550079346,30.181657791137695,robot_devices,30.181657791137695
lerobot\tests\motors\test_damiao.py,9.792243957519531,5.063800811767578,3.392240047454834,10.365565299987793,21.66611671447754,robot_devices,21.66611671447754
lerobot\src\lerobot\configs\recipe.py,55.25554275512695,14.239559173583984,5.256272792816162,2.3312606811523438,6.815744876861572,configs,55.25554275512695
lerobot\tests\annotations\test_writer.py,12.953776359558105,115.06658935546875,4.579768180847168,2.4581680297851562,13.501012802124023,datasets,115.06658935546875
lerobot\tests\rl\test_learner_service.py,1.9611011743545532,7.663080215454102,2.517637252807617,0.4030558466911316,36.02377700805664,robot_devices,36.02377700805664
lerobot\src\lerobot\policies\molmoact2\molmoact2_hf_model\configuration_molmoact2.py,70.68330383300781,15.62395191192627,6.449727535247803,66.02739715576172,9.26282787322998,configs,70.68330383300781
lerobot\tests\policies\groot\test_groot_n1_7.py,80.41458129882812,101.98835754394531,13.50689697265625,90.09376525878906,33.55805969238281,datasets,101.98835754394531
lerobot\examples\tutorial\pi0\using_pi0_example.py,19.720060348510742,40.22378921508789,4.707241535186768,10.955080032348633,86.9032974243164,robot_devices,86.9032974243164
lerobot\src\lerobot\rollout\strategies\dagger.py,31.865581512451172,57.636444091796875,13.189085006713867,19.60027313232422,85.62873077392578,robot_devices,85.62873077392578
lerobot\examples\tutorial\act\act_using_example.py,20.321908950805664,43.862770080566406,3.9035027027130127,9.339088439941406,85.71559143066406,robot_devices,85.71559143066406
lerobot\tests\__init__.py,0.0,0.0,0.6014459729194641,0.0,0.0,environments,0.6014459729194641
lerobot\src\lerobot\utils\process.py,0.0,2.650355815887451,2.9048163890838623,2.7715134620666504,3.5694191455841064,robot_devices,3.5694191455841064
lerobot\src\lerobot\jobs\dataset.py,3.549041986465454,45.193626403808594,2.4010233879089355,2.2573113441467285,5.9072489738464355,datasets,45.193626403808594
lerobot\src\lerobot\robots\utils.py,21.531780242919922,4.961216926574707,3.2248802185058594,2.3693981170654297,88.73188781738281,robot_devices,88.73188781738281
lerobot\src\lerobot\policies\tdmpc\processor_tdmpc.py,23.477720260620117,36.99245071411133,3.2482354640960693,97.18685150146484,34.984676361083984,policies,97.18685150146484
lerobot\src\lerobot\annotations\steerable_pipeline\staging.py,0.0,9.220664978027344,0.0,3.54498291015625,10.135200500488281,robot_devices,10.135200500488281
lerobot\src\lerobot\policies\molmoact2\molmoact2_hf_model\processing_molmoact2.py,7.536107063293457,19.262287139892578,4.7516961097717285,61.934688568115234,4.194367408752441,policies,61.934688568115234
lerobot\src\lerobot\policies\vla_jepa\__init__.py,0.7372138500213623,0.9347262382507324,0.7372138500213623,73.55695343017578,3.8498902320861816,policies,73.55695343017578
lerobot\src\lerobot\policies\lingbot_va\processor_lingbot_va.py,23.275676727294922,36.908058166503906,3.2417192459106445,93.31275177001953,34.88574981689453,policies,93.31275177001953
lerobot\tests\rewards\test_reward_model_base.py,37.73497009277344,128.48968505859375,16.156818389892578,28.23667335510254,82.03299713134766,datasets,128.48968505859375
lerobot\src\lerobot\robots\rebot_b601_follower\rebot_b601_follower.py,72.3292007446289,15.47647476196289,7.613935947418213,13.821052551269531,80.46134185791016,robot_devices,80.46134185791016
lerobot\src\lerobot\teleoperators\reachy2_teleoperator\config_reachy2_teleoperator.py,13.59235954284668,6.061296463012695,0.9141902923583984,0.3746696710586548,54.763492584228516,robot_devices,54.763492584228516
lerobot\src\lerobot\policies\lingbot_va\modeling_lingbot_va.py,35.69973373413086,24.04629898071289,11.502985000610352,70.47245025634766,76.74559783935547,robot_devices,76.74559783935547
lerobot\src\lerobot\utils\transition.py,3.41078782081604,2.334451675415039,0.0,2.2022643089294434,38.371612548828125,robot_devices,38.371612548828125
lerobot\tests\async_inference\test_helpers.py,9.0286283493042,18.406648635864258,5.787424087524414,19.83405113220215,74.19258880615234,robot_devices,74.19258880615234
lerobot\src\lerobot\scripts\lerobot_annotate.py,22.127840042114258,115.57518005371094,5.5200114250183105,5.804040908813477,18.332395553588867,datasets,115.57518005371094
lerobot\tests\policies\pi0_pi05\test_pi05_compile.py,19.354480743408203,3.703010320663452,4.546876430511475,77.1560287475586,36.84441375732422,policies,77.1560287475586
lerobot\src\lerobot\rewards\robometer\compute_rabc_weights.py,34.7471923828125,124.1937484741211,7.800859451293945,16.744264602661133,40.355995178222656,datasets,124.1937484741211
lerobot\src\lerobot\rollout\ring_buffer.py,0.5073118805885315,0.0,0.5073118805885315,0.0,3.0552568435668945,robot_devices,3.0552568435668945
lerobot\src\lerobot\policies\evo1\internvl3_embedder.py,28.504791259765625,17.40223503112793,7.8896307945251465,69.89160919189453,47.19279098510742,policies,69.89160919189453
lerobot\src\lerobot\processor\migrate_policy_normalization.py,51.723514556884766,66.4561767578125,16.16938018798828,48.86780548095703,47.78938674926758,datasets,66.4561767578125
lerobot\src\lerobot\policies\molmoact2\molmoact2_hf_model\video_processing_molmoact2.py,9.391608238220215,33.494049072265625,34.7309455871582,61.52661895751953,5.6617536544799805,policies,61.52661895751953
lerobot\tests\policies\pi0_pi05\openpi_pytorch\__init__.py,0.0,0.0,0.5989311933517456,76.72050476074219,0.0,policies,76.72050476074219
lerobot\tests\utils\test_logging_utils.py,2.7319107055664062,2.420891046524048,1.9428826570510864,1.261710286140442,28.72945785522461,robot_devices,28.72945785522461
lerobot\src\lerobot\robots\so_follower\__init__.py,0.0,0.0,0.7323105335235596,0.0,47.757850646972656,robot_devices,47.757850646972656
lerobot\src\lerobot\envs\metaworld.py,35.42878341674805,23.917665481567383,80.2613296508789,93.8928451538086,44.28752517700195,policies,93.8928451538086
lerobot\examples\phone_to_so100\evaluate.py,26.45321273803711,55.29277801513672,84.41732788085938,25.479463577270508,90.95159149169922,robot_devices,90.95159149169922
lerobot\tests\datasets\test_dataset_writer.py,5.90318489074707,129.4897003173828,3.6716256141662598,3.4577574729919434,11.545693397521973,datasets,129.4897003173828
lerobot\src\lerobot\policies\groot\groot_n1_7.py,32.51377487182617,33.510128021240234,10.056170463562012,73.15715789794922,42.14881134033203,policies,73.15715789794922
lerobot\examples\phone_to_so100\rollout.py,24.76212501525879,4.983392238616943,7.358434677124023,24.43499183654785,53.731842041015625,robot_devices,53.731842041015625
lerobot\tests\transport\test_transport_utils.py,1.9160747528076172,9.003641128540039,1.0408416986465454,2.7271623611450195,29.397642135620117,robot_devices,29.397642135620117
lerobot\src\lerobot\teleoperators\unitree_g1\exo_calib.py,7.902432918548584,20.950037002563477,7.644731521606445,6.279597759246826,13.295026779174805,datasets,20.950037002563477
lerobot\src\lerobot\datasets\language_render.py,7.781164169311523,90.32510375976562,2.3235933780670166,2.598597764968872,3.8083298206329346,datasets,90.32510375976562
lerobot\src\lerobot\policies\evo1\processor_evo1.py,27.15340232849121,30.218130111694336,4.999261856079102,78.89393615722656,34.63866424560547,policies,78.89393615722656
lerobot\tests\datasets\test_video_encoding.py,28.285181045532227,103.7267074584961,11.258429527282715,10.585945129394531,12.262385368347168,datasets,103.7267074584961
lerobot\src\lerobot\policies\wall_x\processor_wall_x.py,23.173145294189453,39.18734359741211,4.701809883117676,91.87899017333984,77.27521514892578,policies,91.87899017333984
lerobot\src\lerobot\processor\tokenizer_processor.py,25.90514373779297,15.17880916595459,6.247568607330322,16.942367553710938,77.37440490722656,robot_devices,77.37440490722656
lerobot\tests\policies\pi0_pi05\test_pi05_rtc.py,27.510061264038086,41.47963333129883,5.503704071044922,83.38069915771484,35.23032760620117,policies,83.38069915771484
lerobot\src\lerobot\motors\damiao\tables.py,2.5378246307373047,5.690549850463867,1.3149162530899048,9.537375450134277,9.167208671569824,policies,9.537375450134277
lerobot\src\lerobot\scripts\lerobot_setup_can.py,7.053869247436523,14.480179786682129,10.735379219055176,7.277734279632568,28.015562057495117,robot_devices,28.015562057495117
lerobot\examples\isaac_teleop_to_so101\override_reset_pose.py,8.511608123779297,9.156885147094727,3.663328170776367,1.7642488479614258,51.45067596435547,robot_devices,51.45067596435547
lerobot\src\lerobot\common\train_utils.py,20.099584579467773,7.700624465942383,6.061002254486084,20.233442306518555,3.2192444801330566,policies,20.233442306518555
lerobot\tests\envs\test_robotwin.py,23.718164443969727,6.461387634277344,11.967819213867188,3.6194489002227783,52.136322021484375,robot_devices,52.136322021484375
lerobot\tests\datasets\test_sampler.py,1.8976949453353882,111.15853118896484,4.131064414978027,6.691617965698242,3.0990238189697266,datasets,111.15853118896484
lerobot\src\lerobot\optim\schedulers.py,5.953292369842529,9.13094711303711,5.5889811515808105,7.661308288574219,3.0516715049743652,datasets,9.13094711303711
lerobot\tests\datasets\test_aggregate.py,15.181939125061035,137.490966796875,11.353300094604492,6.908502578735352,63.581520080566406,datasets,137.490966796875
lerobot\src\lerobot\teleoperators\teleoperator.py,19.562755584716797,3.683208465576172,0.8555095791816711,2.5059633255004883,53.63112258911133,robot_devices,53.63112258911133
lerobot\src\lerobot\policies\vla_jepa\qwen_interface.py,20.65032386779785,8.018180847167969,0.1972413957118988,79.13168334960938,38.33322525024414,policies,79.13168334960938
lerobot\src\lerobot\rl\algorithms\base.py,32.92992401123047,20.487409591674805,12.163137435913086,27.346921920776367,42.91830825805664,robot_devices,42.91830825805664
lerobot\src\lerobot\teleoperators\unitree_g1\unitree_g1.py,20.140043258666992,12.580409049987793,3.5016937255859375,5.394477844238281,20.007469177246094,configs,20.140043258666992
lerobot\tests\datasets\test_streaming.py,11.178364753723145,113.07975006103516,7.045611381530762,5.5821733474731445,14.403177261352539,datasets,113.07975006103516
lerobot\src\lerobot\policies\fastwam\wan\adapters.py,20.19877815246582,10.294357299804688,5.681722164154053,71.6895980834961,40.549896240234375,policies,71.6895980834961
lerobot\src\lerobot\cameras\reachy2_camera\__init__.py,0.0,0.0,0.0,0.0,6.773458480834961,robot_devices,6.773458480834961
lerobot\src\lerobot\teleoperators\openarm_mini\openarm_mini.py,36.759552001953125,11.872980117797852,6.613622665405273,10.865474700927734,60.676326751708984,robot_devices,60.676326751708984
lerobot\src\lerobot\transport\services_pb2_grpc.py,5.445407390594482,5.846264839172363,4.098216533660889,16.740005493164062,34.0945930480957,robot_devices,34.0945930480957
lerobot\examples\so100_to_so100_EE\record.py,19.07962417602539,50.24819564819336,64.17654418945312,1.970944881439209,58.8425407409668,environments,64.17654418945312
lerobot\tests\policies\pi0_pi05\utils\__init__.py,0.0,0.0,0.5994324684143066,76.75374603271484,0.0,policies,76.75374603271484
lerobot\src\lerobot\policies\rtc\debug_visualizer.py,1.4986008405685425,0.3509478271007538,1.0427502393722534,68.90048217773438,3.019227981567383,policies,68.90048217773438
lerobot\src\lerobot\rl\algorithms\sac\__init__.py,0.0,0.0,0.0,0.0,3.422865390777588,robot_devices,3.422865390777588
lerobot\scripts\ci\parse_eval_metrics.py,18.750829696655273,15.80720329284668,71.92598724365234,19.07107162475586,3.327346086502075,environments,71.92598724365234
lerobot\src\lerobot\utils\action_interpolator.py,0.0,0.24606505036354065,0.0,1.28489089012146,8.950596809387207,robot_devices,8.950596809387207
lerobot\src\lerobot\processor\rename_processor.py,16.4989013671875,5.086284160614014,4.132922649383545,8.05859088897705,3.793095111846924,configs,16.4989013671875
lerobot\src\lerobot\policies\vla_jepa\processor_vla_jepa.py,26.529741287231445,35.23478698730469,3.171374559402466,88.80430603027344,32.90177917480469,policies,88.80430603027344
lerobot\src\lerobot\policies\molmoact2\molmoact2_hf_model\image_processing_molmoact2.py,6.350241184234619,11.777275085449219,1.447145938873291,58.941219329833984,2.26247239112854,policies,58.941219329833984
lerobot\src\lerobot\__init__.py,8.446378707885742,37.46883010864258,10.294008255004883,0.6457481384277344,9.865657806396484,datasets,37.46883010864258
lerobot\tests\utils\test_replay_buffer.py,3.910383701324463,101.05177307128906,1.367142677307129,3.353856325149536,37.0786018371582,datasets,101.05177307128906
lerobot\src\lerobot\rewards\classifier\processor_classifier.py,22.901405334472656,36.7593994140625,2.7982537746429443,23.380929946899414,34.869686126708984,datasets,36.7593994140625
lerobot\src\lerobot\policies\lingbot_va\configuration_lingbot_va.py,18.23045539855957,20.020845413208008,7.616292953491211,81.63085174560547,27.302017211914062,policies,81.63085174560547
lerobot\src\lerobot\rewards\sarm\compute_rabc_weights.py,39.27719497680664,121.39290618896484,9.20114803314209,16.545501708984375,39.789119720458984,datasets,121.39290618896484
lerobot\src\lerobot\processor\render_messages_processor.py,3.765245199203491,39.03290557861328,2.7995963096618652,7.274568557739258,3.092155933380127,datasets,39.03290557861328
lerobot\examples\tutorial\async-inf\policy_server.py,22.582033157348633,0.6628425717353821,4.450644016265869,15.302931785583496,0.6628425717353821,configs,22.582033157348633
lerobot\tests\artifacts\datasets\save_dataset_to_safetensors.py,4.216046333312988,113.59934997558594,3.33884334564209,1.1778117418289185,5.629499435424805,datasets,113.59934997558594
lerobot\tests\jobs\test_hf.py,32.41465377807617,111.4032211303711,10.821088790893555,25.152029037475586,24.0489444732666,datasets,111.4032211303711
lerobot\src\lerobot\policies\eo1\configuration_eo1.py,37.139854431152344,19.039030075073242,6.498712062835693,85.19359588623047,3.8024306297302246,policies,85.19359588623047
lerobot\src\lerobot\configs\parser.py,86.59620666503906,19.713102340698242,4.507731914520264,9.132804870605469,9.83517837524414,configs,86.59620666503906
lerobot\src\lerobot\policies\eo1\__init__.py,1.462836742401123,1.6606781482696533,0.7384417057037354,73.6195068359375,3.856302499771118,policies,73.6195068359375
lerobot\examples\port_datasets\slurm_port_shards.py,10.646720886230469,115.37738037109375,7.392093658447266,3.1431431770324707,3.0562148094177246,datasets,115.37738037109375
lerobot\examples\tutorial\diffusion\diffusion_training_example.py,11.754314422607422,50.777748107910156,9.557007789611816,23.056123733520508,81.04158782958984,robot_devices,81.04158782958984
lerobot\src\lerobot\teleoperators\bi_openarm_leader\config_bi_openarm_leader.py,16.77837562561035,3.0,0.0,0.3415059745311737,3.3693747520446777,configs,16.77837562561035
lerobot\tests\policies\pi0_pi05\utils\torch_compile.py,15.026775360107422,2.736560106277466,1.9669326543807983,69.31050109863281,17.114877700805664,policies,69.31050109863281
lerobot\tests\processor\test_device_processor.py,22.96138572692871,11.781871795654297,9.317105293273926,20.610076904296875,123.53595733642578,robot_devices,123.53595733642578
lerobot\tests\rl\test_data_mixer.py,1.8854130506515503,107.23685455322266,0.8570477962493896,1.6583878993988037,31.850311279296875,datasets,107.23685455322266
lerobot\examples\tutorial\rl\reward_classifier_example.py,22.706750869750977,50.15983581542969,6.481903553009033,7.50481653213501,39.42636489868164,datasets,50.15983581542969
lerobot\src\lerobot\policies\rtc\modeling_rtc.py,22.82326316833496,5.226751804351807,3.3391036987304688,67.11009216308594,27.463237762451172,policies,67.11009216308594
lerobot\tests\policies\groot\test_groot_n1_7_oss_parity.py,67.69767761230469,21.697961807250977,4.1788249015808105,76.51897430419922,27.927635192871094,policies,76.51897430419922
lerobot\tests\annotations\test_validator.py,0.3053775131702423,109.0440444946289,0.48761090636253357,0.3547627627849579,12.293566703796387,datasets,109.0440444946289
lerobot\src\lerobot\policies\pi05\processor_pi05.py,25.34954261779785,40.02057647705078,7.106680870056152,91.43301391601562,32.776432037353516,policies,91.43301391601562
lerobot\src\lerobot\envs\robocasa.py,4.453209400177002,14.037631034851074,52.188385009765625,7.070323467254639,52.6863899230957,robot_devices,52.6863899230957
lerobot\src\lerobot\robots\omx_follower\config_omx_follower.py,15.560506820678711,6.278429985046387,3.9470479488372803,0.755699634552002,50.94876480102539,robot_devices,50.94876480102539
lerobot\tests\policies\smolvla\test_smolvla_rtc.py,27.556678771972656,42.85555648803711,5.659115791320801,80.88140869140625,35.64066696166992,policies,80.88140869140625
lerobot\tests\test_yaml_policy_path.py,32.20736312866211,45.93653869628906,8.219983100891113,22.971004486083984,6.703739643096924,datasets,45.93653869628906
lerobot\src\lerobot\teleoperators\rebot_102_leader\__init__.py,0.0,0.0,0.0,0.0,8.6362886428833,robot_devices,8.6362886428833
lerobot\examples\tutorial\diffusion\diffusion_using_example.py,19.59678840637207,43.13764953613281,3.9035027027130127,12.15259838104248,85.71559143066406,robot_devices,85.71559143066406
lerobot\src\lerobot\rewards\robometer\__init__.py,0.7384417057037354,0.9362830519676208,0.7384417057037354,0.4448390007019043,3.856302499771118,robot_devices,3.856302499771118
lerobot\src\lerobot\policies\evo1\configuration_evo1.py,31.744384765625,15.608611106872559,9.88272762298584,81.37037658691406,6.95993185043335,policies,81.37037658691406
lerobot\tests\rewards\test_modeling_robometer.py,33.34657287597656,11.658548355102539,7.158371925354004,11.85130500793457,33.3643684387207,robot_devices,33.3643684387207
lerobot\src\lerobot\policies\gaussian_actor\modeling_gaussian_actor.py,34.79263687133789,17.812366485595703,45.08104705810547,77.57764434814453,33.69023132324219,policies,77.57764434814453
lerobot\src\lerobot\rollout\context.py,39.18248748779297,123.5792236328125,17.022212982177734,91.32772064208984,97.96279907226562,datasets,123.5792236328125
lerobot\tests\rewards\test_classifier_processor.py,23.287267684936523,26.977468490600586,2.666313409805298,12.946837425231934,35.118019104003906,robot_devices,35.118019104003906
lerobot\src\lerobot\scripts\lerobot_edit_dataset.py,23.900880813598633,130.8507843017578,9.715682983398438,9.77204704284668,18.043445587158203,datasets,130.8507843017578
lerobot\scripts\ci\extract_task_descriptions.py,13.312929153442383,19.082218170166016,67.03382873535156,8.54702091217041,46.02568435668945,environments,67.03382873535156
lerobot\src\lerobot\annotations\steerable_pipeline\writer.py,10.504178047180176,15.02070140838623,1.1474616527557373,3.7911086082458496,10.295737266540527,datasets,15.02070140838623
lerobot\src\lerobot\policies\vla_jepa\modeling_vla_jepa.py,27.707536697387695,45.33072280883789,8.424616813659668,72.52592468261719,78.0186996459961,robot_devices,78.0186996459961
lerobot\src\lerobot\cameras\reachy2_camera\reachy2_camera.py,25.795480728149414,9.132685661315918,0.955059289932251,10.059953689575195,10.104193687438965,configs,25.795480728149414
lerobot\tests\processor\test_normalize_processor.py,21.425031661987305,40.07349395751953,5.008213996887207,24.004486083984375,70.63201141357422,robot_devices,70.63201141357422
lerobot\src\lerobot\policies\eo1\processor_eo1.py,28.388389587402344,43.416988372802734,9.897598266601562,85.7037353515625,33.32528305053711,policies,85.7037353515625
lerobot\src\lerobot\robots\bi_so_follower\bi_so_follower.py,19.626365661621094,3.0508265495300293,3.7897112369537354,2.7804336547851562,64.23136138916016,robot_devices,64.23136138916016
lerobot\src\lerobot\annotations\__init__.py,0.0,0.0,0.0,0.0,3.4343438148498535,robot_devices,3.4343438148498535
lerobot\tests\processor\test_observation_processor.py,19.501583099365234,13.748749732971191,98.81756591796875,16.15062713623047,3.5632596015930176,environments,98.81756591796875
lerobot\src\lerobot\teleoperators\omx_leader\config_omx_leader.py,14.04065227508545,3.0,0.0,0.0,3.377709150314331,configs,14.04065227508545
lerobot\tests\motors\test_feetech.py,3.462736129760742,9.782928466796875,3.2858786582946777,14.8674955368042,23.206384658813477,robot_devices,23.206384658813477
lerobot\src\lerobot\motors\calibration_gui.py,6.2011823654174805,13.791196823120117,5.014061450958252,9.914843559265137,19.556699752807617,robot_devices,19.556699752807617
lerobot\src\lerobot\processor\observation_processor.py,3.5758252143859863,7.1822710037231445,87.44539642333984,7.0,2.6725547313690186,environments,87.44539642333984
lerobot\src\lerobot\async_inference\configs.py,81.59159851074219,10.885737419128418,101.4712142944336,27.334009170532227,87.83013916015625,environments,101.4712142944336
lerobot\src\lerobot\robots\bi_rebot_b601_follower\__init__.py,0.0,0.0,0.7365865707397461,0.0,53.03396224975586,robot_devices,53.03396224975586
lerobot\src\lerobot\envs\factory.py,21.487529754638672,10.18307113647461,78.01089477539062,20.682146072387695,6.897772312164307,environments,78.01089477539062
lerobot\tests\utils\test_collate.py,0.0,98.12446594238281,0.5156989097595215,1.0,4.613103866577148,datasets,98.12446594238281
lerobot\tests\datasets\test_datasets.py,38.942447662353516,137.59068298339844,16.791719436645508,25.23888397216797,57.92816925048828,datasets,137.59068298339844
lerobot\src\lerobot\envs\libero.py,13.158061981201172,23.906166076660156,53.79228210449219,11.47775650024414,75.83304595947266,robot_devices,75.83304595947266
lerobot\src\lerobot\motors\robstride\__init__.py,0.0,0.0,0.0,0.0,6.105683326721191,robot_devices,6.105683326721191
lerobot\tests\policies\rtc\test_action_interpolator.py,8.954195976257324,3.5901105403900146,5.414529800415039,70.79463958740234,51.75811767578125,policies,70.79463958740234
lerobot\src\lerobot\rl\data_sources\data_mixer.py,1.2055199146270752,13.758170127868652,0.2055198699235916,0.34083083271980286,3.7507271766662598,datasets,13.758170127868652
lerobot\src\lerobot\cameras\utils.py,69.04228210449219,2.4720563888549805,0.31945306062698364,0.9602159261703491,36.9473876953125,configs,69.04228210449219
lerobot\src\lerobot\datasets\lerobot_dataset.py,14.692333221435547,126.90333557128906,7.5824079513549805,8.009795188903809,59.35654067993164,datasets,126.90333557128906
lerobot\tests\rewards\test_modeling_topreward.py,26.28219985961914,13.70739459991455,7.556994915008545,14.204411506652832,37.587894439697266,robot_devices,37.587894439697266
lerobot\tests\fixtures\optimizers.py,18.537254333496094,0.3604419231414795,3.788504123687744,5.883772373199463,0.0,configs,18.537254333496094
lerobot\src\lerobot\rl\algorithms\sac\configuration_sac.py,34.5408935546875,7.4136962890625,7.922635078430176,18.62644386291504,4.321130752563477,configs,34.5408935546875
lerobot\tests\utils\test_rerun_visualization.py,2.594529390335083,8.980230331420898,0.9710381627082825,2.8384933471679688,8.098397254943848,datasets,8.980230331420898
lerobot\src\lerobot\teleoperators\keyboard\__init__.py,0.0,0.0,0.0,0.0,3.4057908058166504,robot_devices,3.4057908058166504
lerobot\src\lerobot\scripts\lerobot_info.py,6.46444845199585,81.96559143066406,5.85729455947876,8.58705997467041,32.724143981933594,datasets,81.96559143066406
lerobot\tests\motors\test_motors_bus.py,5.141471862792969,16.225040435791016,3.6141719818115234,13.102946281433105,13.654009819030762,datasets,16.225040435791016
lerobot\src\lerobot\motors\robstride\tables.py,1.025957465171814,5.620151996612549,3.5999598503112793,6.33287239074707,9.053923606872559,robot_devices,9.053923606872559
lerobot\src\lerobot\datasets\video_utils.py,19.740766525268555,109.46153259277344,10.661211967468262,13.24421215057373,10.083860397338867,datasets,109.46153259277344
lerobot\src\lerobot\policies\utils.py,22.184221267700195,47.5075569152832,67.325439453125,95.68954467773438,88.16580200195312,policies,95.68954467773438
lerobot\tests\processor\test_render_messages_processor.py,1.0,103.2226791381836,2.8838956356048584,0.0,4.033021926879883,datasets,103.2226791381836
lerobot\src\lerobot\processor\batch_processor.py,3.92838716506958,10.201539993286133,5.141073226928711,8.82087230682373,3.84504771232605,datasets,10.201539993286133
lerobot\src\lerobot\policies\wall_x\__init__.py,0.7372138500213623,0.9347262382507324,0.7372138500213623,73.55695343017578,3.8498902320861816,policies,73.55695343017578
lerobot\src\lerobot\datasets\aggregate.py,13.926053047180176,124.1572265625,8.552458763122559,5.99862813949585,60.06608963012695,datasets,124.1572265625
lerobot\src\lerobot\policies\wall_x\utils.py,12.418163299560547,16.85042953491211,7.743646144866943,68.31924438476562,44.347259521484375,policies,68.31924438476562
lerobot\src\lerobot\processor\converters.py,7.86057710647583,10.809666633605957,3.2481300830841064,22.08616065979004,81.53417205810547,robot_devices,81.53417205810547
lerobot\src\lerobot\rollout\configs.py,77.34038543701172,58.71889877319336,9.283571243286133,22.851139068603516,84.1839828491211,robot_devices,84.1839828491211
lerobot\src\lerobot\policies\pi0_fast\__init__.py,0.7372138500213623,0.9347262382507324,0.7372138500213623,76.17703247070312,3.8498902320861816,policies,76.17703247070312
lerobot\src\lerobot\policies\multi_task_dit\processor_multi_task_dit.py,25.967802047729492,39.03435516357422,4.278265476226807,93.20187377929688,36.30659103393555,policies,93.20187377929688
lerobot\tests\datasets\test_dataset_utils.py,65.77372741699219,118.05025482177734,6.522747993469238,4.77869987487793,45.769309997558594,datasets,118.05025482177734
lerobot\src\lerobot\policies\evo1\__init__.py,0.7384417057037354,0.9362830519676208,0.7384417057037354,73.6195068359375,3.856302499771118,policies,73.6195068359375
lerobot\src\lerobot\scripts\lerobot_find_joint_limits.py,24.956201553344727,11.688631057739258,6.878648281097412,3.120086908340454,133.07835388183594,robot_devices,133.07835388183594
lerobot\src\lerobot\rollout\robot_wrapper.py,0.4090224802494049,0.0,0.8501163721084595,1.3633683919906616,52.260684967041016,robot_devices,52.260684967041016
lerobot\src\lerobot\policies\act\__init__.py,1.462836742401123,1.6606781482696533,0.7384417057037354,75.65129089355469,3.856302499771118,policies,75.65129089355469
lerobot\src\lerobot\scripts\lerobot_train_tokenizer.py,12.250311851501465,56.443939208984375,7.420513153076172,19.224571228027344,8.564931869506836,datasets,56.443939208984375
lerobot\examples\backward_compatibility\replay.py,19.539112091064453,45.342166900634766,4.227214813232422,3.926304817199707,53.67227554321289,robot_devices,53.67227554321289
lerobot\src\lerobot\policies\diffusion\processor_diffusion.py,23.477720260620117,36.99245071411133,3.2482354640960693,97.95939636230469,34.984676361083984,policies,97.95939636230469
lerobot\examples\omx\reset_environment.py,7.342681407928467,6.626809597015381,53.690528869628906,7.910966396331787,53.0174560546875,environments,53.690528869628906
lerobot\src\lerobot\policies\diffusion\configuration_diffusion.py,17.794607162475586,14.898608207702637,69.0684814453125,78.56880187988281,6.265774726867676,policies,78.56880187988281
lerobot\src\lerobot\policies\molmoact2\molmoact2_hf_model\inference.py,24.74262046813965,14.222579002380371,6.023738384246826,58.61497116088867,36.8414192199707,policies,58.61497116088867
lerobot\examples\lekiwi\rollout.py,24.40322494506836,4.110158443450928,7.462748050689697,22.913616180419922,45.6725959777832,robot_devices,45.6725959777832
lerobot\src\lerobot\policies\smolvla\__init__.py,0.7384417057037354,0.9362830519676208,0.7384417057037354,73.6195068359375,3.856302499771118,policies,73.6195068359375
lerobot\src\lerobot\annotations\steerable_pipeline\modules\plan_subtasks_memory.py,26.867877960205078,23.819168090820312,12.631959915161133,8.216696739196777,51.1103515625,robot_devices,51.1103515625
lerobot\src\lerobot\configs\rewards.py,80.69506072998047,20.120288848876953,9.672239303588867,19.849803924560547,43.03596496582031,configs,80.69506072998047
lerobot\tests\annotations\run_e2e_smoke.py,22.624446868896484,33.82867431640625,4.290748596191406,0.919196367263794,51.938568115234375,robot_devices,51.938568115234375
lerobot\tests\processor\test_pi05_processor.py,23.96408462524414,46.57877731323242,3.561440944671631,16.97315788269043,39.31250762939453,datasets,46.57877731323242
lerobot\src\lerobot\teleoperators\omx_leader\__init__.py,0.0,0.0,0.0,0.0,3.422865390777588,robot_devices,3.422865390777588
lerobot\tests\scripts\test_edit_dataset_parsing.py,22.67144203186035,107.98597717285156,4.138305187225342,0.8153536319732666,3.3807923793792725,datasets,107.98597717285156
lerobot\tests\policies\eo1\test_eo1.py,26.84662437438965,6.8542399406433105,5.592510223388672,97.2028579711914,36.392967224121094,policies,97.2028579711914
lerobot\src\lerobot\teleoperators\homunculus\__init__.py,0.6661490201950073,0.6661490201950073,0.6661490201950073,0.6661490201950073,4.071939945220947,robot_devices,4.071939945220947
lerobot\tests\policies\pi0_pi05\openpi_pytorch\preprocessing_pytorch.py,6.893943786621094,9.721451759338379,6.3124775886535645,70.2040786743164,38.6228141784668,policies,70.2040786743164
lerobot\src\lerobot\rewards\topreward\__init__.py,0.7384417057037354,0.9362830519676208,0.7384417057037354,0.4448390007019043,3.856302499771118,robot_devices,3.856302499771118
lerobot\examples\isaac_teleop_to_so101\teleoperate.py,5.04409646987915,5.773896217346191,5.44013786315918,3.7738964557647705,83.58778381347656,robot_devices,83.58778381347656
lerobot\src\lerobot\utils\keyboard_input.py,5.380821704864502,12.025725364685059,7.8424577713012695,2.866621255874634,18.55366325378418,robot_devices,18.55366325378418
lerobot\src\lerobot\teleoperators\homunculus\homunculus_arm.py,23.705629348754883,13.23558521270752,4.27020263671875,8.784584045410156,13.982694625854492,configs,23.705629348754883
lerobot\src\lerobot\teleoperators\phone\__init__.py,0.0,0.0,0.0,0.0,3.4257278442382812,robot_devices,3.4257278442382812
lerobot\src\lerobot\policies\wall_x\qwen_model\qwen2_5_vl_moe.py,41.87138366699219,30.328645706176758,11.734268188476562,60.413909912109375,39.02886199951172,policies,60.413909912109375
lerobot\src\lerobot\teleoperators\bi_openarm_mini\config_bi_openarm_mini.py,17.125755310058594,3.0,0.34737950563430786,0.3415059745311737,3.3693747520446777,configs,17.125755310058594
lerobot\tests\fixtures\constants.py,6.736202239990234,10.306638717651367,3.71449875831604,5.295125961303711,51.990997314453125,robot_devices,51.990997314453125
lerobot\tests\policies\groot\test_groot_training_optim_contract.py,25.25749397277832,7.440406799316406,6.836672306060791,75.66243743896484,7.234719753265381,policies,75.66243743896484
lerobot\tests\policies\vla_jepa\test_world_model.py,2.0936858654022217,2.4893975257873535,2.095749616622925,73.76473999023438,0.9450482130050659,policies,73.76473999023438
lerobot\src\lerobot\cameras\zmq\configuration_zmq.py,9.99184799194336,5.121987342834473,3.4787957668304443,2.368359327316284,8.459243774414062,configs,9.99184799194336
lerobot\tests\policies\rtc\test_rtc_relative_actions.py,30.98178482055664,6.669083118438721,7.456136226654053,97.3702621459961,64.78610229492188,policies,97.3702621459961
lerobot\src\lerobot\policies\molmoact2\molmoact2_hf_model\modeling_molmoact2.py,34.633670806884766,28.914438247680664,13.549918174743652,61.87997055053711,87.99246215820312,robot_devices,87.99246215820312
lerobot\examples\so100_to_so100_EE\rollout.py,24.76212501525879,4.983392238616943,7.358434677124023,24.43499183654785,53.731842041015625,robot_devices,53.731842041015625
lerobot\src\lerobot\policies\rtc\debug_tracker.py,5.7967119216918945,7.381418228149414,5.546378135681152,66.76582336425781,5.043015956878662,policies,66.76582336425781
lerobot\src\lerobot\scripts\lerobot_setup_motors.py,23.31559944152832,4.488585948944092,7.604659557342529,0.0,166.48704528808594,robot_devices,166.48704528808594
lerobot\tests\mocks\mock_serial_patch.py,3.436594247817993,2.2218525409698486,3.6182522773742676,1.4806296825408936,1.4806296825408936,environments,3.6182522773742676
lerobot\src\lerobot\rl\buffer.py,5.69209098815918,55.26895523071289,2.3467156887054443,3.176914930343628,83.96846008300781,robot_devices,83.96846008300781
lerobot\src\lerobot\teleoperators\so_leader\so_leader.py,22.390872955322266,10.704930305480957,7.904430866241455,8.161046028137207,23.55545425415039,robot_devices,23.55545425415039
lerobot\src\lerobot\processor\normalize_processor.py,23.571928024291992,42.60104751586914,7.637540340423584,22.986154556274414,77.0154037475586,robot_devices,77.0154037475586
lerobot\tests\annotations\conftest.py,0.36032938957214355,38.8294792175293,0.5753551721572876,0.0,5.770195484161377,datasets,38.8294792175293
lerobot\src\lerobot\teleoperators\unitree_g1\exo_serial.py,5.116945743560791,17.46377182006836,2.175596237182617,3.3941404819488525,13.111867904663086,datasets,17.46377182006836
lerobot\tests\policies\vla_jepa\test_action_head.py,22.074657440185547,4.634062767028809,2.6902055740356445,64.19271087646484,26.547344207763672,policies,64.19271087646484
lerobot\src\lerobot\policies\wall_x\modeling_wall_x.py,35.94492721557617,32.51755142211914,13.418752670288086,68.47968292236328,40.951045989990234,policies,68.47968292236328
lerobot\tests\fixtures\dataset_factories.py,12.587898254394531,134.00912475585938,11.023294448852539,7.6339850425720215,60.31041717529297,datasets,134.00912475585938
lerobot\src\lerobot\teleoperators\unitree_g1\__init__.py,0.0,0.0,0.0,0.0,3.4086246490478516,robot_devices,3.4086246490478516
lerobot\src\lerobot\teleoperators\homunculus\homunculus_glove.py,23.03358268737793,12.424281120300293,3.9425125122070312,8.810005187988281,13.34667682647705,configs,23.03358268737793
lerobot\src\lerobot\envs\utils.py,16.63051414489746,16.441913604736328,87.12884521484375,82.353271484375,50.77130126953125,environments,87.12884521484375
lerobot\src\lerobot\policies\xvla\configuration_florence2.py,31.775978088378906,11.180026054382324,3.1771342754364014,71.12637329101562,3.978756904602051,policies,71.12637329101562
lerobot\src\lerobot\policies\tdmpc\__init__.py,0.7384417057037354,0.9362830519676208,0.7384417057037354,76.63864135742188,3.856302499771118,policies,76.63864135742188
lerobot\src\lerobot\teleoperators\openarm_leader\config_openarm_leader.py,16.97572135925293,8.782069206237793,3.381255865097046,1.4454467296600342,15.745406150817871,configs,16.97572135925293
lerobot\src\lerobot\teleoperators\omx_leader\omx_leader.py,32.799625396728516,9.344417572021484,7.966840744018555,9.621941566467285,22.021276473999023,configs,32.799625396728516
lerobot\examples\port_datasets\display_error_files.py,11.427294731140137,79.11943817138672,6.7339067459106445,3.608905076980591,5.175509452819824,datasets,79.11943817138672
lerobot\src\lerobot\teleoperators\rebot_102_leader\config_rebot_102_leader.py,16.365432739257812,6.354650020599365,4.182878494262695,3.6569645404815674,10.789358139038086,configs,16.365432739257812
lerobot\src\lerobot\policies\xvla\configuration_xvla.py,35.88867950439453,14.121034622192383,7.102085590362549,83.8298568725586,48.829063415527344,policies,83.8298568725586
lerobot\src\lerobot\rollout\__init__.py,2.0,97.35267639160156,1.0,7.0,3.2388415336608887,datasets,97.35267639160156
lerobot\src\lerobot\policies\pi0_fast\configuration_pi0_fast.py,27.054330825805664,12.498743057250977,5.869558811187744,87.091064453125,29.151033401489258,policies,87.091064453125
lerobot\tests\policies\pi0_pi05\test_pi0_compile.py,19.433469772338867,3.703010320663452,4.556628227233887,77.35869598388672,36.96046829223633,policies,77.35869598388672
lerobot\src\lerobot\utils\random_utils.py,2.0983142852783203,3.4170656204223633,1.2343978881835938,1.1552512645721436,3.554398536682129,robot_devices,3.554398536682129
lerobot\src\lerobot\policies\diffusion\__init__.py,0.7384417057037354,0.9362830519676208,0.7384417057037354,77.4137191772461,3.856302499771118,policies,77.4137191772461
lerobot\tests\mocks\mock_feetech.py,1.257611632347107,9.438173294067383,3.5710673332214355,5.414690971374512,1.2051944732666016,datasets,9.438173294067383
lerobot\src\lerobot\teleoperators\unitree_g1\exo_ik.py,3.5365946292877197,11.52214241027832,2.7641937732696533,13.629115104675293,55.02943801879883,robot_devices,55.02943801879883
lerobot\src\lerobot\policies\groot\utils.py,75.81141662597656,22.100173950195312,1.9273788928985596,60.934051513671875,35.33021545410156,configs,75.81141662597656
lerobot\src\lerobot\teleoperators\bi_openarm_leader\__init__.py,0.0,0.0,0.0,0.0,3.4200077056884766,robot_devices,3.4200077056884766
lerobot\tests\processor\test_batch_processor.py,22.60099220275879,14.528338432312012,7.0539727210998535,11.429161071777344,75.8422622680664,robot_devices,75.8422622680664
lerobot\examples\dataset\create_progress_videos.py,21.201616287231445,67.54412841796875,9.919572830200195,9.82108211517334,12.00674819946289,datasets,67.54412841796875
lerobot\src\lerobot\rewards\topreward\modeling_topreward.py,26.824480056762695,39.390464782714844,7.971710205078125,12.626387596130371,39.19172286987305,datasets,39.390464782714844
lerobot\src\lerobot\rewards\topreward\configuration_topreward.py,15.212779998779297,13.347923278808594,8.444966316223145,25.388118743896484,48.26128387451172,robot_devices,48.26128387451172
lerobot\src\lerobot\teleoperators\phone\teleop_phone.py,32.1830940246582,8.194562911987305,2.5394890308380127,5.4934258460998535,65.79654693603516,robot_devices,65.79654693603516
lerobot\src\lerobot\robots\bi_openarm_follower\__init__.py,0.0,0.0,0.7372015118598938,0.0,47.823020935058594,robot_devices,47.823020935058594
lerobot\src\lerobot\envs\vlabench.py,11.249372482299805,17.62729835510254,48.947059631347656,11.21200180053711,51.623634338378906,robot_devices,51.623634338378906
lerobot\tests\processor\test_rename_processor.py,26.918081283569336,16.405847549438477,10.59393310546875,18.637958526611328,48.23783874511719,robot_devices,48.23783874511719
lerobot\examples\lekiwi\record.py,18.990144729614258,49.447811126708984,69.6556396484375,1.3713197708129883,51.83135223388672,environments,69.6556396484375
lerobot\tests\policies\pi0_pi05\test_pi0_rtc.py,27.47219467163086,42.09093475341797,5.49730110168457,81.36526489257812,35.481204986572266,policies,81.36526489257812
lerobot\src\lerobot\policies\vqbet\modeling_vqbet.py,31.305702209472656,24.795461654663086,37.563838958740234,79.9003677368164,78.76209259033203,policies,79.9003677368164
lerobot\examples\phone_to_so100\record.py,20.28614616394043,51.34823226928711,64.54430389404297,3.1602728366851807,61.196434020996094,environments,64.54430389404297
lerobot\src\lerobot\annotations\steerable_pipeline\vlm_client.py,28.444129943847656,25.917476654052734,10.002426147460938,13.120662689208984,56.90415954589844,robot_devices,56.90415954589844
lerobot\src\lerobot\rewards\robometer\configuration_robometer.py,33.119075775146484,14.256492614746094,8.271763801574707,20.482818603515625,5.659790992736816,configs,33.119075775146484
lerobot\src\lerobot\motors\motors_bus.py,9.679094314575195,20.952119827270508,8.65954303741455,19.79911994934082,21.56475830078125,robot_devices,21.56475830078125
lerobot\src\lerobot\rollout\inference\__init__.py,0.0,2.123744010925293,0.0,0.0,3.388885974884033,robot_devices,3.388885974884033
lerobot\tests\processor\test_converters.py,2.9563968181610107,9.189149856567383,2.3918991088867188,10.517733573913574,30.110673904418945,robot_devices,30.110673904418945
lerobot\src\lerobot\rl\joint_observations_processor.py,16.160348892211914,7.4213643074035645,2.058069944381714,7.858156204223633,53.10212326049805,robot_devices,53.10212326049805
lerobot\src\lerobot\rollout\inference\rtc.py,28.667802810668945,33.01117706298828,7.684848308563232,20.809919357299805,82.74126434326172,robot_devices,82.74126434326172
lerobot\src\lerobot\robots\koch_follower\__init__.py,0.0,0.0,0.7378174662590027,0.0,48.16172790527344,robot_devices,48.16172790527344
lerobot\tests\configs\test_resume_from_hub.py,72.03297424316406,43.08217239379883,2.7014353275299072,6.8277177810668945,6.451426029205322,configs,72.03297424316406
lerobot\src\lerobot\processor\factory.py,0.36231109499931335,0.509656548500061,3.398839235305786,1.0,49.35515213012695,robot_devices,49.35515213012695
lerobot\src\lerobot\robots\unitree_g1\unitree_sdk2_socket.py,17.996200561523438,10.015106201171875,3.4470033645629883,2.8138530254364014,56.24201583862305,robot_devices,56.24201583862305
lerobot\src\lerobot\policies\factory.py,39.84706497192383,53.065059661865234,55.83799743652344,114.35579681396484,29.574363708496094,policies,114.35579681396484
lerobot\src\lerobot\scripts\convert_dataset_v21_to_v30.py,24.124759674072266,118.63538360595703,10.044557571411133,18.070831298828125,20.480894088745117,datasets,118.63538360595703
lerobot\src\lerobot\robots\bi_so_follower\config_bi_so_follower.py,18.258705139160156,4.518815040588379,3.7692949771881104,1.0997951030731201,50.63648223876953,robot_devices,50.63648223876953
lerobot\src\lerobot\utils\sample_weighting.py,31.746334075927734,105.9461669921875,9.235494613647461,93.09381866455078,46.198760986328125,datasets,105.9461669921875
lerobot\src\lerobot\scripts\lerobot_calibrate.py,20.177352905273438,6.255680084228516,3.7680323123931885,2.16034197807312,95.85636901855469,robot_devices,95.85636901855469
lerobot\tests\configs\test_default.py,69.59485626220703,41.68032455444336,0.5644720792770386,0.0,0.0,configs,69.59485626220703
lerobot\src\lerobot\rl\learner_service.py,0.7106714248657227,2.654022455215454,1.5464016199111938,3.110225200653076,37.99044418334961,robot_devices,37.99044418334961
lerobot\src\lerobot\teleoperators\bi_openarm_mini\bi_openarm_mini.py,18.872373580932617,3.2171881198883057,2.2900326251983643,2.591703414916992,52.76274108886719,robot_devices,52.76274108886719
lerobot\src\lerobot\teleoperators\koch_leader\config_koch_leader.py,14.04065227508545,3.0,0.0,0.0,3.7678253650665283,configs,14.04065227508545
lerobot\src\lerobot\datasets\dataset_reader.py,60.90311813354492,129.18544006347656,7.073638439178467,5.2403740882873535,12.514364242553711,datasets,129.18544006347656
lerobot\src\lerobot\utils\constants.py,10.673140525817871,10.539449691772461,89.69758605957031,23.04311180114746,70.47048950195312,environments,89.69758605957031
lerobot\tests\datasets\test_language_render.py,7.291168212890625,105.07746124267578,4.18662691116333,2.63590407371521,10.366517066955566,datasets,105.07746124267578
lerobot\tests\annotations\_helpers.py,0.6284866333007812,2.028578281402588,0.8423395752906799,0.36916446685791016,0.0,datasets,2.028578281402588
lerobot\examples\lekiwi\teleoperate.py,19.860628128051758,6.181910514831543,3.385502815246582,2.097336769104004,46.747764587402344,robot_devices,46.747764587402344
lerobot\src\lerobot\utils\__init__.py,0.0,3.342160701751709,0.0,1.2912784814834595,35.320472717285156,robot_devices,35.320472717285156
lerobot\src\lerobot\model\__init__.py,0.0,0.0,0.0,4.864205837249756,40.43146514892578,robot_devices,40.43146514892578
lerobot\src\lerobot\teleoperators\bi_rebot_102_leader\config_bi_rebot_102_leader.py,16.761859893798828,3.0,0.0,0.341025710105896,9.519808769226074,configs,16.761859893798828
lerobot\src\lerobot\policies\groot\action_head\__init__.py,0.6689297556877136,1.6723244190216064,0.6689297556877136,74.93670654296875,7.508944988250732,policies,74.93670654296875
lerobot\tests\policies\xvla\test_xvla_original_vs_lerobot.py,23.605302810668945,30.908578872680664,9.75505542755127,82.15733337402344,39.105796813964844,policies,82.15733337402344
lerobot\src\lerobot\policies\molmoact2\modeling_molmoact2.py,42.24761962890625,42.33849334716797,15.7092924118042,71.583984375,45.900604248046875,policies,71.583984375
lerobot\src\lerobot\robots\bi_rebot_b601_follower\config_bi_rebot_b601_follower.py,18.23183822631836,4.5138630867004395,3.760265588760376,1.0966832637786865,56.74114227294922,robot_devices,56.74114227294922
lerobot\tests\datasets\test_lerobot_dataset.py,8.229819297790527,129.26434326171875,11.373359680175781,7.114500999450684,19.94883918762207,datasets,129.26434326171875
lerobot\tests\policies\pi0_pi05\openpi_pytorch\image_tools.py,3.469334363937378,4.534582614898682,2.143296241760254,74.68938446044922,1.8072526454925537,policies,74.68938446044922
lerobot\src\lerobot\policies\xvla\soft_transformer.py,8.195718765258789,14.134078979492188,3.240912437438965,64.44403839111328,25.97821807861328,policies,64.44403839111328
lerobot\src\lerobot\rollout\strategies\factory.py,18.552587509155273,0.29181385040283203,2.271125316619873,0.0,3.3068180084228516,configs,18.552587509155273
lerobot\tests\annotations\test_pipeline_recipe_render.py,24.999391555786133,108.79684448242188,5.25338077545166,2.377922534942627,55.774662017822266,datasets,108.79684448242188
lerobot\tests\test_control_robot.py,0.4811454117298126,117.54554748535156,4.1428303718566895,0.0,60.63490295410156,datasets,117.54554748535156
lerobot\tests\utils\test_random_utils.py,1.8605115413665771,2.6613402366638184,1.7623957395553589,0.9302557706832886,0.9302557706832886,datasets,2.6613402366638184
lerobot\src\lerobot\rl\eval_policy.py,20.043292999267578,44.76549530029297,5.502503395080566,19.478593826293945,48.09695053100586,robot_devices,48.09695053100586
lerobot\tests\training\test_multi_gpu.py,39.018272399902344,111.1893081665039,79.37149810791016,27.006874084472656,89.26289367675781,datasets,111.1893081665039
lerobot\src\lerobot\robots\config.py,17.034595489501953,5.674864292144775,1.3587126731872559,0.6946698427200317,64.5628662109375,robot_devices,64.5628662109375
lerobot\src\lerobot\policies\diffusion\modeling_diffusion.py,28.28472900390625,13.618365287780762,6.986276626586914,67.87049102783203,81.77437591552734,robot_devices,81.77437591552734
lerobot\tests\test_available.py,0.0,105.14478302001953,0.5539931058883667,1.0360132455825806,4.190701007843018,datasets,105.14478302001953
lerobot\src\lerobot\motors\feetech\feetech.py,8.327446937561035,19.01468276977539,5.427762985229492,18.6549129486084,22.353273391723633,robot_devices,22.353273391723633
lerobot\src\lerobot\policies\xvla\utils.py,6.433687686920166,7.840339660644531,3.091071605682373,66.12078094482422,4.071211338043213,policies,66.12078094482422
lerobot\src\lerobot\rollout\strategies\base.py,8.678468704223633,36.818748474121094,8.305171966552734,16.67211151123047,56.39536666870117,robot_devices,56.39536666870117
lerobot\src\lerobot\rl\algorithms\factory.py,23.362714767456055,1.2126590013504028,5.398197650909424,18.630535125732422,4.617142200469971,configs,23.362714767456055
lerobot\src\lerobot\policies\fastwam\modeling_fastwam.py,32.22870635986328,49.94625473022461,8.173318862915039,66.34066009521484,39.03755187988281,policies,66.34066009521484
lerobot\tests\rl\test_actor_learner.py,28.79228401184082,98.46223449707031,8.346643447875977,19.191608428955078,34.195613861083984,datasets,98.46223449707031
lerobot\src\lerobot\teleoperators\bi_so_leader\__init__.py,0.0,0.0,0.0,0.0,3.4200077056884766,robot_devices,3.4200077056884766
lerobot\tests\processor\test_libero_processor.py,3.522981643676758,4.910819053649902,2.2868220806121826,7.0,43.39875030517578,robot_devices,43.39875030517578
lerobot\src\lerobot\datasets\pyav_utils.py,5.025181293487549,76.23534393310547,3.8034324645996094,4.767759323120117,3.4017183780670166,datasets,76.23534393310547
lerobot\tests\policies\lingbot_va\test_processor.py,24.169754028320312,41.29732131958008,3.696314811706543,86.17813110351562,23.109743118286133,policies,86.17813110351562
lerobot\src\lerobot\teleoperators\openarm_leader\__init__.py,0.0,0.0,0.0,0.0,3.4200077056884766,robot_devices,3.4200077056884766
lerobot\examples\dataset\use_dataset_image_transforms.py,30.659114837646484,48.022315979003906,4.342351913452148,1.811893105506897,4.444360733032227,datasets,48.022315979003906
lerobot\src\lerobot\robots\hope_jr\__init__.py,0.6683717370033264,0.6683717370033264,1.4049582481384277,0.6683717370033264,48.48320007324219,robot_devices,48.48320007324219
lerobot\src\lerobot\policies\evo1\modeling_evo1.py,37.360599517822266,20.83500862121582,15.40446662902832,73.23763275146484,45.90342330932617,policies,73.23763275146484
lerobot\src\lerobot\configs\default.py,58.061702728271484,18.303730010986328,7.057942867279053,3.991339683532715,9.76720142364502,configs,58.061702728271484
lerobot\tests\rl\test_sac_algorithm.py,32.29176330566406,89.12108612060547,8.169234275817871,22.518638610839844,28.51006507873535,datasets,89.12108612060547
lerobot\tests\training\test_visual_validation.py,28.30961036682129,113.86935424804688,7.313070774078369,18.13433837890625,46.72777557373047,datasets,113.86935424804688
lerobot\tests\mocks\mock_teleop.py,18.063302993774414,3.0,0.5278615355491638,1.7715034484863281,45.51749801635742,robot_devices,45.51749801635742
lerobot\src\lerobot\utils\rerun_visualization.py,1.1990395784378052,11.376778602600098,0.3609296381473541,2.806539297103882,46.200111389160156,robot_devices,46.200111389160156
lerobot\src\lerobot\utils\hub.py,26.16887092590332,11.39334774017334,5.794510364532471,22.566465377807617,7.084103107452393,configs,26.16887092590332
lerobot\src\lerobot\cameras\realsense\__init__.py,0.0,0.0,0.0,0.0,5.708941459655762,robot_devices,5.708941459655762
lerobot\src\lerobot\policies\smolvla\smolvlm_with_expert.py,26.315052032470703,18.972305297851562,3.448462724685669,67.59358215332031,34.94933319091797,policies,67.59358215332031
lerobot\tests\optim\test_schedulers.py,21.575803756713867,4.854595184326172,4.90791130065918,3.3093061447143555,1.183125376701355,configs,21.575803756713867
lerobot\examples\tutorial\act\act_training_example.py,12.503984451293945,51.39561462402344,9.548157691955566,20.199893951416016,81.04158782958984,robot_devices,81.04158782958984
lerobot\src\lerobot\policies\eo1\modeling_eo1.py,27.390644073486328,17.019784927368164,5.767988204956055,61.36177062988281,37.89534378051758,policies,61.36177062988281
lerobot\src\lerobot\cameras\realsense\camera_realsense.py,33.82012176513672,21.912988662719727,8.822122573852539,7.486954212188721,112.12703704833984,robot_devices,112.12703704833984
lerobot\src\lerobot\configs\video.py,67.04681396484375,38.300148010253906,5.1742844581604,8.042645454406738,4.4501447677612305,configs,67.04681396484375
lerobot\tests\utils\test_process.py,0.9083488583564758,96.89151763916016,4.320329189300537,0.0,2.883227825164795,datasets,96.89151763916016
lerobot\tests\scripts\test_train_remote_dispatch.py,6.476522922515869,104.32845306396484,3.5088346004486084,19.579328536987305,4.565120697021484,datasets,104.32845306396484
lerobot\src\lerobot\teleoperators\bi_openarm_mini\__init__.py,0.29433804750442505,0.0,0.29433804750442505,0.0,3.4200077056884766,robot_devices,3.4200077056884766
lerobot\src\lerobot\policies\wall_x\configuration_wall_x.py,31.102609634399414,14.2733793258667,7.051989555358887,94.95094299316406,46.96196365356445,policies,94.95094299316406
lerobot\src\lerobot\rollout\strategies\sentry.py,29.094675064086914,58.30602264404297,10.625218391418457,16.482891082763672,56.03553771972656,datasets,58.30602264404297
lerobot\tests\rewards\__init__.py,0.0,0.0,0.6009413599967957,0.0,0.0,environments,0.6009413599967957
lerobot\src\lerobot\rewards\sarm\__init__.py,0.7384417057037354,0.9362830519676208,0.7384417057037354,0.4448390007019043,3.856302499771118,robot_devices,3.856302499771118
lerobot\tests\jobs\test_dataset.py,1.8208039999008179,115.53561401367188,2.0694169998168945,1.0923185348510742,5.625912189483643,datasets,115.53561401367188
lerobot\src\lerobot\cameras\reachy2_camera\configuration_reachy2_camera.py,10.421295166015625,6.836938381195068,3.470249891281128,2.3653011322021484,8.566073417663574,configs,10.421295166015625
lerobot\src\lerobot\scripts\lerobot_record.py,27.910219192504883,59.0573844909668,76.02644348144531,21.869468688964844,90.04283905029297,robot_devices,90.04283905029297
lerobot\src\lerobot\policies\wall_x\qwen_model\configuration_qwen2_5_vl.py,85.74629974365234,7.961638927459717,3.345864772796631,72.40518188476562,3.614584445953369,configs,85.74629974365234
lerobot\src\lerobot\robots\unitree_g1\g1_utils.py,0.4986284077167511,1.931382179260254,1.0633060932159424,2.2821478843688965,54.81488037109375,robot_devices,54.81488037109375
lerobot\src\lerobot\scripts\lerobot_rollout.py,3.844038963317871,8.918231964111328,5.243435859680176,5.143075942993164,59.983642578125,robot_devices,59.983642578125
lerobot\tests\datasets\test_dataset_tools.py,7.783163547515869,159.8162384033203,10.253119468688965,5.770761489868164,15.137314796447754,datasets,159.8162384033203
lerobot\tests\policies\lingbot_va\test_factory.py,22.46320915222168,0.46235597133636475,5.517877101898193,88.56388854980469,26.872861862182617,policies,88.56388854980469
lerobot\tests\processor\test_act_processor.py,26.76544952392578,22.827167510986328,4.505387783050537,21.332244873046875,35.571128845214844,robot_devices,35.571128845214844
lerobot\src\lerobot\configs\__init__.py,69.54643249511719,8.305037498474121,2.0,9.743057250976562,3.208401679992676,configs,69.54643249511719
lerobot\src\lerobot\policies\pi0\__init__.py,0.7384417057037354,0.9362830519676208,0.7384417057037354,76.24111938476562,3.856302499771118,policies,76.24111938476562
lerobot\src\lerobot\policies\rtc\latency_tracker.py,0.8923382759094238,0.0,0.6127244234085083,71.80672454833984,3.218484401702881,policies,71.80672454833984
lerobot\src\lerobot\rl\trainer.py,2.7203545570373535,6.421356201171875,3.3779542446136475,0.34514275193214417,3.7901101112365723,datasets,6.421356201171875
lerobot\src\lerobot\rl\crop_dataset_roi.py,25.723461151123047,56.79106140136719,5.874982833862305,2.6605944633483887,55.76390075683594,datasets,56.79106140136719
lerobot\tests\utils\test_sample_weighting.py,29.18805503845215,45.25077819824219,6.6108598709106445,25.343503952026367,43.334468841552734,datasets,45.25077819824219
lerobot\tests\annotations\test_vlm_client.py,2.516903877258301,100.73445892333984,1.6261597871780396,5.978654384613037,4.075008869171143,datasets,100.73445892333984
lerobot\src\lerobot\rollout\inference\base.py,2.5150980949401855,4.94299840927124,1.1865496635437012,2.1339635848999023,4.469057083129883,datasets,4.94299840927124
lerobot\tests\async_inference\test_policy_server.py,26.489139556884766,3.458339214324951,87.15151977539062,23.63997459411621,67.29447174072266,environments,87.15151977539062
lerobot\tests\policies\rtc\test_action_queue.py,25.786832809448242,5.327308654785156,4.778993129730225,52.86317443847656,20.423349380493164,policies,52.86317443847656
lerobot\tests\processor\test_pipeline.py,81.54875946044922,94.143310546875,13.231115341186523,27.124691009521484,35.4630012512207,datasets,94.143310546875
lerobot\tests\processor\test_batch_conversion.py,0.0,8.78559684753418,0.5871937274932861,7.01267671585083,0.42781904339790344,datasets,8.78559684753418
lerobot\tests\policies\pi0_pi05\utils\openpi_parity.py,12.24170207977295,51.72865295410156,10.968832969665527,83.82111358642578,41.27210998535156,policies,83.82111358642578
lerobot\src\lerobot\cameras\configs.py,51.25083923339844,4.9250335693359375,1.925033450126648,4.814608097076416,7.30778169631958,configs,51.25083923339844
lerobot\src\lerobot\teleoperators\gamepad\configuration_gamepad.py,10.340044975280762,4.7823100090026855,1.7270692586898804,0.0,3.7284421920776367,configs,10.340044975280762
lerobot\tests\policies\groot\test_groot_state_dropout.py,15.87942123413086,6.11493444442749,5.690020561218262,71.18484497070312,4.090277671813965,policies,71.18484497070312
lerobot\src\lerobot\scripts\lerobot_teleoperate.py,19.601821899414062,11.180335998535156,4.513607025146484,6.920570373535156,67.84246063232422,robot_devices,67.84246063232422
lerobot\tests\policies\vla_jepa\test_configuration.py,31.527236938476562,7.494781017303467,3.7594833374023438,76.90048217773438,0.0,policies,76.90048217773438
lerobot\tests\policies\evo1\test_evo1.py,32.7613410949707,40.13778305053711,13.493536949157715,74.93608093261719,27.908260345458984,policies,74.93608093261719
lerobot\tests\rewards\test_sarm_utils.py,1.8157981634140015,6.94169282913208,2.0468482971191406,14.137711524963379,0.5601749420166016,policies,14.137711524963379
lerobot\tests\utils\test_encoding_utils.py,4.596541881561279,4.265812397003174,3.5149519443511963,5.214150905609131,2.8088533878326416,policies,5.214150905609131
lerobot\src\lerobot\robots\unitree_g1\config_unitree_g1.py,14.408414840698242,4.797797203063965,4.980545997619629,2.8399884700775146,61.17914962768555,robot_devices,61.17914962768555
lerobot\tests\teleoperators\test_unitree_g1_teleoperator.py,19.387327194213867,14.382010459899902,1.8779263496398926,6.656916618347168,15.418844223022461,configs,19.387327194213867
lerobot\tests\policies\test_sarm_subtask_annotations.py,0.3653998076915741,1.3555952310562134,0.8530107140541077,68.60441589355469,0.0,policies,68.60441589355469
lerobot\tests\datasets\test_depth.py,4.341057300567627,106.9238510131836,5.250310897827148,6.395146369934082,10.306025505065918,datasets,106.9238510131836
lerobot\src\lerobot\scripts\lerobot_train.py,73.09371948242188,114.73587799072266,46.28133010864258,81.7418441772461,37.80449676513672,datasets,114.73587799072266
lerobot\src\lerobot\motors\feetech\__init__.py,0.0,0.0,0.0,0.0,6.0928955078125,robot_devices,6.0928955078125
lerobot\src\lerobot\utils\logging_utils.py,2.035541534423828,7.599550247192383,2.042715072631836,2.271312713623047,34.3196907043457,robot_devices,34.3196907043457
lerobot\src\lerobot\robots\unitree_g1\gr00t_locomotion.py,8.804206848144531,7.333747386932373,3.1238932609558105,95.03713989257812,56.42316436767578,policies,95.03713989257812
lerobot\tests\policies\groot\utils\dump_original_n1_7.py,82.43431854248047,27.120553970336914,9.798667907714844,91.12686157226562,39.005889892578125,policies,91.12686157226562
lerobot\src\lerobot\annotations\steerable_pipeline\prompts\__init__.py,1.9110217094421387,6.177275657653809,0.9555108547210693,0.9555108547210693,4.717519283294678,datasets,6.177275657653809
lerobot\src\lerobot\optim\factory.py,21.714176177978516,3.7740328311920166,9.060112953186035,16.276657104492188,4.919674873352051,configs,21.714176177978516
lerobot\tests\policies\pi0_pi05\test_pi05_original_vs_lerobot.py,25.55190086364746,47.38530731201172,5.1610846519470215,87.36811828613281,40.11476135253906,policies,87.36811828613281
lerobot\src\lerobot\teleoperators\openarm_mini\__init__.py,0.29433804750442505,0.0,0.29433804750442505,0.0,3.4200077056884766,robot_devices,3.4200077056884766
lerobot\src\lerobot\policies\act\modeling_act.py,27.810169219970703,14.614701271057129,7.007936477661133,65.4952621459961,80.73350524902344,robot_devices,80.73350524902344
lerobot\tests\rewards\test_topreward_processor.py,20.817466735839844,15.603931427001953,7.372172832489014,8.808111190795898,1.2896671295166016,configs,20.817466735839844
lerobot\examples\isaac_teleop_to_so101\isaac_teleop\config_isaac_teleop.py,15.630332946777344,8.43399429321289,3.7004942893981934,2.4974541664123535,3.8314428329467773,configs,15.630332946777344
lerobot\examples\isaac_teleop_to_so101\isaac_teleop\teleop_so101_leader_arm.py,21.396602630615234,2.37522554397583,6.384416580200195,1.9113972187042236,46.43404006958008,robot_devices,46.43404006958008
lerobot\tests\mocks\mock_robot.py,70.43548583984375,6.07509708404541,4.24656867980957,8.779800415039062,53.715850830078125,configs,70.43548583984375
lerobot\src\lerobot\rollout\inference\sync.py,19.667137145996094,41.54241180419922,4.662693023681641,21.14121437072754,82.8919906616211,robot_devices,82.8919906616211
lerobot\src\lerobot\envs\robotwin.py,77.12518310546875,29.29950714111328,12.935647964477539,20.160573959350586,58.57298278808594,configs,77.12518310546875
lerobot\tests\artifacts\image_transforms\save_image_transforms_to_safetensors.py,22.221630096435547,45.757057189941406,4.642254829406738,1.3700710535049438,5.533247947692871,datasets,45.757057189941406
lerobot\src\lerobot\teleoperators\so_leader\__init__.py,0.0,0.0,0.0,0.0,3.397317409515381,robot_devices,3.397317409515381
lerobot\src\lerobot\cameras\opencv\configuration_opencv.py,12.809074401855469,8.966667175292969,3.2248430252075195,2.6559531688690186,7.603246212005615,configs,12.809074401855469
lerobot\src\lerobot\rewards\sarm\processor_sarm.py,31.672481536865234,57.83041763305664,7.418252468109131,30.394926071166992,32.74209213256836,datasets,57.83041763305664
lerobot\src\lerobot\motors\encoding_utils.py,3.614595890045166,2.8843610286712646,3.545062780380249,4.561468124389648,8.300374031066895,robot_devices,8.300374031066895
lerobot\examples\annotations\run_hf_job.py,7.044317245483398,78.72628021240234,2.4474544525146484,7.412881374359131,4.903726100921631,datasets,78.72628021240234
lerobot\src\lerobot\robots\omx_follower\omx_follower.py,79.35002899169922,10.480021476745605,9.373797416687012,7.4925618171691895,68.9641342163086,configs,79.35002899169922
lerobot\tests\policies\test_policies.py,35.756710052490234,115.26953125,16.720918655395508,115.24982452392578,89.4355697631836,datasets,115.26953125
lerobot\src\lerobot\scripts\lerobot_imgtransform_viz.py,21.352174758911133,43.07577133178711,3.119239330291748,3.1402947902679443,4.378314971923828,datasets,43.07577133178711
lerobot\src\lerobot\transport\utils.py,17.018922805786133,9.655982971191406,1.2341346740722656,2.08762264251709,18.629047393798828,robot_devices,18.629047393798828
lerobot\src\lerobot\policies\xvla\modeling_florence2.py,35.9885368347168,23.49052619934082,10.3074312210083,58.46334457397461,32.72031021118164,policies,58.46334457397461
lerobot\src\lerobot\async_inference\helpers.py,12.358521461486816,43.439334869384766,65.79486846923828,26.006378173828125,74.10497283935547,robot_devices,74.10497283935547
lerobot\tests\utils\test_foxglove_visualization.py,1.9036988019943237,9.444649696350098,66.3271713256836,1.0,2.598701000213623,environments,66.3271713256836
lerobot\tests\policies\rtc\test_debug_tracker.py,9.10903549194336,6.536000728607178,4.77067232131958,55.5374641418457,26.983339309692383,policies,55.5374641418457
lerobot\tests\policies\pi0_pi05\openpi_pytorch\gemma_pytorch.py,29.864171981811523,18.322134017944336,5.147390842437744,73.83651733398438,22.451467514038086,policies,73.83651733398438
lerobot\tests\scripts\test_lerobot_annotate.py,0.8188154697418213,112.77652740478516,0.9792943000793457,0.0,9.647273063659668,datasets,112.77652740478516
lerobot\src\lerobot\policies\fastwam\wan\components.py,24.450212478637695,15.723968505859375,4.459833145141602,78.98676300048828,41.4061393737793,policies,78.98676300048828
lerobot\examples\training\train_policy.py,11.760514259338379,47.10122299194336,8.807147026062012,22.208221435546875,36.54911422729492,datasets,47.10122299194336
lerobot\src\lerobot\robots\earthrover_mini_plus\__init__.py,0.29433804750442505,0.0,1.0315395593643188,0.0,47.823020935058594,robot_devices,47.823020935058594
lerobot\src\lerobot\policies\rtc\relative.py,6.07642126083374,0.0,3.890047550201416,87.39115142822266,34.968692779541016,policies,87.39115142822266
lerobot\src\lerobot\utils\foxglove_visualization.py,11.528587341308594,51.15215301513672,4.588460445404053,4.796614646911621,46.37998580932617,datasets,51.15215301513672
lerobot\src\lerobot\teleoperators\keyboard\configuration_keyboard.py,12.290255546569824,6.570845127105713,3.9095146656036377,1.820902705192566,5.395081996917725,configs,12.290255546569824
lerobot\tests\async_inference\test_robot_client.py,24.174428939819336,91.48863983154297,4.20072078704834,15.698941230773926,50.9560432434082,datasets,91.48863983154297
lerobot\src\lerobot\robots\lekiwi\lekiwi_client.py,32.10375213623047,14.478241920471191,4.728673934936523,5.143675804138184,54.75140380859375,robot_devices,54.75140380859375
lerobot\src\lerobot\robots\earthrover_mini_plus\config_earthrover_mini_plus.py,14.376692771911621,3.0,1.07509183883667,0.0,47.693538665771484,robot_devices,47.693538665771484
lerobot\examples\so100_to_so100_EE\replay.py,17.749116897583008,42.8116569519043,3.3792366981506348,1.965583324432373,51.15848159790039,robot_devices,51.15848159790039
lerobot\src\lerobot\envs\configs.py,50.41912841796875,40.04998779296875,78.59394836425781,16.35358238220215,77.05870056152344,environments,78.59394836425781
lerobot\src\lerobot\policies\gaussian_actor\configuration_gaussian_actor.py,30.06728172302246,41.16481399536133,10.757606506347656,86.60348510742188,32.21910858154297,policies,86.60348510742188
lerobot\src\lerobot\policies\groot\processor_groot.py,93.19305419921875,111.2117919921875,27.452396392822266,69.90489196777344,45.93300247192383,datasets,111.2117919921875
lerobot\tests\datasets\test_image_writer.py,5.671376705169678,116.7336196899414,6.022404670715332,5.0075788497924805,4.045799732208252,datasets,116.7336196899414
lerobot\src\lerobot\async_inference\constants.py,0.6239962577819824,0.6239962577819824,3.386716842651367,85.9730224609375,50.91945266723633,policies,85.9730224609375
lerobot\src\lerobot\policies\vqbet\__init__.py,0.7384417057037354,0.9362830519676208,0.7384417057037354,76.39558410644531,3.856302499771118,policies,76.39558410644531
lerobot\src\lerobot\transport\__init__.py,0.0,0.0,0.0,0.0,3.4057908058166504,robot_devices,3.4057908058166504
lerobot\src\lerobot\robots\unitree_g1\__init__.py,0.0,0.0,0.7378174662590027,0.0,47.83123016357422,robot_devices,47.83123016357422
lerobot\src\lerobot\rewards\sarm\modeling_sarm.py,27.863183975219727,51.798160552978516,4.858194351196289,12.682795524597168,41.84400177001953,datasets,51.798160552978516
lerobot\src\lerobot\motors\feetech\tables.py,0.946384072303772,4.056357383728027,3.893049716949463,11.204072952270508,10.437103271484375,policies,11.204072952270508
lerobot\tests\envs\test_dispatch.py,24.374731063842773,11.151751518249512,8.396180152893066,17.528657913208008,48.745094299316406,robot_devices,48.745094299316406
lerobot\tests\robots\test_reachy2.py,21.480209350585938,8.609489440917969,3.513378858566284,3.3823416233062744,61.50680160522461,robot_devices,61.50680160522461
lerobot\src\lerobot\policies\smolvla\configuration_smolvla.py,29.14021110534668,17.669673919677734,6.448464393615723,91.2861557006836,8.099601745605469,policies,91.2861557006836
lerobot\tests\utils.py,7.667605400085449,3.9472126960754395,1.1911085844039917,6.696955680847168,42.81061553955078,robot_devices,42.81061553955078
lerobot\src\lerobot\rewards\classifier\configuration_classifier.py,14.151161193847656,13.138572692871094,6.172449111938477,12.21345043182373,32.85512161254883,robot_devices,32.85512161254883
lerobot\tests\policies\rtc\test_configuration_rtc.py,28.320812225341797,0.0,2.3871960639953613,71.2724838256836,0.0,policies,71.2724838256836
lerobot\tests\annotations\__init__.py,0.0,0.0,0.6009413599967957,0.0,0.0,environments,0.6009413599967957
lerobot\src\lerobot\datasets\pipeline_features.py,0.32854413986206055,106.95050048828125,0.0,1.3494068384170532,40.248374938964844,datasets,106.95050048828125
lerobot\src\lerobot\types.py,3.3728184700012207,6.508553504943848,1.0,8.368865013122559,40.580162048339844,robot_devices,40.580162048339844
lerobot\src\lerobot\motors\__init__.py,0.0,0.0,0.0,0.0,7.605760097503662,robot_devices,7.605760097503662
lerobot\src\lerobot\robots\hope_jr\hope_jr_arm.py,69.32613372802734,8.425968170166016,5.437033653259277,4.902652740478516,68.659912109375,configs,69.32613372802734
lerobot\src\lerobot\processor\gym_action_processor.py,8.36026668548584,11.776753425598145,1.0,8.0,3.810117721557617,datasets,11.776753425598145
lerobot\src\lerobot\policies\gaussian_actor\processor_gaussian_actor.py,23.477720260620117,36.99245071411133,4.151567459106445,94.48165130615234,34.984676361083984,policies,94.48165130615234
lerobot\tests\processor\test_smolvla_processor.py,26.02608871459961,27.394933700561523,9.43577766418457,98.59330749511719,39.15256118774414,policies,98.59330749511719
lerobot\examples\isaac_teleop_to_so101\isaac_teleop\base.py,26.6287899017334,8.307952880859375,9.06374740600586,5.233515739440918,70.89157104492188,robot_devices,70.89157104492188
lerobot\src\lerobot\annotations\steerable_pipeline\modules\interjections_and_speech.py,19.401151657104492,15.509552955627441,6.758565902709961,2.244166851043701,8.416157722473145,configs,19.401151657104492
lerobot\src\lerobot\teleoperators\bi_so_leader\config_bi_so_leader.py,16.78388786315918,3.0,0.0,0.3416663706302643,3.3721485137939453,configs,16.78388786315918
lerobot\src\lerobot\policies\fastwam\processor_fastwam.py,25.51096534729004,34.925533294677734,4.374250888824463,92.59590911865234,36.67021179199219,policies,92.59590911865234
lerobot\src\lerobot\teleoperators\__init__.py,14.498714447021484,0.41369467973709106,0.2940925359725952,0.0,7.7324700355529785,configs,14.498714447021484
lerobot\src\lerobot\robots\reachy2\__init__.py,0.0,0.0,0.7186036109924316,0.3662956953048706,47.57521057128906,robot_devices,47.57521057128906
lerobot\src\lerobot\policies\evo1\flow_matching.py,6.643338680267334,11.824874877929688,4.559467315673828,56.061241149902344,38.40531539916992,policies,56.061241149902344
lerobot\tests\processor\test_tokenizer_processor.py,30.456249237060547,10.457685470581055,12.928285598754883,16.512069702148438,125.2844009399414,robot_devices,125.2844009399414
lerobot\examples\tutorial\smolvla\using_smolvla_example.py,19.9174861907959,40.33714294433594,4.7462592124938965,8.331052780151367,89.12556457519531,robot_devices,89.12556457519531
lerobot\src\lerobot\datasets\utils.py,75.28082275390625,137.08920288085938,16.434490203857422,8.935018539428711,56.890872955322266,datasets,137.08920288085938
lerobot\src\lerobot\utils\rotation.py,4.643440246582031,2.1205577850341797,0.0,0.21089361608028412,2.604381561279297,configs,4.643440246582031
lerobot\src\lerobot\policies\vla_jepa\world_model.py,9.100977897644043,13.473719596862793,5.036252975463867,61.618812561035156,35.39723205566406,policies,61.618812561035156
lerobot\src\lerobot\rewards\topreward\compute_rabc_weights.py,36.159976959228516,122.07705688476562,7.790194988250732,21.8593807220459,40.82667922973633,datasets,122.07705688476562
lerobot\src\lerobot\policies\fastwam\wan\__init__.py,1.2520716190338135,2.006237506866455,0.0,73.47601318359375,3.56282114982605,policies,73.47601318359375
lerobot\src\lerobot\policies\rtc\action_interpolator.py,0.0,0.0,0.0,74.33010864257812,3.4257278442382812,policies,74.33010864257812
lerobot\src\lerobot\policies\fastwam\wan\video_dit.py,12.43017292022705,26.638723373413086,11.203845977783203,60.090965270996094,42.14228820800781,policies,60.090965270996094
lerobot\src\lerobot\utils\device_utils.py,5.4436187744140625,2.176142454147339,6.875985622406006,2.919715404510498,100.6656723022461,robot_devices,100.6656723022461
lerobot\src\lerobot\jobs\hf.py,33.24515151977539,49.09841537475586,14.08741283416748,25.861778259277344,24.16514015197754,datasets,49.09841537475586
lerobot\src\lerobot\rl\algorithms\__init__.py,0.0,0.0,0.0,0.0,3.4257278442382812,robot_devices,3.4257278442382812
lerobot\src\lerobot\policies\pi_gemma.py,27.09320831298828,5.488898754119873,3.294792890548706,66.5392074584961,25.65056610107422,policies,66.5392074584961
lerobot\src\lerobot\rewards\robometer\processor_robometer.py,32.06049346923828,43.967735290527344,7.884276390075684,30.140216827392578,69.9708251953125,robot_devices,69.9708251953125
lerobot\src\lerobot\robots\bi_rebot_b601_follower\bi_rebot_b601_follower.py,19.700927734375,1.100042700767517,1.7346889972686768,5.042882919311523,75.44095611572266,robot_devices,75.44095611572266
lerobot\src\lerobot\policies\pi05\modeling_pi05.py,37.22890090942383,39.01279830932617,12.82238483428955,68.11376190185547,43.22889709472656,policies,68.11376190185547
lerobot\src\lerobot\annotations\steerable_pipeline\executor.py,24.715654373168945,14.565482139587402,4.222741603851318,4.908135414123535,14.033173561096191,configs,24.715654373168945
lerobot\tests\configs\test_recipe.py,53.46311569213867,5.97783088684082,5.518804550170898,1.0,2.5741183757781982,configs,53.46311569213867
lerobot\tests\jobs\conftest.py,0.0,0.0,0.6009413599967957,0.0,0.0,environments,0.6009413599967957
lerobot\src\lerobot\policies\fastwam\configuration_fastwam.py,36.47600555419922,50.47650146484375,9.700343132019043,85.32804870605469,62.32029342651367,policies,85.32804870605469
lerobot\src\lerobot\model\kinematics.py,2.646224021911621,4.64999532699585,4.007905006408691,6.062119483947754,50.52309036254883,robot_devices,50.52309036254883
lerobot\tests\optim\test_optimizers.py,27.6461238861084,6.155339241027832,4.670125961303711,8.280198097229004,1.8548305034637451,configs,27.6461238861084
lerobot\src\lerobot\motors\dynamixel\dynamixel.py,4.897754192352295,13.659972190856934,3.5647084712982178,17.61031723022461,21.95574378967285,robot_devices,21.95574378967285
lerobot\src\lerobot\policies\vqbet\processor_vqbet.py,23.477720260620117,36.99245071411133,3.2482354640960693,96.9410629272461,34.984676361083984,policies,96.9410629272461
lerobot\tests\robots\test_so100_follower.py,0.6908203363418579,4.007505893707275,2.5912058353424072,1.0,60.515296936035156,robot_devices,60.515296936035156
lerobot\src\lerobot\rewards\pretrained.py,34.11346435546875,112.91254425048828,16.729204177856445,17.715736389160156,138.1295623779297,robot_devices,138.1295623779297
lerobot\src\lerobot\policies\gaussian_actor\__init__.py,0.7372138500213623,0.9347262382507324,1.6296892166137695,74.90055847167969,3.8498902320861816,policies,74.90055847167969
lerobot\tests\artifacts\policies\save_policy_to_safetensors.py,21.440303802490234,55.10466766357422,10.026618957519531,99.58489990234375,51.13589096069336,policies,99.58489990234375
lerobot\tests\rewards\test_sarm_processor.py,21.57965850830078,54.37467956542969,2.1886439323425293,12.154226303100586,22.363265991210938,datasets,54.37467956542969
lerobot\src\lerobot\optim\__init__.py,0.0,0.7704361081123352,0.0,0.0,3.269864797592163,robot_devices,3.269864797592163
lerobot\src\lerobot\rewards\__init__.py,17.54587173461914,1.9307081699371338,0.8932895064353943,6.119731903076172,3.829188585281372,configs,17.54587173461914
lerobot\tests\datasets\test_video_decoder_cache.py,5.686949253082275,96.22103118896484,2.100738286972046,1.0358574390411377,21.283843994140625,datasets,96.22103118896484
lerobot\src\lerobot\teleoperators\bi_rebot_102_leader\bi_rebot_102_leader.py,19.712339401245117,1.6092722415924072,0.0,7.36170768737793,56.018672943115234,robot_devices,56.018672943115234
lerobot\src\lerobot\datasets\streaming_dataset.py,59.691123962402344,121.24696350097656,8.683768272399902,4.836317539215088,14.296561241149902,datasets,121.24696350097656
lerobot\examples\tutorial\rl\hilserl_example.py,29.06282615661621,50.87550354003906,11.30070686340332,20.87948226928711,89.03478240966797,robot_devices,89.03478240966797
lerobot\src\lerobot\policies\pi0_fast\processor_pi0_fast.py,25.50179100036621,39.67911148071289,7.070146083831787,93.82835388183594,32.43891143798828,policies,93.82835388183594
lerobot\src\lerobot\jobs\__init__.py,0.0,98.27851104736328,0.0,0.0,3.414306879043579,datasets,98.27851104736328
lerobot\examples\isaac_teleop_to_so101\isaac_teleop\__init__.py,0.0,0.0,0.6574438214302063,1.0,44.18217849731445,robot_devices,44.18217849731445
lerobot\src\lerobot\teleoperators\gamepad\__init__.py,0.0,0.0,0.0,0.0,3.4257278442382812,robot_devices,3.4257278442382812
lerobot\tests\teleoperators\test_reachy2_teleoperator.py,17.179956436157227,3.3179006576538086,2.0152838230133057,3.3211467266082764,56.99180603027344,robot_devices,56.99180603027344
lerobot\src\lerobot\teleoperators\koch_leader\__init__.py,0.0,0.0,0.0,0.0,3.7533648014068604,robot_devices,3.7533648014068604
lerobot\tests\processor\test_pi0_processor.py,23.884042739868164,46.337730407714844,3.5210537910461426,17.93758201599121,39.18327713012695,datasets,46.337730407714844
lerobot\src\lerobot\teleoperators\reachy2_teleoperator\reachy2_teleoperator.py,20.751575469970703,8.347826957702637,1.4529788494110107,3.900048017501831,12.00292682647705,configs,20.751575469970703
lerobot\src\lerobot\rl\algorithms\configs.py,82.62915802001953,21.119497299194336,14.63549518585205,32.24803161621094,9.328409194946289,configs,82.62915802001953
lerobot\src\lerobot\teleoperators\unitree_g1\config_unitree_g1.py,18.42757225036621,5.901235580444336,3.3337700366973877,1.204843521118164,4.194036960601807,configs,18.42757225036621
lerobot\src\lerobot\policies\multi_task_dit\modeling_multi_task_dit.py,30.657121658325195,26.54146957397461,8.03184986114502,59.99151611328125,85.37654113769531,robot_devices,85.37654113769531
lerobot\src\lerobot\processor\delta_action_processor.py,4.846104621887207,7.02733850479126,3.95436429977417,8.0,45.96913146972656,robot_devices,45.96913146972656
lerobot\tests\utils\test_visualization_utils.py,0.28691259026527405,5.343377113342285,0.8697593212127686,5.014010906219482,0.0,datasets,5.343377113342285
lerobot\src\lerobot\policies\vqbet\vqbet_utils.py,31.201555252075195,27.411455154418945,30.55013084411621,56.898136138916016,38.58418273925781,policies,56.898136138916016
lerobot\src\lerobot\policies\molmoact2\molmoact2_hf_model\action_tokenizer.py,22.56870460510254,12.144021987915039,3.3577136993408203,69.32867431640625,3.2067503929138184,policies,69.32867431640625
lerobot\src\lerobot\teleoperators\bi_rebot_102_leader\__init__.py,0.0,0.0,0.0,0.0,8.6362886428833,robot_devices,8.6362886428833
lerobot\src\lerobot\robots\lekiwi\lekiwi.py,70.47624206542969,14.793583869934082,10.171440124511719,10.843165397644043,69.00466918945312,configs,70.47624206542969
lerobot\examples\training\train_with_streaming.py,11.866010665893555,45.655120849609375,9.791226387023926,19.145160675048828,38.456050872802734,datasets,45.655120849609375
lerobot\src\lerobot\scripts\lerobot_dataset_viz.py,17.160791397094727,62.340850830078125,12.459686279296875,16.49568748474121,20.265682220458984,datasets,62.340850830078125
lerobot\src\lerobot\teleoperators\reachy2_teleoperator\__init__.py,0.0,0.0,0.0,0.3662956953048706,7.0444183349609375,robot_devices,7.0444183349609375
lerobot\src\lerobot\utils\import_utils.py,26.377117156982422,75.0324478149414,6.2265777587890625,19.503067016601562,86.91143798828125,robot_devices,86.91143798828125
lerobot\examples\dataset\slurm_compute_rabc.py,39.696067810058594,118.08689880371094,11.183154106140137,17.45720672607422,41.101688385009766,datasets,118.08689880371094
lerobot\src\lerobot\policies\fastwam\wan\model.py,4.6106038093566895,10.71054744720459,2.0865731239318848,67.67544555664062,4.75473165512085,policies,67.67544555664062
lerobot\src\lerobot\datasets\dataset_metadata.py,25.658567428588867,123.5872573852539,10.484537124633789,12.317105293273926,58.41735076904297,datasets,123.5872573852539
lerobot\src\lerobot\policies\multi_task_dit\configuration_multi_task_dit.py,16.691383361816406,20.43882179260254,6.132887363433838,75.05193328857422,7.192630767822266,policies,75.05193328857422
lerobot\tests\test_cli_peft.py,31.97195816040039,45.00041580200195,9.648187637329102,27.193233489990234,7.51778507232666,datasets,45.00041580200195
lerobot\src\lerobot\robots\unitree_g1\unitree_g1.py,67.01420593261719,14.713918685913086,11.239355087280273,5.906846523284912,66.19654846191406,configs,67.01420593261719
lerobot\src\lerobot\policies\pi0\configuration_pi0.py,27.18896484375,17.747703552246094,6.324958324432373,85.9947509765625,28.3122501373291,policies,85.9947509765625
lerobot\tests\cameras\test_reachy2_camera.py,18.50058937072754,6.493390083312988,0.8923062682151794,3.2973153591156006,7.419180393218994,configs,18.50058937072754
lerobot\src\lerobot\common\control_utils.py,10.296608924865723,48.64131164550781,11.062640190124512,22.74747657775879,90.2055435180664,robot_devices,90.2055435180664
lerobot\src\lerobot\rl\data_sources\__init__.py,0.0,6.404025077819824,0.0,0.0,3.4200077056884766,datasets,6.404025077819824
lerobot\src\lerobot\policies\vla_jepa\configuration_vla_jepa.py,19.26675033569336,18.248245239257812,8.607571601867676,95.50759887695312,48.69898986816406,policies,95.50759887695312
lerobot\src\lerobot\rewards\classifier\modeling_classifier.py,21.981313705444336,11.629684448242188,3.303706645965576,14.782179832458496,6.590620517730713,configs,21.981313705444336
lerobot\src\lerobot\processor\pipeline.py,40.71651077270508,32.7876091003418,13.475183486938477,29.304241180419922,46.89331817626953,robot_devices,46.89331817626953
lerobot\src\lerobot\utils\decorators.py,0.0,0.0,0.0,0.0,4.328311920166016,robot_devices,4.328311920166016
lerobot\examples\isaac_teleop_to_so101\isaac_teleop\clutch.py,2.8256771564483643,2.7747607231140137,0.8410630822181702,0.8410630822181702,3.5283358097076416,robot_devices,3.5283358097076416
lerobot\examples\port_datasets\slurm_aggregate_shards.py,9.167269706726074,108.45487976074219,7.447176456451416,3.402780294418335,3.015291213989258,datasets,108.45487976074219
lerobot\src\lerobot\annotations\steerable_pipeline\modules\__init__.py,0.0,0.0,0.0,0.6791093349456787,3.4171547889709473,robot_devices,3.4171547889709473
lerobot\src\lerobot\policies\fastwam\__init__.py,0.7384417057037354,0.9362830519676208,0.7384417057037354,73.6195068359375,3.856302499771118,policies,73.6195068359375
lerobot\src\lerobot\policies\tdmpc\configuration_tdmpc.py,15.382774353027344,14.589818954467773,5.959946155548096,80.86723327636719,4.407651424407959,policies,80.86723327636719
lerobot\examples\port_datasets\port_droid.py,17.570709228515625,125.46074676513672,8.623952865600586,12.075777053833008,57.97026824951172,datasets,125.46074676513672
lerobot\tests\policies\molmoact2\test_molmoact2.py,38.02335739135742,40.94345474243164,13.02660083770752,79.70170593261719,32.12331008911133,policies,79.70170593261719
lerobot\src\lerobot\policies\act\configuration_act.py,16.93972396850586,15.710044860839844,76.42214965820312,93.76365661621094,5.875652313232422,policies,93.76365661621094
lerobot\src\lerobot\policies\rtc\__init__.py,0.0,0.0,0.0,74.11285400390625,3.4057908058166504,policies,74.11285400390625
lerobot\tests\policies\groot\test_groot_lerobot.py,26.090726852416992,35.873046875,9.867319107055664,88.04148864746094,43.94632339477539,policies,88.04148864746094
lerobot\tests\processor\test_pipeline_from_pretrained_helpers.py,35.62972640991211,21.26072120666504,4.720365047454834,9.947839736938477,6.125380516052246,configs,35.62972640991211
lerobot\src\lerobot\rl\algorithms\sac\sac_algorithm.py,28.9549617767334,16.043861389160156,6.455936908721924,21.707321166992188,36.58102798461914,robot_devices,36.58102798461914
lerobot\src\lerobot\policies\rtc\configuration_rtc.py,10.316926956176758,3.2904648780822754,1.9017174243927002,72.20358276367188,3.646028518676758,policies,72.20358276367188
lerobot\src\lerobot\robots\bi_so_follower\__init__.py,0.0,0.0,0.7372015118598938,0.0,47.823020935058594,robot_devices,47.823020935058594
lerobot\src\lerobot\cameras\realsense\configuration_realsense.py,9.99184799194336,6.057010173797607,1.9223222732543945,2.7021868228912354,5.815056800842285,configs,9.99184799194336
lerobot\tests\policies\wall_x\test_wallx.py,27.064638137817383,45.448997497558594,7.685049533843994,84.77268981933594,35.896759033203125,policies,84.77268981933594
lerobot\src\lerobot\policies\rtc\action_queue.py,4.065423488616943,3.7091588973999023,1.058861494064331,69.03363037109375,3.5269715785980225,policies,69.03363037109375
lerobot\src\lerobot\rewards\factory.py,32.57528305053711,44.59883117675781,6.081250190734863,28.81068229675293,26.62782859802246,datasets,44.59883117675781
lerobot\src\lerobot\teleoperators\bi_openarm_leader\bi_openarm_leader.py,28.68191909790039,9.244879722595215,3.0872302055358887,2.544001340866089,66.02214813232422,robot_devices,66.02214813232422
lerobot\tests\robots\test_rebot_b601_follower.py,16.111112594604492,4.294151782989502,2.9668142795562744,10.739317893981934,72.38435363769531,robot_devices,72.38435363769531
lerobot\examples\phone_to_so100\replay.py,17.749116897583008,42.8116569519043,3.3792366981506348,1.965583324432373,51.15848159790039,robot_devices,51.15848159790039
lerobot\src\lerobot\rewards\sarm\sarm_utils.py,3.8827130794525146,7.044795989990234,3.2194907665252686,1.5145211219787598,3.502833604812622,datasets,7.044795989990234
lerobot\tests\fixtures\hub.py,8.820950508117676,127.07917022705078,11.773804664611816,4.296756744384766,11.028634071350098,datasets,127.07917022705078
lerobot\src\lerobot\robots\__init__.py,14.510820388793945,0.41404008865356445,1.784020185470581,0.0,56.04342269897461,robot_devices,56.04342269897461
lerobot\src\lerobot\common\__init__.py,0.0,0.0,0.0,0.0,3.4285950660705566,robot_devices,3.4285950660705566
lerobot\src\lerobot\policies\pi0_fast\modeling_pi0_fast.py,40.47697448730469,36.27695083618164,13.119298934936523,80.8133544921875,43.905006408691406,policies,80.8133544921875
lerobot\src\lerobot\cameras\opencv\camera_opencv.py,34.09345626831055,17.119049072265625,5.860981464385986,8.87467098236084,11.465654373168945,configs,34.09345626831055
lerobot\examples\so100_to_so100_EE\evaluate.py,26.45321273803711,55.29277801513672,84.41732788085938,25.479463577270508,90.95159149169922,robot_devices,90.95159149169922
lerobot\src\lerobot\policies\lingbot_va\utils.py,20.00798225402832,22.00111961364746,9.719623565673828,56.92579650878906,36.304317474365234,policies,56.92579650878906
lerobot\tests\rewards\test_modeling_classifier.py,22.022947311401367,4.518698692321777,3.0854268074035645,13.971015930175781,36.11614990234375,robot_devices,36.11614990234375
lerobot\tests\motors\test_dynamixel.py,1.306122064590454,8.618867874145508,2.31592059135437,16.0389347076416,21.56835174560547,robot_devices,21.56835174560547
lerobot\src\lerobot\robots\omx_follower\__init__.py,0.0,0.0,0.7378174662590027,0.0,47.83123016357422,robot_devices,47.83123016357422
lerobot\examples\port_datasets\slurm_upload.py,19.137617111206055,124.2221450805664,12.509331703186035,13.476750373840332,14.079761505126953,datasets,124.2221450805664
lerobot\tests\jobs\test_job_config.py,21.813905715942383,40.02268600463867,3.126538038253784,18.119647979736328,3.1492063999176025,datasets,40.02268600463867
lerobot\tests\policies\pi0_pi05\openpi_pytorch\pi0_pytorch.py,25.36376190185547,13.640877723693848,6.688255786895752,67.17503356933594,35.68439483642578,policies,67.17503356933594
lerobot\src\lerobot\robots\so_follower\config_so_follower.py,15.410019874572754,6.256394863128662,3.918546676635742,0.7483911514282227,50.834720611572266,robot_devices,50.834720611572266
lerobot\src\lerobot\processor\env_processor.py,8.005409240722656,6.874605178833008,4.505649566650391,16.82277488708496,80.20597076416016,robot_devices,80.20597076416016
lerobot\tests\utils\test_train_utils.py,24.876314163208008,10.766846656799316,7.6368794441223145,23.12041473388672,5.713618278503418,configs,24.876314163208008
lerobot\src\lerobot\configs\train.py,90.88346099853516,58.44663619995117,17.117088317871094,36.257240295410156,22.343358993530273,configs,90.88346099853516
lerobot\src\lerobot\robots\openarm_follower\openarm_follower.py,85.40693664550781,21.847728729248047,9.478854179382324,6.149662017822266,77.36396789550781,configs,85.40693664550781
lerobot\src\lerobot\rl\train_rl.py,21.856178283691406,37.84425354003906,2.8664748668670654,16.05507469177246,3.3283116817474365,datasets,37.84425354003906
lerobot\src\lerobot\rollout\strategies\highlight.py,28.958606719970703,55.949928283691406,10.929227828979492,15.84632396697998,57.258724212646484,robot_devices,57.258724212646484
lerobot\src\lerobot\policies\xvla\modeling_xvla.py,38.50593948364258,27.209590911865234,15.42355728149414,81.0163345336914,42.69887161254883,policies,81.0163345336914
lerobot\tests\async_inference\test_e2e.py,30.479373931884766,96.51310729980469,8.397716522216797,24.788066864013672,109.29691314697266,robot_devices,109.29691314697266
lerobot\src\lerobot\transforms\__init__.py,16.372037887573242,1.467146635055542,0.3320910930633545,0.0,3.388885974884033,configs,16.372037887573242
lerobot\src\lerobot\envs\__init__.py,19.31114959716797,2.003720760345459,2.867793321609497,15.015673637390137,3.7993505001068115,configs,19.31114959716797
lerobot\src\lerobot\policies\molmoact2\processor_molmoact2.py,35.2945671081543,54.002166748046875,16.299394607543945,71.24580383300781,88.78089904785156,robot_devices,88.78089904785156
lerobot\src\lerobot\rl\actor.py,29.763912200927734,40.94689178466797,8.997480392456055,26.877199172973633,112.0120620727539,robot_devices,112.0120620727539
lerobot\tests\mocks\mock_motors_bus.py,2.067317485809326,10.505133628845215,4.6664652824401855,12.190301895141602,13.776713371276855,robot_devices,13.776713371276855
lerobot\src\lerobot\scripts\augment_dataset_quantile_stats.py,10.036813735961914,62.30363845825195,2.70684814453125,7.899194717407227,10.464824676513672,datasets,62.30363845825195
lerobot\src\lerobot\datasets\io_utils.py,10.942144393920898,132.35533142089844,9.759785652160645,8.618449211120605,6.920223236083984,datasets,132.35533142089844
lerobot\tests\jobs\__init__.py,0.0,0.0,0.6009413599967957,0.0,0.0,environments,0.6009413599967957
lerobot\tests\datasets\test_image_transforms.py,27.551984786987305,92.44903564453125,11.580232620239258,5.61768102645874,6.233541011810303,datasets,92.44903564453125
lerobot\tests\policies\fastwam\test_fastwam_policy.py,32.55712127685547,50.055328369140625,10.583829879760742,89.95467376708984,70.59778594970703,policies,89.95467376708984
lerobot\tests\rl\test_queue.py,5.73753547668457,97.22386932373047,0.783473014831543,0.0,2.7890052795410156,datasets,97.22386932373047
lerobot\src\lerobot\teleoperators\gamepad\gamepad_utils.py,2.760993003845215,12.642485618591309,51.59719467163086,5.658010482788086,101.66070556640625,robot_devices,101.66070556640625
lerobot\examples\tutorial\async-inf\robot_client.py,9.533209800720215,4.579026699066162,6.529019832611084,18.686800003051758,84.6426773071289,robot_devices,84.6426773071289
lerobot\src\lerobot\policies\lingbot_va\__init__.py,0.7372138500213623,0.9347262382507324,0.7372138500213623,73.55695343017578,3.8498902320861816,policies,73.55695343017578
lerobot\src\lerobot\motors\dynamixel\tables.py,1.7074823379516602,1.507423996925354,1.0304861068725586,16.07564353942871,10.89305591583252,policies,16.07564353942871
lerobot\tests\datasets\test_dataset_reader.py,4.5905046463012695,128.9241180419922,5.62630558013916,2.4792399406433105,15.54179859161377,datasets,128.9241180419922
lerobot\tests\utils\test_keyboard_input.py,10.900328636169434,4.413311958312988,6.981497287750244,1.1856476068496704,12.49421501159668,robot_devices,12.49421501159668
lerobot\src\lerobot\robots\unitree_g1\g1_kinematics.py,12.061704635620117,13.453167915344238,4.244762897491455,11.343618392944336,56.271785736083984,robot_devices,56.271785736083984
lerobot\src\lerobot\robots\bi_openarm_follower\config_bi_openarm_follower.py,18.20506477355957,4.508943557739258,3.7512950897216797,1.0935897827148438,50.56084442138672,robot_devices,50.56084442138672
lerobot\src\lerobot\policies\xvla\__init__.py,0.0,0.0,0.0,73.14373779296875,3.4086246490478516,policies,73.14373779296875
lerobot\src\lerobot\rl\gym_manipulator.py,21.535785675048828,60.458229064941406,91.048583984375,6.5705647468566895,103.86721801757812,robot_devices,103.86721801757812
lerobot\src\lerobot\datasets\sampler.py,3.9147017002105713,101.13687896728516,1.8311455249786377,1.7063204050064087,3.9325132369995117,datasets,101.13687896728516
lerobot\tests\policies\rtc\test_latency_tracker.py,1.5072261095046997,2.495286703109741,1.9076082706451416,63.076866149902344,1.4783538579940796,policies,63.076866149902344
lerobot\tests\rewards\test_robometer_processor.py,21.11960220336914,14.978996276855469,7.690591335296631,21.75659942626953,1.7106326818466187,policies,21.75659942626953
lerobot\src\lerobot\transforms\transforms.py,20.440898895263672,8.814906120300293,5.387630939483643,1.7035256624221802,3.8789687156677246,configs,20.440898895263672
lerobot\src\lerobot\annotations\steerable_pipeline\__init__.py,0.0,0.0,0.0,0.0,3.4171547889709473,robot_devices,3.4171547889709473
lerobot\src\lerobot\policies\pi0\modeling_pi0.py,37.453857421875,39.25760269165039,12.970192909240723,68.33267974853516,43.65977096557617,policies,68.33267974853516
